<?xml version="1.0" encoding="UTF-8"?>
<!-- Generated by Fujitsu Interstage XWand B0196 -->
<link:linkbase xmlns:xsi="http://www.w3.org/2001/XMLSchema-instance" xsi:schemaLocation="http://www.xbrl.org/2003/linkbase http://www.xbrl.org/2003/xbrl-linkbase-2003-12-31.xsd" xmlns:siconfi-rgf-anexo1defensoria="http://fazenda.gov.br/siconfi/rep/rgf/anexo1defensoria/siconfi-rgf-anexo1defensoria_2020-12-31" xmlns:link="http://www.xbrl.org/2003/linkbase" xmlns:xbrli="http://www.xbrl.org/2003/instance" xmlns:xlink="http://www.w3.org/1999/xlink" xmlns:xbrldt="http://xbrl.org/2005/xbrldt">
  <link:roleRef roleURI="http://fazenda.gov.br/siconfi/rep/rgf/anexo1defensoria/siconfi-rgf-anexo1-tabela1.3" xlink:type="simple" xlink:href="siconfi-rgf-anexo1defensoria_2020-12-31.xsd#siconfi-rgf-anexo1-tabela1.3"/>
  <link:arcroleRef arcroleURI="http://xbrl.org/int/dim/arcrole/all" xlink:type="simple" xlink:href="http://www.xbrl.org/2005/xbrldt-2005.xsd#all"/>
  <link:arcroleRef arcroleURI="http://xbrl.org/int/dim/arcrole/domain-member" xlink:type="simple" xlink:href="http://www.xbrl.org/2005/xbrldt-2005.xsd#domain-member"/>
  <link:arcroleRef arcroleURI="http://xbrl.org/int/dim/arcrole/hypercube-dimension" xlink:type="simple" xlink:href="http://www.xbrl.org/2005/xbrldt-2005.xsd#hypercube-dimension"/>
  <link:arcroleRef arcroleURI="http://xbrl.org/int/dim/arcrole/dimension-domain" xlink:type="simple" xlink:href="http://www.xbrl.org/2005/xbrldt-2005.xsd#dimension-domain"/>
  <link:arcroleRef arcroleURI="http://xbrl.org/int/dim/arcrole/notAll" xlink:type="simple" xlink:href="http://www.xbrl.org/2005/xbrldt-2005.xsd#notAll"/>
  <link:definitionLink xlink:type="extended" xlink:role="http://fazenda.gov.br/siconfi/rep/rgf/anexo1defensoria/siconfi-rgf-anexo1-tabela1.3">
    <link:loc xlink:type="locator" xlink:href="siconfi-rgf-anexo1defensoria_2020-12-31.xsd#siconfi-rgf-anexo1defensoria_DespesaComPessoalAbstract" xlink:label="DespesaComPessoalAbstract" xlink:title="DespesaComPessoalAbstract"/>
    <link:loc xlink:type="locator" xlink:href="siconfi-rgf-anexo1defensoria_2020-12-31.xsd#siconfi-rgf-anexo1defensoria_DespesaComPessoalLineItems" xlink:label="DespesaComPessoalLineItems" xlink:title="DespesaComPessoalLineItems"/>
    <link:definitionArc xlink:type="arc" xlink:arcrole="http://xbrl.org/int/dim/arcrole/domain-member" xlink:from="DespesaComPessoalAbstract" xlink:to="DespesaComPessoalLineItems" xlink:title="definition: DespesaComPessoalAbstract to DespesaComPessoalLineItems" order="1.0"/>
    <link:loc xlink:type="locator" xlink:href="../../../cor/ic/siconfi-cor_2020-12-31.xsd#siconfi-cor_DespesaComPessoalBrutaConsorcioContratoDeRateio" xlink:label="DespesaComPessoalBrutaConsorcioContratoDeRateio" xlink:title="DespesaComPessoalBrutaConsorcioContratoDeRateio"/>
    <link:definitionArc xlink:type="arc" xlink:arcrole="http://xbrl.org/int/dim/arcrole/domain-member" xlink:from="DespesaComPessoalLineItems" xlink:to="DespesaComPessoalBrutaConsorcioContratoDeRateio" xlink:title="definition: DespesaComPessoalLineItems to DespesaComPessoalBrutaConsorcioContratoDeRateio" order="1.0"/>
    <link:loc xlink:type="locator" xlink:href="../../../cor/ic/siconfi-cor_2020-12-31.xsd#siconfi-cor_DespesaComPessoalAtivoBrutaConsorcioContratoDeRateio" xlink:label="DespesaComPessoalAtivoBrutaConsorcioContratoDeRateio" xlink:title="DespesaComPessoalAtivoBrutaConsorcioContratoDeRateio"/>
    <link:definitionArc xlink:type="arc" xlink:arcrole="http://xbrl.org/int/dim/arcrole/domain-member" xlink:from="DespesaComPessoalBrutaConsorcioContratoDeRateio" xlink:to="DespesaComPessoalAtivoBrutaConsorcioContratoDeRateio" xlink:title="definition: DespesaComPessoalBrutaConsorcioContratoDeRateio to DespesaComPessoalAtivoBrutaConsorcioContratoDeRateio" order="1.0"/>
    <link:loc xlink:type="locator" xlink:href="../../../cor/ic/siconfi-cor_2020-12-31.xsd#siconfi-cor_ObrigacoesPatronais" xlink:label="ObrigacoesPatronais" xlink:title="ObrigacoesPatronais"/>
    <link:definitionArc xlink:type="arc" xlink:arcrole="http://xbrl.org/int/dim/arcrole/domain-member" xlink:from="DespesaComPessoalAtivoBrutaConsorcioContratoDeRateio" xlink:to="ObrigacoesPatronais" xlink:title="definition: DespesaComPessoalAtivoBrutaConsorcioContratoDeRateio to ObrigacoesPatronais" order="2.0"/>
    <link:loc xlink:type="locator" xlink:href="../../../cor/ic/siconfi-cor_2020-12-31.xsd#siconfi-cor_BeneficiosPrevidenciarios" xlink:label="BeneficiosPrevidenciarios" xlink:title="BeneficiosPrevidenciarios"/>
    <link:definitionArc xlink:type="arc" xlink:arcrole="http://xbrl.org/int/dim/arcrole/domain-member" xlink:from="DespesaComPessoalAtivoBrutaConsorcioContratoDeRateio" xlink:to="BeneficiosPrevidenciarios" xlink:title="definition: DespesaComPessoalAtivoBrutaConsorcioContratoDeRateio to BeneficiosPrevidenciarios" order="3.0"/>
    <link:loc xlink:type="locator" xlink:href="../../../cor/ic/siconfi-cor_2020-12-31.xsd#siconfi-cor_VencimentosVantagensEOutrasDespesasVariaveis" xlink:label="VencimentosVantagensEOutrasDespesasVariaveis" xlink:title="VencimentosVantagensEOutrasDespesasVariaveis"/>
    <link:definitionArc xlink:type="arc" xlink:arcrole="http://xbrl.org/int/dim/arcrole/domain-member" xlink:from="DespesaComPessoalAtivoBrutaConsorcioContratoDeRateio" xlink:to="VencimentosVantagensEOutrasDespesasVariaveis" xlink:title="definition: DespesaComPessoalAtivoBrutaConsorcioContratoDeRateio to VencimentosVantagensEOutrasDespesasVariaveis" order="1.0"/>
    <link:loc xlink:type="locator" xlink:href="../../../cor/ic/siconfi-cor_2020-12-31.xsd#siconfi-cor_DespesaComPessoalDecorrenteDeTerceirizacaoPorSubstituicaoBrutaConsorcioContratoDeRateio" xlink:label="DespesaComPessoalDecorrenteDeTerceirizacaoPorSubstituicaoBrutaConsorcioContratoDeRateio" xlink:title="DespesaComPessoalDecorrenteDeTerceirizacaoPorSubstituicaoBrutaConsorcioContratoDeRateio"/>
    <link:definitionArc xlink:type="arc" xlink:arcrole="http://xbrl.org/int/dim/arcrole/domain-member" xlink:from="DespesaComPessoalBrutaConsorcioContratoDeRateio" xlink:to="DespesaComPessoalDecorrenteDeTerceirizacaoPorSubstituicaoBrutaConsorcioContratoDeRateio" xlink:title="definition: DespesaComPessoalBrutaConsorcioContratoDeRateio to DespesaComPessoalDecorrenteDeTerceirizacaoPorSubstituicaoBrutaConsorcioContratoDeRateio" order="3.0"/>
    <link:loc xlink:type="locator" xlink:href="../../../cor/ic/siconfi-cor_2020-12-31.xsd#siconfi-cor_DespesaComPessoalInativoEPensionistasBruta" xlink:label="DespesaComPessoalInativoEPensionistasBruta" xlink:title="DespesaComPessoalInativoEPensionistasBruta"/>
    <link:definitionArc xlink:type="arc" xlink:arcrole="http://xbrl.org/int/dim/arcrole/domain-member" xlink:from="DespesaComPessoalBrutaConsorcioContratoDeRateio" xlink:to="DespesaComPessoalInativoEPensionistasBruta" xlink:title="definition: DespesaComPessoalBrutaConsorcioContratoDeRateio to DespesaComPessoalInativoEPensionistasBruta" order="2.0"/>
    <link:loc xlink:type="locator" xlink:href="../../../cor/ic/siconfi-cor_2020-12-31.xsd#siconfi-cor_AposentadoriasReservaEReformas" xlink:label="AposentadoriasReservaEReformas" xlink:title="AposentadoriasReservaEReformas"/>
    <link:definitionArc xlink:type="arc" xlink:arcrole="http://xbrl.org/int/dim/arcrole/domain-member" xlink:from="DespesaComPessoalInativoEPensionistasBruta" xlink:to="AposentadoriasReservaEReformas" xlink:title="definition: DespesaComPessoalInativoEPensionistasBruta to AposentadoriasReservaEReformas" order="1.0"/>
    <link:loc xlink:type="locator" xlink:href="../../../cor/ic/siconfi-cor_2020-12-31.xsd#siconfi-cor_DespesasPensoesInativosEPensionistas" xlink:label="DespesasPensoesInativosEPensionistas" xlink:title="DespesasPensoesInativosEPensionistas"/>
    <link:definitionArc xlink:type="arc" xlink:arcrole="http://xbrl.org/int/dim/arcrole/domain-member" xlink:from="DespesaComPessoalInativoEPensionistasBruta" xlink:to="DespesasPensoesInativosEPensionistas" xlink:title="definition: DespesaComPessoalInativoEPensionistasBruta to DespesasPensoesInativosEPensionistas" order="2.0"/>
    <link:loc xlink:type="locator" xlink:href="../../../cor/ic/siconfi-cor_2020-12-31.xsd#siconfi-cor_OutrosBeneficiosPrevidenciariosInativosEPensionistas" xlink:label="OutrosBeneficiosPrevidenciariosInativosEPensionistas" xlink:title="OutrosBeneficiosPrevidenciariosInativosEPensionistas"/>
    <link:definitionArc xlink:type="arc" xlink:arcrole="http://xbrl.org/int/dim/arcrole/domain-member" xlink:from="DespesaComPessoalInativoEPensionistasBruta" xlink:to="OutrosBeneficiosPrevidenciariosInativosEPensionistas" xlink:title="definition: DespesaComPessoalInativoEPensionistasBruta to OutrosBeneficiosPrevidenciariosInativosEPensionistas" order="3.0"/>
    <link:loc xlink:type="locator" xlink:href="../../../cor/ic/siconfi-cor_2020-12-31.xsd#siconfi-cor_DespesaComPessoalNaoExecutadaOrcamentariamente" xlink:label="DespesaComPessoalNaoExecutadaOrcamentariamente" xlink:title="DespesaComPessoalNaoExecutadaOrcamentariamente"/>
    <link:definitionArc xlink:type="arc" xlink:arcrole="http://xbrl.org/int/dim/arcrole/domain-member" xlink:from="DespesaComPessoalBrutaConsorcioContratoDeRateio" xlink:to="DespesaComPessoalNaoExecutadaOrcamentariamente" xlink:title="definition: DespesaComPessoalBrutaConsorcioContratoDeRateio to DespesaComPessoalNaoExecutadaOrcamentariamente" order="4.0"/>
    <link:loc xlink:type="locator" xlink:href="../../../cor/ic/siconfi-cor_2020-12-31.xsd#siconfi-cor_DespesaComPessoalNaoComputadaConsorcioContratoDeRateio" xlink:label="DespesaComPessoalNaoComputadaConsorcioContratoDeRateio" xlink:title="DespesaComPessoalNaoComputadaConsorcioContratoDeRateio"/>
    <link:definitionArc xlink:type="arc" xlink:arcrole="http://xbrl.org/int/dim/arcrole/domain-member" xlink:from="DespesaComPessoalLineItems" xlink:to="DespesaComPessoalNaoComputadaConsorcioContratoDeRateio" xlink:title="definition: DespesaComPessoalLineItems to DespesaComPessoalNaoComputadaConsorcioContratoDeRateio" order="2.0"/>
    <link:loc xlink:type="locator" xlink:href="../../../cor/ic/siconfi-cor_2020-12-31.xsd#siconfi-cor_DespesaComPessoalNaoComputadaIndenizacaoDemissaoVoluntariaConsorcioContratoDeRateio" xlink:label="DespesaComPessoalNaoComputadaIndenizacaoDemissaoVoluntariaConsorcioContratoDeRateio" xlink:title="DespesaComPessoalNaoComputadaIndenizacaoDemissaoVoluntariaConsorcioContratoDeRateio"/>
    <link:definitionArc xlink:type="arc" xlink:arcrole="http://xbrl.org/int/dim/arcrole/domain-member" xlink:from="DespesaComPessoalNaoComputadaConsorcioContratoDeRateio" xlink:to="DespesaComPessoalNaoComputadaIndenizacaoDemissaoVoluntariaConsorcioContratoDeRateio" xlink:title="definition: DespesaComPessoalNaoComputadaConsorcioContratoDeRateio to DespesaComPessoalNaoComputadaIndenizacaoDemissaoVoluntariaConsorcioContratoDeRateio" order="1.0"/>
    <link:loc xlink:type="locator" xlink:href="../../../cor/ic/siconfi-cor_2020-12-31.xsd#siconfi-cor_DespesaComPessoalNaoComputadaDecisaoJudicialPeriodoAnteriorAoDaApuracaoConsorcioContratoDeRateio" xlink:label="DespesaComPessoalNaoComputadaDecisaoJudicialPeriodoAnteriorAoDaApuracaoConsorcioContratoDeRateio" xlink:title="DespesaComPessoalNaoComputadaDecisaoJudicialPeriodoAnteriorAoDaApuracaoConsorcioContratoDeRateio"/>
    <link:definitionArc xlink:type="arc" xlink:arcrole="http://xbrl.org/int/dim/arcrole/domain-member" xlink:from="DespesaComPessoalNaoComputadaConsorcioContratoDeRateio" xlink:to="DespesaComPessoalNaoComputadaDecisaoJudicialPeriodoAnteriorAoDaApuracaoConsorcioContratoDeRateio" xlink:title="definition: DespesaComPessoalNaoComputadaConsorcioContratoDeRateio to DespesaComPessoalNaoComputadaDecisaoJudicialPeriodoAnteriorAoDaApuracaoConsorcioContratoDeRateio" order="2.0"/>
    <link:loc xlink:type="locator" xlink:href="../../../cor/ic/siconfi-cor_2020-12-31.xsd#siconfi-cor_DespesaComPessoalNaoComputadaExerciciosAnterioresAoPeriodoDaApuracaoConsorcioContratoDeRateio" xlink:label="DespesaComPessoalNaoComputadaExerciciosAnterioresAoPeriodoDaApuracaoConsorcioContratoDeRateio" xlink:title="DespesaComPessoalNaoComputadaExerciciosAnterioresAoPeriodoDaApuracaoConsorcioContratoDeRateio"/>
    <link:definitionArc xlink:type="arc" xlink:arcrole="http://xbrl.org/int/dim/arcrole/domain-member" xlink:from="DespesaComPessoalNaoComputadaConsorcioContratoDeRateio" xlink:to="DespesaComPessoalNaoComputadaExerciciosAnterioresAoPeriodoDaApuracaoConsorcioContratoDeRateio" xlink:title="definition: DespesaComPessoalNaoComputadaConsorcioContratoDeRateio to DespesaComPessoalNaoComputadaExerciciosAnterioresAoPeriodoDaApuracaoConsorcioContratoDeRateio" order="3.0"/>
    <link:loc xlink:type="locator" xlink:href="../../../cor/ic/siconfi-cor_2020-12-31.xsd#siconfi-cor_DespesaComPessoalNaoComputadaInativosEPensionistasComRecursosVinculados" xlink:label="DespesaComPessoalNaoComputadaInativosEPensionistasComRecursosVinculados" xlink:title="DespesaComPessoalNaoComputadaInativosEPensionistasComRecursosVinculados"/>
    <link:definitionArc xlink:type="arc" xlink:arcrole="http://xbrl.org/int/dim/arcrole/domain-member" xlink:from="DespesaComPessoalNaoComputadaConsorcioContratoDeRateio" xlink:to="DespesaComPessoalNaoComputadaInativosEPensionistasComRecursosVinculados" xlink:title="definition: DespesaComPessoalNaoComputadaConsorcioContratoDeRateio to DespesaComPessoalNaoComputadaInativosEPensionistasComRecursosVinculados" order="4.0"/>
    <link:loc xlink:type="locator" xlink:href="../../../cor/ic/siconfi-cor_2020-12-31.xsd#siconfi-cor_DespesaComPessoalLiquida" xlink:label="DespesaComPessoalLiquida" xlink:title="DespesaComPessoalLiquida"/>
    <link:definitionArc xlink:type="arc" xlink:arcrole="http://xbrl.org/int/dim/arcrole/domain-member" xlink:from="DespesaComPessoalLineItems" xlink:to="DespesaComPessoalLiquida" xlink:title="definition: DespesaComPessoalLineItems to DespesaComPessoalLiquida" order="3.0"/>
    <link:loc xlink:type="locator" xlink:href="siconfi-rgf-anexo1defensoria_2020-12-31.xsd#siconfi-rgf-anexo1defensoria_DespesaComPessoalTable" xlink:label="DespesaComPessoalTable" xlink:title="DespesaComPessoalTable"/>
    <link:definitionArc xlink:type="arc" xlink:arcrole="http://xbrl.org/int/dim/arcrole/all" xlink:from="DespesaComPessoalAbstract" xlink:to="DespesaComPessoalTable" xlink:title="definition: DespesaComPessoalAbstract to DespesaComPessoalTable" order="2.0" xbrldt:contextElement="segment" xbrldt:closed="true"/>
    <link:loc xlink:type="locator" xlink:href="../../../cor/dim/siconfi-dim_2020-12-31.xsd#siconfi-dim_EstagiosDespesaOrcamentariaAxis" xlink:label="EstagiosDespesaOrcamentariaAxis" xlink:title="EstagiosDespesaOrcamentariaAxis"/>
    <link:definitionArc xlink:type="arc" xlink:arcrole="http://xbrl.org/int/dim/arcrole/hypercube-dimension" xlink:from="DespesaComPessoalTable" xlink:to="EstagiosDespesaOrcamentariaAxis" xlink:title="definition: DespesaComPessoalTable to EstagiosDespesaOrcamentariaAxis" order="1.0"/>
    <link:loc xlink:type="locator" xlink:href="../../../cor/dim/siconfi-dim_2020-12-31.xsd#siconfi-dim_DespesasExecutadasUltimos12MesesMember" xlink:label="DespesasExecutadasUltimos12MesesMember" xlink:title="DespesasExecutadasUltimos12MesesMember"/>
    <link:definitionArc xlink:type="arc" xlink:arcrole="http://xbrl.org/int/dim/arcrole/dimension-domain" xlink:from="EstagiosDespesaOrcamentariaAxis" xlink:to="DespesasExecutadasUltimos12MesesMember" xlink:title="definition: EstagiosDespesaOrcamentariaAxis to DespesasExecutadasUltimos12MesesMember" order="1.0" xbrldt:usable="false"/>
    <link:loc xlink:type="locator" xlink:href="../../../cor/dim/siconfi-dim_2020-12-31.xsd#siconfi-dim_DespesasInscritasEmRestosAPagarNaoProcessadosUltimos12MesesMember" xlink:label="DespesasInscritasEmRestosAPagarNaoProcessadosUltimos12MesesMember" xlink:title="DespesasInscritasEmRestosAPagarNaoProcessadosUltimos12MesesMember"/>
    <link:definitionArc xlink:type="arc" xlink:arcrole="http://xbrl.org/int/dim/arcrole/domain-member" xlink:from="DespesasExecutadasUltimos12MesesMember" xlink:to="DespesasInscritasEmRestosAPagarNaoProcessadosUltimos12MesesMember" xlink:title="definition: DespesasExecutadasUltimos12MesesMember to DespesasInscritasEmRestosAPagarNaoProcessadosUltimos12MesesMember" order="2.0"/>
    <link:loc xlink:type="locator" xlink:href="../../../cor/dim/siconfi-dim_2020-12-31.xsd#siconfi-dim_TotalDespesaMember" xlink:label="TotalDespesaMember" xlink:title="TotalDespesaMember"/>
    <link:definitionArc xlink:type="arc" xlink:arcrole="http://xbrl.org/int/dim/arcrole/domain-member" xlink:from="DespesasExecutadasUltimos12MesesMember" xlink:to="TotalDespesaMember" xlink:title="definition: DespesasExecutadasUltimos12MesesMember to TotalDespesaMember" order="3.0"/>
    <link:loc xlink:type="locator" xlink:href="../../../cor/dim/siconfi-dim_2020-12-31.xsd#siconfi-dim_DespesasLiquidadasMember" xlink:label="DespesasLiquidadasMember" xlink:title="DespesasLiquidadasMember"/>
    <link:definitionArc xlink:type="arc" xlink:arcrole="http://xbrl.org/int/dim/arcrole/domain-member" xlink:from="DespesasExecutadasUltimos12MesesMember" xlink:to="DespesasLiquidadasMember" xlink:title="definition: DespesasExecutadasUltimos12MesesMember to DespesasLiquidadasMember" order="1.0" xbrldt:usable="false"/>
    <link:loc xlink:type="locator" xlink:href="../../../cor/dim/siconfi-dim_2020-12-31.xsd#siconfi-dim_PeriodoDeReferenciaOnzeMember" xlink:label="PeriodoDeReferenciaOnzeMember" xlink:title="PeriodoDeReferenciaOnzeMember"/>
    <link:definitionArc xlink:type="arc" xlink:arcrole="http://xbrl.org/int/dim/arcrole/domain-member" xlink:from="DespesasLiquidadasMember" xlink:to="PeriodoDeReferenciaOnzeMember" xlink:title="definition: DespesasLiquidadasMember to PeriodoDeReferenciaOnzeMember" order="1.0"/>
    <link:loc xlink:type="locator" xlink:href="../../../cor/dim/siconfi-dim_2020-12-31.xsd#siconfi-dim_PeriodoDeReferenciaDezMember" xlink:label="PeriodoDeReferenciaDezMember" xlink:title="PeriodoDeReferenciaDezMember"/>
    <link:definitionArc xlink:type="arc" xlink:arcrole="http://xbrl.org/int/dim/arcrole/domain-member" xlink:from="DespesasLiquidadasMember" xlink:to="PeriodoDeReferenciaDezMember" xlink:title="definition: DespesasLiquidadasMember to PeriodoDeReferenciaDezMember" order="2.0"/>
    <link:loc xlink:type="locator" xlink:href="../../../cor/dim/siconfi-dim_2020-12-31.xsd#siconfi-dim_PeriodoDeReferenciaNoveMember" xlink:label="PeriodoDeReferenciaNoveMember" xlink:title="PeriodoDeReferenciaNoveMember"/>
    <link:definitionArc xlink:type="arc" xlink:arcrole="http://xbrl.org/int/dim/arcrole/domain-member" xlink:from="DespesasLiquidadasMember" xlink:to="PeriodoDeReferenciaNoveMember" xlink:title="definition: DespesasLiquidadasMember to PeriodoDeReferenciaNoveMember" order="3.0"/>
    <link:loc xlink:type="locator" xlink:href="../../../cor/dim/siconfi-dim_2020-12-31.xsd#siconfi-dim_PeriodoDeReferenciaOitoMember" xlink:label="PeriodoDeReferenciaOitoMember" xlink:title="PeriodoDeReferenciaOitoMember"/>
    <link:definitionArc xlink:type="arc" xlink:arcrole="http://xbrl.org/int/dim/arcrole/domain-member" xlink:from="DespesasLiquidadasMember" xlink:to="PeriodoDeReferenciaOitoMember" xlink:title="definition: DespesasLiquidadasMember to PeriodoDeReferenciaOitoMember" order="4.0"/>
    <link:loc xlink:type="locator" xlink:href="../../../cor/dim/siconfi-dim_2020-12-31.xsd#siconfi-dim_PeriodoDeReferenciaSeteMember" xlink:label="PeriodoDeReferenciaSeteMember" xlink:title="PeriodoDeReferenciaSeteMember"/>
    <link:definitionArc xlink:type="arc" xlink:arcrole="http://xbrl.org/int/dim/arcrole/domain-member" xlink:from="DespesasLiquidadasMember" xlink:to="PeriodoDeReferenciaSeteMember" xlink:title="definition: DespesasLiquidadasMember to PeriodoDeReferenciaSeteMember" order="5.0"/>
    <link:loc xlink:type="locator" xlink:href="../../../cor/dim/siconfi-dim_2020-12-31.xsd#siconfi-dim_PeriodoDeReferenciaSeisMember" xlink:label="PeriodoDeReferenciaSeisMember" xlink:title="PeriodoDeReferenciaSeisMember"/>
    <link:definitionArc xlink:type="arc" xlink:arcrole="http://xbrl.org/int/dim/arcrole/domain-member" xlink:from="DespesasLiquidadasMember" xlink:to="PeriodoDeReferenciaSeisMember" xlink:title="definition: DespesasLiquidadasMember to PeriodoDeReferenciaSeisMember" order="6.0"/>
    <link:loc xlink:type="locator" xlink:href="../../../cor/dim/siconfi-dim_2020-12-31.xsd#siconfi-dim_PeriodoDeReferenciaCincoMember" xlink:label="PeriodoDeReferenciaCincoMember" xlink:title="PeriodoDeReferenciaCincoMember"/>
    <link:definitionArc xlink:type="arc" xlink:arcrole="http://xbrl.org/int/dim/arcrole/domain-member" xlink:from="DespesasLiquidadasMember" xlink:to="PeriodoDeReferenciaCincoMember" xlink:title="definition: DespesasLiquidadasMember to PeriodoDeReferenciaCincoMember" order="7.0"/>
    <link:loc xlink:type="locator" xlink:href="../../../cor/dim/siconfi-dim_2020-12-31.xsd#siconfi-dim_PeriodoDeReferenciaQuatroMember" xlink:label="PeriodoDeReferenciaQuatroMember" xlink:title="PeriodoDeReferenciaQuatroMember"/>
    <link:definitionArc xlink:type="arc" xlink:arcrole="http://xbrl.org/int/dim/arcrole/domain-member" xlink:from="DespesasLiquidadasMember" xlink:to="PeriodoDeReferenciaQuatroMember" xlink:title="definition: DespesasLiquidadasMember to PeriodoDeReferenciaQuatroMember" order="8.0"/>
    <link:loc xlink:type="locator" xlink:href="../../../cor/dim/siconfi-dim_2020-12-31.xsd#siconfi-dim_PeriodoDeReferenciaTresMember" xlink:label="PeriodoDeReferenciaTresMember" xlink:title="PeriodoDeReferenciaTresMember"/>
    <link:definitionArc xlink:type="arc" xlink:arcrole="http://xbrl.org/int/dim/arcrole/domain-member" xlink:from="DespesasLiquidadasMember" xlink:to="PeriodoDeReferenciaTresMember" xlink:title="definition: DespesasLiquidadasMember to PeriodoDeReferenciaTresMember" order="9.0"/>
    <link:loc xlink:type="locator" xlink:href="../../../cor/dim/siconfi-dim_2020-12-31.xsd#siconfi-dim_PeriodoDeReferenciaDoisMember" xlink:label="PeriodoDeReferenciaDoisMember" xlink:title="PeriodoDeReferenciaDoisMember"/>
    <link:definitionArc xlink:type="arc" xlink:arcrole="http://xbrl.org/int/dim/arcrole/domain-member" xlink:from="DespesasLiquidadasMember" xlink:to="PeriodoDeReferenciaDoisMember" xlink:title="definition: DespesasLiquidadasMember to PeriodoDeReferenciaDoisMember" order="10.0"/>
    <link:loc xlink:type="locator" xlink:href="../../../cor/dim/siconfi-dim_2020-12-31.xsd#siconfi-dim_PeriodoDeReferenciaUmMember" xlink:label="PeriodoDeReferenciaUmMember" xlink:title="PeriodoDeReferenciaUmMember"/>
    <link:definitionArc xlink:type="arc" xlink:arcrole="http://xbrl.org/int/dim/arcrole/domain-member" xlink:from="DespesasLiquidadasMember" xlink:to="PeriodoDeReferenciaUmMember" xlink:title="definition: DespesasLiquidadasMember to PeriodoDeReferenciaUmMember" order="11.0"/>
    <link:loc xlink:type="locator" xlink:href="../../../cor/dim/siconfi-dim_2020-12-31.xsd#siconfi-dim_PeriodoDeReferenciaZeroMember" xlink:label="PeriodoDeReferenciaZeroMember" xlink:title="PeriodoDeReferenciaZeroMember"/>
    <link:definitionArc xlink:type="arc" xlink:arcrole="http://xbrl.org/int/dim/arcrole/domain-member" xlink:from="DespesasLiquidadasMember" xlink:to="PeriodoDeReferenciaZeroMember" xlink:title="definition: DespesasLiquidadasMember to PeriodoDeReferenciaZeroMember" order="12.0"/>
    <link:loc xlink:type="locator" xlink:href="../../../cor/dim/siconfi-dim_2020-12-31.xsd#siconfi-dim_DespesasLiquidadasUltimos12MesesMember" xlink:label="DespesasLiquidadasUltimos12MesesMember" xlink:title="DespesasLiquidadasUltimos12MesesMember"/>
    <link:definitionArc xlink:type="arc" xlink:arcrole="http://xbrl.org/int/dim/arcrole/domain-member" xlink:from="DespesasLiquidadasMember" xlink:to="DespesasLiquidadasUltimos12MesesMember" xlink:title="definition: DespesasLiquidadasMember to DespesasLiquidadasUltimos12MesesMember" order="13.0"/>
  </link:definitionLink>
</link:linkbase>
