<?xml version="1.0" encoding="UTF-8"?>
<!-- Generated by Fujitsu Interstage XWand B0196 -->
<link:linkbase xmlns:xsi="http://www.w3.org/2001/XMLSchema-instance" xsi:schemaLocation="http://www.xbrl.org/2003/linkbase http://www.xbrl.org/2003/xbrl-linkbase-2003-12-31.xsd" xmlns:siconfi-rgf-anexo1defensoria="http://fazenda.gov.br/siconfi/rep/rgf/anexo1defensoria/siconfi-rgf-anexo1defensoria_2020-12-31" xmlns:link="http://www.xbrl.org/2003/linkbase" xmlns:xbrli="http://www.xbrl.org/2003/instance" xmlns:xlink="http://www.w3.org/1999/xlink">
  <link:roleRef roleURI="http://fazenda.gov.br/siconfi/rep/rgf/anexo1defensoria/siconfi-rgf-anexo1-tabela1.3" xlink:type="simple" xlink:href="siconfi-rgf-anexo1defensoria_2020-12-31.xsd#siconfi-rgf-anexo1-tabela1.3"/>
  <link:labelLink xlink:type="extended" xlink:role="http://www.xbrl.org/2003/role/link"/>
  <link:labelLink xlink:type="extended" xlink:role="http://fazenda.gov.br/siconfi/rep/rgf/anexo1defensoria/siconfi-rgf-anexo1-tabela1.3">
    <link:loc xlink:type="locator" xlink:href="../../../cor/dim/siconfi-dim_2020-12-31.xsd#siconfi-dim_DespesaTotalComPessoalAxis" xlink:label="DespesaTotalComPessoalAxis" xlink:title="DespesaTotalComPessoalAxis"/>
    <link:label xlink:type="resource" xlink:label="label_DespesaTotalComPessoalAxis" xlink:role="http://www.xbrl.org/2003/role/label" xlink:title="label_DespesaTotalComPessoalAxis" xml:lang="pt-br" id="label_DespesaTotalComPessoalAxis">Despesa Bruta com Pessoal por Ente Consorciado [axis] [orientacao=horizontal]</link:label>
    <link:labelArc xlink:type="arc" xlink:arcrole="http://www.xbrl.org/2003/arcrole/concept-label" xlink:from="DespesaTotalComPessoalAxis" xlink:to="label_DespesaTotalComPessoalAxis" xlink:title="label: DespesaTotalComPessoalAxis to label_DespesaTotalComPessoalAxis"/>
    <link:loc xlink:type="locator" xlink:href="../../../cor/dim/siconfi-dim_2020-12-31.xsd#siconfi-dim_EstagiosDespesaOrcamentariaAxis" xlink:label="EstagiosDespesaOrcamentariaAxis" xlink:title="EstagiosDespesaOrcamentariaAxis"/>
    <link:label xlink:type="resource" xlink:label="label_EstagiosDespesaOrcamentariaAxis" xlink:role="http://www.xbrl.org/2003/role/label" xlink:title="label_EstagiosDespesaOrcamentariaAxis" xml:lang="pt-br" id="label_EstagiosDespesaOrcamentariaAxis">Despesa Executada com Pessoal [axis] [orientacao=horizontal]</link:label>
    <link:labelArc xlink:type="arc" xlink:arcrole="http://www.xbrl.org/2003/arcrole/concept-label" xlink:from="EstagiosDespesaOrcamentariaAxis" xlink:to="label_EstagiosDespesaOrcamentariaAxis" xlink:title="label: EstagiosDespesaOrcamentariaAxis to label_EstagiosDespesaOrcamentariaAxis"/>
    <link:loc xlink:type="locator" xlink:href="../../../cor/dim/siconfi-dim_2020-12-31.xsd#siconfi-dim_IdentificacaoConsorcioAxis" xlink:label="IdentificacaoConsorcioAxis" xlink:title="IdentificacaoConsorcioAxis"/>
    <link:label xlink:type="resource" xlink:label="label_IdentificacaoConsorcioAxis" xlink:role="http://www.xbrl.org/2003/role/label" xlink:title="label_IdentificacaoConsorcioAxis" xml:lang="pt-br" id="label_IdentificacaoConsorcioAxis">Identificação do Consórcio [axis] [orientacao=externa]</link:label>
    <link:labelArc xlink:type="arc" xlink:arcrole="http://www.xbrl.org/2003/arcrole/concept-label" xlink:from="IdentificacaoConsorcioAxis" xlink:to="label_IdentificacaoConsorcioAxis" xlink:title="label: IdentificacaoConsorcioAxis to label_IdentificacaoConsorcioAxis"/>
    <link:loc xlink:type="locator" xlink:href="../../../cor/dim/siconfi-dim_2020-12-31.xsd#siconfi-dim_IdentificacaoDoEnteAxis" xlink:label="IdentificacaoDoEnteAxis" xlink:title="IdentificacaoDoEnteAxis"/>
    <link:label xlink:type="resource" xlink:label="label_IdentificacaoDoEnteAxis" xlink:role="http://www.xbrl.org/2003/role/label" xlink:title="label_IdentificacaoDoEnteAxis" xml:lang="pt-br" id="label_IdentificacaoDoEnteAxis">Identificação do Ente [axis] [orientacao=vertical]</link:label>
    <link:labelArc xlink:type="arc" xlink:arcrole="http://www.xbrl.org/2003/arcrole/concept-label" xlink:from="IdentificacaoDoEnteAxis" xlink:to="label_IdentificacaoDoEnteAxis" xlink:title="label: IdentificacaoDoEnteAxis to label_IdentificacaoDoEnteAxis"/>
    <link:loc xlink:type="locator" xlink:href="../../../cor/dim/siconfi-dim_2020-12-31.xsd#siconfi-dim_DespesasExecutadasUltimos12MesesMember" xlink:label="DespesasExecutadasUltimos12MesesMember" xlink:title="DespesasExecutadasUltimos12MesesMember"/>
    <link:label xlink:type="resource" xlink:label="label_DespesasExecutadasUltimos12MesesMember" xlink:role="http://www.xbrl.org/2003/role/label" xlink:title="label_DespesasExecutadasUltimos12MesesMember" xml:lang="pt-br" id="label_DespesasExecutadasUltimos12MesesMember">DESPESAS EXECUTADAS (Últimos 12 Meses) [member]</link:label>
    <link:labelArc xlink:type="arc" xlink:arcrole="http://www.xbrl.org/2003/arcrole/concept-label" xlink:from="DespesasExecutadasUltimos12MesesMember" xlink:to="label_DespesasExecutadasUltimos12MesesMember" xlink:title="label: DespesasExecutadasUltimos12MesesMember to label_DespesasExecutadasUltimos12MesesMember"/>
    <link:loc xlink:type="locator" xlink:href="../../../cor/dim/siconfi-dim_2020-12-31.xsd#siconfi-dim_DespesasInscritasEmRestosAPagarNaoProcessadosUltimos12MesesMember" xlink:label="DespesasInscritasEmRestosAPagarNaoProcessadosUltimos12MesesMember" xlink:title="DespesasInscritasEmRestosAPagarNaoProcessadosUltimos12MesesMember"/>
    <link:label xlink:type="resource" xlink:label="label_DespesasInscritasEmRestosAPagarNaoProcessadosUltimos12MesesMember" xlink:role="http://www.xbrl.org/2003/role/label" xlink:title="label_DespesasInscritasEmRestosAPagarNaoProcessadosUltimos12MesesMember" xml:lang="pt-br" id="label_DespesasInscritasEmRestosAPagarNaoProcessadosUltimos12MesesMember">INSCRITAS EM RESTOS A PAGAR NÃO PROCESSADOS (b) [member]</link:label>
    <link:labelArc xlink:type="arc" xlink:arcrole="http://www.xbrl.org/2003/arcrole/concept-label" xlink:from="DespesasInscritasEmRestosAPagarNaoProcessadosUltimos12MesesMember" xlink:to="label_DespesasInscritasEmRestosAPagarNaoProcessadosUltimos12MesesMember" xlink:title="label: DespesasInscritasEmRestosAPagarNaoProcessadosUltimos12MesesMember to label_DespesasInscritasEmRestosAPagarNaoProcessadosUltimos12MesesMember"/>
    <link:loc xlink:type="locator" xlink:href="../../../cor/dim/siconfi-dim_2020-12-31.xsd#siconfi-dim_DespesasLiquidadasMember" xlink:label="DespesasLiquidadasMember" xlink:title="DespesasLiquidadasMember"/>
    <link:label xlink:type="resource" xlink:label="label_DespesasLiquidadasMember" xlink:role="http://www.xbrl.org/2003/role/label" xlink:title="label_DespesasLiquidadasMember" xml:lang="pt-br" id="label_DespesasLiquidadasMember">LIQUIDADAS [member]</link:label>
    <link:labelArc xlink:type="arc" xlink:arcrole="http://www.xbrl.org/2003/arcrole/concept-label" xlink:from="DespesasLiquidadasMember" xlink:to="label_DespesasLiquidadasMember" xlink:title="label: DespesasLiquidadasMember to label_DespesasLiquidadasMember"/>
    <link:loc xlink:type="locator" xlink:href="../../../cor/dim/siconfi-dim_2020-12-31.xsd#siconfi-dim_DespesasLiquidadasUltimos12MesesMember" xlink:label="DespesasLiquidadasUltimos12MesesMember" xlink:title="DespesasLiquidadasUltimos12MesesMember"/>
    <link:label xlink:type="resource" xlink:label="label_DespesasLiquidadasUltimos12MesesMember" xlink:role="http://www.xbrl.org/2003/role/label" xlink:title="label_DespesasLiquidadasUltimos12MesesMember" xml:lang="pt-br" id="label_DespesasLiquidadasUltimos12MesesMember">TOTAL (ÚLTIMOS 12 MESES) (a) [member]</link:label>
    <link:labelArc xlink:type="arc" xlink:arcrole="http://www.xbrl.org/2003/arcrole/concept-label" xlink:from="DespesasLiquidadasUltimos12MesesMember" xlink:to="label_DespesasLiquidadasUltimos12MesesMember" xlink:title="label: DespesasLiquidadasUltimos12MesesMember to label_DespesasLiquidadasUltimos12MesesMember"/>
    <link:loc xlink:type="locator" xlink:href="../../../cor/dim/siconfi-dim_2020-12-31.xsd#siconfi-dim_PeriodoDeReferenciaCincoMember" xlink:label="PeriodoDeReferenciaCincoMember" xlink:title="PeriodoDeReferenciaCincoMember"/>
    <link:label xlink:type="resource" xlink:label="label_PeriodoDeReferenciaCincoMember" xlink:role="http://www.xbrl.org/2003/role/label" xlink:title="label_PeriodoDeReferenciaCincoMember" xml:lang="pt-br" id="label_PeriodoDeReferenciaCincoMember">&lt;MR-5&gt; [member]</link:label>
    <link:labelArc xlink:type="arc" xlink:arcrole="http://www.xbrl.org/2003/arcrole/concept-label" xlink:from="PeriodoDeReferenciaCincoMember" xlink:to="label_PeriodoDeReferenciaCincoMember" xlink:title="label: PeriodoDeReferenciaCincoMember to label_PeriodoDeReferenciaCincoMember"/>
    <link:loc xlink:type="locator" xlink:href="../../../cor/dim/siconfi-dim_2020-12-31.xsd#siconfi-dim_PeriodoDeReferenciaDezMember" xlink:label="PeriodoDeReferenciaDezMember" xlink:title="PeriodoDeReferenciaDezMember"/>
    <link:label xlink:type="resource" xlink:label="label_PeriodoDeReferenciaDezMember" xlink:role="http://www.xbrl.org/2003/role/label" xlink:title="label_PeriodoDeReferenciaDezMember" xml:lang="pt-br" id="label_PeriodoDeReferenciaDezMember">&lt;MR-10&gt; [member]</link:label>
    <link:labelArc xlink:type="arc" xlink:arcrole="http://www.xbrl.org/2003/arcrole/concept-label" xlink:from="PeriodoDeReferenciaDezMember" xlink:to="label_PeriodoDeReferenciaDezMember" xlink:title="label: PeriodoDeReferenciaDezMember to label_PeriodoDeReferenciaDezMember"/>
    <link:loc xlink:type="locator" xlink:href="../../../cor/dim/siconfi-dim_2020-12-31.xsd#siconfi-dim_PeriodoDeReferenciaDoisMember" xlink:label="PeriodoDeReferenciaDoisMember" xlink:title="PeriodoDeReferenciaDoisMember"/>
    <link:label xlink:type="resource" xlink:label="label_PeriodoDeReferenciaDoisMember" xlink:role="http://www.xbrl.org/2003/role/label" xlink:title="label_PeriodoDeReferenciaDoisMember" xml:lang="pt-br" id="label_PeriodoDeReferenciaDoisMember">&lt;MR-2&gt; [member]</link:label>
    <link:labelArc xlink:type="arc" xlink:arcrole="http://www.xbrl.org/2003/arcrole/concept-label" xlink:from="PeriodoDeReferenciaDoisMember" xlink:to="label_PeriodoDeReferenciaDoisMember" xlink:title="label: PeriodoDeReferenciaDoisMember to label_PeriodoDeReferenciaDoisMember"/>
    <link:loc xlink:type="locator" xlink:href="../../../cor/dim/siconfi-dim_2020-12-31.xsd#siconfi-dim_PeriodoDeReferenciaNoveMember" xlink:label="PeriodoDeReferenciaNoveMember" xlink:title="PeriodoDeReferenciaNoveMember"/>
    <link:label xlink:type="resource" xlink:label="label_PeriodoDeReferenciaNoveMember" xlink:role="http://www.xbrl.org/2003/role/label" xlink:title="label_PeriodoDeReferenciaNoveMember" xml:lang="pt-br" id="label_PeriodoDeReferenciaNoveMember">&lt;MR-9&gt; [member]</link:label>
    <link:labelArc xlink:type="arc" xlink:arcrole="http://www.xbrl.org/2003/arcrole/concept-label" xlink:from="PeriodoDeReferenciaNoveMember" xlink:to="label_PeriodoDeReferenciaNoveMember" xlink:title="label: PeriodoDeReferenciaNoveMember to label_PeriodoDeReferenciaNoveMember"/>
    <link:loc xlink:type="locator" xlink:href="../../../cor/dim/siconfi-dim_2020-12-31.xsd#siconfi-dim_PeriodoDeReferenciaOitoMember" xlink:label="PeriodoDeReferenciaOitoMember" xlink:title="PeriodoDeReferenciaOitoMember"/>
    <link:label xlink:type="resource" xlink:label="label_PeriodoDeReferenciaOitoMember" xlink:role="http://www.xbrl.org/2003/role/label" xlink:title="label_PeriodoDeReferenciaOitoMember" xml:lang="pt-br" id="label_PeriodoDeReferenciaOitoMember">&lt;MR-8&gt; [member]</link:label>
    <link:labelArc xlink:type="arc" xlink:arcrole="http://www.xbrl.org/2003/arcrole/concept-label" xlink:from="PeriodoDeReferenciaOitoMember" xlink:to="label_PeriodoDeReferenciaOitoMember" xlink:title="label: PeriodoDeReferenciaOitoMember to label_PeriodoDeReferenciaOitoMember"/>
    <link:loc xlink:type="locator" xlink:href="../../../cor/dim/siconfi-dim_2020-12-31.xsd#siconfi-dim_PeriodoDeReferenciaOnzeMember" xlink:label="PeriodoDeReferenciaOnzeMember" xlink:title="PeriodoDeReferenciaOnzeMember"/>
    <link:label xlink:type="resource" xlink:label="label_PeriodoDeReferenciaOnzeMember" xlink:role="http://www.xbrl.org/2003/role/label" xlink:title="label_PeriodoDeReferenciaOnzeMember" xml:lang="pt-br" id="label_PeriodoDeReferenciaOnzeMember">&lt;MR-11&gt; [member]</link:label>
    <link:labelArc xlink:type="arc" xlink:arcrole="http://www.xbrl.org/2003/arcrole/concept-label" xlink:from="PeriodoDeReferenciaOnzeMember" xlink:to="label_PeriodoDeReferenciaOnzeMember" xlink:title="label: PeriodoDeReferenciaOnzeMember to label_PeriodoDeReferenciaOnzeMember"/>
    <link:loc xlink:type="locator" xlink:href="../../../cor/dim/siconfi-dim_2020-12-31.xsd#siconfi-dim_PeriodoDeReferenciaQuatroMember" xlink:label="PeriodoDeReferenciaQuatroMember" xlink:title="PeriodoDeReferenciaQuatroMember"/>
    <link:label xlink:type="resource" xlink:label="label_PeriodoDeReferenciaQuatroMember" xlink:role="http://www.xbrl.org/2003/role/label" xlink:title="label_PeriodoDeReferenciaQuatroMember" xml:lang="pt-br" id="label_PeriodoDeReferenciaQuatroMember">&lt;MR-4&gt; [member]</link:label>
    <link:labelArc xlink:type="arc" xlink:arcrole="http://www.xbrl.org/2003/arcrole/concept-label" xlink:from="PeriodoDeReferenciaQuatroMember" xlink:to="label_PeriodoDeReferenciaQuatroMember" xlink:title="label: PeriodoDeReferenciaQuatroMember to label_PeriodoDeReferenciaQuatroMember"/>
    <link:loc xlink:type="locator" xlink:href="../../../cor/dim/siconfi-dim_2020-12-31.xsd#siconfi-dim_PeriodoDeReferenciaSeisMember" xlink:label="PeriodoDeReferenciaSeisMember" xlink:title="PeriodoDeReferenciaSeisMember"/>
    <link:label xlink:type="resource" xlink:label="label_PeriodoDeReferenciaSeisMember" xlink:role="http://www.xbrl.org/2003/role/label" xlink:title="label_PeriodoDeReferenciaSeisMember" xml:lang="pt-br" id="label_PeriodoDeReferenciaSeisMember">&lt;MR-6&gt; [member]</link:label>
    <link:labelArc xlink:type="arc" xlink:arcrole="http://www.xbrl.org/2003/arcrole/concept-label" xlink:from="PeriodoDeReferenciaSeisMember" xlink:to="label_PeriodoDeReferenciaSeisMember" xlink:title="label: PeriodoDeReferenciaSeisMember to label_PeriodoDeReferenciaSeisMember"/>
    <link:loc xlink:type="locator" xlink:href="../../../cor/dim/siconfi-dim_2020-12-31.xsd#siconfi-dim_PeriodoDeReferenciaSeteMember" xlink:label="PeriodoDeReferenciaSeteMember" xlink:title="PeriodoDeReferenciaSeteMember"/>
    <link:label xlink:type="resource" xlink:label="label_PeriodoDeReferenciaSeteMember" xlink:role="http://www.xbrl.org/2003/role/label" xlink:title="label_PeriodoDeReferenciaSeteMember" xml:lang="pt-br" id="label_PeriodoDeReferenciaSeteMember">&lt;MR-7&gt; [member]</link:label>
    <link:labelArc xlink:type="arc" xlink:arcrole="http://www.xbrl.org/2003/arcrole/concept-label" xlink:from="PeriodoDeReferenciaSeteMember" xlink:to="label_PeriodoDeReferenciaSeteMember" xlink:title="label: PeriodoDeReferenciaSeteMember to label_PeriodoDeReferenciaSeteMember"/>
    <link:loc xlink:type="locator" xlink:href="../../../cor/dim/siconfi-dim_2020-12-31.xsd#siconfi-dim_PeriodoDeReferenciaTresMember" xlink:label="PeriodoDeReferenciaTresMember" xlink:title="PeriodoDeReferenciaTresMember"/>
    <link:label xlink:type="resource" xlink:label="label_PeriodoDeReferenciaTresMember" xlink:role="http://www.xbrl.org/2003/role/label" xlink:title="label_PeriodoDeReferenciaTresMember" xml:lang="pt-br" id="label_PeriodoDeReferenciaTresMember">&lt;MR-3&gt; [member]</link:label>
    <link:labelArc xlink:type="arc" xlink:arcrole="http://www.xbrl.org/2003/arcrole/concept-label" xlink:from="PeriodoDeReferenciaTresMember" xlink:to="label_PeriodoDeReferenciaTresMember" xlink:title="label: PeriodoDeReferenciaTresMember to label_PeriodoDeReferenciaTresMember"/>
    <link:loc xlink:type="locator" xlink:href="../../../cor/dim/siconfi-dim_2020-12-31.xsd#siconfi-dim_PeriodoDeReferenciaUmMember" xlink:label="PeriodoDeReferenciaUmMember" xlink:title="PeriodoDeReferenciaUmMember"/>
    <link:label xlink:type="resource" xlink:label="label_PeriodoDeReferenciaUmMember" xlink:role="http://www.xbrl.org/2003/role/label" xlink:title="label_PeriodoDeReferenciaUmMember" xml:lang="pt-br" id="label_PeriodoDeReferenciaUmMember">&lt;MR-1&gt; [member]</link:label>
    <link:labelArc xlink:type="arc" xlink:arcrole="http://www.xbrl.org/2003/arcrole/concept-label" xlink:from="PeriodoDeReferenciaUmMember" xlink:to="label_PeriodoDeReferenciaUmMember" xlink:title="label: PeriodoDeReferenciaUmMember to label_PeriodoDeReferenciaUmMember"/>
    <link:loc xlink:type="locator" xlink:href="../../../cor/dim/siconfi-dim_2020-12-31.xsd#siconfi-dim_PeriodoDeReferenciaZeroMember" xlink:label="PeriodoDeReferenciaZeroMember" xlink:title="PeriodoDeReferenciaZeroMember"/>
    <link:label xlink:type="resource" xlink:label="label_PeriodoDeReferenciaZeroMember" xlink:role="http://www.xbrl.org/2003/role/label" xlink:title="label_PeriodoDeReferenciaZeroMember" xml:lang="pt-br" id="label_PeriodoDeReferenciaZeroMember">&lt;MR&gt; [member]</link:label>
    <link:labelArc xlink:type="arc" xlink:arcrole="http://www.xbrl.org/2003/arcrole/concept-label" xlink:from="PeriodoDeReferenciaZeroMember" xlink:to="label_PeriodoDeReferenciaZeroMember" xlink:title="label: PeriodoDeReferenciaZeroMember to label_PeriodoDeReferenciaZeroMember"/>
    <link:loc xlink:type="locator" xlink:href="../../../cor/dim/siconfi-dim_2020-12-31.xsd#siconfi-dim_TotalDespesaMember" xlink:label="TotalDespesaMember" xlink:title="TotalDespesaMember"/>
    <link:label xlink:type="resource" xlink:label="label_TotalDespesaMember" xlink:role="http://www.xbrl.org/2003/role/label" xlink:title="label_TotalDespesaMember" xml:lang="pt-br" id="label_TotalDespesaMember">TOTAL (c = a + b) [member]</link:label>
    <link:labelArc xlink:type="arc" xlink:arcrole="http://www.xbrl.org/2003/arcrole/concept-label" xlink:from="TotalDespesaMember" xlink:to="label_TotalDespesaMember" xlink:title="label: TotalDespesaMember to label_TotalDespesaMember"/>
    <link:loc xlink:type="locator" xlink:href="../../../cor/dim/siconfi-dim_2020-12-31.xsd#siconfi-dim_ValoresTotaisTransferidosPorContratoDeRateioMember" xlink:label="ValoresTotaisTransferidosPorContratoDeRateioMember" xlink:title="ValoresTotaisTransferidosPorContratoDeRateioMember"/>
    <link:label xlink:type="resource" xlink:label="label_ValoresTotaisTransferidosPorContratoDeRateioMember" xlink:role="http://www.xbrl.org/2003/role/label" xlink:title="label_ValoresTotaisTransferidosPorContratoDeRateioMember" xml:lang="pt-br" id="label_ValoresTotaisTransferidosPorContratoDeRateioMember">VALORES EXECUTADOS [member]</link:label>
    <link:labelArc xlink:type="arc" xlink:arcrole="http://www.xbrl.org/2003/arcrole/concept-label" xlink:from="ValoresTotaisTransferidosPorContratoDeRateioMember" xlink:to="label_ValoresTotaisTransferidosPorContratoDeRateioMember" xlink:title="label: ValoresTotaisTransferidosPorContratoDeRateioMember to label_ValoresTotaisTransferidosPorContratoDeRateioMember"/>
    <link:loc xlink:type="locator" xlink:href="../../../cor/dim/siconfi-dim_2020-12-31.xsd#siconfi-dim_ValoresTransferidosPorContratoDeRateioMember" xlink:label="ValoresTransferidosPorContratoDeRateioMember" xlink:title="ValoresTransferidosPorContratoDeRateioMember"/>
    <link:label xlink:type="resource" xlink:label="label_ValoresTransferidosPorContratoDeRateioMember" xlink:role="http://www.xbrl.org/2003/role/label" xlink:title="label_ValoresTransferidosPorContratoDeRateioMember" xml:lang="pt-br" id="label_ValoresTransferidosPorContratoDeRateioMember">VALORES TRANSFERIDOS POR CONTRATO DE RATEIO [member]</link:label>
    <link:labelArc xlink:type="arc" xlink:arcrole="http://www.xbrl.org/2003/arcrole/concept-label" xlink:from="ValoresTransferidosPorContratoDeRateioMember" xlink:to="label_ValoresTransferidosPorContratoDeRateioMember" xlink:title="label: ValoresTransferidosPorContratoDeRateioMember to label_ValoresTransferidosPorContratoDeRateioMember"/>
    <link:loc xlink:type="locator" xlink:href="../../../cor/ic/siconfi-cor_2020-12-31.xsd#siconfi-cor_DespesaComPessoalAtivoBrutaConsorcioContratoDeRateio" xlink:label="DespesaComPessoalAtivoBrutaConsorcioContratoDeRateio" xlink:title="DespesaComPessoalAtivoBrutaConsorcioContratoDeRateio"/>
    <link:label xlink:type="resource" xlink:label="label_DespesaComPessoalAtivoBrutaConsorcioContratoDeRateio" xlink:role="http://www.xbrl.org/2003/role/label" xlink:title="label_DespesaComPessoalAtivoBrutaConsorcioContratoDeRateio" xml:lang="pt-br" id="label_DespesaComPessoalAtivoBrutaConsorcioContratoDeRateio">Pessoal Ativo</link:label>
    <link:labelArc xlink:type="arc" xlink:arcrole="http://www.xbrl.org/2003/arcrole/concept-label" xlink:from="DespesaComPessoalAtivoBrutaConsorcioContratoDeRateio" xlink:to="label_DespesaComPessoalAtivoBrutaConsorcioContratoDeRateio" xlink:title="label: DespesaComPessoalAtivoBrutaConsorcioContratoDeRateio to label_DespesaComPessoalAtivoBrutaConsorcioContratoDeRateio"/>
    <link:loc xlink:type="locator" xlink:href="../../../cor/ic/siconfi-cor_2020-12-31.xsd#siconfi-cor_DespesaComPessoalBrutaConsorcioContratoDeRateio" xlink:label="DespesaComPessoalBrutaConsorcioContratoDeRateio" xlink:title="DespesaComPessoalBrutaConsorcioContratoDeRateio"/>
    <link:label xlink:type="resource" xlink:label="label_DespesaComPessoalBrutaConsorcioContratoDeRateio" xlink:role="http://www.xbrl.org/2003/role/label" xlink:title="label_DespesaComPessoalBrutaConsorcioContratoDeRateio" xml:lang="pt-br" id="label_DespesaComPessoalBrutaConsorcioContratoDeRateio">DESPESA BRUTA COM PESSOAL (I)</link:label>
    <link:labelArc xlink:type="arc" xlink:arcrole="http://www.xbrl.org/2003/arcrole/concept-label" xlink:from="DespesaComPessoalBrutaConsorcioContratoDeRateio" xlink:to="label_DespesaComPessoalBrutaConsorcioContratoDeRateio" xlink:title="label: DespesaComPessoalBrutaConsorcioContratoDeRateio to label_DespesaComPessoalBrutaConsorcioContratoDeRateio"/>
    <link:loc xlink:type="locator" xlink:href="../../../cor/ic/siconfi-cor_2020-12-31.xsd#siconfi-cor_DespesaComPessoalBrutaConsorcioValorExecutadoComRecursosDoContratoDeRateio" xlink:label="DespesaComPessoalBrutaConsorcioValorExecutadoComRecursosDoContratoDeRateio" xlink:title="DespesaComPessoalBrutaConsorcioValorExecutadoComRecursosDoContratoDeRateio"/>
    <link:label xlink:type="resource" xlink:label="label_DespesaComPessoalBrutaConsorcioValorExecutadoComRecursosDoContratoDeRateio" xlink:role="http://www.xbrl.org/2003/role/label" xlink:title="label_DespesaComPessoalBrutaConsorcioValorExecutadoComRecursosDoContratoDeRateio" xml:lang="pt-br" id="label_DespesaComPessoalBrutaConsorcioValorExecutadoComRecursosDoContratoDeRateio">Valores informados pelo Ente</link:label>
    <link:labelArc xlink:type="arc" xlink:arcrole="http://www.xbrl.org/2003/arcrole/concept-label" xlink:from="DespesaComPessoalBrutaConsorcioValorExecutadoComRecursosDoContratoDeRateio" xlink:to="label_DespesaComPessoalBrutaConsorcioValorExecutadoComRecursosDoContratoDeRateio" xlink:title="label: DespesaComPessoalBrutaConsorcioValorExecutadoComRecursosDoContratoDeRateio to label_DespesaComPessoalBrutaConsorcioValorExecutadoComRecursosDoContratoDeRateio"/>
    <link:loc xlink:type="locator" xlink:href="../../../cor/ic/siconfi-cor_2020-12-31.xsd#siconfi-cor_DespesaComPessoalDecorrenteDeTerceirizacaoPorSubstituicaoBrutaConsorcioContratoDeRateio" xlink:label="DespesaComPessoalDecorrenteDeTerceirizacaoPorSubstituicaoBrutaConsorcioContratoDeRateio" xlink:title="DespesaComPessoalDecorrenteDeTerceirizacaoPorSubstituicaoBrutaConsorcioContratoDeRateio"/>
    <link:label xlink:type="resource" xlink:label="label_DespesaComPessoalDecorrenteDeTerceirizacaoPorSubstituicaoBrutaConsorcioContratoDeRateio" xlink:role="http://www.xbrl.org/2003/role/label" xlink:title="label_DespesaComPessoalDecorrenteDeTerceirizacaoPorSubstituicaoBrutaConsorcioContratoDeRateio" xml:lang="pt-br" id="label_DespesaComPessoalDecorrenteDeTerceirizacaoPorSubstituicaoBrutaConsorcioContratoDeRateio">Outras Despesas de Pessoal decorrentes de Contratos de Terceirização ou de contratação de forma indireta (§ 1º do art. 18 da LRF)</link:label>
    <link:labelArc xlink:type="arc" xlink:arcrole="http://www.xbrl.org/2003/arcrole/concept-label" xlink:from="DespesaComPessoalDecorrenteDeTerceirizacaoPorSubstituicaoBrutaConsorcioContratoDeRateio" xlink:to="label_DespesaComPessoalDecorrenteDeTerceirizacaoPorSubstituicaoBrutaConsorcioContratoDeRateio" xlink:title="label: DespesaComPessoalDecorrenteDeTerceirizacaoPorSubstituicaoBrutaConsorcioContratoDeRateio to label_DespesaComPessoalDecorrenteDeTerceirizacaoPorSubstituicaoBrutaConsorcioContratoDeRateio"/>
    <link:loc xlink:type="locator" xlink:href="../../../cor/ic/siconfi-cor_2020-12-31.xsd#siconfi-cor_DespesaComPessoalLiquida" xlink:label="DespesaComPessoalLiquida" xlink:title="DespesaComPessoalLiquida"/>
    <link:label xlink:type="resource" xlink:label="label_DespesaComPessoalLiquida" xlink:role="http://www.xbrl.org/2003/role/label" xlink:title="label_DespesaComPessoalLiquida" xml:lang="pt-br" id="label_DespesaComPessoalLiquida">DESPESA LÍQUIDA COM PESSOAL (III) = (I - II)</link:label>
    <link:labelArc xlink:type="arc" xlink:arcrole="http://www.xbrl.org/2003/arcrole/concept-label" xlink:from="DespesaComPessoalLiquida" xlink:to="label_DespesaComPessoalLiquida" xlink:title="label: DespesaComPessoalLiquida to label_DespesaComPessoalLiquida"/>
    <link:loc xlink:type="locator" xlink:href="../../../cor/ic/siconfi-cor_2020-12-31.xsd#siconfi-cor_DespesaComPessoalNaoComputadaConsorcioContratoDeRateio" xlink:label="DespesaComPessoalNaoComputadaConsorcioContratoDeRateio" xlink:title="DespesaComPessoalNaoComputadaConsorcioContratoDeRateio"/>
    <link:label xlink:type="resource" xlink:label="label_DespesaComPessoalNaoComputadaConsorcioContratoDeRateio" xlink:role="http://www.xbrl.org/2003/role/label" xlink:title="label_DespesaComPessoalNaoComputadaConsorcioContratoDeRateio" xml:lang="pt-br" id="label_DespesaComPessoalNaoComputadaConsorcioContratoDeRateio">DESPESAS NÃO COMPUTADAS (§ 1º do art. 19 da LRF) (II)</link:label>
    <link:labelArc xlink:type="arc" xlink:arcrole="http://www.xbrl.org/2003/arcrole/concept-label" xlink:from="DespesaComPessoalNaoComputadaConsorcioContratoDeRateio" xlink:to="label_DespesaComPessoalNaoComputadaConsorcioContratoDeRateio" xlink:title="label: DespesaComPessoalNaoComputadaConsorcioContratoDeRateio to label_DespesaComPessoalNaoComputadaConsorcioContratoDeRateio"/>
    <link:loc xlink:type="locator" xlink:href="../../../cor/ic/siconfi-cor_2020-12-31.xsd#siconfi-cor_DespesaComPessoalNaoComputadaDecisaoJudicialPeriodoAnteriorAoDaApuracaoConsorcioContratoDeRateio" xlink:label="DespesaComPessoalNaoComputadaDecisaoJudicialPeriodoAnteriorAoDaApuracaoConsorcioContratoDeRateio" xlink:title="DespesaComPessoalNaoComputadaDecisaoJudicialPeriodoAnteriorAoDaApuracaoConsorcioContratoDeRateio"/>
    <link:label xlink:type="resource" xlink:label="label_DespesaComPessoalNaoComputadaDecisaoJudicialPeriodoAnteriorAoDaApuracaoConsorcioContratoDeRateio" xlink:role="http://www.xbrl.org/2003/role/label" xlink:title="label_DespesaComPessoalNaoComputadaDecisaoJudicialPeriodoAnteriorAoDaApuracaoConsorcioContratoDeRateio" xml:lang="pt-br" id="label_DespesaComPessoalNaoComputadaDecisaoJudicialPeriodoAnteriorAoDaApuracaoConsorcioContratoDeRateio">Decorrentes de Decisão Judicial de período anterior ao da apuração</link:label>
    <link:labelArc xlink:type="arc" xlink:arcrole="http://www.xbrl.org/2003/arcrole/concept-label" xlink:from="DespesaComPessoalNaoComputadaDecisaoJudicialPeriodoAnteriorAoDaApuracaoConsorcioContratoDeRateio" xlink:to="label_DespesaComPessoalNaoComputadaDecisaoJudicialPeriodoAnteriorAoDaApuracaoConsorcioContratoDeRateio" xlink:title="label: DespesaComPessoalNaoComputadaDecisaoJudicialPeriodoAnteriorAoDaApuracaoConsorcioContratoDeRateio to label_DespesaComPessoalNaoComputadaDecisaoJudicialPeriodoAnteriorAoDaApuracaoConsorcioContratoDeRateio"/>
    <link:loc xlink:type="locator" xlink:href="../../../cor/ic/siconfi-cor_2020-12-31.xsd#siconfi-cor_DespesaComPessoalNaoComputadaExerciciosAnterioresAoPeriodoDaApuracaoConsorcioContratoDeRateio" xlink:label="DespesaComPessoalNaoComputadaExerciciosAnterioresAoPeriodoDaApuracaoConsorcioContratoDeRateio" xlink:title="DespesaComPessoalNaoComputadaExerciciosAnterioresAoPeriodoDaApuracaoConsorcioContratoDeRateio"/>
    <link:label xlink:type="resource" xlink:label="label_DespesaComPessoalNaoComputadaExerciciosAnterioresAoPeriodoDaApuracaoConsorcioContratoDeRateio" xlink:role="http://www.xbrl.org/2003/role/label" xlink:title="label_DespesaComPessoalNaoComputadaExerciciosAnterioresAoPeriodoDaApuracaoConsorcioContratoDeRateio" xml:lang="pt-br" id="label_DespesaComPessoalNaoComputadaExerciciosAnterioresAoPeriodoDaApuracaoConsorcioContratoDeRateio">Despesas de Exercícios Anteriores de período anterior ao da apuração</link:label>
    <link:labelArc xlink:type="arc" xlink:arcrole="http://www.xbrl.org/2003/arcrole/concept-label" xlink:from="DespesaComPessoalNaoComputadaExerciciosAnterioresAoPeriodoDaApuracaoConsorcioContratoDeRateio" xlink:to="label_DespesaComPessoalNaoComputadaExerciciosAnterioresAoPeriodoDaApuracaoConsorcioContratoDeRateio" xlink:title="label: DespesaComPessoalNaoComputadaExerciciosAnterioresAoPeriodoDaApuracaoConsorcioContratoDeRateio to label_DespesaComPessoalNaoComputadaExerciciosAnterioresAoPeriodoDaApuracaoConsorcioContratoDeRateio"/>
    <link:loc xlink:type="locator" xlink:href="../../../cor/ic/siconfi-cor_2020-12-31.xsd#siconfi-cor_DespesaComPessoalNaoComputadaIndenizacaoDemissaoVoluntariaConsorcioContratoDeRateio" xlink:label="DespesaComPessoalNaoComputadaIndenizacaoDemissaoVoluntariaConsorcioContratoDeRateio" xlink:title="DespesaComPessoalNaoComputadaIndenizacaoDemissaoVoluntariaConsorcioContratoDeRateio"/>
    <link:label xlink:type="resource" xlink:label="label_DespesaComPessoalNaoComputadaIndenizacaoDemissaoVoluntariaConsorcioContratoDeRateio" xlink:role="http://www.xbrl.org/2003/role/label" xlink:title="label_DespesaComPessoalNaoComputadaIndenizacaoDemissaoVoluntariaConsorcioContratoDeRateio" xml:lang="pt-br" id="label_DespesaComPessoalNaoComputadaIndenizacaoDemissaoVoluntariaConsorcioContratoDeRateio">Indenizações por Demissão e Incentivos à Demissão Voluntária</link:label>
    <link:labelArc xlink:type="arc" xlink:arcrole="http://www.xbrl.org/2003/arcrole/concept-label" xlink:from="DespesaComPessoalNaoComputadaIndenizacaoDemissaoVoluntariaConsorcioContratoDeRateio" xlink:to="label_DespesaComPessoalNaoComputadaIndenizacaoDemissaoVoluntariaConsorcioContratoDeRateio" xlink:title="label: DespesaComPessoalNaoComputadaIndenizacaoDemissaoVoluntariaConsorcioContratoDeRateio to label_DespesaComPessoalNaoComputadaIndenizacaoDemissaoVoluntariaConsorcioContratoDeRateio"/>
    <link:loc xlink:type="locator" xlink:href="../../../cor/ic/siconfi-cor_2020-12-31.xsd#siconfi-cor_DespesaComPessoalTotalConsorcio" xlink:label="DespesaComPessoalTotalConsorcio" xlink:title="DespesaComPessoalTotalConsorcio"/>
    <link:label xlink:type="resource" xlink:label="label_DespesaComPessoalTotalConsorcio" xlink:role="http://www.xbrl.org/2003/role/label" xlink:title="label_DespesaComPessoalTotalConsorcio" xml:lang="pt-br" id="label_DespesaComPessoalTotalConsorcio">DESPESA TOTAL COM PESSOAL - DTP (III) = (I - II)</link:label>
    <link:labelArc xlink:type="arc" xlink:arcrole="http://www.xbrl.org/2003/arcrole/concept-label" xlink:from="DespesaComPessoalTotalConsorcio" xlink:to="label_DespesaComPessoalTotalConsorcio" xlink:title="label: DespesaComPessoalTotalConsorcio to label_DespesaComPessoalTotalConsorcio"/>
    <link:loc xlink:type="locator" xlink:href="../../../cor/ic/siconfi-cor_2020-12-31.xsd#siconfi-cor_FonteAnexo1Tabela1.3RGF" xlink:label="FonteAnexo1Tabela1.3RGF" xlink:title="FonteAnexo1Tabela1.3RGF"/>
    <link:label xlink:type="resource" xlink:label="label_FonteAnexo1Tabela1.3RGF" xlink:role="http://www.xbrl.org/2003/role/label" xlink:title="label_FonteAnexo1Tabela1.3RGF" xml:lang="pt-br" id="label_FonteAnexo1Tabela1.3RGF">Notas Explicativas</link:label>
    <link:labelArc xlink:type="arc" xlink:arcrole="http://www.xbrl.org/2003/arcrole/concept-label" xlink:from="FonteAnexo1Tabela1.3RGF" xlink:to="label_FonteAnexo1Tabela1.3RGF" xlink:title="label: FonteAnexo1Tabela1.3RGF to label_FonteAnexo1Tabela1.3RGF"/>
    <link:loc xlink:type="locator" xlink:href="../../../cor/ic/siconfi-cor_2020-12-31.xsd#siconfi-cor_ObrigacoesPatronais" xlink:label="ObrigacoesPatronais" xlink:title="ObrigacoesPatronais"/>
    <link:label xlink:type="resource" xlink:label="label_ObrigacoesPatronais" xlink:role="http://www.xbrl.org/2003/role/label" xlink:title="label_ObrigacoesPatronais" xml:lang="pt-br" id="label_ObrigacoesPatronais">Obrigações Patronais</link:label>
    <link:labelArc xlink:type="arc" xlink:arcrole="http://www.xbrl.org/2003/arcrole/concept-label" xlink:from="ObrigacoesPatronais" xlink:to="label_ObrigacoesPatronais" xlink:title="label: ObrigacoesPatronais to label_ObrigacoesPatronais"/>
    <link:loc xlink:type="locator" xlink:href="../../../cor/ic/siconfi-cor_2020-12-31.xsd#siconfi-cor_AposentadoriasReservaEReformas" xlink:label="AposentadoriasReservaEReformas" xlink:title="AposentadoriasReservaEReformas"/>
    <link:label xlink:type="resource" xlink:label="label_AposentadoriasReservaEReformas" xlink:role="http://www.xbrl.org/2003/role/label" xlink:title="label_AposentadoriasReservaEReformas" xml:lang="pt-br" id="label_AposentadoriasReservaEReformas">Aposentadorias, Reserva e Reformas</link:label>
    <link:labelArc xlink:type="arc" xlink:arcrole="http://www.xbrl.org/2003/arcrole/concept-label" xlink:from="AposentadoriasReservaEReformas" xlink:to="label_AposentadoriasReservaEReformas" xlink:title="label: AposentadoriasReservaEReformas to label_AposentadoriasReservaEReformas"/>
    <link:loc xlink:type="locator" xlink:href="../../../cor/ic/siconfi-cor_2020-12-31.xsd#siconfi-cor_DespesasPensoesInativosEPensionistas" xlink:label="DespesasPensoesInativosEPensionistas" xlink:title="DespesasPensoesInativosEPensionistas"/>
    <link:label xlink:type="resource" xlink:label="label_DespesasPensoesInativosEPensionistas" xlink:role="http://www.xbrl.org/2003/role/label" xlink:title="label_DespesasPensoesInativosEPensionistas" xml:lang="pt-br" id="label_DespesasPensoesInativosEPensionistas">Pensões</link:label>
    <link:labelArc xlink:type="arc" xlink:arcrole="http://www.xbrl.org/2003/arcrole/concept-label" xlink:from="DespesasPensoesInativosEPensionistas" xlink:to="label_DespesasPensoesInativosEPensionistas" xlink:title="label: DespesasPensoesInativosEPensionistas to label_DespesasPensoesInativosEPensionistas"/>
    <link:loc xlink:type="locator" xlink:href="../../../cor/ic/siconfi-cor_2020-12-31.xsd#siconfi-cor_OutrosBeneficiosPrevidenciariosInativosEPensionistas" xlink:label="OutrosBeneficiosPrevidenciariosInativosEPensionistas" xlink:title="OutrosBeneficiosPrevidenciariosInativosEPensionistas"/>
    <link:label xlink:type="resource" xlink:label="label_OutrosBeneficiosPrevidenciariosInativosEPensionistas" xlink:role="http://www.xbrl.org/2003/role/label" xlink:title="label_OutrosBeneficiosPrevidenciariosInativosEPensionistas" xml:lang="pt-br" id="label_OutrosBeneficiosPrevidenciariosInativosEPensionistas">Outros Benefícios Previdenciários</link:label>
    <link:labelArc xlink:type="arc" xlink:arcrole="http://www.xbrl.org/2003/arcrole/concept-label" xlink:from="OutrosBeneficiosPrevidenciariosInativosEPensionistas" xlink:to="label_OutrosBeneficiosPrevidenciariosInativosEPensionistas" xlink:title="label: OutrosBeneficiosPrevidenciariosInativosEPensionistas to label_OutrosBeneficiosPrevidenciariosInativosEPensionistas"/>
    <link:loc xlink:type="locator" xlink:href="../../../cor/ic/siconfi-cor_2020-12-31.xsd#siconfi-cor_DespesaComPessoalNaoExecutadaOrcamentariamente" xlink:label="DespesaComPessoalNaoExecutadaOrcamentariamente" xlink:title="DespesaComPessoalNaoExecutadaOrcamentariamente"/>
    <link:label xlink:type="resource" xlink:label="label_DespesaComPessoalNaoExecutadaOrcamentariamente" xlink:role="http://www.xbrl.org/2003/role/label" xlink:title="label_DespesaComPessoalNaoExecutadaOrcamentariamente" xml:lang="pt-br" id="label_DespesaComPessoalNaoExecutadaOrcamentariamente">Despesa com Pessoal não Executada Orçamentariamente</link:label>
    <link:labelArc xlink:type="arc" xlink:arcrole="http://www.xbrl.org/2003/arcrole/concept-label" xlink:from="DespesaComPessoalNaoExecutadaOrcamentariamente" xlink:to="label_DespesaComPessoalNaoExecutadaOrcamentariamente" xlink:title="label: DespesaComPessoalNaoExecutadaOrcamentariamente to label_DespesaComPessoalNaoExecutadaOrcamentariamente"/>
    <link:loc xlink:type="locator" xlink:href="siconfi-rgf-anexo1defensoria_2020-12-31.xsd#siconfi-rgf-anexo1defensoria_DemonstrativoAnexo1Abstract" xlink:label="DemonstrativoAnexo1Abstract" xlink:title="DemonstrativoAnexo1Abstract"/>
    <link:label xlink:type="resource" xlink:label="label_DemonstrativoAnexo1Abstract" xlink:role="http://www.xbrl.org/2003/role/label" xlink:title="label_DemonstrativoAnexo1Abstract" xml:lang="pt-br" id="label_DemonstrativoAnexo1Abstract">RGF - Anexo 1 (Portaria STN nº 72, art. 15, inciso IV, a) [abstract]</link:label>
    <link:labelArc xlink:type="arc" xlink:arcrole="http://www.xbrl.org/2003/arcrole/concept-label" xlink:from="DemonstrativoAnexo1Abstract" xlink:to="label_DemonstrativoAnexo1Abstract" xlink:title="label: DemonstrativoAnexo1Abstract to label_DemonstrativoAnexo1Abstract"/>
    <link:loc xlink:type="locator" xlink:href="siconfi-rgf-anexo1defensoria_2020-12-31.xsd#siconfi-rgf-anexo1defensoria_DespesaComPessoalLineItems" xlink:label="DespesaComPessoalLineItems" xlink:title="DespesaComPessoalLineItems"/>
    <link:label xlink:type="resource" xlink:label="label_DespesaComPessoalLineItems" xlink:role="http://www.xbrl.org/2003/role/label" xlink:title="label_DespesaComPessoalLineItems" xml:lang="pt-br" id="label_DespesaComPessoalLineItems">[002] Despesa com Pessoal [line items]</link:label>
    <link:labelArc xlink:type="arc" xlink:arcrole="http://www.xbrl.org/2003/arcrole/concept-label" xlink:from="DespesaComPessoalLineItems" xlink:to="label_DespesaComPessoalLineItems" xlink:title="label: DespesaComPessoalLineItems to label_DespesaComPessoalLineItems"/>
    <link:loc xlink:type="locator" xlink:href="siconfi-rgf-anexo1defensoria_2020-12-31.xsd#siconfi-rgf-anexo1defensoria_DespesaComPessoalTable" xlink:label="DespesaComPessoalTable" xlink:title="DespesaComPessoalTable"/>
    <link:label xlink:type="resource" xlink:label="label_DespesaComPessoalTable" xlink:role="http://www.xbrl.org/2003/role/label" xlink:title="label_DespesaComPessoalTable" xml:lang="pt-br" id="label_DespesaComPessoalTable">Despesa Executada com Pessoal [table]</link:label>
    <link:labelArc xlink:type="arc" xlink:arcrole="http://www.xbrl.org/2003/arcrole/concept-label" xlink:from="DespesaComPessoalTable" xlink:to="label_DespesaComPessoalTable" xlink:title="label: DespesaComPessoalTable to label_DespesaComPessoalTable"/>
    <link:loc xlink:type="locator" xlink:href="siconfi-rgf-anexo1defensoria_2020-12-31.xsd#siconfi-rgf-anexo1defensoria_DespesaComPessoalAbstract" xlink:label="DespesaComPessoalAbstract" xlink:title="DespesaComPessoalAbstract"/>
    <link:label xlink:type="resource" xlink:label="label_DespesaComPessoalAbstract" xlink:role="http://www.xbrl.org/2003/role/label" xlink:title="label_DespesaComPessoalAbstract" xml:lang="pt-br" id="label_DespesaComPessoalAbstract">[001] Despesa com Pessoal [abstract]</link:label>
    <link:labelArc xlink:type="arc" xlink:arcrole="http://www.xbrl.org/2003/arcrole/concept-label" xlink:from="DespesaComPessoalAbstract" xlink:to="label_DespesaComPessoalAbstract" xlink:title="label: DespesaComPessoalAbstract to label_DespesaComPessoalAbstract"/>
    <link:loc xlink:type="locator" xlink:href="siconfi-rgf-anexo1defensoria_2020-12-31.xsd#siconfi-rgf-anexo1defensoria_FonteAnexo1Tabela1.3Abstract" xlink:label="FonteAnexo1Tabela1.3Abstract" xlink:title="FonteAnexo1Tabela1.3Abstract"/>
    <link:label xlink:type="resource" xlink:label="label_FonteAnexo1Tabela1.3Abstract" xlink:role="http://www.xbrl.org/2003/role/label" xlink:title="label_FonteAnexo1Tabela1.3Abstract" xml:lang="pt-br" id="label_FonteAnexo1Tabela1.3Abstract">[003] Notas Explicativas [abstract] [NOTA]</link:label>
    <link:labelArc xlink:type="arc" xlink:arcrole="http://www.xbrl.org/2003/arcrole/concept-label" xlink:from="FonteAnexo1Tabela1.3Abstract" xlink:to="label_FonteAnexo1Tabela1.3Abstract" xlink:title="label: FonteAnexo1Tabela1.3Abstract to label_FonteAnexo1Tabela1.3Abstract"/>
    <link:loc xlink:type="locator" xlink:href="siconfi-rgf-anexo1defensoria_2020-12-31.xsd#siconfi-rgf-anexo1defensoria_FonteAnexo1Tabela1.3LineItems" xlink:label="FonteAnexo1Tabela1.3LineItems" xlink:title="FonteAnexo1Tabela1.3LineItems"/>
    <link:label xlink:type="resource" xlink:label="label_FonteAnexo1Tabela1.3LineItems" xlink:role="http://www.xbrl.org/2003/role/label" xlink:title="label_FonteAnexo1Tabela1.3LineItems" xml:lang="pt-br" id="label_FonteAnexo1Tabela1.3LineItems">[004] Notas Explicativas [line items]</link:label>
    <link:labelArc xlink:type="arc" xlink:arcrole="http://www.xbrl.org/2003/arcrole/concept-label" xlink:from="FonteAnexo1Tabela1.3LineItems" xlink:to="label_FonteAnexo1Tabela1.3LineItems" xlink:title="label: FonteAnexo1Tabela1.3LineItems to label_FonteAnexo1Tabela1.3LineItems"/>
  </link:labelLink>
</link:linkbase>
