<?xml version="1.0" encoding="UTF-8"?>
<!-- Generated by Fujitsu Interstage XWand B0196 -->
<link:linkbase xmlns:xsi="http://www.w3.org/2001/XMLSchema-instance" xsi:schemaLocation="http://www.xbrl.org/2003/linkbase http://www.xbrl.org/2003/xbrl-linkbase-2003-12-31.xsd" xmlns:link="http://www.xbrl.org/2003/linkbase" xmlns:xbrldt="http://xbrl.org/2005/xbrldt" xmlns:xlink="http://www.w3.org/1999/xlink" xmlns:xbrli="http://www.xbrl.org/2003/instance">
  <link:roleRef roleURI="http://fazenda.gov.br/siconfi/rep/rgf/anexo1consorciospublicos/siconfi-rgf-anexo1-tabela1.5A" xlink:type="simple" xlink:href="siconfi-rgf-anexo1consorciospublicos_2020-12-31.xsd#siconfi-rgf-anexo1-tabela1.5A"/>
  <link:roleRef roleURI="http://fazenda.gov.br/siconfi/rep/rgf/anexo1consorciospublicos/siconfi-rgf-anexo1-tabela1.5B" xlink:type="simple" xlink:href="siconfi-rgf-anexo1consorciospublicos_2020-12-31.xsd#siconfi-rgf-anexo1-tabela1.5B"/>
  <link:roleRef roleURI="http://fazenda.gov.br/siconfi/rep/rgf/anexo1consorciospublicos/siconfi-rgf-anexo1-tabela1.5C" xlink:type="simple" xlink:href="siconfi-rgf-anexo1consorciospublicos_2020-12-31.xsd#siconfi-rgf-anexo1-tabela1.5C"/>
  <link:arcroleRef arcroleURI="http://xbrl.org/int/dim/arcrole/all" xlink:type="simple" xlink:href="http://www.xbrl.org/2005/xbrldt-2005.xsd#all"/>
  <link:arcroleRef arcroleURI="http://xbrl.org/int/dim/arcrole/domain-member" xlink:type="simple" xlink:href="http://www.xbrl.org/2005/xbrldt-2005.xsd#domain-member"/>
  <link:arcroleRef arcroleURI="http://xbrl.org/int/dim/arcrole/hypercube-dimension" xlink:type="simple" xlink:href="http://www.xbrl.org/2005/xbrldt-2005.xsd#hypercube-dimension"/>
  <link:arcroleRef arcroleURI="http://xbrl.org/int/dim/arcrole/dimension-domain" xlink:type="simple" xlink:href="http://www.xbrl.org/2005/xbrldt-2005.xsd#dimension-domain"/>
  <link:arcroleRef arcroleURI="http://xbrl.org/int/dim/arcrole/notAll" xlink:type="simple" xlink:href="http://www.xbrl.org/2005/xbrldt-2005.xsd#notAll"/>
  <link:definitionLink xlink:type="extended" xlink:role="http://fazenda.gov.br/siconfi/rep/rgf/anexo1consorciospublicos/siconfi-rgf-anexo1-tabela1.5B">
    <link:loc xlink:type="locator" xlink:href="siconfi-rgf-anexo1consorciospublicos_2020-12-31.xsd#siconfi-rgf-anexo1consorciospublicos_DespesaBrutaComPessoalPorEnteConsorciadoAbstract" xlink:label="DespesaBrutaComPessoalPorEnteConsorciadoAbstract" xlink:title="DespesaBrutaComPessoalPorEnteConsorciadoAbstract"/>
    <link:loc xlink:type="locator" xlink:href="siconfi-rgf-anexo1consorciospublicos_2020-12-31.xsd#siconfi-rgf-anexo1consorciospublicos_DespesaBrutaComPessoalPorEnteConsorciadoLineItems" xlink:label="DespesaBrutaComPessoalPorEnteConsorciadoLineItems" xlink:title="DespesaBrutaComPessoalPorEnteConsorciadoLineItems"/>
    <link:definitionArc xlink:type="arc" xlink:arcrole="http://xbrl.org/int/dim/arcrole/domain-member" xlink:from="DespesaBrutaComPessoalPorEnteConsorciadoAbstract" xlink:to="DespesaBrutaComPessoalPorEnteConsorciadoLineItems" xlink:title="definition: DespesaBrutaComPessoalPorEnteConsorciadoAbstract to DespesaBrutaComPessoalPorEnteConsorciadoLineItems" order="1.0"/>
    <link:loc xlink:type="locator" xlink:href="../../../cor/ic/siconfi-cor_2020-12-31.xsd#siconfi-cor_DespesaComPessoalBrutaConsorcioValorExecutadoComRecursosDoContratoDeRateio" xlink:label="DespesaComPessoalBrutaConsorcioValorExecutadoComRecursosDoContratoDeRateio" xlink:title="DespesaComPessoalBrutaConsorcioValorExecutadoComRecursosDoContratoDeRateio"/>
    <link:definitionArc xlink:type="arc" xlink:arcrole="http://xbrl.org/int/dim/arcrole/domain-member" xlink:from="DespesaBrutaComPessoalPorEnteConsorciadoLineItems" xlink:to="DespesaComPessoalBrutaConsorcioValorExecutadoComRecursosDoContratoDeRateio" xlink:title="definition: DespesaBrutaComPessoalPorEnteConsorciadoLineItems to DespesaComPessoalBrutaConsorcioValorExecutadoComRecursosDoContratoDeRateio" order="1.0"/>
    <link:loc xlink:type="locator" xlink:href="siconfi-rgf-anexo1consorciospublicos_2020-12-31.xsd#siconfi-rgf-anexo1consorciospublicos_DespesaBrutaComPessoalPorEnteConsorciadoTable" xlink:label="DespesaBrutaComPessoalPorEnteConsorciadoTable" xlink:title="DespesaBrutaComPessoalPorEnteConsorciadoTable"/>
    <link:definitionArc xlink:type="arc" xlink:arcrole="http://xbrl.org/int/dim/arcrole/all" xlink:from="DespesaBrutaComPessoalPorEnteConsorciadoAbstract" xlink:to="DespesaBrutaComPessoalPorEnteConsorciadoTable" xlink:title="definition: DespesaBrutaComPessoalPorEnteConsorciadoAbstract to DespesaBrutaComPessoalPorEnteConsorciadoTable" order="2.0" xbrldt:contextElement="segment" xbrldt:closed="true"/>
    <link:loc xlink:type="locator" xlink:href="../../../cor/dim/siconfi-dim_2020-12-31.xsd#siconfi-dim_DespesaTotalComPessoalAxis" xlink:label="DespesaTotalComPessoalAxis" xlink:title="DespesaTotalComPessoalAxis"/>
    <link:definitionArc xlink:type="arc" xlink:arcrole="http://xbrl.org/int/dim/arcrole/hypercube-dimension" xlink:from="DespesaBrutaComPessoalPorEnteConsorciadoTable" xlink:to="DespesaTotalComPessoalAxis" xlink:title="definition: DespesaBrutaComPessoalPorEnteConsorciadoTable to DespesaTotalComPessoalAxis" order="1.0"/>
    <link:loc xlink:type="locator" xlink:href="../../../cor/dim/siconfi-dim_2020-12-31.xsd#siconfi-dim_ValoresTotaisTransferidosPorContratoDeRateioMember" xlink:label="ValoresTotaisTransferidosPorContratoDeRateioMember" xlink:title="ValoresTotaisTransferidosPorContratoDeRateioMember"/>
    <link:definitionArc xlink:type="arc" xlink:arcrole="http://xbrl.org/int/dim/arcrole/dimension-domain" xlink:from="DespesaTotalComPessoalAxis" xlink:to="ValoresTotaisTransferidosPorContratoDeRateioMember" xlink:title="definition: DespesaTotalComPessoalAxis to ValoresTotaisTransferidosPorContratoDeRateioMember" order="2.0"/>
    <link:loc xlink:type="locator" xlink:href="../../../cor/dim/siconfi-dim_2020-12-31.xsd#siconfi-dim_ValoresTransferidosPorContratoDeRateioMember" xlink:label="ValoresTransferidosPorContratoDeRateioMember" xlink:title="ValoresTransferidosPorContratoDeRateioMember"/>
    <link:definitionArc xlink:type="arc" xlink:arcrole="http://xbrl.org/int/dim/arcrole/dimension-domain" xlink:from="DespesaTotalComPessoalAxis" xlink:to="ValoresTransferidosPorContratoDeRateioMember" xlink:title="definition: DespesaTotalComPessoalAxis to ValoresTransferidosPorContratoDeRateioMember" order="1.0"/>
    <link:loc xlink:type="locator" xlink:href="../../../cor/dim/siconfi-dim_2020-12-31.xsd#siconfi-dim_IdentificacaoDoEnteAxis" xlink:label="IdentificacaoDoEnteAxis" xlink:title="IdentificacaoDoEnteAxis"/>
    <link:definitionArc xlink:type="arc" xlink:arcrole="http://xbrl.org/int/dim/arcrole/hypercube-dimension" xlink:from="DespesaBrutaComPessoalPorEnteConsorciadoTable" xlink:to="IdentificacaoDoEnteAxis" xlink:title="definition: DespesaBrutaComPessoalPorEnteConsorciadoTable to IdentificacaoDoEnteAxis" order="2.0"/>
  </link:definitionLink>
  <link:definitionLink xlink:type="extended" xlink:role="http://fazenda.gov.br/siconfi/rep/rgf/anexo1consorciospublicos/siconfi-rgf-anexo1-tabela1.5C">
    <link:loc xlink:type="locator" xlink:href="siconfi-rgf-anexo1consorciospublicos_2020-12-31.xsd#siconfi-rgf-anexo1consorciospublicos_DespesaTotalComPessoalAbstract" xlink:label="DespesaTotalComPessoalAbstract" xlink:title="DespesaTotalComPessoalAbstract"/>
    <link:loc xlink:type="locator" xlink:href="siconfi-rgf-anexo1consorciospublicos_2020-12-31.xsd#siconfi-rgf-anexo1consorciospublicos_DespesaTotalComPessoalLineItems" xlink:label="DespesaTotalComPessoalLineItems" xlink:title="DespesaTotalComPessoalLineItems"/>
    <link:definitionArc xlink:type="arc" xlink:arcrole="http://xbrl.org/int/dim/arcrole/domain-member" xlink:from="DespesaTotalComPessoalAbstract" xlink:to="DespesaTotalComPessoalLineItems" xlink:title="definition: DespesaTotalComPessoalAbstract to DespesaTotalComPessoalLineItems" order="1.0"/>
    <link:loc xlink:type="locator" xlink:href="../../../cor/ic/siconfi-cor_2020-12-31.xsd#siconfi-cor_DespesaComPessoalTotalEnteConsorciado" xlink:label="DespesaComPessoalTotalEnteConsorciado" xlink:title="DespesaComPessoalTotalEnteConsorciado"/>
    <link:definitionArc xlink:type="arc" xlink:arcrole="http://xbrl.org/int/dim/arcrole/domain-member" xlink:from="DespesaTotalComPessoalLineItems" xlink:to="DespesaComPessoalTotalEnteConsorciado" xlink:title="definition: DespesaTotalComPessoalLineItems to DespesaComPessoalTotalEnteConsorciado" order="1.0"/>
    <link:loc xlink:type="locator" xlink:href="siconfi-rgf-anexo1consorciospublicos_2020-12-31.xsd#siconfi-rgf-anexo1consorciospublicos_DespesaBrutaComPessoalPorEnteConsorciadoTotalTable" xlink:label="DespesaBrutaComPessoalPorEnteConsorciadoTotalTable" xlink:title="DespesaBrutaComPessoalPorEnteConsorciadoTotalTable"/>
    <link:definitionArc xlink:type="arc" xlink:arcrole="http://xbrl.org/int/dim/arcrole/all" xlink:from="DespesaTotalComPessoalAbstract" xlink:to="DespesaBrutaComPessoalPorEnteConsorciadoTotalTable" xlink:title="definition: DespesaTotalComPessoalAbstract to DespesaBrutaComPessoalPorEnteConsorciadoTotalTable" order="2.0" xbrldt:contextElement="segment" xbrldt:closed="true"/>
    <link:loc xlink:type="locator" xlink:href="../../../cor/dim/siconfi-dim_2020-12-31.xsd#siconfi-dim_ExecucaoDaDespesaAxis" xlink:label="ExecucaoDaDespesaAxis" xlink:title="ExecucaoDaDespesaAxis"/>
    <link:definitionArc xlink:type="arc" xlink:arcrole="http://xbrl.org/int/dim/arcrole/hypercube-dimension" xlink:from="DespesaBrutaComPessoalPorEnteConsorciadoTotalTable" xlink:to="ExecucaoDaDespesaAxis" xlink:title="definition: DespesaBrutaComPessoalPorEnteConsorciadoTotalTable to ExecucaoDaDespesaAxis" order="1.0"/>
    <link:loc xlink:type="locator" xlink:href="../../../cor/dim/siconfi-dim_2020-12-31.xsd#siconfi-dim_ValoresTransferidosPorContratoDeRateioMember" xlink:label="ValoresTransferidosPorContratoDeRateioMember" xlink:title="ValoresTransferidosPorContratoDeRateioMember"/>
    <link:definitionArc xlink:type="arc" xlink:arcrole="http://xbrl.org/int/dim/arcrole/dimension-domain" xlink:from="ExecucaoDaDespesaAxis" xlink:to="ValoresTransferidosPorContratoDeRateioMember" xlink:title="definition: ExecucaoDaDespesaAxis to ValoresTransferidosPorContratoDeRateioMember" order="1.0"/>
    <link:loc xlink:type="locator" xlink:href="../../../cor/dim/siconfi-dim_2020-12-31.xsd#siconfi-dim_ValoresTotaisTransferidosPorContratoDeRateioMember" xlink:label="ValoresTotaisTransferidosPorContratoDeRateioMember" xlink:title="ValoresTotaisTransferidosPorContratoDeRateioMember"/>
    <link:definitionArc xlink:type="arc" xlink:arcrole="http://xbrl.org/int/dim/arcrole/dimension-domain" xlink:from="ExecucaoDaDespesaAxis" xlink:to="ValoresTotaisTransferidosPorContratoDeRateioMember" xlink:title="definition: ExecucaoDaDespesaAxis to ValoresTotaisTransferidosPorContratoDeRateioMember" order="2.0"/>
  </link:definitionLink>
  <link:definitionLink xlink:type="extended" xlink:role="http://fazenda.gov.br/siconfi/rep/rgf/anexo1consorciospublicos/siconfi-rgf-anexo1-tabela1.5A">
    <link:loc xlink:type="locator" xlink:href="siconfi-rgf-anexo1consorciospublicos_2020-12-31.xsd#siconfi-rgf-anexo1consorciospublicos_DespesaComPessoalAbstract" xlink:label="DespesaComPessoalAbstract" xlink:title="DespesaComPessoalAbstract"/>
    <link:loc xlink:type="locator" xlink:href="siconfi-rgf-anexo1consorciospublicos_2020-12-31.xsd#siconfi-rgf-anexo1consorciospublicos_DespesaComPessoalLineItems" xlink:label="DespesaComPessoalLineItems" xlink:title="DespesaComPessoalLineItems"/>
    <link:definitionArc xlink:type="arc" xlink:arcrole="http://xbrl.org/int/dim/arcrole/domain-member" xlink:from="DespesaComPessoalAbstract" xlink:to="DespesaComPessoalLineItems" xlink:title="definition: DespesaComPessoalAbstract to DespesaComPessoalLineItems" order="1.0"/>
    <link:loc xlink:type="locator" xlink:href="../../../cor/ic/siconfi-cor_2020-12-31.xsd#siconfi-cor_DespesaComPessoalBrutaConsorcioContratoDeRateio" xlink:label="DespesaComPessoalBrutaConsorcioContratoDeRateio" xlink:title="DespesaComPessoalBrutaConsorcioContratoDeRateio"/>
    <link:definitionArc xlink:type="arc" xlink:arcrole="http://xbrl.org/int/dim/arcrole/domain-member" xlink:from="DespesaComPessoalLineItems" xlink:to="DespesaComPessoalBrutaConsorcioContratoDeRateio" xlink:title="definition: DespesaComPessoalLineItems to DespesaComPessoalBrutaConsorcioContratoDeRateio" order="1.0"/>
    <link:loc xlink:type="locator" xlink:href="../../../cor/ic/siconfi-cor_2020-12-31.xsd#siconfi-cor_DespesaComPessoalAtivoBrutaConsorcioContratoDeRateio" xlink:label="DespesaComPessoalAtivoBrutaConsorcioContratoDeRateio" xlink:title="DespesaComPessoalAtivoBrutaConsorcioContratoDeRateio"/>
    <link:definitionArc xlink:type="arc" xlink:arcrole="http://xbrl.org/int/dim/arcrole/domain-member" xlink:from="DespesaComPessoalBrutaConsorcioContratoDeRateio" xlink:to="DespesaComPessoalAtivoBrutaConsorcioContratoDeRateio" xlink:title="definition: DespesaComPessoalBrutaConsorcioContratoDeRateio to DespesaComPessoalAtivoBrutaConsorcioContratoDeRateio" order="1.0"/>
    <link:loc xlink:type="locator" xlink:href="../../../cor/ic/siconfi-cor_2020-12-31.xsd#siconfi-cor_DespesaComPessoalDecorrenteDeTerceirizacaoPorSubstituicaoBrutaConsorcioContratoDeRateio" xlink:label="DespesaComPessoalDecorrenteDeTerceirizacaoPorSubstituicaoBrutaConsorcioContratoDeRateio" xlink:title="DespesaComPessoalDecorrenteDeTerceirizacaoPorSubstituicaoBrutaConsorcioContratoDeRateio"/>
    <link:definitionArc xlink:type="arc" xlink:arcrole="http://xbrl.org/int/dim/arcrole/domain-member" xlink:from="DespesaComPessoalBrutaConsorcioContratoDeRateio" xlink:to="DespesaComPessoalDecorrenteDeTerceirizacaoPorSubstituicaoBrutaConsorcioContratoDeRateio" xlink:title="definition: DespesaComPessoalBrutaConsorcioContratoDeRateio to DespesaComPessoalDecorrenteDeTerceirizacaoPorSubstituicaoBrutaConsorcioContratoDeRateio" order="2.0"/>
    <link:loc xlink:type="locator" xlink:href="../../../cor/ic/siconfi-cor_2020-12-31.xsd#siconfi-cor_DespesaComPessoalNaoComputadaConsorcioContratoDeRateio" xlink:label="DespesaComPessoalNaoComputadaConsorcioContratoDeRateio" xlink:title="DespesaComPessoalNaoComputadaConsorcioContratoDeRateio"/>
    <link:definitionArc xlink:type="arc" xlink:arcrole="http://xbrl.org/int/dim/arcrole/domain-member" xlink:from="DespesaComPessoalLineItems" xlink:to="DespesaComPessoalNaoComputadaConsorcioContratoDeRateio" xlink:title="definition: DespesaComPessoalLineItems to DespesaComPessoalNaoComputadaConsorcioContratoDeRateio" order="2.0"/>
    <link:loc xlink:type="locator" xlink:href="../../../cor/ic/siconfi-cor_2020-12-31.xsd#siconfi-cor_DespesaComPessoalNaoComputadaIndenizacaoDemissaoVoluntariaConsorcioContratoDeRateio" xlink:label="DespesaComPessoalNaoComputadaIndenizacaoDemissaoVoluntariaConsorcioContratoDeRateio" xlink:title="DespesaComPessoalNaoComputadaIndenizacaoDemissaoVoluntariaConsorcioContratoDeRateio"/>
    <link:definitionArc xlink:type="arc" xlink:arcrole="http://xbrl.org/int/dim/arcrole/domain-member" xlink:from="DespesaComPessoalNaoComputadaConsorcioContratoDeRateio" xlink:to="DespesaComPessoalNaoComputadaIndenizacaoDemissaoVoluntariaConsorcioContratoDeRateio" xlink:title="definition: DespesaComPessoalNaoComputadaConsorcioContratoDeRateio to DespesaComPessoalNaoComputadaIndenizacaoDemissaoVoluntariaConsorcioContratoDeRateio" order="1.0"/>
    <link:loc xlink:type="locator" xlink:href="../../../cor/ic/siconfi-cor_2020-12-31.xsd#siconfi-cor_DespesaComPessoalNaoComputadaDecisaoJudicialPeriodoAnteriorAoDaApuracaoConsorcioContratoDeRateio" xlink:label="DespesaComPessoalNaoComputadaDecisaoJudicialPeriodoAnteriorAoDaApuracaoConsorcioContratoDeRateio" xlink:title="DespesaComPessoalNaoComputadaDecisaoJudicialPeriodoAnteriorAoDaApuracaoConsorcioContratoDeRateio"/>
    <link:definitionArc xlink:type="arc" xlink:arcrole="http://xbrl.org/int/dim/arcrole/domain-member" xlink:from="DespesaComPessoalNaoComputadaConsorcioContratoDeRateio" xlink:to="DespesaComPessoalNaoComputadaDecisaoJudicialPeriodoAnteriorAoDaApuracaoConsorcioContratoDeRateio" xlink:title="definition: DespesaComPessoalNaoComputadaConsorcioContratoDeRateio to DespesaComPessoalNaoComputadaDecisaoJudicialPeriodoAnteriorAoDaApuracaoConsorcioContratoDeRateio" order="2.0"/>
    <link:loc xlink:type="locator" xlink:href="../../../cor/ic/siconfi-cor_2020-12-31.xsd#siconfi-cor_DespesaComPessoalNaoComputadaExerciciosAnterioresAoPeriodoDaApuracaoConsorcioContratoDeRateio" xlink:label="DespesaComPessoalNaoComputadaExerciciosAnterioresAoPeriodoDaApuracaoConsorcioContratoDeRateio" xlink:title="DespesaComPessoalNaoComputadaExerciciosAnterioresAoPeriodoDaApuracaoConsorcioContratoDeRateio"/>
    <link:definitionArc xlink:type="arc" xlink:arcrole="http://xbrl.org/int/dim/arcrole/domain-member" xlink:from="DespesaComPessoalNaoComputadaConsorcioContratoDeRateio" xlink:to="DespesaComPessoalNaoComputadaExerciciosAnterioresAoPeriodoDaApuracaoConsorcioContratoDeRateio" xlink:title="definition: DespesaComPessoalNaoComputadaConsorcioContratoDeRateio to DespesaComPessoalNaoComputadaExerciciosAnterioresAoPeriodoDaApuracaoConsorcioContratoDeRateio" order="3.0"/>
    <link:loc xlink:type="locator" xlink:href="../../../cor/ic/siconfi-cor_2020-12-31.xsd#siconfi-cor_DespesaComPessoalLiquidaConsorcioContratoDeRateio" xlink:label="DespesaComPessoalLiquidaConsorcioContratoDeRateio" xlink:title="DespesaComPessoalLiquidaConsorcioContratoDeRateio"/>
    <link:definitionArc xlink:type="arc" xlink:arcrole="http://xbrl.org/int/dim/arcrole/domain-member" xlink:from="DespesaComPessoalLineItems" xlink:to="DespesaComPessoalLiquidaConsorcioContratoDeRateio" xlink:title="definition: DespesaComPessoalLineItems to DespesaComPessoalLiquidaConsorcioContratoDeRateio" order="3.0"/>
    <link:loc xlink:type="locator" xlink:href="../../../cor/ic/siconfi-cor_2020-12-31.xsd#siconfi-cor_DespesaComPessoalLiquidaRecursoProprioConsorcioContratoDeRateio" xlink:label="DespesaComPessoalLiquidaRecursoProprioConsorcioContratoDeRateio" xlink:title="DespesaComPessoalLiquidaRecursoProprioConsorcioContratoDeRateio"/>
    <link:definitionArc xlink:type="arc" xlink:arcrole="http://xbrl.org/int/dim/arcrole/domain-member" xlink:from="DespesaComPessoalLineItems" xlink:to="DespesaComPessoalLiquidaRecursoProprioConsorcioContratoDeRateio" xlink:title="definition: DespesaComPessoalLineItems to DespesaComPessoalLiquidaRecursoProprioConsorcioContratoDeRateio" order="4.0"/>
    <link:loc xlink:type="locator" xlink:href="../../../cor/ic/siconfi-cor_2020-12-31.xsd#siconfi-cor_DespesaComPessoalTotalConsorcio" xlink:label="DespesaComPessoalTotalConsorcio" xlink:title="DespesaComPessoalTotalConsorcio"/>
    <link:definitionArc xlink:type="arc" xlink:arcrole="http://xbrl.org/int/dim/arcrole/domain-member" xlink:from="DespesaComPessoalLineItems" xlink:to="DespesaComPessoalTotalConsorcio" xlink:title="definition: DespesaComPessoalLineItems to DespesaComPessoalTotalConsorcio" order="5.0"/>
    <link:loc xlink:type="locator" xlink:href="siconfi-rgf-anexo1consorciospublicos_2020-12-31.xsd#siconfi-rgf-anexo1consorciospublicos_DespesaComPessoalTable" xlink:label="DespesaComPessoalTable" xlink:title="DespesaComPessoalTable"/>
    <link:definitionArc xlink:type="arc" xlink:arcrole="http://xbrl.org/int/dim/arcrole/all" xlink:from="DespesaComPessoalAbstract" xlink:to="DespesaComPessoalTable" xlink:title="definition: DespesaComPessoalAbstract to DespesaComPessoalTable" order="2.0" xbrldt:contextElement="segment" xbrldt:closed="true"/>
    <link:loc xlink:type="locator" xlink:href="../../../cor/dim/siconfi-dim_2020-12-31.xsd#siconfi-dim_EstagiosDespesaOrcamentariaAxis" xlink:label="EstagiosDespesaOrcamentariaAxis" xlink:title="EstagiosDespesaOrcamentariaAxis"/>
    <link:definitionArc xlink:type="arc" xlink:arcrole="http://xbrl.org/int/dim/arcrole/hypercube-dimension" xlink:from="DespesaComPessoalTable" xlink:to="EstagiosDespesaOrcamentariaAxis" xlink:title="definition: DespesaComPessoalTable to EstagiosDespesaOrcamentariaAxis" order="1.0"/>
    <link:loc xlink:type="locator" xlink:href="../../../cor/dim/siconfi-dim_2020-12-31.xsd#siconfi-dim_DespesasExecutadasUltimos12MesesMember" xlink:label="DespesasExecutadasUltimos12MesesMember" xlink:title="DespesasExecutadasUltimos12MesesMember"/>
    <link:definitionArc xlink:type="arc" xlink:arcrole="http://xbrl.org/int/dim/arcrole/dimension-domain" xlink:from="EstagiosDespesaOrcamentariaAxis" xlink:to="DespesasExecutadasUltimos12MesesMember" xlink:title="definition: EstagiosDespesaOrcamentariaAxis to DespesasExecutadasUltimos12MesesMember" order="1.0" xbrldt:usable="false"/>
    <link:loc xlink:type="locator" xlink:href="../../../cor/dim/siconfi-dim_2020-12-31.xsd#siconfi-dim_DespesasInscritasEmRestosAPagarNaoProcessadosUltimos12MesesMember" xlink:label="DespesasInscritasEmRestosAPagarNaoProcessadosUltimos12MesesMember" xlink:title="DespesasInscritasEmRestosAPagarNaoProcessadosUltimos12MesesMember"/>
    <link:definitionArc xlink:type="arc" xlink:arcrole="http://xbrl.org/int/dim/arcrole/domain-member" xlink:from="DespesasExecutadasUltimos12MesesMember" xlink:to="DespesasInscritasEmRestosAPagarNaoProcessadosUltimos12MesesMember" xlink:title="definition: DespesasExecutadasUltimos12MesesMember to DespesasInscritasEmRestosAPagarNaoProcessadosUltimos12MesesMember" order="2.0"/>
    <link:loc xlink:type="locator" xlink:href="../../../cor/dim/siconfi-dim_2020-12-31.xsd#siconfi-dim_DespesasLiquidadasUltimos12MesesMember" xlink:label="DespesasLiquidadasUltimos12MesesMember" xlink:title="DespesasLiquidadasUltimos12MesesMember"/>
    <link:definitionArc xlink:type="arc" xlink:arcrole="http://xbrl.org/int/dim/arcrole/domain-member" xlink:from="DespesasExecutadasUltimos12MesesMember" xlink:to="DespesasLiquidadasUltimos12MesesMember" xlink:title="definition: DespesasExecutadasUltimos12MesesMember to DespesasLiquidadasUltimos12MesesMember" order="1.0"/>
    <link:loc xlink:type="locator" xlink:href="../../../cor/dim/siconfi-dim_2020-12-31.xsd#siconfi-dim_TotalDespesaMember" xlink:label="TotalDespesaMember" xlink:title="TotalDespesaMember"/>
    <link:definitionArc xlink:type="arc" xlink:arcrole="http://xbrl.org/int/dim/arcrole/domain-member" xlink:from="DespesasExecutadasUltimos12MesesMember" xlink:to="TotalDespesaMember" xlink:title="definition: DespesasExecutadasUltimos12MesesMember to TotalDespesaMember" order="3.0"/>
  </link:definitionLink>
</link:linkbase>
