<?xml version="1.0" encoding="UTF-8"?>
<!-- Generated by Fujitsu Interstage XWand B0196 -->
<link:linkbase xmlns:xsi="http://www.w3.org/2001/XMLSchema-instance" xsi:schemaLocation="http://www.xbrl.org/2003/linkbase http://www.xbrl.org/2003/xbrl-linkbase-2003-12-31.xsd" xmlns:link="http://www.xbrl.org/2003/linkbase" xmlns:xlink="http://www.w3.org/1999/xlink" xmlns:xbrli="http://www.xbrl.org/2003/instance">
  <link:roleRef roleURI="http://fazenda.gov.br/siconfi/rep/rgf/anexo4uniao/siconfi-rgf-anexo4-tabela4.2" xlink:type="simple" xlink:href="siconfi-rgf-anexo4uniao_2019-12-31.xsd#siconfi-rgf-anexo4-tabela4.2"/>
  <link:labelLink xlink:type="extended" xlink:role="http://fazenda.gov.br/siconfi/rep/rgf/anexo4uniao/siconfi-rgf-anexo4-tabela4.2">
    <link:loc xlink:type="locator" xlink:href="../../../cor/dim/siconfi-dim_2019-12-31.xsd#siconfi-dim_ApuracaoOperacoesDeCreditoAxis" xlink:label="ApuracaoOperacoesDeCreditoAxis" xlink:title="ApuracaoOperacoesDeCreditoAxis"/>
    <link:label xlink:type="resource" xlink:label="label_ApuracaoOperacoesDeCreditoAxis" xlink:role="http://www.xbrl.org/2003/role/label" xlink:title="label_ApuracaoOperacoesDeCreditoAxis" xml:lang="pt-br" id="label_ApuracaoOperacoesDeCreditoAxis">Apuração do Cumprimento dos Limites [axis] [orientacao=horizontal]</link:label>
    <link:labelArc xlink:type="arc" xlink:arcrole="http://www.xbrl.org/2003/arcrole/concept-label" xlink:from="ApuracaoOperacoesDeCreditoAxis" xlink:to="label_ApuracaoOperacoesDeCreditoAxis" xlink:title="label: ApuracaoOperacoesDeCreditoAxis to label_ApuracaoOperacoesDeCreditoAxis"/>
    <link:loc xlink:type="locator" xlink:href="../../../cor/dim/siconfi-dim_2019-12-31.xsd#siconfi-dim_ComparativoSaldoDividaAxis" xlink:label="ComparativoSaldoDividaAxis" xlink:title="ComparativoSaldoDividaAxis"/>
    <link:label xlink:type="resource" xlink:label="label_ComparativoSaldoDividaAxis" xlink:role="http://www.xbrl.org/2003/role/label" xlink:title="label_ComparativoSaldoDividaAxis" xml:lang="pt-br" id="label_ComparativoSaldoDividaAxis">Comparativo do Saldo da Dívida [axis] [orientacao=horizontal]</link:label>
    <link:labelArc xlink:type="arc" xlink:arcrole="http://www.xbrl.org/2003/arcrole/concept-label" xlink:from="ComparativoSaldoDividaAxis" xlink:to="label_ComparativoSaldoDividaAxis" xlink:title="label: ComparativoSaldoDividaAxis to label_ComparativoSaldoDividaAxis"/>
    <link:loc xlink:type="locator" xlink:href="../../../cor/dim/siconfi-dim_2019-12-31.xsd#siconfi-dim_ValorRealizadoPeriodoAxis" xlink:label="ValorRealizadoPeriodoAxis" xlink:title="ValorRealizadoPeriodoAxis"/>
    <link:label xlink:type="resource" xlink:label="label_ValorRealizadoPeriodoAxis" xlink:role="http://www.xbrl.org/2003/role/label" xlink:title="label_ValorRealizadoPeriodoAxis" xml:lang="pt-br" id="label_ValorRealizadoPeriodoAxis">Valor Realizado no Período [axis] [orientacao=horizontal]</link:label>
    <link:labelArc xlink:type="arc" xlink:arcrole="http://www.xbrl.org/2003/arcrole/concept-label" xlink:from="ValorRealizadoPeriodoAxis" xlink:to="label_ValorRealizadoPeriodoAxis" xlink:title="label: ValorRealizadoPeriodoAxis to label_ValorRealizadoPeriodoAxis"/>
    <link:loc xlink:type="locator" xlink:href="../../../cor/dim/siconfi-dim_2019-12-31.xsd#siconfi-dim_ApuracaoPercentualSobreARCLMember" xlink:label="ApuracaoPercentualSobreARCLMember" xlink:title="ApuracaoPercentualSobreARCLMember"/>
    <link:label xlink:type="resource" xlink:label="label_ApuracaoPercentualSobreARCLMember" xlink:role="http://www.xbrl.org/2003/role/label" xlink:title="label_ApuracaoPercentualSobreARCLMember" xml:lang="pt-br" id="label_ApuracaoPercentualSobreARCLMember">% SOBRE A RCL [member]</link:label>
    <link:labelArc xlink:type="arc" xlink:arcrole="http://www.xbrl.org/2003/arcrole/concept-label" xlink:from="ApuracaoPercentualSobreARCLMember" xlink:to="label_ApuracaoPercentualSobreARCLMember" xlink:title="label: ApuracaoPercentualSobreARCLMember to label_ApuracaoPercentualSobreARCLMember"/>
    <link:loc xlink:type="locator" xlink:href="../../../cor/dim/siconfi-dim_2019-12-31.xsd#siconfi-dim_ApuracaoValorMember" xlink:label="ApuracaoValorMember" xlink:title="ApuracaoValorMember"/>
    <link:label xlink:type="resource" xlink:label="label_ApuracaoValorMember" xlink:role="http://www.xbrl.org/2003/role/label" xlink:title="label_ApuracaoValorMember" xml:lang="pt-br" id="label_ApuracaoValorMember">VALOR [member]</link:label>
    <link:labelArc xlink:type="arc" xlink:arcrole="http://www.xbrl.org/2003/arcrole/concept-label" xlink:from="ApuracaoValorMember" xlink:to="label_ApuracaoValorMember" xlink:title="label: ApuracaoValorMember to label_ApuracaoValorMember"/>
    <link:loc xlink:type="locator" xlink:href="../../../cor/dim/siconfi-dim_2019-12-31.xsd#siconfi-dim_AteOQuadrimestreDeReferenciaMember" xlink:label="AteOQuadrimestreDeReferenciaMember" xlink:title="AteOQuadrimestreDeReferenciaMember"/>
    <link:label xlink:type="resource" xlink:label="label_AteOQuadrimestreDeReferenciaMember" xlink:role="http://www.xbrl.org/2003/role/label" xlink:title="label_AteOQuadrimestreDeReferenciaMember" xml:lang="pt-br" id="label_AteOQuadrimestreDeReferenciaMember">Até o Quadrimestre de Referência (a) [member]</link:label>
    <link:labelArc xlink:type="arc" xlink:arcrole="http://www.xbrl.org/2003/arcrole/concept-label" xlink:from="AteOQuadrimestreDeReferenciaMember" xlink:to="label_AteOQuadrimestreDeReferenciaMember" xlink:title="label: AteOQuadrimestreDeReferenciaMember to label_AteOQuadrimestreDeReferenciaMember"/>
    <link:loc xlink:type="locator" xlink:href="../../../cor/dim/siconfi-dim_2019-12-31.xsd#siconfi-dim_NoQuadrimestreDeReferenciaMember" xlink:label="NoQuadrimestreDeReferenciaMember" xlink:title="NoQuadrimestreDeReferenciaMember"/>
    <link:label xlink:type="resource" xlink:label="label_NoQuadrimestreDeReferenciaMember" xlink:role="http://www.xbrl.org/2003/role/label" xlink:title="label_NoQuadrimestreDeReferenciaMember" xml:lang="pt-br" id="label_NoQuadrimestreDeReferenciaMember">No Quadrimestre de Referência [member]</link:label>
    <link:labelArc xlink:type="arc" xlink:arcrole="http://www.xbrl.org/2003/arcrole/concept-label" xlink:from="NoQuadrimestreDeReferenciaMember" xlink:to="label_NoQuadrimestreDeReferenciaMember" xlink:title="label: NoQuadrimestreDeReferenciaMember to label_NoQuadrimestreDeReferenciaMember"/>
    <link:loc xlink:type="locator" xlink:href="../../../cor/dim/siconfi-dim_2019-12-31.xsd#siconfi-dim_ValorMember" xlink:label="ValorMember" xlink:title="ValorMember"/>
    <link:label xlink:type="resource" xlink:label="label_ValorMember" xlink:role="http://www.xbrl.org/2003/role/label" xlink:title="label_ValorMember" xml:lang="pt-br" id="label_ValorMember">VALOR REALIZADO [member]</link:label>
    <link:labelArc xlink:type="arc" xlink:arcrole="http://www.xbrl.org/2003/arcrole/concept-label" xlink:from="ValorMember" xlink:to="label_ValorMember" xlink:title="label: ValorMember to label_ValorMember"/>
    <link:loc xlink:type="locator" xlink:href="../../../cor/ic/siconfi-cor_2019-12-31.xsd#siconfi-cor_LimiteDeAlertaOperacoesCredito" xlink:label="LimiteDeAlertaOperacoesCredito" xlink:title="LimiteDeAlertaOperacoesCredito"/>
    <link:label xlink:type="resource" xlink:label="label_LimiteDeAlertaOperacoesCredito" xlink:role="http://www.xbrl.org/2003/role/label" xlink:title="label_LimiteDeAlertaOperacoesCredito" xml:lang="pt-br" id="label_LimiteDeAlertaOperacoesCredito">LIMITE DE ALERTA (inciso III § 1º do art. 59 da LRF)</link:label>
    <link:labelArc xlink:type="arc" xlink:arcrole="http://www.xbrl.org/2003/arcrole/concept-label" xlink:from="LimiteDeAlertaOperacoesCredito" xlink:to="label_LimiteDeAlertaOperacoesCredito" xlink:title="label: LimiteDeAlertaOperacoesCredito to label_LimiteDeAlertaOperacoesCredito"/>
    <link:loc xlink:type="locator" xlink:href="../../../cor/ic/siconfi-cor_2019-12-31.xsd#siconfi-cor_LimiteDefinidoPorResolucaoDoSenadoFederalParaAsOperacoesDeCreditoPorAntecipacaoDaReceitaOrcamentaria" xlink:label="LimiteDefinidoPorResolucaoDoSenadoFederalParaAsOperacoesDeCreditoPorAntecipacaoDaReceitaOrcamentaria" xlink:title="LimiteDefinidoPorResolucaoDoSenadoFederalParaAsOperacoesDeCreditoPorAntecipacaoDaReceitaOrcamentaria"/>
    <link:label xlink:type="resource" xlink:label="label_LimiteDefinidoPorResolucaoDoSenadoFederalParaAsOperacoesDeCreditoPorAntecipacaoDaReceitaOrcamentaria" xlink:role="http://www.xbrl.org/2003/role/label" xlink:title="label_LimiteDefinidoPorResolucaoDoSenadoFederalParaAsOperacoesDeCreditoPorAntecipacaoDaReceitaOrcamentaria" xml:lang="pt-br" id="label_LimiteDefinidoPorResolucaoDoSenadoFederalParaAsOperacoesDeCreditoPorAntecipacaoDaReceitaOrcamentaria">LIMITE DEFINIDO POR RESOLUÇÃO DO SENADO FEDERAL PARA AS OPERAÇÕES DE CRÉDITO POR ANTECIPAÇÃO DA RECEITA ORÇAMENTÁRIA</link:label>
    <link:labelArc xlink:type="arc" xlink:arcrole="http://www.xbrl.org/2003/arcrole/concept-label" xlink:from="LimiteDefinidoPorResolucaoDoSenadoFederalParaAsOperacoesDeCreditoPorAntecipacaoDaReceitaOrcamentaria" xlink:to="label_LimiteDefinidoPorResolucaoDoSenadoFederalParaAsOperacoesDeCreditoPorAntecipacaoDaReceitaOrcamentaria" xlink:title="label: LimiteDefinidoPorResolucaoDoSenadoFederalParaAsOperacoesDeCreditoPorAntecipacaoDaReceitaOrcamentaria to label_LimiteDefinidoPorResolucaoDoSenadoFederalParaAsOperacoesDeCreditoPorAntecipacaoDaReceitaOrcamentaria"/>
    <link:loc xlink:type="locator" xlink:href="../../../cor/ic/siconfi-cor_2019-12-31.xsd#siconfi-cor_LimiteGeralDefinidoPorResolucaoDoSenadoFederalParaAsOperacoesDeCreditoInternasEExternas" xlink:label="LimiteGeralDefinidoPorResolucaoDoSenadoFederalParaAsOperacoesDeCreditoInternasEExternas" xlink:title="LimiteGeralDefinidoPorResolucaoDoSenadoFederalParaAsOperacoesDeCreditoInternasEExternas"/>
    <link:label xlink:type="resource" xlink:label="label_LimiteGeralDefinidoPorResolucaoDoSenadoFederalParaAsOperacoesDeCreditoInternasEExternas" xlink:role="http://www.xbrl.org/2003/role/label" xlink:title="label_LimiteGeralDefinidoPorResolucaoDoSenadoFederalParaAsOperacoesDeCreditoInternasEExternas" xml:lang="pt-br" id="label_LimiteGeralDefinidoPorResolucaoDoSenadoFederalParaAsOperacoesDeCreditoInternasEExternas">LIMITE GERAL DEFINIDO POR RESOLUÇÃO DO SENADO FEDERAL PARA AS OPERAÇÕES DE CRÉDITO INTERNAS E EXTERNAS</link:label>
    <link:labelArc xlink:type="arc" xlink:arcrole="http://www.xbrl.org/2003/arcrole/concept-label" xlink:from="LimiteGeralDefinidoPorResolucaoDoSenadoFederalParaAsOperacoesDeCreditoInternasEExternas" xlink:to="label_LimiteGeralDefinidoPorResolucaoDoSenadoFederalParaAsOperacoesDeCreditoInternasEExternas" xlink:title="label: LimiteGeralDefinidoPorResolucaoDoSenadoFederalParaAsOperacoesDeCreditoInternasEExternas to label_LimiteGeralDefinidoPorResolucaoDoSenadoFederalParaAsOperacoesDeCreditoInternasEExternas"/>
    <link:loc xlink:type="locator" xlink:href="../../../cor/ic/siconfi-cor_2019-12-31.xsd#siconfi-cor_OperacoesDeCreditoContratualExterna" xlink:label="OperacoesDeCreditoContratualExterna" xlink:title="OperacoesDeCreditoContratualExterna"/>
    <link:label xlink:type="resource" xlink:label="label_OperacoesDeCreditoContratualExterna" xlink:role="http://www.xbrl.org/2003/role/label" xlink:title="label_OperacoesDeCreditoContratualExterna" xml:lang="pt-br" id="label_OperacoesDeCreditoContratualExterna">Externa</link:label>
    <link:labelArc xlink:type="arc" xlink:arcrole="http://www.xbrl.org/2003/arcrole/concept-label" xlink:from="OperacoesDeCreditoContratualExterna" xlink:to="label_OperacoesDeCreditoContratualExterna" xlink:title="label: OperacoesDeCreditoContratualExterna to label_OperacoesDeCreditoContratualExterna"/>
    <link:loc xlink:type="locator" xlink:href="../../../cor/ic/siconfi-cor_2019-12-31.xsd#siconfi-cor_OperacoesDeCreditoContratualExternaAssuncaoReconhecimentoEConfissaoDeDividas" xlink:label="OperacoesDeCreditoContratualExternaAssuncaoReconhecimentoEConfissaoDeDividas" xlink:title="OperacoesDeCreditoContratualExternaAssuncaoReconhecimentoEConfissaoDeDividas"/>
    <link:label xlink:type="resource" xlink:label="label_OperacoesDeCreditoContratualExternaAssuncaoReconhecimentoEConfissaoDeDividas" xlink:role="http://www.xbrl.org/2003/role/label" xlink:title="label_OperacoesDeCreditoContratualExternaAssuncaoReconhecimentoEConfissaoDeDividas" xml:lang="pt-br" id="label_OperacoesDeCreditoContratualExternaAssuncaoReconhecimentoEConfissaoDeDividas">Assunção Reconhecimento e Confissão de Dívidas (LRF, art. 29, § 1º)</link:label>
    <link:labelArc xlink:type="arc" xlink:arcrole="http://www.xbrl.org/2003/arcrole/concept-label" xlink:from="OperacoesDeCreditoContratualExternaAssuncaoReconhecimentoEConfissaoDeDividas" xlink:to="label_OperacoesDeCreditoContratualExternaAssuncaoReconhecimentoEConfissaoDeDividas" xlink:title="label: OperacoesDeCreditoContratualExternaAssuncaoReconhecimentoEConfissaoDeDividas to label_OperacoesDeCreditoContratualExternaAssuncaoReconhecimentoEConfissaoDeDividas"/>
    <link:loc xlink:type="locator" xlink:href="../../../cor/ic/siconfi-cor_2019-12-31.xsd#siconfi-cor_OperacoesDeCreditoContratualInterna" xlink:label="OperacoesDeCreditoContratualInterna" xlink:title="OperacoesDeCreditoContratualInterna"/>
    <link:label xlink:type="resource" xlink:label="label_OperacoesDeCreditoContratualInterna" xlink:role="http://www.xbrl.org/2003/role/label" xlink:title="label_OperacoesDeCreditoContratualInterna" xml:lang="pt-br" id="label_OperacoesDeCreditoContratualInterna">Interna</link:label>
    <link:labelArc xlink:type="arc" xlink:arcrole="http://www.xbrl.org/2003/arcrole/concept-label" xlink:from="OperacoesDeCreditoContratualInterna" xlink:to="label_OperacoesDeCreditoContratualInterna" xlink:title="label: OperacoesDeCreditoContratualInterna to label_OperacoesDeCreditoContratualInterna"/>
    <link:loc xlink:type="locator" xlink:href="../../../cor/ic/siconfi-cor_2019-12-31.xsd#siconfi-cor_OperacoesDeCreditoContratualInternaAssuncaoReconhecimentoEConfissaoDeDividas" xlink:label="OperacoesDeCreditoContratualInternaAssuncaoReconhecimentoEConfissaoDeDividas" xlink:title="OperacoesDeCreditoContratualInternaAssuncaoReconhecimentoEConfissaoDeDividas"/>
    <link:label xlink:type="resource" xlink:label="label_OperacoesDeCreditoContratualInternaAssuncaoReconhecimentoEConfissaoDeDividas" xlink:role="http://www.xbrl.org/2003/role/label" xlink:title="label_OperacoesDeCreditoContratualInternaAssuncaoReconhecimentoEConfissaoDeDividas" xml:lang="pt-br" id="label_OperacoesDeCreditoContratualInternaAssuncaoReconhecimentoEConfissaoDeDividas">Assunção Reconhecimento e Confissão de Dívidas (LRF, art. 29, § 1º) </link:label>
    <link:labelArc xlink:type="arc" xlink:arcrole="http://www.xbrl.org/2003/arcrole/concept-label" xlink:from="OperacoesDeCreditoContratualInternaAssuncaoReconhecimentoEConfissaoDeDividas" xlink:to="label_OperacoesDeCreditoContratualInternaAssuncaoReconhecimentoEConfissaoDeDividas" xlink:title="label: OperacoesDeCreditoContratualInternaAssuncaoReconhecimentoEConfissaoDeDividas to label_OperacoesDeCreditoContratualInternaAssuncaoReconhecimentoEConfissaoDeDividas"/>
    <link:loc xlink:type="locator" xlink:href="../../../cor/ic/siconfi-cor_2019-12-31.xsd#siconfi-cor_OperacoesDeCreditoContratualInternaOutrasOperacoesDeCredito" xlink:label="OperacoesDeCreditoContratualInternaOutrasOperacoesDeCredito" xlink:title="OperacoesDeCreditoContratualInternaOutrasOperacoesDeCredito"/>
    <link:label xlink:type="resource" xlink:label="label_OperacoesDeCreditoContratualInternaOutrasOperacoesDeCredito" xlink:role="http://www.xbrl.org/2003/role/label" xlink:title="label_OperacoesDeCreditoContratualInternaOutrasOperacoesDeCredito" xml:lang="pt-br" id="label_OperacoesDeCreditoContratualInternaOutrasOperacoesDeCredito">Outras Operações Contratuais Internas</link:label>
    <link:labelArc xlink:type="arc" xlink:arcrole="http://www.xbrl.org/2003/arcrole/concept-label" xlink:from="OperacoesDeCreditoContratualInternaOutrasOperacoesDeCredito" xlink:to="label_OperacoesDeCreditoContratualInternaOutrasOperacoesDeCredito" xlink:title="label: OperacoesDeCreditoContratualInternaOutrasOperacoesDeCredito to label_OperacoesDeCreditoContratualInternaOutrasOperacoesDeCredito"/>
    <link:loc xlink:type="locator" xlink:href="../../../cor/ic/siconfi-cor_2019-12-31.xsd#siconfi-cor_OperacoesDeCreditoMobiliariaExterna" xlink:label="OperacoesDeCreditoMobiliariaExterna" xlink:title="OperacoesDeCreditoMobiliariaExterna"/>
    <link:label xlink:type="resource" xlink:label="label_OperacoesDeCreditoMobiliariaExterna" xlink:role="http://www.xbrl.org/2003/role/label" xlink:title="label_OperacoesDeCreditoMobiliariaExterna" xml:lang="pt-br" id="label_OperacoesDeCreditoMobiliariaExterna">Externa</link:label>
    <link:labelArc xlink:type="arc" xlink:arcrole="http://www.xbrl.org/2003/arcrole/concept-label" xlink:from="OperacoesDeCreditoMobiliariaExterna" xlink:to="label_OperacoesDeCreditoMobiliariaExterna" xlink:title="label: OperacoesDeCreditoMobiliariaExterna to label_OperacoesDeCreditoMobiliariaExterna"/>
    <link:loc xlink:type="locator" xlink:href="../../../cor/ic/siconfi-cor_2019-12-31.xsd#siconfi-cor_OperacoesDeCreditoMobiliariaExternaRefinanciamento" xlink:label="OperacoesDeCreditoMobiliariaExternaRefinanciamento" xlink:title="OperacoesDeCreditoMobiliariaExternaRefinanciamento"/>
    <link:label xlink:type="resource" xlink:label="label_OperacoesDeCreditoMobiliariaExternaRefinanciamento" xlink:role="http://www.xbrl.org/2003/role/label" xlink:title="label_OperacoesDeCreditoMobiliariaExternaRefinanciamento" xml:lang="pt-br" id="label_OperacoesDeCreditoMobiliariaExternaRefinanciamento">Refinanciamento </link:label>
    <link:labelArc xlink:type="arc" xlink:arcrole="http://www.xbrl.org/2003/arcrole/concept-label" xlink:from="OperacoesDeCreditoMobiliariaExternaRefinanciamento" xlink:to="label_OperacoesDeCreditoMobiliariaExternaRefinanciamento" xlink:title="label: OperacoesDeCreditoMobiliariaExternaRefinanciamento to label_OperacoesDeCreditoMobiliariaExternaRefinanciamento"/>
    <link:loc xlink:type="locator" xlink:href="../../../cor/ic/siconfi-cor_2019-12-31.xsd#siconfi-cor_OperacoesDeCreditoMobiliariaInterna" xlink:label="OperacoesDeCreditoMobiliariaInterna" xlink:title="OperacoesDeCreditoMobiliariaInterna"/>
    <link:label xlink:type="resource" xlink:label="label_OperacoesDeCreditoMobiliariaInterna" xlink:role="http://www.xbrl.org/2003/role/label" xlink:title="label_OperacoesDeCreditoMobiliariaInterna" xml:lang="pt-br" id="label_OperacoesDeCreditoMobiliariaInterna">Interna</link:label>
    <link:labelArc xlink:type="arc" xlink:arcrole="http://www.xbrl.org/2003/arcrole/concept-label" xlink:from="OperacoesDeCreditoMobiliariaInterna" xlink:to="label_OperacoesDeCreditoMobiliariaInterna" xlink:title="label: OperacoesDeCreditoMobiliariaInterna to label_OperacoesDeCreditoMobiliariaInterna"/>
    <link:loc xlink:type="locator" xlink:href="../../../cor/ic/siconfi-cor_2019-12-31.xsd#siconfi-cor_OperacoesDeCreditoMobiliariaInternaAssuncaoReconhecimentoEConfissaoDeDividas" xlink:label="OperacoesDeCreditoMobiliariaInternaAssuncaoReconhecimentoEConfissaoDeDividas" xlink:title="OperacoesDeCreditoMobiliariaInternaAssuncaoReconhecimentoEConfissaoDeDividas"/>
    <link:label xlink:type="resource" xlink:label="label_OperacoesDeCreditoMobiliariaInternaAssuncaoReconhecimentoEConfissaoDeDividas" xlink:role="http://www.xbrl.org/2003/role/label" xlink:title="label_OperacoesDeCreditoMobiliariaInternaAssuncaoReconhecimentoEConfissaoDeDividas" xml:lang="pt-br" id="label_OperacoesDeCreditoMobiliariaInternaAssuncaoReconhecimentoEConfissaoDeDividas">Assunção Reconhecimento e Confissão de Dívidas (LRF, art. 29, § 1º)</link:label>
    <link:labelArc xlink:type="arc" xlink:arcrole="http://www.xbrl.org/2003/arcrole/concept-label" xlink:from="OperacoesDeCreditoMobiliariaInternaAssuncaoReconhecimentoEConfissaoDeDividas" xlink:to="label_OperacoesDeCreditoMobiliariaInternaAssuncaoReconhecimentoEConfissaoDeDividas" xlink:title="label: OperacoesDeCreditoMobiliariaInternaAssuncaoReconhecimentoEConfissaoDeDividas to label_OperacoesDeCreditoMobiliariaInternaAssuncaoReconhecimentoEConfissaoDeDividas"/>
    <link:loc xlink:type="locator" xlink:href="../../../cor/ic/siconfi-cor_2019-12-31.xsd#siconfi-cor_OperacoesDeCreditoMobiliariaInternaOutrasInternasExtraorcamentariasBNDESETrocas" xlink:label="OperacoesDeCreditoMobiliariaInternaOutrasInternasExtraorcamentariasBNDESETrocas" xlink:title="OperacoesDeCreditoMobiliariaInternaOutrasInternasExtraorcamentariasBNDESETrocas"/>
    <link:label xlink:type="resource" xlink:label="label_OperacoesDeCreditoMobiliariaInternaOutrasInternasExtraorcamentariasBNDESETrocas" xlink:role="http://www.xbrl.org/2003/role/label" xlink:title="label_OperacoesDeCreditoMobiliariaInternaOutrasInternasExtraorcamentariasBNDESETrocas" xml:lang="pt-br" id="label_OperacoesDeCreditoMobiliariaInternaOutrasInternasExtraorcamentariasBNDESETrocas">BNDES e Trocas</link:label>
    <link:labelArc xlink:type="arc" xlink:arcrole="http://www.xbrl.org/2003/arcrole/concept-label" xlink:from="OperacoesDeCreditoMobiliariaInternaOutrasInternasExtraorcamentariasBNDESETrocas" xlink:to="label_OperacoesDeCreditoMobiliariaInternaOutrasInternasExtraorcamentariasBNDESETrocas" xlink:title="label: OperacoesDeCreditoMobiliariaInternaOutrasInternasExtraorcamentariasBNDESETrocas to label_OperacoesDeCreditoMobiliariaInternaOutrasInternasExtraorcamentariasBNDESETrocas"/>
    <link:loc xlink:type="locator" xlink:href="../../../cor/ic/siconfi-cor_2019-12-31.xsd#siconfi-cor_OperacoesDeCreditoMobiliariaInternaRefinanciamento" xlink:label="OperacoesDeCreditoMobiliariaInternaRefinanciamento" xlink:title="OperacoesDeCreditoMobiliariaInternaRefinanciamento"/>
    <link:label xlink:type="resource" xlink:label="label_OperacoesDeCreditoMobiliariaInternaRefinanciamento" xlink:role="http://www.xbrl.org/2003/role/label" xlink:title="label_OperacoesDeCreditoMobiliariaInternaRefinanciamento" xml:lang="pt-br" id="label_OperacoesDeCreditoMobiliariaInternaRefinanciamento">Refinanciamento </link:label>
    <link:labelArc xlink:type="arc" xlink:arcrole="http://www.xbrl.org/2003/arcrole/concept-label" xlink:from="OperacoesDeCreditoMobiliariaInternaRefinanciamento" xlink:to="label_OperacoesDeCreditoMobiliariaInternaRefinanciamento" xlink:title="label: OperacoesDeCreditoMobiliariaInternaRefinanciamento to label_OperacoesDeCreditoMobiliariaInternaRefinanciamento"/>
    <link:loc xlink:type="locator" xlink:href="../../../cor/ic/siconfi-cor_2019-12-31.xsd#siconfi-cor_OperacoesDeCreditoPorAntecipacaoDaReceitaOrcamentaria" xlink:label="OperacoesDeCreditoPorAntecipacaoDaReceitaOrcamentaria" xlink:title="OperacoesDeCreditoPorAntecipacaoDaReceitaOrcamentaria"/>
    <link:label xlink:type="resource" xlink:label="label_OperacoesDeCreditoPorAntecipacaoDaReceitaOrcamentaria" xlink:role="http://www.xbrl.org/2003/role/label" xlink:title="label_OperacoesDeCreditoPorAntecipacaoDaReceitaOrcamentaria" xml:lang="pt-br" id="label_OperacoesDeCreditoPorAntecipacaoDaReceitaOrcamentaria">OPERAÇÕES DE CRÉDITO POR ANTECIPAÇÃO DA RECEITA ORÇAMENTÁRIA</link:label>
    <link:labelArc xlink:type="arc" xlink:arcrole="http://www.xbrl.org/2003/arcrole/concept-label" xlink:from="OperacoesDeCreditoPorAntecipacaoDaReceitaOrcamentaria" xlink:to="label_OperacoesDeCreditoPorAntecipacaoDaReceitaOrcamentaria" xlink:title="label: OperacoesDeCreditoPorAntecipacaoDaReceitaOrcamentaria to label_OperacoesDeCreditoPorAntecipacaoDaReceitaOrcamentaria"/>
    <link:loc xlink:type="locator" xlink:href="../../../cor/ic/siconfi-cor_2019-12-31.xsd#siconfi-cor_OperacoesDeCreditoSujeitasAoLimiteParaFinsDeContratacao" xlink:label="OperacoesDeCreditoSujeitasAoLimiteParaFinsDeContratacao" xlink:title="OperacoesDeCreditoSujeitasAoLimiteParaFinsDeContratacao"/>
    <link:label xlink:type="resource" xlink:label="label_OperacoesDeCreditoSujeitasAoLimiteParaFinsDeContratacao" xlink:role="http://www.xbrl.org/2003/role/label" xlink:title="label_OperacoesDeCreditoSujeitasAoLimiteParaFinsDeContratacao" xml:lang="pt-br" id="label_OperacoesDeCreditoSujeitasAoLimiteParaFinsDeContratacao">OPERAÇÕES DE CRÉDITO (I)</link:label>
    <link:labelArc xlink:type="arc" xlink:arcrole="http://www.xbrl.org/2003/arcrole/concept-label" xlink:from="OperacoesDeCreditoSujeitasAoLimiteParaFinsDeContratacao" xlink:to="label_OperacoesDeCreditoSujeitasAoLimiteParaFinsDeContratacao" xlink:title="label: OperacoesDeCreditoSujeitasAoLimiteParaFinsDeContratacao to label_OperacoesDeCreditoSujeitasAoLimiteParaFinsDeContratacao"/>
    <link:loc xlink:type="locator" xlink:href="../../../cor/ic/siconfi-cor_2019-12-31.xsd#siconfi-cor_OperacoesDeduzidasDoLimite" xlink:label="OperacoesDeduzidasDoLimite" xlink:title="OperacoesDeduzidasDoLimite"/>
    <link:label xlink:type="resource" xlink:label="label_OperacoesDeduzidasDoLimite" xlink:role="http://www.xbrl.org/2003/role/label" xlink:title="label_OperacoesDeduzidasDoLimite" xml:lang="pt-br" id="label_OperacoesDeduzidasDoLimite">OPERAÇÕES DEDUZIDAS DO LIMITE (III)</link:label>
    <link:labelArc xlink:type="arc" xlink:arcrole="http://www.xbrl.org/2003/arcrole/concept-label" xlink:from="OperacoesDeduzidasDoLimite" xlink:to="label_OperacoesDeduzidasDoLimite" xlink:title="label: OperacoesDeduzidasDoLimite to label_OperacoesDeduzidasDoLimite"/>
    <link:loc xlink:type="locator" xlink:href="../../../cor/ic/siconfi-cor_2019-12-31.xsd#siconfi-cor_OperacoesVedadas" xlink:label="OperacoesVedadas" xlink:title="OperacoesVedadas"/>
    <link:label xlink:type="resource" xlink:label="label_OperacoesVedadas" xlink:role="http://www.xbrl.org/2003/role/label" xlink:title="label_OperacoesVedadas" xml:lang="pt-br" id="label_OperacoesVedadas">OPERAÇÕES VEDADAS (II)</link:label>
    <link:labelArc xlink:type="arc" xlink:arcrole="http://www.xbrl.org/2003/arcrole/concept-label" xlink:from="OperacoesVedadas" xlink:to="label_OperacoesVedadas" xlink:title="label: OperacoesVedadas to label_OperacoesVedadas"/>
    <link:loc xlink:type="locator" xlink:href="../../../cor/ic/siconfi-cor_2019-12-31.xsd#siconfi-cor_ReceitaCorrenteLiquida" xlink:label="ReceitaCorrenteLiquida" xlink:title="ReceitaCorrenteLiquida"/>
    <link:label xlink:type="resource" xlink:label="label_ReceitaCorrenteLiquida" xlink:role="http://www.xbrl.org/2003/role/label" xlink:title="label_ReceitaCorrenteLiquida" xml:lang="pt-br" id="label_ReceitaCorrenteLiquida">RECEITA CORRENTE LÍQUIDA - RCL</link:label>
    <link:labelArc xlink:type="arc" xlink:arcrole="http://www.xbrl.org/2003/arcrole/concept-label" xlink:from="ReceitaCorrenteLiquida" xlink:to="label_ReceitaCorrenteLiquida" xlink:title="label: ReceitaCorrenteLiquida to label_ReceitaCorrenteLiquida"/>
    <link:loc xlink:type="locator" xlink:href="../../../cor/ic/siconfi-cor_2019-12-31.xsd#siconfi-cor_TotalConsideradoParaFinsDaApuracaoDoCumprimentoDoLimiteOperacoesDeCredito" xlink:label="TotalConsideradoParaFinsDaApuracaoDoCumprimentoDoLimiteOperacoesDeCredito" xlink:title="TotalConsideradoParaFinsDaApuracaoDoCumprimentoDoLimiteOperacoesDeCredito"/>
    <link:label xlink:type="resource" xlink:label="label_TotalConsideradoParaFinsDaApuracaoDoCumprimentoDoLimiteOperacoesDeCredito" xlink:role="http://www.xbrl.org/2003/role/label" xlink:title="label_TotalConsideradoParaFinsDaApuracaoDoCumprimentoDoLimiteOperacoesDeCredito" xml:lang="pt-br" id="label_TotalConsideradoParaFinsDaApuracaoDoCumprimentoDoLimiteOperacoesDeCredito">TOTAL CONSIDERADO PARA FINS DA APURAÇÃO DO CUMPRIMENTO DO LIMITE (IV) = (Ia + II - III)</link:label>
    <link:labelArc xlink:type="arc" xlink:arcrole="http://www.xbrl.org/2003/arcrole/concept-label" xlink:from="TotalConsideradoParaFinsDaApuracaoDoCumprimentoDoLimiteOperacoesDeCredito" xlink:to="label_TotalConsideradoParaFinsDaApuracaoDoCumprimentoDoLimiteOperacoesDeCredito" xlink:title="label: TotalConsideradoParaFinsDaApuracaoDoCumprimentoDoLimiteOperacoesDeCredito to label_TotalConsideradoParaFinsDaApuracaoDoCumprimentoDoLimiteOperacoesDeCredito"/>
    <link:loc xlink:type="locator" xlink:href="../../../cor/ic/siconfi-cor_2019-12-31.xsd#siconfi-cor_FonteAnexo4Tabela4.1RGF" xlink:label="FonteAnexo4Tabela4.1RGF" xlink:title="FonteAnexo4Tabela4.1RGF"/>
    <link:label xlink:type="resource" xlink:label="label_FonteAnexo4Tabela4.1RGF" xlink:role="http://www.xbrl.org/2003/role/label" xlink:title="label_FonteAnexo4Tabela4.1RGF" xml:lang="pt-br" id="label_FonteAnexo4Tabela4.1RGF">Notas Explicativas</link:label>
    <link:labelArc xlink:type="arc" xlink:arcrole="http://www.xbrl.org/2003/arcrole/concept-label" xlink:from="FonteAnexo4Tabela4.1RGF" xlink:to="label_FonteAnexo4Tabela4.1RGF" xlink:title="label: FonteAnexo4Tabela4.1RGF to label_FonteAnexo4Tabela4.1RGF"/>
    <link:loc xlink:type="locator" xlink:href="../../../cor/ic/siconfi-cor_2019-12-31.xsd#siconfi-cor_RGF4ReceitaCorrenteLiquida" xlink:label="RGF4ReceitaCorrenteLiquida" xlink:title="RGF4ReceitaCorrenteLiquida"/>
    <link:label xlink:type="resource" xlink:label="label_RGF4ReceitaCorrenteLiquida" xlink:role="http://www.xbrl.org/2003/role/label" xlink:title="label_RGF4ReceitaCorrenteLiquida" xml:lang="pt-br" id="label_RGF4ReceitaCorrenteLiquida">RECEITA CORRENTE LÍQUIDA - RCL 
</link:label>
    <link:labelArc xlink:type="arc" xlink:arcrole="http://www.xbrl.org/2003/arcrole/concept-label" xlink:from="RGF4ReceitaCorrenteLiquida" xlink:to="label_RGF4ReceitaCorrenteLiquida" xlink:title="label: RGF4ReceitaCorrenteLiquida to label_RGF4ReceitaCorrenteLiquida"/>
    <link:loc xlink:type="locator" xlink:href="../../../cor/ic/siconfi-cor_2019-12-31.xsd#siconfi-cor_TotalConsideradoParaContratacaoDeNovasOperacoesDeCredito" xlink:label="TotalConsideradoParaContratacaoDeNovasOperacoesDeCredito" xlink:title="TotalConsideradoParaContratacaoDeNovasOperacoesDeCredito"/>
    <link:label xlink:type="resource" xlink:label="label_TotalConsideradoParaContratacaoDeNovasOperacoesDeCredito" xlink:role="http://www.xbrl.org/2003/role/label" xlink:title="label_TotalConsideradoParaContratacaoDeNovasOperacoesDeCredito" xml:lang="pt-br" id="label_TotalConsideradoParaContratacaoDeNovasOperacoesDeCredito">TOTAL CONSIDERADO PARA CONTRATAÇÃO DE NOVAS OPERAÇÕES DE CRÉDITO (VI) = (V + IIa)</link:label>
    <link:labelArc xlink:type="arc" xlink:arcrole="http://www.xbrl.org/2003/arcrole/concept-label" xlink:from="TotalConsideradoParaContratacaoDeNovasOperacoesDeCredito" xlink:to="label_TotalConsideradoParaContratacaoDeNovasOperacoesDeCredito" xlink:title="label: TotalConsideradoParaContratacaoDeNovasOperacoesDeCredito to label_TotalConsideradoParaContratacaoDeNovasOperacoesDeCredito"/>
    <link:loc xlink:type="locator" xlink:href="../../../cor/ic/siconfi-cor_2019-12-31.xsd#siconfi-cor_OperacoesDeCreditoMobiliariaExternaAssuncaoReconhecimentoEConfissaoDeDividas" xlink:label="OperacoesDeCreditoMobiliariaExternaAssuncaoReconhecimentoEConfissaoDeDividas" xlink:title="OperacoesDeCreditoMobiliariaExternaAssuncaoReconhecimentoEConfissaoDeDividas"/>
    <link:label xlink:type="resource" xlink:label="label_OperacoesDeCreditoMobiliariaExternaAssuncaoReconhecimentoEConfissaoDeDividas" xlink:role="http://www.xbrl.org/2003/role/label" xlink:title="label_OperacoesDeCreditoMobiliariaExternaAssuncaoReconhecimentoEConfissaoDeDividas" xml:lang="pt-br" id="label_OperacoesDeCreditoMobiliariaExternaAssuncaoReconhecimentoEConfissaoDeDividas">Assunção Reconhecimento e Confissão de Dívidas (LRF, art. 29, § 1º)</link:label>
    <link:labelArc xlink:type="arc" xlink:arcrole="http://www.xbrl.org/2003/arcrole/concept-label" xlink:from="OperacoesDeCreditoMobiliariaExternaAssuncaoReconhecimentoEConfissaoDeDividas" xlink:to="label_OperacoesDeCreditoMobiliariaExternaAssuncaoReconhecimentoEConfissaoDeDividas" xlink:title="label: OperacoesDeCreditoMobiliariaExternaAssuncaoReconhecimentoEConfissaoDeDividas to label_OperacoesDeCreditoMobiliariaExternaAssuncaoReconhecimentoEConfissaoDeDividas"/>
    <link:loc xlink:type="locator" xlink:href="../../../cor/ic/siconfi-cor_2019-12-31.xsd#siconfi-cor_OperacoesDeCreditoMobiliariaInternaOutrasInternasExtraorcamentariasTrocasEDemaisOperacoes" xlink:label="OperacoesDeCreditoMobiliariaInternaOutrasInternasExtraorcamentariasTrocasEDemaisOperacoes" xlink:title="OperacoesDeCreditoMobiliariaInternaOutrasInternasExtraorcamentariasTrocasEDemaisOperacoes"/>
    <link:label xlink:type="resource" xlink:label="label_OperacoesDeCreditoMobiliariaInternaOutrasInternasExtraorcamentariasTrocasEDemaisOperacoes" xlink:role="http://www.xbrl.org/2003/role/label" xlink:title="label_OperacoesDeCreditoMobiliariaInternaOutrasInternasExtraorcamentariasTrocasEDemaisOperacoes" xml:lang="pt-br" id="label_OperacoesDeCreditoMobiliariaInternaOutrasInternasExtraorcamentariasTrocasEDemaisOperacoes">Trocas e Demais Operações Internas</link:label>
    <link:labelArc xlink:type="arc" xlink:arcrole="http://www.xbrl.org/2003/arcrole/concept-label" xlink:from="OperacoesDeCreditoMobiliariaInternaOutrasInternasExtraorcamentariasTrocasEDemaisOperacoes" xlink:to="label_OperacoesDeCreditoMobiliariaInternaOutrasInternasExtraorcamentariasTrocasEDemaisOperacoes" xlink:title="label: OperacoesDeCreditoMobiliariaInternaOutrasInternasExtraorcamentariasTrocasEDemaisOperacoes to label_OperacoesDeCreditoMobiliariaInternaOutrasInternasExtraorcamentariasTrocasEDemaisOperacoes"/>
    <link:loc xlink:type="locator" xlink:href="siconfi-rgf-anexo4uniao_2019-12-31.xsd#siconfi-rgf-anexo4uniao_DemonstrativoAnexo4Abstract" xlink:label="DemonstrativoAnexo4Abstract" xlink:title="DemonstrativoAnexo4Abstract"/>
    <link:label xlink:type="resource" xlink:label="label_DemonstrativoAnexo4Abstract" xlink:role="http://www.xbrl.org/2003/role/label" xlink:title="label_DemonstrativoAnexo4Abstract" xml:lang="pt-br" id="label_DemonstrativoAnexo4Abstract">RGF - Anexo 4 (LRF, art. 55, inciso I, alínea "d" e inciso III, alínea "c") [abstract]</link:label>
    <link:labelArc xlink:type="arc" xlink:arcrole="http://www.xbrl.org/2003/arcrole/concept-label" xlink:from="DemonstrativoAnexo4Abstract" xlink:to="label_DemonstrativoAnexo4Abstract" xlink:title="label: DemonstrativoAnexo4Abstract to label_DemonstrativoAnexo4Abstract"/>
    <link:loc xlink:type="locator" xlink:href="siconfi-rgf-anexo4uniao_2019-12-31.xsd#siconfi-rgf-anexo4uniao_OperacoesDeCreditoAbstract" xlink:label="OperacoesDeCreditoAbstract" xlink:title="OperacoesDeCreditoAbstract"/>
    <link:label xlink:type="resource" xlink:label="label_OperacoesDeCreditoAbstract" xlink:role="http://www.xbrl.org/2003/role/label" xlink:title="label_OperacoesDeCreditoAbstract" xml:lang="pt-br" id="label_OperacoesDeCreditoAbstract">[001] Operações de Crédito [abstract]</link:label>
    <link:labelArc xlink:type="arc" xlink:arcrole="http://www.xbrl.org/2003/arcrole/concept-label" xlink:from="OperacoesDeCreditoAbstract" xlink:to="label_OperacoesDeCreditoAbstract" xlink:title="label: OperacoesDeCreditoAbstract to label_OperacoesDeCreditoAbstract"/>
    <link:loc xlink:type="locator" xlink:href="siconfi-rgf-anexo4uniao_2019-12-31.xsd#siconfi-rgf-anexo4uniao_ApuracaoDoCumprimentoDosLimitesAbstract" xlink:label="ApuracaoDoCumprimentoDosLimitesAbstract" xlink:title="ApuracaoDoCumprimentoDosLimitesAbstract"/>
    <link:label xlink:type="resource" xlink:label="label_ApuracaoDoCumprimentoDosLimitesAbstract" xlink:role="http://www.xbrl.org/2003/role/label" xlink:title="label_ApuracaoDoCumprimentoDosLimitesAbstract" xml:lang="pt-br" id="label_ApuracaoDoCumprimentoDosLimitesAbstract">[003] Apuração do Cumprimento dos Limites [abstract]</link:label>
    <link:labelArc xlink:type="arc" xlink:arcrole="http://www.xbrl.org/2003/arcrole/concept-label" xlink:from="ApuracaoDoCumprimentoDosLimitesAbstract" xlink:to="label_ApuracaoDoCumprimentoDosLimitesAbstract" xlink:title="label: ApuracaoDoCumprimentoDosLimitesAbstract to label_ApuracaoDoCumprimentoDosLimitesAbstract"/>
    <link:loc xlink:type="locator" xlink:href="siconfi-rgf-anexo4uniao_2019-12-31.xsd#siconfi-rgf-anexo4uniao_OperacoesDeCreditoTable" xlink:label="OperacoesDeCreditoTable" xlink:title="OperacoesDeCreditoTable"/>
    <link:label xlink:type="resource" xlink:label="label_OperacoesDeCreditoTable" xlink:role="http://www.xbrl.org/2003/role/label" xlink:title="label_OperacoesDeCreditoTable" xml:lang="pt-br" id="label_OperacoesDeCreditoTable">Operações de Crédito [table]</link:label>
    <link:labelArc xlink:type="arc" xlink:arcrole="http://www.xbrl.org/2003/arcrole/concept-label" xlink:from="OperacoesDeCreditoTable" xlink:to="label_OperacoesDeCreditoTable" xlink:title="label: OperacoesDeCreditoTable to label_OperacoesDeCreditoTable"/>
    <link:loc xlink:type="locator" xlink:href="siconfi-rgf-anexo4uniao_2019-12-31.xsd#siconfi-rgf-anexo4uniao_ApuracaoDoCumprimentoDosLimitesTable" xlink:label="ApuracaoDoCumprimentoDosLimitesTable" xlink:title="ApuracaoDoCumprimentoDosLimitesTable"/>
    <link:label xlink:type="resource" xlink:label="label_ApuracaoDoCumprimentoDosLimitesTable" xlink:role="http://www.xbrl.org/2003/role/label" xlink:title="label_ApuracaoDoCumprimentoDosLimitesTable" xml:lang="pt-br" id="label_ApuracaoDoCumprimentoDosLimitesTable">Apuração do Cumprimento dos Limites [table]</link:label>
    <link:labelArc xlink:type="arc" xlink:arcrole="http://www.xbrl.org/2003/arcrole/concept-label" xlink:from="ApuracaoDoCumprimentoDosLimitesTable" xlink:to="label_ApuracaoDoCumprimentoDosLimitesTable" xlink:title="label: ApuracaoDoCumprimentoDosLimitesTable to label_ApuracaoDoCumprimentoDosLimitesTable"/>
    <link:loc xlink:type="locator" xlink:href="siconfi-rgf-anexo4uniao_2019-12-31.xsd#siconfi-rgf-anexo4uniao_OperacoesDeCreditoLineItems" xlink:label="OperacoesDeCreditoLineItems" xlink:title="OperacoesDeCreditoLineItems"/>
    <link:label xlink:type="resource" xlink:label="label_OperacoesDeCreditoLineItems" xlink:role="http://www.xbrl.org/2003/role/label" xlink:title="label_OperacoesDeCreditoLineItems" xml:lang="pt-br" id="label_OperacoesDeCreditoLineItems">[002] Operações de Crédito [line items]</link:label>
    <link:labelArc xlink:type="arc" xlink:arcrole="http://www.xbrl.org/2003/arcrole/concept-label" xlink:from="OperacoesDeCreditoLineItems" xlink:to="label_OperacoesDeCreditoLineItems" xlink:title="label: OperacoesDeCreditoLineItems to label_OperacoesDeCreditoLineItems"/>
    <link:loc xlink:type="locator" xlink:href="siconfi-rgf-anexo4uniao_2019-12-31.xsd#siconfi-rgf-anexo4uniao_ApuracaoDoCumprimentoDosLimitesLineItems" xlink:label="ApuracaoDoCumprimentoDosLimitesLineItems" xlink:title="ApuracaoDoCumprimentoDosLimitesLineItems"/>
    <link:label xlink:type="resource" xlink:label="label_ApuracaoDoCumprimentoDosLimitesLineItems" xlink:role="http://www.xbrl.org/2003/role/label" xlink:title="label_ApuracaoDoCumprimentoDosLimitesLineItems" xml:lang="pt-br" id="label_ApuracaoDoCumprimentoDosLimitesLineItems">[004] Apuração do Cumprimento dos Limites [line items]</link:label>
    <link:labelArc xlink:type="arc" xlink:arcrole="http://www.xbrl.org/2003/arcrole/concept-label" xlink:from="ApuracaoDoCumprimentoDosLimitesLineItems" xlink:to="label_ApuracaoDoCumprimentoDosLimitesLineItems" xlink:title="label: ApuracaoDoCumprimentoDosLimitesLineItems to label_ApuracaoDoCumprimentoDosLimitesLineItems"/>
    <link:loc xlink:type="locator" xlink:href="siconfi-rgf-anexo4uniao_2019-12-31.xsd#siconfi-rgf-anexo4uniao_FonteAnexo4Tabela4.1Abstract" xlink:label="FonteAnexo4Tabela4.1Abstract" xlink:title="FonteAnexo4Tabela4.1Abstract"/>
    <link:label xlink:type="resource" xlink:label="label_FonteAnexo4Tabela4.1Abstract" xlink:role="http://www.xbrl.org/2003/role/label" xlink:title="label_FonteAnexo4Tabela4.1Abstract" xml:lang="pt-br" id="label_FonteAnexo4Tabela4.1Abstract">[005] Notas Explicativas [abstract] [NOTA]</link:label>
    <link:labelArc xlink:type="arc" xlink:arcrole="http://www.xbrl.org/2003/arcrole/concept-label" xlink:from="FonteAnexo4Tabela4.1Abstract" xlink:to="label_FonteAnexo4Tabela4.1Abstract" xlink:title="label: FonteAnexo4Tabela4.1Abstract to label_FonteAnexo4Tabela4.1Abstract"/>
    <link:loc xlink:type="locator" xlink:href="siconfi-rgf-anexo4uniao_2019-12-31.xsd#siconfi-rgf-anexo4uniao_FonteAnexo4Tabela4.1LineItems" xlink:label="FonteAnexo4Tabela4.1LineItems" xlink:title="FonteAnexo4Tabela4.1LineItems"/>
    <link:label xlink:type="resource" xlink:label="label_FonteAnexo4Tabela4.1LineItems" xlink:role="http://www.xbrl.org/2003/role/label" xlink:title="label_FonteAnexo4Tabela4.1LineItems" xml:lang="pt-br" id="label_FonteAnexo4Tabela4.1LineItems">[006] Notas Explicativas [line items]</link:label>
    <link:labelArc xlink:type="arc" xlink:arcrole="http://www.xbrl.org/2003/arcrole/concept-label" xlink:from="FonteAnexo4Tabela4.1LineItems" xlink:to="label_FonteAnexo4Tabela4.1LineItems" xlink:title="label: FonteAnexo4Tabela4.1LineItems to label_FonteAnexo4Tabela4.1LineItems"/>
  </link:labelLink>
  <link:labelLink xlink:type="extended" xlink:role="http://www.xbrl.org/2003/role/link"/>
</link:linkbase>
