<?xml version="1.0" encoding="UTF-8"?>
<!-- Generated by Fujitsu Interstage XWand B0196 -->
<link:linkbase xmlns:xsi="http://www.w3.org/2001/XMLSchema-instance" xsi:schemaLocation="http://www.xbrl.org/2003/linkbase http://www.xbrl.org/2003/xbrl-linkbase-2003-12-31.xsd" xmlns:link="http://www.xbrl.org/2003/linkbase" xmlns:xbrli="http://www.xbrl.org/2003/instance" xmlns:xlink="http://www.w3.org/1999/xlink" xmlns:xbrldt="http://xbrl.org/2005/xbrldt">
  <link:roleRef roleURI="http://fazenda.gov.br/siconfi/rep/rreo/anexo7municipios/siconfi-rreo-anexo7-tabela7.0" xlink:type="simple" xlink:href="siconfi-rreo-anexo7municipios_2020-12-31.xsd#siconfi-rreo-anexo7-tabela7.0"/>
  <link:roleRef roleURI="http://fazenda.gov.br/siconfi/rep/rreo/anexo7municipios/siconfi-rreo-anexo7-tabela7.0A" xlink:type="simple" xlink:href="siconfi-rreo-anexo7municipios_2020-12-31.xsd#siconfi-rreo-anexo7-tabela7.0A"/>
  <link:roleRef roleURI="http://fazenda.gov.br/siconfi/rep/rreo/anexo7municipios/siconfi-rreo-anexo7-tabela7.0B" xlink:type="simple" xlink:href="siconfi-rreo-anexo7municipios_2020-12-31.xsd#siconfi-rreo-anexo7-tabela7.0B"/>
  <link:arcroleRef arcroleURI="http://xbrl.org/int/dim/arcrole/all" xlink:type="simple" xlink:href="http://www.xbrl.org/2005/xbrldt-2005.xsd#all"/>
  <link:arcroleRef arcroleURI="http://xbrl.org/int/dim/arcrole/dimension-domain" xlink:type="simple" xlink:href="http://www.xbrl.org/2005/xbrldt-2005.xsd#dimension-domain"/>
  <link:arcroleRef arcroleURI="http://xbrl.org/int/dim/arcrole/domain-member" xlink:type="simple" xlink:href="http://www.xbrl.org/2005/xbrldt-2005.xsd#domain-member"/>
  <link:arcroleRef arcroleURI="http://xbrl.org/int/dim/arcrole/hypercube-dimension" xlink:type="simple" xlink:href="http://www.xbrl.org/2005/xbrldt-2005.xsd#hypercube-dimension"/>
  <link:definitionLink xlink:type="extended" xlink:role="http://fazenda.gov.br/siconfi/rep/rreo/anexo7municipios/siconfi-rreo-anexo7-tabela7.0A">
    <link:loc xlink:type="locator" xlink:href="siconfi-rreo-anexo7municipios_2020-12-31.xsd#siconfi-rreo-anexo7municipios_PoderOrgaoAbstract" xlink:label="PoderOrgaoAbstract" xlink:title="PoderOrgaoAbstract"/>
    <link:loc xlink:type="locator" xlink:href="siconfi-rreo-anexo7municipios_2020-12-31.xsd#siconfi-rreo-anexo7municipios_PoderOrgaoLineItems" xlink:label="PoderOrgaoLineItems" xlink:title="PoderOrgaoLineItems"/>
    <link:definitionArc xlink:type="arc" xlink:arcrole="http://xbrl.org/int/dim/arcrole/domain-member" xlink:from="PoderOrgaoAbstract" xlink:to="PoderOrgaoLineItems" xlink:title="definition: PoderOrgaoAbstract to PoderOrgaoLineItems" order="1.0"/>
    <link:loc xlink:type="locator" xlink:href="siconfi-rreo-anexo7municipios_2020-12-31.xsd#siconfi-rreo-anexo7municipios_RestosAPagarProcessadosAbstract" xlink:label="RestosAPagarProcessadosENaoProcessadosLiquidadosAbstract" xlink:title="RestosAPagarProcessadosENaoProcessadosLiquidadosAbstract"/>
    <link:definitionArc xlink:type="arc" xlink:arcrole="http://xbrl.org/int/dim/arcrole/domain-member" xlink:from="PoderOrgaoLineItems" xlink:to="RestosAPagarProcessadosENaoProcessadosLiquidadosAbstract" xlink:title="definition: PoderOrgaoLineItems to RestosAPagarProcessadosENaoProcessadosLiquidadosAbstract" order="1.0"/>
    <link:loc xlink:type="locator" xlink:href="siconfi-rreo-anexo7municipios_2020-12-31.xsd#siconfi-rreo-anexo7municipios_RestosAPagarProcessadosENaoProcessadosLiquidadosInscritosAbstract" xlink:label="RestosAPagarProcessadosENaoProcessadosLiquidadosInscritosAbstract" xlink:title="RestosAPagarProcessadosENaoProcessadosLiquidadosInscritosAbstract"/>
    <link:definitionArc xlink:type="arc" xlink:arcrole="http://xbrl.org/int/dim/arcrole/domain-member" xlink:from="RestosAPagarProcessadosENaoProcessadosLiquidadosAbstract" xlink:to="RestosAPagarProcessadosENaoProcessadosLiquidadosInscritosAbstract" xlink:title="definition: RestosAPagarProcessadosENaoProcessadosLiquidadosAbstract to RestosAPagarProcessadosENaoProcessadosLiquidadosInscritosAbstract" order="1.0"/>
    <link:loc xlink:type="locator" xlink:href="../../../cor/ic/siconfi-cor_2020-12-31.xsd#siconfi-cor_RestosAPagarProcessadosENaoProcessadosLiquidadosInscritosEmExerciciosAnteriores" xlink:label="RestosAPagarProcessadosENaoProcessadosLiquidadosInscritosEmExerciciosAnteriores" xlink:title="RestosAPagarProcessadosENaoProcessadosLiquidadosInscritosEmExerciciosAnteriores"/>
    <link:definitionArc xlink:type="arc" xlink:arcrole="http://xbrl.org/int/dim/arcrole/domain-member" xlink:from="RestosAPagarProcessadosENaoProcessadosLiquidadosInscritosAbstract" xlink:to="RestosAPagarProcessadosENaoProcessadosLiquidadosInscritosEmExerciciosAnteriores" xlink:title="definition: RestosAPagarProcessadosENaoProcessadosLiquidadosInscritosAbstract to RestosAPagarProcessadosENaoProcessadosLiquidadosInscritosEmExerciciosAnteriores" order="1.0"/>
    <link:loc xlink:type="locator" xlink:href="../../../cor/ic/siconfi-cor_2020-12-31.xsd#siconfi-cor_RestosAPagarProcessadosENaoProcessadosLiquidadosInscritosEmExercicioAnterior" xlink:label="RestosAPagarProcessadosENaoProcessadosLiquidadosInscritosEmExercicioAnterior" xlink:title="RestosAPagarProcessadosENaoProcessadosLiquidadosInscritosEmExercicioAnterior"/>
    <link:definitionArc xlink:type="arc" xlink:arcrole="http://xbrl.org/int/dim/arcrole/domain-member" xlink:from="RestosAPagarProcessadosENaoProcessadosLiquidadosInscritosAbstract" xlink:to="RestosAPagarProcessadosENaoProcessadosLiquidadosInscritosEmExercicioAnterior" xlink:title="definition: RestosAPagarProcessadosENaoProcessadosLiquidadosInscritosAbstract to RestosAPagarProcessadosENaoProcessadosLiquidadosInscritosEmExercicioAnterior" order="2.0"/>
    <link:loc xlink:type="locator" xlink:href="../../../cor/ic/siconfi-cor_2020-12-31.xsd#siconfi-cor_RestosAPagarProcessadosENaoProcessadosLiquidadosPagos" xlink:label="RestosAPagarProcessadosENaoProcessadosLiquidadosPagos" xlink:title="RestosAPagarProcessadosENaoProcessadosLiquidadosPagos"/>
    <link:definitionArc xlink:type="arc" xlink:arcrole="http://xbrl.org/int/dim/arcrole/domain-member" xlink:from="RestosAPagarProcessadosENaoProcessadosLiquidadosAbstract" xlink:to="RestosAPagarProcessadosENaoProcessadosLiquidadosPagos" xlink:title="definition: RestosAPagarProcessadosENaoProcessadosLiquidadosAbstract to RestosAPagarProcessadosENaoProcessadosLiquidadosPagos" order="2.0"/>
    <link:loc xlink:type="locator" xlink:href="../../../cor/ic/siconfi-cor_2020-12-31.xsd#siconfi-cor_RestosAPagarProcessadosENaoProcessadosLiquidadosCancelados" xlink:label="RestosAPagarProcessadosENaoProcessadosLiquidadosCancelados" xlink:title="RestosAPagarProcessadosENaoProcessadosLiquidadosCancelados"/>
    <link:definitionArc xlink:type="arc" xlink:arcrole="http://xbrl.org/int/dim/arcrole/domain-member" xlink:from="RestosAPagarProcessadosENaoProcessadosLiquidadosAbstract" xlink:to="RestosAPagarProcessadosENaoProcessadosLiquidadosCancelados" xlink:title="definition: RestosAPagarProcessadosENaoProcessadosLiquidadosAbstract to RestosAPagarProcessadosENaoProcessadosLiquidadosCancelados" order="3.0"/>
    <link:loc xlink:type="locator" xlink:href="../../../cor/ic/siconfi-cor_2020-12-31.xsd#siconfi-cor_RestosAPagarProcessadosENaoProcessadosLiquidadosAPagar" xlink:label="RestosAPagarProcessadosENaoProcessadosLiquidadosAPagar" xlink:title="RestosAPagarProcessadosENaoProcessadosLiquidadosAPagar"/>
    <link:definitionArc xlink:type="arc" xlink:arcrole="http://xbrl.org/int/dim/arcrole/domain-member" xlink:from="RestosAPagarProcessadosENaoProcessadosLiquidadosAbstract" xlink:to="RestosAPagarProcessadosENaoProcessadosLiquidadosAPagar" xlink:title="definition: RestosAPagarProcessadosENaoProcessadosLiquidadosAbstract to RestosAPagarProcessadosENaoProcessadosLiquidadosAPagar" order="4.0"/>
    <link:loc xlink:type="locator" xlink:href="siconfi-rreo-anexo7municipios_2020-12-31.xsd#siconfi-rreo-anexo7municipios_RestosAPagarNaoProcessadosAbstract" xlink:label="RestosAPagarNaoProcessadosAbstract" xlink:title="RestosAPagarNaoProcessadosAbstract"/>
    <link:definitionArc xlink:type="arc" xlink:arcrole="http://xbrl.org/int/dim/arcrole/domain-member" xlink:from="PoderOrgaoLineItems" xlink:to="RestosAPagarNaoProcessadosAbstract" xlink:title="definition: PoderOrgaoLineItems to RestosAPagarNaoProcessadosAbstract" order="2.0"/>
    <link:loc xlink:type="locator" xlink:href="siconfi-rreo-anexo7municipios_2020-12-31.xsd#siconfi-rreo-anexo7municipios_RestosAPagarNaoProcessadosInscritosAbstract" xlink:label="RestosAPagarNaoProcessadosInscritosAbstract" xlink:title="RestosAPagarNaoProcessadosInscritosAbstract"/>
    <link:definitionArc xlink:type="arc" xlink:arcrole="http://xbrl.org/int/dim/arcrole/domain-member" xlink:from="RestosAPagarNaoProcessadosAbstract" xlink:to="RestosAPagarNaoProcessadosInscritosAbstract" xlink:title="definition: RestosAPagarNaoProcessadosAbstract to RestosAPagarNaoProcessadosInscritosAbstract" order="1.0"/>
    <link:loc xlink:type="locator" xlink:href="../../../cor/ic/siconfi-cor_2020-12-31.xsd#siconfi-cor_RestosAPagarNaoProcessadosInscritosEmExerciciosAnteriores" xlink:label="RestosAPagarNaoProcessadosInscritosEmExerciciosAnteriores" xlink:title="RestosAPagarNaoProcessadosInscritosEmExerciciosAnteriores"/>
    <link:definitionArc xlink:type="arc" xlink:arcrole="http://xbrl.org/int/dim/arcrole/domain-member" xlink:from="RestosAPagarNaoProcessadosInscritosAbstract" xlink:to="RestosAPagarNaoProcessadosInscritosEmExerciciosAnteriores" xlink:title="definition: RestosAPagarNaoProcessadosInscritosAbstract to RestosAPagarNaoProcessadosInscritosEmExerciciosAnteriores" order="1.0"/>
    <link:loc xlink:type="locator" xlink:href="../../../cor/ic/siconfi-cor_2020-12-31.xsd#siconfi-cor_RestosAPagarNaoProcessadosInscritosEmExercicioAnterior" xlink:label="RestosAPagarNaoProcessadosInscritosEmExercicioAnterior" xlink:title="RestosAPagarNaoProcessadosInscritosEmExercicioAnterior"/>
    <link:definitionArc xlink:type="arc" xlink:arcrole="http://xbrl.org/int/dim/arcrole/domain-member" xlink:from="RestosAPagarNaoProcessadosInscritosAbstract" xlink:to="RestosAPagarNaoProcessadosInscritosEmExercicioAnterior" xlink:title="definition: RestosAPagarNaoProcessadosInscritosAbstract to RestosAPagarNaoProcessadosInscritosEmExercicioAnterior" order="2.0"/>
    <link:loc xlink:type="locator" xlink:href="../../../cor/ic/siconfi-cor_2020-12-31.xsd#siconfi-cor_RestosAPagarNaoProcessadosLiquidados" xlink:label="RestosAPagarNaoProcessadosLiquidados" xlink:title="RestosAPagarNaoProcessadosLiquidados"/>
    <link:definitionArc xlink:type="arc" xlink:arcrole="http://xbrl.org/int/dim/arcrole/domain-member" xlink:from="RestosAPagarNaoProcessadosAbstract" xlink:to="RestosAPagarNaoProcessadosLiquidados" xlink:title="definition: RestosAPagarNaoProcessadosAbstract to RestosAPagarNaoProcessadosLiquidados" order="2.0"/>
    <link:loc xlink:type="locator" xlink:href="../../../cor/ic/siconfi-cor_2020-12-31.xsd#siconfi-cor_RestosAPagarNaoProcessadosPagos" xlink:label="RestosAPagarNaoProcessadosPagos" xlink:title="RestosAPagarNaoProcessadosPagos"/>
    <link:definitionArc xlink:type="arc" xlink:arcrole="http://xbrl.org/int/dim/arcrole/domain-member" xlink:from="RestosAPagarNaoProcessadosAbstract" xlink:to="RestosAPagarNaoProcessadosPagos" xlink:title="definition: RestosAPagarNaoProcessadosAbstract to RestosAPagarNaoProcessadosPagos" order="3.0"/>
    <link:loc xlink:type="locator" xlink:href="../../../cor/ic/siconfi-cor_2020-12-31.xsd#siconfi-cor_RestosAPagarNaoProcessadosCancelados" xlink:label="RestosAPagarNaoProcessadosCancelados" xlink:title="RestosAPagarNaoProcessadosCancelados"/>
    <link:definitionArc xlink:type="arc" xlink:arcrole="http://xbrl.org/int/dim/arcrole/domain-member" xlink:from="RestosAPagarNaoProcessadosAbstract" xlink:to="RestosAPagarNaoProcessadosCancelados" xlink:title="definition: RestosAPagarNaoProcessadosAbstract to RestosAPagarNaoProcessadosCancelados" order="4.0"/>
    <link:loc xlink:type="locator" xlink:href="../../../cor/ic/siconfi-cor_2020-12-31.xsd#siconfi-cor_RestosAPagarNaoProcessadosAPagar" xlink:label="RestosAPagarNaoProcessadosAPagar" xlink:title="RestosAPagarNaoProcessadosAPagar"/>
    <link:definitionArc xlink:type="arc" xlink:arcrole="http://xbrl.org/int/dim/arcrole/domain-member" xlink:from="RestosAPagarNaoProcessadosAbstract" xlink:to="RestosAPagarNaoProcessadosAPagar" xlink:title="definition: RestosAPagarNaoProcessadosAbstract to RestosAPagarNaoProcessadosAPagar" order="5.0"/>
    <link:loc xlink:type="locator" xlink:href="../../../cor/ic/siconfi-cor_2020-12-31.xsd#siconfi-cor_SaldoTotal" xlink:label="SaldoTotal" xlink:title="SaldoTotal"/>
    <link:definitionArc xlink:type="arc" xlink:arcrole="http://xbrl.org/int/dim/arcrole/domain-member" xlink:from="PoderOrgaoLineItems" xlink:to="SaldoTotal" xlink:title="definition: PoderOrgaoLineItems to SaldoTotal" order="3.0"/>
    <link:loc xlink:type="locator" xlink:href="siconfi-rreo-anexo7municipios_2020-12-31.xsd#siconfi-rreo-anexo7municipios_PoderOrgaoTable" xlink:label="PoderOrgaoTable" xlink:title="PoderOrgaoTable"/>
    <link:definitionArc xlink:type="arc" xlink:arcrole="http://xbrl.org/int/dim/arcrole/all" xlink:from="PoderOrgaoAbstract" xlink:to="PoderOrgaoTable" xlink:title="definition: PoderOrgaoAbstract to PoderOrgaoTable" order="2.0" xbrldt:contextElement="segment" xbrldt:closed="true"/>
    <link:loc xlink:type="locator" xlink:href="../../../cor/dim/siconfi-dim_2020-12-31.xsd#siconfi-dim_PoderOrgaosAxis" xlink:label="PoderOrgaosAxis" xlink:title="PoderOrgaosAxis"/>
    <link:definitionArc xlink:type="arc" xlink:arcrole="http://xbrl.org/int/dim/arcrole/hypercube-dimension" xlink:from="PoderOrgaoTable" xlink:to="PoderOrgaosAxis" xlink:title="definition: PoderOrgaoTable to PoderOrgaosAxis" order="1.0"/>
    <link:loc xlink:type="locator" xlink:href="../../../cor/dim/siconfi-dim_2020-12-31.xsd#siconfi-dim_ExcetoIntraOrcamentarioMember" xlink:label="ExcetoIntraOrcamentarioMember" xlink:title="ExcetoIntraOrcamentarioMember"/>
    <link:definitionArc xlink:type="arc" xlink:arcrole="http://xbrl.org/int/dim/arcrole/dimension-domain" xlink:from="PoderOrgaosAxis" xlink:to="ExcetoIntraOrcamentarioMember" xlink:title="definition: PoderOrgaosAxis to ExcetoIntraOrcamentarioMember" order="1.0"/>
    <link:loc xlink:type="locator" xlink:href="../../../cor/dim/siconfi-dim_2020-12-31.xsd#siconfi-dim_ExecutivoMember" xlink:label="ExecutivoMember" xlink:title="ExecutivoMember"/>
    <link:definitionArc xlink:type="arc" xlink:arcrole="http://xbrl.org/int/dim/arcrole/domain-member" xlink:from="ExcetoIntraOrcamentarioMember" xlink:to="ExecutivoMember" xlink:title="definition: ExcetoIntraOrcamentarioMember to ExecutivoMember" order="1.0"/>
    <link:loc xlink:type="locator" xlink:href="../../../cor/dim/siconfi-dim_2020-12-31.xsd#siconfi-dim_LegislativoMember" xlink:label="LegislativoMember" xlink:title="LegislativoMember"/>
    <link:definitionArc xlink:type="arc" xlink:arcrole="http://xbrl.org/int/dim/arcrole/domain-member" xlink:from="ExcetoIntraOrcamentarioMember" xlink:to="LegislativoMember" xlink:title="definition: ExcetoIntraOrcamentarioMember to LegislativoMember" order="2.0"/>
    <link:loc xlink:type="locator" xlink:href="../../../cor/dim/siconfi-dim_2020-12-31.xsd#siconfi-dim_CamaraMunicipalMember" xlink:label="CamaraMunicipalMember" xlink:title="CamaraMunicipalMember"/>
    <link:definitionArc xlink:type="arc" xlink:arcrole="http://xbrl.org/int/dim/arcrole/domain-member" xlink:from="LegislativoMember" xlink:to="CamaraMunicipalMember" xlink:title="definition: LegislativoMember to CamaraMunicipalMember" order="1.0"/>
    <link:loc xlink:type="locator" xlink:href="../../../cor/dim/siconfi-dim_2020-12-31.xsd#siconfi-dim_TribunalDeContasDoMunicipioMember" xlink:label="TribunalDeContasDoMunicipioMember" xlink:title="TribunalDeContasDoMunicipioMember"/>
    <link:definitionArc xlink:type="arc" xlink:arcrole="http://xbrl.org/int/dim/arcrole/domain-member" xlink:from="LegislativoMember" xlink:to="TribunalDeContasDoMunicipioMember" xlink:title="definition: LegislativoMember to TribunalDeContasDoMunicipioMember" order="2.0"/>
    <link:loc xlink:type="locator" xlink:href="../../../cor/dim/siconfi-dim_2020-12-31.xsd#siconfi-dim_IntraOrcamentarioMember" xlink:label="IntraOrcamentarioMember" xlink:title="IntraOrcamentarioMember"/>
    <link:definitionArc xlink:type="arc" xlink:arcrole="http://xbrl.org/int/dim/arcrole/dimension-domain" xlink:from="PoderOrgaosAxis" xlink:to="IntraOrcamentarioMember" xlink:title="definition: PoderOrgaosAxis to IntraOrcamentarioMember" order="2.0"/>
    <link:loc xlink:type="locator" xlink:href="../../../cor/dim/siconfi-dim_2020-12-31.xsd#siconfi-dim_TotalMember" xlink:label="TotalMember" xlink:title="TotalMember"/>
    <link:definitionArc xlink:type="arc" xlink:arcrole="http://xbrl.org/int/dim/arcrole/dimension-domain" xlink:from="PoderOrgaosAxis" xlink:to="TotalMember" xlink:title="definition: PoderOrgaosAxis to TotalMember" order="3.0"/>
  </link:definitionLink>
  <link:definitionLink xlink:type="extended" xlink:role="http://fazenda.gov.br/siconfi/rep/rreo/anexo7municipios/siconfi-rreo-anexo7-tabela7.0B">
    <link:loc xlink:type="locator" xlink:href="siconfi-rreo-anexo7municipios_2020-12-31.xsd#siconfi-rreo-anexo7municipios_PoderOrgaoIntraAbstract" xlink:label="PoderOrgaoIntraAbstract" xlink:title="PoderOrgaoIntraAbstract"/>
    <link:loc xlink:type="locator" xlink:href="siconfi-rreo-anexo7municipios_2020-12-31.xsd#siconfi-rreo-anexo7municipios_PoderOrgaoIntraLineItems" xlink:label="PoderOrgaoIntraLineItems" xlink:title="PoderOrgaoIntraLineItems"/>
    <link:definitionArc xlink:type="arc" xlink:arcrole="http://xbrl.org/int/dim/arcrole/domain-member" xlink:from="PoderOrgaoIntraAbstract" xlink:to="PoderOrgaoIntraLineItems" xlink:title="definition: PoderOrgaoIntraAbstract to PoderOrgaoIntraLineItems" order="1.0"/>
    <link:loc xlink:type="locator" xlink:href="siconfi-rreo-anexo7municipios_2020-12-31.xsd#siconfi-rreo-anexo7municipios_RestosAPagarProcessadosIntraAbstract" xlink:label="RestosAPagarProcessadosENaoProcessadosLiquidadosIntraAbstract" xlink:title="RestosAPagarProcessadosENaoProcessadosLiquidadosIntraAbstract"/>
    <link:definitionArc xlink:type="arc" xlink:arcrole="http://xbrl.org/int/dim/arcrole/domain-member" xlink:from="PoderOrgaoIntraLineItems" xlink:to="RestosAPagarProcessadosENaoProcessadosLiquidadosIntraAbstract" xlink:title="definition: PoderOrgaoIntraLineItems to RestosAPagarProcessadosENaoProcessadosLiquidadosIntraAbstract" order="1.0"/>
    <link:loc xlink:type="locator" xlink:href="siconfi-rreo-anexo7municipios_2020-12-31.xsd#siconfi-rreo-anexo7municipios_RestosAPagarProcessadosENaoProcessadosLiquidadosInscritosIntraAbstract" xlink:label="RestosAPagarProcessadosENaoProcessadosLiquidadosInscritosIntraAbstract" xlink:title="RestosAPagarProcessadosENaoProcessadosLiquidadosInscritosIntraAbstract"/>
    <link:definitionArc xlink:type="arc" xlink:arcrole="http://xbrl.org/int/dim/arcrole/domain-member" xlink:from="RestosAPagarProcessadosENaoProcessadosLiquidadosIntraAbstract" xlink:to="RestosAPagarProcessadosENaoProcessadosLiquidadosInscritosIntraAbstract" xlink:title="definition: RestosAPagarProcessadosENaoProcessadosLiquidadosIntraAbstract to RestosAPagarProcessadosENaoProcessadosLiquidadosInscritosIntraAbstract" order="1.0"/>
    <link:loc xlink:type="locator" xlink:href="../../../cor/ic/siconfi-cor_2020-12-31.xsd#siconfi-cor_RestosAPagarProcessadosENaoProcessadosLiquidadosInscritosEmExerciciosAnterioresIntra" xlink:label="RestosAPagarProcessadosENaoProcessadosLiquidadosInscritosEmExerciciosAnterioresIntra" xlink:title="RestosAPagarProcessadosENaoProcessadosLiquidadosInscritosEmExerciciosAnterioresIntra"/>
    <link:definitionArc xlink:type="arc" xlink:arcrole="http://xbrl.org/int/dim/arcrole/domain-member" xlink:from="RestosAPagarProcessadosENaoProcessadosLiquidadosInscritosIntraAbstract" xlink:to="RestosAPagarProcessadosENaoProcessadosLiquidadosInscritosEmExerciciosAnterioresIntra" xlink:title="definition: RestosAPagarProcessadosENaoProcessadosLiquidadosInscritosIntraAbstract to RestosAPagarProcessadosENaoProcessadosLiquidadosInscritosEmExerciciosAnterioresIntra" order="1.0"/>
    <link:loc xlink:type="locator" xlink:href="../../../cor/ic/siconfi-cor_2020-12-31.xsd#siconfi-cor_RestosAPagarProcessadosENaoProcessadosLiquidadosInscritosEmExercicioAnteriorIntra" xlink:label="RestosAPagarProcessadosENaoProcessadosLiquidadosInscritosEmExercicioAnteriorIntra" xlink:title="RestosAPagarProcessadosENaoProcessadosLiquidadosInscritosEmExercicioAnteriorIntra"/>
    <link:definitionArc xlink:type="arc" xlink:arcrole="http://xbrl.org/int/dim/arcrole/domain-member" xlink:from="RestosAPagarProcessadosENaoProcessadosLiquidadosInscritosIntraAbstract" xlink:to="RestosAPagarProcessadosENaoProcessadosLiquidadosInscritosEmExercicioAnteriorIntra" xlink:title="definition: RestosAPagarProcessadosENaoProcessadosLiquidadosInscritosIntraAbstract to RestosAPagarProcessadosENaoProcessadosLiquidadosInscritosEmExercicioAnteriorIntra" order="2.0"/>
    <link:loc xlink:type="locator" xlink:href="../../../cor/ic/siconfi-cor_2020-12-31.xsd#siconfi-cor_RestosAPagarProcessadosENaoProcessadosLiquidadosPagosIntra" xlink:label="RestosAPagarProcessadosENaoProcessadosLiquidadosPagosIntra" xlink:title="RestosAPagarProcessadosENaoProcessadosLiquidadosPagosIntra"/>
    <link:definitionArc xlink:type="arc" xlink:arcrole="http://xbrl.org/int/dim/arcrole/domain-member" xlink:from="RestosAPagarProcessadosENaoProcessadosLiquidadosIntraAbstract" xlink:to="RestosAPagarProcessadosENaoProcessadosLiquidadosPagosIntra" xlink:title="definition: RestosAPagarProcessadosENaoProcessadosLiquidadosIntraAbstract to RestosAPagarProcessadosENaoProcessadosLiquidadosPagosIntra" order="2.0"/>
    <link:loc xlink:type="locator" xlink:href="../../../cor/ic/siconfi-cor_2020-12-31.xsd#siconfi-cor_RestosAPagarProcessadosENaoProcessadosLiquidadosCanceladosIntra" xlink:label="RestosAPagarProcessadosENaoProcessadosLiquidadosCanceladosIntra" xlink:title="RestosAPagarProcessadosENaoProcessadosLiquidadosCanceladosIntra"/>
    <link:definitionArc xlink:type="arc" xlink:arcrole="http://xbrl.org/int/dim/arcrole/domain-member" xlink:from="RestosAPagarProcessadosENaoProcessadosLiquidadosIntraAbstract" xlink:to="RestosAPagarProcessadosENaoProcessadosLiquidadosCanceladosIntra" xlink:title="definition: RestosAPagarProcessadosENaoProcessadosLiquidadosIntraAbstract to RestosAPagarProcessadosENaoProcessadosLiquidadosCanceladosIntra" order="3.0"/>
    <link:loc xlink:type="locator" xlink:href="../../../cor/ic/siconfi-cor_2020-12-31.xsd#siconfi-cor_RestosAPagarProcessadosENaoProcessadosLiquidadosAPagarIntra" xlink:label="RestosAPagarProcessadosENaoProcessadosLiquidadosAPagarIntra" xlink:title="RestosAPagarProcessadosENaoProcessadosLiquidadosAPagarIntra"/>
    <link:definitionArc xlink:type="arc" xlink:arcrole="http://xbrl.org/int/dim/arcrole/domain-member" xlink:from="RestosAPagarProcessadosENaoProcessadosLiquidadosIntraAbstract" xlink:to="RestosAPagarProcessadosENaoProcessadosLiquidadosAPagarIntra" xlink:title="definition: RestosAPagarProcessadosENaoProcessadosLiquidadosIntraAbstract to RestosAPagarProcessadosENaoProcessadosLiquidadosAPagarIntra" order="4.0"/>
    <link:loc xlink:type="locator" xlink:href="siconfi-rreo-anexo7municipios_2020-12-31.xsd#siconfi-rreo-anexo7municipios_RestosAPagarNaoProcessadosIntraAbstract" xlink:label="RestosAPagarNaoProcessadosIntraAbstract" xlink:title="RestosAPagarNaoProcessadosIntraAbstract"/>
    <link:definitionArc xlink:type="arc" xlink:arcrole="http://xbrl.org/int/dim/arcrole/domain-member" xlink:from="PoderOrgaoIntraLineItems" xlink:to="RestosAPagarNaoProcessadosIntraAbstract" xlink:title="definition: PoderOrgaoIntraLineItems to RestosAPagarNaoProcessadosIntraAbstract" order="2.0"/>
    <link:loc xlink:type="locator" xlink:href="siconfi-rreo-anexo7municipios_2020-12-31.xsd#siconfi-rreo-anexo7municipios_RestosAPagarNaoProcessadosInscritosIntraAbstract" xlink:label="RestosAPagarNaoProcessadosInscritosIntraAbstract" xlink:title="RestosAPagarNaoProcessadosInscritosIntraAbstract"/>
    <link:definitionArc xlink:type="arc" xlink:arcrole="http://xbrl.org/int/dim/arcrole/domain-member" xlink:from="RestosAPagarNaoProcessadosIntraAbstract" xlink:to="RestosAPagarNaoProcessadosInscritosIntraAbstract" xlink:title="definition: RestosAPagarNaoProcessadosIntraAbstract to RestosAPagarNaoProcessadosInscritosIntraAbstract" order="1.0"/>
    <link:loc xlink:type="locator" xlink:href="../../../cor/ic/siconfi-cor_2020-12-31.xsd#siconfi-cor_RestosAPagarNaoProcessadosInscritosEmExerciciosAnterioresIntra" xlink:label="RestosAPagarNaoProcessadosInscritosEmExerciciosAnterioresIntra" xlink:title="RestosAPagarNaoProcessadosInscritosEmExerciciosAnterioresIntra"/>
    <link:definitionArc xlink:type="arc" xlink:arcrole="http://xbrl.org/int/dim/arcrole/domain-member" xlink:from="RestosAPagarNaoProcessadosInscritosIntraAbstract" xlink:to="RestosAPagarNaoProcessadosInscritosEmExerciciosAnterioresIntra" xlink:title="definition: RestosAPagarNaoProcessadosInscritosIntraAbstract to RestosAPagarNaoProcessadosInscritosEmExerciciosAnterioresIntra" order="1.0"/>
    <link:loc xlink:type="locator" xlink:href="../../../cor/ic/siconfi-cor_2020-12-31.xsd#siconfi-cor_RestosAPagarNaoProcessadosInscritosEmExercicioAnteriorIntra" xlink:label="RestosAPagarNaoProcessadosInscritosEmExercicioAnteriorIntra" xlink:title="RestosAPagarNaoProcessadosInscritosEmExercicioAnteriorIntra"/>
    <link:definitionArc xlink:type="arc" xlink:arcrole="http://xbrl.org/int/dim/arcrole/domain-member" xlink:from="RestosAPagarNaoProcessadosInscritosIntraAbstract" xlink:to="RestosAPagarNaoProcessadosInscritosEmExercicioAnteriorIntra" xlink:title="definition: RestosAPagarNaoProcessadosInscritosIntraAbstract to RestosAPagarNaoProcessadosInscritosEmExercicioAnteriorIntra" order="2.0"/>
    <link:loc xlink:type="locator" xlink:href="../../../cor/ic/siconfi-cor_2020-12-31.xsd#siconfi-cor_RestosAPagarNaoProcessadosLiquidadosIntra" xlink:label="RestosAPagarNaoProcessadosLiquidadosIntra" xlink:title="RestosAPagarNaoProcessadosLiquidadosIntra"/>
    <link:definitionArc xlink:type="arc" xlink:arcrole="http://xbrl.org/int/dim/arcrole/domain-member" xlink:from="RestosAPagarNaoProcessadosIntraAbstract" xlink:to="RestosAPagarNaoProcessadosLiquidadosIntra" xlink:title="definition: RestosAPagarNaoProcessadosIntraAbstract to RestosAPagarNaoProcessadosLiquidadosIntra" order="2.0"/>
    <link:loc xlink:type="locator" xlink:href="../../../cor/ic/siconfi-cor_2020-12-31.xsd#siconfi-cor_RestosAPagarNaoProcessadosPagosIntra" xlink:label="RestosAPagarNaoProcessadosPagosIntra" xlink:title="RestosAPagarNaoProcessadosPagosIntra"/>
    <link:definitionArc xlink:type="arc" xlink:arcrole="http://xbrl.org/int/dim/arcrole/domain-member" xlink:from="RestosAPagarNaoProcessadosIntraAbstract" xlink:to="RestosAPagarNaoProcessadosPagosIntra" xlink:title="definition: RestosAPagarNaoProcessadosIntraAbstract to RestosAPagarNaoProcessadosPagosIntra" order="3.0"/>
    <link:loc xlink:type="locator" xlink:href="../../../cor/ic/siconfi-cor_2020-12-31.xsd#siconfi-cor_RestosAPagarNaoProcessadosCanceladosIntra" xlink:label="RestosAPagarNaoProcessadosCanceladosIntra" xlink:title="RestosAPagarNaoProcessadosCanceladosIntra"/>
    <link:definitionArc xlink:type="arc" xlink:arcrole="http://xbrl.org/int/dim/arcrole/domain-member" xlink:from="RestosAPagarNaoProcessadosIntraAbstract" xlink:to="RestosAPagarNaoProcessadosCanceladosIntra" xlink:title="definition: RestosAPagarNaoProcessadosIntraAbstract to RestosAPagarNaoProcessadosCanceladosIntra" order="4.0"/>
    <link:loc xlink:type="locator" xlink:href="../../../cor/ic/siconfi-cor_2020-12-31.xsd#siconfi-cor_RestosAPagarNaoProcessadosAPagarIntra" xlink:label="RestosAPagarNaoProcessadosAPagarIntra" xlink:title="RestosAPagarNaoProcessadosAPagarIntra"/>
    <link:definitionArc xlink:type="arc" xlink:arcrole="http://xbrl.org/int/dim/arcrole/domain-member" xlink:from="RestosAPagarNaoProcessadosIntraAbstract" xlink:to="RestosAPagarNaoProcessadosAPagarIntra" xlink:title="definition: RestosAPagarNaoProcessadosIntraAbstract to RestosAPagarNaoProcessadosAPagarIntra" order="5.0"/>
    <link:loc xlink:type="locator" xlink:href="../../../cor/ic/siconfi-cor_2020-12-31.xsd#siconfi-cor_SaldoTotalIntra" xlink:label="SaldoTotalIntra" xlink:title="SaldoTotalIntra"/>
    <link:definitionArc xlink:type="arc" xlink:arcrole="http://xbrl.org/int/dim/arcrole/domain-member" xlink:from="PoderOrgaoIntraLineItems" xlink:to="SaldoTotalIntra" xlink:title="definition: PoderOrgaoIntraLineItems to SaldoTotalIntra" order="3.0"/>
    <link:loc xlink:type="locator" xlink:href="siconfi-rreo-anexo7municipios_2020-12-31.xsd#siconfi-rreo-anexo7municipios_PoderOrgaoIntraTable" xlink:label="PoderOrgaoIntraTable" xlink:title="PoderOrgaoIntraTable"/>
    <link:definitionArc xlink:type="arc" xlink:arcrole="http://xbrl.org/int/dim/arcrole/all" xlink:from="PoderOrgaoIntraAbstract" xlink:to="PoderOrgaoIntraTable" xlink:title="definition: PoderOrgaoIntraAbstract to PoderOrgaoIntraTable" order="2.0" xbrldt:contextElement="segment" xbrldt:closed="true"/>
    <link:loc xlink:type="locator" xlink:href="../../../cor/dim/siconfi-dim_2020-12-31.xsd#siconfi-dim_PoderOrgaosIntraAxis" xlink:label="PoderOrgaosIntraAxis" xlink:title="PoderOrgaosIntraAxis"/>
    <link:definitionArc xlink:type="arc" xlink:arcrole="http://xbrl.org/int/dim/arcrole/hypercube-dimension" xlink:from="PoderOrgaoIntraTable" xlink:to="PoderOrgaosIntraAxis" xlink:title="definition: PoderOrgaoIntraTable to PoderOrgaosIntraAxis" order="1.0"/>
    <link:loc xlink:type="locator" xlink:href="../../../cor/dim/siconfi-dim_2020-12-31.xsd#siconfi-dim_IntraOrcamentario2Member" xlink:label="IntraOrcamentario2Member" xlink:title="IntraOrcamentario2Member"/>
    <link:definitionArc xlink:type="arc" xlink:arcrole="http://xbrl.org/int/dim/arcrole/dimension-domain" xlink:from="PoderOrgaosIntraAxis" xlink:to="IntraOrcamentario2Member" xlink:title="definition: PoderOrgaosIntraAxis to IntraOrcamentario2Member" order="1.0"/>
    <link:loc xlink:type="locator" xlink:href="../../../cor/dim/siconfi-dim_2020-12-31.xsd#siconfi-dim_ExecutivoIntraMember" xlink:label="ExecutivoIntraMember" xlink:title="ExecutivoIntraMember"/>
    <link:definitionArc xlink:type="arc" xlink:arcrole="http://xbrl.org/int/dim/arcrole/domain-member" xlink:from="IntraOrcamentario2Member" xlink:to="ExecutivoIntraMember" xlink:title="definition: IntraOrcamentario2Member to ExecutivoIntraMember" order="1.0"/>
    <link:loc xlink:type="locator" xlink:href="../../../cor/dim/siconfi-dim_2020-12-31.xsd#siconfi-dim_LegislativoIntraMember" xlink:label="LegislativoIntraMember" xlink:title="LegislativoIntraMember"/>
    <link:definitionArc xlink:type="arc" xlink:arcrole="http://xbrl.org/int/dim/arcrole/domain-member" xlink:from="IntraOrcamentario2Member" xlink:to="LegislativoIntraMember" xlink:title="definition: IntraOrcamentario2Member to LegislativoIntraMember" order="2.0"/>
    <link:loc xlink:type="locator" xlink:href="../../../cor/dim/siconfi-dim_2020-12-31.xsd#siconfi-dim_CamaraMunicipalIntraMember" xlink:label="CamaraMunicipalIntraMember" xlink:title="CamaraMunicipalIntraMember"/>
    <link:definitionArc xlink:type="arc" xlink:arcrole="http://xbrl.org/int/dim/arcrole/domain-member" xlink:from="LegislativoIntraMember" xlink:to="CamaraMunicipalIntraMember" xlink:title="definition: LegislativoIntraMember to CamaraMunicipalIntraMember" order="1.0"/>
    <link:loc xlink:type="locator" xlink:href="../../../cor/dim/siconfi-dim_2020-12-31.xsd#siconfi-dim_TribunalDeContasDoMunicipioIntraMember" xlink:label="TribunalDeContasDoMunicipioIntraMember" xlink:title="TribunalDeContasDoMunicipioIntraMember"/>
    <link:definitionArc xlink:type="arc" xlink:arcrole="http://xbrl.org/int/dim/arcrole/domain-member" xlink:from="LegislativoIntraMember" xlink:to="TribunalDeContasDoMunicipioIntraMember" xlink:title="definition: LegislativoIntraMember to TribunalDeContasDoMunicipioIntraMember" order="2.0"/>
  </link:definitionLink>
</link:linkbase>
