<?xml version="1.0" encoding="UTF-8"?>
<!-- Generated by Fujitsu Interstage XWand B0196 -->
<link:linkbase xmlns:xsi="http://www.w3.org/2001/XMLSchema-instance" xsi:schemaLocation="http://www.xbrl.org/2003/linkbase http://www.xbrl.org/2003/xbrl-linkbase-2003-12-31.xsd" xmlns:siconfi-rreo-anexo14="http://fazenda.gov.br/siconfi/rep/rreo/anexo14/siconfi-rreo-anexo14_2019-12-31" xmlns:link="http://www.xbrl.org/2003/linkbase" xmlns:xbrldt="http://xbrl.org/2005/xbrldt" xmlns:xbrli="http://www.xbrl.org/2003/instance" xmlns:xlink="http://www.w3.org/1999/xlink">
  <link:roleRef roleURI="http://fazenda.gov.br/siconfi/rep/rreo/anexo14/siconfi-rreo-anexo14-tabela14.0" xlink:type="simple" xlink:href="siconfi-rreo-anexo14_2019-12-31.xsd#siconfi-rreo-anexo14-tabela14.0"/>
  <link:roleRef roleURI="http://fazenda.gov.br/siconfi/rep/rreo/anexo14/siconfi-rreo-anexo14-tabela14.0A" xlink:type="simple" xlink:href="siconfi-rreo-anexo14_2019-12-31.xsd#siconfi-rreo-anexo14-tabela14.0A"/>
  <link:roleRef roleURI="http://fazenda.gov.br/siconfi/rep/rreo/anexo14/siconfi-rreo-anexo14-tabela14.0B" xlink:type="simple" xlink:href="siconfi-rreo-anexo14_2019-12-31.xsd#siconfi-rreo-anexo14-tabela14.0B"/>
  <link:roleRef roleURI="http://fazenda.gov.br/siconfi/rep/rreo/anexo14/siconfi-rreo-anexo14-tabela14.0C" xlink:type="simple" xlink:href="siconfi-rreo-anexo14_2019-12-31.xsd#siconfi-rreo-anexo14-tabela14.0C"/>
  <link:roleRef roleURI="http://fazenda.gov.br/siconfi/rep/rreo/anexo14/siconfi-rreo-anexo14-tabela14.0D" xlink:type="simple" xlink:href="siconfi-rreo-anexo14_2019-12-31.xsd#siconfi-rreo-anexo14-tabela14.0D"/>
  <link:roleRef roleURI="http://fazenda.gov.br/siconfi/rep/rreo/anexo14/siconfi-rreo-anexo14-tabela14.0E" xlink:type="simple" xlink:href="siconfi-rreo-anexo14_2019-12-31.xsd#siconfi-rreo-anexo14-tabela14.0E"/>
  <link:roleRef roleURI="http://fazenda.gov.br/siconfi/rep/rreo/anexo14/siconfi-rreo-anexo14-tabela14.0F" xlink:type="simple" xlink:href="siconfi-rreo-anexo14_2019-12-31.xsd#siconfi-rreo-anexo14-tabela14.0F"/>
  <link:roleRef roleURI="http://fazenda.gov.br/siconfi/rep/rreo/anexo14/siconfi-rreo-anexo14-tabela14.0G" xlink:type="simple" xlink:href="siconfi-rreo-anexo14_2019-12-31.xsd#siconfi-rreo-anexo14-tabela14.0G"/>
  <link:roleRef roleURI="http://fazenda.gov.br/siconfi/rep/rreo/anexo14/siconfi-rreo-anexo14-tabela14.0H" xlink:type="simple" xlink:href="siconfi-rreo-anexo14_2019-12-31.xsd#siconfi-rreo-anexo14-tabela14.0H"/>
  <link:roleRef roleURI="http://fazenda.gov.br/siconfi/rep/rreo/anexo14/siconfi-rreo-anexo14-tabela14.0I" xlink:type="simple" xlink:href="siconfi-rreo-anexo14_2019-12-31.xsd#siconfi-rreo-anexo14-tabela14.0I"/>
  <link:roleRef roleURI="http://fazenda.gov.br/siconfi/rep/rreo/anexo14/siconfi-rreo-anexo14-tabela14.0J" xlink:type="simple" xlink:href="siconfi-rreo-anexo14_2019-12-31.xsd#siconfi-rreo-anexo14-tabela14.0J"/>
  <link:roleRef roleURI="http://fazenda.gov.br/siconfi/rep/rreo/anexo14/siconfi-rreo-anexo14-tabela14.0K" xlink:type="simple" xlink:href="siconfi-rreo-anexo14_2019-12-31.xsd#siconfi-rreo-anexo14-tabela14.0K"/>
  <link:roleRef roleURI="http://fazenda.gov.br/siconfi/rep/rreo/anexo14/siconfi-rreo-anexo14-tabela14.0L" xlink:type="simple" xlink:href="siconfi-rreo-anexo14_2019-12-31.xsd#siconfi-rreo-anexo14-tabela14.0L"/>
  <link:roleRef roleURI="http://fazenda.gov.br/siconfi/rep/rreo/anexo14/siconfi-rreo-anexo14-tabela14.0M" xlink:type="simple" xlink:href="siconfi-rreo-anexo14_2019-12-31.xsd#siconfi-rreo-anexo14-tabela14.0M"/>
  <link:roleRef roleURI="http://fazenda.gov.br/siconfi/rep/rreo/anexo14/siconfi-rreo-anexo14-tabela14.0N" xlink:type="simple" xlink:href="siconfi-rreo-anexo14_2019-12-31.xsd#siconfi-rreo-anexo14-tabela14.0N"/>
  <link:arcroleRef arcroleURI="http://xbrl.org/int/dim/arcrole/domain-member" xlink:type="simple" xlink:href="http://www.xbrl.org/2005/xbrldt-2005.xsd#domain-member"/>
  <link:arcroleRef arcroleURI="http://xbrl.org/int/dim/arcrole/all" xlink:type="simple" xlink:href="http://www.xbrl.org/2005/xbrldt-2005.xsd#all"/>
  <link:arcroleRef arcroleURI="http://xbrl.org/int/dim/arcrole/dimension-domain" xlink:type="simple" xlink:href="http://www.xbrl.org/2005/xbrldt-2005.xsd#dimension-domain"/>
  <link:arcroleRef arcroleURI="http://xbrl.org/int/dim/arcrole/hypercube-dimension" xlink:type="simple" xlink:href="http://www.xbrl.org/2005/xbrldt-2005.xsd#hypercube-dimension"/>
  <link:definitionLink xlink:type="extended" xlink:role="http://fazenda.gov.br/siconfi/rep/rreo/anexo14/siconfi-rreo-anexo14-tabela14.0I">
    <link:loc xlink:type="locator" xlink:href="siconfi-rreo-anexo14_2019-12-31.xsd#siconfi-rreo-anexo14uniao_DespesasFuncaoSubfuncaoAbstract" xlink:label="DespesasFuncaoSubfuncaoAbstract" xlink:title="DespesasFuncaoSubfuncaoAbstract"/>
    <link:loc xlink:type="locator" xlink:href="siconfi-rreo-anexo14_2019-12-31.xsd#siconfi-rreo-anexo14uniao_DespesasFuncaoSubfuncaoLineItems" xlink:label="DespesasFuncaoSubfuncaoLineItems" xlink:title="DespesasFuncaoSubfuncaoLineItems"/>
    <link:definitionArc xlink:type="arc" xlink:arcrole="http://xbrl.org/int/dim/arcrole/domain-member" xlink:from="DespesasFuncaoSubfuncaoAbstract" xlink:to="DespesasFuncaoSubfuncaoLineItems" xlink:title="definition: DespesasFuncaoSubfuncaoAbstract to DespesasFuncaoSubfuncaoLineItems" order="1.0"/>
    <link:loc xlink:type="locator" xlink:href="../../../cor/ic/siconfi-cor_2019-12-31.xsd#siconfi-cor_DespesasEmpenhadasDemonstrativoSimplificadoDespesasPorFuncaoSubfuncao" xlink:label="DespesasEmpenhadasDemonstrativoSimplificadoDespesasPorFuncaoSubfuncao" xlink:title="DespesasEmpenhadasDemonstrativoSimplificadoDespesasPorFuncaoSubfuncao"/>
    <link:definitionArc xlink:type="arc" xlink:arcrole="http://xbrl.org/int/dim/arcrole/domain-member" xlink:from="DespesasFuncaoSubfuncaoLineItems" xlink:to="DespesasEmpenhadasDemonstrativoSimplificadoDespesasPorFuncaoSubfuncao" xlink:title="definition: DespesasFuncaoSubfuncaoLineItems to DespesasEmpenhadasDemonstrativoSimplificadoDespesasPorFuncaoSubfuncao" order="1.0"/>
    <link:loc xlink:type="locator" xlink:href="../../../cor/ic/siconfi-cor_2019-12-31.xsd#siconfi-cor_DespesasLiquidadasDemonstrativoSimplificadoDespesasPorFuncaoSubfuncao" xlink:label="DespesasLiquidadasDemonstrativoSimplificadoDespesasPorFuncaoSubfuncao" xlink:title="DespesasLiquidadasDemonstrativoSimplificadoDespesasPorFuncaoSubfuncao"/>
    <link:definitionArc xlink:type="arc" xlink:arcrole="http://xbrl.org/int/dim/arcrole/domain-member" xlink:from="DespesasFuncaoSubfuncaoLineItems" xlink:to="DespesasLiquidadasDemonstrativoSimplificadoDespesasPorFuncaoSubfuncao" xlink:title="definition: DespesasFuncaoSubfuncaoLineItems to DespesasLiquidadasDemonstrativoSimplificadoDespesasPorFuncaoSubfuncao" order="2.0"/>
    <link:loc xlink:type="locator" xlink:href="siconfi-rreo-anexo14_2019-12-31.xsd#siconfi-rreo-anexo14uniao_DespesasFuncaoSubfuncaoTable" xlink:label="DespesasFuncaoSubfuncaoTable" xlink:title="DespesasFuncaoSubfuncaoTable"/>
    <link:definitionArc xlink:type="arc" xlink:arcrole="http://xbrl.org/int/dim/arcrole/all" xlink:from="DespesasFuncaoSubfuncaoAbstract" xlink:to="DespesasFuncaoSubfuncaoTable" xlink:title="definition: DespesasFuncaoSubfuncaoAbstract to DespesasFuncaoSubfuncaoTable" order="2.0" xbrldt:contextElement="segment" xbrldt:closed="true"/>
    <link:loc xlink:type="locator" xlink:href="../../../cor/dim/siconfi-dim_2019-12-31.xsd#siconfi-dim_PeriodoAxis" xlink:label="PeriodoAxis" xlink:title="PeriodoAxis"/>
    <link:definitionArc xlink:type="arc" xlink:arcrole="http://xbrl.org/int/dim/arcrole/hypercube-dimension" xlink:from="DespesasFuncaoSubfuncaoTable" xlink:to="PeriodoAxis" xlink:title="definition: DespesasFuncaoSubfuncaoTable to PeriodoAxis" order="1.0"/>
    <link:loc xlink:type="locator" xlink:href="../../../cor/dim/siconfi-dim_2019-12-31.xsd#siconfi-dim_AteOBimestreMember" xlink:label="AteOBimestreMember" xlink:title="AteOBimestreMember"/>
    <link:definitionArc xlink:type="arc" xlink:arcrole="http://xbrl.org/int/dim/arcrole/dimension-domain" xlink:from="PeriodoAxis" xlink:to="AteOBimestreMember" xlink:title="definition: PeriodoAxis to AteOBimestreMember" order="1.0"/>
  </link:definitionLink>
  <link:definitionLink xlink:type="extended" xlink:role="http://fazenda.gov.br/siconfi/rep/rreo/anexo14/siconfi-rreo-anexo14-tabela14.0J">
    <link:loc xlink:type="locator" xlink:href="../../../cor/dim/siconfi-dim_2019-12-31.xsd#siconfi-dim_PeriodoAxis" xlink:label="PeriodoAxis" xlink:title="PeriodoAxis"/>
    <link:loc xlink:type="locator" xlink:href="../../../cor/dim/siconfi-dim_2019-12-31.xsd#siconfi-dim_AteOBimestreMember" xlink:label="AteOBimestreMember" xlink:title="AteOBimestreMember"/>
    <link:definitionArc xlink:type="arc" xlink:arcrole="http://xbrl.org/int/dim/arcrole/dimension-domain" xlink:from="PeriodoAxis" xlink:to="AteOBimestreMember" xlink:title="definition: PeriodoAxis to AteOBimestreMember" order="1.0"/>
    <link:loc xlink:type="locator" xlink:href="siconfi-rreo-anexo14_2019-12-31.xsd#siconfi-rreo-anexo14_ReceitasEDespesasDoRegimeProprioDePrevidenciaDosServidoresAbstract" xlink:label="ReceitasEDespesasRegimesPrevidenciaAbstract" xlink:title="ReceitasEDespesasRegimesPrevidenciaAbstract"/>
    <link:loc xlink:type="locator" xlink:href="siconfi-rreo-anexo14_2019-12-31.xsd#siconfi-rreo-anexo14_ReceitasEDespesasDoRegimeProprioDePrevidenciaDosServidoresLineItems" xlink:label="ReceitasEDespesasRegimesPrevidenciaLineItems" xlink:title="ReceitasEDespesasRegimesPrevidenciaLineItems"/>
    <link:definitionArc xlink:type="arc" xlink:arcrole="http://xbrl.org/int/dim/arcrole/domain-member" xlink:from="ReceitasEDespesasRegimesPrevidenciaAbstract" xlink:to="ReceitasEDespesasRegimesPrevidenciaLineItems" xlink:title="definition: ReceitasEDespesasRegimesPrevidenciaAbstract to ReceitasEDespesasRegimesPrevidenciaLineItems" order="1.0"/>
    <link:loc xlink:type="locator" xlink:href="../../../cor/ic/siconfi-cor_2019-12-31.xsd#siconfi-cor_RegimeProprioDePrevidenciaDosServidoresPlanoPrevidenciario" xlink:label="RegimeProprioDePrevidenciaDosServidoresPlanoPrevidenciario" xlink:title="RegimeProprioDePrevidenciaDosServidoresPlanoPrevidenciario"/>
    <link:definitionArc xlink:type="arc" xlink:arcrole="http://xbrl.org/int/dim/arcrole/domain-member" xlink:from="ReceitasEDespesasRegimesPrevidenciaLineItems" xlink:to="RegimeProprioDePrevidenciaDosServidoresPlanoPrevidenciario" xlink:title="definition: ReceitasEDespesasDoRegimeProprioDePrevidenciaDosServidoresLineItems to RegimeProprioDePrevidenciaDosServidoresPlanoPrevidenciario" order="1.0"/>
    <link:loc xlink:type="locator" xlink:href="../../../cor/ic/siconfi-cor_2019-12-31.xsd#siconfi-cor_ReceitasPrevidenciariasRealizadasRPPSPrevidenciarioDemonstrativoSimplificado" xlink:label="ReceitasPrevidenciariasRealizadasRPPSPrevidenciarioDemonstrativoSimplificado" xlink:title="ReceitasPrevidenciariasRealizadasRPPSPrevidenciarioDemonstrativoSimplificado"/>
    <link:definitionArc xlink:type="arc" xlink:arcrole="http://xbrl.org/int/dim/arcrole/domain-member" xlink:from="RegimeProprioDePrevidenciaDosServidoresPlanoPrevidenciario" xlink:to="ReceitasPrevidenciariasRealizadasRPPSPrevidenciarioDemonstrativoSimplificado" xlink:title="definition: RegimeProprioDePrevidenciaDosServidoresPlanoPrevidenciario to ReceitasPrevidenciariasRealizadasRPPSPrevidenciarioDemonstrativoSimplificado" order="1.0"/>
    <link:loc xlink:type="locator" xlink:href="../../../cor/ic/siconfi-cor_2019-12-31.xsd#siconfi-cor_DespesasPrevidenciariasLiquidadasRPPSPrevidenciarioDemonstrativoSimplificado" xlink:label="DespesasPrevidenciariasLiquidadasRPPSPrevidenciarioDemonstrativoSimplificado" xlink:title="DespesasPrevidenciariasLiquidadasRPPSPrevidenciarioDemonstrativoSimplificado"/>
    <link:definitionArc xlink:type="arc" xlink:arcrole="http://xbrl.org/int/dim/arcrole/domain-member" xlink:from="RegimeProprioDePrevidenciaDosServidoresPlanoPrevidenciario" xlink:to="DespesasPrevidenciariasLiquidadasRPPSPrevidenciarioDemonstrativoSimplificado" xlink:title="definition: RegimeProprioDePrevidenciaDosServidoresPlanoPrevidenciario to DespesasPrevidenciariasLiquidadasRPPSPrevidenciarioDemonstrativoSimplificado" order="3.0"/>
    <link:loc xlink:type="locator" xlink:href="../../../cor/ic/siconfi-cor_2019-12-31.xsd#siconfi-cor_DespesasPrevidenciariasEmpenhadasRPPSPrevidenciarioDemonstrativoSimplificado" xlink:label="DespesasPrevidenciariasEmpenhadasRPPSPrevidenciarioDemonstrativoSimplificado" xlink:title="DespesasPrevidenciariasEmpenhadasRPPSPrevidenciarioDemonstrativoSimplificado"/>
    <link:definitionArc xlink:type="arc" xlink:arcrole="http://xbrl.org/int/dim/arcrole/domain-member" xlink:from="RegimeProprioDePrevidenciaDosServidoresPlanoPrevidenciario" xlink:to="DespesasPrevidenciariasEmpenhadasRPPSPrevidenciarioDemonstrativoSimplificado" xlink:title="definition: RegimeProprioDePrevidenciaDosServidoresPlanoPrevidenciario to DespesasPrevidenciariasEmpenhadasRPPSPrevidenciarioDemonstrativoSimplificado" order="2.0"/>
    <link:loc xlink:type="locator" xlink:href="../../../cor/ic/siconfi-cor_2019-12-31.xsd#siconfi-cor_ResultadoPrevidenciarioRPPSPrevidenciarioDemonstrativoSimplificado" xlink:label="ResultadoPrevidenciarioRPPSPrevidenciarioDemonstrativoSimplificado" xlink:title="ResultadoPrevidenciarioRPPSPrevidenciarioDemonstrativoSimplificado"/>
    <link:definitionArc xlink:type="arc" xlink:arcrole="http://xbrl.org/int/dim/arcrole/domain-member" xlink:from="RegimeProprioDePrevidenciaDosServidoresPlanoPrevidenciario" xlink:to="ResultadoPrevidenciarioRPPSPrevidenciarioDemonstrativoSimplificado" xlink:title="definition: RegimeProprioDePrevidenciaDosServidoresPlanoPrevidenciario to ResultadoPrevidenciarioRPPSPrevidenciarioDemonstrativoSimplificado" order="4.0"/>
    <link:loc xlink:type="locator" xlink:href="../../../cor/ic/siconfi-cor_2019-12-31.xsd#siconfi-cor_RegimeProprioDePrevidenciaDosServidoresPlanoFinanceiro" xlink:label="RegimeProprioDePrevidenciaDosServidoresPlanoFinanceiro" xlink:title="RegimeProprioDePrevidenciaDosServidoresPlanoFinanceiro"/>
    <link:definitionArc xlink:type="arc" xlink:arcrole="http://xbrl.org/int/dim/arcrole/domain-member" xlink:from="ReceitasEDespesasRegimesPrevidenciaLineItems" xlink:to="RegimeProprioDePrevidenciaDosServidoresPlanoFinanceiro" xlink:title="definition: ReceitasEDespesasDoRegimeProprioDePrevidenciaDosServidoresLineItems to RegimeProprioDePrevidenciaDosServidoresPlanoFinanceiro" order="2.0"/>
    <link:loc xlink:type="locator" xlink:href="../../../cor/ic/siconfi-cor_2019-12-31.xsd#siconfi-cor_ReceitasPrevidenciariasRealizadasRPPSFinanceiroDemonstrativoSimplificado" xlink:label="ReceitasPrevidenciariasRealizadasRPPSFinanceiroDemonstrativoSimplificado" xlink:title="ReceitasPrevidenciariasRealizadasRPPSFinanceiroDemonstrativoSimplificado"/>
    <link:definitionArc xlink:type="arc" xlink:arcrole="http://xbrl.org/int/dim/arcrole/domain-member" xlink:from="RegimeProprioDePrevidenciaDosServidoresPlanoFinanceiro" xlink:to="ReceitasPrevidenciariasRealizadasRPPSFinanceiroDemonstrativoSimplificado" xlink:title="definition: RegimeProprioDePrevidenciaDosServidoresPlanoFinanceiro to ReceitasPrevidenciariasRealizadasRPPSFinanceiroDemonstrativoSimplificado" order="1.0"/>
    <link:loc xlink:type="locator" xlink:href="../../../cor/ic/siconfi-cor_2019-12-31.xsd#siconfi-cor_DespesasPrevidenciariasEmpenhadasRPPSFinanceiroDemonstrativoSimplificado" xlink:label="DespesasPrevidenciariasEmpenhadasRPPSFinanceiroDemonstrativoSimplificado" xlink:title="DespesasPrevidenciariasEmpenhadasRPPSFinanceiroDemonstrativoSimplificado"/>
    <link:definitionArc xlink:type="arc" xlink:arcrole="http://xbrl.org/int/dim/arcrole/domain-member" xlink:from="RegimeProprioDePrevidenciaDosServidoresPlanoFinanceiro" xlink:to="DespesasPrevidenciariasEmpenhadasRPPSFinanceiroDemonstrativoSimplificado" xlink:title="definition: RegimeProprioDePrevidenciaDosServidoresPlanoFinanceiro to DespesasPrevidenciariasEmpenhadasRPPSFinanceiroDemonstrativoSimplificado" order="2.0"/>
    <link:loc xlink:type="locator" xlink:href="../../../cor/ic/siconfi-cor_2019-12-31.xsd#siconfi-cor_DespesasPrevidenciariasLiquidadasRPPSFinanceiroDemonstrativoSimplificado" xlink:label="DespesasPrevidenciariasLiquidadasRPPSFinanceiroDemonstrativoSimplificado" xlink:title="DespesasPrevidenciariasLiquidadasRPPSFinanceiroDemonstrativoSimplificado"/>
    <link:definitionArc xlink:type="arc" xlink:arcrole="http://xbrl.org/int/dim/arcrole/domain-member" xlink:from="RegimeProprioDePrevidenciaDosServidoresPlanoFinanceiro" xlink:to="DespesasPrevidenciariasLiquidadasRPPSFinanceiroDemonstrativoSimplificado" xlink:title="definition: RegimeProprioDePrevidenciaDosServidoresPlanoFinanceiro to DespesasPrevidenciariasLiquidadasRPPSFinanceiroDemonstrativoSimplificado" order="3.0"/>
    <link:loc xlink:type="locator" xlink:href="../../../cor/ic/siconfi-cor_2019-12-31.xsd#siconfi-cor_ResultadoPrevidenciarioRPPSFinanceiroDemonstrativoSimplificado" xlink:label="ResultadoPrevidenciarioRPPSFinanceiroDemonstrativoSimplificado" xlink:title="ResultadoPrevidenciarioRPPSFinanceiroDemonstrativoSimplificado"/>
    <link:definitionArc xlink:type="arc" xlink:arcrole="http://xbrl.org/int/dim/arcrole/domain-member" xlink:from="RegimeProprioDePrevidenciaDosServidoresPlanoFinanceiro" xlink:to="ResultadoPrevidenciarioRPPSFinanceiroDemonstrativoSimplificado" xlink:title="definition: RegimeProprioDePrevidenciaDosServidoresPlanoFinanceiro to ResultadoPrevidenciarioRPPSFinanceiroDemonstrativoSimplificado" order="4.0"/>
    <link:loc xlink:type="locator" xlink:href="siconfi-rreo-anexo14_2019-12-31.xsd#siconfi-rreo-anexo14uniao_ReceitasEDespesasRegimesPrevidenciaTable" xlink:label="ReceitasEDespesasRegimesPrevidenciaTable" xlink:title="ReceitasEDespesasRegimesPrevidenciaTable"/>
    <link:definitionArc xlink:type="arc" xlink:arcrole="http://xbrl.org/int/dim/arcrole/all" xlink:from="ReceitasEDespesasRegimesPrevidenciaAbstract" xlink:to="ReceitasEDespesasRegimesPrevidenciaTable" xlink:title="definition: ReceitasEDespesasRegimesPrevidenciaAbstract to ReceitasEDespesasRegimesPrevidenciaTable" order="2.0" xbrldt:contextElement="segment" xbrldt:closed="true"/>
    <link:definitionArc xlink:type="arc" xlink:arcrole="http://xbrl.org/int/dim/arcrole/hypercube-dimension" xlink:from="ReceitasEDespesasRegimesPrevidenciaTable" xlink:to="PeriodoAxis" xlink:title="definition: ReceitasEDespesasRegimesPrevidenciaTable to PeriodoAxis" order="1.0"/>
  </link:definitionLink>
  <link:definitionLink xlink:type="extended" xlink:role="http://fazenda.gov.br/siconfi/rep/rreo/anexo14/siconfi-rreo-anexo14-tabela14.0K">
    <link:loc xlink:type="locator" xlink:href="siconfi-rreo-anexo14_2019-12-31.xsd#siconfi-rreo-anexo14uniao_DespesasDeCaraterContinuadoDerivadosDePPPAbstract" xlink:label="DespesasDeCaraterContinuadoDerivadosDePPPAbstract" xlink:title="DespesasDeCaraterContinuadoDerivadosDePPPAbstract"/>
    <link:loc xlink:type="locator" xlink:href="siconfi-rreo-anexo14_2019-12-31.xsd#siconfi-rreo-anexo14uniao_DespesasDeCaraterContinuadoDerivadosDePPPLineItems" xlink:label="DespesasDeCaraterContinuadoDerivadosDePPPLineItems" xlink:title="DespesasDeCaraterContinuadoDerivadosDePPPLineItems"/>
    <link:definitionArc xlink:type="arc" xlink:arcrole="http://xbrl.org/int/dim/arcrole/domain-member" xlink:from="DespesasDeCaraterContinuadoDerivadosDePPPAbstract" xlink:to="DespesasDeCaraterContinuadoDerivadosDePPPLineItems" xlink:title="definition: DespesasDeCaraterContinuadoDerivadosDePPPAbstract to DespesasDeCaraterContinuadoDerivadosDePPPLineItems" order="1.0"/>
    <link:loc xlink:type="locator" xlink:href="../../../cor/ic/siconfi-cor_2019-12-31.xsd#siconfi-cor_TotalDasDespesasDeCaraterContinuadoEmRelacaoAReceitaCorrenteLiquidaDemonstrativoSimplificado" xlink:label="TotalDasDespesasDeCaraterContinuadoEmRelacaoAReceitaCorrenteLiquidaDemonstrativoSimplificado" xlink:title="TotalDasDespesasDeCaraterContinuadoEmRelacaoAReceitaCorrenteLiquidaDemonstrativoSimplificado"/>
    <link:definitionArc xlink:type="arc" xlink:arcrole="http://xbrl.org/int/dim/arcrole/domain-member" xlink:from="DespesasDeCaraterContinuadoDerivadosDePPPLineItems" xlink:to="TotalDasDespesasDeCaraterContinuadoEmRelacaoAReceitaCorrenteLiquidaDemonstrativoSimplificado" xlink:title="definition: DespesasDeCaraterContinuadoDerivadosDePPPLineItems to TotalDasDespesasDeCaraterContinuadoEmRelacaoAReceitaCorrenteLiquidaDemonstrativoSimplificado" order="1.0"/>
    <link:loc xlink:type="locator" xlink:href="siconfi-rreo-anexo14_2019-12-31.xsd#siconfi-rreo-anexo14_DespesasDeCaraterContinuadoDerivadasDePPPTable" xlink:label="DespesasDeCaraterContinuadoDerivadasDePPPTable" xlink:title="DespesasDeCaraterContinuadoDerivadasDePPPTable"/>
    <link:definitionArc xlink:type="arc" xlink:arcrole="http://xbrl.org/int/dim/arcrole/all" xlink:from="DespesasDeCaraterContinuadoDerivadosDePPPAbstract" xlink:to="DespesasDeCaraterContinuadoDerivadasDePPPTable" xlink:title="definition: DespesasDeCaraterContinuadoDerivadosDePPPAbstract to DespesasDeCaraterContinuadoDerivadasDePPPTable" order="2.0" xbrldt:contextElement="segment" xbrldt:closed="true"/>
    <link:loc xlink:type="locator" xlink:href="../../../cor/dim/siconfi-dim_2019-12-31.xsd#siconfi-dim_ValorRealizadoPeriodoAxis" xlink:label="ValorRealizadoPeriodoAxis" xlink:title="ValorRealizadoPeriodoAxis"/>
    <link:definitionArc xlink:type="arc" xlink:arcrole="http://xbrl.org/int/dim/arcrole/hypercube-dimension" xlink:from="DespesasDeCaraterContinuadoDerivadasDePPPTable" xlink:to="ValorRealizadoPeriodoAxis" xlink:title="definition: DespesasDeCaraterContinuadoDerivadasDePPPTable to ValorRealizadoPeriodoAxis" order="1.0"/>
    <link:loc xlink:type="locator" xlink:href="../../../cor/dim/siconfi-dim_2019-12-31.xsd#siconfi-dim_ApuracaoValorMember" xlink:label="ApuracaoValorMember" xlink:title="ApuracaoValorMember"/>
    <link:definitionArc xlink:type="arc" xlink:arcrole="http://xbrl.org/int/dim/arcrole/dimension-domain" xlink:from="ValorRealizadoPeriodoAxis" xlink:to="ApuracaoValorMember" xlink:title="definition: ValorRealizadoPeriodoAxis to ApuracaoValorMember" order="1.0"/>
  </link:definitionLink>
  <link:definitionLink xlink:type="extended" xlink:role="http://fazenda.gov.br/siconfi/rep/rreo/anexo14/siconfi-rreo-anexo14-tabela14.0L">
    <link:loc xlink:type="locator" xlink:href="siconfi-rreo-anexo14_2019-12-31.xsd#siconfi-rreo-anexo14uniao_DespesasComAcoesTipicasDeMDEAbstract" xlink:label="DespesasComAcoesTipicasDeMDEAbstract" xlink:title="DespesasComAcoesTipicasDeMDEAbstract"/>
    <link:loc xlink:type="locator" xlink:href="siconfi-rreo-anexo14_2019-12-31.xsd#siconfi-rreo-anexo14uniao_DespesasComAcoesTipicasDeMDELineItems" xlink:label="DespesasComAcoesTipicasDeMDELineItems" xlink:title="DespesasComAcoesTipicasDeMDELineItems"/>
    <link:definitionArc xlink:type="arc" xlink:arcrole="http://xbrl.org/int/dim/arcrole/domain-member" xlink:from="DespesasComAcoesTipicasDeMDEAbstract" xlink:to="DespesasComAcoesTipicasDeMDELineItems" xlink:title="definition: DespesasComAcoesTipicasDeMDEAbstract to DespesasComAcoesTipicasDeMDELineItems" order="1.0"/>
    <link:loc xlink:type="locator" xlink:href="../../../cor/ic/siconfi-cor_2019-12-31.xsd#siconfi-cor_ComplementacaoDaUniaoAoFUNDEB" xlink:label="ComplementacaoDaUniaoAoFUNDEB" xlink:title="ComplementacaoDaUniaoAoFUNDEB"/>
    <link:definitionArc xlink:type="arc" xlink:arcrole="http://xbrl.org/int/dim/arcrole/domain-member" xlink:from="DespesasComAcoesTipicasDeMDELineItems" xlink:to="ComplementacaoDaUniaoAoFUNDEB" xlink:title="definition: DespesasComAcoesTipicasDeMDELineItems to ComplementacaoDaUniaoAoFUNDEB" order="4.0"/>
    <link:loc xlink:type="locator" xlink:href="../../../cor/ic/siconfi-cor_2019-12-31.xsd#siconfi-cor_MinimoAnualDoFUNDEBNaRemuneracaoDoMagisterioComEducacaoInfantilEnsinoFundamentalEMedioDemonstrativoSimplificado" xlink:label="MinimoAnualDoFUNDEBNaRemuneracaoDoMagisterioComEducacaoInfantilEnsinoFundamentalEMedioDemonstrativoSimplificado" xlink:title="MinimoAnualDoFUNDEBNaRemuneracaoDoMagisterioComEducacaoInfantilEnsinoFundamentalEMedioDemonstrativoSimplificado"/>
    <link:definitionArc xlink:type="arc" xlink:arcrole="http://xbrl.org/int/dim/arcrole/domain-member" xlink:from="DespesasComAcoesTipicasDeMDELineItems" xlink:to="MinimoAnualDoFUNDEBNaRemuneracaoDoMagisterioComEducacaoInfantilEnsinoFundamentalEMedioDemonstrativoSimplificado" xlink:title="definition: DespesasComAcoesTipicasDeMDELineItems to MinimoAnualDoFUNDEBNaRemuneracaoDoMagisterioComEducacaoInfantilEnsinoFundamentalEMedioDemonstrativoSimplificado" order="2.0"/>
    <link:loc xlink:type="locator" xlink:href="../../../cor/ic/siconfi-cor_2019-12-31.xsd#siconfi-cor_MinimoAnualDasReceitasDeImpostosNaManutencaoEDesenvolvimentoDoEnsinoDemonstrativoSimplificado" xlink:label="MinimoAnualDasReceitasDeImpostosNaManutencaoEDesenvolvimentoDoEnsinoDemonstrativoSimplificado" xlink:title="MinimoAnualDasReceitasDeImpostosNaManutencaoEDesenvolvimentoDoEnsinoDemonstrativoSimplificado"/>
    <link:definitionArc xlink:type="arc" xlink:arcrole="http://xbrl.org/int/dim/arcrole/domain-member" xlink:from="DespesasComAcoesTipicasDeMDELineItems" xlink:to="MinimoAnualDasReceitasDeImpostosNaManutencaoEDesenvolvimentoDoEnsinoDemonstrativoSimplificado" xlink:title="definition: DespesasComAcoesTipicasDeMDELineItems to MinimoAnualDasReceitasDeImpostosNaManutencaoEDesenvolvimentoDoEnsinoDemonstrativoSimplificado" order="1.0"/>
    <link:loc xlink:type="locator" xlink:href="../../../cor/ic/siconfi-cor_2019-12-31.xsd#siconfi-cor_MinimoAnualDoFUNDEBNaRemuneracaoDoMagisterioComEducacaoInfantilEEnsinoFundamentalDemonstrativoSimplificado" xlink:label="MinimoAnualDoFUNDEBNaRemuneracaoDoMagisterioComEducacaoInfantilEEnsinoFundamentalDemonstrativoSimplificado" xlink:title="MinimoAnualDoFUNDEBNaRemuneracaoDoMagisterioComEducacaoInfantilEEnsinoFundamentalDemonstrativoSimplificado"/>
    <link:definitionArc xlink:type="arc" xlink:arcrole="http://xbrl.org/int/dim/arcrole/domain-member" xlink:from="DespesasComAcoesTipicasDeMDELineItems" xlink:to="MinimoAnualDoFUNDEBNaRemuneracaoDoMagisterioComEducacaoInfantilEEnsinoFundamentalDemonstrativoSimplificado" xlink:title="definition: DespesasComAcoesTipicasDeMDELineItems to MinimoAnualDoFUNDEBNaRemuneracaoDoMagisterioComEducacaoInfantilEEnsinoFundamentalDemonstrativoSimplificado" order="3.0"/>
    <link:loc xlink:type="locator" xlink:href="siconfi-rreo-anexo14_2019-12-31.xsd#siconfi-rreo-anexo14_DespesasMDETable" xlink:label="DespesasMDETable" xlink:title="DespesasMDETable"/>
    <link:definitionArc xlink:type="arc" xlink:arcrole="http://xbrl.org/int/dim/arcrole/all" xlink:from="DespesasComAcoesTipicasDeMDEAbstract" xlink:to="DespesasMDETable" xlink:title="definition: DespesasComAcoesTipicasDeMDEAbstract to DespesasMDETable" order="2.0" xbrldt:contextElement="segment" xbrldt:closed="true"/>
    <link:loc xlink:type="locator" xlink:href="../../../cor/dim/siconfi-dim_2019-12-31.xsd#siconfi-dim_ApuracaoDespesasEnsinoAxis" xlink:label="ApuracaoDespesasEnsinoAxis" xlink:title="ApuracaoDespesasEnsinoAxis"/>
    <link:definitionArc xlink:type="arc" xlink:arcrole="http://xbrl.org/int/dim/arcrole/hypercube-dimension" xlink:from="DespesasMDETable" xlink:to="ApuracaoDespesasEnsinoAxis" xlink:title="definition: DespesasMDETable to ApuracaoDespesasEnsinoAxis" order="1.0"/>
    <link:loc xlink:type="locator" xlink:href="../../../cor/dim/siconfi-dim_2019-12-31.xsd#siconfi-dim_ValorApuradoAteOBimestreEnsinoMember" xlink:label="ValorApuradoAteOBimestreEnsinoMember" xlink:title="ValorApuradoAteOBimestreEnsinoMember"/>
    <link:definitionArc xlink:type="arc" xlink:arcrole="http://xbrl.org/int/dim/arcrole/dimension-domain" xlink:from="ApuracaoDespesasEnsinoAxis" xlink:to="ValorApuradoAteOBimestreEnsinoMember" xlink:title="definition: ApuracaoDespesasEnsinoAxis to ValorApuradoAteOBimestreEnsinoMember" order="1.0"/>
    <link:loc xlink:type="locator" xlink:href="../../../cor/dim/siconfi-dim_2019-12-31.xsd#siconfi-dim_LimitesConstitucionaisAnuaisPercentualAplicadoAteOBimestreEnsinoMember" xlink:label="LimitesConstitucionaisAnuaisPercentualAplicadoAteOBimestreEnsinoMember" xlink:title="LimitesConstitucionaisAnuaisPercentualAplicadoAteOBimestreEnsinoMember"/>
    <link:definitionArc xlink:type="arc" xlink:arcrole="http://xbrl.org/int/dim/arcrole/dimension-domain" xlink:from="ApuracaoDespesasEnsinoAxis" xlink:to="LimitesConstitucionaisAnuaisPercentualAplicadoAteOBimestreEnsinoMember" xlink:title="definition: ApuracaoDespesasEnsinoAxis to LimitesConstitucionaisAnuaisPercentualAplicadoAteOBimestreEnsinoMember" order="2.0" xbrldt:usable="false"/>
    <link:loc xlink:type="locator" xlink:href="../../../cor/dim/siconfi-dim_2019-12-31.xsd#siconfi-dim_PercentualMinimoAAplicarNoExercicioAteOBimestreEnsinoMember" xlink:label="PercentualMinimoAAplicarNoExercicioAteOBimestreEnsinoMember" xlink:title="PercentualMinimoAAplicarNoExercicioAteOBimestreEnsinoMember"/>
    <link:definitionArc xlink:type="arc" xlink:arcrole="http://xbrl.org/int/dim/arcrole/domain-member" xlink:from="LimitesConstitucionaisAnuaisPercentualAplicadoAteOBimestreEnsinoMember" xlink:to="PercentualMinimoAAplicarNoExercicioAteOBimestreEnsinoMember" xlink:title="definition: LimitesConstitucionaisAnuaisPercentualAplicadoAteOBimestreEnsinoMember to PercentualMinimoAAplicarNoExercicioAteOBimestreEnsinoMember" order="1.0"/>
    <link:loc xlink:type="locator" xlink:href="../../../cor/dim/siconfi-dim_2019-12-31.xsd#siconfi-dim_PercentualAplicadoAteOBimestreEnsinoMember" xlink:label="PercentualAplicadoAteOBimestreEnsinoMember" xlink:title="PercentualAplicadoAteOBimestreEnsinoMember"/>
    <link:definitionArc xlink:type="arc" xlink:arcrole="http://xbrl.org/int/dim/arcrole/domain-member" xlink:from="LimitesConstitucionaisAnuaisPercentualAplicadoAteOBimestreEnsinoMember" xlink:to="PercentualAplicadoAteOBimestreEnsinoMember" xlink:title="definition: LimitesConstitucionaisAnuaisPercentualAplicadoAteOBimestreEnsinoMember to PercentualAplicadoAteOBimestreEnsinoMember" order="2.0"/>
  </link:definitionLink>
  <link:definitionLink xlink:type="extended" xlink:role="http://fazenda.gov.br/siconfi/rep/rreo/anexo14/siconfi-rreo-anexo14-tabela14.0M">
    <link:loc xlink:type="locator" xlink:href="siconfi-rreo-anexo14_2019-12-31.xsd#siconfi-rreo-anexo14uniao_DespesasComAcoesEServicosPublicosDeSaudeAbstract" xlink:label="DespesasComAcoesEServicosPublicosDeSaudeAbstract" xlink:title="DespesasComAcoesEServicosPublicosDeSaudeAbstract"/>
    <link:loc xlink:type="locator" xlink:href="siconfi-rreo-anexo14_2019-12-31.xsd#siconfi-rreo-anexo14uniao_DespesasComAcoesEServicosPublicosDeSaudeLineItems" xlink:label="DespesasComAcoesEServicosPublicosDeSaudeLineItems" xlink:title="DespesasComAcoesEServicosPublicosDeSaudeLineItems"/>
    <link:definitionArc xlink:type="arc" xlink:arcrole="http://xbrl.org/int/dim/arcrole/domain-member" xlink:from="DespesasComAcoesEServicosPublicosDeSaudeAbstract" xlink:to="DespesasComAcoesEServicosPublicosDeSaudeLineItems" xlink:title="definition: DespesasComAcoesEServicosPublicosDeSaudeAbstract to DespesasComAcoesEServicosPublicosDeSaudeLineItems" order="1.0"/>
    <link:loc xlink:type="locator" xlink:href="../../../cor/ic/siconfi-cor_2019-12-31.xsd#siconfi-cor_AplicacaoTotalDasDespesasComAcoesEServicosPublicosDeSaude" xlink:label="AplicacaoTotalDasDespesasComAcoesEServicosPublicosDeSaude" xlink:title="AplicacaoTotalDasDespesasComAcoesEServicosPublicosDeSaude"/>
    <link:definitionArc xlink:type="arc" xlink:arcrole="http://xbrl.org/int/dim/arcrole/domain-member" xlink:from="DespesasComAcoesEServicosPublicosDeSaudeLineItems" xlink:to="AplicacaoTotalDasDespesasComAcoesEServicosPublicosDeSaude" xlink:title="definition: DespesasComAcoesEServicosPublicosDeSaudeLineItems to AplicacaoTotalDasDespesasComAcoesEServicosPublicosDeSaude" order="1.0"/>
    <link:loc xlink:type="locator" xlink:href="siconfi-rreo-anexo14_2019-12-31.xsd#siconfi-rreo-anexo14_DespesasComServicosPublicosDeSaudeTable" xlink:label="DespesasComServicosPublicosDeSaudeTable" xlink:title="DespesasComServicosPublicosDeSaudeTable"/>
    <link:definitionArc xlink:type="arc" xlink:arcrole="http://xbrl.org/int/dim/arcrole/all" xlink:from="DespesasComAcoesEServicosPublicosDeSaudeAbstract" xlink:to="DespesasComServicosPublicosDeSaudeTable" xlink:title="definition: DespesasComAcoesEServicosPublicosDeSaudeAbstract to DespesasComServicosPublicosDeSaudeTable" order="2.0" xbrldt:contextElement="segment" xbrldt:closed="true"/>
    <link:loc xlink:type="locator" xlink:href="../../../cor/dim/siconfi-dim_2019-12-31.xsd#siconfi-dim_ApuracaoDespesasSaudeAxis" xlink:label="ApuracaoDespesasSaudeAxis" xlink:title="ApuracaoDespesasSaudeAxis"/>
    <link:definitionArc xlink:type="arc" xlink:arcrole="http://xbrl.org/int/dim/arcrole/hypercube-dimension" xlink:from="DespesasComServicosPublicosDeSaudeTable" xlink:to="ApuracaoDespesasSaudeAxis" xlink:title="definition: DespesasComServicosPublicosDeSaudeTable to ApuracaoDespesasSaudeAxis" order="1.0"/>
    <link:loc xlink:type="locator" xlink:href="../../../cor/dim/siconfi-dim_2019-12-31.xsd#siconfi-dim_LimiteConstitucionalAnualPercentualAplicadoAteOBimestreSaudeMember" xlink:label="LimiteConstitucionalAnualPercentualAplicadoAteOBimestreSaudeMember" xlink:title="LimiteConstitucionalAnualPercentualAplicadoAteOBimestreSaudeMember"/>
    <link:definitionArc xlink:type="arc" xlink:arcrole="http://xbrl.org/int/dim/arcrole/dimension-domain" xlink:from="ApuracaoDespesasSaudeAxis" xlink:to="LimiteConstitucionalAnualPercentualAplicadoAteOBimestreSaudeMember" xlink:title="definition: ApuracaoDespesasSaudeAxis to LimiteConstitucionalAnualPercentualAplicadoAteOBimestreSaudeMember" order="2.0" xbrldt:usable="false"/>
    <link:loc xlink:type="locator" xlink:href="../../../cor/dim/siconfi-dim_2019-12-31.xsd#siconfi-dim_PercentualMinimoAAplicarNoExercicioAteOBimestreSaudeMember" xlink:label="PercentualMinimoAAplicarNoExercicioAteOBimestreSaudeMember" xlink:title="PercentualMinimoAAplicarNoExercicioAteOBimestreSaudeMember"/>
    <link:definitionArc xlink:type="arc" xlink:arcrole="http://xbrl.org/int/dim/arcrole/domain-member" xlink:from="LimiteConstitucionalAnualPercentualAplicadoAteOBimestreSaudeMember" xlink:to="PercentualMinimoAAplicarNoExercicioAteOBimestreSaudeMember" xlink:title="definition: LimiteConstitucionalAnualPercentualAplicadoAteOBimestreSaudeMember to PercentualMinimoAAplicarNoExercicioAteOBimestreSaudeMember" order="1.0"/>
    <link:loc xlink:type="locator" xlink:href="../../../cor/dim/siconfi-dim_2019-12-31.xsd#siconfi-dim_PercentualAplicadoAteOBimestreSaudeMember" xlink:label="PercentualAplicadoAteOBimestreSaudeMember" xlink:title="PercentualAplicadoAteOBimestreSaudeMember"/>
    <link:definitionArc xlink:type="arc" xlink:arcrole="http://xbrl.org/int/dim/arcrole/domain-member" xlink:from="LimiteConstitucionalAnualPercentualAplicadoAteOBimestreSaudeMember" xlink:to="PercentualAplicadoAteOBimestreSaudeMember" xlink:title="definition: LimiteConstitucionalAnualPercentualAplicadoAteOBimestreSaudeMember to PercentualAplicadoAteOBimestreSaudeMember" order="2.0"/>
    <link:loc xlink:type="locator" xlink:href="../../../cor/dim/siconfi-dim_2019-12-31.xsd#siconfi-dim_ValorApuradoAteOBimestreSaudeMember" xlink:label="ValorApuradoAteOBimestreSaudeMember" xlink:title="ValorApuradoAteOBimestreSaudeMember"/>
    <link:definitionArc xlink:type="arc" xlink:arcrole="http://xbrl.org/int/dim/arcrole/dimension-domain" xlink:from="ApuracaoDespesasSaudeAxis" xlink:to="ValorApuradoAteOBimestreSaudeMember" xlink:title="definition: ApuracaoDespesasSaudeAxis to ValorApuradoAteOBimestreSaudeMember" order="1.0"/>
  </link:definitionLink>
  <link:definitionLink xlink:type="extended" xlink:role="http://fazenda.gov.br/siconfi/rep/rreo/anexo14/siconfi-rreo-anexo14-tabela14.0G">
    <link:loc xlink:type="locator" xlink:href="siconfi-rreo-anexo14_2019-12-31.xsd#siconfi-rreo-anexo14uniao_ReceitaDaAlienacaoDeAtivosEAplicacaoDosRecursosAbstract" xlink:label="ReceitaDaAlienacaoDeAtivosEAplicacaoDosRecursosAbstract" xlink:title="ReceitaDaAlienacaoDeAtivosEAplicacaoDosRecursosAbstract"/>
    <link:loc xlink:type="locator" xlink:href="siconfi-rreo-anexo14_2019-12-31.xsd#siconfi-rreo-anexo14uniao_ReceitaDaAlienacaoDeAtivosEAplicacaoDosRecursosLineItems" xlink:label="ReceitaDaAlienacaoDeAtivosEAplicacaoDosRecursosLineItems" xlink:title="ReceitaDaAlienacaoDeAtivosEAplicacaoDosRecursosLineItems"/>
    <link:definitionArc xlink:type="arc" xlink:arcrole="http://xbrl.org/int/dim/arcrole/domain-member" xlink:from="ReceitaDaAlienacaoDeAtivosEAplicacaoDosRecursosAbstract" xlink:to="ReceitaDaAlienacaoDeAtivosEAplicacaoDosRecursosLineItems" xlink:title="definition: ReceitaDaAlienacaoDeAtivosEAplicacaoDosRecursosAbstract to ReceitaDaAlienacaoDeAtivosEAplicacaoDosRecursosLineItems" order="1.0"/>
    <link:loc xlink:type="locator" xlink:href="../../../cor/ic/siconfi-cor_2019-12-31.xsd#siconfi-cor_ReceitaDeCapitalResultanteDaAlienacaoDeAtivosDemonstrativoSimplificado" xlink:label="ReceitaDeCapitalResultanteDaAlienacaoDeAtivosDemonstrativoSimplificado" xlink:title="ReceitaDeCapitalResultanteDaAlienacaoDeAtivosDemonstrativoSimplificado"/>
    <link:definitionArc xlink:type="arc" xlink:arcrole="http://xbrl.org/int/dim/arcrole/domain-member" xlink:from="ReceitaDaAlienacaoDeAtivosEAplicacaoDosRecursosLineItems" xlink:to="ReceitaDeCapitalResultanteDaAlienacaoDeAtivosDemonstrativoSimplificado" xlink:title="definition: ReceitaDaAlienacaoDeAtivosEAplicacaoDosRecursosLineItems to ReceitaDeCapitalResultanteDaAlienacaoDeAtivosDemonstrativoSimplificado" order="1.0"/>
    <link:loc xlink:type="locator" xlink:href="../../../cor/ic/siconfi-cor_2019-12-31.xsd#siconfi-cor_AplicacaoDosRecursosDaAlienacaoDeAtivosDemonstrativoSimplificado" xlink:label="AplicacaoDosRecursosDaAlienacaoDeAtivosDemonstrativoSimplificado" xlink:title="AplicacaoDosRecursosDaAlienacaoDeAtivosDemonstrativoSimplificado"/>
    <link:definitionArc xlink:type="arc" xlink:arcrole="http://xbrl.org/int/dim/arcrole/domain-member" xlink:from="ReceitaDaAlienacaoDeAtivosEAplicacaoDosRecursosLineItems" xlink:to="AplicacaoDosRecursosDaAlienacaoDeAtivosDemonstrativoSimplificado" xlink:title="definition: ReceitaDaAlienacaoDeAtivosEAplicacaoDosRecursosLineItems to AplicacaoDosRecursosDaAlienacaoDeAtivosDemonstrativoSimplificado" order="2.0"/>
    <link:loc xlink:type="locator" xlink:href="siconfi-rreo-anexo14_2019-12-31.xsd#siconfi-rreo-anexo14uniao_ReceitaDaAlienacaoDeAtivosEAplicacaoDosRecursosTable" xlink:label="ReceitaDaAlienacaoDeAtivosEAplicacaoDosRecursosTable" xlink:title="ReceitaDaAlienacaoDeAtivosEAplicacaoDosRecursosTable"/>
    <link:definitionArc xlink:type="arc" xlink:arcrole="http://xbrl.org/int/dim/arcrole/all" xlink:from="ReceitaDaAlienacaoDeAtivosEAplicacaoDosRecursosAbstract" xlink:to="ReceitaDaAlienacaoDeAtivosEAplicacaoDosRecursosTable" xlink:title="definition: ReceitaDaAlienacaoDeAtivosEAplicacaoDosRecursosAbstract to ReceitaDaAlienacaoDeAtivosEAplicacaoDosRecursosTable" order="2.0" xbrldt:contextElement="segment" xbrldt:closed="true"/>
    <link:loc xlink:type="locator" xlink:href="../../../cor/dim/siconfi-dim_2019-12-31.xsd#siconfi-dim_ApuracaoReceitaDaAlienacaoDeAtivosAxis" xlink:label="ApuracaoReceitaDaAlienacaoDeAtivosAxis" xlink:title="ApuracaoReceitaDaAlienacaoDeAtivosAxis"/>
    <link:definitionArc xlink:type="arc" xlink:arcrole="http://xbrl.org/int/dim/arcrole/hypercube-dimension" xlink:from="ReceitaDaAlienacaoDeAtivosEAplicacaoDosRecursosTable" xlink:to="ApuracaoReceitaDaAlienacaoDeAtivosAxis" xlink:title="definition: ReceitaDaAlienacaoDeAtivosEAplicacaoDosRecursosTable to ApuracaoReceitaDaAlienacaoDeAtivosAxis" order="1.0"/>
    <link:loc xlink:type="locator" xlink:href="../../../cor/dim/siconfi-dim_2019-12-31.xsd#siconfi-dim_ValorApuradoAteOBimestreReceitaDaAlienacaoDeAtivosMember" xlink:label="ValorApuradoAteOBimestreReceitaDaAlienacaoDeAtivosMember" xlink:title="ValorApuradoAteOBimestreReceitaDaAlienacaoDeAtivosMember"/>
    <link:definitionArc xlink:type="arc" xlink:arcrole="http://xbrl.org/int/dim/arcrole/dimension-domain" xlink:from="ApuracaoReceitaDaAlienacaoDeAtivosAxis" xlink:to="ValorApuradoAteOBimestreReceitaDaAlienacaoDeAtivosMember" xlink:title="definition: ApuracaoReceitaDaAlienacaoDeAtivosAxis to ValorApuradoAteOBimestreReceitaDaAlienacaoDeAtivosMember" order="1.0"/>
    <link:loc xlink:type="locator" xlink:href="../../../cor/dim/siconfi-dim_2019-12-31.xsd#siconfi-dim_SaldoARealizarReceitaDaAlienacaoDeAtivosMember" xlink:label="SaldoARealizarReceitaDaAlienacaoDeAtivosMember" xlink:title="SaldoARealizarReceitaDaAlienacaoDeAtivosMember"/>
    <link:definitionArc xlink:type="arc" xlink:arcrole="http://xbrl.org/int/dim/arcrole/dimension-domain" xlink:from="ApuracaoReceitaDaAlienacaoDeAtivosAxis" xlink:to="SaldoARealizarReceitaDaAlienacaoDeAtivosMember" xlink:title="definition: ApuracaoReceitaDaAlienacaoDeAtivosAxis to SaldoARealizarReceitaDaAlienacaoDeAtivosMember" order="2.0"/>
  </link:definitionLink>
  <link:definitionLink xlink:type="extended" xlink:role="http://fazenda.gov.br/siconfi/rep/rreo/anexo14/siconfi-rreo-anexo14-tabela14.0A">
    <link:loc xlink:type="locator" xlink:href="../../../cor/dim/siconfi-dim_2019-12-31.xsd#siconfi-dim_PeriodoAxis" xlink:label="PeriodoAxis" xlink:title="PeriodoAxis"/>
    <link:loc xlink:type="locator" xlink:href="../../../cor/dim/siconfi-dim_2019-12-31.xsd#siconfi-dim_AteOBimestreMember" xlink:label="AteOBimestreMember" xlink:title="AteOBimestreMember"/>
    <link:definitionArc xlink:type="arc" xlink:arcrole="http://xbrl.org/int/dim/arcrole/dimension-domain" xlink:from="PeriodoAxis" xlink:to="AteOBimestreMember" xlink:title="definition: PeriodoAxis to AteOBimestreMember" order="1.0"/>
    <link:loc xlink:type="locator" xlink:href="siconfi-rreo-anexo14_2019-12-31.xsd#siconfi-rreo-anexo14uniao_BalancoOrcamentarioAbstract" xlink:label="BalancoOrcamentarioAbstract" xlink:title="BalancoOrcamentarioAbstract"/>
    <link:loc xlink:type="locator" xlink:href="siconfi-rreo-anexo14_2019-12-31.xsd#siconfi-rreo-anexo14uniao_BalancoOrcamentarioLineItems" xlink:label="BalancoOrcamentarioLineItems" xlink:title="BalancoOrcamentarioLineItems"/>
    <link:definitionArc xlink:type="arc" xlink:arcrole="http://xbrl.org/int/dim/arcrole/domain-member" xlink:from="BalancoOrcamentarioAbstract" xlink:to="BalancoOrcamentarioLineItems" xlink:title="definition: BalancoOrcamentarioAbstract to BalancoOrcamentarioLineItems" order="1.0"/>
    <link:loc xlink:type="locator" xlink:href="../../../cor/ic/siconfi-cor_2019-12-31.xsd#siconfi-cor_ReceitasDemonstrativoSimplificadoBalancoOrcamentario" xlink:label="ReceitasDemonstrativoSimplificadoBalancoOrcamentario" xlink:title="ReceitasDemonstrativoSimplificadoBalancoOrcamentario"/>
    <link:definitionArc xlink:type="arc" xlink:arcrole="http://xbrl.org/int/dim/arcrole/domain-member" xlink:from="BalancoOrcamentarioLineItems" xlink:to="ReceitasDemonstrativoSimplificadoBalancoOrcamentario" xlink:title="definition: BalancoOrcamentarioLineItems to ReceitasDemonstrativoSimplificadoBalancoOrcamentario" order="1.0"/>
    <link:loc xlink:type="locator" xlink:href="../../../cor/ic/siconfi-cor_2019-12-31.xsd#siconfi-cor_PrevisaoInicialDemonstrativoSimplificadoBalancoOrcamentario" xlink:label="PrevisaoInicialDemonstrativoSimplificadoBalancoOrcamentario" xlink:title="PrevisaoInicialDemonstrativoSimplificadoBalancoOrcamentario"/>
    <link:definitionArc xlink:type="arc" xlink:arcrole="http://xbrl.org/int/dim/arcrole/domain-member" xlink:from="ReceitasDemonstrativoSimplificadoBalancoOrcamentario" xlink:to="PrevisaoInicialDemonstrativoSimplificadoBalancoOrcamentario" xlink:title="definition: ReceitasDemonstrativoSimplificadoBalancoOrcamentario to PrevisaoInicialDemonstrativoSimplificadoBalancoOrcamentario" order="1.0"/>
    <link:loc xlink:type="locator" xlink:href="../../../cor/ic/siconfi-cor_2019-12-31.xsd#siconfi-cor_PrevisaoAtualizadaDemonstrativoSimplificadoBalancoOrcamentario" xlink:label="PrevisaoAtualizadaDemonstrativoSimplificadoBalancoOrcamentario" xlink:title="PrevisaoAtualizadaDemonstrativoSimplificadoBalancoOrcamentario"/>
    <link:definitionArc xlink:type="arc" xlink:arcrole="http://xbrl.org/int/dim/arcrole/domain-member" xlink:from="ReceitasDemonstrativoSimplificadoBalancoOrcamentario" xlink:to="PrevisaoAtualizadaDemonstrativoSimplificadoBalancoOrcamentario" xlink:title="definition: ReceitasDemonstrativoSimplificadoBalancoOrcamentario to PrevisaoAtualizadaDemonstrativoSimplificadoBalancoOrcamentario" order="2.0"/>
    <link:loc xlink:type="locator" xlink:href="../../../cor/ic/siconfi-cor_2019-12-31.xsd#siconfi-cor_ReceitasRealizadasDemonstrativoSimplificadoBalancoOrcamentario" xlink:label="ReceitasRealizadasDemonstrativoSimplificadoBalancoOrcamentario" xlink:title="ReceitasRealizadasDemonstrativoSimplificadoBalancoOrcamentario"/>
    <link:definitionArc xlink:type="arc" xlink:arcrole="http://xbrl.org/int/dim/arcrole/domain-member" xlink:from="ReceitasDemonstrativoSimplificadoBalancoOrcamentario" xlink:to="ReceitasRealizadasDemonstrativoSimplificadoBalancoOrcamentario" xlink:title="definition: ReceitasDemonstrativoSimplificadoBalancoOrcamentario to ReceitasRealizadasDemonstrativoSimplificadoBalancoOrcamentario" order="3.0"/>
    <link:loc xlink:type="locator" xlink:href="../../../cor/ic/siconfi-cor_2019-12-31.xsd#siconfi-cor_DeficitOrcamentarioDemonstrativoSimplificadoBalancoOrcamentario" xlink:label="DeficitOrcamentarioDemonstrativoSimplificadoBalancoOrcamentario" xlink:title="DeficitOrcamentarioDemonstrativoSimplificadoBalancoOrcamentario"/>
    <link:definitionArc xlink:type="arc" xlink:arcrole="http://xbrl.org/int/dim/arcrole/domain-member" xlink:from="ReceitasDemonstrativoSimplificadoBalancoOrcamentario" xlink:to="DeficitOrcamentarioDemonstrativoSimplificadoBalancoOrcamentario" xlink:title="definition: ReceitasDemonstrativoSimplificadoBalancoOrcamentario to DeficitOrcamentarioDemonstrativoSimplificadoBalancoOrcamentario" order="4.0"/>
    <link:loc xlink:type="locator" xlink:href="../../../cor/ic/siconfi-cor_2019-12-31.xsd#siconfi-cor_SaldoDeExerciciosAnterioresUtilizadosParaCreditosAdicionaisDemonstrativoSimplificadoBalancoOrcamentario" xlink:label="SaldoDeExerciciosAnterioresUtilizadosParaCreditosAdicionaisDemonstrativoSimplificadoBalancoOrcamentario" xlink:title="SaldoDeExerciciosAnterioresUtilizadosParaCreditosAdicionaisDemonstrativoSimplificadoBalancoOrcamentario"/>
    <link:definitionArc xlink:type="arc" xlink:arcrole="http://xbrl.org/int/dim/arcrole/domain-member" xlink:from="ReceitasDemonstrativoSimplificadoBalancoOrcamentario" xlink:to="SaldoDeExerciciosAnterioresUtilizadosParaCreditosAdicionaisDemonstrativoSimplificadoBalancoOrcamentario" xlink:title="definition: ReceitasDemonstrativoSimplificadoBalancoOrcamentario to SaldoDeExerciciosAnterioresUtilizadosParaCreditosAdicionaisDemonstrativoSimplificadoBalancoOrcamentario" order="5.0"/>
    <link:loc xlink:type="locator" xlink:href="../../../cor/ic/siconfi-cor_2019-12-31.xsd#siconfi-cor_DespesasDemonstrativoSimplificadoBalancoOrcamentario" xlink:label="DespesasDemonstrativoSimplificadoBalancoOrcamentario" xlink:title="DespesasDemonstrativoSimplificadoBalancoOrcamentario"/>
    <link:definitionArc xlink:type="arc" xlink:arcrole="http://xbrl.org/int/dim/arcrole/domain-member" xlink:from="BalancoOrcamentarioLineItems" xlink:to="DespesasDemonstrativoSimplificadoBalancoOrcamentario" xlink:title="definition: BalancoOrcamentarioLineItems to DespesasDemonstrativoSimplificadoBalancoOrcamentario" order="2.0"/>
    <link:loc xlink:type="locator" xlink:href="../../../cor/ic/siconfi-cor_2019-12-31.xsd#siconfi-cor_DotacaoInicialDemonstrativoSimplificadoBalancoOrcamentario" xlink:label="DotacaoInicialDemonstrativoSimplificadoBalancoOrcamentario" xlink:title="DotacaoInicialDemonstrativoSimplificadoBalancoOrcamentario"/>
    <link:definitionArc xlink:type="arc" xlink:arcrole="http://xbrl.org/int/dim/arcrole/domain-member" xlink:from="DespesasDemonstrativoSimplificadoBalancoOrcamentario" xlink:to="DotacaoInicialDemonstrativoSimplificadoBalancoOrcamentario" xlink:title="definition: DespesasDemonstrativoSimplificadoBalancoOrcamentario to DotacaoInicialDemonstrativoSimplificadoBalancoOrcamentario" order="1.0"/>
    <link:loc xlink:type="locator" xlink:href="../../../cor/ic/siconfi-cor_2019-12-31.xsd#siconfi-cor_DotacaoAtualizadaDemonstrativoSimplificadoBalancoOrcamentario" xlink:label="DotacaoAtualizadaDemonstrativoSimplificadoBalancoOrcamentario" xlink:title="DotacaoAtualizadaDemonstrativoSimplificadoBalancoOrcamentario"/>
    <link:definitionArc xlink:type="arc" xlink:arcrole="http://xbrl.org/int/dim/arcrole/domain-member" xlink:from="DespesasDemonstrativoSimplificadoBalancoOrcamentario" xlink:to="DotacaoAtualizadaDemonstrativoSimplificadoBalancoOrcamentario" xlink:title="definition: DespesasDemonstrativoSimplificadoBalancoOrcamentario to DotacaoAtualizadaDemonstrativoSimplificadoBalancoOrcamentario" order="3.0"/>
    <link:loc xlink:type="locator" xlink:href="../../../cor/ic/siconfi-cor_2019-12-31.xsd#siconfi-cor_DespesasEmpenhadasDemonstrativoSimplificadoBalancoOrcamentario" xlink:label="DespesasEmpenhadasDemonstrativoSimplificadoBalancoOrcamentario" xlink:title="DespesasEmpenhadasDemonstrativoSimplificadoBalancoOrcamentario"/>
    <link:definitionArc xlink:type="arc" xlink:arcrole="http://xbrl.org/int/dim/arcrole/domain-member" xlink:from="DespesasDemonstrativoSimplificadoBalancoOrcamentario" xlink:to="DespesasEmpenhadasDemonstrativoSimplificadoBalancoOrcamentario" xlink:title="definition: DespesasDemonstrativoSimplificadoBalancoOrcamentario to DespesasEmpenhadasDemonstrativoSimplificadoBalancoOrcamentario" order="4.0"/>
    <link:loc xlink:type="locator" xlink:href="../../../cor/ic/siconfi-cor_2019-12-31.xsd#siconfi-cor_DespesasLiquidadasDemonstrativoSimplificadoBalancoOrcamentario" xlink:label="DespesasLiquidadasDemonstrativoSimplificadoBalancoOrcamentario" xlink:title="DespesasLiquidadasDemonstrativoSimplificadoBalancoOrcamentario"/>
    <link:definitionArc xlink:type="arc" xlink:arcrole="http://xbrl.org/int/dim/arcrole/domain-member" xlink:from="DespesasDemonstrativoSimplificadoBalancoOrcamentario" xlink:to="DespesasLiquidadasDemonstrativoSimplificadoBalancoOrcamentario" xlink:title="definition: DespesasDemonstrativoSimplificadoBalancoOrcamentario to DespesasLiquidadasDemonstrativoSimplificadoBalancoOrcamentario" order="5.0"/>
    <link:loc xlink:type="locator" xlink:href="../../../cor/ic/siconfi-cor_2019-12-31.xsd#siconfi-cor_SuperavitOrcamentarioDemonstrativoSimplificadoBalancoOrcamentario" xlink:label="SuperavitOrcamentarioDemonstrativoSimplificadoBalancoOrcamentario" xlink:title="SuperavitOrcamentarioDemonstrativoSimplificadoBalancoOrcamentario"/>
    <link:definitionArc xlink:type="arc" xlink:arcrole="http://xbrl.org/int/dim/arcrole/domain-member" xlink:from="DespesasDemonstrativoSimplificadoBalancoOrcamentario" xlink:to="SuperavitOrcamentarioDemonstrativoSimplificadoBalancoOrcamentario" xlink:title="definition: DespesasDemonstrativoSimplificadoBalancoOrcamentario to SuperavitOrcamentarioDemonstrativoSimplificadoBalancoOrcamentario" order="7.0"/>
    <link:loc xlink:type="locator" xlink:href="../../../cor/ic/siconfi-cor_2019-12-31.xsd#siconfi-cor_DespesasPagasDemonstrativoSimplificadoBalancoOrcamentario" xlink:label="DespesasPagasDemonstrativoSimplificadoBalancoOrcamentario" xlink:title="DespesasPagasDemonstrativoSimplificadoBalancoOrcamentario"/>
    <link:definitionArc xlink:type="arc" xlink:arcrole="http://xbrl.org/int/dim/arcrole/domain-member" xlink:from="DespesasDemonstrativoSimplificadoBalancoOrcamentario" xlink:to="DespesasPagasDemonstrativoSimplificadoBalancoOrcamentario" xlink:title="definition: DespesasDemonstrativoSimplificadoBalancoOrcamentario to DespesasPagasDemonstrativoSimplificadoBalancoOrcamentario" order="6.0"/>
    <link:loc xlink:type="locator" xlink:href="siconfi-rreo-anexo14_2019-12-31.xsd#siconfi-rreo-anexo14uniao_BalancoOrcamentarioTable" xlink:label="BalancoOrcamentarioTable" xlink:title="BalancoOrcamentarioTable"/>
    <link:definitionArc xlink:type="arc" xlink:arcrole="http://xbrl.org/int/dim/arcrole/all" xlink:from="BalancoOrcamentarioAbstract" xlink:to="BalancoOrcamentarioTable" xlink:title="definition: BalancoOrcamentarioAbstract to BalancoOrcamentarioTable" order="2.0" xbrldt:contextElement="segment" xbrldt:closed="true"/>
    <link:definitionArc xlink:type="arc" xlink:arcrole="http://xbrl.org/int/dim/arcrole/hypercube-dimension" xlink:from="BalancoOrcamentarioTable" xlink:to="PeriodoAxis" xlink:title="definition: BalancoOrcamentarioTable to PeriodoAxis" order="1.0"/>
  </link:definitionLink>
  <link:definitionLink xlink:type="extended" xlink:role="http://fazenda.gov.br/siconfi/rep/rreo/anexo14/siconfi-rreo-anexo14-tabela14.0E">
    <link:loc xlink:type="locator" xlink:href="siconfi-rreo-anexo14_2019-12-31.xsd#siconfi-rreo-anexo14uniao_ReceitasDeOperacoesDeCreditoEDespesasDeCapitalAbstract" xlink:label="ReceitasDeOperacoesDeCreditoEDespesasDeCapitalAbstract" xlink:title="ReceitasDeOperacoesDeCreditoEDespesasDeCapitalAbstract"/>
    <link:loc xlink:type="locator" xlink:href="siconfi-rreo-anexo14_2019-12-31.xsd#siconfi-rreo-anexo14uniao_ReceitasDeOperacoesDeCreditoEDespesasDeCapitalLineItems" xlink:label="ReceitasDeOperacoesDeCreditoEDespesasDeCapitalLineItems" xlink:title="ReceitasDeOperacoesDeCreditoEDespesasDeCapitalLineItems"/>
    <link:definitionArc xlink:type="arc" xlink:arcrole="http://xbrl.org/int/dim/arcrole/domain-member" xlink:from="ReceitasDeOperacoesDeCreditoEDespesasDeCapitalAbstract" xlink:to="ReceitasDeOperacoesDeCreditoEDespesasDeCapitalLineItems" xlink:title="definition: ReceitasDeOperacoesDeCreditoEDespesasDeCapitalAbstract to ReceitasDeOperacoesDeCreditoEDespesasDeCapitalLineItems" order="1.0"/>
    <link:loc xlink:type="locator" xlink:href="../../../cor/ic/siconfi-cor_2019-12-31.xsd#siconfi-cor_ReceitaDeOperacoesDeCreditoDemonstrativoSimplificado" xlink:label="ReceitaDeOperacoesDeCreditoDemonstrativoSimplificado" xlink:title="ReceitaDeOperacoesDeCreditoDemonstrativoSimplificado"/>
    <link:definitionArc xlink:type="arc" xlink:arcrole="http://xbrl.org/int/dim/arcrole/domain-member" xlink:from="ReceitasDeOperacoesDeCreditoEDespesasDeCapitalLineItems" xlink:to="ReceitaDeOperacoesDeCreditoDemonstrativoSimplificado" xlink:title="definition: ReceitasDeOperacoesDeCreditoEDespesasDeCapitalLineItems to ReceitaDeOperacoesDeCreditoDemonstrativoSimplificado" order="1.0"/>
    <link:loc xlink:type="locator" xlink:href="../../../cor/ic/siconfi-cor_2019-12-31.xsd#siconfi-cor_DespesaDeCapitalLiquidaDemonstrativoSimplificado" xlink:label="DespesaDeCapitalLiquidaDemonstrativoSimplificado" xlink:title="DespesaDeCapitalLiquidaDemonstrativoSimplificado"/>
    <link:definitionArc xlink:type="arc" xlink:arcrole="http://xbrl.org/int/dim/arcrole/domain-member" xlink:from="ReceitasDeOperacoesDeCreditoEDespesasDeCapitalLineItems" xlink:to="DespesaDeCapitalLiquidaDemonstrativoSimplificado" xlink:title="definition: ReceitasDeOperacoesDeCreditoEDespesasDeCapitalLineItems to DespesaDeCapitalLiquidaDemonstrativoSimplificado" order="2.0"/>
    <link:loc xlink:type="locator" xlink:href="siconfi-rreo-anexo14_2019-12-31.xsd#siconfi-rreo-anexo14uniao_ReceitasDeOperacoesDeCreditoEDespesasDeCapitalTable" xlink:label="ReceitasDeOperacoesDeCreditoEDespesasDeCapitalTable" xlink:title="ReceitasDeOperacoesDeCreditoEDespesasDeCapitalTable"/>
    <link:definitionArc xlink:type="arc" xlink:arcrole="http://xbrl.org/int/dim/arcrole/all" xlink:from="ReceitasDeOperacoesDeCreditoEDespesasDeCapitalAbstract" xlink:to="ReceitasDeOperacoesDeCreditoEDespesasDeCapitalTable" xlink:title="definition: ReceitasDeOperacoesDeCreditoEDespesasDeCapitalAbstract to ReceitasDeOperacoesDeCreditoEDespesasDeCapitalTable" order="2.0" xbrldt:contextElement="segment" xbrldt:closed="true"/>
    <link:loc xlink:type="locator" xlink:href="../../../cor/dim/siconfi-dim_2019-12-31.xsd#siconfi-dim_ApuracaoReceitasDeOperacoesDeCreditoDespesasDeCapitalAxis" xlink:label="ApuracaoReceitasDeOperacoesDeCreditoDespesasDeCapitalAxis" xlink:title="ApuracaoReceitasDeOperacoesDeCreditoDespesasDeCapitalAxis"/>
    <link:definitionArc xlink:type="arc" xlink:arcrole="http://xbrl.org/int/dim/arcrole/hypercube-dimension" xlink:from="ReceitasDeOperacoesDeCreditoEDespesasDeCapitalTable" xlink:to="ApuracaoReceitasDeOperacoesDeCreditoDespesasDeCapitalAxis" xlink:title="definition: ReceitasDeOperacoesDeCreditoEDespesasDeCapitalTable to ApuracaoReceitasDeOperacoesDeCreditoDespesasDeCapitalAxis" order="1.0"/>
    <link:loc xlink:type="locator" xlink:href="../../../cor/dim/siconfi-dim_2019-12-31.xsd#siconfi-dim_ValorApuradoAteOBimestreReceitaDeOperacaoDeCreditoDespesaDeCapitalLiquidaMember" xlink:label="ValorApuradoAteOBimestreReceitaDeOperacaoDeCreditoDespesaDeCapitalLiquidaMember" xlink:title="ValorApuradoAteOBimestreReceitaDeOperacaoDeCreditoDespesaDeCapitalLiquidaMember"/>
    <link:definitionArc xlink:type="arc" xlink:arcrole="http://xbrl.org/int/dim/arcrole/dimension-domain" xlink:from="ApuracaoReceitasDeOperacoesDeCreditoDespesasDeCapitalAxis" xlink:to="ValorApuradoAteOBimestreReceitaDeOperacaoDeCreditoDespesaDeCapitalLiquidaMember" xlink:title="definition: ApuracaoReceitasDeOperacoesDeCreditoDespesasDeCapitalAxis to ValorApuradoAteOBimestreReceitaDeOperacaoDeCreditoDespesaDeCapitalLiquidaMember" order="1.0"/>
    <link:loc xlink:type="locator" xlink:href="../../../cor/dim/siconfi-dim_2019-12-31.xsd#siconfi-dim_SaldoNaoRealizadoReceitaDeOperacaoDeCreditoDespesaDeCapitalLiquidaMember" xlink:label="SaldoNaoRealizadoReceitaDeOperacaoDeCreditoDespesaDeCapitalLiquidaMember" xlink:title="SaldoNaoRealizadoReceitaDeOperacaoDeCreditoDespesaDeCapitalLiquidaMember"/>
    <link:definitionArc xlink:type="arc" xlink:arcrole="http://xbrl.org/int/dim/arcrole/dimension-domain" xlink:from="ApuracaoReceitasDeOperacoesDeCreditoDespesasDeCapitalAxis" xlink:to="SaldoNaoRealizadoReceitaDeOperacaoDeCreditoDespesaDeCapitalLiquidaMember" xlink:title="definition: ApuracaoReceitasDeOperacoesDeCreditoDespesasDeCapitalAxis to SaldoNaoRealizadoReceitaDeOperacaoDeCreditoDespesaDeCapitalLiquidaMember" order="2.0"/>
  </link:definitionLink>
  <link:definitionLink xlink:type="extended" xlink:role="http://fazenda.gov.br/siconfi/rep/rreo/anexo14/siconfi-rreo-anexo14-tabela14.0F">
    <link:loc xlink:type="locator" xlink:href="siconfi-rreo-anexo14_2019-12-31.xsd#siconfi-rreo-anexo14uniao_ProjecaoAtuarialDosRegimesDePrevidenciaAbstract" xlink:label="ProjecaoAtuarialDosRegimesDePrevidenciaAbstract" xlink:title="ProjecaoAtuarialDosRegimesDePrevidenciaAbstract"/>
    <link:loc xlink:type="locator" xlink:href="siconfi-rreo-anexo14_2019-12-31.xsd#siconfi-rreo-anexo14uniao_ProjecaoAtuarialDosRegimesDePrevidenciaLineItems" xlink:label="ProjecaoAtuarialDosRegimesDePrevidenciaLineItems" xlink:title="ProjecaoAtuarialDosRegimesDePrevidenciaLineItems"/>
    <link:definitionArc xlink:type="arc" xlink:arcrole="http://xbrl.org/int/dim/arcrole/domain-member" xlink:from="ProjecaoAtuarialDosRegimesDePrevidenciaAbstract" xlink:to="ProjecaoAtuarialDosRegimesDePrevidenciaLineItems" xlink:title="definition: ProjecaoAtuarialDosRegimesDePrevidenciaAbstract to ProjecaoAtuarialDosRegimesDePrevidenciaLineItems" order="1.0"/>
    <link:loc xlink:type="locator" xlink:href="../../../cor/ic/siconfi-cor_2019-12-31.xsd#siconfi-cor_PlanoPrevidenciario" xlink:label="PlanoPrevidenciario" xlink:title="PlanoPrevidenciario"/>
    <link:definitionArc xlink:type="arc" xlink:arcrole="http://xbrl.org/int/dim/arcrole/domain-member" xlink:from="ProjecaoAtuarialDosRegimesDePrevidenciaLineItems" xlink:to="PlanoPrevidenciario" xlink:title="definition: ProjecaoAtuarialDosRegimesDePrevidenciaLineItems to PlanoPrevidenciario" order="1.0"/>
    <link:loc xlink:type="locator" xlink:href="../../../cor/ic/siconfi-cor_2019-12-31.xsd#siconfi-cor_ReceitasPrevidenciariasProjecaoAtuarialRGPSDemonstrativoSimplificado" xlink:label="ReceitasPrevidenciariasProjecaoAtuarialRGPSDemonstrativoSimplificado" xlink:title="ReceitasPrevidenciariasProjecaoAtuarialRGPSDemonstrativoSimplificado"/>
    <link:definitionArc xlink:type="arc" xlink:arcrole="http://xbrl.org/int/dim/arcrole/domain-member" xlink:from="PlanoPrevidenciario" xlink:to="ReceitasPrevidenciariasProjecaoAtuarialRGPSDemonstrativoSimplificado" xlink:title="definition: PlanoPrevidenciario to ReceitasPrevidenciariasProjecaoAtuarialRGPSDemonstrativoSimplificado" order="1.0"/>
    <link:loc xlink:type="locator" xlink:href="../../../cor/ic/siconfi-cor_2019-12-31.xsd#siconfi-cor_DespesasPrevidenciariasProjecaoAtuarialRGPSDemonstrativoSimplificado" xlink:label="DespesasPrevidenciariasProjecaoAtuarialRGPSDemonstrativoSimplificado" xlink:title="DespesasPrevidenciariasProjecaoAtuarialRGPSDemonstrativoSimplificado"/>
    <link:definitionArc xlink:type="arc" xlink:arcrole="http://xbrl.org/int/dim/arcrole/domain-member" xlink:from="PlanoPrevidenciario" xlink:to="DespesasPrevidenciariasProjecaoAtuarialRGPSDemonstrativoSimplificado" xlink:title="definition: PlanoPrevidenciario to DespesasPrevidenciariasProjecaoAtuarialRGPSDemonstrativoSimplificado" order="2.0"/>
    <link:loc xlink:type="locator" xlink:href="../../../cor/ic/siconfi-cor_2019-12-31.xsd#siconfi-cor_ResultadoPrevidenciarioProjecaoAtuarialRGPSDemonstrativoSimplificado" xlink:label="ResultadoPrevidenciarioProjecaoAtuarialRGPSDemonstrativoSimplificado" xlink:title="ResultadoPrevidenciarioProjecaoAtuarialRGPSDemonstrativoSimplificado"/>
    <link:definitionArc xlink:type="arc" xlink:arcrole="http://xbrl.org/int/dim/arcrole/domain-member" xlink:from="PlanoPrevidenciario" xlink:to="ResultadoPrevidenciarioProjecaoAtuarialRGPSDemonstrativoSimplificado" xlink:title="definition: PlanoPrevidenciario to ResultadoPrevidenciarioProjecaoAtuarialRGPSDemonstrativoSimplificado" order="3.0"/>
    <link:loc xlink:type="locator" xlink:href="../../../cor/ic/siconfi-cor_2019-12-31.xsd#siconfi-cor_PlanoFinanceiro" xlink:label="PlanoFinanceiro" xlink:title="PlanoFinanceiro"/>
    <link:definitionArc xlink:type="arc" xlink:arcrole="http://xbrl.org/int/dim/arcrole/domain-member" xlink:from="ProjecaoAtuarialDosRegimesDePrevidenciaLineItems" xlink:to="PlanoFinanceiro" xlink:title="definition: ProjecaoAtuarialDosRegimesDePrevidenciaLineItems to PlanoFinanceiro" order="2.0"/>
    <link:loc xlink:type="locator" xlink:href="../../../cor/ic/siconfi-cor_2019-12-31.xsd#siconfi-cor_ReceitasPrevidenciariasProjecaoAtuarialRPPSDemonstrativoSimplificado" xlink:label="ReceitasPrevidenciariasProjecaoAtuarialRPPSDemonstrativoSimplificado" xlink:title="ReceitasPrevidenciariasProjecaoAtuarialRPPSDemonstrativoSimplificado"/>
    <link:definitionArc xlink:type="arc" xlink:arcrole="http://xbrl.org/int/dim/arcrole/domain-member" xlink:from="PlanoFinanceiro" xlink:to="ReceitasPrevidenciariasProjecaoAtuarialRPPSDemonstrativoSimplificado" xlink:title="definition: PlanoFinanceiro to ReceitasPrevidenciariasProjecaoAtuarialRPPSDemonstrativoSimplificado" order="1.0"/>
    <link:loc xlink:type="locator" xlink:href="../../../cor/ic/siconfi-cor_2019-12-31.xsd#siconfi-cor_DespesasPrevidenciariasProjecaoAtuarialRPPSDemonstrativoSimplificado" xlink:label="DespesasPrevidenciariasProjecaoAtuarialRPPSDemonstrativoSimplificado" xlink:title="DespesasPrevidenciariasProjecaoAtuarialRPPSDemonstrativoSimplificado"/>
    <link:definitionArc xlink:type="arc" xlink:arcrole="http://xbrl.org/int/dim/arcrole/domain-member" xlink:from="PlanoFinanceiro" xlink:to="DespesasPrevidenciariasProjecaoAtuarialRPPSDemonstrativoSimplificado" xlink:title="definition: PlanoFinanceiro to DespesasPrevidenciariasProjecaoAtuarialRPPSDemonstrativoSimplificado" order="2.0"/>
    <link:loc xlink:type="locator" xlink:href="../../../cor/ic/siconfi-cor_2019-12-31.xsd#siconfi-cor_ResultadoPrevidenciarioProjecaoAtuarialRPPSDemonstrativoSimplificado" xlink:label="ResultadoPrevidenciarioProjecaoAtuarialRPPSDemonstrativoSimplificado" xlink:title="ResultadoPrevidenciarioProjecaoAtuarialRPPSDemonstrativoSimplificado"/>
    <link:definitionArc xlink:type="arc" xlink:arcrole="http://xbrl.org/int/dim/arcrole/domain-member" xlink:from="PlanoFinanceiro" xlink:to="ResultadoPrevidenciarioProjecaoAtuarialRPPSDemonstrativoSimplificado" xlink:title="definition: PlanoFinanceiro to ResultadoPrevidenciarioProjecaoAtuarialRPPSDemonstrativoSimplificado" order="3.0"/>
    <link:loc xlink:type="locator" xlink:href="siconfi-rreo-anexo14_2019-12-31.xsd#siconfi-rreo-anexo14uniao_ProjecaoAtuarialDosRegimesDePrevidenciaTable" xlink:label="ProjecaoAtuarialDosRegimesDePrevidenciaTable" xlink:title="ProjecaoAtuarialDosRegimesDePrevidenciaTable"/>
    <link:definitionArc xlink:type="arc" xlink:arcrole="http://xbrl.org/int/dim/arcrole/all" xlink:from="ProjecaoAtuarialDosRegimesDePrevidenciaAbstract" xlink:to="ProjecaoAtuarialDosRegimesDePrevidenciaTable" xlink:title="definition: ProjecaoAtuarialDosRegimesDePrevidenciaAbstract to ProjecaoAtuarialDosRegimesDePrevidenciaTable" order="2.0" xbrldt:contextElement="segment" xbrldt:closed="true"/>
    <link:loc xlink:type="locator" xlink:href="../../../cor/dim/siconfi-dim_2019-12-31.xsd#siconfi-dim_ExercicioApuracaoAxis" xlink:label="ExercicioApuracaoAxis" xlink:title="ExercicioApuracaoAxis"/>
    <link:definitionArc xlink:type="arc" xlink:arcrole="http://xbrl.org/int/dim/arcrole/hypercube-dimension" xlink:from="ProjecaoAtuarialDosRegimesDePrevidenciaTable" xlink:to="ExercicioApuracaoAxis" xlink:title="definition: ProjecaoAtuarialDosRegimesDePrevidenciaTable to ExercicioApuracaoAxis" order="1.0"/>
    <link:loc xlink:type="locator" xlink:href="../../../cor/dim/siconfi-dim_2019-12-31.xsd#siconfi-dim_ExercicioAtualMember" xlink:label="ExercicioAtualMember" xlink:title="ExercicioAtualMember"/>
    <link:definitionArc xlink:type="arc" xlink:arcrole="http://xbrl.org/int/dim/arcrole/dimension-domain" xlink:from="ExercicioApuracaoAxis" xlink:to="ExercicioAtualMember" xlink:title="definition: ExercicioApuracaoAxis to ExercicioAtualMember" order="1.0"/>
    <link:loc xlink:type="locator" xlink:href="../../../cor/dim/siconfi-dim_2019-12-31.xsd#siconfi-dim_ExercicioDecimoMember" xlink:label="ExercicioDecimoMember" xlink:title="ExercicioDecimoMember"/>
    <link:definitionArc xlink:type="arc" xlink:arcrole="http://xbrl.org/int/dim/arcrole/dimension-domain" xlink:from="ExercicioApuracaoAxis" xlink:to="ExercicioDecimoMember" xlink:title="definition: ExercicioApuracaoAxis to ExercicioDecimoMember" order="2.0"/>
    <link:loc xlink:type="locator" xlink:href="../../../cor/dim/siconfi-dim_2019-12-31.xsd#siconfi-dim_ExercicioVigesimoMember" xlink:label="ExercicioVigesimoMember" xlink:title="ExercicioVigesimoMember"/>
    <link:definitionArc xlink:type="arc" xlink:arcrole="http://xbrl.org/int/dim/arcrole/dimension-domain" xlink:from="ExercicioApuracaoAxis" xlink:to="ExercicioVigesimoMember" xlink:title="definition: ExercicioApuracaoAxis to ExercicioVigesimoMember" order="3.0"/>
    <link:loc xlink:type="locator" xlink:href="../../../cor/dim/siconfi-dim_2019-12-31.xsd#siconfi-dim_ExercicioTrigesimoQuintoMember" xlink:label="ExercicioTrigesimoQuintoMember" xlink:title="ExercicioTrigesimoQuintoMember"/>
    <link:definitionArc xlink:type="arc" xlink:arcrole="http://xbrl.org/int/dim/arcrole/dimension-domain" xlink:from="ExercicioApuracaoAxis" xlink:to="ExercicioTrigesimoQuintoMember" xlink:title="definition: ExercicioApuracaoAxis to ExercicioTrigesimoQuintoMember" order="4.0"/>
  </link:definitionLink>
  <link:definitionLink xlink:type="extended" xlink:role="http://fazenda.gov.br/siconfi/rep/rreo/anexo14/siconfi-rreo-anexo14-tabela14.0C">
    <link:loc xlink:type="locator" xlink:href="siconfi-rreo-anexo14_2019-12-31.xsd#siconfi-rreo-anexo14uniao_RestosAPagarPorPoderEMinisterioPublicoAbstract" xlink:label="RestosAPagarPorPoderEMinisterioPublicoAbstract" xlink:title="RestosAPagarPorPoderEMinisterioPublicoAbstract"/>
    <link:loc xlink:type="locator" xlink:href="siconfi-rreo-anexo14_2019-12-31.xsd#siconfi-rreo-anexo14uniao_RestosAPagarPorPoderEMinisterioPublicoLineItems" xlink:label="RestosAPagarPorPoderEMinisterioPublicoLineItems" xlink:title="RestosAPagarPorPoderEMinisterioPublicoLineItems"/>
    <link:definitionArc xlink:type="arc" xlink:arcrole="http://xbrl.org/int/dim/arcrole/domain-member" xlink:from="RestosAPagarPorPoderEMinisterioPublicoAbstract" xlink:to="RestosAPagarPorPoderEMinisterioPublicoLineItems" xlink:title="definition: RestosAPagarPorPoderEMinisterioPublicoAbstract to RestosAPagarPorPoderEMinisterioPublicoLineItems" order="1.0"/>
    <link:loc xlink:type="locator" xlink:href="../../../cor/ic/siconfi-cor_2019-12-31.xsd#siconfi-cor_RestosAPagarProcessadosDemonstrativoSimplificado" xlink:label="RestosAPagarProcessadosDemonstrativoSimplificado" xlink:title="RestosAPagarProcessadosDemonstrativoSimplificado"/>
    <link:definitionArc xlink:type="arc" xlink:arcrole="http://xbrl.org/int/dim/arcrole/domain-member" xlink:from="RestosAPagarPorPoderEMinisterioPublicoLineItems" xlink:to="RestosAPagarProcessadosDemonstrativoSimplificado" xlink:title="definition: RestosAPagarPorPoderEMinisterioPublicoLineItems to RestosAPagarProcessadosDemonstrativoSimplificado" order="1.0"/>
    <link:loc xlink:type="locator" xlink:href="../../../cor/ic/siconfi-cor_2019-12-31.xsd#siconfi-cor_RestosAPagarProcessadosPoderExecutivoDemonstrativoSimplificado" xlink:label="RestosAPagarProcessadosPoderExecutivoDemonstrativoSimplificado" xlink:title="RestosAPagarProcessadosPoderExecutivoDemonstrativoSimplificado"/>
    <link:definitionArc xlink:type="arc" xlink:arcrole="http://xbrl.org/int/dim/arcrole/domain-member" xlink:from="RestosAPagarProcessadosDemonstrativoSimplificado" xlink:to="RestosAPagarProcessadosPoderExecutivoDemonstrativoSimplificado" xlink:title="definition: RestosAPagarProcessadosDemonstrativoSimplificado to RestosAPagarProcessadosPoderExecutivoDemonstrativoSimplificado" order="1.0"/>
    <link:loc xlink:type="locator" xlink:href="../../../cor/ic/siconfi-cor_2019-12-31.xsd#siconfi-cor_RestosAPagarProcessadosPoderLegislativoDemonstrativoSimplificado" xlink:label="RestosAPagarProcessadosPoderLegislativoDemonstrativoSimplificado" xlink:title="RestosAPagarProcessadosPoderLegislativoDemonstrativoSimplificado"/>
    <link:definitionArc xlink:type="arc" xlink:arcrole="http://xbrl.org/int/dim/arcrole/domain-member" xlink:from="RestosAPagarProcessadosDemonstrativoSimplificado" xlink:to="RestosAPagarProcessadosPoderLegislativoDemonstrativoSimplificado" xlink:title="definition: RestosAPagarProcessadosDemonstrativoSimplificado to RestosAPagarProcessadosPoderLegislativoDemonstrativoSimplificado" order="2.0"/>
    <link:loc xlink:type="locator" xlink:href="../../../cor/ic/siconfi-cor_2019-12-31.xsd#siconfi-cor_RestosAPagarProcessadosPoderJudiciarioDemonstrativoSimplificado" xlink:label="RestosAPagarProcessadosPoderJudiciarioDemonstrativoSimplificado" xlink:title="RestosAPagarProcessadosPoderJudiciarioDemonstrativoSimplificado"/>
    <link:definitionArc xlink:type="arc" xlink:arcrole="http://xbrl.org/int/dim/arcrole/domain-member" xlink:from="RestosAPagarProcessadosDemonstrativoSimplificado" xlink:to="RestosAPagarProcessadosPoderJudiciarioDemonstrativoSimplificado" xlink:title="definition: RestosAPagarProcessadosDemonstrativoSimplificado to RestosAPagarProcessadosPoderJudiciarioDemonstrativoSimplificado" order="3.0"/>
    <link:loc xlink:type="locator" xlink:href="../../../cor/ic/siconfi-cor_2019-12-31.xsd#siconfi-cor_RestosAPagarProcessadosMinisterioPublicoDemonstrativoSimplificado" xlink:label="RestosAPagarProcessadosMinisterioPublicoDemonstrativoSimplificado" xlink:title="RestosAPagarProcessadosMinisterioPublicoDemonstrativoSimplificado"/>
    <link:definitionArc xlink:type="arc" xlink:arcrole="http://xbrl.org/int/dim/arcrole/domain-member" xlink:from="RestosAPagarProcessadosDemonstrativoSimplificado" xlink:to="RestosAPagarProcessadosMinisterioPublicoDemonstrativoSimplificado" xlink:title="definition: RestosAPagarProcessadosDemonstrativoSimplificado to RestosAPagarProcessadosMinisterioPublicoDemonstrativoSimplificado" order="4.0"/>
    <link:loc xlink:type="locator" xlink:href="../../../cor/ic/siconfi-cor_2019-12-31.xsd#siconfi-cor_RestosAPagarProcessadosDefensoriaPublicaDemonstrativoSimplificado" xlink:label="RestosAPagarProcessadosDefensoriaPublicaDemonstrativoSimplificado" xlink:title="RestosAPagarProcessadosDefensoriaPublicaDemonstrativoSimplificado"/>
    <link:definitionArc xlink:type="arc" xlink:arcrole="http://xbrl.org/int/dim/arcrole/domain-member" xlink:from="RestosAPagarProcessadosDemonstrativoSimplificado" xlink:to="RestosAPagarProcessadosDefensoriaPublicaDemonstrativoSimplificado" xlink:title="definition: RestosAPagarProcessadosDemonstrativoSimplificado to RestosAPagarProcessadosDefensoriaPublicaDemonstrativoSimplificado" order="5.0"/>
    <link:loc xlink:type="locator" xlink:href="../../../cor/ic/siconfi-cor_2019-12-31.xsd#siconfi-cor_RestosAPagarNaoProcessadosDemonstrativoSimplificado" xlink:label="RestosAPagarNaoProcessadosDemonstrativoSimplificado" xlink:title="RestosAPagarNaoProcessadosDemonstrativoSimplificado"/>
    <link:definitionArc xlink:type="arc" xlink:arcrole="http://xbrl.org/int/dim/arcrole/domain-member" xlink:from="RestosAPagarPorPoderEMinisterioPublicoLineItems" xlink:to="RestosAPagarNaoProcessadosDemonstrativoSimplificado" xlink:title="definition: RestosAPagarPorPoderEMinisterioPublicoLineItems to RestosAPagarNaoProcessadosDemonstrativoSimplificado" order="2.0"/>
    <link:loc xlink:type="locator" xlink:href="../../../cor/ic/siconfi-cor_2019-12-31.xsd#siconfi-cor_RestosAPagarNaoProcessadosPoderExecutivoDemonstrativoSimplificado" xlink:label="RestosAPagarNaoProcessadosPoderExecutivoDemonstrativoSimplificado" xlink:title="RestosAPagarNaoProcessadosPoderExecutivoDemonstrativoSimplificado"/>
    <link:definitionArc xlink:type="arc" xlink:arcrole="http://xbrl.org/int/dim/arcrole/domain-member" xlink:from="RestosAPagarNaoProcessadosDemonstrativoSimplificado" xlink:to="RestosAPagarNaoProcessadosPoderExecutivoDemonstrativoSimplificado" xlink:title="definition: RestosAPagarNaoProcessadosDemonstrativoSimplificado to RestosAPagarNaoProcessadosPoderExecutivoDemonstrativoSimplificado" order="1.0"/>
    <link:loc xlink:type="locator" xlink:href="../../../cor/ic/siconfi-cor_2019-12-31.xsd#siconfi-cor_RestosAPagarNaoProcessadosPoderLegislativoDemonstrativoSimplificado" xlink:label="RestosAPagarNaoProcessadosPoderLegislativoDemonstrativoSimplificado" xlink:title="RestosAPagarNaoProcessadosPoderLegislativoDemonstrativoSimplificado"/>
    <link:definitionArc xlink:type="arc" xlink:arcrole="http://xbrl.org/int/dim/arcrole/domain-member" xlink:from="RestosAPagarNaoProcessadosDemonstrativoSimplificado" xlink:to="RestosAPagarNaoProcessadosPoderLegislativoDemonstrativoSimplificado" xlink:title="definition: RestosAPagarNaoProcessadosDemonstrativoSimplificado to RestosAPagarNaoProcessadosPoderLegislativoDemonstrativoSimplificado" order="2.0"/>
    <link:loc xlink:type="locator" xlink:href="../../../cor/ic/siconfi-cor_2019-12-31.xsd#siconfi-cor_RestosAPagarNaoProcessadosPoderJudiciarioDemonstrativoSimplificado" xlink:label="RestosAPagarNaoProcessadosPoderJudiciarioDemonstrativoSimplificado" xlink:title="RestosAPagarNaoProcessadosPoderJudiciarioDemonstrativoSimplificado"/>
    <link:definitionArc xlink:type="arc" xlink:arcrole="http://xbrl.org/int/dim/arcrole/domain-member" xlink:from="RestosAPagarNaoProcessadosDemonstrativoSimplificado" xlink:to="RestosAPagarNaoProcessadosPoderJudiciarioDemonstrativoSimplificado" xlink:title="definition: RestosAPagarNaoProcessadosDemonstrativoSimplificado to RestosAPagarNaoProcessadosPoderJudiciarioDemonstrativoSimplificado" order="3.0"/>
    <link:loc xlink:type="locator" xlink:href="../../../cor/ic/siconfi-cor_2019-12-31.xsd#siconfi-cor_RestosAPagarNaoProcessadosMinisterioPublicoDemonstrativoSimplificado" xlink:label="RestosAPagarNaoProcessadosMinisterioPublicoDemonstrativoSimplificado" xlink:title="RestosAPagarNaoProcessadosMinisterioPublicoDemonstrativoSimplificado"/>
    <link:definitionArc xlink:type="arc" xlink:arcrole="http://xbrl.org/int/dim/arcrole/domain-member" xlink:from="RestosAPagarNaoProcessadosDemonstrativoSimplificado" xlink:to="RestosAPagarNaoProcessadosMinisterioPublicoDemonstrativoSimplificado" xlink:title="definition: RestosAPagarNaoProcessadosDemonstrativoSimplificado to RestosAPagarNaoProcessadosMinisterioPublicoDemonstrativoSimplificado" order="4.0"/>
    <link:loc xlink:type="locator" xlink:href="../../../cor/ic/siconfi-cor_2019-12-31.xsd#siconfi-cor_RestosAPagarNaoProcessadosDefensoriaPublicaDemonstrativoSimplificado" xlink:label="RestosAPagarNaoProcessadosDefensoriaPublicaDemonstrativoSimplificado" xlink:title="RestosAPagarNaoProcessadosDefensoriaPublicaDemonstrativoSimplificado"/>
    <link:definitionArc xlink:type="arc" xlink:arcrole="http://xbrl.org/int/dim/arcrole/domain-member" xlink:from="RestosAPagarNaoProcessadosDemonstrativoSimplificado" xlink:to="RestosAPagarNaoProcessadosDefensoriaPublicaDemonstrativoSimplificado" xlink:title="definition: RestosAPagarNaoProcessadosDemonstrativoSimplificado to RestosAPagarNaoProcessadosDefensoriaPublicaDemonstrativoSimplificado" order="5.0"/>
    <link:loc xlink:type="locator" xlink:href="../../../cor/ic/siconfi-cor_2019-12-31.xsd#siconfi-cor_TotalRestosAPagarDemonstrativoSimplificado" xlink:label="TotalRestosAPagarDemonstrativoSimplificado" xlink:title="TotalRestosAPagarDemonstrativoSimplificado"/>
    <link:definitionArc xlink:type="arc" xlink:arcrole="http://xbrl.org/int/dim/arcrole/domain-member" xlink:from="RestosAPagarPorPoderEMinisterioPublicoLineItems" xlink:to="TotalRestosAPagarDemonstrativoSimplificado" xlink:title="definition: RestosAPagarPorPoderEMinisterioPublicoLineItems to TotalRestosAPagarDemonstrativoSimplificado" order="3.0"/>
    <link:loc xlink:type="locator" xlink:href="siconfi-rreo-anexo14_2019-12-31.xsd#siconfi-rreo-anexo14uniao_RestosAPagarPorPoderEMinisterioPublicoTable" xlink:label="RestosAPagarPorPoderEMinisterioPublicoTable" xlink:title="RestosAPagarPorPoderEMinisterioPublicoTable"/>
    <link:definitionArc xlink:type="arc" xlink:arcrole="http://xbrl.org/int/dim/arcrole/all" xlink:from="RestosAPagarPorPoderEMinisterioPublicoAbstract" xlink:to="RestosAPagarPorPoderEMinisterioPublicoTable" xlink:title="definition: RestosAPagarPorPoderEMinisterioPublicoAbstract to RestosAPagarPorPoderEMinisterioPublicoTable" order="2.0" xbrldt:contextElement="segment" xbrldt:closed="true"/>
    <link:loc xlink:type="locator" xlink:href="../../../cor/dim/siconfi-dim_2019-12-31.xsd#siconfi-dim_EstagiosRestosAPagarAxis" xlink:label="EstagiosRestosAPagarAxis" xlink:title="EstagiosRestosAPagarAxis"/>
    <link:definitionArc xlink:type="arc" xlink:arcrole="http://xbrl.org/int/dim/arcrole/hypercube-dimension" xlink:from="RestosAPagarPorPoderEMinisterioPublicoTable" xlink:to="EstagiosRestosAPagarAxis" xlink:title="definition: RestosAPagarPorPoderEMinisterioPublicoTable to EstagiosRestosAPagarAxis" order="1.0"/>
    <link:loc xlink:type="locator" xlink:href="../../../cor/dim/siconfi-dim_2019-12-31.xsd#siconfi-dim_InscricaoRestosAPagarMember" xlink:label="InscricaoRestosAPagarMember" xlink:title="InscricaoRestosAPagarMember"/>
    <link:definitionArc xlink:type="arc" xlink:arcrole="http://xbrl.org/int/dim/arcrole/dimension-domain" xlink:from="EstagiosRestosAPagarAxis" xlink:to="InscricaoRestosAPagarMember" xlink:title="definition: EstagiosRestosAPagarAxis to InscricaoRestosAPagarMember" order="1.0"/>
    <link:loc xlink:type="locator" xlink:href="../../../cor/dim/siconfi-dim_2019-12-31.xsd#siconfi-dim_CancelamentoAteOBimestreRestosAPagarMember" xlink:label="CancelamentoAteOBimestreRestosAPagarMember" xlink:title="CancelamentoAteOBimestreRestosAPagarMember"/>
    <link:definitionArc xlink:type="arc" xlink:arcrole="http://xbrl.org/int/dim/arcrole/dimension-domain" xlink:from="EstagiosRestosAPagarAxis" xlink:to="CancelamentoAteOBimestreRestosAPagarMember" xlink:title="definition: EstagiosRestosAPagarAxis to CancelamentoAteOBimestreRestosAPagarMember" order="2.0"/>
    <link:loc xlink:type="locator" xlink:href="../../../cor/dim/siconfi-dim_2019-12-31.xsd#siconfi-dim_PagamentoAteOBimestreRestosAPagarMember" xlink:label="PagamentoAteOBimestreRestosAPagarMember" xlink:title="PagamentoAteOBimestreRestosAPagarMember"/>
    <link:definitionArc xlink:type="arc" xlink:arcrole="http://xbrl.org/int/dim/arcrole/dimension-domain" xlink:from="EstagiosRestosAPagarAxis" xlink:to="PagamentoAteOBimestreRestosAPagarMember" xlink:title="definition: EstagiosRestosAPagarAxis to PagamentoAteOBimestreRestosAPagarMember" order="3.0"/>
    <link:loc xlink:type="locator" xlink:href="../../../cor/dim/siconfi-dim_2019-12-31.xsd#siconfi-dim_SaldoAPagarRestosAPagarMember" xlink:label="SaldoAPagarRestosAPagarMember" xlink:title="SaldoAPagarRestosAPagarMember"/>
    <link:definitionArc xlink:type="arc" xlink:arcrole="http://xbrl.org/int/dim/arcrole/dimension-domain" xlink:from="EstagiosRestosAPagarAxis" xlink:to="SaldoAPagarRestosAPagarMember" xlink:title="definition: EstagiosRestosAPagarAxis to SaldoAPagarRestosAPagarMember" order="4.0"/>
  </link:definitionLink>
  <link:definitionLink xlink:type="extended" xlink:role="http://fazenda.gov.br/siconfi/rep/rreo/anexo14/siconfi-rreo-anexo14-tabela14.0B">
    <link:loc xlink:type="locator" xlink:href="siconfi-rreo-anexo14_2019-12-31.xsd#siconfi-rreo-anexo14uniao_ResultadoNomimalEPrimarioAbstract" xlink:label="ResultadoNomimalEPrimarioAbstract" xlink:title="ResultadoNomimalEPrimarioAbstract"/>
    <link:loc xlink:type="locator" xlink:href="siconfi-rreo-anexo14_2019-12-31.xsd#siconfi-rreo-anexo14uniao_ResultadoNomimalEPrimarioLineItems" xlink:label="ResultadoNomimalEPrimarioLineItems" xlink:title="ResultadoNomimalEPrimarioLineItems"/>
    <link:definitionArc xlink:type="arc" xlink:arcrole="http://xbrl.org/int/dim/arcrole/domain-member" xlink:from="ResultadoNomimalEPrimarioAbstract" xlink:to="ResultadoNomimalEPrimarioLineItems" xlink:title="definition: ResultadoNomimalEPrimarioAbstract to ResultadoNomimalEPrimarioLineItems" order="1.0"/>
    <link:loc xlink:type="locator" xlink:href="../../../cor/ic/siconfi-cor_2019-12-31.xsd#siconfi-cor_ResultadoNominalDemonstrativoSimplificado" xlink:label="ResultadoNominalDemonstrativoSimplificado" xlink:title="ResultadoNominalDemonstrativoSimplificado"/>
    <link:definitionArc xlink:type="arc" xlink:arcrole="http://xbrl.org/int/dim/arcrole/domain-member" xlink:from="ResultadoNomimalEPrimarioLineItems" xlink:to="ResultadoNominalDemonstrativoSimplificado" xlink:title="definition: ResultadoNomimalEPrimarioLineItems to ResultadoNominalDemonstrativoSimplificado" order="2.0"/>
    <link:loc xlink:type="locator" xlink:href="../../../cor/ic/siconfi-cor_2019-12-31.xsd#siconfi-cor_ResultadoPrimarioDemonstrativoSimplificado" xlink:label="ResultadoPrimarioDemonstrativoSimplificado" xlink:title="ResultadoPrimarioDemonstrativoSimplificado"/>
    <link:definitionArc xlink:type="arc" xlink:arcrole="http://xbrl.org/int/dim/arcrole/domain-member" xlink:from="ResultadoNomimalEPrimarioLineItems" xlink:to="ResultadoPrimarioDemonstrativoSimplificado" xlink:title="definition: ResultadoNomimalEPrimarioLineItems to ResultadoPrimarioDemonstrativoSimplificado" order="1.0"/>
    <link:loc xlink:type="locator" xlink:href="siconfi-rreo-anexo14_2019-12-31.xsd#siconfi-rreo-anexo14uniao_ResultadoNomimalEPrimarioTable" xlink:label="ResultadoNomimalEPrimarioTable" xlink:title="ResultadoNomimalEPrimarioTable"/>
    <link:definitionArc xlink:type="arc" xlink:arcrole="http://xbrl.org/int/dim/arcrole/all" xlink:from="ResultadoNomimalEPrimarioAbstract" xlink:to="ResultadoNomimalEPrimarioTable" xlink:title="definition: ResultadoNomimalEPrimarioAbstract to ResultadoNomimalEPrimarioTable" order="2.0" xbrldt:contextElement="segment" xbrldt:closed="true"/>
    <link:loc xlink:type="locator" xlink:href="../../../cor/dim/siconfi-dim_2019-12-31.xsd#siconfi-dim_VerificacaoMetasResultadosNominalPrimarioAxis" xlink:label="VerificacaoMetasResultadosNominalPrimarioAxis" xlink:title="VerificacaoMetasResultadosNominalPrimarioAxis"/>
    <link:definitionArc xlink:type="arc" xlink:arcrole="http://xbrl.org/int/dim/arcrole/hypercube-dimension" xlink:from="ResultadoNomimalEPrimarioTable" xlink:to="VerificacaoMetasResultadosNominalPrimarioAxis" xlink:title="definition: ResultadoNomimalEPrimarioTable to VerificacaoMetasResultadosNominalPrimarioAxis" order="1.0"/>
    <link:loc xlink:type="locator" xlink:href="../../../cor/dim/siconfi-dim_2019-12-31.xsd#siconfi-dim_MetaFixadaNoAnexoDeMetasFiscaisDaLDOMember" xlink:label="MetaFixadaNoAnexoDeMetasFiscaisDaLDOMember" xlink:title="MetaFixadaNoAnexoDeMetasFiscaisDaLDOMember"/>
    <link:definitionArc xlink:type="arc" xlink:arcrole="http://xbrl.org/int/dim/arcrole/dimension-domain" xlink:from="VerificacaoMetasResultadosNominalPrimarioAxis" xlink:to="MetaFixadaNoAnexoDeMetasFiscaisDaLDOMember" xlink:title="definition: VerificacaoMetasResultadosNominalPrimarioAxis to MetaFixadaNoAnexoDeMetasFiscaisDaLDOMember" order="1.0"/>
    <link:loc xlink:type="locator" xlink:href="../../../cor/dim/siconfi-dim_2019-12-31.xsd#siconfi-dim_ResultadoApuradoAteOBimestreMember" xlink:label="ResultadoApuradoAteOBimestreMember" xlink:title="ResultadoApuradoAteOBimestreMember"/>
    <link:definitionArc xlink:type="arc" xlink:arcrole="http://xbrl.org/int/dim/arcrole/dimension-domain" xlink:from="VerificacaoMetasResultadosNominalPrimarioAxis" xlink:to="ResultadoApuradoAteOBimestreMember" xlink:title="definition: VerificacaoMetasResultadosNominalPrimarioAxis to ResultadoApuradoAteOBimestreMember" order="2.0"/>
    <link:loc xlink:type="locator" xlink:href="../../../cor/dim/siconfi-dim_2019-12-31.xsd#siconfi-dim_PercentualEmRelacaoAMetaMember" xlink:label="PercentualEmRelacaoAMetaMember" xlink:title="PercentualEmRelacaoAMetaMember"/>
    <link:definitionArc xlink:type="arc" xlink:arcrole="http://xbrl.org/int/dim/arcrole/dimension-domain" xlink:from="VerificacaoMetasResultadosNominalPrimarioAxis" xlink:to="PercentualEmRelacaoAMetaMember" xlink:title="definition: VerificacaoMetasResultadosNominalPrimarioAxis to PercentualEmRelacaoAMetaMember" order="3.0"/>
  </link:definitionLink>
  <link:definitionLink xlink:type="extended" xlink:role="http://fazenda.gov.br/siconfi/rep/rreo/anexo14/siconfi-rreo-anexo14-tabela14.0N">
    <link:loc xlink:type="locator" xlink:href="siconfi-rreo-anexo14_2019-12-31.xsd#siconfi-rreo-anexo14uniao_ReceitaCorrenteLiquidaAbstract" xlink:label="ReceitaCorrenteLiquidaAbstract" xlink:title="ReceitaCorrenteLiquidaAbstract"/>
    <link:loc xlink:type="locator" xlink:href="siconfi-rreo-anexo14_2019-12-31.xsd#siconfi-rreo-anexo14uniao_ReceitaCorrenteLiquidaLineItems" xlink:label="ReceitaCorrenteLiquidaLineItems" xlink:title="ReceitaCorrenteLiquidaLineItems"/>
    <link:definitionArc xlink:type="arc" xlink:arcrole="http://xbrl.org/int/dim/arcrole/domain-member" xlink:from="ReceitaCorrenteLiquidaAbstract" xlink:to="ReceitaCorrenteLiquidaLineItems" xlink:title="definition: ReceitaCorrenteLiquidaAbstract to ReceitaCorrenteLiquidaLineItems" order="1.0"/>
    <link:loc xlink:type="locator" xlink:href="../../../cor/ic/siconfi-cor_2019-12-31.xsd#siconfi-cor_ReceitaCorrenteLiquidaDemonstrativoSimplificado" xlink:label="ReceitaCorrenteLiquidaDemonstrativoSimplificado" xlink:title="ReceitaCorrenteLiquidaDemonstrativoSimplificado"/>
    <link:definitionArc xlink:type="arc" xlink:arcrole="http://xbrl.org/int/dim/arcrole/domain-member" xlink:from="ReceitaCorrenteLiquidaLineItems" xlink:to="ReceitaCorrenteLiquidaDemonstrativoSimplificado" xlink:title="definition: ReceitaCorrenteLiquidaLineItems to ReceitaCorrenteLiquidaDemonstrativoSimplificado" order="1.0"/>
    <link:loc xlink:type="locator" xlink:href="../../../cor/ic/siconfi-cor_2019-12-31.xsd#siconfi-cor_ReceitaCorrenteLiquidaAjustadaParaCalculoDosLimitesDeEndividamentoDemonstrativoSimplificado" xlink:label="ReceitaCorrenteLiquidaAjustadaParaCalculoDosLimitesDeEndividamentoDemonstrativoSimplificado" xlink:title="ReceitaCorrenteLiquidaAjustadaParaCalculoDosLimitesDeEndividamentoDemonstrativoSimplificado"/>
    <link:definitionArc xlink:type="arc" xlink:arcrole="http://xbrl.org/int/dim/arcrole/domain-member" xlink:from="ReceitaCorrenteLiquidaLineItems" xlink:to="ReceitaCorrenteLiquidaAjustadaParaCalculoDosLimitesDeEndividamentoDemonstrativoSimplificado" xlink:title="definition: ReceitaCorrenteLiquidaLineItems to ReceitaCorrenteLiquidaAjustadaParaCalculoDosLimitesDeEndividamentoDemonstrativoSimplificado" order="2.0"/>
    <link:loc xlink:type="locator" xlink:href="../../../cor/ic/siconfi-cor_2019-12-31.xsd#siconfi-cor_ReceitaCorrenteLiquidaAjustadaParaCalculoDosLimitesDaDespesaComPessoalDemonstrativoSimplificado" xlink:label="ReceitaCorrenteLiquidaAjustadaParaCalculoDosLimitesDaDespesaComPessoalDemonstrativoSimplificado" xlink:title="ReceitaCorrenteLiquidaAjustadaParaCalculoDosLimitesDaDespesaComPessoalDemonstrativoSimplificado"/>
    <link:definitionArc xlink:type="arc" xlink:arcrole="http://xbrl.org/int/dim/arcrole/domain-member" xlink:from="ReceitaCorrenteLiquidaLineItems" xlink:to="ReceitaCorrenteLiquidaAjustadaParaCalculoDosLimitesDaDespesaComPessoalDemonstrativoSimplificado" xlink:title="definition: ReceitaCorrenteLiquidaLineItems to ReceitaCorrenteLiquidaAjustadaParaCalculoDosLimitesDaDespesaComPessoalDemonstrativoSimplificado" order="3.0"/>
    <link:loc xlink:type="locator" xlink:href="siconfi-rreo-anexo14_2019-12-31.xsd#siconfi-rreo-anexo14_ReceitaCorrenteLiquidaTable" xlink:label="ReceitaCorrenteLiquidaTable" xlink:title="ReceitaCorrenteLiquidaTable"/>
    <link:definitionArc xlink:type="arc" xlink:arcrole="http://xbrl.org/int/dim/arcrole/all" xlink:from="ReceitaCorrenteLiquidaAbstract" xlink:to="ReceitaCorrenteLiquidaTable" xlink:title="definition: ReceitaCorrenteLiquidaAbstract to ReceitaCorrenteLiquidaTable" order="2.0" xbrldt:contextElement="segment" xbrldt:closed="true"/>
    <link:loc xlink:type="locator" xlink:href="../../../cor/dim/siconfi-dim_2019-12-31.xsd#siconfi-dim_ValorAteOBimestreAxis" xlink:label="ValorAteOBimestreAxis" xlink:title="ValorAteOBimestreAxis"/>
    <link:definitionArc xlink:type="arc" xlink:arcrole="http://xbrl.org/int/dim/arcrole/hypercube-dimension" xlink:from="ReceitaCorrenteLiquidaTable" xlink:to="ValorAteOBimestreAxis" xlink:title="definition: ReceitaCorrenteLiquidaTable to ValorAteOBimestreAxis" order="1.0"/>
    <link:loc xlink:type="locator" xlink:href="../../../cor/dim/siconfi-dim_2019-12-31.xsd#siconfi-dim_ReceitasRealizadasAteOBimestreMember" xlink:label="ReceitasRealizadasAteOBimestreMember" xlink:title="ReceitasRealizadasAteOBimestreMember"/>
    <link:definitionArc xlink:type="arc" xlink:arcrole="http://xbrl.org/int/dim/arcrole/dimension-domain" xlink:from="ValorAteOBimestreAxis" xlink:to="ReceitasRealizadasAteOBimestreMember" xlink:title="definition: ValorAteOBimestreAxis to ReceitasRealizadasAteOBimestreMember" order="1.0"/>
  </link:definitionLink>
</link:linkbase>
