<?xml version="1.0" encoding="UTF-8"?>
<!-- Generated by Fujitsu Interstage XWand B0196 -->
<link:linkbase xmlns:xsi="http://www.w3.org/2001/XMLSchema-instance" xsi:schemaLocation="http://www.xbrl.org/2003/linkbase http://www.xbrl.org/2003/xbrl-linkbase-2003-12-31.xsd" xmlns:siconfi-rreo-anexo4rpps="http://fazenda.gov.br/siconfi/rep/rreo/anexo4rpps/siconfi-rreo-anexo4rpps_2020-12-31" xmlns:link="http://www.xbrl.org/2003/linkbase" xmlns:xlink="http://www.w3.org/1999/xlink" xmlns:xbrli="http://www.xbrl.org/2003/instance" xmlns:xbrldt="http://xbrl.org/2005/xbrldt">
  <link:roleRef roleURI="http://fazenda.gov.br/siconfi/rep/rreo/anexo4rpps/siconfi-rreo-anexo4rpps-tabela4" xlink:type="simple" xlink:href="siconfi-rreo-anexo4rpps_2020-12-31.xsd#siconfi-rreo-anexo4rpps-tabela4"/>
  <link:presentationLink xlink:type="extended" xlink:role="http://fazenda.gov.br/siconfi/rep/rreo/anexo4rpps/siconfi-rreo-anexo4rpps-tabela4">
    <link:loc xlink:type="locator" xlink:href="siconfi-rreo-anexo4rpps_2020-12-31.xsd#siconfi-rreo-anexo4rpps_Anexo4RPPSAbstract" xlink:label="Anexo4Abstract" xlink:title="Anexo4Abstract"/>
    <link:loc xlink:type="locator" xlink:href="siconfi-rreo-anexo4rpps_2020-12-31.xsd#siconfi-rreo-anexo4rpps_FonteAnexo4Tabela4.0Abstract" xlink:label="FonteAnexo4Tabela4.0Abstract" xlink:title="FonteAnexo4Tabela4.0Abstract"/>
    <link:presentationArc xlink:type="arc" xlink:arcrole="http://www.xbrl.org/2003/arcrole/parent-child" xlink:from="Anexo4Abstract" xlink:to="FonteAnexo4Tabela4.0Abstract" xlink:title="presentation: Anexo4Abstract to FonteAnexo4Tabela4.0Abstract" order="14.0"/>
    <link:loc xlink:type="locator" xlink:href="siconfi-rreo-anexo4rpps_2020-12-31.xsd#siconfi-rreo-anexo4rpps_FonteAnexo4Tabela4.0LineItems" xlink:label="FonteAnexo4Tabela4.0LineItems" xlink:title="FonteAnexo4Tabela4.0LineItems"/>
    <link:presentationArc xlink:type="arc" xlink:arcrole="http://www.xbrl.org/2003/arcrole/parent-child" xlink:from="FonteAnexo4Tabela4.0Abstract" xlink:to="FonteAnexo4Tabela4.0LineItems" xlink:title="presentation: FonteAnexo4Tabela4.0Abstract to FonteAnexo4Tabela4.0LineItems" order="1.0"/>
    <link:loc xlink:type="locator" xlink:href="../../../cor/ic/siconfi-cor_2020-12-31.xsd#siconfi-cor_RREO4FonteAnexo4Tabela4.0RREO" xlink:label="RREO4FonteAnexo4Tabela4.0RREO" xlink:title="RREO4FonteAnexo4Tabela4.0RREO"/>
    <link:presentationArc xlink:type="arc" xlink:arcrole="http://www.xbrl.org/2003/arcrole/parent-child" xlink:from="FonteAnexo4Tabela4.0LineItems" xlink:to="RREO4FonteAnexo4Tabela4.0RREO" xlink:title="presentation: FonteAnexo4Tabela4.0LineItems to RREO4FonteAnexo4Tabela4.0RREO" order="1.0"/>
    <link:loc xlink:type="locator" xlink:href="siconfi-rreo-anexo4rpps_2020-12-31.xsd#siconfi-rreo-anexo4rppsprevidenciario_ReceitasOrcamentariasPrevidenciarioAbstract" xlink:label="ReceitasOrcamentariasPrevidenciarioAbstract" xlink:title="ReceitasOrcamentariasPrevidenciarioAbstract"/>
    <link:presentationArc xlink:type="arc" xlink:arcrole="http://www.xbrl.org/2003/arcrole/parent-child" xlink:from="Anexo4Abstract" xlink:to="ReceitasOrcamentariasPrevidenciarioAbstract" xlink:title="presentation: Anexo4RPPSAbstract to ReceitasOrcamentariasPrevidenciarioAbstract" order="1.0"/>
    <link:loc xlink:type="locator" xlink:href="siconfi-rreo-anexo4rpps_2020-12-31.xsd#siconfi-rreo-anexo4rppsprevidenciario_ReceitasOrcamentariasPrevidenciarioLineItems" xlink:label="ReceitasOrcamentariasPrevidenciarioLineItems" xlink:title="ReceitasOrcamentariasLineItems"/>
    <link:presentationArc xlink:type="arc" xlink:arcrole="http://www.xbrl.org/2003/arcrole/parent-child" xlink:from="ReceitasOrcamentariasPrevidenciarioAbstract" xlink:to="ReceitasOrcamentariasPrevidenciarioLineItems" xlink:title="presentation: ReceitasOrcamentariasPrevidenciarioAbstract to ReceitasOrcamentariasPrevidenciarioLineItems" order="1.0"/>
    <link:loc xlink:type="locator" xlink:href="../../../cor/ic/siconfi-cor_2020-12-31.xsd#siconfi-cor_ReceitasCorrentesRPPSBrutasPrevidenciario" xlink:label="ReceitasCorrentesRPPSBrutasPrevidenciario" xlink:title="ReceitasCorrentesRPPSBrutasPrevidenciario"/>
    <link:presentationArc xlink:type="arc" xlink:arcrole="http://www.xbrl.org/2003/arcrole/parent-child" xlink:from="ReceitasOrcamentariasPrevidenciarioLineItems" xlink:to="ReceitasCorrentesRPPSBrutasPrevidenciario" xlink:title="presentation: ReceitasOrcamentariasPrevidenciarioLineItems to ReceitasCorrentesRPPSBrutasPrevidenciario" order="1.0"/>
    <link:loc xlink:type="locator" xlink:href="../../../cor/ic/siconfi-cor_2020-12-31.xsd#siconfi-cor_ReceitaDeContribuicoesDosSeguradosBrutaPrevidenciario" xlink:label="ReceitaDeContribuicoesDosSeguradosBrutaPrevidenciario" xlink:title="ReceitaDeContribuicoesDosSeguradosBrutaPrevidenciario"/>
    <link:presentationArc xlink:type="arc" xlink:arcrole="http://www.xbrl.org/2003/arcrole/parent-child" xlink:from="ReceitasCorrentesRPPSBrutasPrevidenciario" xlink:to="ReceitaDeContribuicoesDosSeguradosBrutaPrevidenciario" xlink:title="presentation: ReceitasCorrentesRPPSBrutasPrevidenciario to ReceitaDeContribuicoesDosSeguradosBrutaPrevidenciario" order="1.0"/>
    <link:loc xlink:type="locator" xlink:href="../../../cor/ic/siconfi-cor_2020-12-31.xsd#siconfi-cor_ReceitaDeContribuicoesDosSeguradoslAtivoPrevidenciario" xlink:label="ReceitaDeContribuicoesDosSeguradoslAtivoPrevidenciario" xlink:title="ReceitaDeContribuicoesDosSeguradoslAtivoPrevidenciario"/>
    <link:presentationArc xlink:type="arc" xlink:arcrole="http://www.xbrl.org/2003/arcrole/parent-child" xlink:from="ReceitaDeContribuicoesDosSeguradosBrutaPrevidenciario" xlink:to="ReceitaDeContribuicoesDosSeguradoslAtivoPrevidenciario" xlink:title="presentation: ReceitaDeContribuicoesDosSeguradosBrutaPrevidenciario to ReceitaDeContribuicoesDosSeguradoslAtivoPrevidenciario" order="1.0"/>
    <link:loc xlink:type="locator" xlink:href="../../../cor/ic/siconfi-cor_2020-12-31.xsd#siconfi-cor_ReceitaDeContribuicoesDosSeguradosInativoPrevidenciario" xlink:label="ReceitaDeContribuicoesDosSeguradosInativoPrevidenciario" xlink:title="ReceitaDeContribuicoesDosSeguradosInativoPrevidenciario"/>
    <link:presentationArc xlink:type="arc" xlink:arcrole="http://www.xbrl.org/2003/arcrole/parent-child" xlink:from="ReceitaDeContribuicoesDosSeguradosBrutaPrevidenciario" xlink:to="ReceitaDeContribuicoesDosSeguradosInativoPrevidenciario" xlink:title="presentation: ReceitaDeContribuicoesDosSeguradosBrutaPrevidenciario to ReceitaDeContribuicoesDosSeguradosInativoPrevidenciario" order="2.0"/>
    <link:loc xlink:type="locator" xlink:href="../../../cor/ic/siconfi-cor_2020-12-31.xsd#siconfi-cor_ReceitaDeContribuicoesDosSeguradosPensionistaPrevidenciario" xlink:label="ReceitaDeContribuicoesDosSeguradosPensionistaPrevidenciario" xlink:title="ReceitaDeContribuicoesDosSeguradosPensionistaPrevidenciario"/>
    <link:presentationArc xlink:type="arc" xlink:arcrole="http://www.xbrl.org/2003/arcrole/parent-child" xlink:from="ReceitaDeContribuicoesDosSeguradosBrutaPrevidenciario" xlink:to="ReceitaDeContribuicoesDosSeguradosPensionistaPrevidenciario" xlink:title="presentation: ReceitaDeContribuicoesDosSeguradosBrutaPrevidenciario to ReceitaDeContribuicoesDosSeguradosPensionistaPrevidenciario" order="3.0"/>
    <link:loc xlink:type="locator" xlink:href="../../../cor/ic/siconfi-cor_2020-12-31.xsd#siconfi-cor_ReceitaDeContribuicoesPatronalPrevidenciario" xlink:label="ReceitaDeContribuicoesPatronalPrevidenciario" xlink:title="ReceitaDeContribuicoesPatronalPrevidenciario"/>
    <link:presentationArc xlink:type="arc" xlink:arcrole="http://www.xbrl.org/2003/arcrole/parent-child" xlink:from="ReceitasCorrentesRPPSBrutasPrevidenciario" xlink:to="ReceitaDeContribuicoesPatronalPrevidenciario" xlink:title="presentation: ReceitasCorrentesRPPSBrutasPrevidenciario to ReceitaDeContribuicoesPatronalPrevidenciario" order="2.0"/>
    <link:loc xlink:type="locator" xlink:href="../../../cor/ic/siconfi-cor_2020-12-31.xsd#siconfi-cor_ReceitaDeContribuicoesPatronalAtivoPrevidenciario" xlink:label="ReceitaDeContribuicoesPatronalAtivoPrevidenciario" xlink:title="ReceitaDeContribuicoesPatronalAtivoPrevidenciario"/>
    <link:presentationArc xlink:type="arc" xlink:arcrole="http://www.xbrl.org/2003/arcrole/parent-child" xlink:from="ReceitaDeContribuicoesPatronalPrevidenciario" xlink:to="ReceitaDeContribuicoesPatronalAtivoPrevidenciario" xlink:title="presentation: ReceitaDeContribuicoesPatronalPrevidenciario to ReceitaDeContribuicoesPatronalAtivoPrevidenciario" order="1.0"/>
    <link:loc xlink:type="locator" xlink:href="../../../cor/ic/siconfi-cor_2020-12-31.xsd#siconfi-cor_ReceitaDeContribuicoesPatronalInativoPrevidenciario" xlink:label="ReceitaDeContribuicoesPatronalInativoPrevidenciario" xlink:title="ReceitaDeContribuicoesPatronalInativoPrevidenciario"/>
    <link:presentationArc xlink:type="arc" xlink:arcrole="http://www.xbrl.org/2003/arcrole/parent-child" xlink:from="ReceitaDeContribuicoesPatronalPrevidenciario" xlink:to="ReceitaDeContribuicoesPatronalInativoPrevidenciario" xlink:title="presentation: ReceitaDeContribuicoesPatronalPrevidenciario to ReceitaDeContribuicoesPatronalInativoPrevidenciario" order="2.0"/>
    <link:loc xlink:type="locator" xlink:href="../../../cor/ic/siconfi-cor_2020-12-31.xsd#siconfi-cor_ReceitaDeContribuicoesPatronalPensionistaPrevidenciario" xlink:label="ReceitaDeContribuicoesPatronalPensionistaPrevidenciario" xlink:title="ReceitaDeContribuicoesPatronalPensionistaPrevidenciario"/>
    <link:presentationArc xlink:type="arc" xlink:arcrole="http://www.xbrl.org/2003/arcrole/parent-child" xlink:from="ReceitaDeContribuicoesPatronalPrevidenciario" xlink:to="ReceitaDeContribuicoesPatronalPensionistaPrevidenciario" xlink:title="presentation: ReceitaDeContribuicoesPatronalPrevidenciario to ReceitaDeContribuicoesPatronalPensionistaPrevidenciario" order="3.0"/>
    <link:loc xlink:type="locator" xlink:href="../../../cor/ic/siconfi-cor_2020-12-31.xsd#siconfi-cor_ReceitaPatrimonialRPPSBrutaPrevidenciario" xlink:label="ReceitaPatrimonialRPPSBrutaPrevidenciario" xlink:title="ReceitaPatrimonialRPPSBrutaPrevidenciario"/>
    <link:presentationArc xlink:type="arc" xlink:arcrole="http://www.xbrl.org/2003/arcrole/parent-child" xlink:from="ReceitasCorrentesRPPSBrutasPrevidenciario" xlink:to="ReceitaPatrimonialRPPSBrutaPrevidenciario" xlink:title="presentation: ReceitasCorrentesRPPSBrutasPrevidenciario to ReceitaPatrimonialRPPSBrutaPrevidenciario" order="3.0"/>
    <link:loc xlink:type="locator" xlink:href="../../../cor/ic/siconfi-cor_2020-12-31.xsd#siconfi-cor_ReceitasImobiliariasPrevidenciariasBrutasPrevidenciario" xlink:label="ReceitasImobiliariasPrevidenciariasBrutasPrevidenciario" xlink:title="ReceitasImobiliariasPrevidenciariasBrutasPrevidenciario"/>
    <link:presentationArc xlink:type="arc" xlink:arcrole="http://www.xbrl.org/2003/arcrole/parent-child" xlink:from="ReceitaPatrimonialRPPSBrutaPrevidenciario" xlink:to="ReceitasImobiliariasPrevidenciariasBrutasPrevidenciario" xlink:title="presentation: ReceitaPatrimonialRPPSBrutaPrevidenciario to ReceitasImobiliariasPrevidenciariasBrutasPrevidenciario" order="1.0"/>
    <link:loc xlink:type="locator" xlink:href="../../../cor/ic/siconfi-cor_2020-12-31.xsd#siconfi-cor_ReceitasDeValoresMobiliariosPrevidenciariasBrutasPrevidenciario" xlink:label="ReceitasDeValoresMobiliariosPrevidenciariasBrutasPrevidenciario" xlink:title="ReceitasDeValoresMobiliariosPrevidenciariasBrutasPrevidenciario"/>
    <link:presentationArc xlink:type="arc" xlink:arcrole="http://www.xbrl.org/2003/arcrole/parent-child" xlink:from="ReceitaPatrimonialRPPSBrutaPrevidenciario" xlink:to="ReceitasDeValoresMobiliariosPrevidenciariasBrutasPrevidenciario" xlink:title="presentation: ReceitaPatrimonialRPPSBrutaPrevidenciario to ReceitasDeValoresMobiliariosPrevidenciariasBrutasPrevidenciario" order="2.0"/>
    <link:loc xlink:type="locator" xlink:href="../../../cor/ic/siconfi-cor_2020-12-31.xsd#siconfi-cor_OutrasReceitasPatrimoniaisPrevidenciariasBrutasPrevidenciario" xlink:label="OutrasReceitasPatrimoniaisPrevidenciariasBrutasPrevidenciario" xlink:title="OutrasReceitasPatrimoniaisPrevidenciariasBrutasPrevidenciario"/>
    <link:presentationArc xlink:type="arc" xlink:arcrole="http://www.xbrl.org/2003/arcrole/parent-child" xlink:from="ReceitaPatrimonialRPPSBrutaPrevidenciario" xlink:to="OutrasReceitasPatrimoniaisPrevidenciariasBrutasPrevidenciario" xlink:title="presentation: ReceitaPatrimonialRPPSBrutaPrevidenciario to OutrasReceitasPatrimoniaisPrevidenciariasBrutasPrevidenciario" order="3.0"/>
    <link:loc xlink:type="locator" xlink:href="../../../cor/ic/siconfi-cor_2020-12-31.xsd#siconfi-cor_ReceitaDeServicosPrevidenciariaBrutaPrevidenciario" xlink:label="ReceitaDeServicosPrevidenciariaBrutaPrevidenciario" xlink:title="ReceitaDeServicosPrevidenciariaBrutaPrevidenciario"/>
    <link:presentationArc xlink:type="arc" xlink:arcrole="http://www.xbrl.org/2003/arcrole/parent-child" xlink:from="ReceitasCorrentesRPPSBrutasPrevidenciario" xlink:to="ReceitaDeServicosPrevidenciariaBrutaPrevidenciario" xlink:title="presentation: ReceitasCorrentesRPPSBrutasPrevidenciario to ReceitaDeServicosPrevidenciariaBrutaPrevidenciario" order="4.0"/>
    <link:loc xlink:type="locator" xlink:href="../../../cor/ic/siconfi-cor_2020-12-31.xsd#siconfi-cor_OutrasReceitasCorrentesRPPSBrutasPrevidenciario" xlink:label="OutrasReceitasCorrentesRPPSBrutasPrevidenciario" xlink:title="OutrasReceitasCorrentesRPPSBrutasPrevidenciario"/>
    <link:presentationArc xlink:type="arc" xlink:arcrole="http://www.xbrl.org/2003/arcrole/parent-child" xlink:from="ReceitasCorrentesRPPSBrutasPrevidenciario" xlink:to="OutrasReceitasCorrentesRPPSBrutasPrevidenciario" xlink:title="presentation: ReceitasCorrentesRPPSBrutasPrevidenciario to OutrasReceitasCorrentesRPPSBrutasPrevidenciario" order="5.0"/>
    <link:loc xlink:type="locator" xlink:href="../../../cor/ic/siconfi-cor_2020-12-31.xsd#siconfi-cor_ReceitasCompensacaoFinanceiraEntreOsRegimes" xlink:label="ReceitasCompensacaoFinanceiraEntreOsRegimes" xlink:title="ReceitasCompensacaoFinanceiraEntreOsRegimes"/>
    <link:presentationArc xlink:type="arc" xlink:arcrole="http://www.xbrl.org/2003/arcrole/parent-child" xlink:from="OutrasReceitasCorrentesRPPSBrutasPrevidenciario" xlink:to="ReceitasCompensacaoFinanceiraEntreOsRegimes" xlink:title="presentation: OutrasReceitasCorrentesRPPSBrutasPrevidenciario to ReceitasCompensacaoFinanceiraEntreOsRegimes" order="1.0"/>
    <link:loc xlink:type="locator" xlink:href="../../../cor/ic/siconfi-cor_2020-12-31.xsd#siconfi-cor_ReceitaDeContribuicoesDeAportePeriodicoDeValoresPredefinidosPrevidenciario" xlink:label="ReceitaDeContribuicoesDeAportePeriodicoDeValoresPredefinidosPrevidenciario" xlink:title="ReceitaDeContribuicoesDeAportePeriodicoDeValoresPredefinidosPrevidenciario"/>
    <link:presentationArc xlink:type="arc" xlink:arcrole="http://www.xbrl.org/2003/arcrole/parent-child" xlink:from="OutrasReceitasCorrentesRPPSBrutasPrevidenciario" xlink:to="ReceitaDeContribuicoesDeAportePeriodicoDeValoresPredefinidosPrevidenciario" xlink:title="presentation: OutrasReceitasCorrentesRPPSBrutasPrevidenciario to ReceitaDeContribuicoesDeAportePeriodicoDeValoresPredefinidosPrevidenciario" order="2.0"/>
    <link:loc xlink:type="locator" xlink:href="../../../cor/ic/siconfi-cor_2020-12-31.xsd#siconfi-cor_DemaisReceitasCorrentesRPPSBrutasPrevidenciario" xlink:label="DemaisReceitasCorrentesRPPSBrutasPrevidenciario" xlink:title="DemaisReceitasCorrentesRPPSBrutasPrevidenciario"/>
    <link:presentationArc xlink:type="arc" xlink:arcrole="http://www.xbrl.org/2003/arcrole/parent-child" xlink:from="OutrasReceitasCorrentesRPPSBrutasPrevidenciario" xlink:to="DemaisReceitasCorrentesRPPSBrutasPrevidenciario" xlink:title="presentation: OutrasReceitasCorrentesRPPSBrutasPrevidenciario to DemaisReceitasCorrentesRPPSBrutasPrevidenciario" order="3.0"/>
    <link:loc xlink:type="locator" xlink:href="../../../cor/ic/siconfi-cor_2020-12-31.xsd#siconfi-cor_ReceitasDeCapitalRPPSBrutasPrevidenciario" xlink:label="ReceitasDeCapitalRPPSBrutasPrevidenciario" xlink:title="ReceitasDeCapitalRPPSBrutasPrevidenciario"/>
    <link:presentationArc xlink:type="arc" xlink:arcrole="http://www.xbrl.org/2003/arcrole/parent-child" xlink:from="ReceitasOrcamentariasPrevidenciarioLineItems" xlink:to="ReceitasDeCapitalRPPSBrutasPrevidenciario" xlink:title="presentation: ReceitasOrcamentariasPrevidenciarioLineItems to ReceitasDeCapitalRPPSBrutasPrevidenciario" order="2.0"/>
    <link:loc xlink:type="locator" xlink:href="../../../cor/ic/siconfi-cor_2020-12-31.xsd#siconfi-cor_AlienacaoDeBensDireitosEAtivosRPPSBrutaPrevidenciario" xlink:label="AlienacaoDeBensDireitosEAtivosRPPSBrutaPrevidenciario" xlink:title="AlienacaoDeBensDireitosEAtivosRPPSBrutaPrevidenciario"/>
    <link:presentationArc xlink:type="arc" xlink:arcrole="http://www.xbrl.org/2003/arcrole/parent-child" xlink:from="ReceitasDeCapitalRPPSBrutasPrevidenciario" xlink:to="AlienacaoDeBensDireitosEAtivosRPPSBrutaPrevidenciario" xlink:title="presentation: ReceitasDeCapitalRPPSBrutasPrevidenciario to AlienacaoDeBensDireitosEAtivosRPPSBrutaPrevidenciario" order="1.0"/>
    <link:loc xlink:type="locator" xlink:href="../../../cor/ic/siconfi-cor_2020-12-31.xsd#siconfi-cor_AmortizacaoDeEmprestimosPrevidenciariaBrutaPrevidenciario" xlink:label="AmortizacaoDeEmprestimosPrevidenciariaBrutaPrevidenciario" xlink:title="AmortizacaoDeEmprestimosPrevidenciariaBrutaPrevidenciario"/>
    <link:presentationArc xlink:type="arc" xlink:arcrole="http://www.xbrl.org/2003/arcrole/parent-child" xlink:from="ReceitasDeCapitalRPPSBrutasPrevidenciario" xlink:to="AmortizacaoDeEmprestimosPrevidenciariaBrutaPrevidenciario" xlink:title="presentation: ReceitasDeCapitalRPPSBrutasPrevidenciario to AmortizacaoDeEmprestimosPrevidenciariaBrutaPrevidenciario" order="2.0"/>
    <link:loc xlink:type="locator" xlink:href="../../../cor/ic/siconfi-cor_2020-12-31.xsd#siconfi-cor_OutrasReceitasDeCapitalRPPSBrutasPrevidenciario" xlink:label="OutrasReceitasDeCapitalRPPSBrutasPrevidenciario" xlink:title="OutrasReceitasDeCapitalRPPSBrutasPrevidenciario"/>
    <link:presentationArc xlink:type="arc" xlink:arcrole="http://www.xbrl.org/2003/arcrole/parent-child" xlink:from="ReceitasDeCapitalRPPSBrutasPrevidenciario" xlink:to="OutrasReceitasDeCapitalRPPSBrutasPrevidenciario" xlink:title="presentation: ReceitasDeCapitalRPPSBrutasPrevidenciario to OutrasReceitasDeCapitalRPPSBrutasPrevidenciario" order="3.0"/>
    <link:loc xlink:type="locator" xlink:href="../../../cor/ic/siconfi-cor_2020-12-31.xsd#siconfi-cor_TotalReceitasRPPSPrevidenciario" xlink:label="TotalReceitasRPPSPrevidenciario" xlink:title="TotalReceitasRPPSPrevidenciario"/>
    <link:presentationArc xlink:type="arc" xlink:arcrole="http://www.xbrl.org/2003/arcrole/parent-child" xlink:from="ReceitasOrcamentariasPrevidenciarioLineItems" xlink:to="TotalReceitasRPPSPrevidenciario" xlink:title="presentation: ReceitasOrcamentariasPrevidenciarioLineItems to TotalReceitasRPPSPrevidenciario" order="3.0"/>
    <link:loc xlink:type="locator" xlink:href="siconfi-rreo-anexo4rpps_2020-12-31.xsd#siconfi-rreo-anexo4rppsprevidenciario_ReceitasOrcamentariasPrevidenciarioTable" xlink:label="ReceitasOrcamentariasPrevidenciarioTable" xlink:title="ReceitasOrcamentariasTable"/>
    <link:presentationArc xlink:type="arc" xlink:arcrole="http://www.xbrl.org/2003/arcrole/parent-child" xlink:from="ReceitasOrcamentariasPrevidenciarioAbstract" xlink:to="ReceitasOrcamentariasPrevidenciarioTable" xlink:title="presentation: ReceitasOrcamentariasPrevidenciarioAbstract to ReceitasOrcamentariasPrevidenciarioTable" order="2.0" xbrldt:contextElement="segment" xbrldt:closed="true"/>
    <link:loc xlink:type="locator" xlink:href="../../../cor/dim/siconfi-dim_2020-12-31.xsd#siconfi-dim_ExecucaoDaReceitaPrevidenciariaAxis" xlink:label="ExecucaoDaReceitaPrevidenciariaAxis" xlink:title="ExecucaoDaReceitaPrevidenciariaAxis"/>
    <link:presentationArc xlink:type="arc" xlink:arcrole="http://www.xbrl.org/2003/arcrole/parent-child" xlink:from="ReceitasOrcamentariasPrevidenciarioTable" xlink:to="ExecucaoDaReceitaPrevidenciariaAxis" xlink:title="presentation: ReceitasOrcamentariasPrevidenciarioTable to ExecucaoDaReceitaPrevidenciariaAxis" order="1.0"/>
    <link:loc xlink:type="locator" xlink:href="../../../cor/dim/siconfi-dim_2020-12-31.xsd#siconfi-dim_PrevisaoAtualizadaMember" xlink:label="PrevisaoAtualizadaMember" xlink:title="PrevisaoAtualizadaMember"/>
    <link:presentationArc xlink:type="arc" xlink:arcrole="http://www.xbrl.org/2003/arcrole/parent-child" xlink:from="ExecucaoDaReceitaPrevidenciariaAxis" xlink:to="PrevisaoAtualizadaMember" xlink:title="presentation: ExecucaoDaReceitaPrevidenciariaAxis to PrevisaoAtualizadaMember" order="1.0"/>
    <link:loc xlink:type="locator" xlink:href="../../../cor/dim/siconfi-dim_2020-12-31.xsd#siconfi-dim_ReceitasRealizadasAteOBimestreMember" xlink:label="ReceitasRealizadasAteOBimestreMember" xlink:title="ReceitasRealizadasAteOBimestreMember"/>
    <link:presentationArc xlink:type="arc" xlink:arcrole="http://www.xbrl.org/2003/arcrole/parent-child" xlink:from="ExecucaoDaReceitaPrevidenciariaAxis" xlink:to="ReceitasRealizadasAteOBimestreMember" xlink:title="presentation: ExecucaoDaReceitaPrevidenciariaAxis to ReceitasRealizadasAteOBimestreMember" order="2.0"/>
    <link:loc xlink:type="locator" xlink:href="siconfi-rreo-anexo4rpps_2020-12-31.xsd#siconfi-rreo-anexo4rppsprevidenciario_RecursosRPPSArrecadadosEmExerciciosAnterioresAbstract" xlink:label="RecursosRPPSArrecadadosEmExerciciosAnterioresAbstract" xlink:title="RecursosRPPSArrecadadosEmExerciciosAnterioresAbstract"/>
    <link:presentationArc xlink:type="arc" xlink:arcrole="http://www.xbrl.org/2003/arcrole/parent-child" xlink:from="Anexo4Abstract" xlink:to="RecursosRPPSArrecadadosEmExerciciosAnterioresAbstract" xlink:title="presentation: Anexo4RPPSAbstract to RecursosRPPSArrecadadosEmExerciciosAnterioresAbstract" order="3.0"/>
    <link:loc xlink:type="locator" xlink:href="siconfi-rreo-anexo4rpps_2020-12-31.xsd#siconfi-rreo-anexo4rppsprevidenciario_RecursosRPPSArrecadadosEmExerciciosAnterioresLineItems" xlink:label="RecursosRPPSArrecadadosEmExerciciosAnterioresLineItems" xlink:title="RecursosRPPSArrecadadosEmExerciciosAnterioresLineItems"/>
    <link:presentationArc xlink:type="arc" xlink:arcrole="http://www.xbrl.org/2003/arcrole/parent-child" xlink:from="RecursosRPPSArrecadadosEmExerciciosAnterioresAbstract" xlink:to="RecursosRPPSArrecadadosEmExerciciosAnterioresLineItems" xlink:title="presentation: RecursosRPPSArrecadadosEmExerciciosAnterioresAbstract to RecursosRPPSArrecadadosEmExerciciosAnterioresLineItems" order="1.0"/>
    <link:loc xlink:type="locator" xlink:href="../../../cor/ic/siconfi-cor_2020-12-31.xsd#siconfi-cor_RecursosRPPSArrecadadosEmExerciciosAnterioresPrevidenciario" xlink:label="RecursosRPPSArrecadadosEmExerciciosAnterioresPrevidenciario" xlink:title="RecursosRPPSArrecadadosEmExerciciosAnterioresPrevidenciario"/>
    <link:presentationArc xlink:type="arc" xlink:arcrole="http://www.xbrl.org/2003/arcrole/parent-child" xlink:from="RecursosRPPSArrecadadosEmExerciciosAnterioresLineItems" xlink:to="RecursosRPPSArrecadadosEmExerciciosAnterioresPrevidenciario" xlink:title="presentation: RecursosRPPSArrecadadosEmExerciciosAnterioresLineItems to RecursosRPPSArrecadadosEmExerciciosAnterioresPrevidenciario" order="1.0"/>
    <link:loc xlink:type="locator" xlink:href="siconfi-rreo-anexo4rpps_2020-12-31.xsd#siconfi-rreo-anexo4rpps_RecursosRPPSArrecadadosEmExerciciosAnterioresTable" xlink:label="RecursosRPPSArrecadadosEmExerciciosAnterioresTable" xlink:title="RecursosRPPSArrecadadosEmExerciciosAnterioresTable"/>
    <link:presentationArc xlink:type="arc" xlink:arcrole="http://www.xbrl.org/2003/arcrole/parent-child" xlink:from="RecursosRPPSArrecadadosEmExerciciosAnterioresAbstract" xlink:to="RecursosRPPSArrecadadosEmExerciciosAnterioresTable" xlink:title="presentation: RecursosRPPSArrecadadosEmExerciciosAnterioresAbstract to RecursosRPPSArrecadadosEmExerciciosAnterioresTable" order="2.0" xbrldt:contextElement="segment" xbrldt:closed="true"/>
    <link:loc xlink:type="locator" xlink:href="../../../cor/dim/siconfi-dim_2020-12-31.xsd#siconfi-dim_PrevisaoOrcamentariaPrevidenciariaAxis" xlink:label="PrevisaoOrcamentariaPrevidenciariaAxis" xlink:title="PrevisaoOrcamentariaPrevidenciariaAxis"/>
    <link:presentationArc xlink:type="arc" xlink:arcrole="http://www.xbrl.org/2003/arcrole/parent-child" xlink:from="RecursosRPPSArrecadadosEmExerciciosAnterioresTable" xlink:to="PrevisaoOrcamentariaPrevidenciariaAxis" xlink:title="presentation: RecursosRPPSArrecadadosEmExerciciosAnterioresTable to PrevisaoOrcamentariaPrevidenciariaAxis" order="1.0"/>
    <link:loc xlink:type="locator" xlink:href="../../../cor/dim/siconfi-dim_2020-12-31.xsd#siconfi-dim_PrevisaoOrcamentariaMember" xlink:label="PrevisaoOrcamentariaMember" xlink:title="PrevisaoOrcamentariaMember"/>
    <link:presentationArc xlink:type="arc" xlink:arcrole="http://www.xbrl.org/2003/arcrole/parent-child" xlink:from="PrevisaoOrcamentariaPrevidenciariaAxis" xlink:to="PrevisaoOrcamentariaMember" xlink:title="presentation: PrevisaoOrcamentariaPrevidenciariaAxis to PrevisaoOrcamentariaMember" order="1.0"/>
    <link:loc xlink:type="locator" xlink:href="siconfi-rreo-anexo4rpps_2020-12-31.xsd#siconfi-rreo-anexo4rppsprevidenciario_ReservaOrcamentariaPrevidenciarioAbstract" xlink:label="ReservaOrcamentariaPrevidenciarioAbstract" xlink:title="ReservaOrcamentariaPrevidenciarioAbstract"/>
    <link:presentationArc xlink:type="arc" xlink:arcrole="http://www.xbrl.org/2003/arcrole/parent-child" xlink:from="Anexo4Abstract" xlink:to="ReservaOrcamentariaPrevidenciarioAbstract" xlink:title="presentation: Anexo4RPPSAbstract to ReservaOrcamentariaPrevidenciarioAbstract" order="4.0"/>
    <link:loc xlink:type="locator" xlink:href="siconfi-rreo-anexo4rpps_2020-12-31.xsd#siconfi-rreo-anexo4rppsprevidenciario_ReservaOrcamentariaPrevidenciarioLineItems" xlink:label="ReservaOrcamentariaPrevidenciarioLineItems" xlink:title="ReservaOrcamentariaLineItems"/>
    <link:presentationArc xlink:type="arc" xlink:arcrole="http://www.xbrl.org/2003/arcrole/parent-child" xlink:from="ReservaOrcamentariaPrevidenciarioAbstract" xlink:to="ReservaOrcamentariaPrevidenciarioLineItems" xlink:title="presentation: ReservaOrcamentariaPrevidenciarioAbstract to ReservaOrcamentariaPrevidenciarioLineItems" order="1.0"/>
    <link:loc xlink:type="locator" xlink:href="../../../cor/ic/siconfi-cor_2020-12-31.xsd#siconfi-cor_ReservaOrcamentariaDoRPPSPrevidenciario" xlink:label="ReservaOrcamentariaDoRPPSPrevidenciario" xlink:title="ReservaOrcamentariaDoRPPSPrevidenciario"/>
    <link:presentationArc xlink:type="arc" xlink:arcrole="http://www.xbrl.org/2003/arcrole/parent-child" xlink:from="ReservaOrcamentariaPrevidenciarioLineItems" xlink:to="ReservaOrcamentariaDoRPPSPrevidenciario" xlink:title="presentation: ReservaOrcamentariaPrevidenciarioLineItems to ReservaOrcamentariaDoRPPSPrevidenciario" order="1.0"/>
    <link:loc xlink:type="locator" xlink:href="siconfi-rreo-anexo4rpps_2020-12-31.xsd#siconfi-rreo-anexo4rppsprevidenciario_ReservaOrcamentariaPrevidenciarioTable" xlink:label="ReservaOrcamentariaPrevidenciarioTable" xlink:title="ReservaOrcamentariaTable"/>
    <link:presentationArc xlink:type="arc" xlink:arcrole="http://www.xbrl.org/2003/arcrole/parent-child" xlink:from="ReservaOrcamentariaPrevidenciarioAbstract" xlink:to="ReservaOrcamentariaPrevidenciarioTable" xlink:title="presentation: ReservaOrcamentariaPrevidenciarioAbstract to ReservaOrcamentariaPrevidenciarioTable" order="2.0" xbrldt:contextElement="segment" xbrldt:closed="true"/>
    <link:presentationArc xlink:type="arc" xlink:arcrole="http://www.xbrl.org/2003/arcrole/parent-child" xlink:from="ReservaOrcamentariaPrevidenciarioTable" xlink:to="PrevisaoOrcamentariaPrevidenciariaAxis" xlink:title="presentation: ReservaOrcamentariaPrevidenciarioTable to PrevisaoOrcamentariaPrevidenciariaAxis" order="1.0"/>
    <link:loc xlink:type="locator" xlink:href="siconfi-rreo-anexo4rpps_2020-12-31.xsd#siconfi-rreo-anexo4rppsprevidenciario_AportesDeRecursosPrevidenciarioAbstract" xlink:label="AportesDeRecursosPrevidenciarioAbstract" xlink:title="AportesDeRecursosPrevidenciarioAbstract"/>
    <link:presentationArc xlink:type="arc" xlink:arcrole="http://www.xbrl.org/2003/arcrole/parent-child" xlink:from="Anexo4Abstract" xlink:to="AportesDeRecursosPrevidenciarioAbstract" xlink:title="presentation: Anexo4RPPSAbstract to AportesDeRecursosPrevidenciarioAbstract" order="5.0"/>
    <link:loc xlink:type="locator" xlink:href="siconfi-rreo-anexo4rpps_2020-12-31.xsd#siconfi-rreo-anexo4rppsprevidenciario_AportesDeRecursosPrevidenciarioLineItems" xlink:label="AportesDeRecursosPrevidenciarioLineItems" xlink:title="AportesDeRecursosLineItems"/>
    <link:presentationArc xlink:type="arc" xlink:arcrole="http://www.xbrl.org/2003/arcrole/parent-child" xlink:from="AportesDeRecursosPrevidenciarioAbstract" xlink:to="AportesDeRecursosPrevidenciarioLineItems" xlink:title="presentation: AportesDeRecursosPrevidenciarioAbstract to AportesDeRecursosPrevidenciarioLineItems" order="1.0"/>
    <link:loc xlink:type="locator" xlink:href="../../../cor/ic/siconfi-cor_2020-12-31.xsd#siconfi-cor_AportesParaAPrevidenciaPlanoPrevidenciarioContribuicaoPatronalSuplementar" xlink:label="AportesParaAPrevidenciaPlanoPrevidenciarioContribuicaoPatronalSuplementar" xlink:title="AportesParaAPrevidenciaPlanoPrevidenciarioContribuicaoPatronalSuplementar"/>
    <link:presentationArc xlink:type="arc" xlink:arcrole="http://www.xbrl.org/2003/arcrole/parent-child" xlink:from="AportesDeRecursosPrevidenciarioLineItems" xlink:to="AportesParaAPrevidenciaPlanoPrevidenciarioContribuicaoPatronalSuplementar" xlink:title="presentation: AportesDeRecursosPrevidenciarioLineItems to AportesParaAPrevidenciaPlanoPrevidenciarioContribuicaoPatronalSuplementar" order="1.0"/>
    <link:loc xlink:type="locator" xlink:href="../../../cor/ic/siconfi-cor_2020-12-31.xsd#siconfi-cor_AportesParaAPrevidenciaPlanoPrevidenciarioAportePeriodicoDeValoresPredefinidos" xlink:label="AportesParaAPrevidenciaPlanoPrevidenciarioAportePeriodicoDeValoresPredefinidos" xlink:title="AportesParaAPrevidenciaPlanoPrevidenciarioAportePeriodicoDeValoresPredefinidos"/>
    <link:presentationArc xlink:type="arc" xlink:arcrole="http://www.xbrl.org/2003/arcrole/parent-child" xlink:from="AportesDeRecursosPrevidenciarioLineItems" xlink:to="AportesParaAPrevidenciaPlanoPrevidenciarioAportePeriodicoDeValoresPredefinidos" xlink:title="presentation: AportesDeRecursosPrevidenciarioLineItems to AportesParaAPrevidenciaPlanoPrevidenciarioAportePeriodicoDeValoresPredefinidos" order="2.0"/>
    <link:loc xlink:type="locator" xlink:href="../../../cor/ic/siconfi-cor_2020-12-31.xsd#siconfi-cor_AportesParaORPPSPlanoFinanceiroOutrosAportesPrevidenciario" xlink:label="AportesParaORPPSPlanoFinanceiroOutrosAportesPrevidenciario" xlink:title="AportesParaORPPSPlanoFinanceiroOutrosAportesPrevidenciario"/>
    <link:presentationArc xlink:type="arc" xlink:arcrole="http://www.xbrl.org/2003/arcrole/parent-child" xlink:from="AportesDeRecursosPrevidenciarioLineItems" xlink:to="AportesParaORPPSPlanoFinanceiroOutrosAportesPrevidenciario" xlink:title="presentation: AportesDeRecursosPrevidenciarioLineItems to AportesParaORPPSPlanoFinanceiroOutrosAportesPrevidenciario" order="3.0"/>
    <link:loc xlink:type="locator" xlink:href="../../../cor/ic/siconfi-cor_2020-12-31.xsd#siconfi-cor_AportesParaAPrevidenciaPlanoPrevidenciarioDeficitFinanceiroPrevidenciario" xlink:label="AportesParaAPrevidenciaPlanoPrevidenciarioDeficitFinanceiroPrevidenciario" xlink:title="AportesParaAPrevidenciaPlanoPrevidenciarioDeficitFinanceiroPrevidenciario"/>
    <link:presentationArc xlink:type="arc" xlink:arcrole="http://www.xbrl.org/2003/arcrole/parent-child" xlink:from="AportesDeRecursosPrevidenciarioLineItems" xlink:to="AportesParaAPrevidenciaPlanoPrevidenciarioDeficitFinanceiroPrevidenciario" xlink:title="presentation: AportesDeRecursosPrevidenciarioLineItems to AportesParaAPrevidenciaPlanoPrevidenciarioDeficitFinanceiroPrevidenciario" order="4.0"/>
    <link:loc xlink:type="locator" xlink:href="siconfi-rreo-anexo4rpps_2020-12-31.xsd#siconfi-rreo-anexo4rppsprevidenciario_AportesRealizadosPrevidenciarioTable" xlink:label="AportesRealizadosPrevidenciarioTable" xlink:title="AportesRealizadosTable"/>
    <link:presentationArc xlink:type="arc" xlink:arcrole="http://www.xbrl.org/2003/arcrole/parent-child" xlink:from="AportesDeRecursosPrevidenciarioAbstract" xlink:to="AportesRealizadosPrevidenciarioTable" xlink:title="presentation: AportesDeRecursosPrevidenciarioAbstract to AportesRealizadosPrevidenciarioTable" order="2.0" xbrldt:contextElement="segment" xbrldt:closed="true"/>
    <link:loc xlink:type="locator" xlink:href="../../../cor/dim/siconfi-dim_2020-12-31.xsd#siconfi-dim_AportesDeRecursosPrevidenciarioAxis" xlink:label="AportesDeRecursosPrevidenciarioAxis" xlink:title="AportesDeRecursosPrevidenciarioAxis"/>
    <link:presentationArc xlink:type="arc" xlink:arcrole="http://www.xbrl.org/2003/arcrole/parent-child" xlink:from="AportesRealizadosPrevidenciarioTable" xlink:to="AportesDeRecursosPrevidenciarioAxis" xlink:title="presentation: AportesRealizadosPrevidenciarioTable to AportesDeRecursosPrevidenciarioAxis" order="1.0"/>
    <link:loc xlink:type="locator" xlink:href="../../../cor/dim/siconfi-dim_2020-12-31.xsd#siconfi-dim_AportesRealizadosMember" xlink:label="AportesRealizadosMember" xlink:title="AportesRealizadosMember"/>
    <link:presentationArc xlink:type="arc" xlink:arcrole="http://www.xbrl.org/2003/arcrole/parent-child" xlink:from="AportesDeRecursosPrevidenciarioAxis" xlink:to="AportesRealizadosMember" xlink:title="presentation: AportesDeRecursosPrevidenciarioAxis to AportesRealizadosMember" order="1.0"/>
    <link:loc xlink:type="locator" xlink:href="siconfi-rreo-anexo4rpps_2020-12-31.xsd#siconfi-rreo-anexo4rppsprevidenciario_BensEDireitosDoRPPSPrevidenciarioAbstract" xlink:label="BensEDireitosDoRPPSPrevidenciarioAbstract" xlink:title="BensEDireitosDoRPPSPrevidenciarioAbstract"/>
    <link:presentationArc xlink:type="arc" xlink:arcrole="http://www.xbrl.org/2003/arcrole/parent-child" xlink:from="Anexo4Abstract" xlink:to="BensEDireitosDoRPPSPrevidenciarioAbstract" xlink:title="presentation: Anexo4RPPSAbstract to BensEDireitosDoRPPSPrevidenciarioAbstract" order="6.0"/>
    <link:loc xlink:type="locator" xlink:href="siconfi-rreo-anexo4rpps_2020-12-31.xsd#siconfi-rreo-anexo4rppsprevidenciario_BensEDireitosDoRPPSPrevidenciarioLineItems" xlink:label="BensEDireitosDoRPPSPrevidenciarioLineItems" xlink:title="BensEDireitosDoRPPSLineItems"/>
    <link:presentationArc xlink:type="arc" xlink:arcrole="http://www.xbrl.org/2003/arcrole/parent-child" xlink:from="BensEDireitosDoRPPSPrevidenciarioAbstract" xlink:to="BensEDireitosDoRPPSPrevidenciarioLineItems" xlink:title="presentation: BensEDireitosDoRPPSPrevidenciarioAbstract to BensEDireitosDoRPPSPrevidenciarioLineItems" order="1.0"/>
    <link:loc xlink:type="locator" xlink:href="../../../cor/ic/siconfi-cor_2020-12-31.xsd#siconfi-cor_RREO4CaixaDoRPPSPrevidenciario" xlink:label="RREO4CaixaDoRPPSPrevidenciario" xlink:title="RREO4CaixaDoRPPSPrevidenciario"/>
    <link:presentationArc xlink:type="arc" xlink:arcrole="http://www.xbrl.org/2003/arcrole/parent-child" xlink:from="BensEDireitosDoRPPSPrevidenciarioLineItems" xlink:to="RREO4CaixaDoRPPSPrevidenciario" xlink:title="presentation: BensEDireitosDoRPPSPrevidenciarioLineItems to RREO4CaixaDoRPPSPrevidenciario" order="1.0"/>
    <link:loc xlink:type="locator" xlink:href="../../../cor/ic/siconfi-cor_2020-12-31.xsd#siconfi-cor_InvestimentosDoRPPSPrevidenciario" xlink:label="InvestimentosDoRPPSPrevidenciario" xlink:title="InvestimentosDoRPPSPrevidenciario"/>
    <link:presentationArc xlink:type="arc" xlink:arcrole="http://www.xbrl.org/2003/arcrole/parent-child" xlink:from="BensEDireitosDoRPPSPrevidenciarioLineItems" xlink:to="InvestimentosDoRPPSPrevidenciario" xlink:title="presentation: BensEDireitosDoRPPSPrevidenciarioLineItems to InvestimentosDoRPPSPrevidenciario" order="2.0"/>
    <link:loc xlink:type="locator" xlink:href="../../../cor/ic/siconfi-cor_2020-12-31.xsd#siconfi-cor_OutrosBensEDireitosDoRPPSPrevidenciario" xlink:label="OutrosBensEDireitosDoRPPSPrevidenciario" xlink:title="OutrosBensEDireitosDoRPPSPrevidenciario"/>
    <link:presentationArc xlink:type="arc" xlink:arcrole="http://www.xbrl.org/2003/arcrole/parent-child" xlink:from="BensEDireitosDoRPPSPrevidenciarioLineItems" xlink:to="OutrosBensEDireitosDoRPPSPrevidenciario" xlink:title="presentation: BensEDireitosDoRPPSPrevidenciarioLineItems to OutrosBensEDireitosDoRPPSPrevidenciario" order="3.0"/>
    <link:loc xlink:type="locator" xlink:href="siconfi-rreo-anexo4rpps_2020-12-31.xsd#siconfi-rreo-anexo4rppsprevidenciario_BensEDireitosDoRPPSPrevidenciarioTable" xlink:label="BensEDireitosDoRPPSPrevidenciarioTable" xlink:title="BensEDireitosDoRPPSTable"/>
    <link:presentationArc xlink:type="arc" xlink:arcrole="http://www.xbrl.org/2003/arcrole/parent-child" xlink:from="BensEDireitosDoRPPSPrevidenciarioAbstract" xlink:to="BensEDireitosDoRPPSPrevidenciarioTable" xlink:title="presentation: BensEDireitosDoRPPSPrevidenciarioAbstract to BensEDireitosDoRPPSPrevidenciarioTable" order="2.0" xbrldt:contextElement="segment" xbrldt:closed="true"/>
    <link:loc xlink:type="locator" xlink:href="../../../cor/dim/siconfi-dim_2020-12-31.xsd#siconfi-dim_PeriodoDeReferenciaPrevidenciariaAxis" xlink:label="PeriodoDeReferenciaPrevidenciariaAxis" xlink:title="PeriodoDeReferenciaPrevidenciariaAxis"/>
    <link:presentationArc xlink:type="arc" xlink:arcrole="http://www.xbrl.org/2003/arcrole/parent-child" xlink:from="BensEDireitosDoRPPSPrevidenciarioTable" xlink:to="PeriodoDeReferenciaPrevidenciariaAxis" xlink:title="presentation: BensEDireitosDoRPPSPrevidenciarioTable to PeriodoDeReferenciaPrevidenciariaAxis" order="1.0"/>
    <link:loc xlink:type="locator" xlink:href="../../../cor/dim/siconfi-dim_2020-12-31.xsd#siconfi-dim_AteOPeriodoExercicioAtualMember" xlink:label="AteOPeriodoExercicioAtualMember" xlink:title="AteOPeriodoExercicioAtualMember"/>
    <link:presentationArc xlink:type="arc" xlink:arcrole="http://www.xbrl.org/2003/arcrole/parent-child" xlink:from="PeriodoDeReferenciaPrevidenciariaAxis" xlink:to="AteOPeriodoExercicioAtualMember" xlink:title="presentation: PeriodoDeReferenciaPrevidenciariaAxis to AteOPeriodoExercicioAtualMember" order="1.0"/>
    <link:loc xlink:type="locator" xlink:href="siconfi-rreo-anexo4rpps_2020-12-31.xsd#siconfi-rreo-anexo4rppsprevidenciario_ReceitasOrcamentariasFinanceiroAbstract" xlink:label="ReceitasOrcamentariasFinanceiroAbstract" xlink:title="ReceitasOrcamentariasFinanceiroAbstract"/>
    <link:presentationArc xlink:type="arc" xlink:arcrole="http://www.xbrl.org/2003/arcrole/parent-child" xlink:from="Anexo4Abstract" xlink:to="ReceitasOrcamentariasFinanceiroAbstract" xlink:title="presentation: Anexo4RPPSAbstract to ReceitasOrcamentariasFinanceiroAbstract" order="7.0"/>
    <link:loc xlink:type="locator" xlink:href="siconfi-rreo-anexo4rpps_2020-12-31.xsd#siconfi-rreo-anexo4rppsprevidenciario_ReceitasOrcamentariasFinanceiroLineItems" xlink:label="ReceitasOrcamentariasFinanceiroLineItems" xlink:title="ReceitasOrcamentariasLineItems"/>
    <link:presentationArc xlink:type="arc" xlink:arcrole="http://www.xbrl.org/2003/arcrole/parent-child" xlink:from="ReceitasOrcamentariasFinanceiroAbstract" xlink:to="ReceitasOrcamentariasFinanceiroLineItems" xlink:title="presentation: ReceitasOrcamentariasFinanceiroAbstract to ReceitasOrcamentariasFinanceiroLineItems" order="1.0"/>
    <link:loc xlink:type="locator" xlink:href="../../../cor/ic/siconfi-cor_2020-12-31.xsd#siconfi-cor_ReceitasCorrentesRPPSBrutasFinanceiro" xlink:label="ReceitasCorrentesRPPSBrutasFinanceiro" xlink:title="ReceitasCorrentesRPPSBrutasFinanceiro"/>
    <link:presentationArc xlink:type="arc" xlink:arcrole="http://www.xbrl.org/2003/arcrole/parent-child" xlink:from="ReceitasOrcamentariasFinanceiroLineItems" xlink:to="ReceitasCorrentesRPPSBrutasFinanceiro" xlink:title="presentation: ReceitasOrcamentariasFinanceiroLineItems to ReceitasCorrentesRPPSBrutasFinanceiro" order="1.0"/>
    <link:loc xlink:type="locator" xlink:href="../../../cor/ic/siconfi-cor_2020-12-31.xsd#siconfi-cor_ReceitaDeContribuicoesDosSeguradosBrutaFinanceiro" xlink:label="ReceitaDeContribuicoesDosSeguradosBrutaFinanceiro" xlink:title="ReceitaDeContribuicoesDosSeguradosBrutaFinanceiro"/>
    <link:presentationArc xlink:type="arc" xlink:arcrole="http://www.xbrl.org/2003/arcrole/parent-child" xlink:from="ReceitasCorrentesRPPSBrutasFinanceiro" xlink:to="ReceitaDeContribuicoesDosSeguradosBrutaFinanceiro" xlink:title="presentation: ReceitasCorrentesRPPSBrutasFinanceiro to ReceitaDeContribuicoesDosSeguradosBrutaFinanceiro" order="1.0"/>
    <link:loc xlink:type="locator" xlink:href="../../../cor/ic/siconfi-cor_2020-12-31.xsd#siconfi-cor_ReceitaDeContribuicoesDosSeguradosAtivoFinanceiro" xlink:label="ReceitaDeContribuicoesDosSeguradosAtivoFinanceiro" xlink:title="ReceitaDeContribuicoesDosSeguradosAtivoFinanceiro"/>
    <link:presentationArc xlink:type="arc" xlink:arcrole="http://www.xbrl.org/2003/arcrole/parent-child" xlink:from="ReceitaDeContribuicoesDosSeguradosBrutaFinanceiro" xlink:to="ReceitaDeContribuicoesDosSeguradosAtivoFinanceiro" xlink:title="presentation: ReceitaDeContribuicoesDosSeguradosBrutaFinanceiro to ReceitaDeContribuicoesDosSeguradosAtivoFinanceiro" order="1.0"/>
    <link:loc xlink:type="locator" xlink:href="../../../cor/ic/siconfi-cor_2020-12-31.xsd#siconfi-cor_ReceitaDeContribuicoesDosSeguradosInativoFinanceiro" xlink:label="ReceitaDeContribuicoesDosSeguradosInativoFinanceiro" xlink:title="ReceitaDeContribuicoesDosSeguradosInativoFinanceiro"/>
    <link:presentationArc xlink:type="arc" xlink:arcrole="http://www.xbrl.org/2003/arcrole/parent-child" xlink:from="ReceitaDeContribuicoesDosSeguradosBrutaFinanceiro" xlink:to="ReceitaDeContribuicoesDosSeguradosInativoFinanceiro" xlink:title="presentation: ReceitaDeContribuicoesDosSeguradosBrutaFinanceiro to ReceitaDeContribuicoesDosSeguradosInativoFinanceiro" order="2.0"/>
    <link:loc xlink:type="locator" xlink:href="../../../cor/ic/siconfi-cor_2020-12-31.xsd#siconfi-cor_ReceitaDeContribuicoesDosSeguradosPensionistaFinanceiro" xlink:label="ReceitaDeContribuicoesDosSeguradosPensionistaFinanceiro" xlink:title="ReceitaDeContribuicoesDosSeguradosPensionistaFinanceiro"/>
    <link:presentationArc xlink:type="arc" xlink:arcrole="http://www.xbrl.org/2003/arcrole/parent-child" xlink:from="ReceitaDeContribuicoesDosSeguradosBrutaFinanceiro" xlink:to="ReceitaDeContribuicoesDosSeguradosPensionistaFinanceiro" xlink:title="presentation: ReceitaDeContribuicoesDosSeguradosBrutaFinanceiro to ReceitaDeContribuicoesDosSeguradosPensionistaFinanceiro" order="3.0"/>
    <link:loc xlink:type="locator" xlink:href="../../../cor/ic/siconfi-cor_2020-12-31.xsd#siconfi-cor_ReceitaDeContribuicoesPatronalFinanceiro" xlink:label="ReceitaDeContribuicoesPatronalFinanceiro" xlink:title="ReceitaDeContribuicoesPatronalFinanceiro"/>
    <link:presentationArc xlink:type="arc" xlink:arcrole="http://www.xbrl.org/2003/arcrole/parent-child" xlink:from="ReceitasCorrentesRPPSBrutasFinanceiro" xlink:to="ReceitaDeContribuicoesPatronalFinanceiro" xlink:title="presentation: ReceitasCorrentesRPPSBrutasFinanceiro to ReceitaDeContribuicoesPatronalFinanceiro" order="2.0"/>
    <link:loc xlink:type="locator" xlink:href="../../../cor/ic/siconfi-cor_2020-12-31.xsd#siconfi-cor_ReceitaDeContribuicoesPatronalAtivoFinanceiro" xlink:label="ReceitaDeContribuicoesPatronalAtivoFinanceiro" xlink:title="ReceitaDeContribuicoesPatronalAtivoFinanceiro"/>
    <link:presentationArc xlink:type="arc" xlink:arcrole="http://www.xbrl.org/2003/arcrole/parent-child" xlink:from="ReceitaDeContribuicoesPatronalFinanceiro" xlink:to="ReceitaDeContribuicoesPatronalAtivoFinanceiro" xlink:title="presentation: ReceitaDeContribuicoesPatronalFinanceiro to ReceitaDeContribuicoesPatronalAtivoFinanceiro" order="1.0"/>
    <link:loc xlink:type="locator" xlink:href="../../../cor/ic/siconfi-cor_2020-12-31.xsd#siconfi-cor_ReceitaDeContribuicoesPatronalInativoFinanceiro" xlink:label="ReceitaDeContribuicoesPatronalInativoFinanceiro" xlink:title="ReceitaDeContribuicoesPatronalInativoFinanceiro"/>
    <link:presentationArc xlink:type="arc" xlink:arcrole="http://www.xbrl.org/2003/arcrole/parent-child" xlink:from="ReceitaDeContribuicoesPatronalFinanceiro" xlink:to="ReceitaDeContribuicoesPatronalInativoFinanceiro" xlink:title="presentation: ReceitaDeContribuicoesPatronalFinanceiro to ReceitaDeContribuicoesPatronalInativoFinanceiro" order="2.0"/>
    <link:loc xlink:type="locator" xlink:href="../../../cor/ic/siconfi-cor_2020-12-31.xsd#siconfi-cor_ReceitaDeContribuicoesPatronalPensionistaFinanceiro" xlink:label="ReceitaDeContribuicoesPatronalPensionistaFinanceiro" xlink:title="ReceitaDeContribuicoesPatronalPensionistaFinanceiro"/>
    <link:presentationArc xlink:type="arc" xlink:arcrole="http://www.xbrl.org/2003/arcrole/parent-child" xlink:from="ReceitaDeContribuicoesPatronalFinanceiro" xlink:to="ReceitaDeContribuicoesPatronalPensionistaFinanceiro" xlink:title="presentation: ReceitaDeContribuicoesPatronalFinanceiro to ReceitaDeContribuicoesPatronalPensionistaFinanceiro" order="3.0"/>
    <link:loc xlink:type="locator" xlink:href="../../../cor/ic/siconfi-cor_2020-12-31.xsd#siconfi-cor_ReceitaPatrimonialRPPSBrutaFinanceiro" xlink:label="ReceitaPatrimonialRPPSBrutaFinanceiro" xlink:title="ReceitaPatrimonialRPPSBrutaFinanceiro"/>
    <link:presentationArc xlink:type="arc" xlink:arcrole="http://www.xbrl.org/2003/arcrole/parent-child" xlink:from="ReceitasCorrentesRPPSBrutasFinanceiro" xlink:to="ReceitaPatrimonialRPPSBrutaFinanceiro" xlink:title="presentation: ReceitasCorrentesRPPSBrutasFinanceiro to ReceitaPatrimonialRPPSBrutaFinanceiro" order="3.0"/>
    <link:loc xlink:type="locator" xlink:href="../../../cor/ic/siconfi-cor_2020-12-31.xsd#siconfi-cor_ReceitasImobiliariasPrevidenciariasBrutasFinanceiro" xlink:label="ReceitasImobiliariasPrevidenciariasBrutasFinanceiro" xlink:title="ReceitasImobiliariasPrevidenciariasBrutasFinanceiro"/>
    <link:presentationArc xlink:type="arc" xlink:arcrole="http://www.xbrl.org/2003/arcrole/parent-child" xlink:from="ReceitaPatrimonialRPPSBrutaFinanceiro" xlink:to="ReceitasImobiliariasPrevidenciariasBrutasFinanceiro" xlink:title="presentation: ReceitaPatrimonialRPPSBrutaFinanceiro to ReceitasImobiliariasPrevidenciariasBrutasFinanceiro" order="1.0"/>
    <link:loc xlink:type="locator" xlink:href="../../../cor/ic/siconfi-cor_2020-12-31.xsd#siconfi-cor_ReceitasDeValoresMobiliariosPrevidenciariasBrutasFinanceiro" xlink:label="ReceitasDeValoresMobiliariosPrevidenciariasBrutasFinanceiro" xlink:title="ReceitasDeValoresMobiliariosPrevidenciariasBrutasFinanceiro"/>
    <link:presentationArc xlink:type="arc" xlink:arcrole="http://www.xbrl.org/2003/arcrole/parent-child" xlink:from="ReceitaPatrimonialRPPSBrutaFinanceiro" xlink:to="ReceitasDeValoresMobiliariosPrevidenciariasBrutasFinanceiro" xlink:title="presentation: ReceitaPatrimonialRPPSBrutaFinanceiro to ReceitasDeValoresMobiliariosPrevidenciariasBrutasFinanceiro" order="2.0"/>
    <link:loc xlink:type="locator" xlink:href="../../../cor/ic/siconfi-cor_2020-12-31.xsd#siconfi-cor_OutrasReceitasPatrimoniaisPrevidenciariasBrutasFinanceiro" xlink:label="OutrasReceitasPatrimoniaisPrevidenciariasBrutasFinanceiro" xlink:title="OutrasReceitasPatrimoniaisPrevidenciariasBrutasFinanceiro"/>
    <link:presentationArc xlink:type="arc" xlink:arcrole="http://www.xbrl.org/2003/arcrole/parent-child" xlink:from="ReceitaPatrimonialRPPSBrutaFinanceiro" xlink:to="OutrasReceitasPatrimoniaisPrevidenciariasBrutasFinanceiro" xlink:title="presentation: ReceitaPatrimonialRPPSBrutaFinanceiro to OutrasReceitasPatrimoniaisPrevidenciariasBrutasFinanceiro" order="3.0"/>
    <link:loc xlink:type="locator" xlink:href="../../../cor/ic/siconfi-cor_2020-12-31.xsd#siconfi-cor_ReceitaDeServicosPrevidenciariaBrutaFinanceiro" xlink:label="ReceitaDeServicosPrevidenciariaBrutaFinanceiro" xlink:title="ReceitaDeServicosPrevidenciariaBrutaFinanceiro"/>
    <link:presentationArc xlink:type="arc" xlink:arcrole="http://www.xbrl.org/2003/arcrole/parent-child" xlink:from="ReceitasCorrentesRPPSBrutasFinanceiro" xlink:to="ReceitaDeServicosPrevidenciariaBrutaFinanceiro" xlink:title="presentation: ReceitasCorrentesRPPSBrutasFinanceiro to ReceitaDeServicosPrevidenciariaBrutaFinanceiro" order="4.0"/>
    <link:loc xlink:type="locator" xlink:href="../../../cor/ic/siconfi-cor_2020-12-31.xsd#siconfi-cor_OutrasReceitasCorrentesRPPSBrutasFinanceiro" xlink:label="OutrasReceitasCorrentesRPPSBrutasFinanceiro" xlink:title="OutrasReceitasCorrentesRPPSBrutasFinanceiro"/>
    <link:presentationArc xlink:type="arc" xlink:arcrole="http://www.xbrl.org/2003/arcrole/parent-child" xlink:from="ReceitasCorrentesRPPSBrutasFinanceiro" xlink:to="OutrasReceitasCorrentesRPPSBrutasFinanceiro" xlink:title="presentation: ReceitasCorrentesRPPSBrutasFinanceiro to OutrasReceitasCorrentesRPPSBrutasFinanceiro" order="5.0"/>
    <link:loc xlink:type="locator" xlink:href="../../../cor/ic/siconfi-cor_2020-12-31.xsd#siconfi-cor_ReceitasCompensacaoPrevidenciariaEntreOsRegimes" xlink:label="ReceitasCompensacaoPrevidenciariaEntreOsRegimes" xlink:title="ReceitasCompensacaoPrevidenciariaEntreOsRegimes"/>
    <link:presentationArc xlink:type="arc" xlink:arcrole="http://www.xbrl.org/2003/arcrole/parent-child" xlink:from="OutrasReceitasCorrentesRPPSBrutasFinanceiro" xlink:to="ReceitasCompensacaoPrevidenciariaEntreOsRegimes" xlink:title="presentation: OutrasReceitasCorrentesRPPSBrutasFinanceiro to ReceitasCompensacaoPrevidenciariaEntreOsRegimes" order="1.0"/>
    <link:loc xlink:type="locator" xlink:href="../../../cor/ic/siconfi-cor_2020-12-31.xsd#siconfi-cor_DemaisReceitasCorrentesRPPSBrutasFinanceiro" xlink:label="DemaisReceitasCorrentesRPPSBrutasFinanceiro" xlink:title="DemaisReceitasCorrentesRPPSBrutasFinanceiro"/>
    <link:presentationArc xlink:type="arc" xlink:arcrole="http://www.xbrl.org/2003/arcrole/parent-child" xlink:from="OutrasReceitasCorrentesRPPSBrutasFinanceiro" xlink:to="DemaisReceitasCorrentesRPPSBrutasFinanceiro" xlink:title="presentation: OutrasReceitasCorrentesRPPSBrutasFinanceiro to DemaisReceitasCorrentesRPPSBrutasFinanceiro" order="2.0"/>
    <link:loc xlink:type="locator" xlink:href="../../../cor/ic/siconfi-cor_2020-12-31.xsd#siconfi-cor_ReceitasDeCapitalRPPSBrutasFinanceiro" xlink:label="ReceitasDeCapitalRPPSBrutasFinanceiro" xlink:title="ReceitasDeCapitalRPPSBrutasFinanceiro"/>
    <link:presentationArc xlink:type="arc" xlink:arcrole="http://www.xbrl.org/2003/arcrole/parent-child" xlink:from="ReceitasOrcamentariasFinanceiroLineItems" xlink:to="ReceitasDeCapitalRPPSBrutasFinanceiro" xlink:title="presentation: ReceitasOrcamentariasFinanceiroLineItems to ReceitasDeCapitalRPPSBrutasFinanceiro" order="2.0"/>
    <link:loc xlink:type="locator" xlink:href="../../../cor/ic/siconfi-cor_2020-12-31.xsd#siconfi-cor_AlienacaoDeBensDireitosEAtivosRPPSBrutaFinanceiro" xlink:label="AlienacaoDeBensDireitosEAtivosRPPSBrutaFinanceiro" xlink:title="AlienacaoDeBensDireitosEAtivosRPPSBrutaFinanceiro"/>
    <link:presentationArc xlink:type="arc" xlink:arcrole="http://www.xbrl.org/2003/arcrole/parent-child" xlink:from="ReceitasDeCapitalRPPSBrutasFinanceiro" xlink:to="AlienacaoDeBensDireitosEAtivosRPPSBrutaFinanceiro" xlink:title="presentation: ReceitasDeCapitalRPPSBrutasFinanceiro to AlienacaoDeBensDireitosEAtivosRPPSBrutaFinanceiro" order="1.0"/>
    <link:loc xlink:type="locator" xlink:href="../../../cor/ic/siconfi-cor_2020-12-31.xsd#siconfi-cor_AmortizacaoDeEmprestimosPrevidenciariaBrutaFinanceiro" xlink:label="AmortizacaoDeEmprestimosPrevidenciariaBrutaFinanceiro" xlink:title="AmortizacaoDeEmprestimosPrevidenciariaBrutaFinanceiro"/>
    <link:presentationArc xlink:type="arc" xlink:arcrole="http://www.xbrl.org/2003/arcrole/parent-child" xlink:from="ReceitasDeCapitalRPPSBrutasFinanceiro" xlink:to="AmortizacaoDeEmprestimosPrevidenciariaBrutaFinanceiro" xlink:title="presentation: ReceitasDeCapitalRPPSBrutasFinanceiro to AmortizacaoDeEmprestimosPrevidenciariaBrutaFinanceiro" order="2.0"/>
    <link:loc xlink:type="locator" xlink:href="../../../cor/ic/siconfi-cor_2020-12-31.xsd#siconfi-cor_OutrasReceitasDeCapitalRPPSBrutasFinanceiro" xlink:label="OutrasReceitasDeCapitalRPPSBrutasFinanceiro" xlink:title="OutrasReceitasDeCapitalRPPSBrutasFinanceiro"/>
    <link:presentationArc xlink:type="arc" xlink:arcrole="http://www.xbrl.org/2003/arcrole/parent-child" xlink:from="ReceitasDeCapitalRPPSBrutasFinanceiro" xlink:to="OutrasReceitasDeCapitalRPPSBrutasFinanceiro" xlink:title="presentation: ReceitasDeCapitalRPPSBrutasFinanceiro to OutrasReceitasDeCapitalRPPSBrutasFinanceiro" order="3.0"/>
    <link:loc xlink:type="locator" xlink:href="../../../cor/ic/siconfi-cor_2020-12-31.xsd#siconfi-cor_TotalReceitasRPPSFinanceiro" xlink:label="TotalReceitasRPPSFinanceiro" xlink:title="TotalReceitasRPPSFinanceiro"/>
    <link:presentationArc xlink:type="arc" xlink:arcrole="http://www.xbrl.org/2003/arcrole/parent-child" xlink:from="ReceitasOrcamentariasFinanceiroLineItems" xlink:to="TotalReceitasRPPSFinanceiro" xlink:title="presentation: ReceitasOrcamentariasFinanceiroLineItems to TotalReceitasRPPSFinanceiro" order="3.0"/>
    <link:presentationArc xlink:type="arc" xlink:arcrole="http://www.xbrl.org/2003/arcrole/parent-child" xlink:from="ReceitasOrcamentariasFinanceiroAbstract" xlink:to="ReceitasOrcamentariasPrevidenciarioTable" xlink:title="presentation: ReceitasOrcamentariasFinanceiroAbstract to ReceitasOrcamentariasPrevidenciarioTable" order="2.0" xbrldt:contextElement="segment" xbrldt:closed="true"/>
    <link:loc xlink:type="locator" xlink:href="siconfi-rreo-anexo4rpps_2020-12-31.xsd#siconfi-rreo-anexo4rppsprevidenciario_DespesasOrcamentariasFinanceiroAbstract" xlink:label="DespesasOrcamentariasFinanceiroAbstract" xlink:title="DespesasOrcamentariasFinanceiroAbstract"/>
    <link:presentationArc xlink:type="arc" xlink:arcrole="http://www.xbrl.org/2003/arcrole/parent-child" xlink:from="Anexo4Abstract" xlink:to="DespesasOrcamentariasFinanceiroAbstract" xlink:title="presentation: Anexo4RPPSAbstract to DespesasOrcamentariasFinanceiroAbstract" order="8.0"/>
    <link:loc xlink:type="locator" xlink:href="siconfi-rreo-anexo4rpps_2020-12-31.xsd#siconfi-rreo-anexo4rppsprevidenciario_DespesasOrcamentariasFinanceiroLineItems" xlink:label="DespesasOrcamentariasFinanceiroLineItems" xlink:title="DespesasOrcamentariasLineItems"/>
    <link:presentationArc xlink:type="arc" xlink:arcrole="http://www.xbrl.org/2003/arcrole/parent-child" xlink:from="DespesasOrcamentariasFinanceiroAbstract" xlink:to="DespesasOrcamentariasFinanceiroLineItems" xlink:title="presentation: DespesasOrcamentariasFinanceiroAbstract to DespesasOrcamentariasFinanceiroLineItems" order="1.0"/>
    <link:loc xlink:type="locator" xlink:href="../../../cor/ic/siconfi-cor_2020-12-31.xsd#siconfi-cor_DespesasPrevidenciariasExcetoIntraOrcamentariasBeneficiosFinanceiro" xlink:label="DespesasPrevidenciariasExcetoIntraOrcamentariasBeneficiosFinanceiro" xlink:title="DespesasPrevidenciariasExcetoIntraOrcamentariasBeneficiosFinanceiro"/>
    <link:presentationArc xlink:type="arc" xlink:arcrole="http://www.xbrl.org/2003/arcrole/parent-child" xlink:from="DespesasOrcamentariasFinanceiroLineItems" xlink:to="DespesasPrevidenciariasExcetoIntraOrcamentariasBeneficiosFinanceiro" xlink:title="presentation: DespesasOrcamentariasFinanceiroLineItems to DespesasPrevidenciariasExcetoIntraOrcamentariasBeneficiosFinanceiro" order="1.0"/>
    <link:loc xlink:type="locator" xlink:href="../../../cor/ic/siconfi-cor_2020-12-31.xsd#siconfi-cor_DespesasPrevidenciariasExcetoIntraOrcamentariasAposentadoriasFinanceiro" xlink:label="DespesasPrevidenciariasExcetoIntraOrcamentariasAposentadoriasFinanceiro" xlink:title="DespesasPrevidenciariasExcetoIntraOrcamentariasAposentadoriasFinanceiro"/>
    <link:presentationArc xlink:type="arc" xlink:arcrole="http://www.xbrl.org/2003/arcrole/parent-child" xlink:from="DespesasPrevidenciariasExcetoIntraOrcamentariasBeneficiosFinanceiro" xlink:to="DespesasPrevidenciariasExcetoIntraOrcamentariasAposentadoriasFinanceiro" xlink:title="presentation: DespesasPrevidenciariasExcetoIntraOrcamentariasBeneficiosFinanceiro to DespesasPrevidenciariasExcetoIntraOrcamentariasAposentadoriasFinanceiro" order="1.0"/>
    <link:loc xlink:type="locator" xlink:href="../../../cor/ic/siconfi-cor_2020-12-31.xsd#siconfi-cor_DespesasExcetoIntraOrcamentariasPessoalCivilPensoesRPPSFinanceiro" xlink:label="DespesasExcetoIntraOrcamentariasPessoalCivilPensoesRPPSFinanceiro" xlink:title="DespesasExcetoIntraOrcamentariasPessoalCivilPensoesRPPSFinanceiro"/>
    <link:presentationArc xlink:type="arc" xlink:arcrole="http://www.xbrl.org/2003/arcrole/parent-child" xlink:from="DespesasPrevidenciariasExcetoIntraOrcamentariasBeneficiosFinanceiro" xlink:to="DespesasExcetoIntraOrcamentariasPessoalCivilPensoesRPPSFinanceiro" xlink:title="presentation: DespesasPrevidenciariasExcetoIntraOrcamentariasBeneficiosFinanceiro to DespesasExcetoIntraOrcamentariasPessoalCivilPensoesRPPSFinanceiro" order="2.0"/>
    <link:loc xlink:type="locator" xlink:href="../../../cor/ic/siconfi-cor_2020-12-31.xsd#siconfi-cor_DespesasExcetoIntraOrcamentariasOutrasDepesasRPPSFinanceiro" xlink:label="DespesasExcetoIntraOrcamentariasOutrasDepesasRPPSFinanceiro" xlink:title="DespesasExcetoIntraOrcamentariasOutrasDepesasRPPSFinanceiro"/>
    <link:presentationArc xlink:type="arc" xlink:arcrole="http://www.xbrl.org/2003/arcrole/parent-child" xlink:from="DespesasOrcamentariasFinanceiroLineItems" xlink:to="DespesasExcetoIntraOrcamentariasOutrasDepesasRPPSFinanceiro" xlink:title="presentation: DespesasOrcamentariasFinanceiroLineItems to DespesasExcetoIntraOrcamentariasOutrasDepesasRPPSFinanceiro" order="2.0"/>
    <link:loc xlink:type="locator" xlink:href="../../../cor/ic/siconfi-cor_2020-12-31.xsd#siconfi-cor_DespesasCompensacaoPrevidenciariaEntreOsRegimes" xlink:label="DespesasCompensacaoPrevidenciariaEntreOsRegimes" xlink:title="DespesasCompensacaoPrevidenciariaEntreOsRegimes"/>
    <link:presentationArc xlink:type="arc" xlink:arcrole="http://www.xbrl.org/2003/arcrole/parent-child" xlink:from="DespesasExcetoIntraOrcamentariasOutrasDepesasRPPSFinanceiro" xlink:to="DespesasCompensacaoPrevidenciariaEntreOsRegimes" xlink:title="presentation: DespesasExcetoIntraOrcamentariasOutrasDepesasRPPSFinanceiro to DespesasCompensacaoPrevidenciariaEntreOsRegimes" order="1.0"/>
    <link:loc xlink:type="locator" xlink:href="../../../cor/ic/siconfi-cor_2020-12-31.xsd#siconfi-cor_DespesasExcetoIntraOrcamentariasDemaisDespesasRPPSFinanceiro" xlink:label="DespesasExcetoIntraOrcamentariasDemaisDespesasRPPSFinanceiro" xlink:title="DespesasExcetoIntraOrcamentariasDemaisDespesasRPPSFinanceiro"/>
    <link:presentationArc xlink:type="arc" xlink:arcrole="http://www.xbrl.org/2003/arcrole/parent-child" xlink:from="DespesasExcetoIntraOrcamentariasOutrasDepesasRPPSFinanceiro" xlink:to="DespesasExcetoIntraOrcamentariasDemaisDespesasRPPSFinanceiro" xlink:title="presentation: DespesasExcetoIntraOrcamentariasOutrasDepesasRPPSFinanceiro to DespesasExcetoIntraOrcamentariasDemaisDespesasRPPSFinanceiro" order="2.0"/>
    <link:loc xlink:type="locator" xlink:href="../../../cor/ic/siconfi-cor_2020-12-31.xsd#siconfi-cor_TotalDasDespesasRPPSFinanceiro" xlink:label="TotalDasDespesasRPPSFinanceiro" xlink:title="TotalDasDespesasRPPSFinanceiro"/>
    <link:presentationArc xlink:type="arc" xlink:arcrole="http://www.xbrl.org/2003/arcrole/parent-child" xlink:from="DespesasOrcamentariasFinanceiroLineItems" xlink:to="TotalDasDespesasRPPSFinanceiro" xlink:title="presentation: DespesasOrcamentariasFinanceiroLineItems to TotalDasDespesasRPPSFinanceiro" order="3.0"/>
    <link:loc xlink:type="locator" xlink:href="../../../cor/ic/siconfi-cor_2020-12-31.xsd#siconfi-cor_RREO4ResultadoRPPSFinanceiro" xlink:label="RREO4ResultadoRPPSFinanceiro" xlink:title="RREO4ResultadoRPPSFinanceiro"/>
    <link:presentationArc xlink:type="arc" xlink:arcrole="http://www.xbrl.org/2003/arcrole/parent-child" xlink:from="DespesasOrcamentariasFinanceiroLineItems" xlink:to="RREO4ResultadoRPPSFinanceiro" xlink:title="presentation: DespesasOrcamentariasFinanceiroLineItems to RREO4ResultadoRPPSFinanceiro" order="4.0"/>
    <link:loc xlink:type="locator" xlink:href="siconfi-rreo-anexo4rpps_2020-12-31.xsd#siconfi-rreo-anexo4rppsprevidenciario_DespesasOrcamentariasPrevidenciarioTable" xlink:label="DespesasOrcamentariasPrevidenciarioTable" xlink:title="DespesasOrcamentariasTable"/>
    <link:presentationArc xlink:type="arc" xlink:arcrole="http://www.xbrl.org/2003/arcrole/parent-child" xlink:from="DespesasOrcamentariasFinanceiroAbstract" xlink:to="DespesasOrcamentariasPrevidenciarioTable" xlink:title="presentation: DespesasOrcamentariasFinanceiroAbstract to DespesasOrcamentariasPrevidenciarioTable" order="2.0" xbrldt:contextElement="segment" xbrldt:closed="true"/>
    <link:loc xlink:type="locator" xlink:href="../../../cor/dim/siconfi-dim_2020-12-31.xsd#siconfi-dim_ExecucaoDaDespesaPrevidenciariaAxis" xlink:label="ExecucaoDaDespesaPrevidenciariaAxis" xlink:title="ExecucaoDaDespesaPrevidenciariaAxis"/>
    <link:presentationArc xlink:type="arc" xlink:arcrole="http://www.xbrl.org/2003/arcrole/parent-child" xlink:from="DespesasOrcamentariasPrevidenciarioTable" xlink:to="ExecucaoDaDespesaPrevidenciariaAxis" xlink:title="presentation: DespesasOrcamentariasPrevidenciarioTable to ExecucaoDaDespesaPrevidenciariaAxis" order="1.0"/>
    <link:loc xlink:type="locator" xlink:href="../../../cor/dim/siconfi-dim_2020-12-31.xsd#siconfi-dim_DotacaoAtualizadaMember" xlink:label="DotacaoAtualizadaMember" xlink:title="DotacaoAtualizadaMember"/>
    <link:presentationArc xlink:type="arc" xlink:arcrole="http://www.xbrl.org/2003/arcrole/parent-child" xlink:from="ExecucaoDaDespesaPrevidenciariaAxis" xlink:to="DotacaoAtualizadaMember" xlink:title="presentation: ExecucaoDaDespesaPrevidenciariaAxis to DotacaoAtualizadaMember" order="1.0"/>
    <link:loc xlink:type="locator" xlink:href="../../../cor/dim/siconfi-dim_2020-12-31.xsd#siconfi-dim_DespesasEmpenhadasAteOBimestreMember" xlink:label="DespesasEmpenhadasAteOBimestreMember" xlink:title="DespesasEmpenhadasAteOBimestreMember"/>
    <link:presentationArc xlink:type="arc" xlink:arcrole="http://www.xbrl.org/2003/arcrole/parent-child" xlink:from="ExecucaoDaDespesaPrevidenciariaAxis" xlink:to="DespesasEmpenhadasAteOBimestreMember" xlink:title="presentation: ExecucaoDaDespesaPrevidenciariaAxis to DespesasEmpenhadasAteOBimestreMember" order="2.0"/>
    <link:loc xlink:type="locator" xlink:href="../../../cor/dim/siconfi-dim_2020-12-31.xsd#siconfi-dim_DespesasLiquidadasAteOBimestreMember" xlink:label="DespesasLiquidadasAteOBimestreMember" xlink:title="DespesasLiquidadasAteOBimestreMember"/>
    <link:presentationArc xlink:type="arc" xlink:arcrole="http://www.xbrl.org/2003/arcrole/parent-child" xlink:from="ExecucaoDaDespesaPrevidenciariaAxis" xlink:to="DespesasLiquidadasAteOBimestreMember" xlink:title="presentation: ExecucaoDaDespesaPrevidenciariaAxis to DespesasLiquidadasAteOBimestreMember" order="3.0"/>
    <link:loc xlink:type="locator" xlink:href="../../../cor/dim/siconfi-dim_2020-12-31.xsd#siconfi-dim_DespesasPagasAteOBimestreMember" xlink:label="DespesasPagasAteOBimestreMember" xlink:title="DespesasPagasAteOBimestreMember"/>
    <link:presentationArc xlink:type="arc" xlink:arcrole="http://www.xbrl.org/2003/arcrole/parent-child" xlink:from="ExecucaoDaDespesaPrevidenciariaAxis" xlink:to="DespesasPagasAteOBimestreMember" xlink:title="presentation: ExecucaoDaDespesaPrevidenciariaAxis to DespesasPagasAteOBimestreMember" order="4.0"/>
    <link:loc xlink:type="locator" xlink:href="../../../cor/dim/siconfi-dim_2020-12-31.xsd#siconfi-dim_DespesasInscritasEmRestosPagarNaoProcessadosExercicioAtualMember" xlink:label="DespesasInscritasEmRestosPagarNaoProcessadosExercicioAtualMember" xlink:title="DespesasInscritasEmRestosPagarNaoProcessadosExercicioAtualMember"/>
    <link:presentationArc xlink:type="arc" xlink:arcrole="http://www.xbrl.org/2003/arcrole/parent-child" xlink:from="ExecucaoDaDespesaPrevidenciariaAxis" xlink:to="DespesasInscritasEmRestosPagarNaoProcessadosExercicioAtualMember" xlink:title="presentation: ExecucaoDaDespesaPrevidenciariaAxis to DespesasInscritasEmRestosPagarNaoProcessadosExercicioAtualMember" order="5.0"/>
    <link:loc xlink:type="locator" xlink:href="siconfi-rreo-anexo4rpps_2020-12-31.xsd#siconfi-rreo-anexo4rppsprevidenciario_AportesDeRecursosFinanceiroAbstract" xlink:label="AportesDeRecursosFinanceiroAbstract" xlink:title="AportesDeRecursosFinanceiroAbstract"/>
    <link:presentationArc xlink:type="arc" xlink:arcrole="http://www.xbrl.org/2003/arcrole/parent-child" xlink:from="Anexo4Abstract" xlink:to="AportesDeRecursosFinanceiroAbstract" xlink:title="presentation: Anexo4RPPSAbstract to AportesDeRecursosFinanceiroAbstract" order="9.0"/>
    <link:loc xlink:type="locator" xlink:href="siconfi-rreo-anexo4rpps_2020-12-31.xsd#siconfi-rreo-anexo4rppsprevidenciario_AportesDeRecursosFinanceiroLineItems" xlink:label="AportesDeRecursosFinanceiroLineItems" xlink:title="AportesDeRecursosLineItems"/>
    <link:presentationArc xlink:type="arc" xlink:arcrole="http://www.xbrl.org/2003/arcrole/parent-child" xlink:from="AportesDeRecursosFinanceiroAbstract" xlink:to="AportesDeRecursosFinanceiroLineItems" xlink:title="presentation: AportesDeRecursosFinanceiroAbstract to AportesDeRecursosFinanceiroLineItems" order="1.0"/>
    <link:loc xlink:type="locator" xlink:href="../../../cor/ic/siconfi-cor_2020-12-31.xsd#siconfi-cor_AportesParaAPrevidenciaPlanoFinanceiroInsuficienciaFinanceira" xlink:label="AportesParaAPrevidenciaPlanoFinanceiroInsuficienciaFinanceira" xlink:title="AportesParaAPrevidenciaPlanoFinanceiroInsuficienciaFinanceira"/>
    <link:presentationArc xlink:type="arc" xlink:arcrole="http://www.xbrl.org/2003/arcrole/parent-child" xlink:from="AportesDeRecursosFinanceiroLineItems" xlink:to="AportesParaAPrevidenciaPlanoFinanceiroInsuficienciaFinanceira" xlink:title="presentation: AportesDeRecursosFinanceiroLineItems to AportesParaAPrevidenciaPlanoFinanceiroInsuficienciaFinanceira" order="1.0"/>
    <link:loc xlink:type="locator" xlink:href="../../../cor/ic/siconfi-cor_2020-12-31.xsd#siconfi-cor_AportesParaAPrevidenciaPlanoFinanceiroFormacaoDeReserva" xlink:label="AportesParaAPrevidenciaPlanoFinanceiroFormacaoDeReserva" xlink:title="AportesParaAPrevidenciaPlanoFinanceiroFormacaoDeReserva"/>
    <link:presentationArc xlink:type="arc" xlink:arcrole="http://www.xbrl.org/2003/arcrole/parent-child" xlink:from="AportesDeRecursosFinanceiroLineItems" xlink:to="AportesParaAPrevidenciaPlanoFinanceiroFormacaoDeReserva" xlink:title="presentation: AportesDeRecursosFinanceiroLineItems to AportesParaAPrevidenciaPlanoFinanceiroFormacaoDeReserva" order="2.0"/>
    <link:loc xlink:type="locator" xlink:href="siconfi-rreo-anexo4rpps_2020-12-31.xsd#siconfi-rreo-anexo4rpps_AportesRealizadosFinanceiroTable" xlink:label="AportesRealizadosFinanceiroTable" xlink:title="AportesRealizadosFinanceiroTable"/>
    <link:presentationArc xlink:type="arc" xlink:arcrole="http://www.xbrl.org/2003/arcrole/parent-child" xlink:from="AportesDeRecursosFinanceiroAbstract" xlink:to="AportesRealizadosFinanceiroTable" xlink:title="presentation: AportesDeRecursosFinanceiroAbstract to AportesRealizadosFinanceiroTable" order="2.0" xbrldt:contextElement="segment" xbrldt:closed="true"/>
    <link:loc xlink:type="locator" xlink:href="../../../cor/dim/siconfi-dim_2020-12-31.xsd#siconfi-dim_AportesDeRecursosFinanceiroAxis" xlink:label="AportesDeRecursosFinanceiroAxis" xlink:title="AportesDeRecursosFinanceiroAxis"/>
    <link:presentationArc xlink:type="arc" xlink:arcrole="http://www.xbrl.org/2003/arcrole/parent-child" xlink:from="AportesRealizadosFinanceiroTable" xlink:to="AportesDeRecursosFinanceiroAxis" xlink:title="presentation: AportesRealizadosFinanceiroTable to AportesDeRecursosFinanceiroAxis" order="1.0"/>
    <link:presentationArc xlink:type="arc" xlink:arcrole="http://www.xbrl.org/2003/arcrole/parent-child" xlink:from="AportesDeRecursosFinanceiroAxis" xlink:to="AportesRealizadosMember" xlink:title="presentation: AportesDeRecursosFinanceiroAxis to AportesRealizadosMember" order="1.0"/>
    <link:loc xlink:type="locator" xlink:href="siconfi-rreo-anexo4rpps_2020-12-31.xsd#siconfi-rreo-anexo4rpps_ReceitasDaAdministracaoAbstract" xlink:label="ReceitasDaAdministracaoAbstract" xlink:title="ReceitasDaAdministracaoAbstract"/>
    <link:presentationArc xlink:type="arc" xlink:arcrole="http://www.xbrl.org/2003/arcrole/parent-child" xlink:from="Anexo4Abstract" xlink:to="ReceitasDaAdministracaoAbstract" xlink:title="presentation: Anexo4RPPSAbstract to ReceitasDaAdministracaoAbstract" order="10.0"/>
    <link:loc xlink:type="locator" xlink:href="siconfi-rreo-anexo4rpps_2020-12-31.xsd#siconfi-rreo-anexo4rpps_ReceitasDaAdministracaoLineItems" xlink:label="ReceitasDaAdministracaoLineItems" xlink:title="ReceitasDaAdministracaoLineItems"/>
    <link:presentationArc xlink:type="arc" xlink:arcrole="http://www.xbrl.org/2003/arcrole/parent-child" xlink:from="ReceitasDaAdministracaoAbstract" xlink:to="ReceitasDaAdministracaoLineItems" xlink:title="presentation: ReceitasDaAdministracaoAbstract to ReceitasDaAdministracaoLineItems" order="1.0"/>
    <link:loc xlink:type="locator" xlink:href="../../../cor/ic/siconfi-cor_2020-12-31.xsd#siconfi-cor_ReceitasCorrentesDaAdministracaoRPPS" xlink:label="ReceitasCorrentesDaAdministracaoRPPS" xlink:title="ReceitasCorrentesDaAdministracaoRPPS"/>
    <link:presentationArc xlink:type="arc" xlink:arcrole="http://www.xbrl.org/2003/arcrole/parent-child" xlink:from="ReceitasDaAdministracaoLineItems" xlink:to="ReceitasCorrentesDaAdministracaoRPPS" xlink:title="presentation: ReceitasDaAdministracaoLineItems to ReceitasCorrentesDaAdministracaoRPPS" order="1.0"/>
    <link:loc xlink:type="locator" xlink:href="../../../cor/ic/siconfi-cor_2020-12-31.xsd#siconfi-cor_TotalDasReceitasDaAdministracaoRPPS" xlink:label="TotalDasReceitasDaAdministracaoRPPS" xlink:title="TotalDasReceitasDaAdministracaoRPPS"/>
    <link:presentationArc xlink:type="arc" xlink:arcrole="http://www.xbrl.org/2003/arcrole/parent-child" xlink:from="ReceitasDaAdministracaoLineItems" xlink:to="TotalDasReceitasDaAdministracaoRPPS" xlink:title="presentation: ReceitasDaAdministracaoLineItems to TotalDasReceitasDaAdministracaoRPPS" order="2.0"/>
    <link:loc xlink:type="locator" xlink:href="siconfi-rreo-anexo4rpps_2020-12-31.xsd#siconfi-rreo-anexo4rpps_ReceitasDaAdministracaoRPPSTable" xlink:label="ReceitasDaAdministracaoRPPSTable" xlink:title="ReceitasDaAdministracaoRPPSTable"/>
    <link:presentationArc xlink:type="arc" xlink:arcrole="http://www.xbrl.org/2003/arcrole/parent-child" xlink:from="ReceitasDaAdministracaoAbstract" xlink:to="ReceitasDaAdministracaoRPPSTable" xlink:title="presentation: ReceitasDaAdministracaoAbstract to ReceitasDaAdministracaoRPPSTable" order="2.0" xbrldt:contextElement="segment" xbrldt:closed="true"/>
    <link:loc xlink:type="locator" xlink:href="../../../cor/dim/siconfi-dim_2020-12-31.xsd#siconfi-dim_ExecucaoDaReceitaAxis" xlink:label="ExecucaoDaReceitaAxis" xlink:title="ExecucaoDaReceitaAxis"/>
    <link:presentationArc xlink:type="arc" xlink:arcrole="http://www.xbrl.org/2003/arcrole/parent-child" xlink:from="ReceitasDaAdministracaoRPPSTable" xlink:to="ExecucaoDaReceitaAxis" xlink:title="presentation: ReceitasDaAdministracaoRPPSTable to ExecucaoDaReceitaAxis" order="1.0"/>
    <link:presentationArc xlink:type="arc" xlink:arcrole="http://www.xbrl.org/2003/arcrole/parent-child" xlink:from="ExecucaoDaReceitaAxis" xlink:to="PrevisaoAtualizadaMember" xlink:title="presentation: ExecucaoDaReceitaAxis to PrevisaoAtualizadaMember" order="1.0"/>
    <link:presentationArc xlink:type="arc" xlink:arcrole="http://www.xbrl.org/2003/arcrole/parent-child" xlink:from="ExecucaoDaReceitaAxis" xlink:to="ReceitasRealizadasAteOBimestreMember" xlink:title="presentation: ExecucaoDaReceitaAxis to ReceitasRealizadasAteOBimestreMember" order="2.0"/>
    <link:loc xlink:type="locator" xlink:href="siconfi-rreo-anexo4rpps_2020-12-31.xsd#siconfi-rreo-anexo4rpps_ReceitasPrevidenciariasBeneficiosMantidosPeloTesouroAbstract" xlink:label="ReceitasPrevidenciariasBeneficiosMantidosPeloTesouroAbstract" xlink:title="ReceitasPrevidenciariasBeneficiosMantidosPeloTesouroAbstract"/>
    <link:presentationArc xlink:type="arc" xlink:arcrole="http://www.xbrl.org/2003/arcrole/parent-child" xlink:from="Anexo4Abstract" xlink:to="ReceitasPrevidenciariasBeneficiosMantidosPeloTesouroAbstract" xlink:title="presentation: Anexo4RPPSAbstract to ReceitasPrevidenciariasBeneficiosMantidosPeloTesouroAbstract" order="12.0"/>
    <link:loc xlink:type="locator" xlink:href="siconfi-rreo-anexo4rpps_2020-12-31.xsd#siconfi-rreo-anexo4rpps_ReceitasPrevidenciariasBeneficiosMantidosPeloTesouroLineItems" xlink:label="ReceitasPrevidenciariasBeneficiosMantidosPeloTesouroLineItems" xlink:title="ReceitasPrevidenciariasBeneficiosMantidosPeloTesouroLineItems"/>
    <link:presentationArc xlink:type="arc" xlink:arcrole="http://www.xbrl.org/2003/arcrole/parent-child" xlink:from="ReceitasPrevidenciariasBeneficiosMantidosPeloTesouroAbstract" xlink:to="ReceitasPrevidenciariasBeneficiosMantidosPeloTesouroLineItems" xlink:title="presentation: ReceitasPrevidenciariasBeneficiosMantidosPeloTesouroAbstract to ReceitasPrevidenciariasBeneficiosMantidosPeloTesouroLineItems" order="1.0"/>
    <link:loc xlink:type="locator" xlink:href="../../../cor/ic/siconfi-cor_2020-12-31.xsd#siconfi-cor_ContribuicoesDosServidoresBeneficiosMantidosPeloTesouro" xlink:label="ContribuicoesDosServidoresBeneficiosMantidosPeloTesouro" xlink:title="ContribuicoesDosServidoresBeneficiosMantidosPeloTesouro"/>
    <link:presentationArc xlink:type="arc" xlink:arcrole="http://www.xbrl.org/2003/arcrole/parent-child" xlink:from="ReceitasPrevidenciariasBeneficiosMantidosPeloTesouroLineItems" xlink:to="ContribuicoesDosServidoresBeneficiosMantidosPeloTesouro" xlink:title="presentation: ReceitasPrevidenciariasBeneficiosMantidosPeloTesouroLineItems to ContribuicoesDosServidoresBeneficiosMantidosPeloTesouro" order="1.0"/>
    <link:loc xlink:type="locator" xlink:href="../../../cor/ic/siconfi-cor_2020-12-31.xsd#siconfi-cor_DemaisReceitasPrevidenciariasBeneficiosMantidosPeloTesouro" xlink:label="DemaisReceitasPrevidenciariasBeneficiosMantidosPeloTesouro" xlink:title="DemaisReceitasPrevidenciariasBeneficiosMantidosPeloTesouro"/>
    <link:presentationArc xlink:type="arc" xlink:arcrole="http://www.xbrl.org/2003/arcrole/parent-child" xlink:from="ReceitasPrevidenciariasBeneficiosMantidosPeloTesouroLineItems" xlink:to="DemaisReceitasPrevidenciariasBeneficiosMantidosPeloTesouro" xlink:title="presentation: ReceitasPrevidenciariasBeneficiosMantidosPeloTesouroLineItems to DemaisReceitasPrevidenciariasBeneficiosMantidosPeloTesouro" order="2.0"/>
    <link:loc xlink:type="locator" xlink:href="../../../cor/ic/siconfi-cor_2020-12-31.xsd#siconfi-cor_TotalDasReceitasBeneficiosMantidosPeloTesouro" xlink:label="TotalDasReceitasBeneficiosMantidosPeloTesouro" xlink:title="TotalDasReceitasBeneficiosMantidosPeloTesouro"/>
    <link:presentationArc xlink:type="arc" xlink:arcrole="http://www.xbrl.org/2003/arcrole/parent-child" xlink:from="ReceitasPrevidenciariasBeneficiosMantidosPeloTesouroLineItems" xlink:to="TotalDasReceitasBeneficiosMantidosPeloTesouro" xlink:title="presentation: ReceitasPrevidenciariasBeneficiosMantidosPeloTesouroLineItems to TotalDasReceitasBeneficiosMantidosPeloTesouro" order="3.0"/>
    <link:loc xlink:type="locator" xlink:href="siconfi-rreo-anexo4rpps_2020-12-31.xsd#siconfi-rreo-anexo4rpps_ReceitasPrevidenciariasBeneficiosMantidosPeloTesouroTable" xlink:label="ReceitasPrevidenciariasBeneficiosMantidosPeloTesouroTable" xlink:title="ReceitasPrevidenciariasBeneficiosMantidosPeloTesouroTable"/>
    <link:presentationArc xlink:type="arc" xlink:arcrole="http://www.xbrl.org/2003/arcrole/parent-child" xlink:from="ReceitasPrevidenciariasBeneficiosMantidosPeloTesouroAbstract" xlink:to="ReceitasPrevidenciariasBeneficiosMantidosPeloTesouroTable" xlink:title="presentation: ReceitasPrevidenciariasBeneficiosMantidosPeloTesouroAbstract to ReceitasPrevidenciariasBeneficiosMantidosPeloTesouroTable" order="2.0" xbrldt:contextElement="segment" xbrldt:closed="true"/>
    <link:presentationArc xlink:type="arc" xlink:arcrole="http://www.xbrl.org/2003/arcrole/parent-child" xlink:from="ReceitasPrevidenciariasBeneficiosMantidosPeloTesouroTable" xlink:to="ExecucaoDaReceitaPrevidenciariaAxis" xlink:title="presentation: ReceitasPrevidenciariasBeneficiosMantidosPeloTesouroTable to ExecucaoDaReceitaPrevidenciariaAxis" order="1.0"/>
    <link:loc xlink:type="locator" xlink:href="siconfi-rreo-anexo4rpps_2020-12-31.xsd#siconfi-rreo-anexo4rpps_DespesasPrevidenciariasBeneficiosMantidosPeloTesouroAbstract" xlink:label="DespesasPrevidenciariasBeneficiosMantidosPeloTesouroAbstract" xlink:title="DespesasPrevidenciariasBeneficiosMantidosPeloTesouroAbstract"/>
    <link:presentationArc xlink:type="arc" xlink:arcrole="http://www.xbrl.org/2003/arcrole/parent-child" xlink:from="Anexo4Abstract" xlink:to="DespesasPrevidenciariasBeneficiosMantidosPeloTesouroAbstract" xlink:title="presentation: Anexo4RPPSAbstract to DespesasPrevidenciariasBeneficiosMantidosPeloTesouroAbstract" order="13.0"/>
    <link:loc xlink:type="locator" xlink:href="siconfi-rreo-anexo4rpps_2020-12-31.xsd#siconfi-rreo-anexo4rpps_DespesasPrevidenciariasBeneficiosMantidosPeloTesouroLineItems" xlink:label="DespesasPrevidenciariasBeneficiosMantidosPeloTesouroLineItems" xlink:title="DespesasPrevidenciariasBeneficiosMantidosPeloTesouroLineItems"/>
    <link:presentationArc xlink:type="arc" xlink:arcrole="http://www.xbrl.org/2003/arcrole/parent-child" xlink:from="DespesasPrevidenciariasBeneficiosMantidosPeloTesouroAbstract" xlink:to="DespesasPrevidenciariasBeneficiosMantidosPeloTesouroLineItems" xlink:title="presentation: DespesasPrevidenciariasBeneficiosMantidosPeloTesouroAbstract to DespesasPrevidenciariasBeneficiosMantidosPeloTesouroLineItems" order="1.0"/>
    <link:loc xlink:type="locator" xlink:href="../../../cor/ic/siconfi-cor_2020-12-31.xsd#siconfi-cor_AposentadoriasBeneficiosMantidosPeloTesouro" xlink:label="AposentadoriasBeneficiosMantidosPeloTesouro" xlink:title="AposentadoriasBeneficiosMantidosPeloTesouro"/>
    <link:presentationArc xlink:type="arc" xlink:arcrole="http://www.xbrl.org/2003/arcrole/parent-child" xlink:from="DespesasPrevidenciariasBeneficiosMantidosPeloTesouroLineItems" xlink:to="AposentadoriasBeneficiosMantidosPeloTesouro" xlink:title="presentation: DespesasPrevidenciariasBeneficiosMantidosPeloTesouroLineItems to AposentadoriasBeneficiosMantidosPeloTesouro" order="1.0"/>
    <link:loc xlink:type="locator" xlink:href="../../../cor/ic/siconfi-cor_2020-12-31.xsd#siconfi-cor_PensoesBeneficiosMantidosPeloTesouro" xlink:label="PensoesBeneficiosMantidosPeloTesouro" xlink:title="PensoesBeneficiosMantidosPeloTesouro"/>
    <link:presentationArc xlink:type="arc" xlink:arcrole="http://www.xbrl.org/2003/arcrole/parent-child" xlink:from="DespesasPrevidenciariasBeneficiosMantidosPeloTesouroLineItems" xlink:to="PensoesBeneficiosMantidosPeloTesouro" xlink:title="presentation: DespesasPrevidenciariasBeneficiosMantidosPeloTesouroLineItems to PensoesBeneficiosMantidosPeloTesouro" order="2.0"/>
    <link:loc xlink:type="locator" xlink:href="../../../cor/ic/siconfi-cor_2020-12-31.xsd#siconfi-cor_OutrasDespesasPrevidenciariasBeneficiosMantidosPeloTesouro" xlink:label="OutrasDespesasPrevidenciariasBeneficiosMantidosPeloTesouro" xlink:title="OutrasDespesasPrevidenciariasBeneficiosMantidosPeloTesouro"/>
    <link:presentationArc xlink:type="arc" xlink:arcrole="http://www.xbrl.org/2003/arcrole/parent-child" xlink:from="DespesasPrevidenciariasBeneficiosMantidosPeloTesouroLineItems" xlink:to="OutrasDespesasPrevidenciariasBeneficiosMantidosPeloTesouro" xlink:title="presentation: DespesasPrevidenciariasBeneficiosMantidosPeloTesouroLineItems to OutrasDespesasPrevidenciariasBeneficiosMantidosPeloTesouro" order="3.0"/>
    <link:loc xlink:type="locator" xlink:href="../../../cor/ic/siconfi-cor_2020-12-31.xsd#siconfi-cor_TotalDasDespesasBeneficiosMantidosPeloTesouro" xlink:label="TotalDasDespesasBeneficiosMantidosPeloTesouro" xlink:title="TotalDasDespesasBeneficiosMantidosPeloTesouro"/>
    <link:presentationArc xlink:type="arc" xlink:arcrole="http://www.xbrl.org/2003/arcrole/parent-child" xlink:from="DespesasPrevidenciariasBeneficiosMantidosPeloTesouroLineItems" xlink:to="TotalDasDespesasBeneficiosMantidosPeloTesouro" xlink:title="presentation: DespesasPrevidenciariasBeneficiosMantidosPeloTesouroLineItems to TotalDasDespesasBeneficiosMantidosPeloTesouro" order="4.0"/>
    <link:loc xlink:type="locator" xlink:href="../../../cor/ic/siconfi-cor_2020-12-31.xsd#siconfi-cor_ResultadoDosBeneficiosMantidosPeloTesouro" xlink:label="ResultadoDosBeneficiosMantidosPeloTesouro" xlink:title="ResultadoDosBeneficiosMantidosPeloTesouro"/>
    <link:presentationArc xlink:type="arc" xlink:arcrole="http://www.xbrl.org/2003/arcrole/parent-child" xlink:from="DespesasPrevidenciariasBeneficiosMantidosPeloTesouroLineItems" xlink:to="ResultadoDosBeneficiosMantidosPeloTesouro" xlink:title="presentation: DespesasPrevidenciariasBeneficiosMantidosPeloTesouroLineItems to ResultadoDosBeneficiosMantidosPeloTesouro" order="5.0"/>
    <link:loc xlink:type="locator" xlink:href="siconfi-rreo-anexo4rpps_2020-12-31.xsd#siconfi-rreo-anexo4rpps_DespesasPrevidenciariasBeneficiosMantidosPeloTesouroTable" xlink:label="DespesasPrevidenciariasBeneficiosMantidosPeloTesouroTable" xlink:title="DespesasPrevidenciariasBeneficiosMantidosPeloTesouroTable"/>
    <link:presentationArc xlink:type="arc" xlink:arcrole="http://www.xbrl.org/2003/arcrole/parent-child" xlink:from="DespesasPrevidenciariasBeneficiosMantidosPeloTesouroAbstract" xlink:to="DespesasPrevidenciariasBeneficiosMantidosPeloTesouroTable" xlink:title="presentation: DespesasPrevidenciariasBeneficiosMantidosPeloTesouroAbstract to DespesasPrevidenciariasBeneficiosMantidosPeloTesouroTable" order="2.0" xbrldt:contextElement="segment" xbrldt:closed="true"/>
    <link:presentationArc xlink:type="arc" xlink:arcrole="http://www.xbrl.org/2003/arcrole/parent-child" xlink:from="DespesasPrevidenciariasBeneficiosMantidosPeloTesouroTable" xlink:to="ExecucaoDaDespesaPrevidenciariaAxis" xlink:title="presentation: DespesasPrevidenciariasBeneficiosMantidosPeloTesouroTable to ExecucaoDaDespesaPrevidenciariaAxis" order="1.0"/>
    <link:loc xlink:type="locator" xlink:href="siconfi-rreo-anexo4rpps_2020-12-31.xsd#siconfi-rreo-anexo4rppsprevidenciario_DespesasOrcamentariasPrevidenciarioAbstract" xlink:label="DespesasOrcamentariasPrevidenciarioAbstract" xlink:title="DespesasOrcamentariasPrevidenciarioAbstract"/>
    <link:presentationArc xlink:type="arc" xlink:arcrole="http://www.xbrl.org/2003/arcrole/parent-child" xlink:from="Anexo4Abstract" xlink:to="DespesasOrcamentariasPrevidenciarioAbstract" xlink:title="presentation: Anexo4RPPSAbstract to DespesasOrcamentariasPrevidenciarioAbstract" order="2.0"/>
    <link:loc xlink:type="locator" xlink:href="siconfi-rreo-anexo4rpps_2020-12-31.xsd#siconfi-rreo-anexo4rppsprevidenciario_DespesasOrcamentariasPrevidenciarioLineItems" xlink:label="DespesasOrcamentariasPrevidenciarioLineItems" xlink:title="DespesasOrcamentariasLineItems"/>
    <link:presentationArc xlink:type="arc" xlink:arcrole="http://www.xbrl.org/2003/arcrole/parent-child" xlink:from="DespesasOrcamentariasPrevidenciarioAbstract" xlink:to="DespesasOrcamentariasPrevidenciarioLineItems" xlink:title="presentation: DespesasOrcamentariasPrevidenciarioAbstract to DespesasOrcamentariasPrevidenciarioLineItems" order="1.0"/>
    <link:loc xlink:type="locator" xlink:href="../../../cor/ic/siconfi-cor_2020-12-31.xsd#siconfi-cor_DespesasPrevidenciariasExcetoIntraOrcamentariasBeneficiosPrevidenciario" xlink:label="DespesasPrevidenciariasExcetoIntraOrcamentariasBeneficiosPrevidenciario" xlink:title="DespesasPrevidenciariasExcetoIntraOrcamentariasBeneficiosPrevidenciario"/>
    <link:presentationArc xlink:type="arc" xlink:arcrole="http://www.xbrl.org/2003/arcrole/parent-child" xlink:from="DespesasOrcamentariasPrevidenciarioLineItems" xlink:to="DespesasPrevidenciariasExcetoIntraOrcamentariasBeneficiosPrevidenciario" xlink:title="presentation: DespesasOrcamentariasPrevidenciarioLineItems to DespesasPrevidenciariasExcetoIntraOrcamentariasBeneficiosPrevidenciario" order="1.0"/>
    <link:loc xlink:type="locator" xlink:href="../../../cor/ic/siconfi-cor_2020-12-31.xsd#siconfi-cor_DespesasPrevidenciariasExcetoIntraOrcamentariasAposentadoriasPrevidenciario" xlink:label="DespesasPrevidenciariasExcetoIntraOrcamentariasAposentadoriasPrevidenciario" xlink:title="DespesasPrevidenciariasExcetoIntraOrcamentariasAposentadoriasPrevidenciario"/>
    <link:presentationArc xlink:type="arc" xlink:arcrole="http://www.xbrl.org/2003/arcrole/parent-child" xlink:from="DespesasPrevidenciariasExcetoIntraOrcamentariasBeneficiosPrevidenciario" xlink:to="DespesasPrevidenciariasExcetoIntraOrcamentariasAposentadoriasPrevidenciario" xlink:title="presentation: DespesasPrevidenciariasExcetoIntraOrcamentariasBeneficiosPrevidenciario to DespesasPrevidenciariasExcetoIntraOrcamentariasAposentadoriasPrevidenciario" order="1.0"/>
    <link:loc xlink:type="locator" xlink:href="../../../cor/ic/siconfi-cor_2020-12-31.xsd#siconfi-cor_DespesasExcetoIntraOrcamentariasPessoalCivilPensoesRPPSPrevidenciario" xlink:label="DespesasExcetoIntraOrcamentariasPessoalCivilPensoesRPPSPrevidenciario" xlink:title="DespesasExcetoIntraOrcamentariasPessoalCivilPensoesRPPSPrevidenciario"/>
    <link:presentationArc xlink:type="arc" xlink:arcrole="http://www.xbrl.org/2003/arcrole/parent-child" xlink:from="DespesasPrevidenciariasExcetoIntraOrcamentariasBeneficiosPrevidenciario" xlink:to="DespesasExcetoIntraOrcamentariasPessoalCivilPensoesRPPSPrevidenciario" xlink:title="presentation: DespesasPrevidenciariasExcetoIntraOrcamentariasBeneficiosPrevidenciario to DespesasExcetoIntraOrcamentariasPessoalCivilPensoesRPPSPrevidenciario" order="2.0"/>
    <link:loc xlink:type="locator" xlink:href="../../../cor/ic/siconfi-cor_2020-12-31.xsd#siconfi-cor_DespesasExcetoIntraOrcamentariasOutrasDepesasRPPSPrevidenciario" xlink:label="DespesasExcetoIntraOrcamentariasOutrasDepesasRPPSPrevidenciario" xlink:title="DespesasExcetoIntraOrcamentariasOutrasDepesasRPPSPrevidenciario"/>
    <link:presentationArc xlink:type="arc" xlink:arcrole="http://www.xbrl.org/2003/arcrole/parent-child" xlink:from="DespesasOrcamentariasPrevidenciarioLineItems" xlink:to="DespesasExcetoIntraOrcamentariasOutrasDepesasRPPSPrevidenciario" xlink:title="presentation: DespesasOrcamentariasPrevidenciarioLineItems to DespesasExcetoIntraOrcamentariasOutrasDepesasRPPSPrevidenciario" order="2.0"/>
    <link:loc xlink:type="locator" xlink:href="../../../cor/ic/siconfi-cor_2020-12-31.xsd#siconfi-cor_DespesasCompensacaoFinanceiraEntreOsRegimes" xlink:label="DespesasCompensacaoFinanceiraEntreOsRegimes" xlink:title="DespesasCompensacaoFinanceiraEntreOsRegimes"/>
    <link:presentationArc xlink:type="arc" xlink:arcrole="http://www.xbrl.org/2003/arcrole/parent-child" xlink:from="DespesasExcetoIntraOrcamentariasOutrasDepesasRPPSPrevidenciario" xlink:to="DespesasCompensacaoFinanceiraEntreOsRegimes" xlink:title="presentation: DespesasExcetoIntraOrcamentariasOutrasDepesasRPPSPrevidenciario to DespesasCompensacaoFinanceiraEntreOsRegimes" order="1.0"/>
    <link:loc xlink:type="locator" xlink:href="../../../cor/ic/siconfi-cor_2020-12-31.xsd#siconfi-cor_DespesasExcetoIntraOrcamentariasDemaisDespesasRPPSPrevidenciario" xlink:label="DespesasExcetoIntraOrcamentariasDemaisDespesasRPPSPrevidenciario" xlink:title="DespesasExcetoIntraOrcamentariasDemaisDespesasRPPSPrevidenciario"/>
    <link:presentationArc xlink:type="arc" xlink:arcrole="http://www.xbrl.org/2003/arcrole/parent-child" xlink:from="DespesasExcetoIntraOrcamentariasOutrasDepesasRPPSPrevidenciario" xlink:to="DespesasExcetoIntraOrcamentariasDemaisDespesasRPPSPrevidenciario" xlink:title="presentation: DespesasExcetoIntraOrcamentariasOutrasDepesasRPPSPrevidenciario to DespesasExcetoIntraOrcamentariasDemaisDespesasRPPSPrevidenciario" order="2.0"/>
    <link:loc xlink:type="locator" xlink:href="../../../cor/ic/siconfi-cor_2020-12-31.xsd#siconfi-cor_TotalDasDespesasRPPSPrevidenciario" xlink:label="TotalDasDespesasRPPSPrevidenciario" xlink:title="TotalDasDespesasRPPSPrevidenciario"/>
    <link:presentationArc xlink:type="arc" xlink:arcrole="http://www.xbrl.org/2003/arcrole/parent-child" xlink:from="DespesasOrcamentariasPrevidenciarioLineItems" xlink:to="TotalDasDespesasRPPSPrevidenciario" xlink:title="presentation: DespesasOrcamentariasPrevidenciarioLineItems to TotalDasDespesasRPPSPrevidenciario" order="3.0"/>
    <link:loc xlink:type="locator" xlink:href="../../../cor/ic/siconfi-cor_2020-12-31.xsd#siconfi-cor_RREO4ResultadoRPPSPrevidenciario" xlink:label="RREO4ResultadoRPPSPrevidenciario" xlink:title="RREO4ResultadoRPPSPrevidenciario"/>
    <link:presentationArc xlink:type="arc" xlink:arcrole="http://www.xbrl.org/2003/arcrole/parent-child" xlink:from="DespesasOrcamentariasPrevidenciarioLineItems" xlink:to="RREO4ResultadoRPPSPrevidenciario" xlink:title="presentation: DespesasOrcamentariasPrevidenciarioLineItems to RREO4ResultadoRPPSPrevidenciario" order="4.0"/>
    <link:presentationArc xlink:type="arc" xlink:arcrole="http://www.xbrl.org/2003/arcrole/parent-child" xlink:from="DespesasOrcamentariasPrevidenciarioAbstract" xlink:to="DespesasOrcamentariasPrevidenciarioTable" xlink:title="presentation: DespesasOrcamentariasPrevidenciarioAbstract to DespesasOrcamentariasPrevidenciarioTable" order="2.0" xbrldt:contextElement="segment" xbrldt:closed="true"/>
    <link:loc xlink:type="locator" xlink:href="siconfi-rreo-anexo4rpps_2020-12-31.xsd#siconfi-rreo-anexo4rpps_DespesasDaAdministracaoAbstract" xlink:label="DespesasDaAdministracaoAbstract" xlink:title="DespesasDaAdministracaoAbstract"/>
    <link:presentationArc xlink:type="arc" xlink:arcrole="http://www.xbrl.org/2003/arcrole/parent-child" xlink:from="Anexo4Abstract" xlink:to="DespesasDaAdministracaoAbstract" xlink:title="presentation: Anexo4RPPSAbstract to DespesasDaAdministracaoAbstract" order="11.0"/>
    <link:loc xlink:type="locator" xlink:href="siconfi-rreo-anexo4rpps_2020-12-31.xsd#siconfi-rreo-anexo4rpps_DespesasDaAdministracaoLineItems" xlink:label="DespesasDaAdministracaoLineItems" xlink:title="DespesasDaAdministracaoLineItems"/>
    <link:presentationArc xlink:type="arc" xlink:arcrole="http://www.xbrl.org/2003/arcrole/parent-child" xlink:from="DespesasDaAdministracaoAbstract" xlink:to="DespesasDaAdministracaoLineItems" xlink:title="presentation: DespesasDaAdministracaoAbstract to DespesasDaAdministracaoLineItems" order="1.0"/>
    <link:loc xlink:type="locator" xlink:href="../../../cor/ic/siconfi-cor_2020-12-31.xsd#siconfi-cor_DespesasCorrentesDaAdministracaoRPPS" xlink:label="DespesasCorrentesDaAdministracaoRPPS" xlink:title="DespesasCorrentesDaAdministracaoRPPS"/>
    <link:presentationArc xlink:type="arc" xlink:arcrole="http://www.xbrl.org/2003/arcrole/parent-child" xlink:from="DespesasDaAdministracaoLineItems" xlink:to="DespesasCorrentesDaAdministracaoRPPS" xlink:title="presentation: DespesasDaAdministracaoLineItems to DespesasCorrentesDaAdministracaoRPPS" order="1.0"/>
    <link:loc xlink:type="locator" xlink:href="../../../cor/ic/siconfi-cor_2020-12-31.xsd#siconfi-cor_PessoalEEncargosSociaisDaAdministracaoRPPS" xlink:label="PessoalEEncargosSociaisDaAdministracaoRPPS" xlink:title="PessoalEEncargosSociaisDaAdministracaoRPPS"/>
    <link:presentationArc xlink:type="arc" xlink:arcrole="http://www.xbrl.org/2003/arcrole/parent-child" xlink:from="DespesasCorrentesDaAdministracaoRPPS" xlink:to="PessoalEEncargosSociaisDaAdministracaoRPPS" xlink:title="presentation: DespesasCorrentesDaAdministracaoRPPS to PessoalEEncargosSociaisDaAdministracaoRPPS" order="1.0"/>
    <link:loc xlink:type="locator" xlink:href="../../../cor/ic/siconfi-cor_2020-12-31.xsd#siconfi-cor_DemaisDespesasCorrentesDaAdministracaoRPPS" xlink:label="DemaisDespesasCorrentesDaAdministracaoRPPS" xlink:title="DemaisDespesasCorrentesDaAdministracaoRPPS"/>
    <link:presentationArc xlink:type="arc" xlink:arcrole="http://www.xbrl.org/2003/arcrole/parent-child" xlink:from="DespesasCorrentesDaAdministracaoRPPS" xlink:to="DemaisDespesasCorrentesDaAdministracaoRPPS" xlink:title="presentation: DespesasCorrentesDaAdministracaoRPPS to DemaisDespesasCorrentesDaAdministracaoRPPS" order="2.0"/>
    <link:loc xlink:type="locator" xlink:href="../../../cor/ic/siconfi-cor_2020-12-31.xsd#siconfi-cor_DespesasDeCapitalDaAdministracaoRPPS" xlink:label="DespesasDeCapitalDaAdministracaoRPPS" xlink:title="DespesasDeCapitalDaAdministracaoRPPS"/>
    <link:presentationArc xlink:type="arc" xlink:arcrole="http://www.xbrl.org/2003/arcrole/parent-child" xlink:from="DespesasDaAdministracaoLineItems" xlink:to="DespesasDeCapitalDaAdministracaoRPPS" xlink:title="presentation: DespesasDaAdministracaoLineItems to DespesasDeCapitalDaAdministracaoRPPS" order="2.0"/>
    <link:loc xlink:type="locator" xlink:href="../../../cor/ic/siconfi-cor_2020-12-31.xsd#siconfi-cor_TotalDasDespesasDaAdministracaoRPPS" xlink:label="TotalDasDespesasDaAdministracaoRPPS" xlink:title="TotalDasDespesasDaAdministracaoRPPS"/>
    <link:presentationArc xlink:type="arc" xlink:arcrole="http://www.xbrl.org/2003/arcrole/parent-child" xlink:from="DespesasDaAdministracaoLineItems" xlink:to="TotalDasDespesasDaAdministracaoRPPS" xlink:title="presentation: DespesasDaAdministracaoLineItems to TotalDasDespesasDaAdministracaoRPPS" order="3.0"/>
    <link:loc xlink:type="locator" xlink:href="../../../cor/ic/siconfi-cor_2020-12-31.xsd#siconfi-cor_ResultadoDaAdministracaoRPPS" xlink:label="ResultadoDaAdministracaoRPPS" xlink:title="ResultadoDaAdministracaoRPPS"/>
    <link:presentationArc xlink:type="arc" xlink:arcrole="http://www.xbrl.org/2003/arcrole/parent-child" xlink:from="DespesasDaAdministracaoLineItems" xlink:to="ResultadoDaAdministracaoRPPS" xlink:title="presentation: DespesasDaAdministracaoLineItems to ResultadoDaAdministracaoRPPS" order="4.0"/>
    <link:loc xlink:type="locator" xlink:href="siconfi-rreo-anexo4rpps_2020-12-31.xsd#siconfi-rreo-anexo4rpps_DespesasDaAdministracaoRPPSTable" xlink:label="DespesasDaAdministracaoRPPSTable" xlink:title="DespesasDaAdministracaoRPPSTable"/>
    <link:presentationArc xlink:type="arc" xlink:arcrole="http://www.xbrl.org/2003/arcrole/parent-child" xlink:from="DespesasDaAdministracaoAbstract" xlink:to="DespesasDaAdministracaoRPPSTable" xlink:title="presentation: DespesasDaAdministracaoAbstract to DespesasDaAdministracaoRPPSTable" order="2.0" xbrldt:contextElement="segment" xbrldt:closed="true"/>
    <link:loc xlink:type="locator" xlink:href="../../../cor/dim/siconfi-dim_2020-12-31.xsd#siconfi-dim_ExecucaoDaDespesaAxis" xlink:label="ExecucaoDaDespesaAxis" xlink:title="ExecucaoDaDespesaAxis"/>
    <link:presentationArc xlink:type="arc" xlink:arcrole="http://www.xbrl.org/2003/arcrole/parent-child" xlink:from="DespesasDaAdministracaoRPPSTable" xlink:to="ExecucaoDaDespesaAxis" xlink:title="presentation: DespesasDaAdministracaoRPPSTable to ExecucaoDaDespesaAxis" order="1.0"/>
    <link:presentationArc xlink:type="arc" xlink:arcrole="http://www.xbrl.org/2003/arcrole/parent-child" xlink:from="ExecucaoDaDespesaAxis" xlink:to="DotacaoAtualizadaMember" xlink:title="presentation: ExecucaoDaDespesaAxis to DotacaoAtualizadaMember" order="1.0"/>
    <link:presentationArc xlink:type="arc" xlink:arcrole="http://www.xbrl.org/2003/arcrole/parent-child" xlink:from="ExecucaoDaDespesaAxis" xlink:to="DespesasEmpenhadasAteOBimestreMember" xlink:title="presentation: ExecucaoDaDespesaAxis to DespesasEmpenhadasAteOBimestreMember" order="2.0"/>
    <link:presentationArc xlink:type="arc" xlink:arcrole="http://www.xbrl.org/2003/arcrole/parent-child" xlink:from="ExecucaoDaDespesaAxis" xlink:to="DespesasLiquidadasAteOBimestreMember" xlink:title="presentation: ExecucaoDaDespesaAxis to DespesasLiquidadasAteOBimestreMember" order="3.0"/>
    <link:presentationArc xlink:type="arc" xlink:arcrole="http://www.xbrl.org/2003/arcrole/parent-child" xlink:from="ExecucaoDaDespesaAxis" xlink:to="DespesasPagasAteOBimestreMember" xlink:title="presentation: ExecucaoDaDespesaAxis to DespesasPagasAteOBimestreMember" order="4.0"/>
    <link:presentationArc xlink:type="arc" xlink:arcrole="http://www.xbrl.org/2003/arcrole/parent-child" xlink:from="ExecucaoDaDespesaAxis" xlink:to="DespesasInscritasEmRestosPagarNaoProcessadosExercicioAtualMember" xlink:title="presentation: ExecucaoDaDespesaAxis to DespesasInscritasEmRestosPagarNaoProcessadosExercicioAtualMember" order="5.0"/>
  </link:presentationLink>
</link:linkbase>
