<?xml version="1.0" encoding="UTF-8"?>
<!-- Generated by Fujitsu Interstage XWand B0196 -->
<link:linkbase xmlns:xsi="http://www.w3.org/2001/XMLSchema-instance" xsi:schemaLocation="http://www.xbrl.org/2003/linkbase http://www.xbrl.org/2003/xbrl-linkbase-2003-12-31.xsd" xmlns:siconfi-rreo-anexo10rgps="http://fazenda.gov.br/siconfi/rep/rreo/anexo10rgps/siconfi-rreo-anexo10rgps_2020-12-31" xmlns:link="http://www.xbrl.org/2003/linkbase" xmlns:xbrldt="http://xbrl.org/2005/xbrldt" xmlns:xlink="http://www.w3.org/1999/xlink" xmlns:xbrli="http://www.xbrl.org/2003/instance">
  <link:roleRef roleURI="http://fazenda.gov.br/siconfi/rep/rreo/anexo10rgps/siconfi-rreo-anexo10-tabela10.2A" xlink:type="simple" xlink:href="siconfi-rreo-anexo10rgps_2020-12-31.xsd#siconfi-rreo-anexo10-tabela10.2A"/>
  <link:roleRef roleURI="http://fazenda.gov.br/siconfi/rep/rreo/anexo10rgps/siconfi-rreo-anexo10-tabela10.2" xlink:type="simple" xlink:href="siconfi-rreo-anexo10rgps_2020-12-31.xsd#siconfi-rreo-anexo10-tabela10.2"/>
  <link:arcroleRef arcroleURI="http://xbrl.org/int/dim/arcrole/all" xlink:type="simple" xlink:href="http://www.xbrl.org/2005/xbrldt-2005.xsd#all"/>
  <link:arcroleRef arcroleURI="http://xbrl.org/int/dim/arcrole/domain-member" xlink:type="simple" xlink:href="http://www.xbrl.org/2005/xbrldt-2005.xsd#domain-member"/>
  <link:arcroleRef arcroleURI="http://xbrl.org/int/dim/arcrole/dimension-domain" xlink:type="simple" xlink:href="http://www.xbrl.org/2005/xbrldt-2005.xsd#dimension-domain"/>
  <link:arcroleRef arcroleURI="http://xbrl.org/int/dim/arcrole/hypercube-dimension" xlink:type="simple" xlink:href="http://www.xbrl.org/2005/xbrldt-2005.xsd#hypercube-dimension"/>
  <link:definitionLink xlink:type="extended" xlink:role="http://fazenda.gov.br/siconfi/rep/rreo/anexo10rgps/siconfi-rreo-anexo10-tabela10.2">
    <link:loc xlink:type="locator" xlink:href="siconfi-rreo-anexo10rgps_2020-12-31.xsd#siconfi-rreo-anexo10rgps_ProjecaoAtuarialDoRGPSAbstract" xlink:label="ProjecaoAtuarialDoRGPSAbstract" xlink:title="ProjecaoAtuarialDoRGPSAbstract"/>
    <link:loc xlink:type="locator" xlink:href="siconfi-rreo-anexo10rgps_2020-12-31.xsd#siconfi-rreo-anexo10rgps_ProjecaoAtuarialDoRGPSLineItems" xlink:label="ProjecaoAtuarialDoRGPSLineItems" xlink:title="ProjecaoAtuarialDoRGPSLineItems"/>
    <link:definitionArc xlink:type="arc" xlink:arcrole="http://xbrl.org/int/dim/arcrole/domain-member" xlink:from="ProjecaoAtuarialDoRGPSAbstract" xlink:to="ProjecaoAtuarialDoRGPSLineItems" xlink:title="definition: ProjecaoAtuarialDoRGPSAbstract to ProjecaoAtuarialDoRGPSLineItems" order="1.0"/>
    <link:loc xlink:type="locator" xlink:href="siconfi-rreo-anexo10rgps_2020-12-31.xsd#siconfi-rreo-anexo10rgps_ReceitasPrevidenciariasAbstract" xlink:label="ReceitasPrevidenciarias" xlink:title="ReceitasPrevidenciarias"/>
    <link:definitionArc xlink:type="arc" xlink:arcrole="http://xbrl.org/int/dim/arcrole/domain-member" xlink:from="ProjecaoAtuarialDoRGPSLineItems" xlink:to="ReceitasPrevidenciarias" xlink:title="definition: ProjecaoAtuarialDoRGPSLineItems to ReceitasPrevidenciarias" order="1.0"/>
    <link:loc xlink:type="locator" xlink:href="../../../cor/ic/siconfi-cor_2020-12-31.xsd#siconfi-cor_ReceitasPrevidenciariasValor" xlink:label="ReceitasPrevidenciariasValor" xlink:title="ReceitasPrevidenciariasValor"/>
    <link:definitionArc xlink:type="arc" xlink:arcrole="http://xbrl.org/int/dim/arcrole/domain-member" xlink:from="ReceitasPrevidenciarias" xlink:to="ReceitasPrevidenciariasValor" xlink:title="definition: ReceitasPrevidenciarias to ReceitasPrevidenciariasValor" order="1.0"/>
    <link:loc xlink:type="locator" xlink:href="../../../cor/ic/siconfi-cor_2020-12-31.xsd#siconfi-cor_ReceitasPrevidenciariasPercentualEmRelacaoAoPIB" xlink:label="ReceitasPrevidenciariasPercentualEmRelacaoAoPIB" xlink:title="ReceitasPrevidenciariasPercentualEmRelacaoAoPIB"/>
    <link:definitionArc xlink:type="arc" xlink:arcrole="http://xbrl.org/int/dim/arcrole/domain-member" xlink:from="ReceitasPrevidenciarias" xlink:to="ReceitasPrevidenciariasPercentualEmRelacaoAoPIB" xlink:title="definition: ReceitasPrevidenciarias to ReceitasPrevidenciariasPercentualEmRelacaoAoPIB" order="2.0"/>
    <link:loc xlink:type="locator" xlink:href="siconfi-rreo-anexo10rgps_2020-12-31.xsd#siconfi-rreo-anexo10rgps_DespesasPrevidenciariasAbstract" xlink:label="DespesasPrevidenciarias" xlink:title="DespesasPrevidenciarias"/>
    <link:definitionArc xlink:type="arc" xlink:arcrole="http://xbrl.org/int/dim/arcrole/domain-member" xlink:from="ProjecaoAtuarialDoRGPSLineItems" xlink:to="DespesasPrevidenciarias" xlink:title="definition: ProjecaoAtuarialDoRGPSLineItems to DespesasPrevidenciarias" order="2.0"/>
    <link:loc xlink:type="locator" xlink:href="../../../cor/ic/siconfi-cor_2020-12-31.xsd#siconfi-cor_DespesasPrevidenciariasValor" xlink:label="DespesasPrevidenciariasValor" xlink:title="DespesasPrevidenciariasValor"/>
    <link:definitionArc xlink:type="arc" xlink:arcrole="http://xbrl.org/int/dim/arcrole/domain-member" xlink:from="DespesasPrevidenciarias" xlink:to="DespesasPrevidenciariasValor" xlink:title="definition: DespesasPrevidenciarias to DespesasPrevidenciariasValor" order="1.0"/>
    <link:loc xlink:type="locator" xlink:href="../../../cor/ic/siconfi-cor_2020-12-31.xsd#siconfi-cor_DespesasPrevidenciariasPercentualEmRelacaoAoPIB" xlink:label="DespesasPrevidenciariasPercentualEmRelacaoAoPIB" xlink:title="DespesasPrevidenciariasPercentualEmRelacaoAoPIB"/>
    <link:definitionArc xlink:type="arc" xlink:arcrole="http://xbrl.org/int/dim/arcrole/domain-member" xlink:from="DespesasPrevidenciarias" xlink:to="DespesasPrevidenciariasPercentualEmRelacaoAoPIB" xlink:title="definition: DespesasPrevidenciarias to DespesasPrevidenciariasPercentualEmRelacaoAoPIB" order="2.0"/>
    <link:loc xlink:type="locator" xlink:href="siconfi-rreo-anexo10rgps_2020-12-31.xsd#siconfi-rreo-anexo10rgps_ResultadoPrevidenciarioAbstract" xlink:label="ResultadoPrevidenciario" xlink:title="ResultadoPrevidenciario"/>
    <link:definitionArc xlink:type="arc" xlink:arcrole="http://xbrl.org/int/dim/arcrole/domain-member" xlink:from="ProjecaoAtuarialDoRGPSLineItems" xlink:to="ResultadoPrevidenciario" xlink:title="definition: ProjecaoAtuarialDoRGPSLineItems to ResultadoPrevidenciario" order="3.0"/>
    <link:loc xlink:type="locator" xlink:href="../../../cor/ic/siconfi-cor_2020-12-31.xsd#siconfi-cor_ResultadoPrevidenciarioValor" xlink:label="ResultadoPrevidenciarioValor" xlink:title="ResultadoPrevidenciarioValor"/>
    <link:definitionArc xlink:type="arc" xlink:arcrole="http://xbrl.org/int/dim/arcrole/domain-member" xlink:from="ResultadoPrevidenciario" xlink:to="ResultadoPrevidenciarioValor" xlink:title="definition: ResultadoPrevidenciario to ResultadoPrevidenciarioValor" order="1.0"/>
    <link:loc xlink:type="locator" xlink:href="../../../cor/ic/siconfi-cor_2020-12-31.xsd#siconfi-cor_ResultadoPrevidenciarioPercentualEmRelacaoAoPIB" xlink:label="ResultadoPrevidenciarioPercentualEmRelacaoAoPIB" xlink:title="ResultadoPrevidenciarioPercentualEmRelacaoAoPIB"/>
    <link:definitionArc xlink:type="arc" xlink:arcrole="http://xbrl.org/int/dim/arcrole/domain-member" xlink:from="ResultadoPrevidenciario" xlink:to="ResultadoPrevidenciarioPercentualEmRelacaoAoPIB" xlink:title="definition: ResultadoPrevidenciario to ResultadoPrevidenciarioPercentualEmRelacaoAoPIB" order="2.0"/>
    <link:loc xlink:type="locator" xlink:href="siconfi-rreo-anexo10rgps_2020-12-31.xsd#siconfi-rreo-anexo10rgps_ProjecaoAtuarialDoRGPSTable" xlink:label="ProjecaoAtuarialDoRGPSTable" xlink:title="ProjecaoAtuarialDoRGPSTable"/>
    <link:definitionArc xlink:type="arc" xlink:arcrole="http://xbrl.org/int/dim/arcrole/all" xlink:from="ProjecaoAtuarialDoRGPSAbstract" xlink:to="ProjecaoAtuarialDoRGPSTable" xlink:title="definition: ProjecaoAtuarialDoRGPSAbstract to ProjecaoAtuarialDoRGPSTable" order="2.0" xbrldt:contextElement="segment" xbrldt:closed="true"/>
    <link:loc xlink:type="locator" xlink:href="../../../cor/dim/siconfi-dim_2020-12-31.xsd#siconfi-dim_ProjecaoAtuarialDoRGPSAxis" xlink:label="ProjecaoAtuarialDoRGPSAxis" xlink:title="ProjecaoAtuarialDoRGPSAxis"/>
    <link:definitionArc xlink:type="arc" xlink:arcrole="http://xbrl.org/int/dim/arcrole/hypercube-dimension" xlink:from="ProjecaoAtuarialDoRGPSTable" xlink:to="ProjecaoAtuarialDoRGPSAxis" xlink:title="definition: ProjecaoAtuarialDoRGPSTable to ProjecaoAtuarialDoRGPSAxis" order="1.0"/>
    <link:loc xlink:type="locator" xlink:href="../../../cor/dim/siconfi-dim_2020-12-31.xsd#siconfi-dim_AnoDeReferenciaMenosUmMember" xlink:label="AnoDeReferenciaMenosUmMember" xlink:title="AnoDeReferenciaMenosUmMember"/>
    <link:definitionArc xlink:type="arc" xlink:arcrole="http://xbrl.org/int/dim/arcrole/dimension-domain" xlink:from="ProjecaoAtuarialDoRGPSAxis" xlink:to="AnoDeReferenciaMenosUmMember" xlink:title="definition: ProjecaoAtuarialDoRGPSAxis to AnoDeReferenciaMenosUmMember" order="1.0"/>
    <link:loc xlink:type="locator" xlink:href="../../../cor/dim/siconfi-dim_2020-12-31.xsd#siconfi-dim_AnoDeReferenciaMember" xlink:label="AnoDeReferenciaMember" xlink:title="AnoDeReferenciaMember"/>
    <link:definitionArc xlink:type="arc" xlink:arcrole="http://xbrl.org/int/dim/arcrole/dimension-domain" xlink:from="ProjecaoAtuarialDoRGPSAxis" xlink:to="AnoDeReferenciaMember" xlink:title="definition: ProjecaoAtuarialDoRGPSAxis to AnoDeReferenciaMember" order="2.0"/>
    <link:loc xlink:type="locator" xlink:href="../../../cor/dim/siconfi-dim_2020-12-31.xsd#siconfi-dim_AnoDeReferenciaMaisUmMember" xlink:label="AnoDeReferenciaMaisUmMember" xlink:title="AnoDeReferenciaMaisUmMember"/>
    <link:definitionArc xlink:type="arc" xlink:arcrole="http://xbrl.org/int/dim/arcrole/dimension-domain" xlink:from="ProjecaoAtuarialDoRGPSAxis" xlink:to="AnoDeReferenciaMaisUmMember" xlink:title="definition: ProjecaoAtuarialDoRGPSAxis to AnoDeReferenciaMaisUmMember" order="3.0"/>
    <link:loc xlink:type="locator" xlink:href="../../../cor/dim/siconfi-dim_2020-12-31.xsd#siconfi-dim_AnoDeReferenciaMaisDoisMember" xlink:label="AnoDeReferenciaMaisDoisMember" xlink:title="AnoDeReferenciaMaisDoisMember"/>
    <link:definitionArc xlink:type="arc" xlink:arcrole="http://xbrl.org/int/dim/arcrole/dimension-domain" xlink:from="ProjecaoAtuarialDoRGPSAxis" xlink:to="AnoDeReferenciaMaisDoisMember" xlink:title="definition: ProjecaoAtuarialDoRGPSAxis to AnoDeReferenciaMaisDoisMember" order="4.0"/>
    <link:loc xlink:type="locator" xlink:href="../../../cor/dim/siconfi-dim_2020-12-31.xsd#siconfi-dim_AnoDeReferenciaMaisTresMember" xlink:label="AnoDeReferenciaMaisTresMember" xlink:title="AnoDeReferenciaMaisTresMember"/>
    <link:definitionArc xlink:type="arc" xlink:arcrole="http://xbrl.org/int/dim/arcrole/dimension-domain" xlink:from="ProjecaoAtuarialDoRGPSAxis" xlink:to="AnoDeReferenciaMaisTresMember" xlink:title="definition: ProjecaoAtuarialDoRGPSAxis to AnoDeReferenciaMaisTresMember" order="5.0"/>
    <link:loc xlink:type="locator" xlink:href="../../../cor/dim/siconfi-dim_2020-12-31.xsd#siconfi-dim_AnoDeReferenciaMaisQuatroMember" xlink:label="AnoDeReferenciaMaisQuatroMember" xlink:title="AnoDeReferenciaMaisQuatroMember"/>
    <link:definitionArc xlink:type="arc" xlink:arcrole="http://xbrl.org/int/dim/arcrole/dimension-domain" xlink:from="ProjecaoAtuarialDoRGPSAxis" xlink:to="AnoDeReferenciaMaisQuatroMember" xlink:title="definition: ProjecaoAtuarialDoRGPSAxis to AnoDeReferenciaMaisQuatroMember" order="6.0"/>
    <link:loc xlink:type="locator" xlink:href="../../../cor/dim/siconfi-dim_2020-12-31.xsd#siconfi-dim_AnoDeReferenciaMaisCincoMember" xlink:label="AnoDeReferenciaMaisCincoMember" xlink:title="AnoDeReferenciaMaisCincoMember"/>
    <link:definitionArc xlink:type="arc" xlink:arcrole="http://xbrl.org/int/dim/arcrole/dimension-domain" xlink:from="ProjecaoAtuarialDoRGPSAxis" xlink:to="AnoDeReferenciaMaisCincoMember" xlink:title="definition: ProjecaoAtuarialDoRGPSAxis to AnoDeReferenciaMaisCincoMember" order="7.0"/>
    <link:loc xlink:type="locator" xlink:href="../../../cor/dim/siconfi-dim_2020-12-31.xsd#siconfi-dim_AnoDeReferenciaMaisSeisMember" xlink:label="AnoDeReferenciaMaisSeisMember" xlink:title="AnoDeReferenciaMaisSeisMember"/>
    <link:definitionArc xlink:type="arc" xlink:arcrole="http://xbrl.org/int/dim/arcrole/dimension-domain" xlink:from="ProjecaoAtuarialDoRGPSAxis" xlink:to="AnoDeReferenciaMaisSeisMember" xlink:title="definition: ProjecaoAtuarialDoRGPSAxis to AnoDeReferenciaMaisSeisMember" order="8.0"/>
    <link:loc xlink:type="locator" xlink:href="../../../cor/dim/siconfi-dim_2020-12-31.xsd#siconfi-dim_AnoDeReferenciaMaisSeteMember" xlink:label="AnoDeReferenciaMaisSeteMember" xlink:title="AnoDeReferenciaMaisSeteMember"/>
    <link:definitionArc xlink:type="arc" xlink:arcrole="http://xbrl.org/int/dim/arcrole/dimension-domain" xlink:from="ProjecaoAtuarialDoRGPSAxis" xlink:to="AnoDeReferenciaMaisSeteMember" xlink:title="definition: ProjecaoAtuarialDoRGPSAxis to AnoDeReferenciaMaisSeteMember" order="9.0"/>
    <link:loc xlink:type="locator" xlink:href="../../../cor/dim/siconfi-dim_2020-12-31.xsd#siconfi-dim_AnoDeReferenciaMaisOitoMember" xlink:label="AnoDeReferenciaMaisOitoMember" xlink:title="AnoDeReferenciaMaisOitoMember"/>
    <link:definitionArc xlink:type="arc" xlink:arcrole="http://xbrl.org/int/dim/arcrole/dimension-domain" xlink:from="ProjecaoAtuarialDoRGPSAxis" xlink:to="AnoDeReferenciaMaisOitoMember" xlink:title="definition: ProjecaoAtuarialDoRGPSAxis to AnoDeReferenciaMaisOitoMember" order="10.0"/>
    <link:loc xlink:type="locator" xlink:href="../../../cor/dim/siconfi-dim_2020-12-31.xsd#siconfi-dim_AnoDeReferenciaMaisNoveMember" xlink:label="AnoDeReferenciaMaisNoveMember" xlink:title="AnoDeReferenciaMaisNoveMember"/>
    <link:definitionArc xlink:type="arc" xlink:arcrole="http://xbrl.org/int/dim/arcrole/dimension-domain" xlink:from="ProjecaoAtuarialDoRGPSAxis" xlink:to="AnoDeReferenciaMaisNoveMember" xlink:title="definition: ProjecaoAtuarialDoRGPSAxis to AnoDeReferenciaMaisNoveMember" order="11.0"/>
    <link:loc xlink:type="locator" xlink:href="../../../cor/dim/siconfi-dim_2020-12-31.xsd#siconfi-dim_AnoDeReferenciaMaisDezMember" xlink:label="AnoDeReferenciaMaisDezMember" xlink:title="AnoDeReferenciaMaisDezMember"/>
    <link:definitionArc xlink:type="arc" xlink:arcrole="http://xbrl.org/int/dim/arcrole/dimension-domain" xlink:from="ProjecaoAtuarialDoRGPSAxis" xlink:to="AnoDeReferenciaMaisDezMember" xlink:title="definition: ProjecaoAtuarialDoRGPSAxis to AnoDeReferenciaMaisDezMember" order="12.0"/>
    <link:loc xlink:type="locator" xlink:href="../../../cor/dim/siconfi-dim_2020-12-31.xsd#siconfi-dim_AnoDeReferenciaMaisOnzeMember" xlink:label="AnoDeReferenciaMaisOnzeMember" xlink:title="AnoDeReferenciaMaisOnzeMember"/>
    <link:definitionArc xlink:type="arc" xlink:arcrole="http://xbrl.org/int/dim/arcrole/dimension-domain" xlink:from="ProjecaoAtuarialDoRGPSAxis" xlink:to="AnoDeReferenciaMaisOnzeMember" xlink:title="definition: ProjecaoAtuarialDoRGPSAxis to AnoDeReferenciaMaisOnzeMember" order="13.0"/>
    <link:loc xlink:type="locator" xlink:href="../../../cor/dim/siconfi-dim_2020-12-31.xsd#siconfi-dim_AnoDeReferenciaMaisDozeMember" xlink:label="AnoDeReferenciaMaisDozeMember" xlink:title="AnoDeReferenciaMaisDozeMember"/>
    <link:definitionArc xlink:type="arc" xlink:arcrole="http://xbrl.org/int/dim/arcrole/dimension-domain" xlink:from="ProjecaoAtuarialDoRGPSAxis" xlink:to="AnoDeReferenciaMaisDozeMember" xlink:title="definition: ProjecaoAtuarialDoRGPSAxis to AnoDeReferenciaMaisDozeMember" order="14.0"/>
    <link:loc xlink:type="locator" xlink:href="../../../cor/dim/siconfi-dim_2020-12-31.xsd#siconfi-dim_AnoDeReferenciaMaisTrezeMember" xlink:label="AnoDeReferenciaMaisTrezeMember" xlink:title="AnoDeReferenciaMaisTrezeMember"/>
    <link:definitionArc xlink:type="arc" xlink:arcrole="http://xbrl.org/int/dim/arcrole/dimension-domain" xlink:from="ProjecaoAtuarialDoRGPSAxis" xlink:to="AnoDeReferenciaMaisTrezeMember" xlink:title="definition: ProjecaoAtuarialDoRGPSAxis to AnoDeReferenciaMaisTrezeMember" order="15.0"/>
    <link:loc xlink:type="locator" xlink:href="../../../cor/dim/siconfi-dim_2020-12-31.xsd#siconfi-dim_AnoDeReferenciaMaisQuatorzeMember" xlink:label="AnoDeReferenciaMaisQuatorzeMember" xlink:title="AnoDeReferenciaMaisQuatorzeMember"/>
    <link:definitionArc xlink:type="arc" xlink:arcrole="http://xbrl.org/int/dim/arcrole/dimension-domain" xlink:from="ProjecaoAtuarialDoRGPSAxis" xlink:to="AnoDeReferenciaMaisQuatorzeMember" xlink:title="definition: ProjecaoAtuarialDoRGPSAxis to AnoDeReferenciaMaisQuatorzeMember" order="16.0"/>
    <link:loc xlink:type="locator" xlink:href="../../../cor/dim/siconfi-dim_2020-12-31.xsd#siconfi-dim_AnoDeReferenciaMaisQuinzeMember" xlink:label="AnoDeReferenciaMaisQuinzeMember" xlink:title="AnoDeReferenciaMaisQuinzeMember"/>
    <link:definitionArc xlink:type="arc" xlink:arcrole="http://xbrl.org/int/dim/arcrole/dimension-domain" xlink:from="ProjecaoAtuarialDoRGPSAxis" xlink:to="AnoDeReferenciaMaisQuinzeMember" xlink:title="definition: ProjecaoAtuarialDoRGPSAxis to AnoDeReferenciaMaisQuinzeMember" order="17.0"/>
    <link:loc xlink:type="locator" xlink:href="../../../cor/dim/siconfi-dim_2020-12-31.xsd#siconfi-dim_AnoDeReferenciaMaisDezesseisMember" xlink:label="AnoDeReferenciaMaisDezesseisMember" xlink:title="AnoDeReferenciaMaisDezesseisMember"/>
    <link:definitionArc xlink:type="arc" xlink:arcrole="http://xbrl.org/int/dim/arcrole/dimension-domain" xlink:from="ProjecaoAtuarialDoRGPSAxis" xlink:to="AnoDeReferenciaMaisDezesseisMember" xlink:title="definition: ProjecaoAtuarialDoRGPSAxis to AnoDeReferenciaMaisDezesseisMember" order="18.0"/>
    <link:loc xlink:type="locator" xlink:href="../../../cor/dim/siconfi-dim_2020-12-31.xsd#siconfi-dim_AnoDeReferenciaMaisDezesseteMember" xlink:label="AnoDeReferenciaMaisDezesseteMember" xlink:title="AnoDeReferenciaMaisDezesseteMember"/>
    <link:definitionArc xlink:type="arc" xlink:arcrole="http://xbrl.org/int/dim/arcrole/dimension-domain" xlink:from="ProjecaoAtuarialDoRGPSAxis" xlink:to="AnoDeReferenciaMaisDezesseteMember" xlink:title="definition: ProjecaoAtuarialDoRGPSAxis to AnoDeReferenciaMaisDezesseteMember" order="19.0"/>
    <link:loc xlink:type="locator" xlink:href="../../../cor/dim/siconfi-dim_2020-12-31.xsd#siconfi-dim_AnoDeReferenciaMaisDezoitoMember" xlink:label="AnoDeReferenciaMaisDezoitoMember" xlink:title="AnoDeReferenciaMaisDezoitoMember"/>
    <link:definitionArc xlink:type="arc" xlink:arcrole="http://xbrl.org/int/dim/arcrole/dimension-domain" xlink:from="ProjecaoAtuarialDoRGPSAxis" xlink:to="AnoDeReferenciaMaisDezoitoMember" xlink:title="definition: ProjecaoAtuarialDoRGPSAxis to AnoDeReferenciaMaisDezoitoMember" order="20.0"/>
    <link:loc xlink:type="locator" xlink:href="../../../cor/dim/siconfi-dim_2020-12-31.xsd#siconfi-dim_AnoDeReferenciaMaisDezenoveMember" xlink:label="AnoDeReferenciaMaisDezenoveMember" xlink:title="AnoDeReferenciaMaisDezenoveMember"/>
    <link:definitionArc xlink:type="arc" xlink:arcrole="http://xbrl.org/int/dim/arcrole/dimension-domain" xlink:from="ProjecaoAtuarialDoRGPSAxis" xlink:to="AnoDeReferenciaMaisDezenoveMember" xlink:title="definition: ProjecaoAtuarialDoRGPSAxis to AnoDeReferenciaMaisDezenoveMember" order="21.0"/>
    <link:loc xlink:type="locator" xlink:href="../../../cor/dim/siconfi-dim_2020-12-31.xsd#siconfi-dim_AnoDeReferenciaMaisVinteMember" xlink:label="AnoDeReferenciaMaisVinteMember" xlink:title="AnoDeReferenciaMaisVinteMember"/>
    <link:definitionArc xlink:type="arc" xlink:arcrole="http://xbrl.org/int/dim/arcrole/dimension-domain" xlink:from="ProjecaoAtuarialDoRGPSAxis" xlink:to="AnoDeReferenciaMaisVinteMember" xlink:title="definition: ProjecaoAtuarialDoRGPSAxis to AnoDeReferenciaMaisVinteMember" order="22.0"/>
    <link:loc xlink:type="locator" xlink:href="../../../cor/dim/siconfi-dim_2020-12-31.xsd#siconfi-dim_AnoDeReferenciaMaisVinteEUmMember" xlink:label="AnoDeReferenciaMaisVinteEUmMember" xlink:title="AnoDeReferenciaMaisVinteEUmMember"/>
    <link:definitionArc xlink:type="arc" xlink:arcrole="http://xbrl.org/int/dim/arcrole/dimension-domain" xlink:from="ProjecaoAtuarialDoRGPSAxis" xlink:to="AnoDeReferenciaMaisVinteEUmMember" xlink:title="definition: ProjecaoAtuarialDoRGPSAxis to AnoDeReferenciaMaisVinteEUmMember" order="23.0"/>
    <link:loc xlink:type="locator" xlink:href="../../../cor/dim/siconfi-dim_2020-12-31.xsd#siconfi-dim_AnoDeReferenciaMaisVinteEDoisMember" xlink:label="AnoDeReferenciaMaisVinteEDoisMember" xlink:title="AnoDeReferenciaMaisVinteEDoisMember"/>
    <link:definitionArc xlink:type="arc" xlink:arcrole="http://xbrl.org/int/dim/arcrole/dimension-domain" xlink:from="ProjecaoAtuarialDoRGPSAxis" xlink:to="AnoDeReferenciaMaisVinteEDoisMember" xlink:title="definition: ProjecaoAtuarialDoRGPSAxis to AnoDeReferenciaMaisVinteEDoisMember" order="24.0"/>
    <link:loc xlink:type="locator" xlink:href="../../../cor/dim/siconfi-dim_2020-12-31.xsd#siconfi-dim_AnoDeReferenciaMaisVinteETresMember" xlink:label="AnoDeReferenciaMaisVinteETresMember" xlink:title="AnoDeReferenciaMaisVinteETresMember"/>
    <link:definitionArc xlink:type="arc" xlink:arcrole="http://xbrl.org/int/dim/arcrole/dimension-domain" xlink:from="ProjecaoAtuarialDoRGPSAxis" xlink:to="AnoDeReferenciaMaisVinteETresMember" xlink:title="definition: ProjecaoAtuarialDoRGPSAxis to AnoDeReferenciaMaisVinteETresMember" order="25.0"/>
    <link:loc xlink:type="locator" xlink:href="../../../cor/dim/siconfi-dim_2020-12-31.xsd#siconfi-dim_AnoDeReferenciaMaisVinteEQuatroMember" xlink:label="AnoDeReferenciaMaisVinteEQuatroMember" xlink:title="AnoDeReferenciaMaisVinteEQuatroMember"/>
    <link:definitionArc xlink:type="arc" xlink:arcrole="http://xbrl.org/int/dim/arcrole/dimension-domain" xlink:from="ProjecaoAtuarialDoRGPSAxis" xlink:to="AnoDeReferenciaMaisVinteEQuatroMember" xlink:title="definition: ProjecaoAtuarialDoRGPSAxis to AnoDeReferenciaMaisVinteEQuatroMember" order="26.0"/>
    <link:loc xlink:type="locator" xlink:href="../../../cor/dim/siconfi-dim_2020-12-31.xsd#siconfi-dim_AnoDeReferenciaMaisVinteECincoMember" xlink:label="AnoDeReferenciaMaisVinteECincoMember" xlink:title="AnoDeReferenciaMaisVinteECincoMember"/>
    <link:definitionArc xlink:type="arc" xlink:arcrole="http://xbrl.org/int/dim/arcrole/dimension-domain" xlink:from="ProjecaoAtuarialDoRGPSAxis" xlink:to="AnoDeReferenciaMaisVinteECincoMember" xlink:title="definition: ProjecaoAtuarialDoRGPSAxis to AnoDeReferenciaMaisVinteECincoMember" order="27.0"/>
    <link:loc xlink:type="locator" xlink:href="../../../cor/dim/siconfi-dim_2020-12-31.xsd#siconfi-dim_AnoDeReferenciaMaisVinteESeisMember" xlink:label="AnoDeReferenciaMaisVinteESeisMember" xlink:title="AnoDeReferenciaMaisVinteESeisMember"/>
    <link:definitionArc xlink:type="arc" xlink:arcrole="http://xbrl.org/int/dim/arcrole/dimension-domain" xlink:from="ProjecaoAtuarialDoRGPSAxis" xlink:to="AnoDeReferenciaMaisVinteESeisMember" xlink:title="definition: ProjecaoAtuarialDoRGPSAxis to AnoDeReferenciaMaisVinteESeisMember" order="28.0"/>
    <link:loc xlink:type="locator" xlink:href="../../../cor/dim/siconfi-dim_2020-12-31.xsd#siconfi-dim_AnoDeReferenciaMaisVinteESeteMember" xlink:label="AnoDeReferenciaMaisVinteESeteMember" xlink:title="AnoDeReferenciaMaisVinteESeteMember"/>
    <link:definitionArc xlink:type="arc" xlink:arcrole="http://xbrl.org/int/dim/arcrole/dimension-domain" xlink:from="ProjecaoAtuarialDoRGPSAxis" xlink:to="AnoDeReferenciaMaisVinteESeteMember" xlink:title="definition: ProjecaoAtuarialDoRGPSAxis to AnoDeReferenciaMaisVinteESeteMember" order="29.0"/>
    <link:loc xlink:type="locator" xlink:href="../../../cor/dim/siconfi-dim_2020-12-31.xsd#siconfi-dim_AnoDeReferenciaMaisVinteEOitoMember" xlink:label="AnoDeReferenciaMaisVinteEOitoMember" xlink:title="AnoDeReferenciaMaisVinteEOitoMember"/>
    <link:definitionArc xlink:type="arc" xlink:arcrole="http://xbrl.org/int/dim/arcrole/dimension-domain" xlink:from="ProjecaoAtuarialDoRGPSAxis" xlink:to="AnoDeReferenciaMaisVinteEOitoMember" xlink:title="definition: ProjecaoAtuarialDoRGPSAxis to AnoDeReferenciaMaisVinteEOitoMember" order="30.0"/>
    <link:loc xlink:type="locator" xlink:href="../../../cor/dim/siconfi-dim_2020-12-31.xsd#siconfi-dim_AnoDeReferenciaMaisVinteENoveMember" xlink:label="AnoDeReferenciaMaisVinteENoveMember" xlink:title="AnoDeReferenciaMaisVinteENoveMember"/>
    <link:definitionArc xlink:type="arc" xlink:arcrole="http://xbrl.org/int/dim/arcrole/dimension-domain" xlink:from="ProjecaoAtuarialDoRGPSAxis" xlink:to="AnoDeReferenciaMaisVinteENoveMember" xlink:title="definition: ProjecaoAtuarialDoRGPSAxis to AnoDeReferenciaMaisVinteENoveMember" order="31.0"/>
    <link:loc xlink:type="locator" xlink:href="../../../cor/dim/siconfi-dim_2020-12-31.xsd#siconfi-dim_AnoDeReferenciaMaisTrintaMember" xlink:label="AnoDeReferenciaMaisTrintaMember" xlink:title="AnoDeReferenciaMaisTrintaMember"/>
    <link:definitionArc xlink:type="arc" xlink:arcrole="http://xbrl.org/int/dim/arcrole/dimension-domain" xlink:from="ProjecaoAtuarialDoRGPSAxis" xlink:to="AnoDeReferenciaMaisTrintaMember" xlink:title="definition: ProjecaoAtuarialDoRGPSAxis to AnoDeReferenciaMaisTrintaMember" order="32.0"/>
    <link:loc xlink:type="locator" xlink:href="../../../cor/dim/siconfi-dim_2020-12-31.xsd#siconfi-dim_AnoDeReferenciaMaisTrintaEUmMember" xlink:label="AnoDeReferenciaMaisTrintaEUmMember" xlink:title="AnoDeReferenciaMaisTrintaEUmMember"/>
    <link:definitionArc xlink:type="arc" xlink:arcrole="http://xbrl.org/int/dim/arcrole/dimension-domain" xlink:from="ProjecaoAtuarialDoRGPSAxis" xlink:to="AnoDeReferenciaMaisTrintaEUmMember" xlink:title="definition: ProjecaoAtuarialDoRGPSAxis to AnoDeReferenciaMaisTrintaEUmMember" order="33.0"/>
    <link:loc xlink:type="locator" xlink:href="../../../cor/dim/siconfi-dim_2020-12-31.xsd#siconfi-dim_AnoDeReferenciaMaisTrintaEDoisMember" xlink:label="AnoDeReferenciaMaisTrintaEDoisMember" xlink:title="AnoDeReferenciaMaisTrintaEDoisMember"/>
    <link:definitionArc xlink:type="arc" xlink:arcrole="http://xbrl.org/int/dim/arcrole/dimension-domain" xlink:from="ProjecaoAtuarialDoRGPSAxis" xlink:to="AnoDeReferenciaMaisTrintaEDoisMember" xlink:title="definition: ProjecaoAtuarialDoRGPSAxis to AnoDeReferenciaMaisTrintaEDoisMember" order="34.0"/>
    <link:loc xlink:type="locator" xlink:href="../../../cor/dim/siconfi-dim_2020-12-31.xsd#siconfi-dim_AnoDeReferenciaMaisTrintaETresMember" xlink:label="AnoDeReferenciaMaisTrintaETresMember" xlink:title="AnoDeReferenciaMaisTrintaETresMember"/>
    <link:definitionArc xlink:type="arc" xlink:arcrole="http://xbrl.org/int/dim/arcrole/dimension-domain" xlink:from="ProjecaoAtuarialDoRGPSAxis" xlink:to="AnoDeReferenciaMaisTrintaETresMember" xlink:title="definition: ProjecaoAtuarialDoRGPSAxis to AnoDeReferenciaMaisTrintaETresMember" order="35.0"/>
    <link:loc xlink:type="locator" xlink:href="../../../cor/dim/siconfi-dim_2020-12-31.xsd#siconfi-dim_AnoDeReferenciaMaisTrintaEQuatroMember" xlink:label="AnoDeReferenciaMaisTrintaEQuatroMember" xlink:title="AnoDeReferenciaMaisTrintaEQuatroMember"/>
    <link:definitionArc xlink:type="arc" xlink:arcrole="http://xbrl.org/int/dim/arcrole/dimension-domain" xlink:from="ProjecaoAtuarialDoRGPSAxis" xlink:to="AnoDeReferenciaMaisTrintaEQuatroMember" xlink:title="definition: ProjecaoAtuarialDoRGPSAxis to AnoDeReferenciaMaisTrintaEQuatroMember" order="36.0"/>
    <link:loc xlink:type="locator" xlink:href="../../../cor/dim/siconfi-dim_2020-12-31.xsd#siconfi-dim_AnoDeReferenciaMaisTrintaECincoMember" xlink:label="AnoDeReferenciaMaisTrintaECincoMember" xlink:title="AnoDeReferenciaMaisTrintaECincoMember"/>
    <link:definitionArc xlink:type="arc" xlink:arcrole="http://xbrl.org/int/dim/arcrole/dimension-domain" xlink:from="ProjecaoAtuarialDoRGPSAxis" xlink:to="AnoDeReferenciaMaisTrintaECincoMember" xlink:title="definition: ProjecaoAtuarialDoRGPSAxis to AnoDeReferenciaMaisTrintaECincoMember" order="37.0"/>
    <link:loc xlink:type="locator" xlink:href="../../../cor/dim/siconfi-dim_2020-12-31.xsd#siconfi-dim_AnoDeReferenciaMaisTrintaESeisMember" xlink:label="AnoDeReferenciaMaisTrintaESeisMember" xlink:title="AnoDeReferenciaMaisTrintaESeisMember"/>
    <link:definitionArc xlink:type="arc" xlink:arcrole="http://xbrl.org/int/dim/arcrole/dimension-domain" xlink:from="ProjecaoAtuarialDoRGPSAxis" xlink:to="AnoDeReferenciaMaisTrintaESeisMember" xlink:title="definition: ProjecaoAtuarialDoRGPSAxis to AnoDeReferenciaMaisTrintaESeisMember" order="38.0"/>
    <link:loc xlink:type="locator" xlink:href="../../../cor/dim/siconfi-dim_2020-12-31.xsd#siconfi-dim_AnoDeReferenciaMaisTrintaESeteMember" xlink:label="AnoDeReferenciaMaisTrintaESeteMember" xlink:title="AnoDeReferenciaMaisTrintaESeteMember"/>
    <link:definitionArc xlink:type="arc" xlink:arcrole="http://xbrl.org/int/dim/arcrole/dimension-domain" xlink:from="ProjecaoAtuarialDoRGPSAxis" xlink:to="AnoDeReferenciaMaisTrintaESeteMember" xlink:title="definition: ProjecaoAtuarialDoRGPSAxis to AnoDeReferenciaMaisTrintaESeteMember" order="39.0"/>
    <link:loc xlink:type="locator" xlink:href="../../../cor/dim/siconfi-dim_2020-12-31.xsd#siconfi-dim_AnoDeReferenciaMaisTrintaEOitoMember" xlink:label="AnoDeReferenciaMaisTrintaEOitoMember" xlink:title="AnoDeReferenciaMaisTrintaEOitoMember"/>
    <link:definitionArc xlink:type="arc" xlink:arcrole="http://xbrl.org/int/dim/arcrole/dimension-domain" xlink:from="ProjecaoAtuarialDoRGPSAxis" xlink:to="AnoDeReferenciaMaisTrintaEOitoMember" xlink:title="definition: ProjecaoAtuarialDoRGPSAxis to AnoDeReferenciaMaisTrintaEOitoMember" order="40.0"/>
    <link:loc xlink:type="locator" xlink:href="../../../cor/dim/siconfi-dim_2020-12-31.xsd#siconfi-dim_AnoDeReferenciaMaisTrintaENoveMember" xlink:label="AnoDeReferenciaMaisTrintaENoveMember" xlink:title="AnoDeReferenciaMaisTrintaENoveMember"/>
    <link:definitionArc xlink:type="arc" xlink:arcrole="http://xbrl.org/int/dim/arcrole/dimension-domain" xlink:from="ProjecaoAtuarialDoRGPSAxis" xlink:to="AnoDeReferenciaMaisTrintaENoveMember" xlink:title="definition: ProjecaoAtuarialDoRGPSAxis to AnoDeReferenciaMaisTrintaENoveMember" order="41.0"/>
    <link:loc xlink:type="locator" xlink:href="../../../cor/dim/siconfi-dim_2020-12-31.xsd#siconfi-dim_AnoDeReferenciaMaisQuarentaMember" xlink:label="AnoDeReferenciaMaisQuarentaMember" xlink:title="AnoDeReferenciaMaisQuarentaMember"/>
    <link:definitionArc xlink:type="arc" xlink:arcrole="http://xbrl.org/int/dim/arcrole/dimension-domain" xlink:from="ProjecaoAtuarialDoRGPSAxis" xlink:to="AnoDeReferenciaMaisQuarentaMember" xlink:title="definition: ProjecaoAtuarialDoRGPSAxis to AnoDeReferenciaMaisQuarentaMember" order="42.0"/>
    <link:loc xlink:type="locator" xlink:href="../../../cor/dim/siconfi-dim_2020-12-31.xsd#siconfi-dim_AnoDeReferenciaMaisQuarentaEUmMember" xlink:label="AnoDeReferenciaMaisQuarentaEUmMember" xlink:title="AnoDeReferenciaMaisQuarentaEUmMember"/>
    <link:definitionArc xlink:type="arc" xlink:arcrole="http://xbrl.org/int/dim/arcrole/dimension-domain" xlink:from="ProjecaoAtuarialDoRGPSAxis" xlink:to="AnoDeReferenciaMaisQuarentaEUmMember" xlink:title="definition: ProjecaoAtuarialDoRGPSAxis to AnoDeReferenciaMaisQuarentaEUmMember" order="43.0"/>
    <link:loc xlink:type="locator" xlink:href="../../../cor/dim/siconfi-dim_2020-12-31.xsd#siconfi-dim_AnoDeReferenciaMaisQuarentaEDoisMember" xlink:label="AnoDeReferenciaMaisQuarentaEDoisMember" xlink:title="AnoDeReferenciaMaisQuarentaEDoisMember"/>
    <link:definitionArc xlink:type="arc" xlink:arcrole="http://xbrl.org/int/dim/arcrole/dimension-domain" xlink:from="ProjecaoAtuarialDoRGPSAxis" xlink:to="AnoDeReferenciaMaisQuarentaEDoisMember" xlink:title="definition: ProjecaoAtuarialDoRGPSAxis to AnoDeReferenciaMaisQuarentaEDoisMember" order="44.0"/>
    <link:loc xlink:type="locator" xlink:href="../../../cor/dim/siconfi-dim_2020-12-31.xsd#siconfi-dim_AnoDeReferenciaMaisQuarentaETresMember" xlink:label="AnoDeReferenciaMaisQuarentaETresMember" xlink:title="AnoDeReferenciaMaisQuarentaETresMember"/>
    <link:definitionArc xlink:type="arc" xlink:arcrole="http://xbrl.org/int/dim/arcrole/dimension-domain" xlink:from="ProjecaoAtuarialDoRGPSAxis" xlink:to="AnoDeReferenciaMaisQuarentaETresMember" xlink:title="definition: ProjecaoAtuarialDoRGPSAxis to AnoDeReferenciaMaisQuarentaETresMember" order="45.0"/>
    <link:loc xlink:type="locator" xlink:href="../../../cor/dim/siconfi-dim_2020-12-31.xsd#siconfi-dim_AnoDeReferenciaMaisQuarentaEQuatroMember" xlink:label="AnoDeReferenciaMaisQuarentaEQuatroMember" xlink:title="AnoDeReferenciaMaisQuarentaEQuatroMember"/>
    <link:definitionArc xlink:type="arc" xlink:arcrole="http://xbrl.org/int/dim/arcrole/dimension-domain" xlink:from="ProjecaoAtuarialDoRGPSAxis" xlink:to="AnoDeReferenciaMaisQuarentaEQuatroMember" xlink:title="definition: ProjecaoAtuarialDoRGPSAxis to AnoDeReferenciaMaisQuarentaEQuatroMember" order="46.0"/>
    <link:loc xlink:type="locator" xlink:href="../../../cor/dim/siconfi-dim_2020-12-31.xsd#siconfi-dim_AnoDeReferenciaMaisQuarentaECincoMember" xlink:label="AnoDeReferenciaMaisQuarentaECincoMember" xlink:title="AnoDeReferenciaMaisQuarentaECincoMember"/>
    <link:definitionArc xlink:type="arc" xlink:arcrole="http://xbrl.org/int/dim/arcrole/dimension-domain" xlink:from="ProjecaoAtuarialDoRGPSAxis" xlink:to="AnoDeReferenciaMaisQuarentaECincoMember" xlink:title="definition: ProjecaoAtuarialDoRGPSAxis to AnoDeReferenciaMaisQuarentaECincoMember" order="47.0"/>
    <link:loc xlink:type="locator" xlink:href="../../../cor/dim/siconfi-dim_2020-12-31.xsd#siconfi-dim_AnoDeReferenciaMaisQuarentaESeisMember" xlink:label="AnoDeReferenciaMaisQuarentaESeisMember" xlink:title="AnoDeReferenciaMaisQuarentaESeisMember"/>
    <link:definitionArc xlink:type="arc" xlink:arcrole="http://xbrl.org/int/dim/arcrole/dimension-domain" xlink:from="ProjecaoAtuarialDoRGPSAxis" xlink:to="AnoDeReferenciaMaisQuarentaESeisMember" xlink:title="definition: ProjecaoAtuarialDoRGPSAxis to AnoDeReferenciaMaisQuarentaESeisMember" order="48.0"/>
    <link:loc xlink:type="locator" xlink:href="../../../cor/dim/siconfi-dim_2020-12-31.xsd#siconfi-dim_AnoDeReferenciaMaisQuarentaESeteMember" xlink:label="AnoDeReferenciaMaisQuarentaESeteMember" xlink:title="AnoDeReferenciaMaisQuarentaESeteMember"/>
    <link:definitionArc xlink:type="arc" xlink:arcrole="http://xbrl.org/int/dim/arcrole/dimension-domain" xlink:from="ProjecaoAtuarialDoRGPSAxis" xlink:to="AnoDeReferenciaMaisQuarentaESeteMember" xlink:title="definition: ProjecaoAtuarialDoRGPSAxis to AnoDeReferenciaMaisQuarentaESeteMember" order="49.0"/>
    <link:loc xlink:type="locator" xlink:href="../../../cor/dim/siconfi-dim_2020-12-31.xsd#siconfi-dim_AnoDeReferenciaMaisQuarentaEOitoMember" xlink:label="AnoDeReferenciaMaisQuarentaEOitoMember" xlink:title="AnoDeReferenciaMaisQuarentaEOitoMember"/>
    <link:definitionArc xlink:type="arc" xlink:arcrole="http://xbrl.org/int/dim/arcrole/dimension-domain" xlink:from="ProjecaoAtuarialDoRGPSAxis" xlink:to="AnoDeReferenciaMaisQuarentaEOitoMember" xlink:title="definition: ProjecaoAtuarialDoRGPSAxis to AnoDeReferenciaMaisQuarentaEOitoMember" order="50.0"/>
    <link:loc xlink:type="locator" xlink:href="../../../cor/dim/siconfi-dim_2020-12-31.xsd#siconfi-dim_AnoDeReferenciaMaisQuarentaENoveMember" xlink:label="AnoDeReferenciaMaisQuarentaENoveMember" xlink:title="AnoDeReferenciaMaisQuarentaENoveMember"/>
    <link:definitionArc xlink:type="arc" xlink:arcrole="http://xbrl.org/int/dim/arcrole/dimension-domain" xlink:from="ProjecaoAtuarialDoRGPSAxis" xlink:to="AnoDeReferenciaMaisQuarentaENoveMember" xlink:title="definition: ProjecaoAtuarialDoRGPSAxis to AnoDeReferenciaMaisQuarentaENoveMember" order="51.0"/>
    <link:loc xlink:type="locator" xlink:href="../../../cor/dim/siconfi-dim_2020-12-31.xsd#siconfi-dim_AnoDeReferenciaMaisCinquentaMember" xlink:label="AnoDeReferenciaMaisCinquentaMember" xlink:title="AnoDeReferenciaMaisCinquentaMember"/>
    <link:definitionArc xlink:type="arc" xlink:arcrole="http://xbrl.org/int/dim/arcrole/dimension-domain" xlink:from="ProjecaoAtuarialDoRGPSAxis" xlink:to="AnoDeReferenciaMaisCinquentaMember" xlink:title="definition: ProjecaoAtuarialDoRGPSAxis to AnoDeReferenciaMaisCinquentaMember" order="52.0"/>
    <link:loc xlink:type="locator" xlink:href="../../../cor/dim/siconfi-dim_2020-12-31.xsd#siconfi-dim_AnoDeReferenciaMaisCinquentaEUmMember" xlink:label="AnoDeReferenciaMaisCinquentaEUmMember" xlink:title="AnoDeReferenciaMaisCinquentaEUmMember"/>
    <link:definitionArc xlink:type="arc" xlink:arcrole="http://xbrl.org/int/dim/arcrole/dimension-domain" xlink:from="ProjecaoAtuarialDoRGPSAxis" xlink:to="AnoDeReferenciaMaisCinquentaEUmMember" xlink:title="definition: ProjecaoAtuarialDoRGPSAxis to AnoDeReferenciaMaisCinquentaEUmMember" order="53.0"/>
    <link:loc xlink:type="locator" xlink:href="../../../cor/dim/siconfi-dim_2020-12-31.xsd#siconfi-dim_AnoDeReferenciaMaisCinquentaEDoisMember" xlink:label="AnoDeReferenciaMaisCinquentaEDoisMember" xlink:title="AnoDeReferenciaMaisCinquentaEDoisMember"/>
    <link:definitionArc xlink:type="arc" xlink:arcrole="http://xbrl.org/int/dim/arcrole/dimension-domain" xlink:from="ProjecaoAtuarialDoRGPSAxis" xlink:to="AnoDeReferenciaMaisCinquentaEDoisMember" xlink:title="definition: ProjecaoAtuarialDoRGPSAxis to AnoDeReferenciaMaisCinquentaEDoisMember" order="54.0"/>
    <link:loc xlink:type="locator" xlink:href="../../../cor/dim/siconfi-dim_2020-12-31.xsd#siconfi-dim_AnoDeReferenciaMaisCinquentaETresMember" xlink:label="AnoDeReferenciaMaisCinquentaETresMember" xlink:title="AnoDeReferenciaMaisCinquentaETresMember"/>
    <link:definitionArc xlink:type="arc" xlink:arcrole="http://xbrl.org/int/dim/arcrole/dimension-domain" xlink:from="ProjecaoAtuarialDoRGPSAxis" xlink:to="AnoDeReferenciaMaisCinquentaETresMember" xlink:title="definition: ProjecaoAtuarialDoRGPSAxis to AnoDeReferenciaMaisCinquentaETresMember" order="55.0"/>
    <link:loc xlink:type="locator" xlink:href="../../../cor/dim/siconfi-dim_2020-12-31.xsd#siconfi-dim_AnoDeReferenciaMaisCinquentaEQuatroMember" xlink:label="AnoDeReferenciaMaisCinquentaEQuatroMember" xlink:title="AnoDeReferenciaMaisCinquentaEQuatroMember"/>
    <link:definitionArc xlink:type="arc" xlink:arcrole="http://xbrl.org/int/dim/arcrole/dimension-domain" xlink:from="ProjecaoAtuarialDoRGPSAxis" xlink:to="AnoDeReferenciaMaisCinquentaEQuatroMember" xlink:title="definition: ProjecaoAtuarialDoRGPSAxis to AnoDeReferenciaMaisCinquentaEQuatroMember" order="56.0"/>
    <link:loc xlink:type="locator" xlink:href="../../../cor/dim/siconfi-dim_2020-12-31.xsd#siconfi-dim_AnoDeReferenciaMaisCinquentaECincoMember" xlink:label="AnoDeReferenciaMaisCinquentaECincoMember" xlink:title="AnoDeReferenciaMaisCinquentaECincoMember"/>
    <link:definitionArc xlink:type="arc" xlink:arcrole="http://xbrl.org/int/dim/arcrole/dimension-domain" xlink:from="ProjecaoAtuarialDoRGPSAxis" xlink:to="AnoDeReferenciaMaisCinquentaECincoMember" xlink:title="definition: ProjecaoAtuarialDoRGPSAxis to AnoDeReferenciaMaisCinquentaECincoMember" order="57.0"/>
    <link:loc xlink:type="locator" xlink:href="../../../cor/dim/siconfi-dim_2020-12-31.xsd#siconfi-dim_AnoDeReferenciaMaisCinquentaESeisMember" xlink:label="AnoDeReferenciaMaisCinquentaESeisMember" xlink:title="AnoDeReferenciaMaisCinquentaESeisMember"/>
    <link:definitionArc xlink:type="arc" xlink:arcrole="http://xbrl.org/int/dim/arcrole/dimension-domain" xlink:from="ProjecaoAtuarialDoRGPSAxis" xlink:to="AnoDeReferenciaMaisCinquentaESeisMember" xlink:title="definition: ProjecaoAtuarialDoRGPSAxis to AnoDeReferenciaMaisCinquentaESeisMember" order="58.0"/>
    <link:loc xlink:type="locator" xlink:href="../../../cor/dim/siconfi-dim_2020-12-31.xsd#siconfi-dim_AnoDeReferenciaMaisCinquentaESeteMember" xlink:label="AnoDeReferenciaMaisCinquentaESeteMember" xlink:title="AnoDeReferenciaMaisCinquentaESeteMember"/>
    <link:definitionArc xlink:type="arc" xlink:arcrole="http://xbrl.org/int/dim/arcrole/dimension-domain" xlink:from="ProjecaoAtuarialDoRGPSAxis" xlink:to="AnoDeReferenciaMaisCinquentaESeteMember" xlink:title="definition: ProjecaoAtuarialDoRGPSAxis to AnoDeReferenciaMaisCinquentaESeteMember" order="59.0"/>
    <link:loc xlink:type="locator" xlink:href="../../../cor/dim/siconfi-dim_2020-12-31.xsd#siconfi-dim_AnoDeReferenciaMaisCinquentaEOitoMember" xlink:label="AnoDeReferenciaMaisCinquentaEOitoMember" xlink:title="AnoDeReferenciaMaisCinquentaEOitoMember"/>
    <link:definitionArc xlink:type="arc" xlink:arcrole="http://xbrl.org/int/dim/arcrole/dimension-domain" xlink:from="ProjecaoAtuarialDoRGPSAxis" xlink:to="AnoDeReferenciaMaisCinquentaEOitoMember" xlink:title="definition: ProjecaoAtuarialDoRGPSAxis to AnoDeReferenciaMaisCinquentaEOitoMember" order="60.0"/>
    <link:loc xlink:type="locator" xlink:href="../../../cor/dim/siconfi-dim_2020-12-31.xsd#siconfi-dim_AnoDeReferenciaMaisCinquentaENoveMember" xlink:label="AnoDeReferenciaMaisCinquentaENoveMember" xlink:title="AnoDeReferenciaMaisCinquentaENoveMember"/>
    <link:definitionArc xlink:type="arc" xlink:arcrole="http://xbrl.org/int/dim/arcrole/dimension-domain" xlink:from="ProjecaoAtuarialDoRGPSAxis" xlink:to="AnoDeReferenciaMaisCinquentaENoveMember" xlink:title="definition: ProjecaoAtuarialDoRGPSAxis to AnoDeReferenciaMaisCinquentaENoveMember" order="61.0"/>
    <link:loc xlink:type="locator" xlink:href="../../../cor/dim/siconfi-dim_2020-12-31.xsd#siconfi-dim_AnoDeReferenciaMaisSessentaMember" xlink:label="AnoDeReferenciaMaisSessentaMember" xlink:title="AnoDeReferenciaMaisSessentaMember"/>
    <link:definitionArc xlink:type="arc" xlink:arcrole="http://xbrl.org/int/dim/arcrole/dimension-domain" xlink:from="ProjecaoAtuarialDoRGPSAxis" xlink:to="AnoDeReferenciaMaisSessentaMember" xlink:title="definition: ProjecaoAtuarialDoRGPSAxis to AnoDeReferenciaMaisSessentaMember" order="62.0"/>
    <link:loc xlink:type="locator" xlink:href="../../../cor/dim/siconfi-dim_2020-12-31.xsd#siconfi-dim_AnoDeReferenciaMaisSessentaEUmMember" xlink:label="AnoDeReferenciaMaisSessentaEUmMember" xlink:title="AnoDeReferenciaMaisSessentaEUmMember"/>
    <link:definitionArc xlink:type="arc" xlink:arcrole="http://xbrl.org/int/dim/arcrole/dimension-domain" xlink:from="ProjecaoAtuarialDoRGPSAxis" xlink:to="AnoDeReferenciaMaisSessentaEUmMember" xlink:title="definition: ProjecaoAtuarialDoRGPSAxis to AnoDeReferenciaMaisSessentaEUmMember" order="63.0"/>
    <link:loc xlink:type="locator" xlink:href="../../../cor/dim/siconfi-dim_2020-12-31.xsd#siconfi-dim_AnoDeReferenciaMaisSessentaEDoisMember" xlink:label="AnoDeReferenciaMaisSessentaEDoisMember" xlink:title="AnoDeReferenciaMaisSessentaEDoisMember"/>
    <link:definitionArc xlink:type="arc" xlink:arcrole="http://xbrl.org/int/dim/arcrole/dimension-domain" xlink:from="ProjecaoAtuarialDoRGPSAxis" xlink:to="AnoDeReferenciaMaisSessentaEDoisMember" xlink:title="definition: ProjecaoAtuarialDoRGPSAxis to AnoDeReferenciaMaisSessentaEDoisMember" order="64.0"/>
    <link:loc xlink:type="locator" xlink:href="../../../cor/dim/siconfi-dim_2020-12-31.xsd#siconfi-dim_AnoDeReferenciaMaisSessentaETresMember" xlink:label="AnoDeReferenciaMaisSessentaETresMember" xlink:title="AnoDeReferenciaMaisSessentaETresMember"/>
    <link:definitionArc xlink:type="arc" xlink:arcrole="http://xbrl.org/int/dim/arcrole/dimension-domain" xlink:from="ProjecaoAtuarialDoRGPSAxis" xlink:to="AnoDeReferenciaMaisSessentaETresMember" xlink:title="definition: ProjecaoAtuarialDoRGPSAxis to AnoDeReferenciaMaisSessentaETresMember" order="65.0"/>
    <link:loc xlink:type="locator" xlink:href="../../../cor/dim/siconfi-dim_2020-12-31.xsd#siconfi-dim_AnoDeReferenciaMaisSessentaEQuatroMember" xlink:label="AnoDeReferenciaMaisSessentaEQuatroMember" xlink:title="AnoDeReferenciaMaisSessentaEQuatroMember"/>
    <link:definitionArc xlink:type="arc" xlink:arcrole="http://xbrl.org/int/dim/arcrole/dimension-domain" xlink:from="ProjecaoAtuarialDoRGPSAxis" xlink:to="AnoDeReferenciaMaisSessentaEQuatroMember" xlink:title="definition: ProjecaoAtuarialDoRGPSAxis to AnoDeReferenciaMaisSessentaEQuatroMember" order="66.0"/>
    <link:loc xlink:type="locator" xlink:href="../../../cor/dim/siconfi-dim_2020-12-31.xsd#siconfi-dim_AnoDeReferenciaMaisSessentaECincoMember" xlink:label="AnoDeReferenciaMaisSessentaECincoMember" xlink:title="AnoDeReferenciaMaisSessentaECincoMember"/>
    <link:definitionArc xlink:type="arc" xlink:arcrole="http://xbrl.org/int/dim/arcrole/dimension-domain" xlink:from="ProjecaoAtuarialDoRGPSAxis" xlink:to="AnoDeReferenciaMaisSessentaECincoMember" xlink:title="definition: ProjecaoAtuarialDoRGPSAxis to AnoDeReferenciaMaisSessentaECincoMember" order="67.0"/>
    <link:loc xlink:type="locator" xlink:href="../../../cor/dim/siconfi-dim_2020-12-31.xsd#siconfi-dim_AnoDeReferenciaMaisSessentaESeisMember" xlink:label="AnoDeReferenciaMaisSessentaESeisMember" xlink:title="AnoDeReferenciaMaisSessentaESeisMember"/>
    <link:definitionArc xlink:type="arc" xlink:arcrole="http://xbrl.org/int/dim/arcrole/dimension-domain" xlink:from="ProjecaoAtuarialDoRGPSAxis" xlink:to="AnoDeReferenciaMaisSessentaESeisMember" xlink:title="definition: ProjecaoAtuarialDoRGPSAxis to AnoDeReferenciaMaisSessentaESeisMember" order="68.0"/>
    <link:loc xlink:type="locator" xlink:href="../../../cor/dim/siconfi-dim_2020-12-31.xsd#siconfi-dim_AnoDeReferenciaMaisSessentaESeteMember" xlink:label="AnoDeReferenciaMaisSessentaESeteMember" xlink:title="AnoDeReferenciaMaisSessentaESeteMember"/>
    <link:definitionArc xlink:type="arc" xlink:arcrole="http://xbrl.org/int/dim/arcrole/dimension-domain" xlink:from="ProjecaoAtuarialDoRGPSAxis" xlink:to="AnoDeReferenciaMaisSessentaESeteMember" xlink:title="definition: ProjecaoAtuarialDoRGPSAxis to AnoDeReferenciaMaisSessentaESeteMember" order="69.0"/>
    <link:loc xlink:type="locator" xlink:href="../../../cor/dim/siconfi-dim_2020-12-31.xsd#siconfi-dim_AnoDeReferenciaMaisSessentaEOitoMember" xlink:label="AnoDeReferenciaMaisSessentaEOitoMember" xlink:title="AnoDeReferenciaMaisSessentaEOitoMember"/>
    <link:definitionArc xlink:type="arc" xlink:arcrole="http://xbrl.org/int/dim/arcrole/dimension-domain" xlink:from="ProjecaoAtuarialDoRGPSAxis" xlink:to="AnoDeReferenciaMaisSessentaEOitoMember" xlink:title="definition: ProjecaoAtuarialDoRGPSAxis to AnoDeReferenciaMaisSessentaEOitoMember" order="70.0"/>
    <link:loc xlink:type="locator" xlink:href="../../../cor/dim/siconfi-dim_2020-12-31.xsd#siconfi-dim_AnoDeReferenciaMaisSessentaENoveMember" xlink:label="AnoDeReferenciaMaisSessentaENoveMember" xlink:title="AnoDeReferenciaMaisSessentaENoveMember"/>
    <link:definitionArc xlink:type="arc" xlink:arcrole="http://xbrl.org/int/dim/arcrole/dimension-domain" xlink:from="ProjecaoAtuarialDoRGPSAxis" xlink:to="AnoDeReferenciaMaisSessentaENoveMember" xlink:title="definition: ProjecaoAtuarialDoRGPSAxis to AnoDeReferenciaMaisSessentaENoveMember" order="71.0"/>
    <link:loc xlink:type="locator" xlink:href="../../../cor/dim/siconfi-dim_2020-12-31.xsd#siconfi-dim_AnoDeReferenciaMaisSetentaMember" xlink:label="AnoDeReferenciaMaisSetentaMember" xlink:title="AnoDeReferenciaMaisSetentaMember"/>
    <link:definitionArc xlink:type="arc" xlink:arcrole="http://xbrl.org/int/dim/arcrole/dimension-domain" xlink:from="ProjecaoAtuarialDoRGPSAxis" xlink:to="AnoDeReferenciaMaisSetentaMember" xlink:title="definition: ProjecaoAtuarialDoRGPSAxis to AnoDeReferenciaMaisSetentaMember" order="72.0"/>
    <link:loc xlink:type="locator" xlink:href="../../../cor/dim/siconfi-dim_2020-12-31.xsd#siconfi-dim_AnoDeReferenciaMaisSetentaEUmMember" xlink:label="AnoDeReferenciaMaisSetentaEUmMember" xlink:title="AnoDeReferenciaMaisSetentaEUmMember"/>
    <link:definitionArc xlink:type="arc" xlink:arcrole="http://xbrl.org/int/dim/arcrole/dimension-domain" xlink:from="ProjecaoAtuarialDoRGPSAxis" xlink:to="AnoDeReferenciaMaisSetentaEUmMember" xlink:title="definition: ProjecaoAtuarialDoRGPSAxis to AnoDeReferenciaMaisSetentaEUmMember" order="73.0"/>
    <link:loc xlink:type="locator" xlink:href="../../../cor/dim/siconfi-dim_2020-12-31.xsd#siconfi-dim_AnoDeReferenciaMaisSetentaEDoisMember" xlink:label="AnoDeReferenciaMaisSetentaEDoisMember" xlink:title="AnoDeReferenciaMaisSetentaEDoisMember"/>
    <link:definitionArc xlink:type="arc" xlink:arcrole="http://xbrl.org/int/dim/arcrole/dimension-domain" xlink:from="ProjecaoAtuarialDoRGPSAxis" xlink:to="AnoDeReferenciaMaisSetentaEDoisMember" xlink:title="definition: ProjecaoAtuarialDoRGPSAxis to AnoDeReferenciaMaisSetentaEDoisMember" order="74.0"/>
    <link:loc xlink:type="locator" xlink:href="../../../cor/dim/siconfi-dim_2020-12-31.xsd#siconfi-dim_AnoDeReferenciaMaisSetentaETresMember" xlink:label="AnoDeReferenciaMaisSetentaETresMember" xlink:title="AnoDeReferenciaMaisSetentaETresMember"/>
    <link:definitionArc xlink:type="arc" xlink:arcrole="http://xbrl.org/int/dim/arcrole/dimension-domain" xlink:from="ProjecaoAtuarialDoRGPSAxis" xlink:to="AnoDeReferenciaMaisSetentaETresMember" xlink:title="definition: ProjecaoAtuarialDoRGPSAxis to AnoDeReferenciaMaisSetentaETresMember" order="75.0"/>
  </link:definitionLink>
  <link:definitionLink xlink:type="extended" xlink:role="http://fazenda.gov.br/siconfi/rep/rreo/anexo10rgps/siconfi-rreo-anexo10-tabela10.2A">
    <link:loc xlink:type="locator" xlink:href="siconfi-rreo-anexo10rgps_2020-12-31.xsd#siconfi-rreo-anexo10rgps_TabelaDeHipotesesAbstract" xlink:label="TabelaDeHipotesesAbstract" xlink:title="TabelaDeHipotesesAbstract"/>
    <link:loc xlink:type="locator" xlink:href="siconfi-rreo-anexo10rgps_2020-12-31.xsd#siconfi-rreo-anexo10rgps_TabelaDeHipotesesLineItems" xlink:label="TabelaDeHipotesesLineItems" xlink:title="TabelaDeHipotesesLineItems"/>
    <link:definitionArc xlink:type="arc" xlink:arcrole="http://xbrl.org/int/dim/arcrole/domain-member" xlink:from="TabelaDeHipotesesAbstract" xlink:to="TabelaDeHipotesesLineItems" xlink:title="definition: TabelaDeHipotesesAbstract to TabelaDeHipotesesLineItems" order="1.0"/>
    <link:loc xlink:type="locator" xlink:href="../../../cor/ic/siconfi-cor_2020-12-31.xsd#siconfi-cor_MassaSalarial" xlink:label="MassaSalarial" xlink:title="MassaSalarial"/>
    <link:definitionArc xlink:type="arc" xlink:arcrole="http://xbrl.org/int/dim/arcrole/domain-member" xlink:from="TabelaDeHipotesesLineItems" xlink:to="MassaSalarial" xlink:title="definition: TabelaDeHipotesesLineItems to MassaSalarial" order="1.0"/>
    <link:loc xlink:type="locator" xlink:href="../../../cor/ic/siconfi-cor_2020-12-31.xsd#siconfi-cor_CrescimentoVegetativo" xlink:label="CrescimentoVegetativo" xlink:title="CrescimentoVegetativo"/>
    <link:definitionArc xlink:type="arc" xlink:arcrole="http://xbrl.org/int/dim/arcrole/domain-member" xlink:from="TabelaDeHipotesesLineItems" xlink:to="CrescimentoVegetativo" xlink:title="definition: TabelaDeHipotesesLineItems to CrescimentoVegetativo" order="2.0"/>
    <link:loc xlink:type="locator" xlink:href="../../../cor/ic/siconfi-cor_2020-12-31.xsd#siconfi-cor_TaxaDeInflacaoIGPDI" xlink:label="TaxaDeInflacaoIGPDI" xlink:title="TaxaDeInflacaoIGPDI"/>
    <link:definitionArc xlink:type="arc" xlink:arcrole="http://xbrl.org/int/dim/arcrole/domain-member" xlink:from="TabelaDeHipotesesLineItems" xlink:to="TaxaDeInflacaoIGPDI" xlink:title="definition: TabelaDeHipotesesLineItems to TaxaDeInflacaoIGPDI" order="3.0"/>
    <link:loc xlink:type="locator" xlink:href="../../../cor/ic/siconfi-cor_2020-12-31.xsd#siconfi-cor_VariacaoRealDoPIB" xlink:label="VariacaoRealDoPIB" xlink:title="VariacaoRealDoPIB"/>
    <link:definitionArc xlink:type="arc" xlink:arcrole="http://xbrl.org/int/dim/arcrole/domain-member" xlink:from="TabelaDeHipotesesLineItems" xlink:to="VariacaoRealDoPIB" xlink:title="definition: TabelaDeHipotesesLineItems to VariacaoRealDoPIB" order="4.0"/>
    <link:loc xlink:type="locator" xlink:href="../../../cor/ic/siconfi-cor_2020-12-31.xsd#siconfi-cor_ReajusteDoSalarioMinimo" xlink:label="ReajusteDoSalarioMinimo" xlink:title="ReajusteDoSalarioMinimo"/>
    <link:definitionArc xlink:type="arc" xlink:arcrole="http://xbrl.org/int/dim/arcrole/domain-member" xlink:from="TabelaDeHipotesesLineItems" xlink:to="ReajusteDoSalarioMinimo" xlink:title="definition: TabelaDeHipotesesLineItems to ReajusteDoSalarioMinimo" order="5.0"/>
    <link:loc xlink:type="locator" xlink:href="../../../cor/ic/siconfi-cor_2020-12-31.xsd#siconfi-cor_ReajusteDosDemaisBeneficios" xlink:label="ReajusteDosDemaisBeneficios" xlink:title="ReajusteDosDemaisBeneficios"/>
    <link:definitionArc xlink:type="arc" xlink:arcrole="http://xbrl.org/int/dim/arcrole/domain-member" xlink:from="TabelaDeHipotesesLineItems" xlink:to="ReajusteDosDemaisBeneficios" xlink:title="definition: TabelaDeHipotesesLineItems to ReajusteDosDemaisBeneficios" order="6.0"/>
    <link:loc xlink:type="locator" xlink:href="siconfi-rreo-anexo10rgps_2020-12-31.xsd#siconfi-rreo-anexo10rgps_TabelaDeHipotesesTable" xlink:label="TabelaDeHipotesesTable" xlink:title="TabelaDeHipotesesTable"/>
    <link:definitionArc xlink:type="arc" xlink:arcrole="http://xbrl.org/int/dim/arcrole/all" xlink:from="TabelaDeHipotesesAbstract" xlink:to="TabelaDeHipotesesTable" xlink:title="definition: TabelaDeHipotesesAbstract to TabelaDeHipotesesTable" order="2.0" xbrldt:contextElement="segment" xbrldt:closed="true"/>
    <link:loc xlink:type="locator" xlink:href="../../../cor/dim/siconfi-dim_2020-12-31.xsd#siconfi-dim_TabelaDeHipotesesDoRGPSAxis" xlink:label="TabelaDeHipotesesDoRGPSAxis" xlink:title="TabelaDeHipotesesDoRGPSAxis"/>
    <link:definitionArc xlink:type="arc" xlink:arcrole="http://xbrl.org/int/dim/arcrole/hypercube-dimension" xlink:from="TabelaDeHipotesesTable" xlink:to="TabelaDeHipotesesDoRGPSAxis" xlink:title="definition: TabelaDeHipotesesTable to TabelaDeHipotesesDoRGPSAxis" order="1.0"/>
    <link:loc xlink:type="locator" xlink:href="../../../cor/dim/siconfi-dim_2020-12-31.xsd#siconfi-dim_AnoDeReferenciaTHMember" xlink:label="AnoDeReferenciaTHMember" xlink:title="AnoDeReferenciaTHMember"/>
    <link:definitionArc xlink:type="arc" xlink:arcrole="http://xbrl.org/int/dim/arcrole/dimension-domain" xlink:from="TabelaDeHipotesesDoRGPSAxis" xlink:to="AnoDeReferenciaTHMember" xlink:title="definition: TabelaDeHipotesesDoRGPSAxis to AnoDeReferenciaTHMember" order="2.0"/>
    <link:loc xlink:type="locator" xlink:href="../../../cor/dim/siconfi-dim_2020-12-31.xsd#siconfi-dim_AnoDeReferenciaTHMaisUmMember" xlink:label="AnoDeReferenciaTHMaisUmMember" xlink:title="AnoDeReferenciaTHMaisUmMember"/>
    <link:definitionArc xlink:type="arc" xlink:arcrole="http://xbrl.org/int/dim/arcrole/dimension-domain" xlink:from="TabelaDeHipotesesDoRGPSAxis" xlink:to="AnoDeReferenciaTHMaisUmMember" xlink:title="definition: TabelaDeHipotesesDoRGPSAxis to AnoDeReferenciaTHMaisUmMember" order="3.0"/>
    <link:loc xlink:type="locator" xlink:href="../../../cor/dim/siconfi-dim_2020-12-31.xsd#siconfi-dim_AnoDeReferenciaTHMaisDoisMember" xlink:label="AnoDeReferenciaTHMaisDoisMember" xlink:title="AnoDeReferenciaTHMaisDoisMember"/>
    <link:definitionArc xlink:type="arc" xlink:arcrole="http://xbrl.org/int/dim/arcrole/dimension-domain" xlink:from="TabelaDeHipotesesDoRGPSAxis" xlink:to="AnoDeReferenciaTHMaisDoisMember" xlink:title="definition: TabelaDeHipotesesDoRGPSAxis to AnoDeReferenciaTHMaisDoisMember" order="4.0"/>
    <link:loc xlink:type="locator" xlink:href="../../../cor/dim/siconfi-dim_2020-12-31.xsd#siconfi-dim_AnoDeReferenciaTHMaisTresMember" xlink:label="AnoDeReferenciaTHMaisTresMember" xlink:title="AnoDeReferenciaTHMaisTresMember"/>
    <link:definitionArc xlink:type="arc" xlink:arcrole="http://xbrl.org/int/dim/arcrole/dimension-domain" xlink:from="TabelaDeHipotesesDoRGPSAxis" xlink:to="AnoDeReferenciaTHMaisTresMember" xlink:title="definition: TabelaDeHipotesesDoRGPSAxis to AnoDeReferenciaTHMaisTresMember" order="5.0"/>
    <link:loc xlink:type="locator" xlink:href="../../../cor/dim/siconfi-dim_2020-12-31.xsd#siconfi-dim_AnoDeReferenciaTHMaisQuatroMember" xlink:label="AnoDeReferenciaTHMaisQuatroMember" xlink:title="AnoDeReferenciaTHMaisQuatroMember"/>
    <link:definitionArc xlink:type="arc" xlink:arcrole="http://xbrl.org/int/dim/arcrole/dimension-domain" xlink:from="TabelaDeHipotesesDoRGPSAxis" xlink:to="AnoDeReferenciaTHMaisQuatroMember" xlink:title="definition: TabelaDeHipotesesDoRGPSAxis to AnoDeReferenciaTHMaisQuatroMember" order="6.0"/>
    <link:loc xlink:type="locator" xlink:href="../../../cor/dim/siconfi-dim_2020-12-31.xsd#siconfi-dim_AnoDeReferenciaTHMaisCincoMember" xlink:label="AnoDeReferenciaTHMaisCincoMember" xlink:title="AnoDeReferenciaTHMaisCincoMember"/>
    <link:definitionArc xlink:type="arc" xlink:arcrole="http://xbrl.org/int/dim/arcrole/dimension-domain" xlink:from="TabelaDeHipotesesDoRGPSAxis" xlink:to="AnoDeReferenciaTHMaisCincoMember" xlink:title="definition: TabelaDeHipotesesDoRGPSAxis to AnoDeReferenciaTHMaisCincoMember" order="7.0"/>
    <link:loc xlink:type="locator" xlink:href="../../../cor/dim/siconfi-dim_2020-12-31.xsd#siconfi-dim_AnoDeReferenciaTHMaisSeisMember" xlink:label="AnoDeReferenciaTHMaisSeisMember" xlink:title="AnoDeReferenciaTHMaisSeisMember"/>
    <link:definitionArc xlink:type="arc" xlink:arcrole="http://xbrl.org/int/dim/arcrole/dimension-domain" xlink:from="TabelaDeHipotesesDoRGPSAxis" xlink:to="AnoDeReferenciaTHMaisSeisMember" xlink:title="definition: TabelaDeHipotesesDoRGPSAxis to AnoDeReferenciaTHMaisSeisMember" order="8.0"/>
    <link:loc xlink:type="locator" xlink:href="../../../cor/dim/siconfi-dim_2020-12-31.xsd#siconfi-dim_AnoDeReferenciaTHMaisSeteMember" xlink:label="AnoDeReferenciaTHMaisSeteMember" xlink:title="AnoDeReferenciaTHMaisSeteMember"/>
    <link:definitionArc xlink:type="arc" xlink:arcrole="http://xbrl.org/int/dim/arcrole/dimension-domain" xlink:from="TabelaDeHipotesesDoRGPSAxis" xlink:to="AnoDeReferenciaTHMaisSeteMember" xlink:title="definition: TabelaDeHipotesesDoRGPSAxis to AnoDeReferenciaTHMaisSeteMember" order="9.0"/>
    <link:loc xlink:type="locator" xlink:href="../../../cor/dim/siconfi-dim_2020-12-31.xsd#siconfi-dim_AnoDeReferenciaTHMaisOitoMember" xlink:label="AnoDeReferenciaTHMaisOitoMember" xlink:title="AnoDeReferenciaTHMaisOitoMember"/>
    <link:definitionArc xlink:type="arc" xlink:arcrole="http://xbrl.org/int/dim/arcrole/dimension-domain" xlink:from="TabelaDeHipotesesDoRGPSAxis" xlink:to="AnoDeReferenciaTHMaisOitoMember" xlink:title="definition: TabelaDeHipotesesDoRGPSAxis to AnoDeReferenciaTHMaisOitoMember" order="10.0"/>
    <link:loc xlink:type="locator" xlink:href="../../../cor/dim/siconfi-dim_2020-12-31.xsd#siconfi-dim_AnoDeReferenciaTHMaisNoveMember" xlink:label="AnoDeReferenciaTHMaisNoveMember" xlink:title="AnoDeReferenciaTHMaisNoveMember"/>
    <link:definitionArc xlink:type="arc" xlink:arcrole="http://xbrl.org/int/dim/arcrole/dimension-domain" xlink:from="TabelaDeHipotesesDoRGPSAxis" xlink:to="AnoDeReferenciaTHMaisNoveMember" xlink:title="definition: TabelaDeHipotesesDoRGPSAxis to AnoDeReferenciaTHMaisNoveMember" order="11.0"/>
    <link:loc xlink:type="locator" xlink:href="../../../cor/dim/siconfi-dim_2020-12-31.xsd#siconfi-dim_AnoDeReferenciaTHMaisDezMember" xlink:label="AnoDeReferenciaTHMaisDezMember" xlink:title="AnoDeReferenciaTHMaisDezMember"/>
    <link:definitionArc xlink:type="arc" xlink:arcrole="http://xbrl.org/int/dim/arcrole/dimension-domain" xlink:from="TabelaDeHipotesesDoRGPSAxis" xlink:to="AnoDeReferenciaTHMaisDezMember" xlink:title="definition: TabelaDeHipotesesDoRGPSAxis to AnoDeReferenciaTHMaisDezMember" order="12.0"/>
    <link:loc xlink:type="locator" xlink:href="../../../cor/dim/siconfi-dim_2020-12-31.xsd#siconfi-dim_AnoDeReferenciaTHMaisOnzeMember" xlink:label="AnoDeReferenciaTHMaisOnzeMember" xlink:title="AnoDeReferenciaTHMaisOnzeMember"/>
    <link:definitionArc xlink:type="arc" xlink:arcrole="http://xbrl.org/int/dim/arcrole/dimension-domain" xlink:from="TabelaDeHipotesesDoRGPSAxis" xlink:to="AnoDeReferenciaTHMaisOnzeMember" xlink:title="definition: TabelaDeHipotesesDoRGPSAxis to AnoDeReferenciaTHMaisOnzeMember" order="13.0"/>
    <link:loc xlink:type="locator" xlink:href="../../../cor/dim/siconfi-dim_2020-12-31.xsd#siconfi-dim_AnoDeReferenciaTHMaisDozeMember" xlink:label="AnoDeReferenciaTHMaisDozeMember" xlink:title="AnoDeReferenciaTHMaisDozeMember"/>
    <link:definitionArc xlink:type="arc" xlink:arcrole="http://xbrl.org/int/dim/arcrole/dimension-domain" xlink:from="TabelaDeHipotesesDoRGPSAxis" xlink:to="AnoDeReferenciaTHMaisDozeMember" xlink:title="definition: TabelaDeHipotesesDoRGPSAxis to AnoDeReferenciaTHMaisDozeMember" order="14.0"/>
    <link:loc xlink:type="locator" xlink:href="../../../cor/dim/siconfi-dim_2020-12-31.xsd#siconfi-dim_AnoDeReferenciaTHMaisTrezeMember" xlink:label="AnoDeReferenciaTHMaisTrezeMember" xlink:title="AnoDeReferenciaTHMaisTrezeMember"/>
    <link:definitionArc xlink:type="arc" xlink:arcrole="http://xbrl.org/int/dim/arcrole/dimension-domain" xlink:from="TabelaDeHipotesesDoRGPSAxis" xlink:to="AnoDeReferenciaTHMaisTrezeMember" xlink:title="definition: TabelaDeHipotesesDoRGPSAxis to AnoDeReferenciaTHMaisTrezeMember" order="15.0"/>
    <link:loc xlink:type="locator" xlink:href="../../../cor/dim/siconfi-dim_2020-12-31.xsd#siconfi-dim_AnoDeReferenciaTHMaisQuatorzeMember" xlink:label="AnoDeReferenciaTHMaisQuatorzeMember" xlink:title="AnoDeReferenciaTHMaisQuatorzeMember"/>
    <link:definitionArc xlink:type="arc" xlink:arcrole="http://xbrl.org/int/dim/arcrole/dimension-domain" xlink:from="TabelaDeHipotesesDoRGPSAxis" xlink:to="AnoDeReferenciaTHMaisQuatorzeMember" xlink:title="definition: TabelaDeHipotesesDoRGPSAxis to AnoDeReferenciaTHMaisQuatorzeMember" order="16.0"/>
    <link:loc xlink:type="locator" xlink:href="../../../cor/dim/siconfi-dim_2020-12-31.xsd#siconfi-dim_AnoDeReferenciaTHMaisQuinzeMember" xlink:label="AnoDeReferenciaTHMaisQuinzeMember" xlink:title="AnoDeReferenciaTHMaisQuinzeMember"/>
    <link:definitionArc xlink:type="arc" xlink:arcrole="http://xbrl.org/int/dim/arcrole/dimension-domain" xlink:from="TabelaDeHipotesesDoRGPSAxis" xlink:to="AnoDeReferenciaTHMaisQuinzeMember" xlink:title="definition: TabelaDeHipotesesDoRGPSAxis to AnoDeReferenciaTHMaisQuinzeMember" order="17.0"/>
    <link:loc xlink:type="locator" xlink:href="../../../cor/dim/siconfi-dim_2020-12-31.xsd#siconfi-dim_AnoDeReferenciaTHMaisDezesseisMember" xlink:label="AnoDeReferenciaTHMaisDezesseisMember" xlink:title="AnoDeReferenciaTHMaisDezesseisMember"/>
    <link:definitionArc xlink:type="arc" xlink:arcrole="http://xbrl.org/int/dim/arcrole/dimension-domain" xlink:from="TabelaDeHipotesesDoRGPSAxis" xlink:to="AnoDeReferenciaTHMaisDezesseisMember" xlink:title="definition: TabelaDeHipotesesDoRGPSAxis to AnoDeReferenciaTHMaisDezesseisMember" order="18.0"/>
    <link:loc xlink:type="locator" xlink:href="../../../cor/dim/siconfi-dim_2020-12-31.xsd#siconfi-dim_AnoDeReferenciaTHMaisDezesseteMember" xlink:label="AnoDeReferenciaTHMaisDezesseteMember" xlink:title="AnoDeReferenciaTHMaisDezesseteMember"/>
    <link:definitionArc xlink:type="arc" xlink:arcrole="http://xbrl.org/int/dim/arcrole/dimension-domain" xlink:from="TabelaDeHipotesesDoRGPSAxis" xlink:to="AnoDeReferenciaTHMaisDezesseteMember" xlink:title="definition: TabelaDeHipotesesDoRGPSAxis to AnoDeReferenciaTHMaisDezesseteMember" order="19.0"/>
    <link:loc xlink:type="locator" xlink:href="../../../cor/dim/siconfi-dim_2020-12-31.xsd#siconfi-dim_AnoDeReferenciaTHMaisDezoitoMember" xlink:label="AnoDeReferenciaTHMaisDezoitoMember" xlink:title="AnoDeReferenciaTHMaisDezoitoMember"/>
    <link:definitionArc xlink:type="arc" xlink:arcrole="http://xbrl.org/int/dim/arcrole/dimension-domain" xlink:from="TabelaDeHipotesesDoRGPSAxis" xlink:to="AnoDeReferenciaTHMaisDezoitoMember" xlink:title="definition: TabelaDeHipotesesDoRGPSAxis to AnoDeReferenciaTHMaisDezoitoMember" order="20.0"/>
    <link:loc xlink:type="locator" xlink:href="../../../cor/dim/siconfi-dim_2020-12-31.xsd#siconfi-dim_AnoDeReferenciaTHMaisDezenoveMember" xlink:label="AnoDeReferenciaTHMaisDezenoveMember" xlink:title="AnoDeReferenciaTHMaisDezenoveMember"/>
    <link:definitionArc xlink:type="arc" xlink:arcrole="http://xbrl.org/int/dim/arcrole/dimension-domain" xlink:from="TabelaDeHipotesesDoRGPSAxis" xlink:to="AnoDeReferenciaTHMaisDezenoveMember" xlink:title="definition: TabelaDeHipotesesDoRGPSAxis to AnoDeReferenciaTHMaisDezenoveMember" order="21.0"/>
    <link:loc xlink:type="locator" xlink:href="../../../cor/dim/siconfi-dim_2020-12-31.xsd#siconfi-dim_AnoDeReferenciaTHMaisVinteMember" xlink:label="AnoDeReferenciaTHMaisVinteMember" xlink:title="AnoDeReferenciaTHMaisVinteMember"/>
    <link:definitionArc xlink:type="arc" xlink:arcrole="http://xbrl.org/int/dim/arcrole/dimension-domain" xlink:from="TabelaDeHipotesesDoRGPSAxis" xlink:to="AnoDeReferenciaTHMaisVinteMember" xlink:title="definition: TabelaDeHipotesesDoRGPSAxis to AnoDeReferenciaTHMaisVinteMember" order="22.0"/>
    <link:loc xlink:type="locator" xlink:href="../../../cor/dim/siconfi-dim_2020-12-31.xsd#siconfi-dim_AnoDeReferenciaTHMaisVinteEUmMember" xlink:label="AnoDeReferenciaTHMaisVinteEUmMember" xlink:title="AnoDeReferenciaTHMaisVinteEUmMember"/>
    <link:definitionArc xlink:type="arc" xlink:arcrole="http://xbrl.org/int/dim/arcrole/dimension-domain" xlink:from="TabelaDeHipotesesDoRGPSAxis" xlink:to="AnoDeReferenciaTHMaisVinteEUmMember" xlink:title="definition: TabelaDeHipotesesDoRGPSAxis to AnoDeReferenciaTHMaisVinteEUmMember" order="23.0"/>
    <link:loc xlink:type="locator" xlink:href="../../../cor/dim/siconfi-dim_2020-12-31.xsd#siconfi-dim_AnoDeReferenciaTHMaisVinteEDoisMember" xlink:label="AnoDeReferenciaTHMaisVinteEDoisMember" xlink:title="AnoDeReferenciaTHMaisVinteEDoisMember"/>
    <link:definitionArc xlink:type="arc" xlink:arcrole="http://xbrl.org/int/dim/arcrole/dimension-domain" xlink:from="TabelaDeHipotesesDoRGPSAxis" xlink:to="AnoDeReferenciaTHMaisVinteEDoisMember" xlink:title="definition: TabelaDeHipotesesDoRGPSAxis to AnoDeReferenciaTHMaisVinteEDoisMember" order="24.0"/>
    <link:loc xlink:type="locator" xlink:href="../../../cor/dim/siconfi-dim_2020-12-31.xsd#siconfi-dim_AnoDeReferenciaTHMaisVinteETresMember" xlink:label="AnoDeReferenciaTHMaisVinteETresMember" xlink:title="AnoDeReferenciaTHMaisVinteETresMember"/>
    <link:definitionArc xlink:type="arc" xlink:arcrole="http://xbrl.org/int/dim/arcrole/dimension-domain" xlink:from="TabelaDeHipotesesDoRGPSAxis" xlink:to="AnoDeReferenciaTHMaisVinteETresMember" xlink:title="definition: TabelaDeHipotesesDoRGPSAxis to AnoDeReferenciaTHMaisVinteETresMember" order="25.0"/>
    <link:loc xlink:type="locator" xlink:href="../../../cor/dim/siconfi-dim_2020-12-31.xsd#siconfi-dim_AnoDeReferenciaTHMaisVinteEQuatroMember" xlink:label="AnoDeReferenciaTHMaisVinteEQuatroMember" xlink:title="AnoDeReferenciaTHMaisVinteEQuatroMember"/>
    <link:definitionArc xlink:type="arc" xlink:arcrole="http://xbrl.org/int/dim/arcrole/dimension-domain" xlink:from="TabelaDeHipotesesDoRGPSAxis" xlink:to="AnoDeReferenciaTHMaisVinteEQuatroMember" xlink:title="definition: TabelaDeHipotesesDoRGPSAxis to AnoDeReferenciaTHMaisVinteEQuatroMember" order="26.0"/>
    <link:loc xlink:type="locator" xlink:href="../../../cor/dim/siconfi-dim_2020-12-31.xsd#siconfi-dim_AnoDeReferenciaTHMaisVinteECincoMember" xlink:label="AnoDeReferenciaTHMaisVinteECincoMember" xlink:title="AnoDeReferenciaTHMaisVinteECincoMember"/>
    <link:definitionArc xlink:type="arc" xlink:arcrole="http://xbrl.org/int/dim/arcrole/dimension-domain" xlink:from="TabelaDeHipotesesDoRGPSAxis" xlink:to="AnoDeReferenciaTHMaisVinteECincoMember" xlink:title="definition: TabelaDeHipotesesDoRGPSAxis to AnoDeReferenciaTHMaisVinteECincoMember" order="27.0"/>
    <link:loc xlink:type="locator" xlink:href="../../../cor/dim/siconfi-dim_2020-12-31.xsd#siconfi-dim_AnoDeReferenciaTHMaisVinteESeisMember" xlink:label="AnoDeReferenciaTHMaisVinteESeisMember" xlink:title="AnoDeReferenciaTHMaisVinteESeisMember"/>
    <link:definitionArc xlink:type="arc" xlink:arcrole="http://xbrl.org/int/dim/arcrole/dimension-domain" xlink:from="TabelaDeHipotesesDoRGPSAxis" xlink:to="AnoDeReferenciaTHMaisVinteESeisMember" xlink:title="definition: TabelaDeHipotesesDoRGPSAxis to AnoDeReferenciaTHMaisVinteESeisMember" order="28.0"/>
    <link:loc xlink:type="locator" xlink:href="../../../cor/dim/siconfi-dim_2020-12-31.xsd#siconfi-dim_AnoDeReferenciaTHMaisVinteESeteMember" xlink:label="AnoDeReferenciaTHMaisVinteESeteMember" xlink:title="AnoDeReferenciaTHMaisVinteESeteMember"/>
    <link:definitionArc xlink:type="arc" xlink:arcrole="http://xbrl.org/int/dim/arcrole/dimension-domain" xlink:from="TabelaDeHipotesesDoRGPSAxis" xlink:to="AnoDeReferenciaTHMaisVinteESeteMember" xlink:title="definition: TabelaDeHipotesesDoRGPSAxis to AnoDeReferenciaTHMaisVinteESeteMember" order="29.0"/>
    <link:loc xlink:type="locator" xlink:href="../../../cor/dim/siconfi-dim_2020-12-31.xsd#siconfi-dim_AnoDeReferenciaTHMaisVinteEOitoMember" xlink:label="AnoDeReferenciaTHMaisVinteEOitoMember" xlink:title="AnoDeReferenciaTHMaisVinteEOitoMember"/>
    <link:definitionArc xlink:type="arc" xlink:arcrole="http://xbrl.org/int/dim/arcrole/dimension-domain" xlink:from="TabelaDeHipotesesDoRGPSAxis" xlink:to="AnoDeReferenciaTHMaisVinteEOitoMember" xlink:title="definition: TabelaDeHipotesesDoRGPSAxis to AnoDeReferenciaTHMaisVinteEOitoMember" order="30.0"/>
    <link:loc xlink:type="locator" xlink:href="../../../cor/dim/siconfi-dim_2020-12-31.xsd#siconfi-dim_AnoDeReferenciaTHMaisVinteENoveMember" xlink:label="AnoDeReferenciaTHMaisVinteENoveMember" xlink:title="AnoDeReferenciaTHMaisVinteENoveMember"/>
    <link:definitionArc xlink:type="arc" xlink:arcrole="http://xbrl.org/int/dim/arcrole/dimension-domain" xlink:from="TabelaDeHipotesesDoRGPSAxis" xlink:to="AnoDeReferenciaTHMaisVinteENoveMember" xlink:title="definition: TabelaDeHipotesesDoRGPSAxis to AnoDeReferenciaTHMaisVinteENoveMember" order="31.0"/>
    <link:loc xlink:type="locator" xlink:href="../../../cor/dim/siconfi-dim_2020-12-31.xsd#siconfi-dim_AnoDeReferenciaTHMaisTrintaMember" xlink:label="AnoDeReferenciaTHMaisTrintaMember" xlink:title="AnoDeReferenciaTHMaisTrintaMember"/>
    <link:definitionArc xlink:type="arc" xlink:arcrole="http://xbrl.org/int/dim/arcrole/dimension-domain" xlink:from="TabelaDeHipotesesDoRGPSAxis" xlink:to="AnoDeReferenciaTHMaisTrintaMember" xlink:title="definition: TabelaDeHipotesesDoRGPSAxis to AnoDeReferenciaTHMaisTrintaMember" order="32.0"/>
    <link:loc xlink:type="locator" xlink:href="../../../cor/dim/siconfi-dim_2020-12-31.xsd#siconfi-dim_AnoDeReferenciaTHMaisTrintaEUmMember" xlink:label="AnoDeReferenciaTHMaisTrintaEUmMember" xlink:title="AnoDeReferenciaTHMaisTrintaEUmMember"/>
    <link:definitionArc xlink:type="arc" xlink:arcrole="http://xbrl.org/int/dim/arcrole/dimension-domain" xlink:from="TabelaDeHipotesesDoRGPSAxis" xlink:to="AnoDeReferenciaTHMaisTrintaEUmMember" xlink:title="definition: TabelaDeHipotesesDoRGPSAxis to AnoDeReferenciaTHMaisTrintaEUmMember" order="33.0"/>
    <link:loc xlink:type="locator" xlink:href="../../../cor/dim/siconfi-dim_2020-12-31.xsd#siconfi-dim_AnoDeReferenciaTHMaisTrintaEDoisMember" xlink:label="AnoDeReferenciaTHMaisTrintaEDoisMember" xlink:title="AnoDeReferenciaTHMaisTrintaEDoisMember"/>
    <link:definitionArc xlink:type="arc" xlink:arcrole="http://xbrl.org/int/dim/arcrole/dimension-domain" xlink:from="TabelaDeHipotesesDoRGPSAxis" xlink:to="AnoDeReferenciaTHMaisTrintaEDoisMember" xlink:title="definition: TabelaDeHipotesesDoRGPSAxis to AnoDeReferenciaTHMaisTrintaEDoisMember" order="34.0"/>
    <link:loc xlink:type="locator" xlink:href="../../../cor/dim/siconfi-dim_2020-12-31.xsd#siconfi-dim_AnoDeReferenciaTHMaisTrintaETresMember" xlink:label="AnoDeReferenciaTHMaisTrintaETresMember" xlink:title="AnoDeReferenciaTHMaisTrintaETresMember"/>
    <link:definitionArc xlink:type="arc" xlink:arcrole="http://xbrl.org/int/dim/arcrole/dimension-domain" xlink:from="TabelaDeHipotesesDoRGPSAxis" xlink:to="AnoDeReferenciaTHMaisTrintaETresMember" xlink:title="definition: TabelaDeHipotesesDoRGPSAxis to AnoDeReferenciaTHMaisTrintaETresMember" order="35.0"/>
    <link:loc xlink:type="locator" xlink:href="../../../cor/dim/siconfi-dim_2020-12-31.xsd#siconfi-dim_AnoDeReferenciaTHMaisTrintaEQuatroMember" xlink:label="AnoDeReferenciaTHMaisTrintaEQuatroMember" xlink:title="AnoDeReferenciaTHMaisTrintaEQuatroMember"/>
    <link:definitionArc xlink:type="arc" xlink:arcrole="http://xbrl.org/int/dim/arcrole/dimension-domain" xlink:from="TabelaDeHipotesesDoRGPSAxis" xlink:to="AnoDeReferenciaTHMaisTrintaEQuatroMember" xlink:title="definition: TabelaDeHipotesesDoRGPSAxis to AnoDeReferenciaTHMaisTrintaEQuatroMember" order="36.0"/>
    <link:loc xlink:type="locator" xlink:href="../../../cor/dim/siconfi-dim_2020-12-31.xsd#siconfi-dim_AnoDeReferenciaTHMaisTrintaECincoMember" xlink:label="AnoDeReferenciaTHMaisTrintaECincoMember" xlink:title="AnoDeReferenciaTHMaisTrintaECincoMember"/>
    <link:definitionArc xlink:type="arc" xlink:arcrole="http://xbrl.org/int/dim/arcrole/dimension-domain" xlink:from="TabelaDeHipotesesDoRGPSAxis" xlink:to="AnoDeReferenciaTHMaisTrintaECincoMember" xlink:title="definition: TabelaDeHipotesesDoRGPSAxis to AnoDeReferenciaTHMaisTrintaECincoMember" order="37.0"/>
    <link:loc xlink:type="locator" xlink:href="../../../cor/dim/siconfi-dim_2020-12-31.xsd#siconfi-dim_AnoDeReferenciaTHMaisTrintaESeisMember" xlink:label="AnoDeReferenciaTHMaisTrintaESeisMember" xlink:title="AnoDeReferenciaTHMaisTrintaESeisMember"/>
    <link:definitionArc xlink:type="arc" xlink:arcrole="http://xbrl.org/int/dim/arcrole/dimension-domain" xlink:from="TabelaDeHipotesesDoRGPSAxis" xlink:to="AnoDeReferenciaTHMaisTrintaESeisMember" xlink:title="definition: TabelaDeHipotesesDoRGPSAxis to AnoDeReferenciaTHMaisTrintaESeisMember" order="38.0"/>
    <link:loc xlink:type="locator" xlink:href="../../../cor/dim/siconfi-dim_2020-12-31.xsd#siconfi-dim_AnoDeReferenciaTHMaisTrintaESeteMember" xlink:label="AnoDeReferenciaTHMaisTrintaESeteMember" xlink:title="AnoDeReferenciaTHMaisTrintaESeteMember"/>
    <link:definitionArc xlink:type="arc" xlink:arcrole="http://xbrl.org/int/dim/arcrole/dimension-domain" xlink:from="TabelaDeHipotesesDoRGPSAxis" xlink:to="AnoDeReferenciaTHMaisTrintaESeteMember" xlink:title="definition: TabelaDeHipotesesDoRGPSAxis to AnoDeReferenciaTHMaisTrintaESeteMember" order="39.0"/>
    <link:loc xlink:type="locator" xlink:href="../../../cor/dim/siconfi-dim_2020-12-31.xsd#siconfi-dim_AnoDeReferenciaTHMaisTrintaEOitoMember" xlink:label="AnoDeReferenciaTHMaisTrintaEOitoMember" xlink:title="AnoDeReferenciaTHMaisTrintaEOitoMember"/>
    <link:definitionArc xlink:type="arc" xlink:arcrole="http://xbrl.org/int/dim/arcrole/dimension-domain" xlink:from="TabelaDeHipotesesDoRGPSAxis" xlink:to="AnoDeReferenciaTHMaisTrintaEOitoMember" xlink:title="definition: TabelaDeHipotesesDoRGPSAxis to AnoDeReferenciaTHMaisTrintaEOitoMember" order="40.0"/>
    <link:loc xlink:type="locator" xlink:href="../../../cor/dim/siconfi-dim_2020-12-31.xsd#siconfi-dim_AnoDeReferenciaTHMaisTrintaENoveMember" xlink:label="AnoDeReferenciaTHMaisTrintaENoveMember" xlink:title="AnoDeReferenciaTHMaisTrintaENoveMember"/>
    <link:definitionArc xlink:type="arc" xlink:arcrole="http://xbrl.org/int/dim/arcrole/dimension-domain" xlink:from="TabelaDeHipotesesDoRGPSAxis" xlink:to="AnoDeReferenciaTHMaisTrintaENoveMember" xlink:title="definition: TabelaDeHipotesesDoRGPSAxis to AnoDeReferenciaTHMaisTrintaENoveMember" order="41.0"/>
    <link:loc xlink:type="locator" xlink:href="../../../cor/dim/siconfi-dim_2020-12-31.xsd#siconfi-dim_AnoDeReferenciaTHMaisQuarentaMember" xlink:label="AnoDeReferenciaTHMaisQuarentaMember" xlink:title="AnoDeReferenciaTHMaisQuarentaMember"/>
    <link:definitionArc xlink:type="arc" xlink:arcrole="http://xbrl.org/int/dim/arcrole/dimension-domain" xlink:from="TabelaDeHipotesesDoRGPSAxis" xlink:to="AnoDeReferenciaTHMaisQuarentaMember" xlink:title="definition: TabelaDeHipotesesDoRGPSAxis to AnoDeReferenciaTHMaisQuarentaMember" order="42.0"/>
    <link:loc xlink:type="locator" xlink:href="../../../cor/dim/siconfi-dim_2020-12-31.xsd#siconfi-dim_AnoDeReferenciaTHMaisQuarentaEUmMember" xlink:label="AnoDeReferenciaTHMaisQuarentaEUmMember" xlink:title="AnoDeReferenciaTHMaisQuarentaEUmMember"/>
    <link:definitionArc xlink:type="arc" xlink:arcrole="http://xbrl.org/int/dim/arcrole/dimension-domain" xlink:from="TabelaDeHipotesesDoRGPSAxis" xlink:to="AnoDeReferenciaTHMaisQuarentaEUmMember" xlink:title="definition: TabelaDeHipotesesDoRGPSAxis to AnoDeReferenciaTHMaisQuarentaEUmMember" order="43.0"/>
    <link:loc xlink:type="locator" xlink:href="../../../cor/dim/siconfi-dim_2020-12-31.xsd#siconfi-dim_AnoDeReferenciaTHMaisQuarentaEDoisMember" xlink:label="AnoDeReferenciaTHMaisQuarentaEDoisMember" xlink:title="AnoDeReferenciaTHMaisQuarentaEDoisMember"/>
    <link:definitionArc xlink:type="arc" xlink:arcrole="http://xbrl.org/int/dim/arcrole/dimension-domain" xlink:from="TabelaDeHipotesesDoRGPSAxis" xlink:to="AnoDeReferenciaTHMaisQuarentaEDoisMember" xlink:title="definition: TabelaDeHipotesesDoRGPSAxis to AnoDeReferenciaTHMaisQuarentaEDoisMember" order="44.0"/>
    <link:loc xlink:type="locator" xlink:href="../../../cor/dim/siconfi-dim_2020-12-31.xsd#siconfi-dim_AnoDeReferenciaTHMaisQuarentaETresMember" xlink:label="AnoDeReferenciaTHMaisQuarentaETresMember" xlink:title="AnoDeReferenciaTHMaisQuarentaETresMember"/>
    <link:definitionArc xlink:type="arc" xlink:arcrole="http://xbrl.org/int/dim/arcrole/dimension-domain" xlink:from="TabelaDeHipotesesDoRGPSAxis" xlink:to="AnoDeReferenciaTHMaisQuarentaETresMember" xlink:title="definition: TabelaDeHipotesesDoRGPSAxis to AnoDeReferenciaTHMaisQuarentaETresMember" order="45.0"/>
    <link:loc xlink:type="locator" xlink:href="../../../cor/dim/siconfi-dim_2020-12-31.xsd#siconfi-dim_AnoDeReferenciaTHMaisQuarentaEQuatroMember" xlink:label="AnoDeReferenciaTHMaisQuarentaEQuatroMember" xlink:title="AnoDeReferenciaTHMaisQuarentaEQuatroMember"/>
    <link:definitionArc xlink:type="arc" xlink:arcrole="http://xbrl.org/int/dim/arcrole/dimension-domain" xlink:from="TabelaDeHipotesesDoRGPSAxis" xlink:to="AnoDeReferenciaTHMaisQuarentaEQuatroMember" xlink:title="definition: TabelaDeHipotesesDoRGPSAxis to AnoDeReferenciaTHMaisQuarentaEQuatroMember" order="46.0"/>
    <link:loc xlink:type="locator" xlink:href="../../../cor/dim/siconfi-dim_2020-12-31.xsd#siconfi-dim_AnoDeReferenciaTHMaisQuarentaECincoMember" xlink:label="AnoDeReferenciaTHMaisQuarentaECincoMember" xlink:title="AnoDeReferenciaTHMaisQuarentaECincoMember"/>
    <link:definitionArc xlink:type="arc" xlink:arcrole="http://xbrl.org/int/dim/arcrole/dimension-domain" xlink:from="TabelaDeHipotesesDoRGPSAxis" xlink:to="AnoDeReferenciaTHMaisQuarentaECincoMember" xlink:title="definition: TabelaDeHipotesesDoRGPSAxis to AnoDeReferenciaTHMaisQuarentaECincoMember" order="47.0"/>
    <link:loc xlink:type="locator" xlink:href="../../../cor/dim/siconfi-dim_2020-12-31.xsd#siconfi-dim_AnoDeReferenciaTHMaisQuarentaESeisMember" xlink:label="AnoDeReferenciaTHMaisQuarentaESeisMember" xlink:title="AnoDeReferenciaTHMaisQuarentaESeisMember"/>
    <link:definitionArc xlink:type="arc" xlink:arcrole="http://xbrl.org/int/dim/arcrole/dimension-domain" xlink:from="TabelaDeHipotesesDoRGPSAxis" xlink:to="AnoDeReferenciaTHMaisQuarentaESeisMember" xlink:title="definition: TabelaDeHipotesesDoRGPSAxis to AnoDeReferenciaTHMaisQuarentaESeisMember" order="48.0"/>
    <link:loc xlink:type="locator" xlink:href="../../../cor/dim/siconfi-dim_2020-12-31.xsd#siconfi-dim_AnoDeReferenciaTHMaisQuarentaESeteMember" xlink:label="AnoDeReferenciaTHMaisQuarentaESeteMember" xlink:title="AnoDeReferenciaTHMaisQuarentaESeteMember"/>
    <link:definitionArc xlink:type="arc" xlink:arcrole="http://xbrl.org/int/dim/arcrole/dimension-domain" xlink:from="TabelaDeHipotesesDoRGPSAxis" xlink:to="AnoDeReferenciaTHMaisQuarentaESeteMember" xlink:title="definition: TabelaDeHipotesesDoRGPSAxis to AnoDeReferenciaTHMaisQuarentaESeteMember" order="49.0"/>
    <link:loc xlink:type="locator" xlink:href="../../../cor/dim/siconfi-dim_2020-12-31.xsd#siconfi-dim_AnoDeReferenciaTHMaisQuarentaEOitoMember" xlink:label="AnoDeReferenciaTHMaisQuarentaEOitoMember" xlink:title="AnoDeReferenciaTHMaisQuarentaEOitoMember"/>
    <link:definitionArc xlink:type="arc" xlink:arcrole="http://xbrl.org/int/dim/arcrole/dimension-domain" xlink:from="TabelaDeHipotesesDoRGPSAxis" xlink:to="AnoDeReferenciaTHMaisQuarentaEOitoMember" xlink:title="definition: TabelaDeHipotesesDoRGPSAxis to AnoDeReferenciaTHMaisQuarentaEOitoMember" order="50.0"/>
    <link:loc xlink:type="locator" xlink:href="../../../cor/dim/siconfi-dim_2020-12-31.xsd#siconfi-dim_AnoDeReferenciaTHMaisQuarentaENoveMember" xlink:label="AnoDeReferenciaTHMaisQuarentaENoveMember" xlink:title="AnoDeReferenciaTHMaisQuarentaENoveMember"/>
    <link:definitionArc xlink:type="arc" xlink:arcrole="http://xbrl.org/int/dim/arcrole/dimension-domain" xlink:from="TabelaDeHipotesesDoRGPSAxis" xlink:to="AnoDeReferenciaTHMaisQuarentaENoveMember" xlink:title="definition: TabelaDeHipotesesDoRGPSAxis to AnoDeReferenciaTHMaisQuarentaENoveMember" order="51.0"/>
    <link:loc xlink:type="locator" xlink:href="../../../cor/dim/siconfi-dim_2020-12-31.xsd#siconfi-dim_AnoDeReferenciaTHMaisCinquentaMember" xlink:label="AnoDeReferenciaTHMaisCinquentaMember" xlink:title="AnoDeReferenciaTHMaisCinquentaMember"/>
    <link:definitionArc xlink:type="arc" xlink:arcrole="http://xbrl.org/int/dim/arcrole/dimension-domain" xlink:from="TabelaDeHipotesesDoRGPSAxis" xlink:to="AnoDeReferenciaTHMaisCinquentaMember" xlink:title="definition: TabelaDeHipotesesDoRGPSAxis to AnoDeReferenciaTHMaisCinquentaMember" order="52.0"/>
    <link:loc xlink:type="locator" xlink:href="../../../cor/dim/siconfi-dim_2020-12-31.xsd#siconfi-dim_AnoDeReferenciaTHMaisCinquentaEUmMember" xlink:label="AnoDeReferenciaTHMaisCinquentaEUmMember" xlink:title="AnoDeReferenciaTHMaisCinquentaEUmMember"/>
    <link:definitionArc xlink:type="arc" xlink:arcrole="http://xbrl.org/int/dim/arcrole/dimension-domain" xlink:from="TabelaDeHipotesesDoRGPSAxis" xlink:to="AnoDeReferenciaTHMaisCinquentaEUmMember" xlink:title="definition: TabelaDeHipotesesDoRGPSAxis to AnoDeReferenciaTHMaisCinquentaEUmMember" order="53.0"/>
    <link:loc xlink:type="locator" xlink:href="../../../cor/dim/siconfi-dim_2020-12-31.xsd#siconfi-dim_AnoDeReferenciaTHMaisCinquentaEDoisMember" xlink:label="AnoDeReferenciaTHMaisCinquentaEDoisMember" xlink:title="AnoDeReferenciaTHMaisCinquentaEDoisMember"/>
    <link:definitionArc xlink:type="arc" xlink:arcrole="http://xbrl.org/int/dim/arcrole/dimension-domain" xlink:from="TabelaDeHipotesesDoRGPSAxis" xlink:to="AnoDeReferenciaTHMaisCinquentaEDoisMember" xlink:title="definition: TabelaDeHipotesesDoRGPSAxis to AnoDeReferenciaTHMaisCinquentaEDoisMember" order="54.0"/>
    <link:loc xlink:type="locator" xlink:href="../../../cor/dim/siconfi-dim_2020-12-31.xsd#siconfi-dim_AnoDeReferenciaTHMaisCinquentaETresMember" xlink:label="AnoDeReferenciaTHMaisCinquentaETresMember" xlink:title="AnoDeReferenciaTHMaisCinquentaETresMember"/>
    <link:definitionArc xlink:type="arc" xlink:arcrole="http://xbrl.org/int/dim/arcrole/dimension-domain" xlink:from="TabelaDeHipotesesDoRGPSAxis" xlink:to="AnoDeReferenciaTHMaisCinquentaETresMember" xlink:title="definition: TabelaDeHipotesesDoRGPSAxis to AnoDeReferenciaTHMaisCinquentaETresMember" order="55.0"/>
    <link:loc xlink:type="locator" xlink:href="../../../cor/dim/siconfi-dim_2020-12-31.xsd#siconfi-dim_AnoDeReferenciaTHMaisCinquentaEQuatroMember" xlink:label="AnoDeReferenciaTHMaisCinquentaEQuatroMember" xlink:title="AnoDeReferenciaTHMaisCinquentaEQuatroMember"/>
    <link:definitionArc xlink:type="arc" xlink:arcrole="http://xbrl.org/int/dim/arcrole/dimension-domain" xlink:from="TabelaDeHipotesesDoRGPSAxis" xlink:to="AnoDeReferenciaTHMaisCinquentaEQuatroMember" xlink:title="definition: TabelaDeHipotesesDoRGPSAxis to AnoDeReferenciaTHMaisCinquentaEQuatroMember" order="56.0"/>
    <link:loc xlink:type="locator" xlink:href="../../../cor/dim/siconfi-dim_2020-12-31.xsd#siconfi-dim_AnoDeReferenciaTHMaisCinquentaECincoMember" xlink:label="AnoDeReferenciaTHMaisCinquentaECincoMember" xlink:title="AnoDeReferenciaTHMaisCinquentaECincoMember"/>
    <link:definitionArc xlink:type="arc" xlink:arcrole="http://xbrl.org/int/dim/arcrole/dimension-domain" xlink:from="TabelaDeHipotesesDoRGPSAxis" xlink:to="AnoDeReferenciaTHMaisCinquentaECincoMember" xlink:title="definition: TabelaDeHipotesesDoRGPSAxis to AnoDeReferenciaTHMaisCinquentaECincoMember" order="57.0"/>
    <link:loc xlink:type="locator" xlink:href="../../../cor/dim/siconfi-dim_2020-12-31.xsd#siconfi-dim_AnoDeReferenciaTHMaisCinquentaESeisMember" xlink:label="AnoDeReferenciaTHMaisCinquentaESeisMember" xlink:title="AnoDeReferenciaTHMaisCinquentaESeisMember"/>
    <link:definitionArc xlink:type="arc" xlink:arcrole="http://xbrl.org/int/dim/arcrole/dimension-domain" xlink:from="TabelaDeHipotesesDoRGPSAxis" xlink:to="AnoDeReferenciaTHMaisCinquentaESeisMember" xlink:title="definition: TabelaDeHipotesesDoRGPSAxis to AnoDeReferenciaTHMaisCinquentaESeisMember" order="58.0"/>
    <link:loc xlink:type="locator" xlink:href="../../../cor/dim/siconfi-dim_2020-12-31.xsd#siconfi-dim_AnoDeReferenciaTHMaisCinquentaESeteMember" xlink:label="AnoDeReferenciaTHMaisCinquentaESeteMember" xlink:title="AnoDeReferenciaTHMaisCinquentaESeteMember"/>
    <link:definitionArc xlink:type="arc" xlink:arcrole="http://xbrl.org/int/dim/arcrole/dimension-domain" xlink:from="TabelaDeHipotesesDoRGPSAxis" xlink:to="AnoDeReferenciaTHMaisCinquentaESeteMember" xlink:title="definition: TabelaDeHipotesesDoRGPSAxis to AnoDeReferenciaTHMaisCinquentaESeteMember" order="59.0"/>
    <link:loc xlink:type="locator" xlink:href="../../../cor/dim/siconfi-dim_2020-12-31.xsd#siconfi-dim_AnoDeReferenciaTHMaisCinquentaEOitoMember" xlink:label="AnoDeReferenciaTHMaisCinquentaEOitoMember" xlink:title="AnoDeReferenciaTHMaisCinquentaEOitoMember"/>
    <link:definitionArc xlink:type="arc" xlink:arcrole="http://xbrl.org/int/dim/arcrole/dimension-domain" xlink:from="TabelaDeHipotesesDoRGPSAxis" xlink:to="AnoDeReferenciaTHMaisCinquentaEOitoMember" xlink:title="definition: TabelaDeHipotesesDoRGPSAxis to AnoDeReferenciaTHMaisCinquentaEOitoMember" order="60.0"/>
    <link:loc xlink:type="locator" xlink:href="../../../cor/dim/siconfi-dim_2020-12-31.xsd#siconfi-dim_AnoDeReferenciaTHMaisCinquentaENoveMember" xlink:label="AnoDeReferenciaTHMaisCinquentaENoveMember" xlink:title="AnoDeReferenciaTHMaisCinquentaENoveMember"/>
    <link:definitionArc xlink:type="arc" xlink:arcrole="http://xbrl.org/int/dim/arcrole/dimension-domain" xlink:from="TabelaDeHipotesesDoRGPSAxis" xlink:to="AnoDeReferenciaTHMaisCinquentaENoveMember" xlink:title="definition: TabelaDeHipotesesDoRGPSAxis to AnoDeReferenciaTHMaisCinquentaENoveMember" order="61.0"/>
    <link:loc xlink:type="locator" xlink:href="../../../cor/dim/siconfi-dim_2020-12-31.xsd#siconfi-dim_AnoDeReferenciaTHMaisSessentaMember" xlink:label="AnoDeReferenciaTHMaisSessentaMember" xlink:title="AnoDeReferenciaTHMaisSessentaMember"/>
    <link:definitionArc xlink:type="arc" xlink:arcrole="http://xbrl.org/int/dim/arcrole/dimension-domain" xlink:from="TabelaDeHipotesesDoRGPSAxis" xlink:to="AnoDeReferenciaTHMaisSessentaMember" xlink:title="definition: TabelaDeHipotesesDoRGPSAxis to AnoDeReferenciaTHMaisSessentaMember" order="62.0"/>
    <link:loc xlink:type="locator" xlink:href="../../../cor/dim/siconfi-dim_2020-12-31.xsd#siconfi-dim_AnoDeReferenciaTHMaisSessentaEUmMember" xlink:label="AnoDeReferenciaTHMaisSessentaEUmMember" xlink:title="AnoDeReferenciaTHMaisSessentaEUmMember"/>
    <link:definitionArc xlink:type="arc" xlink:arcrole="http://xbrl.org/int/dim/arcrole/dimension-domain" xlink:from="TabelaDeHipotesesDoRGPSAxis" xlink:to="AnoDeReferenciaTHMaisSessentaEUmMember" xlink:title="definition: TabelaDeHipotesesDoRGPSAxis to AnoDeReferenciaTHMaisSessentaEUmMember" order="63.0"/>
    <link:loc xlink:type="locator" xlink:href="../../../cor/dim/siconfi-dim_2020-12-31.xsd#siconfi-dim_AnoDeReferenciaTHMaisSessentaEDoisMember" xlink:label="AnoDeReferenciaTHMaisSessentaEDoisMember" xlink:title="AnoDeReferenciaTHMaisSessentaEDoisMember"/>
    <link:definitionArc xlink:type="arc" xlink:arcrole="http://xbrl.org/int/dim/arcrole/dimension-domain" xlink:from="TabelaDeHipotesesDoRGPSAxis" xlink:to="AnoDeReferenciaTHMaisSessentaEDoisMember" xlink:title="definition: TabelaDeHipotesesDoRGPSAxis to AnoDeReferenciaTHMaisSessentaEDoisMember" order="64.0"/>
    <link:loc xlink:type="locator" xlink:href="../../../cor/dim/siconfi-dim_2020-12-31.xsd#siconfi-dim_AnoDeReferenciaTHMaisSessentaETresMember" xlink:label="AnoDeReferenciaTHMaisSessentaETresMember" xlink:title="AnoDeReferenciaTHMaisSessentaETresMember"/>
    <link:definitionArc xlink:type="arc" xlink:arcrole="http://xbrl.org/int/dim/arcrole/dimension-domain" xlink:from="TabelaDeHipotesesDoRGPSAxis" xlink:to="AnoDeReferenciaTHMaisSessentaETresMember" xlink:title="definition: TabelaDeHipotesesDoRGPSAxis to AnoDeReferenciaTHMaisSessentaETresMember" order="65.0"/>
    <link:loc xlink:type="locator" xlink:href="../../../cor/dim/siconfi-dim_2020-12-31.xsd#siconfi-dim_AnoDeReferenciaTHMaisSessentaEQuatroMember" xlink:label="AnoDeReferenciaTHMaisSessentaEQuatroMember" xlink:title="AnoDeReferenciaTHMaisSessentaEQuatroMember"/>
    <link:definitionArc xlink:type="arc" xlink:arcrole="http://xbrl.org/int/dim/arcrole/dimension-domain" xlink:from="TabelaDeHipotesesDoRGPSAxis" xlink:to="AnoDeReferenciaTHMaisSessentaEQuatroMember" xlink:title="definition: TabelaDeHipotesesDoRGPSAxis to AnoDeReferenciaTHMaisSessentaEQuatroMember" order="66.0"/>
    <link:loc xlink:type="locator" xlink:href="../../../cor/dim/siconfi-dim_2020-12-31.xsd#siconfi-dim_AnoDeReferenciaTHMaisSessentaECincoMember" xlink:label="AnoDeReferenciaTHMaisSessentaECincoMember" xlink:title="AnoDeReferenciaTHMaisSessentaECincoMember"/>
    <link:definitionArc xlink:type="arc" xlink:arcrole="http://xbrl.org/int/dim/arcrole/dimension-domain" xlink:from="TabelaDeHipotesesDoRGPSAxis" xlink:to="AnoDeReferenciaTHMaisSessentaECincoMember" xlink:title="definition: TabelaDeHipotesesDoRGPSAxis to AnoDeReferenciaTHMaisSessentaECincoMember" order="67.0"/>
    <link:loc xlink:type="locator" xlink:href="../../../cor/dim/siconfi-dim_2020-12-31.xsd#siconfi-dim_AnoDeReferenciaTHMaisSessentaESeisMember" xlink:label="AnoDeReferenciaTHMaisSessentaESeisMember" xlink:title="AnoDeReferenciaTHMaisSessentaESeisMember"/>
    <link:definitionArc xlink:type="arc" xlink:arcrole="http://xbrl.org/int/dim/arcrole/dimension-domain" xlink:from="TabelaDeHipotesesDoRGPSAxis" xlink:to="AnoDeReferenciaTHMaisSessentaESeisMember" xlink:title="definition: TabelaDeHipotesesDoRGPSAxis to AnoDeReferenciaTHMaisSessentaESeisMember" order="68.0"/>
    <link:loc xlink:type="locator" xlink:href="../../../cor/dim/siconfi-dim_2020-12-31.xsd#siconfi-dim_AnoDeReferenciaTHMaisSessentaESeteMember" xlink:label="AnoDeReferenciaTHMaisSessentaESeteMember" xlink:title="AnoDeReferenciaTHMaisSessentaESeteMember"/>
    <link:definitionArc xlink:type="arc" xlink:arcrole="http://xbrl.org/int/dim/arcrole/dimension-domain" xlink:from="TabelaDeHipotesesDoRGPSAxis" xlink:to="AnoDeReferenciaTHMaisSessentaESeteMember" xlink:title="definition: TabelaDeHipotesesDoRGPSAxis to AnoDeReferenciaTHMaisSessentaESeteMember" order="69.0"/>
    <link:loc xlink:type="locator" xlink:href="../../../cor/dim/siconfi-dim_2020-12-31.xsd#siconfi-dim_AnoDeReferenciaTHMaisSessentaEOitoMember" xlink:label="AnoDeReferenciaTHMaisSessentaEOitoMember" xlink:title="AnoDeReferenciaTHMaisSessentaEOitoMember"/>
    <link:definitionArc xlink:type="arc" xlink:arcrole="http://xbrl.org/int/dim/arcrole/dimension-domain" xlink:from="TabelaDeHipotesesDoRGPSAxis" xlink:to="AnoDeReferenciaTHMaisSessentaEOitoMember" xlink:title="definition: TabelaDeHipotesesDoRGPSAxis to AnoDeReferenciaTHMaisSessentaEOitoMember" order="70.0"/>
    <link:loc xlink:type="locator" xlink:href="../../../cor/dim/siconfi-dim_2020-12-31.xsd#siconfi-dim_AnoDeReferenciaTHMaisSessentaENoveMember" xlink:label="AnoDeReferenciaTHMaisSessentaENoveMember" xlink:title="AnoDeReferenciaTHMaisSessentaENoveMember"/>
    <link:definitionArc xlink:type="arc" xlink:arcrole="http://xbrl.org/int/dim/arcrole/dimension-domain" xlink:from="TabelaDeHipotesesDoRGPSAxis" xlink:to="AnoDeReferenciaTHMaisSessentaENoveMember" xlink:title="definition: TabelaDeHipotesesDoRGPSAxis to AnoDeReferenciaTHMaisSessentaENoveMember" order="71.0"/>
    <link:loc xlink:type="locator" xlink:href="../../../cor/dim/siconfi-dim_2020-12-31.xsd#siconfi-dim_AnoDeReferenciaTHMaisSetentaMember" xlink:label="AnoDeReferenciaTHMaisSetentaMember" xlink:title="AnoDeReferenciaTHMaisSetentaMember"/>
    <link:definitionArc xlink:type="arc" xlink:arcrole="http://xbrl.org/int/dim/arcrole/dimension-domain" xlink:from="TabelaDeHipotesesDoRGPSAxis" xlink:to="AnoDeReferenciaTHMaisSetentaMember" xlink:title="definition: TabelaDeHipotesesDoRGPSAxis to AnoDeReferenciaTHMaisSetentaMember" order="72.0"/>
    <link:loc xlink:type="locator" xlink:href="../../../cor/dim/siconfi-dim_2020-12-31.xsd#siconfi-dim_AnoDeReferenciaTHMaisSetentaEUmMember" xlink:label="AnoDeReferenciaTHMaisSetentaEUmMember" xlink:title="AnoDeReferenciaTHMaisSetentaEUmMember"/>
    <link:definitionArc xlink:type="arc" xlink:arcrole="http://xbrl.org/int/dim/arcrole/dimension-domain" xlink:from="TabelaDeHipotesesDoRGPSAxis" xlink:to="AnoDeReferenciaTHMaisSetentaEUmMember" xlink:title="definition: TabelaDeHipotesesDoRGPSAxis to AnoDeReferenciaTHMaisSetentaEUmMember" order="73.0"/>
    <link:loc xlink:type="locator" xlink:href="../../../cor/dim/siconfi-dim_2020-12-31.xsd#siconfi-dim_AnoDeReferenciaTHMaisSetentaEDoisMember" xlink:label="AnoDeReferenciaTHMaisSetentaEDoisMember" xlink:title="AnoDeReferenciaTHMaisSetentaEDoisMember"/>
    <link:definitionArc xlink:type="arc" xlink:arcrole="http://xbrl.org/int/dim/arcrole/dimension-domain" xlink:from="TabelaDeHipotesesDoRGPSAxis" xlink:to="AnoDeReferenciaTHMaisSetentaEDoisMember" xlink:title="definition: TabelaDeHipotesesDoRGPSAxis to AnoDeReferenciaTHMaisSetentaEDoisMember" order="74.0"/>
    <link:loc xlink:type="locator" xlink:href="../../../cor/dim/siconfi-dim_2020-12-31.xsd#siconfi-dim_AnoDeReferenciaTHMaisSetentaETresMember" xlink:label="AnoDeReferenciaTHMaisSetentaETresMember" xlink:title="AnoDeReferenciaTHMaisSetentaETresMember"/>
    <link:definitionArc xlink:type="arc" xlink:arcrole="http://xbrl.org/int/dim/arcrole/dimension-domain" xlink:from="TabelaDeHipotesesDoRGPSAxis" xlink:to="AnoDeReferenciaTHMaisSetentaETresMember" xlink:title="definition: TabelaDeHipotesesDoRGPSAxis to AnoDeReferenciaTHMaisSetentaETresMember" order="75.0"/>
    <link:loc xlink:type="locator" xlink:href="../../../cor/dim/siconfi-dim_2020-12-31.xsd#siconfi-dim_AnoDeReferenciaTHMenosUmMember" xlink:label="AnoDeReferenciaTHMenosUmMember" xlink:title="AnoDeReferenciaTHMenosUmMember"/>
    <link:definitionArc xlink:type="arc" xlink:arcrole="http://xbrl.org/int/dim/arcrole/dimension-domain" xlink:from="TabelaDeHipotesesDoRGPSAxis" xlink:to="AnoDeReferenciaTHMenosUmMember" xlink:title="definition: TabelaDeHipotesesDoRGPSAxis to AnoDeReferenciaTHMenosUmMember" order="1.0"/>
  </link:definitionLink>
</link:linkbase>
