<?xml version="1.0" encoding="UTF-8"?>
<!-- Generated by Fujitsu Interstage XWand B0196 -->
<link:linkbase xmlns:xsi="http://www.w3.org/2001/XMLSchema-instance" xsi:schemaLocation="http://www.xbrl.org/2003/linkbase http://www.xbrl.org/2003/xbrl-linkbase-2003-12-31.xsd" xmlns:link="http://www.xbrl.org/2003/linkbase" xmlns:siconfi-rreo-anexo9="http://fazenda.gov.br/siconfi/rep/rreo/anexo9/siconfi-rreo-anexo9uniao_2019-12-31" xmlns:xlink="http://www.w3.org/1999/xlink" xmlns:xbrli="http://www.xbrl.org/2003/instance">
  <link:roleRef roleURI="http://fazenda.gov.br/siconfi/rep/rreo/anexo9uniao/siconfi-rreo-anexo9uniao-tabela9.0" xlink:type="simple" xlink:href="siconfi-rreo-anexo9uniao_2019-12-31.xsd#siconfi-rreo-anexo9uniao-tabela9.0"/>
  <link:roleRef roleURI="http://fazenda.gov.br/siconfi/rep/rreo/anexo9uniao/siconfi-rreo-anexo9uniao-tabela9.0A" xlink:type="simple" xlink:href="siconfi-rreo-anexo9uniao_2019-12-31.xsd#siconfi-rreo-anexo9uniao-tabela9.0A"/>
  <link:roleRef roleURI="http://fazenda.gov.br/siconfi/rep/rreo/anexo9uniao/siconfi-rreo-anexo9uniao-tabela9.0B" xlink:type="simple" xlink:href="siconfi-rreo-anexo9uniao_2019-12-31.xsd#siconfi-rreo-anexo9uniao-tabela9.0B"/>
  <link:roleRef roleURI="http://fazenda.gov.br/siconfi/rep/rreo/anexo9uniao/siconfi-rreo-anexo9uniao-tabela9.0C" xlink:type="simple" xlink:href="siconfi-rreo-anexo9uniao_2019-12-31.xsd#siconfi-rreo-anexo9uniao-tabela9.0C"/>
  <link:labelLink xlink:type="extended" xlink:role="http://fazenda.gov.br/siconfi/rep/rreo/anexo9uniao/siconfi-rreo-anexo9uniao-tabela9.0C">
    <link:loc xlink:type="locator" xlink:href="../../../cor/dim/siconfi-dim_2019-12-31.xsd#siconfi-dim_ApuracaoRegraDeOuroAxis" xlink:label="ApuracaoRegraDeOuroAxis" xlink:title="ApuracaoRegraDeOuroAxis"/>
    <link:label xlink:type="resource" xlink:label="label_ApuracaoRegraDeOuroAxis" xlink:role="http://www.xbrl.org/2003/role/label" xlink:title="label_ApuracaoRegraDeOuroAxis" xml:lang="pt-br" id="label_ApuracaoRegraDeOuroAxis_2">Resultado para Apuração da Regra de Ouro [axis] [orientacao=horizontal]</link:label>
    <link:labelArc xlink:type="arc" xlink:arcrole="http://www.xbrl.org/2003/arcrole/concept-label" xlink:from="ApuracaoRegraDeOuroAxis" xlink:to="label_ApuracaoRegraDeOuroAxis" xlink:title="label: ApuracaoRegraDeOuroAxis to label_ApuracaoRegraDeOuroAxis"/>
  </link:labelLink>
  <link:labelLink xlink:type="extended" xlink:role="http://www.xbrl.org/2003/role/link"/>
  <link:labelLink xlink:type="extended" xlink:role="http://fazenda.gov.br/siconfi/rep/rreo/anexo9uniao/siconfi-rreo-anexo9uniao-tabela9.0">
    <link:loc xlink:type="locator" xlink:href="../../../cor/ic/siconfi-cor_2019-12-31.xsd#siconfi-cor_AmortizacaoDaDivida" xlink:label="AmortizacaoDaDivida" xlink:title="AmortizacaoDaDivida"/>
    <link:label xlink:type="resource" xlink:label="label_AmortizacaoDaDivida" xlink:role="http://www.xbrl.org/2003/role/label" xlink:title="label_AmortizacaoDaDivida" xml:lang="pt-br" id="label_AmortizacaoDaDivida">Amortização da Dívida</link:label>
    <link:labelArc xlink:type="arc" xlink:arcrole="http://www.xbrl.org/2003/arcrole/concept-label" xlink:from="AmortizacaoDaDivida" xlink:to="label_AmortizacaoDaDivida" xlink:title="label: AmortizacaoDaDivida to label_AmortizacaoDaDivida"/>
    <link:loc xlink:type="locator" xlink:href="../../../cor/ic/siconfi-cor_2019-12-31.xsd#siconfi-cor_DespesaDeCapitalLiquida" xlink:label="DespesaDeCapitalLiquida" xlink:title="DespesaDeCapitalLiquida"/>
    <link:label xlink:type="resource" xlink:label="label_DespesaDeCapitalLiquida" xlink:role="http://www.xbrl.org/2003/role/label" xlink:title="label_DespesaDeCapitalLiquida" xml:lang="pt-br" id="label_DespesaDeCapitalLiquida">DESPESA DE CAPITAL LÍQUIDA (II)</link:label>
    <link:labelArc xlink:type="arc" xlink:arcrole="http://www.xbrl.org/2003/arcrole/concept-label" xlink:from="DespesaDeCapitalLiquida" xlink:to="label_DespesaDeCapitalLiquida" xlink:title="label: DespesaDeCapitalLiquida to label_DespesaDeCapitalLiquida"/>
    <link:loc xlink:type="locator" xlink:href="../../../cor/ic/siconfi-cor_2019-12-31.xsd#siconfi-cor_IncentivosFiscaisAContribuinte" xlink:label="IncentivosFiscaisAContribuinte" xlink:title="IncentivosFiscaisAContribuinte"/>
    <link:label xlink:type="resource" xlink:label="label_IncentivosFiscaisAContribuinte" xlink:role="http://www.xbrl.org/2003/role/label" xlink:title="label_IncentivosFiscaisAContribuinte" xml:lang="pt-br" id="label_IncentivosFiscaisAContribuinte">(-) Incentivos Fiscais a Contribuinte</link:label>
    <link:labelArc xlink:type="arc" xlink:arcrole="http://www.xbrl.org/2003/arcrole/concept-label" xlink:from="IncentivosFiscaisAContribuinte" xlink:to="label_IncentivosFiscaisAContribuinte" xlink:title="label: IncentivosFiscaisAContribuinte to label_IncentivosFiscaisAContribuinte"/>
    <link:loc xlink:type="locator" xlink:href="../../../cor/ic/siconfi-cor_2019-12-31.xsd#siconfi-cor_IncentivosFiscaisAContribuintePorInstituicoesFinanceiras" xlink:label="IncentivosFiscaisAContribuintePorInstituicoesFinanceiras" xlink:title="IncentivosFiscaisAContribuintePorInstituicoesFinanceiras"/>
    <link:label xlink:type="resource" xlink:label="label_IncentivosFiscaisAContribuintePorInstituicoesFinanceiras" xlink:role="http://www.xbrl.org/2003/role/label" xlink:title="label_IncentivosFiscaisAContribuintePorInstituicoesFinanceiras" xml:lang="pt-br" id="label_IncentivosFiscaisAContribuintePorInstituicoesFinanceiras">(-) Incentivos Fiscais a Contribuinte por Instituições Financeiras</link:label>
    <link:labelArc xlink:type="arc" xlink:arcrole="http://www.xbrl.org/2003/arcrole/concept-label" xlink:from="IncentivosFiscaisAContribuintePorInstituicoesFinanceiras" xlink:to="label_IncentivosFiscaisAContribuintePorInstituicoesFinanceiras" xlink:title="label: IncentivosFiscaisAContribuintePorInstituicoesFinanceiras to label_IncentivosFiscaisAContribuintePorInstituicoesFinanceiras"/>
    <link:loc xlink:type="locator" xlink:href="../../../cor/ic/siconfi-cor_2019-12-31.xsd#siconfi-cor_InversoesFinanceiras" xlink:label="InversoesFinanceiras" xlink:title="InversoesFinanceiras"/>
    <link:label xlink:type="resource" xlink:label="label_InversoesFinanceiras" xlink:role="http://www.xbrl.org/2003/role/label" xlink:title="label_InversoesFinanceiras" xml:lang="pt-br" id="label_InversoesFinanceiras">Inversões Financeiras</link:label>
    <link:labelArc xlink:type="arc" xlink:arcrole="http://www.xbrl.org/2003/arcrole/concept-label" xlink:from="InversoesFinanceiras" xlink:to="label_InversoesFinanceiras" xlink:title="label: InversoesFinanceiras to label_InversoesFinanceiras"/>
    <link:loc xlink:type="locator" xlink:href="../../../cor/ic/siconfi-cor_2019-12-31.xsd#siconfi-cor_Investimentos" xlink:label="Investimentos" xlink:title="Investimentos"/>
    <link:label xlink:type="resource" xlink:label="label_Investimentos" xlink:role="http://www.xbrl.org/2003/role/label" xlink:title="label_Investimentos" xml:lang="pt-br" id="label_Investimentos">Investimentos</link:label>
    <link:labelArc xlink:type="arc" xlink:arcrole="http://www.xbrl.org/2003/arcrole/concept-label" xlink:from="Investimentos" xlink:to="label_Investimentos" xlink:title="label: Investimentos to label_Investimentos"/>
    <link:loc xlink:type="locator" xlink:href="../../../cor/ic/siconfi-cor_2019-12-31.xsd#siconfi-cor_ReceitasDeOperacoesDeCredito" xlink:label="ReceitasDeOperacoesDeCredito" xlink:title="ReceitasDeOperacoesDeCredito"/>
    <link:label xlink:type="resource" xlink:label="label_ReceitasDeOperacoesDeCredito" xlink:role="http://www.xbrl.org/2003/role/label" xlink:title="label_ReceitasDeOperacoesDeCredito" xml:lang="pt-br" id="label_ReceitasDeOperacoesDeCredito">RECEITAS DE OPERAÇÕES DE CRÉDITO (I)</link:label>
    <link:labelArc xlink:type="arc" xlink:arcrole="http://www.xbrl.org/2003/arcrole/concept-label" xlink:from="ReceitasDeOperacoesDeCredito" xlink:to="label_ReceitasDeOperacoesDeCredito" xlink:title="label: ReceitasDeOperacoesDeCredito to label_ReceitasDeOperacoesDeCredito"/>
    <link:loc xlink:type="locator" xlink:href="../../../cor/ic/siconfi-cor_2019-12-31.xsd#siconfi-cor_ResultadoParaApuracaoDaRegraDeOuro" xlink:label="ResultadoParaApuracaoDaRegraDeOuro" xlink:title="ResultadoParaApuracaoDaRegraDeOuro"/>
    <link:label xlink:type="resource" xlink:label="label_ResultadoParaApuracaoDaRegraDeOuro" xlink:role="http://www.xbrl.org/2003/role/label" xlink:title="label_ResultadoParaApuracaoDaRegraDeOuro" xml:lang="pt-br" id="label_ResultadoParaApuracaoDaRegraDeOuro">RESULTADO PARA APURAÇÃO DA REGRA DE OURO (V) = (III + IV)</link:label>
    <link:labelArc xlink:type="arc" xlink:arcrole="http://www.xbrl.org/2003/arcrole/concept-label" xlink:from="ResultadoParaApuracaoDaRegraDeOuro" xlink:to="label_ResultadoParaApuracaoDaRegraDeOuro" xlink:title="label: ResultadoParaApuracaoDaRegraDeOuro to label_ResultadoParaApuracaoDaRegraDeOuro"/>
    <link:loc xlink:type="locator" xlink:href="../../../cor/ic/siconfi-cor_2019-12-31.xsd#siconfi-cor_FonteAnexo9Tabela9.0RREO" xlink:label="FonteAnexo9Tabela9.0RREO" xlink:title="FonteAnexo9Tabela9.0RREO"/>
    <link:label xlink:type="resource" xlink:label="label_FonteAnexo9Tabela9.0RREO" xlink:role="http://www.xbrl.org/2003/role/label" xlink:title="label_FonteAnexo9Tabela9.0RREO" xml:lang="pt-br" id="label_FonteAnexo9Tabela9.0RREO">Notas Explicativas</link:label>
    <link:labelArc xlink:type="arc" xlink:arcrole="http://www.xbrl.org/2003/arcrole/concept-label" xlink:from="FonteAnexo9Tabela9.0RREO" xlink:to="label_FonteAnexo9Tabela9.0RREO" xlink:title="label: FonteAnexo9Tabela9.0RREO to label_FonteAnexo9Tabela9.0RREO"/>
    <link:loc xlink:type="locator" xlink:href="../../../cor/ic/siconfi-cor_2019-12-31.xsd#siconfi-cor_RREO9DespesasDeCapital" xlink:label="RREO9DespesasDeCapital" xlink:title="RREO9DespesasDeCapital"/>
    <link:label xlink:type="resource" xlink:label="label_RREO9DespesasDeCapital" xlink:role="http://www.xbrl.org/2003/role/label" xlink:title="label_RREO9DespesasDeCapital" xml:lang="pt-br" id="label_RREO9DespesasDeCapital">DESPESAS DE CAPITAL</link:label>
    <link:labelArc xlink:type="arc" xlink:arcrole="http://www.xbrl.org/2003/arcrole/concept-label" xlink:from="RREO9DespesasDeCapital" xlink:to="label_RREO9DespesasDeCapital" xlink:title="label: RREO9DespesasDeCapital to label_RREO9DespesasDeCapital"/>
    <link:loc xlink:type="locator" xlink:href="../../../cor/ic/siconfi-cor_2019-12-31.xsd#siconfi-cor_RREO9ReceitasDeOperacoesDeCredito" xlink:label="RREO9ReceitasDeOperacoesDeCredito" xlink:title="RREO9ReceitasDeOperacoesDeCredito"/>
    <link:label xlink:type="resource" xlink:label="label_RREO9ReceitasDeOperacoesDeCredito" xlink:role="http://www.xbrl.org/2003/role/label" xlink:title="label_RREO9ReceitasDeOperacoesDeCredito" xml:lang="pt-br" id="label_RREO9ReceitasDeOperacoesDeCredito_2">RECEITAS DE OPERAÇÕES DE CRÉDITO</link:label>
    <link:labelArc xlink:type="arc" xlink:arcrole="http://www.xbrl.org/2003/arcrole/concept-label" xlink:from="RREO9ReceitasDeOperacoesDeCredito" xlink:to="label_RREO9ReceitasDeOperacoesDeCredito" xlink:title="label: RREO9ReceitasDeOperacoesDeCredito to label_RREO9ReceitasDeOperacoesDeCredito"/>
    <link:loc xlink:type="locator" xlink:href="../../../cor/ic/siconfi-cor_2019-12-31.xsd#siconfi-cor_VariacaoSaldoDaDividaPublicaDaContaUnicaUniao" xlink:label="VariacaoSaldoDaDividaPublicaDaContaUnicaUniao" xlink:title="VariacaoSaldoDaDividaPublicaDaContaUnicaUniao"/>
    <link:label xlink:type="resource" xlink:label="label_VariacaoSaldoDaDividaPublicaDaContaUnicaUniao" xlink:role="http://www.xbrl.org/2003/role/label" xlink:title="label_VariacaoSaldoDaDividaPublicaDaContaUnicaUniao" xml:lang="pt-br" id="label_VariacaoSaldoDaDividaPublicaDaContaUnicaUniao">(-) Variação do saldo da subconta da Dívida Pública da Conta Única da União</link:label>
    <link:labelArc xlink:type="arc" xlink:arcrole="http://www.xbrl.org/2003/arcrole/concept-label" xlink:from="VariacaoSaldoDaDividaPublicaDaContaUnicaUniao" xlink:to="label_VariacaoSaldoDaDividaPublicaDaContaUnicaUniao" xlink:title="label: VariacaoSaldoDaDividaPublicaDaContaUnicaUniao to label_VariacaoSaldoDaDividaPublicaDaContaUnicaUniao"/>
    <link:loc xlink:type="locator" xlink:href="../../../cor/ic/siconfi-cor_2019-12-31.xsd#siconfi-cor_OperacoesDeCreditoArt167IncisoIII" xlink:label="OperacoesDeCreditoArt167IncisoIII" xlink:title="OperacoesDeCreditoArt167IncisoIII"/>
    <link:label xlink:type="resource" xlink:label="label_OperacoesDeCreditoArt167IncisoIII" xlink:role="http://www.xbrl.org/2003/role/label" xlink:title="label_OperacoesDeCreditoArt167IncisoIII" xml:lang="pt-br" id="label_OperacoesDeCreditoArt167IncisoIII">Operações de Crédito ressalvadas pelo art. 167, inciso III, da CF/88 (IV)</link:label>
    <link:labelArc xlink:type="arc" xlink:arcrole="http://www.xbrl.org/2003/arcrole/concept-label" xlink:from="OperacoesDeCreditoArt167IncisoIII" xlink:to="label_OperacoesDeCreditoArt167IncisoIII" xlink:title="label: OperacoesDeCreditoArt167IncisoIII to label_OperacoesDeCreditoArt167IncisoIII"/>
    <link:loc xlink:type="locator" xlink:href="../../../cor/ic/siconfi-cor_2019-12-31.xsd#siconfi-cor_ReceitasDeOperacoesDeCreditoRegraDeOuro" xlink:label="ReceitasDeOperacoesDeCreditoRegraDeOuro" xlink:title="ReceitasDeOperacoesDeCreditoRegraDeOuro"/>
    <link:label xlink:type="resource" xlink:label="label_ReceitasDeOperacoesDeCreditoRegraDeOuro" xlink:role="http://www.xbrl.org/2003/role/label" xlink:title="label_ReceitasDeOperacoesDeCreditoRegraDeOuro" xml:lang="pt-br" id="label_ReceitasDeOperacoesDeCreditoRegraDeOuro">RECEITAS DE OPERAÇÕES DE CRÉDITO CONSIDERADAS NA APURAÇÃO DA REGRA DE OURO (I)</link:label>
    <link:labelArc xlink:type="arc" xlink:arcrole="http://www.xbrl.org/2003/arcrole/concept-label" xlink:from="ReceitasDeOperacoesDeCreditoRegraDeOuro" xlink:to="label_ReceitasDeOperacoesDeCreditoRegraDeOuro" xlink:title="label: ReceitasDeOperacoesDeCreditoRegraDeOuro to label_ReceitasDeOperacoesDeCreditoRegraDeOuro"/>
    <link:loc xlink:type="locator" xlink:href="../../../cor/ic/siconfi-cor_2019-12-31.xsd#siconfi-cor_ResultadoAntesDaRessalvaConstitucional" xlink:label="ResultadoAntesDaRessalvaConstitucional" xlink:title="ResultadoAntesDaRessalvaConstitucional"/>
    <link:label xlink:type="resource" xlink:label="label_ResultadoAntesDaRessalvaConstitucional" xlink:role="http://www.xbrl.org/2003/role/label" xlink:title="label_ResultadoAntesDaRessalvaConstitucional" xml:lang="pt-br" id="label_ResultadoAntesDaRessalvaConstitucional">RESULTADO ANTES DA RESSALVA CONSTITUCIONAL (III) = (II - I)</link:label>
    <link:labelArc xlink:type="arc" xlink:arcrole="http://www.xbrl.org/2003/arcrole/concept-label" xlink:from="ResultadoAntesDaRessalvaConstitucional" xlink:to="label_ResultadoAntesDaRessalvaConstitucional" xlink:title="label: ResultadoAntesDaRessalvaConstitucional to label_ResultadoAntesDaRessalvaConstitucional"/>
    <link:loc xlink:type="locator" xlink:href="../../../cor/dim/siconfi-dim_2019-12-31.xsd#siconfi-dim_ApuracaoRegraDeOuroAxis" xlink:label="ApuracaoRegraDeOuroAxis" xlink:title="ApuracaoRegraDeOuroAxis"/>
    <link:label xlink:type="resource" xlink:label="label_ApuracaoRegraDeOuroAxis" xlink:role="http://www.xbrl.org/2003/role/label" xlink:title="label_ApuracaoRegraDeOuroAxis" xml:lang="pt-br" id="label_ApuracaoRegraDeOuroAxis">Resultado para Apuração da Regra de Ouro [axis] [orientacao=horizontal]</link:label>
    <link:labelArc xlink:type="arc" xlink:arcrole="http://www.xbrl.org/2003/arcrole/concept-label" xlink:from="ApuracaoRegraDeOuroAxis" xlink:to="label_ApuracaoRegraDeOuroAxis" xlink:title="label: ApuracaoRegraDeOuroAxis to label_ApuracaoRegraDeOuroAxis"/>
    <link:loc xlink:type="locator" xlink:href="../../../cor/dim/siconfi-dim_2019-12-31.xsd#siconfi-dim_ExecucaoDaReceitaAxis" xlink:label="ExecucaoDaReceitaAxis" xlink:title="ExecucaoDaReceitaAxis"/>
    <link:label xlink:type="resource" xlink:label="label_ExecucaoDaReceitaAxis" xlink:role="http://www.xbrl.org/2003/role/label" xlink:title="label_ExecucaoDaReceitaAxis" xml:lang="pt-br" id="label_ExecucaoDaReceitaAxis">Receitas de Operações de Crédito [axis] [orientacao=horizontal]</link:label>
    <link:labelArc xlink:type="arc" xlink:arcrole="http://www.xbrl.org/2003/arcrole/concept-label" xlink:from="ExecucaoDaReceitaAxis" xlink:to="label_ExecucaoDaReceitaAxis" xlink:title="label: ExecucaoDaReceitaAxis to label_ExecucaoDaReceitaAxis"/>
    <link:loc xlink:type="locator" xlink:href="../../../cor/dim/siconfi-dim_2019-12-31.xsd#siconfi-dim_ApuracaoDaRegraDeOuroDoisMember" xlink:label="ApuracaoDaRegraDeOuroDoisMember" xlink:title="ApuracaoDaRegraDeOuroDoisMember"/>
    <link:label xlink:type="resource" xlink:label="label_ApuracaoDaRegraDeOuroDoisMember" xlink:role="http://www.xbrl.org/2003/role/label" xlink:title="label_ApuracaoDaRegraDeOuroDoisMember" xml:lang="pt-br" id="label_ApuracaoDaRegraDeOuroDoisMember">(e - b) [member]</link:label>
    <link:labelArc xlink:type="arc" xlink:arcrole="http://www.xbrl.org/2003/arcrole/concept-label" xlink:from="ApuracaoDaRegraDeOuroDoisMember" xlink:to="label_ApuracaoDaRegraDeOuroDoisMember" xlink:title="label: ApuracaoDaRegraDeOuroDoisMember to label_ApuracaoDaRegraDeOuroDoisMember"/>
    <link:loc xlink:type="locator" xlink:href="../../../cor/dim/siconfi-dim_2019-12-31.xsd#siconfi-dim_ApuracaoDaRegraDeOuroTresMember" xlink:label="ApuracaoDaRegraDeOuroTresMember" xlink:title="ApuracaoDaRegraDeOuroTresMember"/>
    <link:label xlink:type="resource" xlink:label="label_ApuracaoDaRegraDeOuroTresMember" xlink:role="http://www.xbrl.org/2003/role/label" xlink:title="label_ApuracaoDaRegraDeOuroTresMember" xml:lang="pt-br" id="label_ApuracaoDaRegraDeOuroTresMember">(f - c) [member]</link:label>
    <link:labelArc xlink:type="arc" xlink:arcrole="http://www.xbrl.org/2003/arcrole/concept-label" xlink:from="ApuracaoDaRegraDeOuroTresMember" xlink:to="label_ApuracaoDaRegraDeOuroTresMember" xlink:title="label: ApuracaoDaRegraDeOuroTresMember to label_ApuracaoDaRegraDeOuroTresMember"/>
    <link:loc xlink:type="locator" xlink:href="../../../cor/dim/siconfi-dim_2019-12-31.xsd#siconfi-dim_ApuracaoDaRegraDeOuroUmMember" xlink:label="ApuracaoDaRegraDeOuroUmMember" xlink:title="ApuracaoDaRegraDeOuroUmMember"/>
    <link:label xlink:type="resource" xlink:label="label_ApuracaoDaRegraDeOuroUmMember" xlink:role="http://www.xbrl.org/2003/role/label" xlink:title="label_ApuracaoDaRegraDeOuroUmMember" xml:lang="pt-br" id="label_ApuracaoDaRegraDeOuroUmMember">VALOR [member]</link:label>
    <link:labelArc xlink:type="arc" xlink:arcrole="http://www.xbrl.org/2003/arcrole/concept-label" xlink:from="ApuracaoDaRegraDeOuroUmMember" xlink:to="label_ApuracaoDaRegraDeOuroUmMember" xlink:title="label: ApuracaoDaRegraDeOuroUmMember to label_ApuracaoDaRegraDeOuroUmMember"/>
    <link:loc xlink:type="locator" xlink:href="../../../cor/dim/siconfi-dim_2019-12-31.xsd#siconfi-dim_DespesasEmpenhadasMember" xlink:label="DespesasEmpenhadasMember" xlink:title="DespesasEmpenhadasMember"/>
    <link:label xlink:type="resource" xlink:label="label_DespesasEmpenhadasMember" xlink:role="http://www.xbrl.org/2003/role/label" xlink:title="label_DespesasEmpenhadasMember" xml:lang="pt-br" id="label_DespesasEmpenhadasMember">DESPESAS EMPENHADAS [member]</link:label>
    <link:labelArc xlink:type="arc" xlink:arcrole="http://www.xbrl.org/2003/arcrole/concept-label" xlink:from="DespesasEmpenhadasMember" xlink:to="label_DespesasEmpenhadasMember" xlink:title="label: DespesasEmpenhadasMember to label_DespesasEmpenhadasMember"/>
    <link:loc xlink:type="locator" xlink:href="../../../cor/dim/siconfi-dim_2019-12-31.xsd#siconfi-dim_DespesasInscritasEmRestosAPagarNaoProcessadosMember" xlink:label="DespesasInscritasEmRestosAPagarNaoProcessadosMember" xlink:title="DespesasInscritasEmRestosAPagarNaoProcessadosMember"/>
    <link:label xlink:type="resource" xlink:label="label_DespesasInscritasEmRestosAPagarNaoProcessadosMember" xlink:role="http://www.xbrl.org/2003/role/label" xlink:title="label_DespesasInscritasEmRestosAPagarNaoProcessadosMember" xml:lang="pt-br" id="label_DespesasInscritasEmRestosAPagarNaoProcessadosMember">DESPESAS INSCRITAS EM RESTOS A PAGAR NÃO PROCESSADOS [member]</link:label>
    <link:labelArc xlink:type="arc" xlink:arcrole="http://www.xbrl.org/2003/arcrole/concept-label" xlink:from="DespesasInscritasEmRestosAPagarNaoProcessadosMember" xlink:to="label_DespesasInscritasEmRestosAPagarNaoProcessadosMember" xlink:title="label: DespesasInscritasEmRestosAPagarNaoProcessadosMember to label_DespesasInscritasEmRestosAPagarNaoProcessadosMember"/>
    <link:loc xlink:type="locator" xlink:href="../../../cor/dim/siconfi-dim_2019-12-31.xsd#siconfi-dim_DespesasLiquidadasAteOBimestreMember" xlink:label="DespesasLiquidadasAteOBimestreMember" xlink:title="DespesasLiquidadasAteOBimestreMember"/>
    <link:label xlink:type="resource" xlink:label="label_DespesasLiquidadasAteOBimestreMember" xlink:role="http://www.xbrl.org/2003/role/label" xlink:title="label_DespesasLiquidadasAteOBimestreMember" xml:lang="pt-br" id="label_DespesasLiquidadasAteOBimestreMember">LIQUIDADAS (e) [member]</link:label>
    <link:labelArc xlink:type="arc" xlink:arcrole="http://www.xbrl.org/2003/arcrole/concept-label" xlink:from="DespesasLiquidadasAteOBimestreMember" xlink:to="label_DespesasLiquidadasAteOBimestreMember" xlink:title="label: DespesasLiquidadasAteOBimestreMember to label_DespesasLiquidadasAteOBimestreMember"/>
    <link:loc xlink:type="locator" xlink:href="../../../cor/dim/siconfi-dim_2019-12-31.xsd#siconfi-dim_DespesasLiquidadasMember" xlink:label="DespesasLiquidadasMember" xlink:title="DespesasLiquidadasMember"/>
    <link:label xlink:type="resource" xlink:label="label_DespesasLiquidadasMember" xlink:role="http://www.xbrl.org/2003/role/label" xlink:title="label_DespesasLiquidadasMember" xml:lang="pt-br" id="label_DespesasLiquidadasMember">DESPESAS LIQUIDADAS [member]</link:label>
    <link:labelArc xlink:type="arc" xlink:arcrole="http://www.xbrl.org/2003/arcrole/concept-label" xlink:from="DespesasLiquidadasMember" xlink:to="label_DespesasLiquidadasMember" xlink:title="label: DespesasLiquidadasMember to label_DespesasLiquidadasMember"/>
    <link:loc xlink:type="locator" xlink:href="../../../cor/dim/siconfi-dim_2019-12-31.xsd#siconfi-dim_DotacaoAtualizadaMember" xlink:label="DotacaoAtualizadaMember" xlink:title="DotacaoAtualizadaMember"/>
    <link:label xlink:type="resource" xlink:label="label_DotacaoAtualizadaMember" xlink:role="http://www.xbrl.org/2003/role/label" xlink:title="label_DotacaoAtualizadaMember" xml:lang="pt-br" id="label_DotacaoAtualizadaMember">DOTAÇÃO ATUALIZADA (d) [member]</link:label>
    <link:labelArc xlink:type="arc" xlink:arcrole="http://www.xbrl.org/2003/arcrole/concept-label" xlink:from="DotacaoAtualizadaMember" xlink:to="label_DotacaoAtualizadaMember" xlink:title="label: DotacaoAtualizadaMember to label_DotacaoAtualizadaMember"/>
    <link:loc xlink:type="locator" xlink:href="../../../cor/dim/siconfi-dim_2019-12-31.xsd#siconfi-dim_PrevisaoAtualizadaMember" xlink:label="PrevisaoAtualizadaMember" xlink:title="PrevisaoAtualizadaMember"/>
    <link:label xlink:type="resource" xlink:label="label_PrevisaoAtualizadaMember" xlink:role="http://www.xbrl.org/2003/role/label" xlink:title="label_PrevisaoAtualizadaMember" xml:lang="pt-br" id="label_PrevisaoAtualizadaMember">PREVISÃO ATUALIZADA (a) [member]</link:label>
    <link:labelArc xlink:type="arc" xlink:arcrole="http://www.xbrl.org/2003/arcrole/concept-label" xlink:from="PrevisaoAtualizadaMember" xlink:to="label_PrevisaoAtualizadaMember" xlink:title="label: PrevisaoAtualizadaMember to label_PrevisaoAtualizadaMember"/>
    <link:loc xlink:type="locator" xlink:href="../../../cor/dim/siconfi-dim_2019-12-31.xsd#siconfi-dim_ReceitasRealizadasAteOBimestreMember" xlink:label="ReceitasRealizadasAteOBimestreMember" xlink:title="ReceitasRealizadasAteOBimestreMember"/>
    <link:label xlink:type="resource" xlink:label="label_ReceitasRealizadasAteOBimestreMember" xlink:role="http://www.xbrl.org/2003/role/label" xlink:title="label_ReceitasRealizadasAteOBimestreMember" xml:lang="pt-br" id="label_ReceitasRealizadasAteOBimestreMember">RECEITAS REALIZADAS [member]</link:label>
    <link:labelArc xlink:type="arc" xlink:arcrole="http://www.xbrl.org/2003/arcrole/concept-label" xlink:from="ReceitasRealizadasAteOBimestreMember" xlink:to="label_ReceitasRealizadasAteOBimestreMember" xlink:title="label: ReceitasRealizadasAteOBimestreMember to label_ReceitasRealizadasAteOBimestreMember"/>
    <link:loc xlink:type="locator" xlink:href="../../../cor/dim/siconfi-dim_2019-12-31.xsd#siconfi-dim_SaldoDespesaMember" xlink:label="SaldoDespesaMember" xlink:title="SaldoDespesaMember"/>
    <link:label xlink:type="resource" xlink:label="label_SaldoDespesaMember" xlink:role="http://www.xbrl.org/2003/role/label" xlink:title="label_SaldoDespesaMember" xml:lang="pt-br" id="label_SaldoDespesaMember">SALDO NÃO EXECUTADO (f) = (d - e) [member]</link:label>
    <link:labelArc xlink:type="arc" xlink:arcrole="http://www.xbrl.org/2003/arcrole/concept-label" xlink:from="SaldoDespesaMember" xlink:to="label_SaldoDespesaMember" xlink:title="label: SaldoDespesaMember to label_SaldoDespesaMember"/>
    <link:loc xlink:type="locator" xlink:href="../../../cor/dim/siconfi-dim_2019-12-31.xsd#siconfi-dim_SaldoReceitaMember" xlink:label="SaldoReceitaMember" xlink:title="SaldoReceitaMember"/>
    <link:label xlink:type="resource" xlink:label="label_SaldoReceitaMember" xlink:role="http://www.xbrl.org/2003/role/label" xlink:title="label_SaldoReceitaMember" xml:lang="pt-br" id="label_SaldoReceitaMember">SALDO NÃO REALIZADO (c) = (a - b) [member]</link:label>
    <link:labelArc xlink:type="arc" xlink:arcrole="http://www.xbrl.org/2003/arcrole/concept-label" xlink:from="SaldoReceitaMember" xlink:to="label_SaldoReceitaMember" xlink:title="label: SaldoReceitaMember to label_SaldoReceitaMember"/>
    <link:loc xlink:type="locator" xlink:href="../../../cor/dim/siconfi-dim_2019-12-31.xsd#siconfi-dim_ExecucaoDaDespesaDeCapitalAxis" xlink:label="ExecucaoDaDespesaDeCapitalAxis" xlink:title="ExecucaoDaDespesaDeCapitalAxis"/>
    <link:label xlink:type="resource" xlink:label="label_ExecucaoDaDespesaDeCapitalAxis" xlink:role="http://www.xbrl.org/2003/role/label" xlink:title="label_ExecucaoDaDespesaDeCapitalAxis" xml:lang="pt-br" id="label_ExecucaoDaDespesaDeCapitalAxis_2">Despesas de Capital [axis] [orientacao=horizontal]</link:label>
    <link:labelArc xlink:type="arc" xlink:arcrole="http://www.xbrl.org/2003/arcrole/concept-label" xlink:from="ExecucaoDaDespesaDeCapitalAxis" xlink:to="label_ExecucaoDaDespesaDeCapitalAxis" xlink:title="label: ExecucaoDaDespesaDeCapitalAxis to label_ExecucaoDaDespesaDeCapitalAxis"/>
    <link:loc xlink:type="locator" xlink:href="siconfi-rreo-anexo9uniao_2019-12-31.xsd#siconfi-rreo-anexo9uniao_DemonstrativoAnexo9Abstract" xlink:label="DemonstrativoAnexo9Abstract" xlink:title="DemonstrativoAnexo9Abstract"/>
    <link:label xlink:type="resource" xlink:label="label_DemonstrativoAnexo9Abstract" xlink:role="http://www.xbrl.org/2003/role/label" xlink:title="label_DemonstrativoAnexo9Abstract" xml:lang="pt-br" id="label_DemonstrativoAnexo9Abstract">RREO - Anexo 9 (LRF, art. 53, § 1°, inciso I) [abstract]</link:label>
    <link:labelArc xlink:type="arc" xlink:arcrole="http://www.xbrl.org/2003/arcrole/concept-label" xlink:from="DemonstrativoAnexo9Abstract" xlink:to="label_DemonstrativoAnexo9Abstract" xlink:title="label: DemonstrativoAnexo9Abstract to label_DemonstrativoAnexo9Abstract"/>
    <link:loc xlink:type="locator" xlink:href="siconfi-rreo-anexo9uniao_2019-12-31.xsd#siconfi-rreo-anexo9uniao_RegraDeOuroAbstract" xlink:label="RegraDeOuroAbstract" xlink:title="RegraDeOuroAbstract"/>
    <link:label xlink:type="resource" xlink:label="label_RegraDeOuroAbstract" xlink:role="http://www.xbrl.org/2003/role/label" xlink:title="label_RegraDeOuroAbstract" xml:lang="pt-br" id="label_RegraDeOuroAbstract">[005] Resultado para Apuração da Regra de Ouro [abstract]</link:label>
    <link:labelArc xlink:type="arc" xlink:arcrole="http://www.xbrl.org/2003/arcrole/concept-label" xlink:from="RegraDeOuroAbstract" xlink:to="label_RegraDeOuroAbstract" xlink:title="label: RegraDeOuroAbstract to label_RegraDeOuroAbstract"/>
    <link:loc xlink:type="locator" xlink:href="siconfi-rreo-anexo9uniao_2019-12-31.xsd#siconfi-rreo-anexo9uniao_RegraDeOuroTable" xlink:label="RegraDeOuroTable" xlink:title="RegraDeOuroTable"/>
    <link:label xlink:type="resource" xlink:label="label_RegraDeOuroTable" xlink:role="http://www.xbrl.org/2003/role/label" xlink:title="label_RegraDeOuroTable" xml:lang="pt-br" id="label_RegraDeOuroTable">Resultado para Apuração da Regra de Ouro [table]</link:label>
    <link:labelArc xlink:type="arc" xlink:arcrole="http://www.xbrl.org/2003/arcrole/concept-label" xlink:from="RegraDeOuroTable" xlink:to="label_RegraDeOuroTable" xlink:title="label: RegraDeOuroTable to label_RegraDeOuroTable"/>
    <link:loc xlink:type="locator" xlink:href="siconfi-rreo-anexo9uniao_2019-12-31.xsd#siconfi-rreo-anexo9uniao_RegraDeOuroLineItems" xlink:label="RegraDeOuroLineItems" xlink:title="RegraDeOuroLineItems"/>
    <link:label xlink:type="resource" xlink:label="label_RegraDeOuroLineItems" xlink:role="http://www.xbrl.org/2003/role/label" xlink:title="label_RegraDeOuroLineItems" xml:lang="pt-br" id="label_RegraDeOuroLineItems">[006] Resultado para Apuração da Regra de Ouro [line items]</link:label>
    <link:labelArc xlink:type="arc" xlink:arcrole="http://www.xbrl.org/2003/arcrole/concept-label" xlink:from="RegraDeOuroLineItems" xlink:to="label_RegraDeOuroLineItems" xlink:title="label: RegraDeOuroLineItems to label_RegraDeOuroLineItems"/>
    <link:loc xlink:type="locator" xlink:href="siconfi-rreo-anexo9uniao_2019-12-31.xsd#siconfi-rreo-anexo9uniao_ReceitasAbstract" xlink:label="ReceitasAbstract" xlink:title="ReceitasAbstract"/>
    <link:label xlink:type="resource" xlink:label="label_ReceitasAbstract" xlink:role="http://www.xbrl.org/2003/role/label" xlink:title="label_ReceitasAbstract" xml:lang="pt-br" id="label_ReceitasAbstract">[001] Receitas [abstract]</link:label>
    <link:labelArc xlink:type="arc" xlink:arcrole="http://www.xbrl.org/2003/arcrole/concept-label" xlink:from="ReceitasAbstract" xlink:to="label_ReceitasAbstract" xlink:title="label: ReceitasAbstract to label_ReceitasAbstract"/>
    <link:loc xlink:type="locator" xlink:href="siconfi-rreo-anexo9uniao_2019-12-31.xsd#siconfi-rreo-anexo9uniao_DespesasAbstract" xlink:label="DespesasAbstract" xlink:title="DespesasAbstract"/>
    <link:label xlink:type="resource" xlink:label="label_DespesasAbstract" xlink:role="http://www.xbrl.org/2003/role/label" xlink:title="label_DespesasAbstract" xml:lang="pt-br" id="label_DespesasAbstract">[003] Despesas [abstract]</link:label>
    <link:labelArc xlink:type="arc" xlink:arcrole="http://www.xbrl.org/2003/arcrole/concept-label" xlink:from="DespesasAbstract" xlink:to="label_DespesasAbstract" xlink:title="label: DespesasAbstract to label_DespesasAbstract"/>
    <link:loc xlink:type="locator" xlink:href="siconfi-rreo-anexo9uniao_2019-12-31.xsd#siconfi-rreo-anexo9uniao_ReceitasTable" xlink:label="ReceitasTable" xlink:title="ReceitasTable"/>
    <link:label xlink:type="resource" xlink:label="label_ReceitasTable" xlink:role="http://www.xbrl.org/2003/role/label" xlink:title="label_ReceitasTable" xml:lang="pt-br" id="label_ReceitasTable">Receitas de Operações de Crédito [table]</link:label>
    <link:labelArc xlink:type="arc" xlink:arcrole="http://www.xbrl.org/2003/arcrole/concept-label" xlink:from="ReceitasTable" xlink:to="label_ReceitasTable" xlink:title="label: ReceitasTable to label_ReceitasTable"/>
    <link:loc xlink:type="locator" xlink:href="siconfi-rreo-anexo9uniao_2019-12-31.xsd#siconfi-rreo-anexo9uniao_DespesasTable" xlink:label="DespesasTable" xlink:title="DespesasTable"/>
    <link:label xlink:type="resource" xlink:label="label_DespesasTable" xlink:role="http://www.xbrl.org/2003/role/label" xlink:title="label_DespesasTable" xml:lang="pt-br" id="label_DespesasTable">Despesas de Capital [table]</link:label>
    <link:labelArc xlink:type="arc" xlink:arcrole="http://www.xbrl.org/2003/arcrole/concept-label" xlink:from="DespesasTable" xlink:to="label_DespesasTable" xlink:title="label: DespesasTable to label_DespesasTable"/>
    <link:loc xlink:type="locator" xlink:href="siconfi-rreo-anexo9uniao_2019-12-31.xsd#siconfi-rreo-anexo9uniao_ReceitasLineItems" xlink:label="ReceitasLineItems" xlink:title="ReceitasLineItems"/>
    <link:label xlink:type="resource" xlink:label="label_ReceitasLineItems" xlink:role="http://www.xbrl.org/2003/role/label" xlink:title="label_ReceitasLineItems" xml:lang="pt-br" id="label_ReceitasLineItems">[002] Receitas [line items]</link:label>
    <link:labelArc xlink:type="arc" xlink:arcrole="http://www.xbrl.org/2003/arcrole/concept-label" xlink:from="ReceitasLineItems" xlink:to="label_ReceitasLineItems" xlink:title="label: ReceitasLineItems to label_ReceitasLineItems"/>
    <link:loc xlink:type="locator" xlink:href="siconfi-rreo-anexo9uniao_2019-12-31.xsd#siconfi-rreo-anexo9uniao_DespesasLineItems" xlink:label="DespesasLineItems" xlink:title="DespesasLineItems"/>
    <link:label xlink:type="resource" xlink:label="label_DespesasLineItems" xlink:role="http://www.xbrl.org/2003/role/label" xlink:title="label_DespesasLineItems" xml:lang="pt-br" id="label_DespesasLineItems">[004] Despesas [line items]</link:label>
    <link:labelArc xlink:type="arc" xlink:arcrole="http://www.xbrl.org/2003/arcrole/concept-label" xlink:from="DespesasLineItems" xlink:to="label_DespesasLineItems" xlink:title="label: DespesasLineItems to label_DespesasLineItems"/>
    <link:loc xlink:type="locator" xlink:href="siconfi-rreo-anexo9uniao_2019-12-31.xsd#siconfi-rreo-anexo9_FonteAnexo9Tabela9.0Abstract" xlink:label="FonteAnexo9Tabela9.0Abstract" xlink:title="FonteAnexo9Tabela9.0Abstract"/>
    <link:label xlink:type="resource" xlink:label="label_FonteAnexo9Tabela9.0Abstract" xlink:role="http://www.xbrl.org/2003/role/label" xlink:title="label_FonteAnexo9Tabela9.0Abstract" xml:lang="pt-br" id="label_FonteAnexo9Tabela9.0Abstract">[007] Notas Explicativas [abstract] [NOTA]</link:label>
    <link:labelArc xlink:type="arc" xlink:arcrole="http://www.xbrl.org/2003/arcrole/concept-label" xlink:from="FonteAnexo9Tabela9.0Abstract" xlink:to="label_FonteAnexo9Tabela9.0Abstract" xlink:title="label: FonteAnexo9Tabela9.0Abstract to label_FonteAnexo9Tabela9.0Abstract"/>
    <link:loc xlink:type="locator" xlink:href="siconfi-rreo-anexo9uniao_2019-12-31.xsd#siconfi-rreo-anexo9_FonteAnexo9Tabela9.0LineItems" xlink:label="FonteAnexo9Tabela9.0LineItems" xlink:title="FonteAnexo9Tabela9.0LineItems"/>
    <link:label xlink:type="resource" xlink:label="label_FonteAnexo9Tabela9.0LineItems" xlink:role="http://www.xbrl.org/2003/role/label" xlink:title="label_FonteAnexo9Tabela9.0LineItems" xml:lang="pt-br" id="label_FonteAnexo9Tabela9.0LineItems">[008] Notas Explicativas [line items]</link:label>
    <link:labelArc xlink:type="arc" xlink:arcrole="http://www.xbrl.org/2003/arcrole/concept-label" xlink:from="FonteAnexo9Tabela9.0LineItems" xlink:to="label_FonteAnexo9Tabela9.0LineItems" xlink:title="label: FonteAnexo9Tabela9.0LineItems to label_FonteAnexo9Tabela9.0LineItems"/>
  </link:labelLink>
  <link:labelLink xlink:type="extended" xlink:role="http://fazenda.gov.br/siconfi/rep/rreo/anexo9uniao/siconfi-rreo-anexo9uniao-tabela9.0B">
    <link:loc xlink:type="locator" xlink:href="../../../cor/ic/siconfi-cor_2019-12-31.xsd#siconfi-cor_DespesaDeCapitalLiquida" xlink:label="DespesaDeCapitalLiquida" xlink:title="DespesaDeCapitalLiquida"/>
    <link:label xlink:type="resource" xlink:label="label_DespesaDeCapitalLiquida" xlink:role="http://www.xbrl.org/2003/role/label" xlink:title="label_DespesaDeCapitalLiquida" xml:lang="pt-br" id="label_DespesaDeCapitalLiquida_2">DESPESA DE CAPITAL LÍQUIDA (II)</link:label>
    <link:labelArc xlink:type="arc" xlink:arcrole="http://www.xbrl.org/2003/arcrole/concept-label" xlink:from="DespesaDeCapitalLiquida" xlink:to="label_DespesaDeCapitalLiquida" xlink:title="label: DespesaDeCapitalLiquida to label_DespesaDeCapitalLiquida"/>
    <link:loc xlink:type="locator" xlink:href="../../../cor/ic/siconfi-cor_2019-12-31.xsd#siconfi-cor_IncentivosFiscaisAContribuinte" xlink:label="IncentivosFiscaisAContribuinte" xlink:title="IncentivosFiscaisAContribuinte"/>
    <link:label xlink:type="resource" xlink:label="label_IncentivosFiscaisAContribuinte" xlink:role="http://www.xbrl.org/2003/role/label" xlink:title="label_IncentivosFiscaisAContribuinte" xml:lang="pt-br" id="label_IncentivosFiscaisAContribuinte_2">(-) Incentivos Fiscais a Contribuinte</link:label>
    <link:labelArc xlink:type="arc" xlink:arcrole="http://www.xbrl.org/2003/arcrole/concept-label" xlink:from="IncentivosFiscaisAContribuinte" xlink:to="label_IncentivosFiscaisAContribuinte" xlink:title="label: IncentivosFiscaisAContribuinte to label_IncentivosFiscaisAContribuinte"/>
    <link:loc xlink:type="locator" xlink:href="../../../cor/ic/siconfi-cor_2019-12-31.xsd#siconfi-cor_IncentivosFiscaisAContribuintePorInstituicoesFinanceiras" xlink:label="IncentivosFiscaisAContribuintePorInstituicoesFinanceiras" xlink:title="IncentivosFiscaisAContribuintePorInstituicoesFinanceiras"/>
    <link:label xlink:type="resource" xlink:label="label_IncentivosFiscaisAContribuintePorInstituicoesFinanceiras" xlink:role="http://www.xbrl.org/2003/role/label" xlink:title="label_IncentivosFiscaisAContribuintePorInstituicoesFinanceiras" xml:lang="pt-br" id="label_IncentivosFiscaisAContribuintePorInstituicoesFinanceiras_2">(-) Incentivos Fiscais a Contribuinte por Instituições Financeiras</link:label>
    <link:labelArc xlink:type="arc" xlink:arcrole="http://www.xbrl.org/2003/arcrole/concept-label" xlink:from="IncentivosFiscaisAContribuintePorInstituicoesFinanceiras" xlink:to="label_IncentivosFiscaisAContribuintePorInstituicoesFinanceiras" xlink:title="label: IncentivosFiscaisAContribuintePorInstituicoesFinanceiras to label_IncentivosFiscaisAContribuintePorInstituicoesFinanceiras"/>
    <link:loc xlink:type="locator" xlink:href="../../../cor/ic/siconfi-cor_2019-12-31.xsd#siconfi-cor_RREO9DespesasDeCapital" xlink:label="RREO9DespesasDeCapital" xlink:title="RREO9DespesasDeCapital"/>
    <link:label xlink:type="resource" xlink:label="label_RREO9DespesasDeCapital" xlink:role="http://www.xbrl.org/2003/role/label" xlink:title="label_RREO9DespesasDeCapital" xml:lang="pt-br" id="label_RREO9DespesasDeCapital_2">DESPESAS DE CAPITAL</link:label>
    <link:labelArc xlink:type="arc" xlink:arcrole="http://www.xbrl.org/2003/arcrole/concept-label" xlink:from="RREO9DespesasDeCapital" xlink:to="label_RREO9DespesasDeCapital" xlink:title="label: RREO9DespesasDeCapital to label_RREO9DespesasDeCapital"/>
    <link:loc xlink:type="locator" xlink:href="../../../cor/dim/siconfi-dim_2019-12-31.xsd#siconfi-dim_DespesasInscritasEmRestosAPagarNaoProcessadosMember" xlink:label="DespesasInscritasEmRestosAPagarNaoProcessadosMember" xlink:title="DespesasInscritasEmRestosAPagarNaoProcessadosMember"/>
    <link:label xlink:type="resource" xlink:label="label_DespesasInscritasEmRestosAPagarNaoProcessadosMember" xlink:role="http://www.xbrl.org/2003/role/label" xlink:title="label_DespesasInscritasEmRestosAPagarNaoProcessadosMember" xml:lang="pt-br" id="label_DespesasInscritasEmRestosAPagarNaoProcessadosMember_2">INSCRITAS EM RESTOS A PAGAR NÃO PROCESSADOS (f) [member]</link:label>
    <link:labelArc xlink:type="arc" xlink:arcrole="http://www.xbrl.org/2003/arcrole/concept-label" xlink:from="DespesasInscritasEmRestosAPagarNaoProcessadosMember" xlink:to="label_DespesasInscritasEmRestosAPagarNaoProcessadosMember" xlink:title="label: DespesasInscritasEmRestosAPagarNaoProcessadosMember to label_DespesasInscritasEmRestosAPagarNaoProcessadosMember"/>
    <link:loc xlink:type="locator" xlink:href="../../../cor/dim/siconfi-dim_2019-12-31.xsd#siconfi-dim_DespesasLiquidadasAteOBimestreMember" xlink:label="DespesasLiquidadasAteOBimestreMember" xlink:title="DespesasLiquidadasAteOBimestreMember"/>
    <link:label xlink:type="resource" xlink:label="label_DespesasLiquidadasAteOBimestreMember" xlink:role="http://www.xbrl.org/2003/role/label" xlink:title="label_DespesasLiquidadasAteOBimestreMember" xml:lang="pt-br" id="label_DespesasLiquidadasAteOBimestreMember_2">LIQUIDADAS (e) [member]</link:label>
    <link:labelArc xlink:type="arc" xlink:arcrole="http://www.xbrl.org/2003/arcrole/concept-label" xlink:from="DespesasLiquidadasAteOBimestreMember" xlink:to="label_DespesasLiquidadasAteOBimestreMember" xlink:title="label: DespesasLiquidadasAteOBimestreMember to label_DespesasLiquidadasAteOBimestreMember"/>
    <link:loc xlink:type="locator" xlink:href="../../../cor/dim/siconfi-dim_2019-12-31.xsd#siconfi-dim_DotacaoAtualizadaMember" xlink:label="DotacaoAtualizadaMember" xlink:title="DotacaoAtualizadaMember"/>
    <link:label xlink:type="resource" xlink:label="label_DotacaoAtualizadaMember" xlink:role="http://www.xbrl.org/2003/role/label" xlink:title="label_DotacaoAtualizadaMember" xml:lang="pt-br" id="label_DotacaoAtualizadaMember_2">DOTAÇÃO ATUALIZADA (d) [member]</link:label>
    <link:labelArc xlink:type="arc" xlink:arcrole="http://www.xbrl.org/2003/arcrole/concept-label" xlink:from="DotacaoAtualizadaMember" xlink:to="label_DotacaoAtualizadaMember" xlink:title="label: DotacaoAtualizadaMember to label_DotacaoAtualizadaMember"/>
    <link:loc xlink:type="locator" xlink:href="../../../cor/dim/siconfi-dim_2019-12-31.xsd#siconfi-dim_SaldoDespesaMember" xlink:label="SaldoDespesaMember" xlink:title="SaldoDespesaMember"/>
    <link:label xlink:type="resource" xlink:label="label_SaldoDespesaMember" xlink:role="http://www.xbrl.org/2003/role/label" xlink:title="label_SaldoDespesaMember" xml:lang="pt-br" id="label_SaldoDespesaMember_2">SALDO NÃO EXECUTADO (g) = [d - (e + f)] [member]</link:label>
    <link:labelArc xlink:type="arc" xlink:arcrole="http://www.xbrl.org/2003/arcrole/concept-label" xlink:from="SaldoDespesaMember" xlink:to="label_SaldoDespesaMember" xlink:title="label: SaldoDespesaMember to label_SaldoDespesaMember"/>
    <link:loc xlink:type="locator" xlink:href="../../../cor/dim/siconfi-dim_2019-12-31.xsd#siconfi-dim_ExecucaoDaDespesaDeCapitalAxis" xlink:label="ExecucaoDaDespesaDeCapitalAxis" xlink:title="ExecucaoDaDespesaDeCapitalAxis"/>
    <link:label xlink:type="resource" xlink:label="label_ExecucaoDaDespesaDeCapitalAxis" xlink:role="http://www.xbrl.org/2003/role/label" xlink:title="label_ExecucaoDaDespesaDeCapitalAxis" xml:lang="pt-br" id="label_ExecucaoDaDespesaDeCapitalAxis">Despesas de Capital [axis] [orientacao=horizontal]</link:label>
    <link:labelArc xlink:type="arc" xlink:arcrole="http://www.xbrl.org/2003/arcrole/concept-label" xlink:from="ExecucaoDaDespesaDeCapitalAxis" xlink:to="label_ExecucaoDaDespesaDeCapitalAxis" xlink:title="label: ExecucaoDaDespesaDeCapitalAxis to label_ExecucaoDaDespesaDeCapitalAxis"/>
  </link:labelLink>
  <link:labelLink xlink:type="extended" xlink:role="http://fazenda.gov.br/siconfi/rep/rreo/anexo9uniao/siconfi-rreo-anexo9uniao-tabela9.0A">
    <link:loc xlink:type="locator" xlink:href="../../../cor/ic/siconfi-cor_2019-12-31.xsd#siconfi-cor_ReceitasDeOperacoesDeCredito" xlink:label="ReceitasDeOperacoesDeCredito" xlink:title="ReceitasDeOperacoesDeCredito"/>
    <link:label xlink:type="resource" xlink:label="label_ReceitasDeOperacoesDeCredito" xlink:role="http://www.xbrl.org/2003/role/label" xlink:title="label_ReceitasDeOperacoesDeCredito" xml:lang="pt-br" id="label_ReceitasDeOperacoesDeCredito_2">RECEITAS DE OPERAÇÕES DE CRÉDITO (I)</link:label>
    <link:labelArc xlink:type="arc" xlink:arcrole="http://www.xbrl.org/2003/arcrole/concept-label" xlink:from="ReceitasDeOperacoesDeCredito" xlink:to="label_ReceitasDeOperacoesDeCredito" xlink:title="label: ReceitasDeOperacoesDeCredito to label_ReceitasDeOperacoesDeCredito"/>
    <link:loc xlink:type="locator" xlink:href="../../../cor/dim/siconfi-dim_2019-12-31.xsd#siconfi-dim_ExecucaoDaReceitaAxis" xlink:label="ExecucaoDaReceitaAxis" xlink:title="ExecucaoDaReceitaAxis"/>
    <link:label xlink:type="resource" xlink:label="label_ExecucaoDaReceitaAxis" xlink:role="http://www.xbrl.org/2003/role/label" xlink:title="label_ExecucaoDaReceitaAxis" xml:lang="pt-br" id="label_ExecucaoDaReceitaAxis_2">Receitas de Operações de Crédito [axis] [orientacao=horizontal]</link:label>
    <link:labelArc xlink:type="arc" xlink:arcrole="http://www.xbrl.org/2003/arcrole/concept-label" xlink:from="ExecucaoDaReceitaAxis" xlink:to="label_ExecucaoDaReceitaAxis" xlink:title="label: ExecucaoDaReceitaAxis to label_ExecucaoDaReceitaAxis"/>
    <link:loc xlink:type="locator" xlink:href="../../../cor/dim/siconfi-dim_2019-12-31.xsd#siconfi-dim_PrevisaoAtualizadaMember" xlink:label="PrevisaoAtualizadaMember" xlink:title="PrevisaoAtualizadaMember"/>
    <link:label xlink:type="resource" xlink:label="label_PrevisaoAtualizadaMember" xlink:role="http://www.xbrl.org/2003/role/label" xlink:title="label_PrevisaoAtualizadaMember" xml:lang="pt-br" id="label_PrevisaoAtualizadaMember_2">PREVISÃO ATUALIZADA (a) [member]</link:label>
    <link:labelArc xlink:type="arc" xlink:arcrole="http://www.xbrl.org/2003/arcrole/concept-label" xlink:from="PrevisaoAtualizadaMember" xlink:to="label_PrevisaoAtualizadaMember" xlink:title="label: PrevisaoAtualizadaMember to label_PrevisaoAtualizadaMember"/>
    <link:loc xlink:type="locator" xlink:href="../../../cor/dim/siconfi-dim_2019-12-31.xsd#siconfi-dim_SaldoReceitaMember" xlink:label="SaldoReceitaMember" xlink:title="SaldoReceitaMember"/>
    <link:label xlink:type="resource" xlink:label="label_SaldoReceitaMember" xlink:role="http://www.xbrl.org/2003/role/label" xlink:title="label_SaldoReceitaMember" xml:lang="pt-br" id="label_SaldoReceitaMember_2">SALDO NÃO REALIZADO (c) = (a - b) [member]</link:label>
    <link:labelArc xlink:type="arc" xlink:arcrole="http://www.xbrl.org/2003/arcrole/concept-label" xlink:from="SaldoReceitaMember" xlink:to="label_SaldoReceitaMember" xlink:title="label: SaldoReceitaMember to label_SaldoReceitaMember"/>
  </link:labelLink>
</link:linkbase>
