<?xml version="1.0" encoding="UTF-8"?>
<!-- Generated by Fujitsu Interstage XWand B0196 -->
<link:linkbase xmlns:xsi="http://www.w3.org/2001/XMLSchema-instance" xsi:schemaLocation="http://www.xbrl.org/2003/linkbase http://www.xbrl.org/2003/xbrl-linkbase-2003-12-31.xsd" xmlns:siconfi-rreo-anexo13="http://fazenda.gov.br/siconfi/rep/rreo/anexo13/siconfi-rreo-anexo13_2019-12-31" xmlns:link="http://www.xbrl.org/2003/linkbase" xmlns:xbrldt="http://xbrl.org/2005/xbrldt" xmlns:xlink="http://www.w3.org/1999/xlink" xmlns:xbrli="http://www.xbrl.org/2003/instance">
  <link:roleRef roleURI="http://fazenda.gov.br/siconfi/rep/rreo/anexo13/siconfi-rreo-anexo13-tabela13.0" xlink:type="simple" xlink:href="siconfi-rreo-anexo13_2019-12-31.xsd#siconfi-rreo-anexo13-tabela13.0"/>
  <link:roleRef roleURI="http://fazenda.gov.br/siconfi/rep/rreo/anexo13/siconfi-rreo-anexo13-tabela13.0A" xlink:type="simple" xlink:href="siconfi-rreo-anexo13_2019-12-31.xsd#siconfi-rreo-anexo13-tabela13.0A"/>
  <link:roleRef roleURI="http://fazenda.gov.br/siconfi/rep/rreo/anexo13/siconfi-rreo-anexo13-tabela13.0B" xlink:type="simple" xlink:href="siconfi-rreo-anexo13_2019-12-31.xsd#siconfi-rreo-anexo13-tabela13.0B"/>
  <link:roleRef roleURI="http://fazenda.gov.br/siconfi/rep/rreo/anexo13/siconfi-rreo-anexo13-tabela13.0C" xlink:type="simple" xlink:href="siconfi-rreo-anexo13_2019-12-31.xsd#siconfi-rreo-anexo13-tabela13.0C"/>
  <link:roleRef roleURI="http://fazenda.gov.br/siconfi/rep/rreo/anexo13/siconfi-rreo-anexo13-tabela13.0D" xlink:type="simple" xlink:href="siconfi-rreo-anexo13_2019-12-31.xsd#siconfi-rreo-anexo13-tabela13.0D"/>
  <link:roleRef roleURI="http://fazenda.gov.br/siconfi/rep/rreo/anexo13/siconfi-rreo-anexo13-tabela13.0E" xlink:type="simple" xlink:href="siconfi-rreo-anexo13_2019-12-31.xsd#siconfi-rreo-anexo13-tabela13.0E"/>
  <link:roleRef roleURI="http://fazenda.gov.br/siconfi/rep/rreo/anexo13/siconfi-rreo-anexo13-tabela13.0F" xlink:type="simple" xlink:href="siconfi-rreo-anexo13_2019-12-31.xsd#siconfi-rreo-anexo13-tabela13.0F"/>
  <link:arcroleRef arcroleURI="http://xbrl.org/int/dim/arcrole/all" xlink:type="simple" xlink:href="http://www.xbrl.org/2005/xbrldt-2005.xsd#all"/>
  <link:arcroleRef arcroleURI="http://xbrl.org/int/dim/arcrole/dimension-domain" xlink:type="simple" xlink:href="http://www.xbrl.org/2005/xbrldt-2005.xsd#dimension-domain"/>
  <link:arcroleRef arcroleURI="http://xbrl.org/int/dim/arcrole/hypercube-dimension" xlink:type="simple" xlink:href="http://www.xbrl.org/2005/xbrldt-2005.xsd#hypercube-dimension"/>
  <link:arcroleRef arcroleURI="http://xbrl.org/int/dim/arcrole/domain-member" xlink:type="simple" xlink:href="http://www.xbrl.org/2005/xbrldt-2005.xsd#domain-member"/>
  <link:definitionLink xlink:type="extended" xlink:role="http://fazenda.gov.br/siconfi/rep/rreo/anexo13/siconfi-rreo-anexo13-tabela13.0E">
    <link:loc xlink:type="locator" xlink:href="siconfi-rreo-anexo13_2019-12-31.xsd#siconfi-rreo-anexo13_DespesasDePPPDoEnteFederadoAContratarAbstract" xlink:label="DespesasDePPPDoEnteFederadoAContratarAbstract" xlink:title="DespesasDePPPDoEnteFederadoAContratarAbstract"/>
    <link:loc xlink:type="locator" xlink:href="siconfi-rreo-anexo13_2019-12-31.xsd#siconfi-rreo-anexo13_DespesasDePPPDoEnteFederadoAContratarLineItems" xlink:label="DespesasDePPPDoEnteFederadoAContratarLineItems" xlink:title="DespesasDePPPDoEnteFederadoAContratarLineItems"/>
    <link:definitionArc xlink:type="arc" xlink:arcrole="http://xbrl.org/int/dim/arcrole/domain-member" xlink:from="DespesasDePPPDoEnteFederadoAContratarAbstract" xlink:to="DespesasDePPPDoEnteFederadoAContratarLineItems" xlink:title="definition: DespesasDePPPDoEnteFederadoAContratarAbstract to DespesasDePPPDoEnteFederadoAContratarLineItems" order="1.0"/>
    <link:loc xlink:type="locator" xlink:href="../../../cor/ic/siconfi-cor_2019-12-31.xsd#siconfi-cor_DespesasPPPEnteFederadoAContratar" xlink:label="DespesasPPPEnteFederadoAContratar" xlink:title="DespesasPPPEnteFederadoAContratar"/>
    <link:definitionArc xlink:type="arc" xlink:arcrole="http://xbrl.org/int/dim/arcrole/domain-member" xlink:from="DespesasDePPPDoEnteFederadoAContratarLineItems" xlink:to="DespesasPPPEnteFederadoAContratar" xlink:title="definition: DespesasDePPPDoEnteFederadoAContratarLineItems to DespesasPPPEnteFederadoAContratar" order="1.0"/>
    <link:loc xlink:type="locator" xlink:href="siconfi-rreo-anexo13_2019-12-31.xsd#siconfi-rreo-anexo13_DespesasDePPPDoEnteFederadoAContratarTable" xlink:label="DespesasDePPPDoEnteFederadoAContratarTable" xlink:title="DespesasDePPPDoEnteFederadoAContratarTable"/>
    <link:definitionArc xlink:type="arc" xlink:arcrole="http://xbrl.org/int/dim/arcrole/all" xlink:from="DespesasDePPPDoEnteFederadoAContratarAbstract" xlink:to="DespesasDePPPDoEnteFederadoAContratarTable" xlink:title="definition: DespesasDePPPDoEnteFederadoAContratarAbstract to DespesasDePPPDoEnteFederadoAContratarTable" order="2.0" xbrldt:contextElement="segment" xbrldt:closed="true"/>
    <link:loc xlink:type="locator" xlink:href="../../../cor/dim/siconfi-dim_2019-12-31.xsd#siconfi-dim_ExecucaoDaDespesaAxis" xlink:label="ExecucaoDaDespesaAxis" xlink:title="ExecucaoDaDespesaAxis"/>
    <link:definitionArc xlink:type="arc" xlink:arcrole="http://xbrl.org/int/dim/arcrole/hypercube-dimension" xlink:from="DespesasDePPPDoEnteFederadoAContratarTable" xlink:to="ExecucaoDaDespesaAxis" xlink:title="definition: DespesasDePPPDoEnteFederadoAContratarTable to ExecucaoDaDespesaAxis" order="1.0"/>
    <link:loc xlink:type="locator" xlink:href="../../../cor/dim/siconfi-dim_2019-12-31.xsd#siconfi-dim_PeriodoDeReferenciaNoveMember" xlink:label="PeriodoDeReferenciaNoveMember" xlink:title="PeriodoDeReferenciaNoveMember"/>
    <link:definitionArc xlink:type="arc" xlink:arcrole="http://xbrl.org/int/dim/arcrole/dimension-domain" xlink:from="ExecucaoDaDespesaAxis" xlink:to="PeriodoDeReferenciaNoveMember" xlink:title="definition: ExecucaoDaDespesaAxis to PeriodoDeReferenciaNoveMember" order="11.0"/>
    <link:loc xlink:type="locator" xlink:href="../../../cor/dim/siconfi-dim_2019-12-31.xsd#siconfi-dim_PeriodoDeReferenciaOitoMember" xlink:label="PeriodoDeReferenciaOitoMember" xlink:title="PeriodoDeReferenciaOitoMember"/>
    <link:definitionArc xlink:type="arc" xlink:arcrole="http://xbrl.org/int/dim/arcrole/dimension-domain" xlink:from="ExecucaoDaDespesaAxis" xlink:to="PeriodoDeReferenciaOitoMember" xlink:title="definition: ExecucaoDaDespesaAxis to PeriodoDeReferenciaOitoMember" order="10.0"/>
    <link:loc xlink:type="locator" xlink:href="../../../cor/dim/siconfi-dim_2019-12-31.xsd#siconfi-dim_PeriodoDeReferenciaSeteMember" xlink:label="PeriodoDeReferenciaSeteMember" xlink:title="PeriodoDeReferenciaSeteMember"/>
    <link:definitionArc xlink:type="arc" xlink:arcrole="http://xbrl.org/int/dim/arcrole/dimension-domain" xlink:from="ExecucaoDaDespesaAxis" xlink:to="PeriodoDeReferenciaSeteMember" xlink:title="definition: ExecucaoDaDespesaAxis to PeriodoDeReferenciaSeteMember" order="9.0"/>
    <link:loc xlink:type="locator" xlink:href="../../../cor/dim/siconfi-dim_2019-12-31.xsd#siconfi-dim_PeriodoDeReferenciaSeisMember" xlink:label="PeriodoDeReferenciaSeisMember" xlink:title="PeriodoDeReferenciaSeisMember"/>
    <link:definitionArc xlink:type="arc" xlink:arcrole="http://xbrl.org/int/dim/arcrole/dimension-domain" xlink:from="ExecucaoDaDespesaAxis" xlink:to="PeriodoDeReferenciaSeisMember" xlink:title="definition: ExecucaoDaDespesaAxis to PeriodoDeReferenciaSeisMember" order="8.0"/>
    <link:loc xlink:type="locator" xlink:href="../../../cor/dim/siconfi-dim_2019-12-31.xsd#siconfi-dim_PeriodoDeReferenciaCincoMember" xlink:label="PeriodoDeReferenciaCincoMember" xlink:title="PeriodoDeReferenciaCincoMember"/>
    <link:definitionArc xlink:type="arc" xlink:arcrole="http://xbrl.org/int/dim/arcrole/dimension-domain" xlink:from="ExecucaoDaDespesaAxis" xlink:to="PeriodoDeReferenciaCincoMember" xlink:title="definition: ExecucaoDaDespesaAxis to PeriodoDeReferenciaCincoMember" order="7.0"/>
    <link:loc xlink:type="locator" xlink:href="../../../cor/dim/siconfi-dim_2019-12-31.xsd#siconfi-dim_PeriodoDeReferenciaQuatroMember" xlink:label="PeriodoDeReferenciaQuatroMember" xlink:title="PeriodoDeReferenciaQuatroMember"/>
    <link:definitionArc xlink:type="arc" xlink:arcrole="http://xbrl.org/int/dim/arcrole/dimension-domain" xlink:from="ExecucaoDaDespesaAxis" xlink:to="PeriodoDeReferenciaQuatroMember" xlink:title="definition: ExecucaoDaDespesaAxis to PeriodoDeReferenciaQuatroMember" order="6.0"/>
    <link:loc xlink:type="locator" xlink:href="../../../cor/dim/siconfi-dim_2019-12-31.xsd#siconfi-dim_PeriodoDeReferenciaTresMember" xlink:label="PeriodoDeReferenciaTresMember" xlink:title="PeriodoDeReferenciaTresMember"/>
    <link:definitionArc xlink:type="arc" xlink:arcrole="http://xbrl.org/int/dim/arcrole/dimension-domain" xlink:from="ExecucaoDaDespesaAxis" xlink:to="PeriodoDeReferenciaTresMember" xlink:title="definition: ExecucaoDaDespesaAxis to PeriodoDeReferenciaTresMember" order="5.0"/>
    <link:loc xlink:type="locator" xlink:href="../../../cor/dim/siconfi-dim_2019-12-31.xsd#siconfi-dim_PeriodoDeReferenciaDoisMember" xlink:label="PeriodoDeReferenciaDoisMember" xlink:title="PeriodoDeReferenciaDoisMember"/>
    <link:definitionArc xlink:type="arc" xlink:arcrole="http://xbrl.org/int/dim/arcrole/dimension-domain" xlink:from="ExecucaoDaDespesaAxis" xlink:to="PeriodoDeReferenciaDoisMember" xlink:title="definition: ExecucaoDaDespesaAxis to PeriodoDeReferenciaDoisMember" order="4.0"/>
    <link:loc xlink:type="locator" xlink:href="../../../cor/dim/siconfi-dim_2019-12-31.xsd#siconfi-dim_PeriodoDeReferenciaUmMember" xlink:label="PeriodoDeReferenciaUmMember" xlink:title="PeriodoDeReferenciaUmMember"/>
    <link:definitionArc xlink:type="arc" xlink:arcrole="http://xbrl.org/int/dim/arcrole/dimension-domain" xlink:from="ExecucaoDaDespesaAxis" xlink:to="PeriodoDeReferenciaUmMember" xlink:title="definition: ExecucaoDaDespesaAxis to PeriodoDeReferenciaUmMember" order="3.0"/>
    <link:loc xlink:type="locator" xlink:href="../../../cor/dim/siconfi-dim_2019-12-31.xsd#siconfi-dim_PeriodoDeReferenciaMember" xlink:label="PeriodoDeReferenciaMember" xlink:title="PeriodoDeReferenciaMember"/>
    <link:definitionArc xlink:type="arc" xlink:arcrole="http://xbrl.org/int/dim/arcrole/dimension-domain" xlink:from="ExecucaoDaDespesaAxis" xlink:to="PeriodoDeReferenciaMember" xlink:title="definition: ExecucaoDaDespesaAxis to PeriodoDeReferenciaMember" order="2.0"/>
    <link:loc xlink:type="locator" xlink:href="../../../cor/dim/siconfi-dim_2019-12-31.xsd#siconfi-dim_PeriodoDeReferenciaAnteriorMember" xlink:label="PeriodoDeReferenciaAnteriorMember" xlink:title="PeriodoDeReferenciaAnteriorMember"/>
    <link:definitionArc xlink:type="arc" xlink:arcrole="http://xbrl.org/int/dim/arcrole/dimension-domain" xlink:from="ExecucaoDaDespesaAxis" xlink:to="PeriodoDeReferenciaAnteriorMember" xlink:title="definition: ExecucaoDaDespesaAxis to PeriodoDeReferenciaAnteriorMember" order="1.0"/>
    <link:loc xlink:type="locator" xlink:href="../../../cor/dim/siconfi-dim_2019-12-31.xsd#siconfi-dim_DespesasPPPEnteFederadoAContratarAxis" xlink:label="DespesasPPPEnteFederadoAContratarAxis" xlink:title="DespesasPPPEnteFederadoAContratarAxis"/>
    <link:definitionArc xlink:type="arc" xlink:arcrole="http://xbrl.org/int/dim/arcrole/hypercube-dimension" xlink:from="DespesasDePPPDoEnteFederadoAContratarTable" xlink:to="DespesasPPPEnteFederadoAContratarAxis" xlink:title="definition: DespesasDePPPDoEnteFederadoAContratarTable to DespesasPPPEnteFederadoAContratarAxis" order="2.0"/>
  </link:definitionLink>
  <link:definitionLink xlink:type="extended" xlink:role="http://fazenda.gov.br/siconfi/rep/rreo/anexo13/siconfi-rreo-anexo13-tabela13.0F">
    <link:loc xlink:type="locator" xlink:href="../../../cor/dim/siconfi-dim_2019-12-31.xsd#siconfi-dim_ExecucaoDaDespesaAxis" xlink:label="ExecucaoDaDespesaAxis" xlink:title="ExecucaoDaDespesaAxis"/>
    <link:loc xlink:type="locator" xlink:href="../../../cor/dim/siconfi-dim_2019-12-31.xsd#siconfi-dim_PeriodoDeReferenciaNoveMember" xlink:label="PeriodoDeReferenciaNoveMember" xlink:title="PeriodoDeReferenciaNoveMember"/>
    <link:definitionArc xlink:type="arc" xlink:arcrole="http://xbrl.org/int/dim/arcrole/dimension-domain" xlink:from="ExecucaoDaDespesaAxis" xlink:to="PeriodoDeReferenciaNoveMember" xlink:title="definition: ExecucaoDaDespesaAxis to PeriodoDeReferenciaNoveMember" order="11.0"/>
    <link:loc xlink:type="locator" xlink:href="../../../cor/dim/siconfi-dim_2019-12-31.xsd#siconfi-dim_PeriodoDeReferenciaOitoMember" xlink:label="PeriodoDeReferenciaOitoMember" xlink:title="PeriodoDeReferenciaOitoMember"/>
    <link:definitionArc xlink:type="arc" xlink:arcrole="http://xbrl.org/int/dim/arcrole/dimension-domain" xlink:from="ExecucaoDaDespesaAxis" xlink:to="PeriodoDeReferenciaOitoMember" xlink:title="definition: ExecucaoDaDespesaAxis to PeriodoDeReferenciaOitoMember" order="10.0"/>
    <link:loc xlink:type="locator" xlink:href="../../../cor/dim/siconfi-dim_2019-12-31.xsd#siconfi-dim_PeriodoDeReferenciaSeteMember" xlink:label="PeriodoDeReferenciaSeteMember" xlink:title="PeriodoDeReferenciaSeteMember"/>
    <link:definitionArc xlink:type="arc" xlink:arcrole="http://xbrl.org/int/dim/arcrole/dimension-domain" xlink:from="ExecucaoDaDespesaAxis" xlink:to="PeriodoDeReferenciaSeteMember" xlink:title="definition: ExecucaoDaDespesaAxis to PeriodoDeReferenciaSeteMember" order="9.0"/>
    <link:loc xlink:type="locator" xlink:href="../../../cor/dim/siconfi-dim_2019-12-31.xsd#siconfi-dim_PeriodoDeReferenciaSeisMember" xlink:label="PeriodoDeReferenciaSeisMember" xlink:title="PeriodoDeReferenciaSeisMember"/>
    <link:definitionArc xlink:type="arc" xlink:arcrole="http://xbrl.org/int/dim/arcrole/dimension-domain" xlink:from="ExecucaoDaDespesaAxis" xlink:to="PeriodoDeReferenciaSeisMember" xlink:title="definition: ExecucaoDaDespesaAxis to PeriodoDeReferenciaSeisMember" order="8.0"/>
    <link:loc xlink:type="locator" xlink:href="../../../cor/dim/siconfi-dim_2019-12-31.xsd#siconfi-dim_PeriodoDeReferenciaCincoMember" xlink:label="PeriodoDeReferenciaCincoMember" xlink:title="PeriodoDeReferenciaCincoMember"/>
    <link:definitionArc xlink:type="arc" xlink:arcrole="http://xbrl.org/int/dim/arcrole/dimension-domain" xlink:from="ExecucaoDaDespesaAxis" xlink:to="PeriodoDeReferenciaCincoMember" xlink:title="definition: ExecucaoDaDespesaAxis to PeriodoDeReferenciaCincoMember" order="7.0"/>
    <link:loc xlink:type="locator" xlink:href="../../../cor/dim/siconfi-dim_2019-12-31.xsd#siconfi-dim_PeriodoDeReferenciaQuatroMember" xlink:label="PeriodoDeReferenciaQuatroMember" xlink:title="PeriodoDeReferenciaQuatroMember"/>
    <link:definitionArc xlink:type="arc" xlink:arcrole="http://xbrl.org/int/dim/arcrole/dimension-domain" xlink:from="ExecucaoDaDespesaAxis" xlink:to="PeriodoDeReferenciaQuatroMember" xlink:title="definition: ExecucaoDaDespesaAxis to PeriodoDeReferenciaQuatroMember" order="6.0"/>
    <link:loc xlink:type="locator" xlink:href="../../../cor/dim/siconfi-dim_2019-12-31.xsd#siconfi-dim_PeriodoDeReferenciaTresMember" xlink:label="PeriodoDeReferenciaTresMember" xlink:title="PeriodoDeReferenciaTresMember"/>
    <link:definitionArc xlink:type="arc" xlink:arcrole="http://xbrl.org/int/dim/arcrole/dimension-domain" xlink:from="ExecucaoDaDespesaAxis" xlink:to="PeriodoDeReferenciaTresMember" xlink:title="definition: ExecucaoDaDespesaAxis to PeriodoDeReferenciaTresMember" order="5.0"/>
    <link:loc xlink:type="locator" xlink:href="../../../cor/dim/siconfi-dim_2019-12-31.xsd#siconfi-dim_PeriodoDeReferenciaDoisMember" xlink:label="PeriodoDeReferenciaDoisMember" xlink:title="PeriodoDeReferenciaDoisMember"/>
    <link:definitionArc xlink:type="arc" xlink:arcrole="http://xbrl.org/int/dim/arcrole/dimension-domain" xlink:from="ExecucaoDaDespesaAxis" xlink:to="PeriodoDeReferenciaDoisMember" xlink:title="definition: ExecucaoDaDespesaAxis to PeriodoDeReferenciaDoisMember" order="4.0"/>
    <link:loc xlink:type="locator" xlink:href="../../../cor/dim/siconfi-dim_2019-12-31.xsd#siconfi-dim_PeriodoDeReferenciaUmMember" xlink:label="PeriodoDeReferenciaUmMember" xlink:title="PeriodoDeReferenciaUmMember"/>
    <link:definitionArc xlink:type="arc" xlink:arcrole="http://xbrl.org/int/dim/arcrole/dimension-domain" xlink:from="ExecucaoDaDespesaAxis" xlink:to="PeriodoDeReferenciaUmMember" xlink:title="definition: ExecucaoDaDespesaAxis to PeriodoDeReferenciaUmMember" order="3.0"/>
    <link:loc xlink:type="locator" xlink:href="../../../cor/dim/siconfi-dim_2019-12-31.xsd#siconfi-dim_PeriodoDeReferenciaMember" xlink:label="PeriodoDeReferenciaMember" xlink:title="PeriodoDeReferenciaMember"/>
    <link:definitionArc xlink:type="arc" xlink:arcrole="http://xbrl.org/int/dim/arcrole/dimension-domain" xlink:from="ExecucaoDaDespesaAxis" xlink:to="PeriodoDeReferenciaMember" xlink:title="definition: ExecucaoDaDespesaAxis to PeriodoDeReferenciaMember" order="2.0"/>
    <link:loc xlink:type="locator" xlink:href="../../../cor/dim/siconfi-dim_2019-12-31.xsd#siconfi-dim_PeriodoDeReferenciaAnteriorMember" xlink:label="PeriodoDeReferenciaAnteriorMember" xlink:title="PeriodoDeReferenciaAnteriorMember"/>
    <link:definitionArc xlink:type="arc" xlink:arcrole="http://xbrl.org/int/dim/arcrole/dimension-domain" xlink:from="ExecucaoDaDespesaAxis" xlink:to="PeriodoDeReferenciaAnteriorMember" xlink:title="definition: ExecucaoDaDespesaAxis to PeriodoDeReferenciaAnteriorMember" order="1.0"/>
    <link:loc xlink:type="locator" xlink:href="siconfi-rreo-anexo13_2019-12-31.xsd#siconfi-rreo-anexo13_DespesasDePPPDasEstataisNaoDependentesAContratarAbstract" xlink:label="DespesasDePPPDasEstataisNaoDependentesAContratarAbstract" xlink:title="DespesasDePPPDasEstataisNaoDependentesAContratarAbstract"/>
    <link:loc xlink:type="locator" xlink:href="siconfi-rreo-anexo13_2019-12-31.xsd#siconfi-rreo-anexo13_DespesasDePPPDasEstataisNaoDependentesAContratarLineItems" xlink:label="DespesasDePPPDasEstataisNaoDependentesAContratarLineItems" xlink:title="DespesasDePPPDasEstataisNaoDependentesAContratarLineItems"/>
    <link:definitionArc xlink:type="arc" xlink:arcrole="http://xbrl.org/int/dim/arcrole/domain-member" xlink:from="DespesasDePPPDasEstataisNaoDependentesAContratarAbstract" xlink:to="DespesasDePPPDasEstataisNaoDependentesAContratarLineItems" xlink:title="definition: DespesasDePPPDasEstataisNaoDependentesAContratarAbstract to DespesasDePPPDasEstataisNaoDependentesAContratarLineItems" order="1.0"/>
    <link:loc xlink:type="locator" xlink:href="../../../cor/ic/siconfi-cor_2019-12-31.xsd#siconfi-cor_DespesasPPPEstataisNaoDependentesAContratar" xlink:label="DespesasPPPEstataisNaoDependentesAContratar" xlink:title="DespesasPPPEstataisNaoDependentesAContratar"/>
    <link:definitionArc xlink:type="arc" xlink:arcrole="http://xbrl.org/int/dim/arcrole/domain-member" xlink:from="DespesasDePPPDasEstataisNaoDependentesAContratarLineItems" xlink:to="DespesasPPPEstataisNaoDependentesAContratar" xlink:title="definition: DespesasDePPPDasEstataisNaoDependentesAContratarLineItems to DespesasPPPEstataisNaoDependentesAContratar" order="1.0"/>
    <link:loc xlink:type="locator" xlink:href="siconfi-rreo-anexo13_2019-12-31.xsd#siconfi-rreo-anexo13_EstataisNaoDependentesAContratarTable" xlink:label="EstataisNaoDependentesAContratarTable" xlink:title="EstataisNaoDependentesAContratarTable"/>
    <link:definitionArc xlink:type="arc" xlink:arcrole="http://xbrl.org/int/dim/arcrole/all" xlink:from="DespesasDePPPDasEstataisNaoDependentesAContratarAbstract" xlink:to="EstataisNaoDependentesAContratarTable" xlink:title="definition: DespesasDePPPDasEstataisNaoDependentesAContratarAbstract to EstataisNaoDependentesAContratarTable" order="2.0" xbrldt:contextElement="segment" xbrldt:closed="true"/>
    <link:definitionArc xlink:type="arc" xlink:arcrole="http://xbrl.org/int/dim/arcrole/hypercube-dimension" xlink:from="EstataisNaoDependentesAContratarTable" xlink:to="ExecucaoDaDespesaAxis" xlink:title="definition: EstataisNaoDependentesAContratarTable to ExecucaoDaDespesaAxis" order="1.0"/>
    <link:loc xlink:type="locator" xlink:href="../../../cor/dim/siconfi-dim_2019-12-31.xsd#siconfi-dim_DespesasPPPEstataisNaoDependentesAContratarAxis" xlink:label="DespesasPPPEstataisNaoDependentesAContratarAxis" xlink:title="DespesasPPPEstataisNaoDependentesAContratarAxis"/>
    <link:definitionArc xlink:type="arc" xlink:arcrole="http://xbrl.org/int/dim/arcrole/hypercube-dimension" xlink:from="EstataisNaoDependentesAContratarTable" xlink:to="DespesasPPPEstataisNaoDependentesAContratarAxis" xlink:title="definition: EstataisNaoDependentesAContratarTable to DespesasPPPEstataisNaoDependentesAContratarAxis" order="2.0"/>
  </link:definitionLink>
  <link:definitionLink xlink:type="extended" xlink:role="http://fazenda.gov.br/siconfi/rep/rreo/anexo13/siconfi-rreo-anexo13-tabela13.0C">
    <link:loc xlink:type="locator" xlink:href="../../../cor/dim/siconfi-dim_2019-12-31.xsd#siconfi-dim_ExecucaoDaDespesaAxis" xlink:label="ExecucaoDaDespesaAxis" xlink:title="ExecucaoDaDespesaAxis"/>
    <link:loc xlink:type="locator" xlink:href="../../../cor/dim/siconfi-dim_2019-12-31.xsd#siconfi-dim_PeriodoDeReferenciaNoveMember" xlink:label="PeriodoDeReferenciaNoveMember" xlink:title="PeriodoDeReferenciaNoveMember"/>
    <link:definitionArc xlink:type="arc" xlink:arcrole="http://xbrl.org/int/dim/arcrole/dimension-domain" xlink:from="ExecucaoDaDespesaAxis" xlink:to="PeriodoDeReferenciaNoveMember" xlink:title="definition: ExecucaoDaDespesaAxis to PeriodoDeReferenciaNoveMember" order="11.0"/>
    <link:loc xlink:type="locator" xlink:href="../../../cor/dim/siconfi-dim_2019-12-31.xsd#siconfi-dim_PeriodoDeReferenciaOitoMember" xlink:label="PeriodoDeReferenciaOitoMember" xlink:title="PeriodoDeReferenciaOitoMember"/>
    <link:definitionArc xlink:type="arc" xlink:arcrole="http://xbrl.org/int/dim/arcrole/dimension-domain" xlink:from="ExecucaoDaDespesaAxis" xlink:to="PeriodoDeReferenciaOitoMember" xlink:title="definition: ExecucaoDaDespesaAxis to PeriodoDeReferenciaOitoMember" order="10.0"/>
    <link:loc xlink:type="locator" xlink:href="../../../cor/dim/siconfi-dim_2019-12-31.xsd#siconfi-dim_PeriodoDeReferenciaSeteMember" xlink:label="PeriodoDeReferenciaSeteMember" xlink:title="PeriodoDeReferenciaSeteMember"/>
    <link:definitionArc xlink:type="arc" xlink:arcrole="http://xbrl.org/int/dim/arcrole/dimension-domain" xlink:from="ExecucaoDaDespesaAxis" xlink:to="PeriodoDeReferenciaSeteMember" xlink:title="definition: ExecucaoDaDespesaAxis to PeriodoDeReferenciaSeteMember" order="9.0"/>
    <link:loc xlink:type="locator" xlink:href="../../../cor/dim/siconfi-dim_2019-12-31.xsd#siconfi-dim_PeriodoDeReferenciaSeisMember" xlink:label="PeriodoDeReferenciaSeisMember" xlink:title="PeriodoDeReferenciaSeisMember"/>
    <link:definitionArc xlink:type="arc" xlink:arcrole="http://xbrl.org/int/dim/arcrole/dimension-domain" xlink:from="ExecucaoDaDespesaAxis" xlink:to="PeriodoDeReferenciaSeisMember" xlink:title="definition: ExecucaoDaDespesaAxis to PeriodoDeReferenciaSeisMember" order="8.0"/>
    <link:loc xlink:type="locator" xlink:href="../../../cor/dim/siconfi-dim_2019-12-31.xsd#siconfi-dim_PeriodoDeReferenciaCincoMember" xlink:label="PeriodoDeReferenciaCincoMember" xlink:title="PeriodoDeReferenciaCincoMember"/>
    <link:definitionArc xlink:type="arc" xlink:arcrole="http://xbrl.org/int/dim/arcrole/dimension-domain" xlink:from="ExecucaoDaDespesaAxis" xlink:to="PeriodoDeReferenciaCincoMember" xlink:title="definition: ExecucaoDaDespesaAxis to PeriodoDeReferenciaCincoMember" order="7.0"/>
    <link:loc xlink:type="locator" xlink:href="../../../cor/dim/siconfi-dim_2019-12-31.xsd#siconfi-dim_PeriodoDeReferenciaQuatroMember" xlink:label="PeriodoDeReferenciaQuatroMember" xlink:title="PeriodoDeReferenciaQuatroMember"/>
    <link:definitionArc xlink:type="arc" xlink:arcrole="http://xbrl.org/int/dim/arcrole/dimension-domain" xlink:from="ExecucaoDaDespesaAxis" xlink:to="PeriodoDeReferenciaQuatroMember" xlink:title="definition: ExecucaoDaDespesaAxis to PeriodoDeReferenciaQuatroMember" order="6.0"/>
    <link:loc xlink:type="locator" xlink:href="../../../cor/dim/siconfi-dim_2019-12-31.xsd#siconfi-dim_PeriodoDeReferenciaTresMember" xlink:label="PeriodoDeReferenciaTresMember" xlink:title="PeriodoDeReferenciaTresMember"/>
    <link:definitionArc xlink:type="arc" xlink:arcrole="http://xbrl.org/int/dim/arcrole/dimension-domain" xlink:from="ExecucaoDaDespesaAxis" xlink:to="PeriodoDeReferenciaTresMember" xlink:title="definition: ExecucaoDaDespesaAxis to PeriodoDeReferenciaTresMember" order="5.0"/>
    <link:loc xlink:type="locator" xlink:href="../../../cor/dim/siconfi-dim_2019-12-31.xsd#siconfi-dim_PeriodoDeReferenciaDoisMember" xlink:label="PeriodoDeReferenciaDoisMember" xlink:title="PeriodoDeReferenciaDoisMember"/>
    <link:definitionArc xlink:type="arc" xlink:arcrole="http://xbrl.org/int/dim/arcrole/dimension-domain" xlink:from="ExecucaoDaDespesaAxis" xlink:to="PeriodoDeReferenciaDoisMember" xlink:title="definition: ExecucaoDaDespesaAxis to PeriodoDeReferenciaDoisMember" order="4.0"/>
    <link:loc xlink:type="locator" xlink:href="../../../cor/dim/siconfi-dim_2019-12-31.xsd#siconfi-dim_PeriodoDeReferenciaUmMember" xlink:label="PeriodoDeReferenciaUmMember" xlink:title="PeriodoDeReferenciaUmMember"/>
    <link:definitionArc xlink:type="arc" xlink:arcrole="http://xbrl.org/int/dim/arcrole/dimension-domain" xlink:from="ExecucaoDaDespesaAxis" xlink:to="PeriodoDeReferenciaUmMember" xlink:title="definition: ExecucaoDaDespesaAxis to PeriodoDeReferenciaUmMember" order="3.0"/>
    <link:loc xlink:type="locator" xlink:href="../../../cor/dim/siconfi-dim_2019-12-31.xsd#siconfi-dim_PeriodoDeReferenciaMember" xlink:label="PeriodoDeReferenciaMember" xlink:title="PeriodoDeReferenciaMember"/>
    <link:definitionArc xlink:type="arc" xlink:arcrole="http://xbrl.org/int/dim/arcrole/dimension-domain" xlink:from="ExecucaoDaDespesaAxis" xlink:to="PeriodoDeReferenciaMember" xlink:title="definition: ExecucaoDaDespesaAxis to PeriodoDeReferenciaMember" order="2.0"/>
    <link:loc xlink:type="locator" xlink:href="../../../cor/dim/siconfi-dim_2019-12-31.xsd#siconfi-dim_PeriodoDeReferenciaAnteriorMember" xlink:label="PeriodoDeReferenciaAnteriorMember" xlink:title="PeriodoDeReferenciaAnteriorMember"/>
    <link:definitionArc xlink:type="arc" xlink:arcrole="http://xbrl.org/int/dim/arcrole/dimension-domain" xlink:from="ExecucaoDaDespesaAxis" xlink:to="PeriodoDeReferenciaAnteriorMember" xlink:title="definition: ExecucaoDaDespesaAxis to PeriodoDeReferenciaAnteriorMember" order="1.0"/>
    <link:loc xlink:type="locator" xlink:href="siconfi-rreo-anexo13_2019-12-31.xsd#siconfi-rreo-anexo13uniao_DespesasDePPPDasEstataisNaoDependentesAbstract" xlink:label="DespesasDePPPDasEstataisNaoDependentesAbstract" xlink:title="DespesasDePPPDasEstataisNaoDependentesAbstract"/>
    <link:loc xlink:type="locator" xlink:href="siconfi-rreo-anexo13_2019-12-31.xsd#siconfi-rreo-anexo13uniao_DespesasDePPPDasEstataisNaoDependentesLineItems" xlink:label="DespesasDePPPDasEstataisNaoDependentesLineItems" xlink:title="DespesasDePPPDasEstataisNaoDependentesLineItems"/>
    <link:definitionArc xlink:type="arc" xlink:arcrole="http://xbrl.org/int/dim/arcrole/domain-member" xlink:from="DespesasDePPPDasEstataisNaoDependentesAbstract" xlink:to="DespesasDePPPDasEstataisNaoDependentesLineItems" xlink:title="definition: DespesasDePPPDasEstataisNaoDependentesAbstract to DespesasDePPPDasEstataisNaoDependentesLineItems" order="1.0"/>
    <link:loc xlink:type="locator" xlink:href="../../../cor/ic/siconfi-cor_2019-12-31.xsd#siconfi-cor_DespesasPPPEstataisNaoDependentes" xlink:label="DespesasPPPEstataisNaoDependentes" xlink:title="DespesasPPPEstataisNaoDependentes"/>
    <link:definitionArc xlink:type="arc" xlink:arcrole="http://xbrl.org/int/dim/arcrole/domain-member" xlink:from="DespesasDePPPDasEstataisNaoDependentesLineItems" xlink:to="DespesasPPPEstataisNaoDependentes" xlink:title="definition: DespesasDePPPDasEstataisNaoDependentesLineItems to DespesasPPPEstataisNaoDependentes" order="1.0"/>
    <link:loc xlink:type="locator" xlink:href="siconfi-rreo-anexo13_2019-12-31.xsd#siconfi-rreo-anexo13uniao_EstataisNaoDependentesTable" xlink:label="EstataisNaoDependentesTable" xlink:title="EstataisNaoDependentesTable"/>
    <link:definitionArc xlink:type="arc" xlink:arcrole="http://xbrl.org/int/dim/arcrole/all" xlink:from="DespesasDePPPDasEstataisNaoDependentesAbstract" xlink:to="EstataisNaoDependentesTable" xlink:title="definition: DespesasDePPPDasEstataisNaoDependentesAbstract to EstataisNaoDependentesTable" order="2.0" xbrldt:contextElement="segment" xbrldt:closed="true"/>
    <link:definitionArc xlink:type="arc" xlink:arcrole="http://xbrl.org/int/dim/arcrole/hypercube-dimension" xlink:from="EstataisNaoDependentesTable" xlink:to="ExecucaoDaDespesaAxis" xlink:title="definition: EstataisNaoDependentesTable to ExecucaoDaDespesaAxis" order="1.0"/>
    <link:loc xlink:type="locator" xlink:href="../../../cor/dim/siconfi-dim_2019-12-31.xsd#siconfi-dim_DespesasPPPEstataisNaoDependentesAxis" xlink:label="DespesasPPPEstataisNaoDependentesAxis" xlink:title="DespesasPPPEstataisNaoDependentesAxis"/>
    <link:definitionArc xlink:type="arc" xlink:arcrole="http://xbrl.org/int/dim/arcrole/hypercube-dimension" xlink:from="EstataisNaoDependentesTable" xlink:to="DespesasPPPEstataisNaoDependentesAxis" xlink:title="definition: EstataisNaoDependentesTable to DespesasPPPEstataisNaoDependentesAxis" order="2.0"/>
  </link:definitionLink>
  <link:definitionLink xlink:type="extended" xlink:role="http://fazenda.gov.br/siconfi/rep/rreo/anexo13/siconfi-rreo-anexo13-tabela13.0B">
    <link:loc xlink:type="locator" xlink:href="../../../cor/dim/siconfi-dim_2019-12-31.xsd#siconfi-dim_ExecucaoDaDespesaAxis" xlink:label="ExecucaoDaDespesaAxis" xlink:title="ExecucaoDaDespesaAxis"/>
    <link:loc xlink:type="locator" xlink:href="../../../cor/dim/siconfi-dim_2019-12-31.xsd#siconfi-dim_PeriodoDeReferenciaNoveMember" xlink:label="PeriodoDeReferenciaNoveMember" xlink:title="PeriodoDeReferenciaNoveMember"/>
    <link:definitionArc xlink:type="arc" xlink:arcrole="http://xbrl.org/int/dim/arcrole/dimension-domain" xlink:from="ExecucaoDaDespesaAxis" xlink:to="PeriodoDeReferenciaNoveMember" xlink:title="definition: ExecucaoDaDespesaAxis to PeriodoDeReferenciaNoveMember" order="11.0"/>
    <link:loc xlink:type="locator" xlink:href="../../../cor/dim/siconfi-dim_2019-12-31.xsd#siconfi-dim_PeriodoDeReferenciaOitoMember" xlink:label="PeriodoDeReferenciaOitoMember" xlink:title="PeriodoDeReferenciaOitoMember"/>
    <link:definitionArc xlink:type="arc" xlink:arcrole="http://xbrl.org/int/dim/arcrole/dimension-domain" xlink:from="ExecucaoDaDespesaAxis" xlink:to="PeriodoDeReferenciaOitoMember" xlink:title="definition: ExecucaoDaDespesaAxis to PeriodoDeReferenciaOitoMember" order="10.0"/>
    <link:loc xlink:type="locator" xlink:href="../../../cor/dim/siconfi-dim_2019-12-31.xsd#siconfi-dim_PeriodoDeReferenciaSeteMember" xlink:label="PeriodoDeReferenciaSeteMember" xlink:title="PeriodoDeReferenciaSeteMember"/>
    <link:definitionArc xlink:type="arc" xlink:arcrole="http://xbrl.org/int/dim/arcrole/dimension-domain" xlink:from="ExecucaoDaDespesaAxis" xlink:to="PeriodoDeReferenciaSeteMember" xlink:title="definition: ExecucaoDaDespesaAxis to PeriodoDeReferenciaSeteMember" order="9.0"/>
    <link:loc xlink:type="locator" xlink:href="../../../cor/dim/siconfi-dim_2019-12-31.xsd#siconfi-dim_PeriodoDeReferenciaSeisMember" xlink:label="PeriodoDeReferenciaSeisMember" xlink:title="PeriodoDeReferenciaSeisMember"/>
    <link:definitionArc xlink:type="arc" xlink:arcrole="http://xbrl.org/int/dim/arcrole/dimension-domain" xlink:from="ExecucaoDaDespesaAxis" xlink:to="PeriodoDeReferenciaSeisMember" xlink:title="definition: ExecucaoDaDespesaAxis to PeriodoDeReferenciaSeisMember" order="8.0"/>
    <link:loc xlink:type="locator" xlink:href="../../../cor/dim/siconfi-dim_2019-12-31.xsd#siconfi-dim_PeriodoDeReferenciaCincoMember" xlink:label="PeriodoDeReferenciaCincoMember" xlink:title="PeriodoDeReferenciaCincoMember"/>
    <link:definitionArc xlink:type="arc" xlink:arcrole="http://xbrl.org/int/dim/arcrole/dimension-domain" xlink:from="ExecucaoDaDespesaAxis" xlink:to="PeriodoDeReferenciaCincoMember" xlink:title="definition: ExecucaoDaDespesaAxis to PeriodoDeReferenciaCincoMember" order="7.0"/>
    <link:loc xlink:type="locator" xlink:href="../../../cor/dim/siconfi-dim_2019-12-31.xsd#siconfi-dim_PeriodoDeReferenciaQuatroMember" xlink:label="PeriodoDeReferenciaQuatroMember" xlink:title="PeriodoDeReferenciaQuatroMember"/>
    <link:definitionArc xlink:type="arc" xlink:arcrole="http://xbrl.org/int/dim/arcrole/dimension-domain" xlink:from="ExecucaoDaDespesaAxis" xlink:to="PeriodoDeReferenciaQuatroMember" xlink:title="definition: ExecucaoDaDespesaAxis to PeriodoDeReferenciaQuatroMember" order="6.0"/>
    <link:loc xlink:type="locator" xlink:href="../../../cor/dim/siconfi-dim_2019-12-31.xsd#siconfi-dim_PeriodoDeReferenciaTresMember" xlink:label="PeriodoDeReferenciaTresMember" xlink:title="PeriodoDeReferenciaTresMember"/>
    <link:definitionArc xlink:type="arc" xlink:arcrole="http://xbrl.org/int/dim/arcrole/dimension-domain" xlink:from="ExecucaoDaDespesaAxis" xlink:to="PeriodoDeReferenciaTresMember" xlink:title="definition: ExecucaoDaDespesaAxis to PeriodoDeReferenciaTresMember" order="5.0"/>
    <link:loc xlink:type="locator" xlink:href="../../../cor/dim/siconfi-dim_2019-12-31.xsd#siconfi-dim_PeriodoDeReferenciaDoisMember" xlink:label="PeriodoDeReferenciaDoisMember" xlink:title="PeriodoDeReferenciaDoisMember"/>
    <link:definitionArc xlink:type="arc" xlink:arcrole="http://xbrl.org/int/dim/arcrole/dimension-domain" xlink:from="ExecucaoDaDespesaAxis" xlink:to="PeriodoDeReferenciaDoisMember" xlink:title="definition: ExecucaoDaDespesaAxis to PeriodoDeReferenciaDoisMember" order="4.0"/>
    <link:loc xlink:type="locator" xlink:href="../../../cor/dim/siconfi-dim_2019-12-31.xsd#siconfi-dim_PeriodoDeReferenciaUmMember" xlink:label="PeriodoDeReferenciaUmMember" xlink:title="PeriodoDeReferenciaUmMember"/>
    <link:definitionArc xlink:type="arc" xlink:arcrole="http://xbrl.org/int/dim/arcrole/dimension-domain" xlink:from="ExecucaoDaDespesaAxis" xlink:to="PeriodoDeReferenciaUmMember" xlink:title="definition: ExecucaoDaDespesaAxis to PeriodoDeReferenciaUmMember" order="3.0"/>
    <link:loc xlink:type="locator" xlink:href="../../../cor/dim/siconfi-dim_2019-12-31.xsd#siconfi-dim_PeriodoDeReferenciaMember" xlink:label="PeriodoDeReferenciaMember" xlink:title="PeriodoDeReferenciaMember"/>
    <link:definitionArc xlink:type="arc" xlink:arcrole="http://xbrl.org/int/dim/arcrole/dimension-domain" xlink:from="ExecucaoDaDespesaAxis" xlink:to="PeriodoDeReferenciaMember" xlink:title="definition: ExecucaoDaDespesaAxis to PeriodoDeReferenciaMember" order="2.0"/>
    <link:loc xlink:type="locator" xlink:href="../../../cor/dim/siconfi-dim_2019-12-31.xsd#siconfi-dim_PeriodoDeReferenciaAnteriorMember" xlink:label="PeriodoDeReferenciaAnteriorMember" xlink:title="PeriodoDeReferenciaAnteriorMember"/>
    <link:definitionArc xlink:type="arc" xlink:arcrole="http://xbrl.org/int/dim/arcrole/dimension-domain" xlink:from="ExecucaoDaDespesaAxis" xlink:to="PeriodoDeReferenciaAnteriorMember" xlink:title="definition: ExecucaoDaDespesaAxis to PeriodoDeReferenciaAnteriorMember" order="1.0"/>
    <link:loc xlink:type="locator" xlink:href="siconfi-rreo-anexo13_2019-12-31.xsd#siconfi-rreo-anexo13uniao_DespesasDePPPDoEnteFederadoAbstract" xlink:label="DespesasDePPPDoEnteFederadoAbstract" xlink:title="DespesasDePPPDoEnteFederadoAbstract"/>
    <link:loc xlink:type="locator" xlink:href="siconfi-rreo-anexo13_2019-12-31.xsd#siconfi-rreo-anexo13uniao_DespesasDePPPDoEnteFederadoLineItems" xlink:label="DespesasDePPPDoEnteFederadoLineItems" xlink:title="DespesasDePPPDoEnteFederadoLineItems"/>
    <link:definitionArc xlink:type="arc" xlink:arcrole="http://xbrl.org/int/dim/arcrole/domain-member" xlink:from="DespesasDePPPDoEnteFederadoAbstract" xlink:to="DespesasDePPPDoEnteFederadoLineItems" xlink:title="definition: DespesasDePPPDoEnteFederadoAbstract to DespesasDePPPDoEnteFederadoLineItems" order="1.0"/>
    <link:loc xlink:type="locator" xlink:href="../../../cor/ic/siconfi-cor_2019-12-31.xsd#siconfi-cor_DespesasPPPEnteFederado" xlink:label="DespesasPPPEnteFederado" xlink:title="DespesasPPPEnteFederado"/>
    <link:definitionArc xlink:type="arc" xlink:arcrole="http://xbrl.org/int/dim/arcrole/domain-member" xlink:from="DespesasDePPPDoEnteFederadoLineItems" xlink:to="DespesasPPPEnteFederado" xlink:title="definition: DespesasDePPPDoEnteFederadoLineItems to DespesasPPPEnteFederado" order="1.0"/>
    <link:loc xlink:type="locator" xlink:href="siconfi-rreo-anexo13_2019-12-31.xsd#siconfi-rreo-anexo13uniao_DespesasDePPPDoEnteFederadoTable" xlink:label="DespesasDePPPDoEnteFederadoTable" xlink:title="DespesasDePPPDoEnteFederadoTable"/>
    <link:definitionArc xlink:type="arc" xlink:arcrole="http://xbrl.org/int/dim/arcrole/all" xlink:from="DespesasDePPPDoEnteFederadoAbstract" xlink:to="DespesasDePPPDoEnteFederadoTable" xlink:title="definition: DespesasDePPPDoEnteFederadoAbstract to DespesasDePPPDoEnteFederadoTable" order="2.0" xbrldt:contextElement="segment" xbrldt:closed="true"/>
    <link:definitionArc xlink:type="arc" xlink:arcrole="http://xbrl.org/int/dim/arcrole/hypercube-dimension" xlink:from="DespesasDePPPDoEnteFederadoTable" xlink:to="ExecucaoDaDespesaAxis" xlink:title="definition: DespesasDePPPDoEnteFederadoTable to ExecucaoDaDespesaAxis" order="1.0"/>
    <link:loc xlink:type="locator" xlink:href="../../../cor/dim/siconfi-dim_2019-12-31.xsd#siconfi-dim_DespesasPPPEnteFederadoAxis" xlink:label="DespesasPPPEnteFederadoAxis" xlink:title="DespesasPPPEnteFederadoAxis"/>
    <link:definitionArc xlink:type="arc" xlink:arcrole="http://xbrl.org/int/dim/arcrole/hypercube-dimension" xlink:from="DespesasDePPPDoEnteFederadoTable" xlink:to="DespesasPPPEnteFederadoAxis" xlink:title="definition: DespesasDePPPDoEnteFederadoTable to DespesasPPPEnteFederadoAxis" order="2.0"/>
  </link:definitionLink>
  <link:definitionLink xlink:type="extended" xlink:role="http://fazenda.gov.br/siconfi/rep/rreo/anexo13/siconfi-rreo-anexo13-tabela13.0A">
    <link:loc xlink:type="locator" xlink:href="siconfi-rreo-anexo13_2019-12-31.xsd#siconfi-rreo-anexo13uniao_EspecificacaoDePPPAbstract" xlink:label="EspecificacaoDePPPAbstract" xlink:title="EspecificacaoDePPPAbstract"/>
    <link:loc xlink:type="locator" xlink:href="siconfi-rreo-anexo13_2019-12-31.xsd#siconfi-rreo-anexo13uniao_EspecificacaoDePPPLineItems" xlink:label="EspecificacaoDePPPLineItems" xlink:title="EspecificacaoDePPPLineItems"/>
    <link:definitionArc xlink:type="arc" xlink:arcrole="http://xbrl.org/int/dim/arcrole/domain-member" xlink:from="EspecificacaoDePPPAbstract" xlink:to="EspecificacaoDePPPLineItems" xlink:title="definition: EspecificacaoDePPPAbstract to EspecificacaoDePPPLineItems" order="1.0"/>
    <link:loc xlink:type="locator" xlink:href="../../../cor/ic/siconfi-cor_2019-12-31.xsd#siconfi-cor_TotalDeAtivosPPP" xlink:label="TotalDeAtivosPPP" xlink:title="TotalDeAtivosPPP"/>
    <link:definitionArc xlink:type="arc" xlink:arcrole="http://xbrl.org/int/dim/arcrole/domain-member" xlink:from="EspecificacaoDePPPLineItems" xlink:to="TotalDeAtivosPPP" xlink:title="definition: EspecificacaoDePPPLineItems to TotalDeAtivosPPP" order="1.0"/>
    <link:loc xlink:type="locator" xlink:href="../../../cor/ic/siconfi-cor_2019-12-31.xsd#siconfi-cor_AtivosContabilizadosNaSPEPPP" xlink:label="AtivosContabilizadosNaSPEPPP" xlink:title="AtivosContabilizadosNaSPEPPP"/>
    <link:definitionArc xlink:type="arc" xlink:arcrole="http://xbrl.org/int/dim/arcrole/domain-member" xlink:from="TotalDeAtivosPPP" xlink:to="AtivosContabilizadosNaSPEPPP" xlink:title="definition: TotalDeAtivosPPP to AtivosContabilizadosNaSPEPPP" order="1.0"/>
    <link:loc xlink:type="locator" xlink:href="../../../cor/ic/siconfi-cor_2019-12-31.xsd#siconfi-cor_TotalDePassivosPPP" xlink:label="TotalDePassivosPPP" xlink:title="TotalDePassivosPPP"/>
    <link:definitionArc xlink:type="arc" xlink:arcrole="http://xbrl.org/int/dim/arcrole/domain-member" xlink:from="EspecificacaoDePPPLineItems" xlink:to="TotalDePassivosPPP" xlink:title="definition: EspecificacaoDePPPLineItems to TotalDePassivosPPP" order="2.0"/>
    <link:loc xlink:type="locator" xlink:href="../../../cor/ic/siconfi-cor_2019-12-31.xsd#siconfi-cor_ObrigacoesNaoRelacionadasAServicosPPP" xlink:label="ObrigacoesNaoRelacionadasAServicosPPP" xlink:title="ObrigacoesNaoRelacionadasAServicosPPP"/>
    <link:definitionArc xlink:type="arc" xlink:arcrole="http://xbrl.org/int/dim/arcrole/domain-member" xlink:from="TotalDePassivosPPP" xlink:to="ObrigacoesNaoRelacionadasAServicosPPP" xlink:title="definition: TotalDePassivosPPP to ObrigacoesNaoRelacionadasAServicosPPP" order="1.0"/>
    <link:loc xlink:type="locator" xlink:href="../../../cor/ic/siconfi-cor_2019-12-31.xsd#siconfi-cor_ProvisoesDePPP" xlink:label="ProvisoesDePPP" xlink:title="ProvisoesDePPP"/>
    <link:definitionArc xlink:type="arc" xlink:arcrole="http://xbrl.org/int/dim/arcrole/domain-member" xlink:from="TotalDePassivosPPP" xlink:to="ProvisoesDePPP" xlink:title="definition: TotalDePassivosPPP to ProvisoesDePPP" order="2.0"/>
    <link:loc xlink:type="locator" xlink:href="../../../cor/ic/siconfi-cor_2019-12-31.xsd#siconfi-cor_OutrosPassivosContingentesPPP" xlink:label="OutrosPassivosContingentesPPP" xlink:title="OutrosPassivosContingentesPPP"/>
    <link:definitionArc xlink:type="arc" xlink:arcrole="http://xbrl.org/int/dim/arcrole/domain-member" xlink:from="TotalDePassivosPPP" xlink:to="OutrosPassivosContingentesPPP" xlink:title="definition: TotalDePassivosPPP to OutrosPassivosContingentesPPP" order="3.0"/>
    <link:loc xlink:type="locator" xlink:href="../../../cor/ic/siconfi-cor_2019-12-31.xsd#siconfi-cor_AtosPotenciaisPassivosPPP" xlink:label="AtosPotenciaisPassivosPPP" xlink:title="AtosPotenciaisPassivosPPP"/>
    <link:definitionArc xlink:type="arc" xlink:arcrole="http://xbrl.org/int/dim/arcrole/domain-member" xlink:from="EspecificacaoDePPPLineItems" xlink:to="AtosPotenciaisPassivosPPP" xlink:title="definition: EspecificacaoDePPPLineItems to AtosPotenciaisPassivosPPP" order="3.0"/>
    <link:loc xlink:type="locator" xlink:href="../../../cor/ic/siconfi-cor_2019-12-31.xsd#siconfi-cor_ObrigacoesContratuaisPPP" xlink:label="ObrigacoesContratuaisPPP" xlink:title="ObrigacoesContratuaisPPP"/>
    <link:definitionArc xlink:type="arc" xlink:arcrole="http://xbrl.org/int/dim/arcrole/domain-member" xlink:from="AtosPotenciaisPassivosPPP" xlink:to="ObrigacoesContratuaisPPP" xlink:title="definition: AtosPotenciaisPassivosPPP to ObrigacoesContratuaisPPP" order="1.0"/>
    <link:loc xlink:type="locator" xlink:href="../../../cor/ic/siconfi-cor_2019-12-31.xsd#siconfi-cor_GarantiasDePPP" xlink:label="GarantiasDePPP" xlink:title="GarantiasDePPP"/>
    <link:definitionArc xlink:type="arc" xlink:arcrole="http://xbrl.org/int/dim/arcrole/domain-member" xlink:from="AtosPotenciaisPassivosPPP" xlink:to="GarantiasDePPP" xlink:title="definition: AtosPotenciaisPassivosPPP to GarantiasDePPP" order="3.0"/>
    <link:loc xlink:type="locator" xlink:href="../../../cor/ic/siconfi-cor_2019-12-31.xsd#siconfi-cor_RiscosnaoProvisionados" xlink:label="RiscosnaoProvisionados" xlink:title="RiscosnaoProvisionados"/>
    <link:definitionArc xlink:type="arc" xlink:arcrole="http://xbrl.org/int/dim/arcrole/domain-member" xlink:from="AtosPotenciaisPassivosPPP" xlink:to="RiscosnaoProvisionados" xlink:title="definition: AtosPotenciaisPassivosPPP to RiscosnaoProvisionados" order="2.0"/>
    <link:loc xlink:type="locator" xlink:href="../../../cor/ic/siconfi-cor_2019-12-31.xsd#siconfi-cor_OutrosPassivosContingentes" xlink:label="OutrosPassivosContingentes" xlink:title="OutrosPassivosContingentes"/>
    <link:definitionArc xlink:type="arc" xlink:arcrole="http://xbrl.org/int/dim/arcrole/domain-member" xlink:from="AtosPotenciaisPassivosPPP" xlink:to="OutrosPassivosContingentes" xlink:title="definition: AtosPotenciaisPassivosPPP to OutrosPassivosContingentes" order="4.0"/>
    <link:loc xlink:type="locator" xlink:href="siconfi-rreo-anexo13_2019-12-31.xsd#siconfi-rreo-anexo13uniao_EspecificacaoDePPPTable" xlink:label="EspecificacaoDePPPTable" xlink:title="EspecificacaoDePPPTable"/>
    <link:definitionArc xlink:type="arc" xlink:arcrole="http://xbrl.org/int/dim/arcrole/all" xlink:from="EspecificacaoDePPPAbstract" xlink:to="EspecificacaoDePPPTable" xlink:title="definition: EspecificacaoDePPPAbstract to EspecificacaoDePPPTable" order="2.0" xbrldt:contextElement="segment" xbrldt:closed="true"/>
    <link:loc xlink:type="locator" xlink:href="../../../cor/dim/siconfi-dim_2019-12-31.xsd#siconfi-dim_ExecucaoAxis" xlink:label="ExecucaoAxis" xlink:title="ExecucaoAxis"/>
    <link:definitionArc xlink:type="arc" xlink:arcrole="http://xbrl.org/int/dim/arcrole/hypercube-dimension" xlink:from="EspecificacaoDePPPTable" xlink:to="ExecucaoAxis" xlink:title="definition: EspecificacaoDePPPTable to ExecucaoAxis" order="1.0"/>
    <link:loc xlink:type="locator" xlink:href="../../../cor/dim/siconfi-dim_2019-12-31.xsd#siconfi-dim_SaldoExercicioAnteriorMember" xlink:label="SaldoExercicioAnteriorMember" xlink:title="SaldoExercicioAnteriorMember"/>
    <link:definitionArc xlink:type="arc" xlink:arcrole="http://xbrl.org/int/dim/arcrole/dimension-domain" xlink:from="ExecucaoAxis" xlink:to="SaldoExercicioAnteriorMember" xlink:title="definition: ExecucaoAxis to SaldoExercicioAnteriorMember" order="1.0"/>
    <link:loc xlink:type="locator" xlink:href="../../../cor/dim/siconfi-dim_2019-12-31.xsd#siconfi-dim_SaldoMember" xlink:label="SaldoMember" xlink:title="SaldoMember"/>
    <link:definitionArc xlink:type="arc" xlink:arcrole="http://xbrl.org/int/dim/arcrole/dimension-domain" xlink:from="ExecucaoAxis" xlink:to="SaldoMember" xlink:title="definition: ExecucaoAxis to SaldoMember" order="2.0" xbrldt:usable="false"/>
    <link:loc xlink:type="locator" xlink:href="../../../cor/dim/siconfi-dim_2019-12-31.xsd#siconfi-dim_SaldoNoBimestreMember" xlink:label="SaldoNoBimestreMember" xlink:title="SaldoNoBimestreMember"/>
    <link:definitionArc xlink:type="arc" xlink:arcrole="http://xbrl.org/int/dim/arcrole/domain-member" xlink:from="SaldoMember" xlink:to="SaldoNoBimestreMember" xlink:title="definition: SaldoMember to SaldoNoBimestreMember" order="1.0"/>
    <link:loc xlink:type="locator" xlink:href="../../../cor/dim/siconfi-dim_2019-12-31.xsd#siconfi-dim_AteOBimestreMember" xlink:label="AteOBimestreMember" xlink:title="AteOBimestreMember"/>
    <link:definitionArc xlink:type="arc" xlink:arcrole="http://xbrl.org/int/dim/arcrole/domain-member" xlink:from="SaldoMember" xlink:to="AteOBimestreMember" xlink:title="definition: SaldoMember to AteOBimestreMember" order="2.0"/>
  </link:definitionLink>
  <link:definitionLink xlink:type="extended" xlink:role="http://fazenda.gov.br/siconfi/rep/rreo/anexo13/siconfi-rreo-anexo13-tabela13.0D">
    <link:loc xlink:type="locator" xlink:href="../../../cor/dim/siconfi-dim_2019-12-31.xsd#siconfi-dim_ExecucaoDaDespesaAxis" xlink:label="ExecucaoDaDespesaAxis" xlink:title="ExecucaoDaDespesaAxis"/>
    <link:loc xlink:type="locator" xlink:href="../../../cor/dim/siconfi-dim_2019-12-31.xsd#siconfi-dim_PeriodoDeReferenciaNoveMember" xlink:label="PeriodoDeReferenciaNoveMember" xlink:title="PeriodoDeReferenciaNoveMember"/>
    <link:definitionArc xlink:type="arc" xlink:arcrole="http://xbrl.org/int/dim/arcrole/dimension-domain" xlink:from="ExecucaoDaDespesaAxis" xlink:to="PeriodoDeReferenciaNoveMember" xlink:title="definition: ExecucaoDaDespesaAxis to PeriodoDeReferenciaNoveMember" order="11.0"/>
    <link:loc xlink:type="locator" xlink:href="../../../cor/dim/siconfi-dim_2019-12-31.xsd#siconfi-dim_PeriodoDeReferenciaOitoMember" xlink:label="PeriodoDeReferenciaOitoMember" xlink:title="PeriodoDeReferenciaOitoMember"/>
    <link:definitionArc xlink:type="arc" xlink:arcrole="http://xbrl.org/int/dim/arcrole/dimension-domain" xlink:from="ExecucaoDaDespesaAxis" xlink:to="PeriodoDeReferenciaOitoMember" xlink:title="definition: ExecucaoDaDespesaAxis to PeriodoDeReferenciaOitoMember" order="10.0"/>
    <link:loc xlink:type="locator" xlink:href="../../../cor/dim/siconfi-dim_2019-12-31.xsd#siconfi-dim_PeriodoDeReferenciaSeteMember" xlink:label="PeriodoDeReferenciaSeteMember" xlink:title="PeriodoDeReferenciaSeteMember"/>
    <link:definitionArc xlink:type="arc" xlink:arcrole="http://xbrl.org/int/dim/arcrole/dimension-domain" xlink:from="ExecucaoDaDespesaAxis" xlink:to="PeriodoDeReferenciaSeteMember" xlink:title="definition: ExecucaoDaDespesaAxis to PeriodoDeReferenciaSeteMember" order="9.0"/>
    <link:loc xlink:type="locator" xlink:href="../../../cor/dim/siconfi-dim_2019-12-31.xsd#siconfi-dim_PeriodoDeReferenciaSeisMember" xlink:label="PeriodoDeReferenciaSeisMember" xlink:title="PeriodoDeReferenciaSeisMember"/>
    <link:definitionArc xlink:type="arc" xlink:arcrole="http://xbrl.org/int/dim/arcrole/dimension-domain" xlink:from="ExecucaoDaDespesaAxis" xlink:to="PeriodoDeReferenciaSeisMember" xlink:title="definition: ExecucaoDaDespesaAxis to PeriodoDeReferenciaSeisMember" order="8.0"/>
    <link:loc xlink:type="locator" xlink:href="../../../cor/dim/siconfi-dim_2019-12-31.xsd#siconfi-dim_PeriodoDeReferenciaCincoMember" xlink:label="PeriodoDeReferenciaCincoMember" xlink:title="PeriodoDeReferenciaCincoMember"/>
    <link:definitionArc xlink:type="arc" xlink:arcrole="http://xbrl.org/int/dim/arcrole/dimension-domain" xlink:from="ExecucaoDaDespesaAxis" xlink:to="PeriodoDeReferenciaCincoMember" xlink:title="definition: ExecucaoDaDespesaAxis to PeriodoDeReferenciaCincoMember" order="7.0"/>
    <link:loc xlink:type="locator" xlink:href="../../../cor/dim/siconfi-dim_2019-12-31.xsd#siconfi-dim_PeriodoDeReferenciaQuatroMember" xlink:label="PeriodoDeReferenciaQuatroMember" xlink:title="PeriodoDeReferenciaQuatroMember"/>
    <link:definitionArc xlink:type="arc" xlink:arcrole="http://xbrl.org/int/dim/arcrole/dimension-domain" xlink:from="ExecucaoDaDespesaAxis" xlink:to="PeriodoDeReferenciaQuatroMember" xlink:title="definition: ExecucaoDaDespesaAxis to PeriodoDeReferenciaQuatroMember" order="6.0"/>
    <link:loc xlink:type="locator" xlink:href="../../../cor/dim/siconfi-dim_2019-12-31.xsd#siconfi-dim_PeriodoDeReferenciaTresMember" xlink:label="PeriodoDeReferenciaTresMember" xlink:title="PeriodoDeReferenciaTresMember"/>
    <link:definitionArc xlink:type="arc" xlink:arcrole="http://xbrl.org/int/dim/arcrole/dimension-domain" xlink:from="ExecucaoDaDespesaAxis" xlink:to="PeriodoDeReferenciaTresMember" xlink:title="definition: ExecucaoDaDespesaAxis to PeriodoDeReferenciaTresMember" order="5.0"/>
    <link:loc xlink:type="locator" xlink:href="../../../cor/dim/siconfi-dim_2019-12-31.xsd#siconfi-dim_PeriodoDeReferenciaDoisMember" xlink:label="PeriodoDeReferenciaDoisMember" xlink:title="PeriodoDeReferenciaDoisMember"/>
    <link:definitionArc xlink:type="arc" xlink:arcrole="http://xbrl.org/int/dim/arcrole/dimension-domain" xlink:from="ExecucaoDaDespesaAxis" xlink:to="PeriodoDeReferenciaDoisMember" xlink:title="definition: ExecucaoDaDespesaAxis to PeriodoDeReferenciaDoisMember" order="4.0"/>
    <link:loc xlink:type="locator" xlink:href="../../../cor/dim/siconfi-dim_2019-12-31.xsd#siconfi-dim_PeriodoDeReferenciaUmMember" xlink:label="PeriodoDeReferenciaUmMember" xlink:title="PeriodoDeReferenciaUmMember"/>
    <link:definitionArc xlink:type="arc" xlink:arcrole="http://xbrl.org/int/dim/arcrole/dimension-domain" xlink:from="ExecucaoDaDespesaAxis" xlink:to="PeriodoDeReferenciaUmMember" xlink:title="definition: ExecucaoDaDespesaAxis to PeriodoDeReferenciaUmMember" order="3.0"/>
    <link:loc xlink:type="locator" xlink:href="../../../cor/dim/siconfi-dim_2019-12-31.xsd#siconfi-dim_PeriodoDeReferenciaMember" xlink:label="PeriodoDeReferenciaMember" xlink:title="PeriodoDeReferenciaMember"/>
    <link:definitionArc xlink:type="arc" xlink:arcrole="http://xbrl.org/int/dim/arcrole/dimension-domain" xlink:from="ExecucaoDaDespesaAxis" xlink:to="PeriodoDeReferenciaMember" xlink:title="definition: ExecucaoDaDespesaAxis to PeriodoDeReferenciaMember" order="2.0"/>
    <link:loc xlink:type="locator" xlink:href="../../../cor/dim/siconfi-dim_2019-12-31.xsd#siconfi-dim_PeriodoDeReferenciaAnteriorMember" xlink:label="PeriodoDeReferenciaAnteriorMember" xlink:title="PeriodoDeReferenciaAnteriorMember"/>
    <link:definitionArc xlink:type="arc" xlink:arcrole="http://xbrl.org/int/dim/arcrole/dimension-domain" xlink:from="ExecucaoDaDespesaAxis" xlink:to="PeriodoDeReferenciaAnteriorMember" xlink:title="definition: ExecucaoDaDespesaAxis to PeriodoDeReferenciaAnteriorMember" order="1.0"/>
    <link:loc xlink:type="locator" xlink:href="siconfi-rreo-anexo13_2019-12-31.xsd#siconfi-rreo-anexo13uniao_TotalDasDespesasDePPPAbstract" xlink:label="TotalDasDespesasDePPPAbstract" xlink:title="TotalDasDespesasDePPPAbstract"/>
    <link:loc xlink:type="locator" xlink:href="siconfi-rreo-anexo13_2019-12-31.xsd#siconfi-rreo-anexo13uniao_TotalDasDespesasDePPPLineItems" xlink:label="TotalDasDespesasDePPPLineItems" xlink:title="TotalDasDespesasDePPPLineItems"/>
    <link:definitionArc xlink:type="arc" xlink:arcrole="http://xbrl.org/int/dim/arcrole/domain-member" xlink:from="TotalDasDespesasDePPPAbstract" xlink:to="TotalDasDespesasDePPPLineItems" xlink:title="definition: TotalDasDespesasDePPPAbstract to TotalDasDespesasDePPPLineItems" order="1.0"/>
    <link:loc xlink:type="locator" xlink:href="../../../cor/ic/siconfi-cor_2019-12-31.xsd#siconfi-cor_TotalDespesasPPP" xlink:label="TotalDespesasPPP" xlink:title="TotalDespesasPPP"/>
    <link:definitionArc xlink:type="arc" xlink:arcrole="http://xbrl.org/int/dim/arcrole/domain-member" xlink:from="TotalDasDespesasDePPPLineItems" xlink:to="TotalDespesasPPP" xlink:title="definition: TotalDasDespesasDePPPLineItems to TotalDespesasPPP" order="3.0"/>
    <link:loc xlink:type="locator" xlink:href="../../../cor/ic/siconfi-cor_2019-12-31.xsd#siconfi-cor_RREO13ReceitaCorrenteLiquida" xlink:label="RREO13ReceitaCorrenteLiquida" xlink:title="RREO13ReceitaCorrenteLiquida"/>
    <link:definitionArc xlink:type="arc" xlink:arcrole="http://xbrl.org/int/dim/arcrole/domain-member" xlink:from="TotalDasDespesasDePPPLineItems" xlink:to="RREO13ReceitaCorrenteLiquida" xlink:title="definition: TotalDasDespesasDePPPLineItems to RREO13ReceitaCorrenteLiquida" order="4.0"/>
    <link:loc xlink:type="locator" xlink:href="../../../cor/ic/siconfi-cor_2019-12-31.xsd#siconfi-cor_RREO13TotalDespesasPPP" xlink:label="RREO13TotalDespesasPPP" xlink:title="RREO13TotalDespesasPPP"/>
    <link:definitionArc xlink:type="arc" xlink:arcrole="http://xbrl.org/int/dim/arcrole/domain-member" xlink:from="TotalDasDespesasDePPPLineItems" xlink:to="RREO13TotalDespesasPPP" xlink:title="definition: TotalDasDespesasDePPPLineItems to RREO13TotalDespesasPPP" order="5.0"/>
    <link:loc xlink:type="locator" xlink:href="../../../cor/ic/siconfi-cor_2019-12-31.xsd#siconfi-cor_TotalDespesasPPPPercentualRCL" xlink:label="TotalDespesasPPPPercentualRCL" xlink:title="TotalDespesasPPPPercentualRCL"/>
    <link:definitionArc xlink:type="arc" xlink:arcrole="http://xbrl.org/int/dim/arcrole/domain-member" xlink:from="TotalDasDespesasDePPPLineItems" xlink:to="TotalDespesasPPPPercentualRCL" xlink:title="definition: TotalDasDespesasDePPPLineItems to TotalDespesasPPPPercentualRCL" order="6.0"/>
    <link:loc xlink:type="locator" xlink:href="../../../cor/ic/siconfi-cor_2019-12-31.xsd#siconfi-cor_TotalDespesasDePPPEstataisNaoDependentes" xlink:label="TotalDespesasDePPPEstataisNaoDependentes" xlink:title="TotalDespesasDePPPEstataisNaoDependentes"/>
    <link:definitionArc xlink:type="arc" xlink:arcrole="http://xbrl.org/int/dim/arcrole/domain-member" xlink:from="TotalDasDespesasDePPPLineItems" xlink:to="TotalDespesasDePPPEstataisNaoDependentes" xlink:title="definition: TotalDasDespesasDePPPLineItems to TotalDespesasDePPPEstataisNaoDependentes" order="2.0"/>
    <link:loc xlink:type="locator" xlink:href="../../../cor/ic/siconfi-cor_2019-12-31.xsd#siconfi-cor_TotalDespesasDePPPEnteFederado" xlink:label="TotalDespesasDePPPEnteFederado" xlink:title="TotalDespesasDePPPEnteFederado"/>
    <link:definitionArc xlink:type="arc" xlink:arcrole="http://xbrl.org/int/dim/arcrole/domain-member" xlink:from="TotalDasDespesasDePPPLineItems" xlink:to="TotalDespesasDePPPEnteFederado" xlink:title="definition: TotalDasDespesasDePPPLineItems to TotalDespesasDePPPEnteFederado" order="1.0"/>
    <link:loc xlink:type="locator" xlink:href="siconfi-rreo-anexo13_2019-12-31.xsd#siconfi-rreo-anexo13uniao_TotalDasDespesasDePPPTable" xlink:label="TotalDasDespesasDePPPTable" xlink:title="TotalDasDespesasDePPPTable"/>
    <link:definitionArc xlink:type="arc" xlink:arcrole="http://xbrl.org/int/dim/arcrole/all" xlink:from="TotalDasDespesasDePPPAbstract" xlink:to="TotalDasDespesasDePPPTable" xlink:title="definition: TotalDasDespesasDePPPAbstract to TotalDasDespesasDePPPTable" order="2.0" xbrldt:contextElement="segment" xbrldt:closed="true"/>
    <link:definitionArc xlink:type="arc" xlink:arcrole="http://xbrl.org/int/dim/arcrole/hypercube-dimension" xlink:from="TotalDasDespesasDePPPTable" xlink:to="ExecucaoDaDespesaAxis" xlink:title="definition: TotalDasDespesasDePPPTable to ExecucaoDaDespesaAxis" order="1.0"/>
  </link:definitionLink>
</link:linkbase>
