<?xml version="1.0" encoding="UTF-8"?>
<!-- Generated by Fujitsu Interstage XWand B0196 -->
<link:linkbase xmlns:xsi="http://www.w3.org/2001/XMLSchema-instance" xsi:schemaLocation="http://www.xbrl.org/2003/linkbase http://www.xbrl.org/2003/xbrl-linkbase-2003-12-31.xsd http://xbrl.org/2008/generic http://www.xbrl.org/2008/generic-link.xsd http://xbrl.org/2008/formula http://www.xbrl.org/2008/formula.xsd http://xbrl.org/2008/label http://www.xbrl.org/2008/generic-label.xsd http://xbrl.org/2008/reference http://www.xbrl.org/2008/generic-reference.xsd http://xbrl.org/2008/assertion/consistency http://www.xbrl.org/2008/consistency-assertion.xsd http://xbrl.org/2008/assertion/existence http://www.xbrl.org/2008/existence-assertion.xsd http://xbrl.org/2008/assertion/value http://www.xbrl.org/2008/value-assertion.xsd http://xbrl.org/2008/filter/dimension http://www.xbrl.org/2008/dimension-filter.xsd http://xbrl.org/2010/message http://www.xbrl.org/2010/generic-message.xsd http://xbrl.org/2010/message/validation http://www.xbrl.org/2010/validation-message.xsd http://xbrl.org/2008/filter/concept http://www.xbrl.org/2008/concept-filter.xsd http://xbrl.org/2010/filter/aspect-cover http://www.xbrl.org/2010/aspect-cover-filter.xsd http://xbrl.org/2008/filter/boolean http://www.xbrl.org/2008/boolean-filter.xsd" xmlns:ca="http://xbrl.org/2008/assertion/consistency" xmlns:gen="http://xbrl.org/2008/generic" xmlns:fn="http://www.w3.org/2005/xpath-functions" xmlns:variable="http://xbrl.org/2008/variable" xmlns:xfi="http://www.xbrl.org/2008/function/instance" xmlns:cf="http://xbrl.org/2008/filter/concept" xmlns:xs="http://www.w3.org/2001/XMLSchema" xmlns:valm="http://xbrl.org/2010/message/validation" xmlns:link="http://www.xbrl.org/2003/linkbase" xmlns:ea="http://xbrl.org/2008/assertion/existence" xmlns:siconfi-cor="http://fazenda.gov.br/siconfi/cor/ic/siconfi-cor_2019-12-31" xmlns:asf="http://xbrl.org/2010/filter/aspect-cover" xmlns:df="http://xbrl.org/2008/filter/dimension" xmlns:xlink="http://www.w3.org/1999/xlink" xmlns:validation="http://xbrl.org/2008/validation" xmlns:formula="http://xbrl.org/2008/formula" xmlns:siconfi-dim="http://fazenda.gov.br/siconfi/cor/dim/siconfi-dim_2019-12-31" xmlns:msg="http://xbrl.org/2010/message" xmlns:va="http://xbrl.org/2008/assertion/value" xmlns:label="http://xbrl.org/2008/label" xmlns:bf="http://xbrl.org/2008/filter/boolean" xmlns:xbrli="http://www.xbrl.org/2003/instance">
  <link:roleRef roleURI="http://fazenda.gov.br/siconfi/rep/rreo/anexo13/siconfi-rreo-anexo13-tabela13.0A" xlink:type="simple" xlink:href="siconfi-rreo-anexo13_2019-12-31.xsd#siconfi-rreo-anexo13-tabela13.0A"/>
  <link:roleRef roleURI="http://fazenda.gov.br/siconfi/rep/rreo/anexo13/siconfi-rreo-anexo13-tabela13.0D" xlink:type="simple" xlink:href="siconfi-rreo-anexo13_2019-12-31.xsd#siconfi-rreo-anexo13-tabela13.0D"/>
  <link:roleRef roleURI="http://www.xbrl.org/2008/role/link" xlink:type="simple" xlink:href="http://www.xbrl.org/2008/generic-link.xsd#standard-link-role"/>
  <link:roleRef roleURI="http://www.xbrl.org/2010/role/message" xlink:type="simple" xlink:href="http://www.xbrl.org/2010/generic-message.xsd#standard-message"/>
  <link:roleRef roleURI="http://fazenda.gov.br/siconfi/rep/rreo/anexo13/siconfi-rreo-anexo13-tabela13.0" xlink:type="simple" xlink:href="siconfi-rreo-anexo13_2019-12-31.xsd#siconfi-rreo-anexo13-tabela13.0"/>
  <link:roleRef roleURI="http://www.xbrl.org/2008/role/label" xlink:type="simple" xlink:href="http://www.xbrl.org/2008/generic-label.xsd#standard-label"/>
  <link:arcroleRef arcroleURI="http://xbrl.org/arcrole/2008/variable-filter" xlink:type="simple" xlink:href="http://www.xbrl.org/2008/variable.xsd#variable-filter"/>
  <link:arcroleRef arcroleURI="http://xbrl.org/arcrole/2008/variable-set" xlink:type="simple" xlink:href="http://www.xbrl.org/2008/variable.xsd#variable-set"/>
  <link:arcroleRef arcroleURI="http://xbrl.org/arcrole/2010/assertion-unsatisfied-message" xlink:type="simple" xlink:href="http://www.xbrl.org/2010/validation-message.xsd#assertion-unsatisfied-message"/>
  <link:arcroleRef arcroleURI="http://xbrl.org/arcrole/2008/variable-set-precondition" xlink:type="simple" xlink:href="http://www.xbrl.org/2008/variable.xsd#variable-set-precondition"/>
  <link:arcroleRef arcroleURI="http://xbrl.org/arcrole/2008/boolean-filter" xlink:type="simple" xlink:href="http://www.xbrl.org/2008/boolean-filter.xsd#boolean-filter"/>
  <link:arcroleRef arcroleURI="http://xbrl.org/arcrole/2008/variable-set-filter" xlink:type="simple" xlink:href="http://www.xbrl.org/2008/variable.xsd#variable-set-filter"/>
  <link:arcroleRef arcroleURI="http://xbrl.org/arcrole/2008/assertion-set" xlink:type="simple" xlink:href="http://www.xbrl.org/2008/validation.xsd#assertion-set"/>
  <link:arcroleRef arcroleURI="http://xbrl.org/arcrole/2008/element-label" xlink:type="simple" xlink:href="http://www.xbrl.org/2008/generic-label.xsd#element-label"/>
  <gen:link xlink:type="extended" xlink:role="http://fazenda.gov.br/siconfi/rep/rreo/anexo13/siconfi-rreo-anexo13-tabela13.0A">
    <variable:factVariable xlink:type="resource" xlink:label="factVariable" xlink:title="factVariable" id="factVariable" bindAsSequence="false" fallbackValue="0"/>
    <df:explicitDimension xlink:type="resource" xlink:label="explicitDimension" xlink:title="explicitDimension" id="explicitDimension">
      <df:dimension>
        <df:qname>siconfi-dim:ExecucaoAxis</df:qname>
      </df:dimension>
      <df:member>
        <df:qname>siconfi-dim:SaldoAtualMember</df:qname>
      </df:member>
    </df:explicitDimension>
    <variable:variableFilterArc xlink:type="arc" xlink:arcrole="http://xbrl.org/arcrole/2008/variable-filter" xlink:from="factVariable" xlink:to="explicitDimension" xlink:title="factVariable to explicitDimension" priority="0" order="1.0" cover="true" complement="false"/>
    <variable:factVariable xlink:type="resource" xlink:label="factVariable_2" xlink:title="factVariable_2" id="factVariable_2" bindAsSequence="false" fallbackValue="0"/>
    <df:explicitDimension xlink:type="resource" xlink:label="explicitDimension_2" xlink:title="explicitDimension_2" id="explicitDimension_2">
      <df:dimension>
        <df:qname>siconfi-dim:ExecucaoAxis</df:qname>
      </df:dimension>
      <df:member>
        <df:qname>siconfi-dim:SaldoExercicioAnteriorMember</df:qname>
      </df:member>
    </df:explicitDimension>
    <variable:variableFilterArc xlink:type="arc" xlink:arcrole="http://xbrl.org/arcrole/2008/variable-filter" xlink:from="factVariable_2" xlink:to="explicitDimension_2" xlink:title="factVariable_2 to explicitDimension_2" priority="0" order="1.0" cover="true" complement="false"/>
    <variable:factVariable xlink:type="resource" xlink:label="factVariable_3" xlink:title="factVariable_3" id="factVariable_3" bindAsSequence="false" fallbackValue="0"/>
    <df:explicitDimension xlink:type="resource" xlink:label="explicitDimension_3" xlink:title="explicitDimension_3" id="explicitDimension_3">
      <df:dimension>
        <df:qname>siconfi-dim:ExecucaoAxis</df:qname>
      </df:dimension>
      <df:member>
        <df:qname>siconfi-dim:AteOBimestreMember</df:qname>
      </df:member>
    </df:explicitDimension>
    <variable:variableFilterArc xlink:type="arc" xlink:arcrole="http://xbrl.org/arcrole/2008/variable-filter" xlink:from="factVariable_3" xlink:to="explicitDimension_3" xlink:title="factVariable_3 to explicitDimension_3" priority="0" order="1.0" cover="true" complement="false"/>
    <variable:factVariable xlink:type="resource" xlink:label="factVariable_4" xlink:title="factVariable_4" id="factVariable_7" bindAsSequence="false" fallbackValue="0"/>
    <cf:conceptName xlink:type="resource" xlink:label="conceptName" xlink:title="conceptName" id="conceptName_5">
      <cf:concept>
        <cf:qname>siconfi-cor:TotalDeAtivosPPP</cf:qname>
      </cf:concept>
    </cf:conceptName>
    <variable:variableFilterArc xlink:type="arc" xlink:arcrole="http://xbrl.org/arcrole/2008/variable-filter" xlink:from="factVariable_4" xlink:to="conceptName" xlink:title="factVariable_4 to conceptName" priority="0" order="1.0" cover="true" complement="false"/>
    <variable:factVariable xlink:type="resource" xlink:label="factVariable_5" xlink:title="factVariable_5" id="factVariable_8" bindAsSequence="false" fallbackValue="0"/>
    <cf:conceptName xlink:type="resource" xlink:label="conceptName_2" xlink:title="conceptName_2" id="conceptName_6">
      <cf:concept>
        <cf:qname>siconfi-cor:DireitosFuturosPPP</cf:qname>
      </cf:concept>
    </cf:conceptName>
    <variable:variableFilterArc xlink:type="arc" xlink:arcrole="http://xbrl.org/arcrole/2008/variable-filter" xlink:from="factVariable_5" xlink:to="conceptName_2" xlink:title="factVariable_5 to conceptName_2" priority="0" order="1.0" cover="true" complement="false"/>
    <variable:factVariable xlink:type="resource" xlink:label="factVariable_7" xlink:title="factVariable_7" id="factVariable_10" bindAsSequence="false" fallbackValue="0"/>
    <cf:conceptName xlink:type="resource" xlink:label="conceptName_4" xlink:title="conceptName_4" id="conceptName_8">
      <cf:concept>
        <cf:qname>siconfi-cor:ContrapartidaParaProvisoesDePPP</cf:qname>
      </cf:concept>
    </cf:conceptName>
    <variable:variableFilterArc xlink:type="arc" xlink:arcrole="http://xbrl.org/arcrole/2008/variable-filter" xlink:from="factVariable_7" xlink:to="conceptName_4" xlink:title="factVariable_7 to conceptName_4" priority="0" order="1.0" cover="true" complement="false"/>
    <variable:factVariable xlink:type="resource" xlink:label="factVariable_10" xlink:title="factVariable_10" id="factVariable_13" bindAsSequence="false" fallbackValue="0"/>
    <cf:conceptName xlink:type="resource" xlink:label="conceptName_7" xlink:title="conceptName_7" id="conceptName_11">
      <cf:concept>
        <cf:qname>siconfi-cor:ContrapartidaParaAtivosDaSPEPPP</cf:qname>
      </cf:concept>
    </cf:conceptName>
    <variable:variableFilterArc xlink:type="arc" xlink:arcrole="http://xbrl.org/arcrole/2008/variable-filter" xlink:from="factVariable_10" xlink:to="conceptName_7" xlink:title="factVariable_10 to conceptName_7" priority="0" order="1.0" cover="true" complement="false"/>
    <variable:factVariable xlink:type="resource" xlink:label="factVariable_12" xlink:title="factVariable_12" id="factVariable_15" bindAsSequence="false" fallbackValue="0"/>
    <cf:conceptName xlink:type="resource" xlink:label="conceptName_9" xlink:title="conceptName_9" id="conceptName_13">
      <cf:concept>
        <cf:qname>siconfi-cor:PassivosContingentesPPP</cf:qname>
      </cf:concept>
    </cf:conceptName>
    <variable:variableFilterArc xlink:type="arc" xlink:arcrole="http://xbrl.org/arcrole/2008/variable-filter" xlink:from="factVariable_12" xlink:to="conceptName_9" xlink:title="factVariable_12 to conceptName_9" priority="0" order="1.0" cover="true" complement="false"/>
    <variable:factVariable xlink:type="resource" xlink:label="factVariable_13" xlink:title="factVariable_13" id="factVariable_16" bindAsSequence="false" fallbackValue="0"/>
    <cf:conceptName xlink:type="resource" xlink:label="conceptName_10" xlink:title="conceptName_10" id="conceptName_14">
      <cf:concept>
        <cf:qname>siconfi-cor:ContraprestacoesFuturasPPP</cf:qname>
      </cf:concept>
    </cf:conceptName>
    <variable:variableFilterArc xlink:type="arc" xlink:arcrole="http://xbrl.org/arcrole/2008/variable-filter" xlink:from="factVariable_13" xlink:to="conceptName_10" xlink:title="factVariable_13 to conceptName_10" priority="0" order="1.0" cover="true" complement="false"/>
    <variable:factVariable xlink:type="resource" xlink:label="factVariable_14" xlink:title="factVariable_14" id="factVariable_17" bindAsSequence="false" fallbackValue="0"/>
    <cf:conceptName xlink:type="resource" xlink:label="conceptName_11" xlink:title="conceptName_11" id="conceptName_15">
      <cf:concept>
        <cf:qname>siconfi-cor:RiscosNaoProvisionadosPPP</cf:qname>
      </cf:concept>
    </cf:conceptName>
    <variable:variableFilterArc xlink:type="arc" xlink:arcrole="http://xbrl.org/arcrole/2008/variable-filter" xlink:from="factVariable_14" xlink:to="conceptName_11" xlink:title="factVariable_14 to conceptName_11" priority="0" order="1.0" cover="true" complement="false"/>
    <variable:factVariable xlink:type="resource" xlink:label="factVariable_15" xlink:title="factVariable_15" id="factVariable_18" bindAsSequence="false" fallbackValue="0"/>
    <cf:conceptName xlink:type="resource" xlink:label="conceptName_12" xlink:title="conceptName_12" id="conceptName_16">
      <cf:concept>
        <cf:qname>siconfi-cor:OutrosPassivosContingentesPPP</cf:qname>
      </cf:concept>
    </cf:conceptName>
    <variable:variableFilterArc xlink:type="arc" xlink:arcrole="http://xbrl.org/arcrole/2008/variable-filter" xlink:from="factVariable_15" xlink:to="conceptName_12" xlink:title="factVariable_15 to conceptName_12" priority="0" order="1.0" cover="true" complement="false"/>
    <variable:factVariable xlink:type="resource" xlink:label="factVariable_18" xlink:title="factVariable_18" id="factVariable_21" bindAsSequence="false" fallbackValue="0"/>
    <cf:conceptName xlink:type="resource" xlink:label="conceptName_15" xlink:title="conceptName_15" id="conceptName_19">
      <cf:concept>
        <cf:qname>siconfi-cor:AtivosContingentesPPP</cf:qname>
      </cf:concept>
    </cf:conceptName>
    <variable:variableFilterArc xlink:type="arc" xlink:arcrole="http://xbrl.org/arcrole/2008/variable-filter" xlink:from="factVariable_18" xlink:to="conceptName_15" xlink:title="factVariable_18 to conceptName_15" priority="0" order="1.0" cover="true" complement="false"/>
    <variable:factVariable xlink:type="resource" xlink:label="factVariable_19" xlink:title="factVariable_19" id="factVariable_22" bindAsSequence="false" fallbackValue="0"/>
    <cf:conceptName xlink:type="resource" xlink:label="conceptName_16" xlink:title="conceptName_16" id="conceptName_20">
      <cf:concept>
        <cf:qname>siconfi-cor:ServicosFuturosPPP</cf:qname>
      </cf:concept>
    </cf:conceptName>
    <variable:variableFilterArc xlink:type="arc" xlink:arcrole="http://xbrl.org/arcrole/2008/variable-filter" xlink:from="factVariable_19" xlink:to="conceptName_16" xlink:title="factVariable_19 to conceptName_16" priority="0" order="1.0" cover="true" complement="false"/>
    <variable:factVariable xlink:type="resource" xlink:label="factVariable_20" xlink:title="factVariable_20" id="factVariable_23" bindAsSequence="false" fallbackValue="0"/>
    <cf:conceptName xlink:type="resource" xlink:label="conceptName_17" xlink:title="conceptName_17" id="conceptName_21">
      <cf:concept>
        <cf:qname>siconfi-cor:OutrosAtivosContingentesPPP</cf:qname>
      </cf:concept>
    </cf:conceptName>
    <variable:variableFilterArc xlink:type="arc" xlink:arcrole="http://xbrl.org/arcrole/2008/variable-filter" xlink:from="factVariable_20" xlink:to="conceptName_17" xlink:title="factVariable_20 to conceptName_17" priority="0" order="1.0" cover="true" complement="false"/>
    <variable:factVariable xlink:type="resource" xlink:label="factVariable_16" xlink:title="factVariable_16" id="factVariable_19" bindAsSequence="false" fallbackValue="0"/>
    <cf:conceptName xlink:type="resource" xlink:label="conceptName_13" xlink:title="conceptName_13" id="conceptName_17">
      <cf:concept>
        <cf:qname>siconfi-cor:SaldoLiquidoDePassivosDePPP</cf:qname>
      </cf:concept>
    </cf:conceptName>
    <variable:variableFilterArc xlink:type="arc" xlink:arcrole="http://xbrl.org/arcrole/2008/variable-filter" xlink:from="factVariable_16" xlink:to="conceptName_13" xlink:title="factVariable_16 to conceptName_13" priority="0" order="1.0" cover="true" complement="false"/>
    <variable:factVariable xlink:type="resource" xlink:label="factVariable_17" xlink:title="factVariable_17" id="factVariable_20" bindAsSequence="false" fallbackValue="0"/>
    <cf:conceptName xlink:type="resource" xlink:label="conceptName_14" xlink:title="conceptName_14" id="conceptName_18">
      <cf:concept>
        <cf:qname>siconfi-cor:GarantiasDePPP</cf:qname>
      </cf:concept>
    </cf:conceptName>
    <variable:variableFilterArc xlink:type="arc" xlink:arcrole="http://xbrl.org/arcrole/2008/variable-filter" xlink:from="factVariable_17" xlink:to="conceptName_14" xlink:title="factVariable_17 to conceptName_14" priority="0" order="1.0" cover="true" complement="false"/>
    <variable:factVariable xlink:type="resource" xlink:label="factVariable_22" xlink:title="factVariable_22" id="factVariable_25" bindAsSequence="false" fallbackValue="0"/>
    <cf:conceptName xlink:type="resource" xlink:label="conceptName_18" xlink:title="conceptName_18" id="conceptName_22">
      <cf:concept>
        <cf:qname>siconfi-cor:AtosPotenciaisPassivosPPP</cf:qname>
      </cf:concept>
    </cf:conceptName>
    <variable:variableFilterArc xlink:type="arc" xlink:arcrole="http://xbrl.org/arcrole/2008/variable-filter" xlink:from="factVariable_22" xlink:to="conceptName_18" xlink:title="factVariable_22 to conceptName_18" priority="0" order="1.0" cover="true" complement="false"/>
    <variable:factVariable xlink:type="resource" xlink:label="factVariable_23" xlink:title="factVariable_23" id="factVariable_26" bindAsSequence="false" fallbackValue="0"/>
    <cf:conceptName xlink:type="resource" xlink:label="conceptName_19" xlink:title="conceptName_19" id="conceptName_23">
      <cf:concept>
        <cf:qname>siconfi-cor:ObrigacoesContratuaisPPP</cf:qname>
      </cf:concept>
    </cf:conceptName>
    <variable:variableFilterArc xlink:type="arc" xlink:arcrole="http://xbrl.org/arcrole/2008/variable-filter" xlink:from="factVariable_23" xlink:to="conceptName_19" xlink:title="factVariable_23 to conceptName_19" priority="0" order="1.0" cover="true" complement="false"/>
    <variable:factVariable xlink:type="resource" xlink:label="factVariable_24" xlink:title="factVariable_24" id="factVariable_27" bindAsSequence="false" fallbackValue="0"/>
    <variable:variableFilterArc xlink:type="arc" xlink:arcrole="http://xbrl.org/arcrole/2008/variable-filter" xlink:from="factVariable_24" xlink:to="conceptName_14" xlink:title="factVariable_24 to conceptName_14" priority="0" order="1.0" cover="true" complement="false"/>
    <va:valueAssertion xlink:type="resource" xlink:label="valueAssertion_2" xlink:title="valueAssertion_2" id="ES13001" test=" $TotalDeAtivosPPP = $AtivosContabilizadosNaSPEPPP " aspectModel="dimensional" implicitFiltering="true"/>
    <variable:factVariable xlink:type="resource" xlink:label="factVariable_6" xlink:title="factVariable_6" id="factVariable_9" bindAsSequence="false" fallbackValue="0"/>
    <variable:variableArc xlink:type="arc" xlink:arcrole="http://xbrl.org/arcrole/2008/variable-set" xlink:from="valueAssertion_2" xlink:to="factVariable_6" xlink:title="valueAssertion_2 to factVariable_6" priority="0" order="3.0" name="AtivosContabilizadosNaSPEPPP"/>
    <cf:conceptName xlink:type="resource" xlink:label="conceptName_3" xlink:title="conceptName_3" id="conceptName_7">
      <cf:concept>
        <cf:qname>siconfi-cor:AtivosContabilizadosNaSPEPPP</cf:qname>
      </cf:concept>
    </cf:conceptName>
    <variable:variableFilterArc xlink:type="arc" xlink:arcrole="http://xbrl.org/arcrole/2008/variable-filter" xlink:from="factVariable_6" xlink:to="conceptName_3" xlink:title="factVariable_6 to conceptName_3" priority="0" order="1.0" cover="true" complement="false"/>
    <variable:factVariable xlink:type="resource" xlink:label="factVariable_25" xlink:title="factVariable_25" id="factVariable_28" bindAsSequence="false" fallbackValue="0"/>
    <variable:variableArc xlink:type="arc" xlink:arcrole="http://xbrl.org/arcrole/2008/variable-set" xlink:from="valueAssertion_2" xlink:to="factVariable_25" xlink:title="valueAssertion_2 to factVariable_25" priority="0" order="4.0" name="TotalDeAtivosPPP"/>
    <variable:variableFilterArc xlink:type="arc" xlink:arcrole="http://xbrl.org/arcrole/2008/variable-filter" xlink:from="factVariable_25" xlink:to="conceptName" xlink:title="factVariable_25 to conceptName" priority="0" order="1.0" cover="true" complement="false"/>
    <link:loc xlink:type="locator" xlink:href="#orFilter_2" xlink:label="orFilter" xlink:title="orFilter"/>
    <variable:variableSetFilterArc xlink:type="arc" xlink:arcrole="http://xbrl.org/arcrole/2008/variable-set-filter" xlink:from="valueAssertion_2" xlink:to="orFilter" xlink:title="valueAssertion_2 to orFilter" priority="0" order="1.0" complement="false"/>
    <va:valueAssertion xlink:type="resource" xlink:label="valueAssertion_3" xlink:title="valueAssertion_3" id="ES13002" test=" $TotalDePassivosPPP = $ObrigacoesNaoRelacionadasAServicosPPP + $ProvisoesDePPP + $OutrosPassivosContingentesPPP " aspectModel="dimensional" implicitFiltering="true"/>
    <variable:factVariable xlink:type="resource" xlink:label="factVariable_8" xlink:title="factVariable_8" id="factVariable_11" bindAsSequence="false" fallbackValue="0"/>
    <variable:variableArc xlink:type="arc" xlink:arcrole="http://xbrl.org/arcrole/2008/variable-set" xlink:from="valueAssertion_3" xlink:to="factVariable_8" xlink:title="valueAssertion_3 to factVariable_8" priority="0" order="1.0" name="TotalDePassivosPPP"/>
    <cf:conceptName xlink:type="resource" xlink:label="conceptName_5" xlink:title="conceptName_5" id="conceptName_9">
      <cf:concept>
        <cf:qname>siconfi-cor:TotalDePassivosPPP</cf:qname>
      </cf:concept>
    </cf:conceptName>
    <variable:variableFilterArc xlink:type="arc" xlink:arcrole="http://xbrl.org/arcrole/2008/variable-filter" xlink:from="factVariable_8" xlink:to="conceptName_5" xlink:title="factVariable_8 to conceptName_5" priority="0" order="1.0" cover="true" complement="false"/>
    <variable:factVariable xlink:type="resource" xlink:label="factVariable_9" xlink:title="factVariable_9" id="factVariable_12" bindAsSequence="false" fallbackValue="0"/>
    <variable:variableArc xlink:type="arc" xlink:arcrole="http://xbrl.org/arcrole/2008/variable-set" xlink:from="valueAssertion_3" xlink:to="factVariable_9" xlink:title="valueAssertion_3 to factVariable_9" priority="0" order="2.0" name="ObrigacoesNaoRelacionadasAServicosPPP"/>
    <cf:conceptName xlink:type="resource" xlink:label="conceptName_6" xlink:title="conceptName_6" id="conceptName_10">
      <cf:concept>
        <cf:qname>siconfi-cor:ObrigacoesNaoRelacionadasAServicosPPP</cf:qname>
      </cf:concept>
    </cf:conceptName>
    <variable:variableFilterArc xlink:type="arc" xlink:arcrole="http://xbrl.org/arcrole/2008/variable-filter" xlink:from="factVariable_9" xlink:to="conceptName_6" xlink:title="factVariable_9 to conceptName_6" priority="0" order="1.0" cover="true" complement="false"/>
    <variable:factVariable xlink:type="resource" xlink:label="factVariable_11" xlink:title="factVariable_11" id="factVariable_14" bindAsSequence="false" fallbackValue="0"/>
    <variable:variableArc xlink:type="arc" xlink:arcrole="http://xbrl.org/arcrole/2008/variable-set" xlink:from="valueAssertion_3" xlink:to="factVariable_11" xlink:title="valueAssertion_3 to factVariable_11" priority="0" order="4.0" name="ProvisoesDePPP"/>
    <cf:conceptName xlink:type="resource" xlink:label="conceptName_8" xlink:title="conceptName_8" id="conceptName_12">
      <cf:concept>
        <cf:qname>siconfi-cor:ProvisoesDePPP</cf:qname>
      </cf:concept>
    </cf:conceptName>
    <variable:variableFilterArc xlink:type="arc" xlink:arcrole="http://xbrl.org/arcrole/2008/variable-filter" xlink:from="factVariable_11" xlink:to="conceptName_8" xlink:title="factVariable_11 to conceptName_8" priority="0" order="1.0" cover="true" complement="false"/>
    <variable:factVariable xlink:type="resource" xlink:label="factVariable_21" xlink:title="factVariable_21" id="factVariable_24" bindAsSequence="false" fallbackValue="0"/>
    <variable:variableArc xlink:type="arc" xlink:arcrole="http://xbrl.org/arcrole/2008/variable-set" xlink:from="valueAssertion_3" xlink:to="factVariable_21" xlink:title="valueAssertion_3 to factVariable_21" priority="0" order="5.0" name="OutrosPassivosContingentesPPP"/>
    <variable:variableFilterArc xlink:type="arc" xlink:arcrole="http://xbrl.org/arcrole/2008/variable-filter" xlink:from="factVariable_21" xlink:to="conceptName_12" xlink:title="factVariable_21 to conceptName_12" priority="0" order="1.0" cover="true" complement="false"/>
    <link:loc xlink:type="locator" xlink:href="#orFilter_2" xlink:label="orFilter_2" xlink:title="orFilter_2"/>
    <variable:variableSetFilterArc xlink:type="arc" xlink:arcrole="http://xbrl.org/arcrole/2008/variable-set-filter" xlink:from="valueAssertion_3" xlink:to="orFilter_2" xlink:title="valueAssertion_3 to orFilter_2" priority="0" order="1.0" complement="false"/>
    <va:valueAssertion xlink:type="resource" xlink:label="valueAssertion_6" xlink:title="valueAssertion_6" id="ES13003" test=" $AtosPotenciaisPassivosPPP = $ObrigacoesContratuaisPPP + $RiscosnaoProvisionados + $GarantiasDePPP + $OutrosPassivosContingentes " aspectModel="dimensional" implicitFiltering="true"/>
    <variable:factVariable xlink:type="resource" xlink:label="factVariable_26" xlink:title="factVariable_26" id="factVariable_33" bindAsSequence="false"/>
    <variable:variableArc xlink:type="arc" xlink:arcrole="http://xbrl.org/arcrole/2008/variable-set" xlink:from="valueAssertion_6" xlink:to="factVariable_26" xlink:title="valueAssertion_6 to factVariable_26" priority="0" order="1.0" name="AtosPotenciaisPassivosPPP"/>
    <variable:variableFilterArc xlink:type="arc" xlink:arcrole="http://xbrl.org/arcrole/2008/variable-filter" xlink:from="factVariable_26" xlink:to="conceptName_18" xlink:title="factVariable_26 to conceptName_18" priority="0" order="1.0" cover="true" complement="false"/>
    <variable:factVariable xlink:type="resource" xlink:label="factVariable_27" xlink:title="factVariable_27" id="factVariable_34" bindAsSequence="false"/>
    <variable:variableArc xlink:type="arc" xlink:arcrole="http://xbrl.org/arcrole/2008/variable-set" xlink:from="valueAssertion_6" xlink:to="factVariable_27" xlink:title="valueAssertion_6 to factVariable_27" priority="0" order="2.0" name="ObrigacoesContratuaisPPP"/>
    <variable:variableFilterArc xlink:type="arc" xlink:arcrole="http://xbrl.org/arcrole/2008/variable-filter" xlink:from="factVariable_27" xlink:to="conceptName_19" xlink:title="factVariable_27 to conceptName_19" priority="0" order="1.0" cover="true" complement="false"/>
    <variable:factVariable xlink:type="resource" xlink:label="factVariable_28" xlink:title="factVariable_28" id="factVariable_35" bindAsSequence="false"/>
    <variable:variableArc xlink:type="arc" xlink:arcrole="http://xbrl.org/arcrole/2008/variable-set" xlink:from="valueAssertion_6" xlink:to="factVariable_28" xlink:title="valueAssertion_6 to factVariable_28" priority="0" order="3.0" name="RiscosnaoProvisionados"/>
    <cf:conceptName xlink:type="resource" xlink:label="conceptName_20" xlink:title="conceptName_20" id="conceptName_26">
      <cf:concept>
        <cf:qname>siconfi-cor:RiscosnaoProvisionados</cf:qname>
      </cf:concept>
    </cf:conceptName>
    <variable:variableFilterArc xlink:type="arc" xlink:arcrole="http://xbrl.org/arcrole/2008/variable-filter" xlink:from="factVariable_28" xlink:to="conceptName_20" xlink:title="factVariable_28 to conceptName_20" priority="0" order="1.0" cover="true" complement="false"/>
    <variable:factVariable xlink:type="resource" xlink:label="factVariable_29" xlink:title="factVariable_29" id="factVariable_36" bindAsSequence="false"/>
    <variable:variableArc xlink:type="arc" xlink:arcrole="http://xbrl.org/arcrole/2008/variable-set" xlink:from="valueAssertion_6" xlink:to="factVariable_29" xlink:title="valueAssertion_6 to factVariable_29" priority="0" order="4.0" name="GarantiasDePPP"/>
    <variable:variableFilterArc xlink:type="arc" xlink:arcrole="http://xbrl.org/arcrole/2008/variable-filter" xlink:from="factVariable_29" xlink:to="conceptName_14" xlink:title="factVariable_29 to conceptName_14" priority="0" order="1.0" cover="true" complement="false"/>
    <variable:factVariable xlink:type="resource" xlink:label="factVariable_30" xlink:title="factVariable_30" id="factVariable_37" bindAsSequence="false"/>
    <variable:variableArc xlink:type="arc" xlink:arcrole="http://xbrl.org/arcrole/2008/variable-set" xlink:from="valueAssertion_6" xlink:to="factVariable_30" xlink:title="valueAssertion_6 to factVariable_30" priority="0" order="5.0" name="OutrosPassivosContingentes"/>
    <cf:conceptName xlink:type="resource" xlink:label="conceptName_21" xlink:title="conceptName_21" id="conceptName_27">
      <cf:concept>
        <cf:qname>siconfi-cor:OutrosPassivosContingentes</cf:qname>
      </cf:concept>
    </cf:conceptName>
    <variable:variableFilterArc xlink:type="arc" xlink:arcrole="http://xbrl.org/arcrole/2008/variable-filter" xlink:from="factVariable_30" xlink:to="conceptName_21" xlink:title="factVariable_30 to conceptName_21" priority="0" order="1.0" cover="true" complement="false"/>
    <link:loc xlink:type="locator" xlink:href="#orFilter_2" xlink:label="orFilter_3" xlink:title="orFilter_3"/>
    <variable:variableSetFilterArc xlink:type="arc" xlink:arcrole="http://xbrl.org/arcrole/2008/variable-set-filter" xlink:from="valueAssertion_6" xlink:to="orFilter_3" xlink:title="valueAssertion_6 to orFilter_3" priority="0" order="1.0" complement="false"/>
  </gen:link>
  <gen:link xlink:type="extended" xlink:role="http://www.xbrl.org/2008/role/link">
    <link:loc xlink:type="locator" xlink:href="#EP13001" xlink:label="valueAssertion_2" xlink:title="valueAssertion_2"/>
    <msg:message xlink:type="resource" xlink:label="label_2" xlink:role="http://www.xbrl.org/2010/role/message" xlink:title="label_2" xml:lang="pt-br" id="label_2">[EP13001] - O valor informado no campo "TOTAL DAS DESPESAS / RCL (%) (V =  IV / III)" não corresponde ao quociente entre "TOTAL DAS DESPESAS CONSIDERADAS PARA O LIMITE (IV = I + II)" e "RECEITA CORRENTE LÍQUIDA (RCL) (III)" do quadro "Total das Despesas de PPP".</msg:message>
    <gen:arc xlink:type="arc" xlink:arcrole="http://xbrl.org/arcrole/2010/assertion-unsatisfied-message" xlink:from="valueAssertion_2" xlink:to="label_2" xlink:title="valueAssertion_2 to label_2" priority="0" order="1.0"/>
    <link:loc xlink:type="locator" xlink:href="#ES13001" xlink:label="valueAssertion_2_2" xlink:title="valueAssertion_2_2"/>
    <msg:message xlink:type="resource" xlink:label="label_3" xlink:role="http://www.xbrl.org/2010/role/message" xlink:title="label_3" xml:lang="pt-br" id="label_3">[ES13001] - O campo "TOTAL DE ATIVOS" não corresponde ao valor informado no campo "Ativos Constituídos na SPE".</msg:message>
    <gen:arc xlink:type="arc" xlink:arcrole="http://xbrl.org/arcrole/2010/assertion-unsatisfied-message" xlink:from="valueAssertion_2_2" xlink:to="label_3" xlink:title="valueAssertion_2_2 to label_3" priority="0" order="1.0"/>
    <link:loc xlink:type="locator" xlink:href="#ES13002" xlink:label="valueAssertion_3" xlink:title="valueAssertion_3"/>
    <msg:message xlink:type="resource" xlink:label="label_4" xlink:role="http://www.xbrl.org/2010/role/message" xlink:title="label_4" xml:lang="pt-br" id="label_4">[ES13002] - O campo "TOTAL DE PASSIVOS" não corresponde ao somatório dos valores informados nos campos "Obrigações decorrentes de Ativos Constituídos pela SPE", "Provisões de PPP" e "Outros Passivos" no quadro "Impactos das Contratações de PPP".</msg:message>
    <gen:arc xlink:type="arc" xlink:arcrole="http://xbrl.org/arcrole/2010/assertion-unsatisfied-message" xlink:from="valueAssertion_3" xlink:to="label_4" xlink:title="valueAssertion_3 to label_4" priority="0" order="1.0"/>
    <link:loc xlink:type="locator" xlink:href="#ES13003" xlink:label="valueAssertion_6" xlink:title="valueAssertion_6"/>
    <msg:message xlink:type="resource" xlink:label="label_7" xlink:role="http://www.xbrl.org/2010/role/message" xlink:title="label_7" xml:lang="pt-br" id="label_7">[ES13003] - O campo "ATOS POTENCIAIS PASSIVOS" não corresponde ao somatório dos valores informados nos campos "Obrigações Contratuais", "Riscos não Provisionados", "Garantias Concedidas"e "Outros Passivos Contingentes" no quadro "Impactos das Contratações de PPP".</msg:message>
    <gen:arc xlink:type="arc" xlink:arcrole="http://xbrl.org/arcrole/2010/assertion-unsatisfied-message" xlink:from="valueAssertion_6" xlink:to="label_7" xlink:title="valueAssertion_6 to label_7" priority="0" order="1.0"/>
  </gen:link>
  <gen:link xlink:type="extended" xlink:role="http://fazenda.gov.br/siconfi/rep/rreo/anexo13/siconfi-rreo-anexo13-tabela13.0D">
    <va:valueAssertion xlink:type="resource" xlink:label="valueAssertion" xlink:title="valueAssertion" id="EP13001" test=" round($TotalDespesasPPPPercentualRCL*100) div 100 = round ( $RREO13TotalDespesasPPP div $ReceitaCorrenteLiquida * 10000) div 100" aspectModel="dimensional" implicitFiltering="true"/>
    <variable:factVariable xlink:type="resource" xlink:label="factVariable" xlink:title="factVariable" id="factVariable_4" bindAsSequence="false" fallbackValue="0"/>
    <variable:variableArc xlink:type="arc" xlink:arcrole="http://xbrl.org/arcrole/2008/variable-set" xlink:from="valueAssertion" xlink:to="factVariable" xlink:title="valueAssertion to factVariable" priority="0" order="1.0" name="TotalDespesasPPPPercentualRCL"/>
    <cf:conceptName xlink:type="resource" xlink:label="conceptName" xlink:title="conceptName" id="conceptName">
      <cf:concept>
        <cf:qname>siconfi-cor:TotalDespesasPPPPercentualRCL</cf:qname>
      </cf:concept>
    </cf:conceptName>
    <variable:variableFilterArc xlink:type="arc" xlink:arcrole="http://xbrl.org/arcrole/2008/variable-filter" xlink:from="factVariable" xlink:to="conceptName" xlink:title="factVariable to conceptName" priority="0" order="1.0" cover="true" complement="false"/>
    <variable:factVariable xlink:type="resource" xlink:label="factVariable_3" xlink:title="factVariable_3" id="factVariable_6" bindAsSequence="false" fallbackValue="0"/>
    <variable:variableArc xlink:type="arc" xlink:arcrole="http://xbrl.org/arcrole/2008/variable-set" xlink:from="valueAssertion" xlink:to="factVariable_3" xlink:title="valueAssertion to factVariable_3" priority="0" order="3.0" name="ReceitaCorrenteLiquida"/>
    <cf:conceptName xlink:type="resource" xlink:label="conceptName_4" xlink:title="conceptName_4" id="conceptName_4">
      <cf:concept>
        <cf:qname>siconfi-cor:RREO13ReceitaCorrenteLiquida</cf:qname>
      </cf:concept>
    </cf:conceptName>
    <variable:variableFilterArc xlink:type="arc" xlink:arcrole="http://xbrl.org/arcrole/2008/variable-filter" xlink:from="factVariable_3" xlink:to="conceptName_4" xlink:title="factVariable_3 to conceptName_4" priority="0" order="2.0" cover="true" complement="false"/>
    <asf:aspectCover xlink:type="resource" xlink:label="aspectCover_2" xlink:title="aspectCover_2" id="aspectCover_2">
      <asf:aspect>period</asf:aspect>
    </asf:aspectCover>
    <variable:variableFilterArc xlink:type="arc" xlink:arcrole="http://xbrl.org/arcrole/2008/variable-filter" xlink:from="factVariable_3" xlink:to="aspectCover_2" xlink:title="factVariable_3 to aspectCover_2" priority="0" order="3.0" cover="true" complement="false"/>
    <variable:precondition xlink:type="resource" xlink:label="precondition" xlink:title="precondition" id="precondition" test="  $ReceitaCorrenteLiquida &gt; 0"/>
    <gen:arc xlink:type="arc" xlink:arcrole="http://xbrl.org/arcrole/2008/variable-set-precondition" xlink:from="valueAssertion" xlink:to="precondition" xlink:title="valueAssertion to precondition" priority="0" order="1.0"/>
    <bf:orFilter xlink:type="resource" xlink:label="orFilter" xlink:title="orFilter" id="orFilter"/>
    <variable:variableSetFilterArc xlink:type="arc" xlink:arcrole="http://xbrl.org/arcrole/2008/variable-set-filter" xlink:from="valueAssertion" xlink:to="orFilter" xlink:title="valueAssertion to orFilter" priority="0" order="1.0" complement="false"/>
    <df:explicitDimension xlink:type="resource" xlink:label="explicitDimension" xlink:title="explicitDimension" id="explicitDimension_4">
      <df:dimension>
        <df:qname>siconfi-dim:ExecucaoDaDespesaAxis</df:qname>
      </df:dimension>
      <df:member>
        <df:qname>siconfi-dim:PeriodoDeReferenciaAnteriorMember</df:qname>
      </df:member>
    </df:explicitDimension>
    <variable:variableFilterArc xlink:type="arc" xlink:arcrole="http://xbrl.org/arcrole/2008/boolean-filter" xlink:from="orFilter" xlink:to="explicitDimension" xlink:title="orFilter to explicitDimension" priority="0" order="1.0" cover="true" complement="false"/>
    <df:explicitDimension xlink:type="resource" xlink:label="explicitDimension_2" xlink:title="explicitDimension_2" id="explicitDimension_5">
      <df:dimension>
        <df:qname>siconfi-dim:ExecucaoDaDespesaAxis</df:qname>
      </df:dimension>
      <df:member>
        <df:qname>siconfi-dim:PeriodoDeReferenciaMember</df:qname>
      </df:member>
    </df:explicitDimension>
    <variable:variableFilterArc xlink:type="arc" xlink:arcrole="http://xbrl.org/arcrole/2008/boolean-filter" xlink:from="orFilter" xlink:to="explicitDimension_2" xlink:title="orFilter to explicitDimension_2" priority="0" order="2.0" cover="true" complement="false"/>
    <df:explicitDimension xlink:type="resource" xlink:label="explicitDimension_3" xlink:title="explicitDimension_3" id="explicitDimension_6">
      <df:dimension>
        <df:qname>siconfi-dim:ExecucaoDaDespesaAxis</df:qname>
      </df:dimension>
      <df:member>
        <df:qname>siconfi-dim:PeriodoDeReferenciaUmMember</df:qname>
      </df:member>
    </df:explicitDimension>
    <variable:variableFilterArc xlink:type="arc" xlink:arcrole="http://xbrl.org/arcrole/2008/boolean-filter" xlink:from="orFilter" xlink:to="explicitDimension_3" xlink:title="orFilter to explicitDimension_3" priority="0" order="3.0" cover="true" complement="false"/>
    <df:explicitDimension xlink:type="resource" xlink:label="explicitDimension_4" xlink:title="explicitDimension_4" id="explicitDimension_7">
      <df:dimension>
        <df:qname>siconfi-dim:ExecucaoDaDespesaAxis</df:qname>
      </df:dimension>
      <df:member>
        <df:qname>siconfi-dim:PeriodoDeReferenciaDoisMember</df:qname>
      </df:member>
    </df:explicitDimension>
    <variable:variableFilterArc xlink:type="arc" xlink:arcrole="http://xbrl.org/arcrole/2008/boolean-filter" xlink:from="orFilter" xlink:to="explicitDimension_4" xlink:title="orFilter to explicitDimension_4" priority="0" order="4.0" cover="true" complement="false"/>
    <df:explicitDimension xlink:type="resource" xlink:label="explicitDimension_5" xlink:title="explicitDimension_5" id="explicitDimension_8">
      <df:dimension>
        <df:qname>siconfi-dim:ExecucaoDaDespesaAxis</df:qname>
      </df:dimension>
      <df:member>
        <df:qname>siconfi-dim:PeriodoDeReferenciaTresMember</df:qname>
      </df:member>
    </df:explicitDimension>
    <variable:variableFilterArc xlink:type="arc" xlink:arcrole="http://xbrl.org/arcrole/2008/boolean-filter" xlink:from="orFilter" xlink:to="explicitDimension_5" xlink:title="orFilter to explicitDimension_5" priority="0" order="5.0" cover="true" complement="false"/>
    <df:explicitDimension xlink:type="resource" xlink:label="explicitDimension_6" xlink:title="explicitDimension_6" id="explicitDimension_9">
      <df:dimension>
        <df:qname>siconfi-dim:ExecucaoDaDespesaAxis</df:qname>
      </df:dimension>
      <df:member>
        <df:qname>siconfi-dim:PeriodoDeReferenciaQuatroMember</df:qname>
      </df:member>
    </df:explicitDimension>
    <variable:variableFilterArc xlink:type="arc" xlink:arcrole="http://xbrl.org/arcrole/2008/boolean-filter" xlink:from="orFilter" xlink:to="explicitDimension_6" xlink:title="orFilter to explicitDimension_6" priority="0" order="6.0" cover="true" complement="false"/>
    <df:explicitDimension xlink:type="resource" xlink:label="explicitDimension_7" xlink:title="explicitDimension_7" id="explicitDimension_10">
      <df:dimension>
        <df:qname>siconfi-dim:ExecucaoDaDespesaAxis</df:qname>
      </df:dimension>
      <df:member>
        <df:qname>siconfi-dim:PeriodoDeReferenciaCincoMember</df:qname>
      </df:member>
    </df:explicitDimension>
    <variable:variableFilterArc xlink:type="arc" xlink:arcrole="http://xbrl.org/arcrole/2008/boolean-filter" xlink:from="orFilter" xlink:to="explicitDimension_7" xlink:title="orFilter to explicitDimension_7" priority="0" order="7.0" cover="true" complement="false"/>
    <df:explicitDimension xlink:type="resource" xlink:label="explicitDimension_8" xlink:title="explicitDimension_8" id="explicitDimension_11">
      <df:dimension>
        <df:qname>siconfi-dim:ExecucaoDaDespesaAxis</df:qname>
      </df:dimension>
      <df:member>
        <df:qname>siconfi-dim:PeriodoDeReferenciaSeisMember</df:qname>
      </df:member>
    </df:explicitDimension>
    <variable:variableFilterArc xlink:type="arc" xlink:arcrole="http://xbrl.org/arcrole/2008/boolean-filter" xlink:from="orFilter" xlink:to="explicitDimension_8" xlink:title="orFilter to explicitDimension_8" priority="0" order="8.0" cover="true" complement="false"/>
    <df:explicitDimension xlink:type="resource" xlink:label="explicitDimension_9" xlink:title="explicitDimension_9" id="explicitDimension_12">
      <df:dimension>
        <df:qname>siconfi-dim:ExecucaoDaDespesaAxis</df:qname>
      </df:dimension>
      <df:member>
        <df:qname>siconfi-dim:PeriodoDeReferenciaSeteMember</df:qname>
      </df:member>
    </df:explicitDimension>
    <variable:variableFilterArc xlink:type="arc" xlink:arcrole="http://xbrl.org/arcrole/2008/boolean-filter" xlink:from="orFilter" xlink:to="explicitDimension_9" xlink:title="orFilter to explicitDimension_9" priority="0" order="9.0" cover="true" complement="false"/>
    <df:explicitDimension xlink:type="resource" xlink:label="explicitDimension_10" xlink:title="explicitDimension_10" id="explicitDimension_13">
      <df:dimension>
        <df:qname>siconfi-dim:ExecucaoDaDespesaAxis</df:qname>
      </df:dimension>
      <df:member>
        <df:qname>siconfi-dim:PeriodoDeReferenciaOitoMember</df:qname>
      </df:member>
    </df:explicitDimension>
    <variable:variableFilterArc xlink:type="arc" xlink:arcrole="http://xbrl.org/arcrole/2008/boolean-filter" xlink:from="orFilter" xlink:to="explicitDimension_10" xlink:title="orFilter to explicitDimension_10" priority="0" order="10.0" cover="true" complement="false"/>
    <df:explicitDimension xlink:type="resource" xlink:label="explicitDimension_11" xlink:title="explicitDimension_11" id="explicitDimension_14">
      <df:dimension>
        <df:qname>siconfi-dim:ExecucaoDaDespesaAxis</df:qname>
      </df:dimension>
      <df:member>
        <df:qname>siconfi-dim:PeriodoDeReferenciaNoveMember</df:qname>
      </df:member>
    </df:explicitDimension>
    <variable:variableFilterArc xlink:type="arc" xlink:arcrole="http://xbrl.org/arcrole/2008/boolean-filter" xlink:from="orFilter" xlink:to="explicitDimension_11" xlink:title="orFilter to explicitDimension_11" priority="0" order="11.0" cover="true" complement="false"/>
    <variable:factVariable xlink:type="resource" xlink:label="factVariable_7" xlink:title="factVariable_7" id="factVariable_32" bindAsSequence="false" fallbackValue="0"/>
    <variable:variableArc xlink:type="arc" xlink:arcrole="http://xbrl.org/arcrole/2008/variable-set" xlink:from="valueAssertion" xlink:to="factVariable_7" xlink:title="valueAssertion to factVariable_7" priority="0" order="4.0" name="RREO13TotalDespesasPPP"/>
    <cf:conceptName xlink:type="resource" xlink:label="conceptName_6" xlink:title="conceptName_6" id="conceptName_25">
      <cf:concept>
        <cf:qname>siconfi-cor:RREO13TotalDespesasPPP</cf:qname>
      </cf:concept>
    </cf:conceptName>
    <variable:variableFilterArc xlink:type="arc" xlink:arcrole="http://xbrl.org/arcrole/2008/variable-filter" xlink:from="factVariable_7" xlink:to="conceptName_6" xlink:title="factVariable_7 to conceptName_6" priority="0" order="1.0" cover="true" complement="false"/>
    <variable:factVariable xlink:type="resource" xlink:label="factVariable_4" xlink:title="factVariable_4" id="factVariable_29" bindAsSequence="false" fallbackValue="0"/>
    <cf:conceptName xlink:type="resource" xlink:label="conceptName_3" xlink:title="conceptName_3" id="conceptName_3">
      <cf:concept>
        <cf:qname>siconfi-cor:DespesasPPPEnteFederado</cf:qname>
      </cf:concept>
    </cf:conceptName>
    <variable:variableFilterArc xlink:type="arc" xlink:arcrole="http://xbrl.org/arcrole/2008/variable-filter" xlink:from="factVariable_4" xlink:to="conceptName_3" xlink:title="factVariable_4 to conceptName_3" priority="0" order="1.0" cover="true" complement="false"/>
    <variable:factVariable xlink:type="resource" xlink:label="factVariable_5" xlink:title="factVariable_5" id="factVariable_30" bindAsSequence="false" fallbackValue="0"/>
    <cf:conceptName xlink:type="resource" xlink:label="conceptName_5" xlink:title="conceptName_5" id="conceptName_24">
      <cf:concept>
        <cf:qname>siconfi-cor:DespesasDePPPAContratar</cf:qname>
      </cf:concept>
    </cf:conceptName>
    <variable:variableFilterArc xlink:type="arc" xlink:arcrole="http://xbrl.org/arcrole/2008/variable-filter" xlink:from="factVariable_5" xlink:to="conceptName_5" xlink:title="factVariable_5 to conceptName_5" priority="0" order="1.0" cover="true" complement="false"/>
    <variable:factVariable xlink:type="resource" xlink:label="factVariable_6" xlink:title="factVariable_6" id="factVariable_31" bindAsSequence="false" fallbackValue="0"/>
    <variable:variableFilterArc xlink:type="arc" xlink:arcrole="http://xbrl.org/arcrole/2008/variable-filter" xlink:from="factVariable_6" xlink:to="conceptName_6" xlink:title="factVariable_6 to conceptName_6" priority="0" order="1.0" cover="true" complement="false"/>
    <variable:factVariable xlink:type="resource" xlink:label="factVariable_2" xlink:title="factVariable_2" id="factVariable_5" bindAsSequence="false" fallbackValue="0"/>
    <cf:conceptName xlink:type="resource" xlink:label="conceptName_2" xlink:title="conceptName_2" id="conceptName_2">
      <cf:concept>
        <cf:qname>siconfi-cor:TotalDespesasPPP</cf:qname>
      </cf:concept>
    </cf:conceptName>
    <variable:variableFilterArc xlink:type="arc" xlink:arcrole="http://xbrl.org/arcrole/2008/variable-filter" xlink:from="factVariable_2" xlink:to="conceptName_2" xlink:title="factVariable_2 to conceptName_2" priority="0" order="1.0" cover="true" complement="false"/>
  </gen:link>
  <gen:link xlink:type="extended" xlink:role="http://fazenda.gov.br/siconfi/rep/rreo/anexo13/siconfi-rreo-anexo13-tabela13.0">
    <validation:assertionSet xlink:type="resource" xlink:label="assertionSet" xlink:title="assertionSet" id="PPP"/>
    <link:loc xlink:type="locator" xlink:href="#ES13001" xlink:label="valueAssertion_2" xlink:title="valueAssertion_2"/>
    <gen:arc xlink:type="arc" xlink:arcrole="http://xbrl.org/arcrole/2008/assertion-set" xlink:from="assertionSet" xlink:to="valueAssertion_2" xlink:title="assertionSet to valueAssertion_2" priority="0" order="1.0"/>
    <bf:orFilter xlink:type="resource" xlink:label="orFilter" xlink:title="orFilter" id="orFilter_2"/>
    <df:explicitDimension xlink:type="resource" xlink:label="explicitDimension" xlink:title="explicitDimension" id="explicitDimension_15">
      <df:dimension>
        <df:qname>siconfi-dim:ExecucaoAxis</df:qname>
      </df:dimension>
      <df:member>
        <df:qname>siconfi-dim:SaldoNoBimestreMember</df:qname>
      </df:member>
    </df:explicitDimension>
    <variable:variableFilterArc xlink:type="arc" xlink:arcrole="http://xbrl.org/arcrole/2008/boolean-filter" xlink:from="orFilter" xlink:to="explicitDimension" xlink:title="orFilter to explicitDimension" priority="0" order="1.0" cover="true" complement="false"/>
    <link:loc xlink:type="locator" xlink:href="#explicitDimension_3" xlink:label="explicitDimension_3" xlink:title="explicitDimension_3"/>
    <variable:variableFilterArc xlink:type="arc" xlink:arcrole="http://xbrl.org/arcrole/2008/boolean-filter" xlink:from="orFilter" xlink:to="explicitDimension_3" xlink:title="orFilter to explicitDimension_3" priority="0" order="2.0" cover="true" complement="false"/>
    <link:loc xlink:type="locator" xlink:href="#explicitDimension_2" xlink:label="explicitDimension_2" xlink:title="explicitDimension_2"/>
    <variable:variableFilterArc xlink:type="arc" xlink:arcrole="http://xbrl.org/arcrole/2008/boolean-filter" xlink:from="orFilter" xlink:to="explicitDimension_2" xlink:title="orFilter to explicitDimension_2" priority="0" order="3.0" cover="true" complement="false"/>
    <link:loc xlink:type="locator" xlink:href="#ES13002" xlink:label="valueAssertion_3" xlink:title="valueAssertion_3"/>
    <gen:arc xlink:type="arc" xlink:arcrole="http://xbrl.org/arcrole/2008/assertion-set" xlink:from="assertionSet" xlink:to="valueAssertion_3" xlink:title="assertionSet to valueAssertion_3" priority="0" order="2.0"/>
    <link:loc xlink:type="locator" xlink:href="#ES13003" xlink:label="valueAssertion_6" xlink:title="valueAssertion_6"/>
    <gen:arc xlink:type="arc" xlink:arcrole="http://xbrl.org/arcrole/2008/assertion-set" xlink:from="assertionSet" xlink:to="valueAssertion_6" xlink:title="assertionSet to valueAssertion_6" priority="0" order="5.0"/>
    <variable:factVariable xlink:type="resource" xlink:label="factVariable" xlink:title="factVariable" id="factVariable_38" bindAsSequence="false" fallbackValue="0"/>
    <link:loc xlink:type="locator" xlink:href="#conceptName_7" xlink:label="conceptName_3" xlink:title="conceptName_3"/>
    <variable:variableFilterArc xlink:type="arc" xlink:arcrole="http://xbrl.org/arcrole/2008/variable-filter" xlink:from="factVariable" xlink:to="conceptName_3" xlink:title="factVariable to conceptName_3" priority="0" order="1.0" cover="true" complement="false"/>
    <variable:factVariable xlink:type="resource" xlink:label="factVariable_2" xlink:title="factVariable_2" id="factVariable_39" bindAsSequence="false" fallbackValue="0"/>
    <link:loc xlink:type="locator" xlink:href="#conceptName_10" xlink:label="conceptName_6" xlink:title="conceptName_6"/>
    <variable:variableFilterArc xlink:type="arc" xlink:arcrole="http://xbrl.org/arcrole/2008/variable-filter" xlink:from="factVariable_2" xlink:to="conceptName_6" xlink:title="factVariable_2 to conceptName_6" priority="0" order="1.0" cover="true" complement="false"/>
    <variable:factVariable xlink:type="resource" xlink:label="factVariable_3" xlink:title="factVariable_3" id="factVariable_40" bindAsSequence="false" fallbackValue="0"/>
    <link:loc xlink:type="locator" xlink:href="#conceptName_12" xlink:label="conceptName_8" xlink:title="conceptName_8"/>
    <variable:variableFilterArc xlink:type="arc" xlink:arcrole="http://xbrl.org/arcrole/2008/variable-filter" xlink:from="factVariable_3" xlink:to="conceptName_8" xlink:title="factVariable_3 to conceptName_8" priority="0" order="1.0" cover="true" complement="false"/>
    <variable:factVariable xlink:type="resource" xlink:label="factVariable_4" xlink:title="factVariable_4" id="factVariable_41" bindAsSequence="false" fallbackValue="0"/>
    <link:loc xlink:type="locator" xlink:href="#conceptName_16" xlink:label="conceptName_12" xlink:title="conceptName_12"/>
    <variable:variableFilterArc xlink:type="arc" xlink:arcrole="http://xbrl.org/arcrole/2008/variable-filter" xlink:from="factVariable_4" xlink:to="conceptName_12" xlink:title="factVariable_4 to conceptName_12" priority="0" order="1.0" cover="true" complement="false"/>
    <variable:factVariable xlink:type="resource" xlink:label="factVariable_5" xlink:title="factVariable_5" id="factVariable_42" bindAsSequence="false" fallbackValue="0"/>
    <link:loc xlink:type="locator" xlink:href="#conceptName_23" xlink:label="conceptName_19" xlink:title="conceptName_19"/>
    <variable:variableFilterArc xlink:type="arc" xlink:arcrole="http://xbrl.org/arcrole/2008/variable-filter" xlink:from="factVariable_5" xlink:to="conceptName_19" xlink:title="factVariable_5 to conceptName_19" priority="0" order="1.0" cover="true" complement="false"/>
    <variable:factVariable xlink:type="resource" xlink:label="factVariable_6" xlink:title="factVariable_6" id="factVariable_43" bindAsSequence="false" fallbackValue="0"/>
    <link:loc xlink:type="locator" xlink:href="#conceptName_26" xlink:label="conceptName_20" xlink:title="conceptName_20"/>
    <variable:variableFilterArc xlink:type="arc" xlink:arcrole="http://xbrl.org/arcrole/2008/variable-filter" xlink:from="factVariable_6" xlink:to="conceptName_20" xlink:title="factVariable_6 to conceptName_20" priority="0" order="1.0" cover="true" complement="false"/>
    <variable:factVariable xlink:type="resource" xlink:label="factVariable_7" xlink:title="factVariable_7" id="factVariable_44" bindAsSequence="false" fallbackValue="0"/>
    <link:loc xlink:type="locator" xlink:href="#conceptName_18" xlink:label="conceptName_14" xlink:title="conceptName_14"/>
    <variable:variableFilterArc xlink:type="arc" xlink:arcrole="http://xbrl.org/arcrole/2008/variable-filter" xlink:from="factVariable_7" xlink:to="conceptName_14" xlink:title="factVariable_7 to conceptName_14" priority="0" order="1.0" cover="true" complement="false"/>
    <variable:factVariable xlink:type="resource" xlink:label="factVariable_8" xlink:title="factVariable_8" id="factVariable_45" bindAsSequence="false" fallbackValue="0"/>
    <link:loc xlink:type="locator" xlink:href="#conceptName_27" xlink:label="conceptName_21" xlink:title="conceptName_21"/>
    <variable:variableFilterArc xlink:type="arc" xlink:arcrole="http://xbrl.org/arcrole/2008/variable-filter" xlink:from="factVariable_8" xlink:to="conceptName_21" xlink:title="factVariable_8 to conceptName_21" priority="0" order="1.0" cover="true" complement="false"/>
    <formula:formula xlink:type="resource" xlink:label="formula" xlink:title="formula" id="FS13001" value=" $AtivosContabilizadosNaSPEPPP " aspectModel="dimensional" implicitFiltering="true" source="formula:uncovered">
      <formula:decimals>2</formula:decimals>
      <formula:aspects>
        <formula:concept>
          <formula:qname>siconfi-cor:TotalDeAtivosPPP</formula:qname>
        </formula:concept>
      </formula:aspects>
    </formula:formula>
    <link:loc xlink:type="locator" xlink:href="#factVariable_9" xlink:label="factVariable_6_2" xlink:title="factVariable_6_2"/>
    <variable:variableArc xlink:type="arc" xlink:arcrole="http://xbrl.org/arcrole/2008/variable-set" xlink:from="formula" xlink:to="factVariable_6_2" xlink:title="formula to factVariable_6_2" priority="0" order="1.0" name="AtivosContabilizadosNaSPEPPP"/>
    <variable:variableSetFilterArc xlink:type="arc" xlink:arcrole="http://xbrl.org/arcrole/2008/variable-set-filter" xlink:from="formula" xlink:to="orFilter" xlink:title="formula to orFilter" priority="0" order="1.0" complement="false"/>
    <formula:formula xlink:type="resource" xlink:label="formula_2" xlink:title="formula_2" id="FS13002" value=" $ObrigacoesNaoRelacionadasAServicosPPP + $ProvisoesDePPP + $OutrosPassivosContingentesPPP " aspectModel="dimensional" implicitFiltering="true" source="formula:uncovered">
      <formula:decimals>2</formula:decimals>
      <formula:aspects>
        <formula:concept>
          <formula:qname>siconfi-cor:TotalDePassivosPPP</formula:qname>
        </formula:concept>
      </formula:aspects>
    </formula:formula>
    <link:loc xlink:type="locator" xlink:href="#factVariable_12" xlink:label="factVariable_9" xlink:title="factVariable_9"/>
    <variable:variableArc xlink:type="arc" xlink:arcrole="http://xbrl.org/arcrole/2008/variable-set" xlink:from="formula_2" xlink:to="factVariable_9" xlink:title="formula_2 to factVariable_9" priority="0" order="1.0" name="ObrigacoesNaoRelacionadasAServicosPPP"/>
    <link:loc xlink:type="locator" xlink:href="#factVariable_14" xlink:label="factVariable_11" xlink:title="factVariable_11"/>
    <variable:variableArc xlink:type="arc" xlink:arcrole="http://xbrl.org/arcrole/2008/variable-set" xlink:from="formula_2" xlink:to="factVariable_11" xlink:title="formula_2 to factVariable_11" priority="0" order="2.0" name="ProvisoesDePPP"/>
    <link:loc xlink:type="locator" xlink:href="#factVariable_24" xlink:label="factVariable_21" xlink:title="factVariable_21"/>
    <variable:variableArc xlink:type="arc" xlink:arcrole="http://xbrl.org/arcrole/2008/variable-set" xlink:from="formula_2" xlink:to="factVariable_21" xlink:title="formula_2 to factVariable_21" priority="0" order="3.0" name="OutrosPassivosContingentesPPP"/>
    <variable:variableSetFilterArc xlink:type="arc" xlink:arcrole="http://xbrl.org/arcrole/2008/variable-set-filter" xlink:from="formula_2" xlink:to="orFilter" xlink:title="formula_2 to orFilter" priority="0" order="1.0" complement="false"/>
    <formula:formula xlink:type="resource" xlink:label="formula_3" xlink:title="formula_3" id="FS13003" value=" $ObrigacoesContratuaisPPP + $RiscosnaoProvisionados + $GarantiasDePPP + $OutrosPassivosContingentes " aspectModel="dimensional" implicitFiltering="true" source="formula:uncovered">
      <formula:decimals>2</formula:decimals>
      <formula:aspects>
        <formula:concept>
          <formula:qname>siconfi-cor:AtosPotenciaisPassivosPPP</formula:qname>
        </formula:concept>
      </formula:aspects>
    </formula:formula>
    <link:loc xlink:type="locator" xlink:href="#factVariable_34" xlink:label="factVariable_27" xlink:title="factVariable_27"/>
    <variable:variableArc xlink:type="arc" xlink:arcrole="http://xbrl.org/arcrole/2008/variable-set" xlink:from="formula_3" xlink:to="factVariable_27" xlink:title="formula_3 to factVariable_27" priority="0" order="1.0" name="ObrigacoesContratuaisPPP"/>
    <link:loc xlink:type="locator" xlink:href="#factVariable_35" xlink:label="factVariable_28" xlink:title="factVariable_28"/>
    <variable:variableArc xlink:type="arc" xlink:arcrole="http://xbrl.org/arcrole/2008/variable-set" xlink:from="formula_3" xlink:to="factVariable_28" xlink:title="formula_3 to factVariable_28" priority="0" order="2.0" name="RiscosnaoProvisionados"/>
    <link:loc xlink:type="locator" xlink:href="#factVariable_36" xlink:label="factVariable_29" xlink:title="factVariable_29"/>
    <variable:variableArc xlink:type="arc" xlink:arcrole="http://xbrl.org/arcrole/2008/variable-set" xlink:from="formula_3" xlink:to="factVariable_29" xlink:title="formula_3 to factVariable_29" priority="0" order="3.0" name="GarantiasDePPP"/>
    <link:loc xlink:type="locator" xlink:href="#factVariable_37" xlink:label="factVariable_30" xlink:title="factVariable_30"/>
    <variable:variableArc xlink:type="arc" xlink:arcrole="http://xbrl.org/arcrole/2008/variable-set" xlink:from="formula_3" xlink:to="factVariable_30" xlink:title="formula_3 to factVariable_30" priority="0" order="4.0" name="OutrosPassivosContingentes"/>
    <variable:variableSetFilterArc xlink:type="arc" xlink:arcrole="http://xbrl.org/arcrole/2008/variable-set-filter" xlink:from="formula_3" xlink:to="orFilter" xlink:title="formula_3 to orFilter" priority="0" order="1.0" complement="false"/>
  </gen:link>
</link:linkbase>
