<?xml version="1.0" encoding="UTF-8"?>
<!-- Generated by Fujitsu Interstage XWand B0196 -->
<link:linkbase xmlns:xsi="http://www.w3.org/2001/XMLSchema-instance" xsi:schemaLocation="http://www.xbrl.org/2003/linkbase http://www.xbrl.org/2003/xbrl-linkbase-2003-12-31.xsd" xmlns:siconfi-rreo-anexo13="http://fazenda.gov.br/siconfi/rep/rreo/anexo13/siconfi-rreo-anexo13_2019-12-31" xmlns:link="http://www.xbrl.org/2003/linkbase" xmlns:xbrli="http://www.xbrl.org/2003/instance" xmlns:xlink="http://www.w3.org/1999/xlink" xmlns:xbrldt="http://xbrl.org/2005/xbrldt">
  <link:roleRef roleURI="http://fazenda.gov.br/siconfi/rep/rreo/anexo13/siconfi-rreo-anexo13-tabela13.0" xlink:type="simple" xlink:href="siconfi-rreo-anexo13_2019-12-31.xsd#siconfi-rreo-anexo13-tabela13.0"/>
  <link:presentationLink xlink:type="extended" xlink:role="http://fazenda.gov.br/siconfi/rep/rreo/anexo13/siconfi-rreo-anexo13-tabela13.0">
    <link:loc xlink:type="locator" xlink:href="siconfi-rreo-anexo13_2019-12-31.xsd#siconfi-rreo-anexo13uniao_DemonstrativoAnexo13Abstract" xlink:label="DemonstrativoAnexo13Abstract" xlink:title="DemonstrativoAnexo13Abstract"/>
    <link:loc xlink:type="locator" xlink:href="siconfi-rreo-anexo13_2019-12-31.xsd#siconfi-rreo-anexo13uniao_EspecificacaoDePPPAbstract" xlink:label="EspecificacaoDePPPAbstract" xlink:title="EspecificacaoDePPPAbstract"/>
    <link:presentationArc xlink:type="arc" xlink:arcrole="http://www.xbrl.org/2003/arcrole/parent-child" xlink:from="DemonstrativoAnexo13Abstract" xlink:to="EspecificacaoDePPPAbstract" xlink:title="presentation: DemonstrativoAnexo13Abstract to EspecificacaoDePPPAbstract" order="1.0"/>
    <link:loc xlink:type="locator" xlink:href="siconfi-rreo-anexo13_2019-12-31.xsd#siconfi-rreo-anexo13uniao_EspecificacaoDePPPLineItems" xlink:label="EspecificacaoDePPPLineItems" xlink:title="EspecificacaoDePPPLineItems"/>
    <link:presentationArc xlink:type="arc" xlink:arcrole="http://www.xbrl.org/2003/arcrole/parent-child" xlink:from="EspecificacaoDePPPAbstract" xlink:to="EspecificacaoDePPPLineItems" xlink:title="presentation: EspecificacaoDePPPAbstract to EspecificacaoDePPPLineItems" order="1.0"/>
    <link:loc xlink:type="locator" xlink:href="../../../cor/ic/siconfi-cor_2019-12-31.xsd#siconfi-cor_TotalDeAtivosPPP" xlink:label="TotalDeAtivosPPP" xlink:title="TotalDeAtivosPPP"/>
    <link:presentationArc xlink:type="arc" xlink:arcrole="http://www.xbrl.org/2003/arcrole/parent-child" xlink:from="EspecificacaoDePPPLineItems" xlink:to="TotalDeAtivosPPP" xlink:title="presentation: EspecificacaoDePPPLineItems to TotalDeAtivosPPP" order="1.0"/>
    <link:loc xlink:type="locator" xlink:href="../../../cor/ic/siconfi-cor_2019-12-31.xsd#siconfi-cor_AtivosContabilizadosNaSPEPPP" xlink:label="AtivosContabilizadosNaSPEPPP" xlink:title="AtivosContabilizadosNaSPEPPP"/>
    <link:presentationArc xlink:type="arc" xlink:arcrole="http://www.xbrl.org/2003/arcrole/parent-child" xlink:from="TotalDeAtivosPPP" xlink:to="AtivosContabilizadosNaSPEPPP" xlink:title="presentation: TotalDeAtivosPPP to AtivosContabilizadosNaSPEPPP" order="1.0"/>
    <link:loc xlink:type="locator" xlink:href="../../../cor/ic/siconfi-cor_2019-12-31.xsd#siconfi-cor_TotalDePassivosPPP" xlink:label="TotalDePassivosPPP" xlink:title="TotalDePassivosPPP"/>
    <link:presentationArc xlink:type="arc" xlink:arcrole="http://www.xbrl.org/2003/arcrole/parent-child" xlink:from="EspecificacaoDePPPLineItems" xlink:to="TotalDePassivosPPP" xlink:title="presentation: EspecificacaoDePPPLineItems to TotalDePassivosPPP" order="2.0"/>
    <link:loc xlink:type="locator" xlink:href="../../../cor/ic/siconfi-cor_2019-12-31.xsd#siconfi-cor_ObrigacoesNaoRelacionadasAServicosPPP" xlink:label="ObrigacoesNaoRelacionadasAServicosPPP" xlink:title="ObrigacoesNaoRelacionadasAServicosPPP"/>
    <link:presentationArc xlink:type="arc" xlink:arcrole="http://www.xbrl.org/2003/arcrole/parent-child" xlink:from="TotalDePassivosPPP" xlink:to="ObrigacoesNaoRelacionadasAServicosPPP" xlink:title="presentation: TotalDePassivosPPP to ObrigacoesNaoRelacionadasAServicosPPP" order="1.0"/>
    <link:loc xlink:type="locator" xlink:href="../../../cor/ic/siconfi-cor_2019-12-31.xsd#siconfi-cor_ProvisoesDePPP" xlink:label="ProvisoesDePPP" xlink:title="ProvisoesDePPP"/>
    <link:presentationArc xlink:type="arc" xlink:arcrole="http://www.xbrl.org/2003/arcrole/parent-child" xlink:from="TotalDePassivosPPP" xlink:to="ProvisoesDePPP" xlink:title="presentation: TotalDePassivosPPP to ProvisoesDePPP" order="2.0"/>
    <link:loc xlink:type="locator" xlink:href="../../../cor/ic/siconfi-cor_2019-12-31.xsd#siconfi-cor_OutrosPassivosContingentesPPP" xlink:label="OutrosPassivosContingentesPPP" xlink:title="OutrosPassivosContingentesPPP"/>
    <link:presentationArc xlink:type="arc" xlink:arcrole="http://www.xbrl.org/2003/arcrole/parent-child" xlink:from="TotalDePassivosPPP" xlink:to="OutrosPassivosContingentesPPP" xlink:title="presentation: TotalDePassivosPPP to OutrosPassivosContingentesPPP" order="3.0"/>
    <link:loc xlink:type="locator" xlink:href="../../../cor/ic/siconfi-cor_2019-12-31.xsd#siconfi-cor_AtosPotenciaisPassivosPPP" xlink:label="AtosPotenciaisPassivosPPP" xlink:title="AtosPotenciaisPassivosPPP"/>
    <link:presentationArc xlink:type="arc" xlink:arcrole="http://www.xbrl.org/2003/arcrole/parent-child" xlink:from="EspecificacaoDePPPLineItems" xlink:to="AtosPotenciaisPassivosPPP" xlink:title="presentation: EspecificacaoDePPPLineItems to AtosPotenciaisPassivosPPP" order="3.0"/>
    <link:loc xlink:type="locator" xlink:href="../../../cor/ic/siconfi-cor_2019-12-31.xsd#siconfi-cor_GarantiasDePPP" xlink:label="GarantiasDePPP" xlink:title="GarantiasDePPP"/>
    <link:presentationArc xlink:type="arc" xlink:arcrole="http://www.xbrl.org/2003/arcrole/parent-child" xlink:from="AtosPotenciaisPassivosPPP" xlink:to="GarantiasDePPP" xlink:title="presentation: AtosPotenciaisPassivosPPP to GarantiasDePPP" order="3.0"/>
    <link:loc xlink:type="locator" xlink:href="../../../cor/ic/siconfi-cor_2019-12-31.xsd#siconfi-cor_ObrigacoesContratuaisPPP" xlink:label="ObrigacoesContratuaisPPP" xlink:title="ObrigacoesContratuaisPPP"/>
    <link:presentationArc xlink:type="arc" xlink:arcrole="http://www.xbrl.org/2003/arcrole/parent-child" xlink:from="AtosPotenciaisPassivosPPP" xlink:to="ObrigacoesContratuaisPPP" xlink:title="presentation: AtosPotenciaisPassivosPPP to ObrigacoesContratuaisPPP" order="1.0"/>
    <link:loc xlink:type="locator" xlink:href="../../../cor/ic/siconfi-cor_2019-12-31.xsd#siconfi-cor_RiscosnaoProvisionados" xlink:label="RiscosnaoProvisionados" xlink:title="RiscosnaoProvisionados"/>
    <link:presentationArc xlink:type="arc" xlink:arcrole="http://www.xbrl.org/2003/arcrole/parent-child" xlink:from="AtosPotenciaisPassivosPPP" xlink:to="RiscosnaoProvisionados" xlink:title="presentation: AtosPotenciaisPassivosPPP to RiscosnaoProvisionados" order="2.0"/>
    <link:loc xlink:type="locator" xlink:href="../../../cor/ic/siconfi-cor_2019-12-31.xsd#siconfi-cor_OutrosPassivosContingentes" xlink:label="OutrosPassivosContingentes" xlink:title="OutrosPassivosContingentes"/>
    <link:presentationArc xlink:type="arc" xlink:arcrole="http://www.xbrl.org/2003/arcrole/parent-child" xlink:from="AtosPotenciaisPassivosPPP" xlink:to="OutrosPassivosContingentes" xlink:title="presentation: AtosPotenciaisPassivosPPP to OutrosPassivosContingentes" order="4.0"/>
    <link:loc xlink:type="locator" xlink:href="siconfi-rreo-anexo13_2019-12-31.xsd#siconfi-rreo-anexo13uniao_EspecificacaoDePPPTable" xlink:label="EspecificacaoDePPPTable" xlink:title="EspecificacaoDePPPTable"/>
    <link:presentationArc xlink:type="arc" xlink:arcrole="http://www.xbrl.org/2003/arcrole/parent-child" xlink:from="EspecificacaoDePPPAbstract" xlink:to="EspecificacaoDePPPTable" xlink:title="presentation: EspecificacaoDePPPAbstract to EspecificacaoDePPPTable" order="2.0" xbrldt:contextElement="segment" xbrldt:closed="true"/>
    <link:loc xlink:type="locator" xlink:href="../../../cor/dim/siconfi-dim_2019-12-31.xsd#siconfi-dim_ExecucaoAxis" xlink:label="ExecucaoAxis" xlink:title="ExecucaoAxis"/>
    <link:presentationArc xlink:type="arc" xlink:arcrole="http://www.xbrl.org/2003/arcrole/parent-child" xlink:from="EspecificacaoDePPPTable" xlink:to="ExecucaoAxis" xlink:title="presentation: EspecificacaoDePPPTable to ExecucaoAxis" order="1.0"/>
    <link:loc xlink:type="locator" xlink:href="../../../cor/dim/siconfi-dim_2019-12-31.xsd#siconfi-dim_SaldoExercicioAnteriorMember" xlink:label="SaldoExercicioAnteriorMember" xlink:title="SaldoExercicioAnteriorMember"/>
    <link:presentationArc xlink:type="arc" xlink:arcrole="http://www.xbrl.org/2003/arcrole/parent-child" xlink:from="ExecucaoAxis" xlink:to="SaldoExercicioAnteriorMember" xlink:title="presentation: ExecucaoAxis to SaldoExercicioAnteriorMember" order="1.0"/>
    <link:loc xlink:type="locator" xlink:href="../../../cor/dim/siconfi-dim_2019-12-31.xsd#siconfi-dim_SaldoMember" xlink:label="SaldoMember" xlink:title="SaldoMember"/>
    <link:presentationArc xlink:type="arc" xlink:arcrole="http://www.xbrl.org/2003/arcrole/parent-child" xlink:from="ExecucaoAxis" xlink:to="SaldoMember" xlink:title="presentation: ExecucaoAxis to SaldoMember" order="2.0" xbrldt:usable="false"/>
    <link:loc xlink:type="locator" xlink:href="../../../cor/dim/siconfi-dim_2019-12-31.xsd#siconfi-dim_SaldoNoBimestreMember" xlink:label="SaldoNoBimestreMember" xlink:title="SaldoNoBimestreMember"/>
    <link:presentationArc xlink:type="arc" xlink:arcrole="http://www.xbrl.org/2003/arcrole/parent-child" xlink:from="SaldoMember" xlink:to="SaldoNoBimestreMember" xlink:title="presentation: SaldoMember to SaldoNoBimestreMember" order="1.0"/>
    <link:loc xlink:type="locator" xlink:href="../../../cor/dim/siconfi-dim_2019-12-31.xsd#siconfi-dim_AteOBimestreMember" xlink:label="AteOBimestreMember" xlink:title="AteOBimestreMember"/>
    <link:presentationArc xlink:type="arc" xlink:arcrole="http://www.xbrl.org/2003/arcrole/parent-child" xlink:from="SaldoMember" xlink:to="AteOBimestreMember" xlink:title="presentation: SaldoMember to AteOBimestreMember" order="2.0"/>
    <link:loc xlink:type="locator" xlink:href="siconfi-rreo-anexo13_2019-12-31.xsd#siconfi-rreo-anexo13_FonteAnexo13Tabela13.0Abstract" xlink:label="FonteAnexo13Tabela13.0Abstract" xlink:title="FonteAnexo13Tabela13.0Abstract"/>
    <link:presentationArc xlink:type="arc" xlink:arcrole="http://www.xbrl.org/2003/arcrole/parent-child" xlink:from="DemonstrativoAnexo13Abstract" xlink:to="FonteAnexo13Tabela13.0Abstract" xlink:title="presentation: DemonstrativoAnexo13Abstract to FonteAnexo13Tabela13.0Abstract" order="7.0"/>
    <link:loc xlink:type="locator" xlink:href="siconfi-rreo-anexo13_2019-12-31.xsd#siconfi-rreo-anexo13_FonteAnexo13Tabela13.0LineItems" xlink:label="FonteAnexo13Tabela13.0LineItems" xlink:title="FonteAnexo13Tabela13.0LineItems"/>
    <link:presentationArc xlink:type="arc" xlink:arcrole="http://www.xbrl.org/2003/arcrole/parent-child" xlink:from="FonteAnexo13Tabela13.0Abstract" xlink:to="FonteAnexo13Tabela13.0LineItems" xlink:title="presentation: FonteAnexo13Tabela13.0Abstract to FonteAnexo13Tabela13.0LineItems" order="1.0"/>
    <link:loc xlink:type="locator" xlink:href="../../../cor/ic/siconfi-cor_2019-12-31.xsd#siconfi-cor_FonteAnexo13Tabela13.0RREO" xlink:label="FonteAnexo13Tabela13.0RREO" xlink:title="FonteAnexo13Tabela13.0RREO"/>
    <link:presentationArc xlink:type="arc" xlink:arcrole="http://www.xbrl.org/2003/arcrole/parent-child" xlink:from="FonteAnexo13Tabela13.0LineItems" xlink:to="FonteAnexo13Tabela13.0RREO" xlink:title="presentation: FonteAnexo13Tabela13.0LineItems to FonteAnexo13Tabela13.0RREO" order="1.0"/>
    <link:loc xlink:type="locator" xlink:href="siconfi-rreo-anexo13_2019-12-31.xsd#siconfi-rreo-anexo13uniao_DespesasDePPPDoEnteFederadoAbstract" xlink:label="DespesasDePPPDoEnteFederadoAbstract" xlink:title="DespesasDePPPDoEnteFederadoAbstract"/>
    <link:presentationArc xlink:type="arc" xlink:arcrole="http://www.xbrl.org/2003/arcrole/parent-child" xlink:from="DemonstrativoAnexo13Abstract" xlink:to="DespesasDePPPDoEnteFederadoAbstract" xlink:title="presentation: DemonstrativoAnexo13Abstract to DespesasDePPPDoEnteFederadoAbstract" order="2.0"/>
    <link:loc xlink:type="locator" xlink:href="siconfi-rreo-anexo13_2019-12-31.xsd#siconfi-rreo-anexo13uniao_DespesasDePPPDoEnteFederadoLineItems" xlink:label="DespesasDePPPDoEnteFederadoLineItems" xlink:title="DespesasDePPPDoEnteFederadoLineItems"/>
    <link:presentationArc xlink:type="arc" xlink:arcrole="http://www.xbrl.org/2003/arcrole/parent-child" xlink:from="DespesasDePPPDoEnteFederadoAbstract" xlink:to="DespesasDePPPDoEnteFederadoLineItems" xlink:title="presentation: DespesasDePPPDoEnteFederadoAbstract to DespesasDePPPDoEnteFederadoLineItems" order="1.0"/>
    <link:loc xlink:type="locator" xlink:href="../../../cor/ic/siconfi-cor_2019-12-31.xsd#siconfi-cor_DespesasPPPEnteFederado" xlink:label="DespesasPPPEnteFederado" xlink:title="DespesasPPPEnteFederado"/>
    <link:presentationArc xlink:type="arc" xlink:arcrole="http://www.xbrl.org/2003/arcrole/parent-child" xlink:from="DespesasDePPPDoEnteFederadoLineItems" xlink:to="DespesasPPPEnteFederado" xlink:title="presentation: DespesasDePPPDoEnteFederadoLineItems to DespesasPPPEnteFederado" order="1.0"/>
    <link:loc xlink:type="locator" xlink:href="siconfi-rreo-anexo13_2019-12-31.xsd#siconfi-rreo-anexo13uniao_DespesasDePPPDoEnteFederadoTable" xlink:label="DespesasDePPPDoEnteFederadoTable" xlink:title="DespesasDePPPDoEnteFederadoTable"/>
    <link:presentationArc xlink:type="arc" xlink:arcrole="http://www.xbrl.org/2003/arcrole/parent-child" xlink:from="DespesasDePPPDoEnteFederadoAbstract" xlink:to="DespesasDePPPDoEnteFederadoTable" xlink:title="presentation: DespesasDePPPDoEnteFederadoAbstract to DespesasDePPPDoEnteFederadoTable" order="2.0" xbrldt:contextElement="segment" xbrldt:closed="true"/>
    <link:loc xlink:type="locator" xlink:href="../../../cor/dim/siconfi-dim_2019-12-31.xsd#siconfi-dim_ExecucaoDaDespesaAxis" xlink:label="ExecucaoDaDespesaAxis" xlink:title="ExecucaoDaDespesaAxis"/>
    <link:presentationArc xlink:type="arc" xlink:arcrole="http://www.xbrl.org/2003/arcrole/parent-child" xlink:from="DespesasDePPPDoEnteFederadoTable" xlink:to="ExecucaoDaDespesaAxis" xlink:title="presentation: DespesasDePPPDoEnteFederadoTable to ExecucaoDaDespesaAxis" order="1.0"/>
    <link:loc xlink:type="locator" xlink:href="../../../cor/dim/siconfi-dim_2019-12-31.xsd#siconfi-dim_PeriodoDeReferenciaAnteriorMember" xlink:label="PeriodoDeReferenciaAnteriorMember" xlink:title="PeriodoDeReferenciaAnteriorMember"/>
    <link:presentationArc xlink:type="arc" xlink:arcrole="http://www.xbrl.org/2003/arcrole/parent-child" xlink:from="ExecucaoDaDespesaAxis" xlink:to="PeriodoDeReferenciaAnteriorMember" xlink:title="presentation: ExecucaoDaDespesaAxis to PeriodoDeReferenciaAnteriorMember" order="1.0"/>
    <link:loc xlink:type="locator" xlink:href="../../../cor/dim/siconfi-dim_2019-12-31.xsd#siconfi-dim_PeriodoDeReferenciaMember" xlink:label="PeriodoDeReferenciaMember" xlink:title="PeriodoDeReferenciaMember"/>
    <link:presentationArc xlink:type="arc" xlink:arcrole="http://www.xbrl.org/2003/arcrole/parent-child" xlink:from="ExecucaoDaDespesaAxis" xlink:to="PeriodoDeReferenciaMember" xlink:title="presentation: ExecucaoDaDespesaAxis to PeriodoDeReferenciaMember" order="2.0"/>
    <link:loc xlink:type="locator" xlink:href="../../../cor/dim/siconfi-dim_2019-12-31.xsd#siconfi-dim_PeriodoDeReferenciaUmMember" xlink:label="PeriodoDeReferenciaUmMember" xlink:title="PeriodoDeReferenciaUmMember"/>
    <link:presentationArc xlink:type="arc" xlink:arcrole="http://www.xbrl.org/2003/arcrole/parent-child" xlink:from="ExecucaoDaDespesaAxis" xlink:to="PeriodoDeReferenciaUmMember" xlink:title="presentation: ExecucaoDaDespesaAxis to PeriodoDeReferenciaUmMember" order="3.0"/>
    <link:loc xlink:type="locator" xlink:href="../../../cor/dim/siconfi-dim_2019-12-31.xsd#siconfi-dim_PeriodoDeReferenciaDoisMember" xlink:label="PeriodoDeReferenciaDoisMember" xlink:title="PeriodoDeReferenciaDoisMember"/>
    <link:presentationArc xlink:type="arc" xlink:arcrole="http://www.xbrl.org/2003/arcrole/parent-child" xlink:from="ExecucaoDaDespesaAxis" xlink:to="PeriodoDeReferenciaDoisMember" xlink:title="presentation: ExecucaoDaDespesaAxis to PeriodoDeReferenciaDoisMember" order="4.0"/>
    <link:loc xlink:type="locator" xlink:href="../../../cor/dim/siconfi-dim_2019-12-31.xsd#siconfi-dim_PeriodoDeReferenciaTresMember" xlink:label="PeriodoDeReferenciaTresMember" xlink:title="PeriodoDeReferenciaTresMember"/>
    <link:presentationArc xlink:type="arc" xlink:arcrole="http://www.xbrl.org/2003/arcrole/parent-child" xlink:from="ExecucaoDaDespesaAxis" xlink:to="PeriodoDeReferenciaTresMember" xlink:title="presentation: ExecucaoDaDespesaAxis to PeriodoDeReferenciaTresMember" order="5.0"/>
    <link:loc xlink:type="locator" xlink:href="../../../cor/dim/siconfi-dim_2019-12-31.xsd#siconfi-dim_PeriodoDeReferenciaQuatroMember" xlink:label="PeriodoDeReferenciaQuatroMember" xlink:title="PeriodoDeReferenciaQuatroMember"/>
    <link:presentationArc xlink:type="arc" xlink:arcrole="http://www.xbrl.org/2003/arcrole/parent-child" xlink:from="ExecucaoDaDespesaAxis" xlink:to="PeriodoDeReferenciaQuatroMember" xlink:title="presentation: ExecucaoDaDespesaAxis to PeriodoDeReferenciaQuatroMember" order="6.0"/>
    <link:loc xlink:type="locator" xlink:href="../../../cor/dim/siconfi-dim_2019-12-31.xsd#siconfi-dim_PeriodoDeReferenciaCincoMember" xlink:label="PeriodoDeReferenciaCincoMember" xlink:title="PeriodoDeReferenciaCincoMember"/>
    <link:presentationArc xlink:type="arc" xlink:arcrole="http://www.xbrl.org/2003/arcrole/parent-child" xlink:from="ExecucaoDaDespesaAxis" xlink:to="PeriodoDeReferenciaCincoMember" xlink:title="presentation: ExecucaoDaDespesaAxis to PeriodoDeReferenciaCincoMember" order="7.0"/>
    <link:loc xlink:type="locator" xlink:href="../../../cor/dim/siconfi-dim_2019-12-31.xsd#siconfi-dim_PeriodoDeReferenciaSeisMember" xlink:label="PeriodoDeReferenciaSeisMember" xlink:title="PeriodoDeReferenciaSeisMember"/>
    <link:presentationArc xlink:type="arc" xlink:arcrole="http://www.xbrl.org/2003/arcrole/parent-child" xlink:from="ExecucaoDaDespesaAxis" xlink:to="PeriodoDeReferenciaSeisMember" xlink:title="presentation: ExecucaoDaDespesaAxis to PeriodoDeReferenciaSeisMember" order="8.0"/>
    <link:loc xlink:type="locator" xlink:href="../../../cor/dim/siconfi-dim_2019-12-31.xsd#siconfi-dim_PeriodoDeReferenciaSeteMember" xlink:label="PeriodoDeReferenciaSeteMember" xlink:title="PeriodoDeReferenciaSeteMember"/>
    <link:presentationArc xlink:type="arc" xlink:arcrole="http://www.xbrl.org/2003/arcrole/parent-child" xlink:from="ExecucaoDaDespesaAxis" xlink:to="PeriodoDeReferenciaSeteMember" xlink:title="presentation: ExecucaoDaDespesaAxis to PeriodoDeReferenciaSeteMember" order="9.0"/>
    <link:loc xlink:type="locator" xlink:href="../../../cor/dim/siconfi-dim_2019-12-31.xsd#siconfi-dim_PeriodoDeReferenciaOitoMember" xlink:label="PeriodoDeReferenciaOitoMember" xlink:title="PeriodoDeReferenciaOitoMember"/>
    <link:presentationArc xlink:type="arc" xlink:arcrole="http://www.xbrl.org/2003/arcrole/parent-child" xlink:from="ExecucaoDaDespesaAxis" xlink:to="PeriodoDeReferenciaOitoMember" xlink:title="presentation: ExecucaoDaDespesaAxis to PeriodoDeReferenciaOitoMember" order="10.0"/>
    <link:loc xlink:type="locator" xlink:href="../../../cor/dim/siconfi-dim_2019-12-31.xsd#siconfi-dim_PeriodoDeReferenciaNoveMember" xlink:label="PeriodoDeReferenciaNoveMember" xlink:title="PeriodoDeReferenciaNoveMember"/>
    <link:presentationArc xlink:type="arc" xlink:arcrole="http://www.xbrl.org/2003/arcrole/parent-child" xlink:from="ExecucaoDaDespesaAxis" xlink:to="PeriodoDeReferenciaNoveMember" xlink:title="presentation: ExecucaoDaDespesaAxis to PeriodoDeReferenciaNoveMember" order="11.0"/>
    <link:loc xlink:type="locator" xlink:href="../../../cor/dim/siconfi-dim_2019-12-31.xsd#siconfi-dim_DespesasPPPEnteFederadoAxis" xlink:label="DespesasPPPEnteFederadoAxis" xlink:title="DespesasPPPEnteFederadoAxis"/>
    <link:presentationArc xlink:type="arc" xlink:arcrole="http://www.xbrl.org/2003/arcrole/parent-child" xlink:from="DespesasDePPPDoEnteFederadoTable" xlink:to="DespesasPPPEnteFederadoAxis" xlink:title="presentation: DespesasDePPPDoEnteFederadoTable to DespesasPPPEnteFederadoAxis" order="2.0"/>
    <link:loc xlink:type="locator" xlink:href="siconfi-rreo-anexo13_2019-12-31.xsd#siconfi-rreo-anexo13uniao_DespesasDePPPDasEstataisNaoDependentesAbstract" xlink:label="DespesasDePPPDasEstataisNaoDependentesAbstract" xlink:title="DespesasDePPPDasEstataisNaoDependentesAbstract"/>
    <link:presentationArc xlink:type="arc" xlink:arcrole="http://www.xbrl.org/2003/arcrole/parent-child" xlink:from="DemonstrativoAnexo13Abstract" xlink:to="DespesasDePPPDasEstataisNaoDependentesAbstract" xlink:title="presentation: DemonstrativoAnexo13Abstract to DespesasDePPPDasEstataisNaoDependentesAbstract" order="4.0"/>
    <link:loc xlink:type="locator" xlink:href="siconfi-rreo-anexo13_2019-12-31.xsd#siconfi-rreo-anexo13uniao_DespesasDePPPDasEstataisNaoDependentesLineItems" xlink:label="DespesasDePPPDasEstataisNaoDependentesLineItems" xlink:title="DespesasDePPPDasEstataisNaoDependentesLineItems"/>
    <link:presentationArc xlink:type="arc" xlink:arcrole="http://www.xbrl.org/2003/arcrole/parent-child" xlink:from="DespesasDePPPDasEstataisNaoDependentesAbstract" xlink:to="DespesasDePPPDasEstataisNaoDependentesLineItems" xlink:title="presentation: DespesasDePPPDasEstataisNaoDependentesAbstract to DespesasDePPPDasEstataisNaoDependentesLineItems" order="1.0"/>
    <link:loc xlink:type="locator" xlink:href="../../../cor/ic/siconfi-cor_2019-12-31.xsd#siconfi-cor_DespesasPPPEstataisNaoDependentes" xlink:label="DespesasPPPEstataisNaoDependentes" xlink:title="DespesasPPPEstataisNaoDependentes"/>
    <link:presentationArc xlink:type="arc" xlink:arcrole="http://www.xbrl.org/2003/arcrole/parent-child" xlink:from="DespesasDePPPDasEstataisNaoDependentesLineItems" xlink:to="DespesasPPPEstataisNaoDependentes" xlink:title="presentation: DespesasDePPPDasEstataisNaoDependentesLineItems to DespesasPPPEstataisNaoDependentes" order="1.0"/>
    <link:loc xlink:type="locator" xlink:href="siconfi-rreo-anexo13_2019-12-31.xsd#siconfi-rreo-anexo13uniao_EstataisNaoDependentesTable" xlink:label="EstataisNaoDependentesTable" xlink:title="EstataisNaoDependentesTable"/>
    <link:presentationArc xlink:type="arc" xlink:arcrole="http://www.xbrl.org/2003/arcrole/parent-child" xlink:from="DespesasDePPPDasEstataisNaoDependentesAbstract" xlink:to="EstataisNaoDependentesTable" xlink:title="presentation: DespesasDePPPDasEstataisNaoDependentesAbstract to EstataisNaoDependentesTable" order="2.0" xbrldt:contextElement="segment" xbrldt:closed="true"/>
    <link:presentationArc xlink:type="arc" xlink:arcrole="http://www.xbrl.org/2003/arcrole/parent-child" xlink:from="EstataisNaoDependentesTable" xlink:to="ExecucaoDaDespesaAxis" xlink:title="presentation: EstataisNaoDependentesTable to ExecucaoDaDespesaAxis" order="1.0"/>
    <link:loc xlink:type="locator" xlink:href="../../../cor/dim/siconfi-dim_2019-12-31.xsd#siconfi-dim_DespesasPPPEstataisNaoDependentesAxis" xlink:label="DespesasPPPEstataisNaoDependentesAxis" xlink:title="DespesasPPPEstataisNaoDependentesAxis"/>
    <link:presentationArc xlink:type="arc" xlink:arcrole="http://www.xbrl.org/2003/arcrole/parent-child" xlink:from="EstataisNaoDependentesTable" xlink:to="DespesasPPPEstataisNaoDependentesAxis" xlink:title="presentation: EstataisNaoDependentesTable to DespesasPPPEstataisNaoDependentesAxis" order="2.0"/>
    <link:loc xlink:type="locator" xlink:href="siconfi-rreo-anexo13_2019-12-31.xsd#siconfi-rreo-anexo13_DespesasDePPPDoEnteFederadoAContratarAbstract" xlink:label="DespesasDePPPDoEnteFederadoAContratarAbstract" xlink:title="DespesasDePPPDoEnteFederadoAContratarAbstract"/>
    <link:presentationArc xlink:type="arc" xlink:arcrole="http://www.xbrl.org/2003/arcrole/parent-child" xlink:from="DemonstrativoAnexo13Abstract" xlink:to="DespesasDePPPDoEnteFederadoAContratarAbstract" xlink:title="presentation: DemonstrativoAnexo13Abstract to DespesasDePPPDoEnteFederadoAContratarAbstract" order="3.0"/>
    <link:loc xlink:type="locator" xlink:href="siconfi-rreo-anexo13_2019-12-31.xsd#siconfi-rreo-anexo13_DespesasDePPPDoEnteFederadoAContratarLineItems" xlink:label="DespesasDePPPDoEnteFederadoAContratarLineItems" xlink:title="DespesasDePPPDoEnteFederadoAContratarLineItems"/>
    <link:presentationArc xlink:type="arc" xlink:arcrole="http://www.xbrl.org/2003/arcrole/parent-child" xlink:from="DespesasDePPPDoEnteFederadoAContratarAbstract" xlink:to="DespesasDePPPDoEnteFederadoAContratarLineItems" xlink:title="presentation: DespesasDePPPDoEnteFederadoAContratarAbstract to DespesasDePPPDoEnteFederadoAContratarLineItems" order="1.0"/>
    <link:loc xlink:type="locator" xlink:href="../../../cor/ic/siconfi-cor_2019-12-31.xsd#siconfi-cor_DespesasPPPEnteFederadoAContratar" xlink:label="DespesasPPPEnteFederadoAContratar" xlink:title="DespesasPPPEnteFederadoAContratar"/>
    <link:presentationArc xlink:type="arc" xlink:arcrole="http://www.xbrl.org/2003/arcrole/parent-child" xlink:from="DespesasDePPPDoEnteFederadoAContratarLineItems" xlink:to="DespesasPPPEnteFederadoAContratar" xlink:title="presentation: DespesasDePPPDoEnteFederadoAContratarLineItems to DespesasPPPEnteFederadoAContratar" order="1.0"/>
    <link:loc xlink:type="locator" xlink:href="siconfi-rreo-anexo13_2019-12-31.xsd#siconfi-rreo-anexo13_DespesasDePPPDoEnteFederadoAContratarTable" xlink:label="DespesasDePPPDoEnteFederadoAContratarTable" xlink:title="DespesasDePPPDoEnteFederadoAContratarTable"/>
    <link:presentationArc xlink:type="arc" xlink:arcrole="http://www.xbrl.org/2003/arcrole/parent-child" xlink:from="DespesasDePPPDoEnteFederadoAContratarAbstract" xlink:to="DespesasDePPPDoEnteFederadoAContratarTable" xlink:title="presentation: DespesasDePPPDoEnteFederadoAContratarAbstract to DespesasDePPPDoEnteFederadoAContratarTable" order="2.0" xbrldt:contextElement="segment" xbrldt:closed="true"/>
    <link:presentationArc xlink:type="arc" xlink:arcrole="http://www.xbrl.org/2003/arcrole/parent-child" xlink:from="DespesasDePPPDoEnteFederadoAContratarTable" xlink:to="ExecucaoDaDespesaAxis" xlink:title="presentation: DespesasDePPPDoEnteFederadoAContratarTable to ExecucaoDaDespesaAxis" order="1.0"/>
    <link:loc xlink:type="locator" xlink:href="../../../cor/dim/siconfi-dim_2019-12-31.xsd#siconfi-dim_DespesasPPPEnteFederadoAContratarAxis" xlink:label="DespesasPPPEnteFederadoAContratarAxis" xlink:title="DespesasPPPEnteFederadoAContratarAxis"/>
    <link:presentationArc xlink:type="arc" xlink:arcrole="http://www.xbrl.org/2003/arcrole/parent-child" xlink:from="DespesasDePPPDoEnteFederadoAContratarTable" xlink:to="DespesasPPPEnteFederadoAContratarAxis" xlink:title="presentation: DespesasDePPPDoEnteFederadoAContratarTable to DespesasPPPEnteFederadoAContratarAxis" order="2.0"/>
    <link:loc xlink:type="locator" xlink:href="siconfi-rreo-anexo13_2019-12-31.xsd#siconfi-rreo-anexo13_DespesasDePPPDasEstataisNaoDependentesAContratarAbstract" xlink:label="DespesasDePPPDasEstataisNaoDependentesAContratarAbstract" xlink:title="DespesasDePPPDasEstataisNaoDependentesAContratarAbstract"/>
    <link:presentationArc xlink:type="arc" xlink:arcrole="http://www.xbrl.org/2003/arcrole/parent-child" xlink:from="DemonstrativoAnexo13Abstract" xlink:to="DespesasDePPPDasEstataisNaoDependentesAContratarAbstract" xlink:title="presentation: DemonstrativoAnexo13Abstract to DespesasDePPPDasEstataisNaoDependentesAContratarAbstract" order="5.0"/>
    <link:loc xlink:type="locator" xlink:href="siconfi-rreo-anexo13_2019-12-31.xsd#siconfi-rreo-anexo13_DespesasDePPPDasEstataisNaoDependentesAContratarLineItems" xlink:label="DespesasDePPPDasEstataisNaoDependentesAContratarLineItems" xlink:title="DespesasDePPPDasEstataisNaoDependentesAContratarLineItems"/>
    <link:presentationArc xlink:type="arc" xlink:arcrole="http://www.xbrl.org/2003/arcrole/parent-child" xlink:from="DespesasDePPPDasEstataisNaoDependentesAContratarAbstract" xlink:to="DespesasDePPPDasEstataisNaoDependentesAContratarLineItems" xlink:title="presentation: DespesasDePPPDasEstataisNaoDependentesAContratarAbstract to DespesasDePPPDasEstataisNaoDependentesAContratarLineItems" order="1.0"/>
    <link:loc xlink:type="locator" xlink:href="../../../cor/ic/siconfi-cor_2019-12-31.xsd#siconfi-cor_DespesasPPPEstataisNaoDependentesAContratar" xlink:label="DespesasPPPEstataisNaoDependentesAContratar" xlink:title="DespesasPPPEstataisNaoDependentesAContratar"/>
    <link:presentationArc xlink:type="arc" xlink:arcrole="http://www.xbrl.org/2003/arcrole/parent-child" xlink:from="DespesasDePPPDasEstataisNaoDependentesAContratarLineItems" xlink:to="DespesasPPPEstataisNaoDependentesAContratar" xlink:title="presentation: DespesasDePPPDasEstataisNaoDependentesAContratarLineItems to DespesasPPPEstataisNaoDependentesAContratar" order="1.0"/>
    <link:loc xlink:type="locator" xlink:href="siconfi-rreo-anexo13_2019-12-31.xsd#siconfi-rreo-anexo13_EstataisNaoDependentesAContratarTable" xlink:label="EstataisNaoDependentesAContratarTable" xlink:title="EstataisNaoDependentesAContratarTable"/>
    <link:presentationArc xlink:type="arc" xlink:arcrole="http://www.xbrl.org/2003/arcrole/parent-child" xlink:from="DespesasDePPPDasEstataisNaoDependentesAContratarAbstract" xlink:to="EstataisNaoDependentesAContratarTable" xlink:title="presentation: DespesasDePPPDasEstataisNaoDependentesAContratarAbstract to EstataisNaoDependentesAContratarTable" order="2.0" xbrldt:contextElement="segment" xbrldt:closed="true"/>
    <link:presentationArc xlink:type="arc" xlink:arcrole="http://www.xbrl.org/2003/arcrole/parent-child" xlink:from="EstataisNaoDependentesAContratarTable" xlink:to="ExecucaoDaDespesaAxis" xlink:title="presentation: EstataisNaoDependentesAContratarTable to ExecucaoDaDespesaAxis" order="1.0"/>
    <link:loc xlink:type="locator" xlink:href="../../../cor/dim/siconfi-dim_2019-12-31.xsd#siconfi-dim_DespesasPPPEstataisNaoDependentesAContratarAxis" xlink:label="DespesasPPPEstataisNaoDependentesAContratarAxis" xlink:title="DespesasPPPEstataisNaoDependentesAContratarAxis"/>
    <link:presentationArc xlink:type="arc" xlink:arcrole="http://www.xbrl.org/2003/arcrole/parent-child" xlink:from="EstataisNaoDependentesAContratarTable" xlink:to="DespesasPPPEstataisNaoDependentesAContratarAxis" xlink:title="presentation: EstataisNaoDependentesAContratarTable to DespesasPPPEstataisNaoDependentesAContratarAxis" order="2.0"/>
    <link:loc xlink:type="locator" xlink:href="siconfi-rreo-anexo13_2019-12-31.xsd#siconfi-rreo-anexo13uniao_TotalDasDespesasDePPPAbstract" xlink:label="TotalDasDespesasDePPPAbstract" xlink:title="TotalDasDespesasDePPPAbstract"/>
    <link:presentationArc xlink:type="arc" xlink:arcrole="http://www.xbrl.org/2003/arcrole/parent-child" xlink:from="DemonstrativoAnexo13Abstract" xlink:to="TotalDasDespesasDePPPAbstract" xlink:title="presentation: DemonstrativoAnexo13Abstract to TotalDasDespesasDePPPAbstract" order="6.0"/>
    <link:loc xlink:type="locator" xlink:href="siconfi-rreo-anexo13_2019-12-31.xsd#siconfi-rreo-anexo13uniao_TotalDasDespesasDePPPLineItems" xlink:label="TotalDasDespesasDePPPLineItems" xlink:title="TotalDasDespesasDePPPLineItems"/>
    <link:presentationArc xlink:type="arc" xlink:arcrole="http://www.xbrl.org/2003/arcrole/parent-child" xlink:from="TotalDasDespesasDePPPAbstract" xlink:to="TotalDasDespesasDePPPLineItems" xlink:title="presentation: TotalDasDespesasDePPPAbstract to TotalDasDespesasDePPPLineItems" order="1.0"/>
    <link:loc xlink:type="locator" xlink:href="../../../cor/ic/siconfi-cor_2019-12-31.xsd#siconfi-cor_TotalDespesasDePPPEnteFederado" xlink:label="TotalDespesasDePPPEnteFederado" xlink:title="TotalDespesasDePPPEnteFederado"/>
    <link:presentationArc xlink:type="arc" xlink:arcrole="http://www.xbrl.org/2003/arcrole/parent-child" xlink:from="TotalDasDespesasDePPPLineItems" xlink:to="TotalDespesasDePPPEnteFederado" xlink:title="presentation: TotalDasDespesasDePPPLineItems to TotalDespesasDePPPEnteFederado" order="1.0"/>
    <link:loc xlink:type="locator" xlink:href="../../../cor/ic/siconfi-cor_2019-12-31.xsd#siconfi-cor_TotalDespesasDePPPEstataisNaoDependentes" xlink:label="TotalDespesasDePPPEstataisNaoDependentes" xlink:title="TotalDespesasDePPPEstataisNaoDependentes"/>
    <link:presentationArc xlink:type="arc" xlink:arcrole="http://www.xbrl.org/2003/arcrole/parent-child" xlink:from="TotalDasDespesasDePPPLineItems" xlink:to="TotalDespesasDePPPEstataisNaoDependentes" xlink:title="presentation: TotalDasDespesasDePPPLineItems to TotalDespesasDePPPEstataisNaoDependentes" order="2.0"/>
    <link:loc xlink:type="locator" xlink:href="../../../cor/ic/siconfi-cor_2019-12-31.xsd#siconfi-cor_TotalDespesasPPP" xlink:label="TotalDespesasPPP" xlink:title="TotalDespesasPPP"/>
    <link:presentationArc xlink:type="arc" xlink:arcrole="http://www.xbrl.org/2003/arcrole/parent-child" xlink:from="TotalDasDespesasDePPPLineItems" xlink:to="TotalDespesasPPP" xlink:title="presentation: TotalDasDespesasDePPPLineItems to TotalDespesasPPP" order="3.0"/>
    <link:loc xlink:type="locator" xlink:href="../../../cor/ic/siconfi-cor_2019-12-31.xsd#siconfi-cor_RREO13ReceitaCorrenteLiquida" xlink:label="RREO13ReceitaCorrenteLiquida" xlink:title="RREO13ReceitaCorrenteLiquida"/>
    <link:presentationArc xlink:type="arc" xlink:arcrole="http://www.xbrl.org/2003/arcrole/parent-child" xlink:from="TotalDasDespesasDePPPLineItems" xlink:to="RREO13ReceitaCorrenteLiquida" xlink:title="presentation: TotalDasDespesasDePPPLineItems to RREO13ReceitaCorrenteLiquida" order="4.0"/>
    <link:loc xlink:type="locator" xlink:href="../../../cor/ic/siconfi-cor_2019-12-31.xsd#siconfi-cor_RREO13TotalDespesasPPP" xlink:label="RREO13TotalDespesasPPP" xlink:title="RREO13TotalDespesasPPP"/>
    <link:presentationArc xlink:type="arc" xlink:arcrole="http://www.xbrl.org/2003/arcrole/parent-child" xlink:from="TotalDasDespesasDePPPLineItems" xlink:to="RREO13TotalDespesasPPP" xlink:title="presentation: TotalDasDespesasDePPPLineItems to RREO13TotalDespesasPPP" order="5.0"/>
    <link:loc xlink:type="locator" xlink:href="../../../cor/ic/siconfi-cor_2019-12-31.xsd#siconfi-cor_TotalDespesasPPPPercentualRCL" xlink:label="TotalDespesasPPPPercentualRCL" xlink:title="TotalDespesasPPPPercentualRCL"/>
    <link:presentationArc xlink:type="arc" xlink:arcrole="http://www.xbrl.org/2003/arcrole/parent-child" xlink:from="TotalDasDespesasDePPPLineItems" xlink:to="TotalDespesasPPPPercentualRCL" xlink:title="presentation: TotalDasDespesasDePPPLineItems to TotalDespesasPPPPercentualRCL" order="6.0"/>
    <link:loc xlink:type="locator" xlink:href="siconfi-rreo-anexo13_2019-12-31.xsd#siconfi-rreo-anexo13uniao_TotalDasDespesasDePPPTable" xlink:label="TotalDasDespesasDePPPTable" xlink:title="TotalDasDespesasDePPPTable"/>
    <link:presentationArc xlink:type="arc" xlink:arcrole="http://www.xbrl.org/2003/arcrole/parent-child" xlink:from="TotalDasDespesasDePPPAbstract" xlink:to="TotalDasDespesasDePPPTable" xlink:title="presentation: TotalDasDespesasDePPPAbstract to TotalDasDespesasDePPPTable" order="2.0" xbrldt:contextElement="segment" xbrldt:closed="true"/>
    <link:presentationArc xlink:type="arc" xlink:arcrole="http://www.xbrl.org/2003/arcrole/parent-child" xlink:from="TotalDasDespesasDePPPTable" xlink:to="ExecucaoDaDespesaAxis" xlink:title="presentation: TotalDasDespesasDePPPTable to ExecucaoDaDespesaAxis" order="1.0"/>
  </link:presentationLink>
</link:linkbase>
