<?xml version="1.0" encoding="UTF-8"?>
<!-- Generated by Fujitsu Interstage XWand B0196 -->
<link:linkbase xmlns:xsi="http://www.w3.org/2001/XMLSchema-instance" xsi:schemaLocation="http://www.xbrl.org/2003/linkbase http://www.xbrl.org/2003/xbrl-linkbase-2003-12-31.xsd" xmlns:siconfi-rgf-anexo3="http://fazenda.gov.br/siconfi/rep/rgf/anexo3/siconfi-rgf-anexo3_2020-12-31" xmlns:link="http://www.xbrl.org/2003/linkbase" xmlns:xlink="http://www.w3.org/1999/xlink" xmlns:xbrli="http://www.xbrl.org/2003/instance" xmlns:xbrldt="http://xbrl.org/2005/xbrldt">
  <link:roleRef roleURI="http://fazenda.gov.br/siconfi/rep/rgf/anexo3/siconfi-rgf-anexo3-tabela3.0" xlink:type="simple" xlink:href="siconfi-rgf-anexo3_2020-12-31.xsd#siconfi-rgf-anexo3-tabela3.0"/>
  <link:presentationLink xlink:type="extended" xlink:role="http://fazenda.gov.br/siconfi/rep/rgf/anexo3/siconfi-rgf-anexo3-tabela3.0">
    <link:loc xlink:type="locator" xlink:href="siconfi-rgf-anexo3_2020-12-31.xsd#siconfi-rgf-anexo3_DemonstrativoAnexo3Abstract" xlink:label="DemonstrativoAnexo3Abstract" xlink:title="DemonstrativoAnexo3Abstract"/>
    <link:loc xlink:type="locator" xlink:href="siconfi-rgf-anexo3_2020-12-31.xsd#siconfi-rgf-anexo3_FonteAnexo3Tabela3.0Abstract" xlink:label="FonteAnexo3Tabela3.0Abstract" xlink:title="FonteAnexo3Tabela3.0Abstract"/>
    <link:presentationArc xlink:type="arc" xlink:arcrole="http://www.xbrl.org/2003/arcrole/parent-child" xlink:from="DemonstrativoAnexo3Abstract" xlink:to="FonteAnexo3Tabela3.0Abstract" xlink:title="presentation: DemonstrativoAnexo3Abstract to FonteAnexo3Tabela3.0Abstract" order="2.0"/>
    <link:loc xlink:type="locator" xlink:href="siconfi-rgf-anexo3_2020-12-31.xsd#siconfi-rgf-anexo3_FonteAnexo3Tabela3.0LineItems" xlink:label="FonteAnexo3Tabela3.0LineItems" xlink:title="FonteAnexo3Tabela3.0LineItems"/>
    <link:presentationArc xlink:type="arc" xlink:arcrole="http://www.xbrl.org/2003/arcrole/parent-child" xlink:from="FonteAnexo3Tabela3.0Abstract" xlink:to="FonteAnexo3Tabela3.0LineItems" xlink:title="presentation: FonteAnexo3Tabela3.0Abstract to FonteAnexo3Tabela3.0LineItems" order="1.0"/>
    <link:loc xlink:type="locator" xlink:href="../../../cor/ic/siconfi-cor_2020-12-31.xsd#siconfi-cor_FonteAnexo3Tabela3.0RGF" xlink:label="FonteAnexo3Tabela3.0RGF" xlink:title="FonteAnexo3Tabela3.0RGF"/>
    <link:presentationArc xlink:type="arc" xlink:arcrole="http://www.xbrl.org/2003/arcrole/parent-child" xlink:from="FonteAnexo3Tabela3.0LineItems" xlink:to="FonteAnexo3Tabela3.0RGF" xlink:title="presentation: FonteAnexo3Tabela3.0LineItems to FonteAnexo3Tabela3.0RGF" order="1.0"/>
    <link:loc xlink:type="locator" xlink:href="siconfi-rgf-anexo3_2020-12-31.xsd#siconfi-rgf-anexo3_GarantiasConcedidasContragarantiasRecebidasAbstract" xlink:label="GarantiasConcedidasContragarantiasRecebidasAbstract" xlink:title="GarantiasConcedidasContragarantiasRecebidasAbstract"/>
    <link:presentationArc xlink:type="arc" xlink:arcrole="http://www.xbrl.org/2003/arcrole/parent-child" xlink:from="DemonstrativoAnexo3Abstract" xlink:to="GarantiasConcedidasContragarantiasRecebidasAbstract" xlink:title="presentation: DemonstrativoAnexo3Abstract to GarantiasConcedidasContragarantiasRecebidasAbstract" order="1.0"/>
    <link:loc xlink:type="locator" xlink:href="siconfi-rgf-anexo3_2020-12-31.xsd#siconfi-rgf-anexo3_GarantiasConcedidasAbstract" xlink:label="GarantiasConcedidasAbstract" xlink:title="GarantiasConcedidasAbstract"/>
    <link:presentationArc xlink:type="arc" xlink:arcrole="http://www.xbrl.org/2003/arcrole/parent-child" xlink:from="GarantiasConcedidasContragarantiasRecebidasAbstract" xlink:to="GarantiasConcedidasAbstract" xlink:title="presentation: GarantiasConcedidasContragarantiasRecebidasAbstract to GarantiasConcedidasAbstract" order="1.0"/>
    <link:loc xlink:type="locator" xlink:href="siconfi-rgf-anexo3_2020-12-31.xsd#siconfi-rgf-anexo3_GarantiasConcedidasLineItems" xlink:label="GarantiasConcedidasLineItems" xlink:title="GarantiasConcedidasLineItems"/>
    <link:presentationArc xlink:type="arc" xlink:arcrole="http://www.xbrl.org/2003/arcrole/parent-child" xlink:from="GarantiasConcedidasAbstract" xlink:to="GarantiasConcedidasLineItems" xlink:title="presentation: GarantiasConcedidasAbstract to GarantiasConcedidasLineItems" order="1.0"/>
    <link:loc xlink:type="locator" xlink:href="../../../cor/ic/siconfi-cor_2020-12-31.xsd#siconfi-cor_GarantiasConcedidasAosEstados" xlink:label="GarantiasConcedidasAosEstados" xlink:title="GarantiasConcedidasAosEstados"/>
    <link:presentationArc xlink:type="arc" xlink:arcrole="http://www.xbrl.org/2003/arcrole/parent-child" xlink:from="GarantiasConcedidasLineItems" xlink:to="GarantiasConcedidasAosEstados" xlink:title="presentation: GarantiasConcedidasLineItems to GarantiasConcedidasAosEstados" order="1.0"/>
    <link:loc xlink:type="locator" xlink:href="../../../cor/ic/siconfi-cor_2020-12-31.xsd#siconfi-cor_GarantiasConcedidasAosEstadosEmOperacoesDeCreditoExternas" xlink:label="GarantiasConcedidasAosEstadosEmOperacoesDeCreditoExternas" xlink:title="GarantiasConcedidasAosEstadosEmOperacoesDeCreditoExternas"/>
    <link:presentationArc xlink:type="arc" xlink:arcrole="http://www.xbrl.org/2003/arcrole/parent-child" xlink:from="GarantiasConcedidasAosEstados" xlink:to="GarantiasConcedidasAosEstadosEmOperacoesDeCreditoExternas" xlink:title="presentation: GarantiasConcedidasAosEstados to GarantiasConcedidasAosEstadosEmOperacoesDeCreditoExternas" order="1.0"/>
    <link:loc xlink:type="locator" xlink:href="../../../cor/ic/siconfi-cor_2020-12-31.xsd#siconfi-cor_GarantiasConcedidasAosEstadosEmOperacoesDeCreditoInternas" xlink:label="GarantiasConcedidasAosEstadosEmOperacoesDeCreditoInternas" xlink:title="GarantiasConcedidasAosEstadosEmOperacoesDeCreditoInternas"/>
    <link:presentationArc xlink:type="arc" xlink:arcrole="http://www.xbrl.org/2003/arcrole/parent-child" xlink:from="GarantiasConcedidasAosEstados" xlink:to="GarantiasConcedidasAosEstadosEmOperacoesDeCreditoInternas" xlink:title="presentation: GarantiasConcedidasAosEstados to GarantiasConcedidasAosEstadosEmOperacoesDeCreditoInternas" order="2.0"/>
    <link:loc xlink:type="locator" xlink:href="../../../cor/ic/siconfi-cor_2020-12-31.xsd#siconfi-cor_GarantiasConcedidasAosMunicipios" xlink:label="GarantiasConcedidasAosMunicipios" xlink:title="GarantiasConcedidasAosMunicipios"/>
    <link:presentationArc xlink:type="arc" xlink:arcrole="http://www.xbrl.org/2003/arcrole/parent-child" xlink:from="GarantiasConcedidasLineItems" xlink:to="GarantiasConcedidasAosMunicipios" xlink:title="presentation: GarantiasConcedidasLineItems to GarantiasConcedidasAosMunicipios" order="2.0"/>
    <link:loc xlink:type="locator" xlink:href="../../../cor/ic/siconfi-cor_2020-12-31.xsd#siconfi-cor_GarantiasConcedidasAosMunicipiosEmOperacoesDeCreditoExternas" xlink:label="GarantiasConcedidasAosMunicipiosEmOperacoesDeCreditoExternas" xlink:title="GarantiasConcedidasAosMunicipiosEmOperacoesDeCreditoExternas"/>
    <link:presentationArc xlink:type="arc" xlink:arcrole="http://www.xbrl.org/2003/arcrole/parent-child" xlink:from="GarantiasConcedidasAosMunicipios" xlink:to="GarantiasConcedidasAosMunicipiosEmOperacoesDeCreditoExternas" xlink:title="presentation: GarantiasConcedidasAosMunicipios to GarantiasConcedidasAosMunicipiosEmOperacoesDeCreditoExternas" order="1.0"/>
    <link:loc xlink:type="locator" xlink:href="../../../cor/ic/siconfi-cor_2020-12-31.xsd#siconfi-cor_GarantiasConcedidasAosMunicipiosEmOperacoesDeCreditoInternas" xlink:label="GarantiasConcedidasAosMunicipiosEmOperacoesDeCreditoInternas" xlink:title="GarantiasConcedidasAosMunicipiosEmOperacoesDeCreditoInternas"/>
    <link:presentationArc xlink:type="arc" xlink:arcrole="http://www.xbrl.org/2003/arcrole/parent-child" xlink:from="GarantiasConcedidasAosMunicipios" xlink:to="GarantiasConcedidasAosMunicipiosEmOperacoesDeCreditoInternas" xlink:title="presentation: GarantiasConcedidasAosMunicipios to GarantiasConcedidasAosMunicipiosEmOperacoesDeCreditoInternas" order="2.0"/>
    <link:loc xlink:type="locator" xlink:href="../../../cor/ic/siconfi-cor_2020-12-31.xsd#siconfi-cor_GarantiasConcedidasAsEntidadesControladas" xlink:label="GarantiasConcedidasAsEntidadesControladas" xlink:title="GarantiasConcedidasAsEntidadesControladas"/>
    <link:presentationArc xlink:type="arc" xlink:arcrole="http://www.xbrl.org/2003/arcrole/parent-child" xlink:from="GarantiasConcedidasLineItems" xlink:to="GarantiasConcedidasAsEntidadesControladas" xlink:title="presentation: GarantiasConcedidasLineItems to GarantiasConcedidasAsEntidadesControladas" order="3.0"/>
    <link:loc xlink:type="locator" xlink:href="../../../cor/ic/siconfi-cor_2020-12-31.xsd#siconfi-cor_GarantiasConcedidasAsEntidadesControladasEmOperacoesDeCreditoExternas" xlink:label="GarantiasConcedidasAsEntidadesControladasEmOperacoesDeCreditoExternas" xlink:title="GarantiasConcedidasAsEntidadesControladasEmOperacoesDeCreditoExternas"/>
    <link:presentationArc xlink:type="arc" xlink:arcrole="http://www.xbrl.org/2003/arcrole/parent-child" xlink:from="GarantiasConcedidasAsEntidadesControladas" xlink:to="GarantiasConcedidasAsEntidadesControladasEmOperacoesDeCreditoExternas" xlink:title="presentation: GarantiasConcedidasAsEntidadesControladas to GarantiasConcedidasAsEntidadesControladasEmOperacoesDeCreditoExternas" order="1.0"/>
    <link:loc xlink:type="locator" xlink:href="../../../cor/ic/siconfi-cor_2020-12-31.xsd#siconfi-cor_GarantiasConcedidasAsEntidadesControladasEmOperacoesDeCreditoInternas" xlink:label="GarantiasConcedidasAsEntidadesControladasEmOperacoesDeCreditoInternas" xlink:title="GarantiasConcedidasAsEntidadesControladasEmOperacoesDeCreditoInternas"/>
    <link:presentationArc xlink:type="arc" xlink:arcrole="http://www.xbrl.org/2003/arcrole/parent-child" xlink:from="GarantiasConcedidasAsEntidadesControladas" xlink:to="GarantiasConcedidasAsEntidadesControladasEmOperacoesDeCreditoInternas" xlink:title="presentation: GarantiasConcedidasAsEntidadesControladas to GarantiasConcedidasAsEntidadesControladasEmOperacoesDeCreditoInternas" order="2.0"/>
    <link:loc xlink:type="locator" xlink:href="../../../cor/ic/siconfi-cor_2020-12-31.xsd#siconfi-cor_GarantiasConcedidasPorMeioDeFundosEProgramas" xlink:label="GarantiasConcedidasPorMeioDeFundosEProgramas" xlink:title="GarantiasConcedidasPorMeioDeFundosEProgramas"/>
    <link:presentationArc xlink:type="arc" xlink:arcrole="http://www.xbrl.org/2003/arcrole/parent-child" xlink:from="GarantiasConcedidasLineItems" xlink:to="GarantiasConcedidasPorMeioDeFundosEProgramas" xlink:title="presentation: GarantiasConcedidasLineItems to GarantiasConcedidasPorMeioDeFundosEProgramas" order="4.0"/>
    <link:loc xlink:type="locator" xlink:href="../../../cor/ic/siconfi-cor_2020-12-31.xsd#siconfi-cor_TotalGarantiasConcedidas" xlink:label="TotalGarantiasConcedidas" xlink:title="TotalGarantiasConcedidas"/>
    <link:presentationArc xlink:type="arc" xlink:arcrole="http://www.xbrl.org/2003/arcrole/parent-child" xlink:from="GarantiasConcedidasLineItems" xlink:to="TotalGarantiasConcedidas" xlink:title="presentation: GarantiasConcedidasLineItems to TotalGarantiasConcedidas" order="5.0"/>
    <link:loc xlink:type="locator" xlink:href="../../../cor/ic/siconfi-cor_2020-12-31.xsd#siconfi-cor_RGF3ReceitaCorrenteLiquida" xlink:label="RGF3ReceitaCorrenteLiquida" xlink:title="RGF3ReceitaCorrenteLiquida"/>
    <link:presentationArc xlink:type="arc" xlink:arcrole="http://www.xbrl.org/2003/arcrole/parent-child" xlink:from="GarantiasConcedidasLineItems" xlink:to="RGF3ReceitaCorrenteLiquida" xlink:title="presentation: GarantiasConcedidasLineItems to RGF3ReceitaCorrenteLiquida" order="6.0"/>
    <link:loc xlink:type="locator" xlink:href="../../../cor/ic/siconfi-cor_2020-12-31.xsd#siconfi-cor_TransferenciasObrigatoriasDaUniaoRelativasAsEmendasIndividuais" xlink:label="TransferenciasObrigatoriasDaUniaoRelativasAsEmendasIndividuais" xlink:title="TransferenciasObrigatoriasDaUniaoRelativasAsEmendasIndividuais"/>
    <link:presentationArc xlink:type="arc" xlink:arcrole="http://www.xbrl.org/2003/arcrole/parent-child" xlink:from="GarantiasConcedidasLineItems" xlink:to="TransferenciasObrigatoriasDaUniaoRelativasAsEmendasIndividuais" xlink:title="presentation: GarantiasConcedidasLineItems to TransferenciasObrigatoriasDaUniaoRelativasAsEmendasIndividuais" order="7.0"/>
    <link:loc xlink:type="locator" xlink:href="../../../cor/ic/siconfi-cor_2020-12-31.xsd#siconfi-cor_ReceitaCorrenteLiquidaAjustadaParaCalculoDosLimitesDeEndividamento" xlink:label="ReceitaCorrenteLiquidaAjustadaParaCalculoDosLimitesDeEndividamento" xlink:title="ReceitaCorrenteLiquidaAjustadaParaCalculoDosLimitesDeEndividamento"/>
    <link:presentationArc xlink:type="arc" xlink:arcrole="http://www.xbrl.org/2003/arcrole/parent-child" xlink:from="GarantiasConcedidasLineItems" xlink:to="ReceitaCorrenteLiquidaAjustadaParaCalculoDosLimitesDeEndividamento" xlink:title="presentation: GarantiasConcedidasLineItems to ReceitaCorrenteLiquidaAjustadaParaCalculoDosLimitesDeEndividamento" order="8.0"/>
    <link:loc xlink:type="locator" xlink:href="../../../cor/ic/siconfi-cor_2020-12-31.xsd#siconfi-cor_PercentualDoTotalDasGarantiasSobreARCL" xlink:label="PercentualDoTotalDasGarantiasSobreARCL" xlink:title="PercentualDoTotalDasGarantiasSobreARCL"/>
    <link:presentationArc xlink:type="arc" xlink:arcrole="http://www.xbrl.org/2003/arcrole/parent-child" xlink:from="GarantiasConcedidasLineItems" xlink:to="PercentualDoTotalDasGarantiasSobreARCL" xlink:title="presentation: GarantiasConcedidasLineItems to PercentualDoTotalDasGarantiasSobreARCL" order="9.0"/>
    <link:loc xlink:type="locator" xlink:href="../../../cor/ic/siconfi-cor_2020-12-31.xsd#siconfi-cor_LimiteDefinidoPorResolucaoDoSenadoFederal" xlink:label="LimiteDefinidoPorResolucaoDoSenadoFederal" xlink:title="LimiteDefinidoPorResolucaoDoSenadoFederal"/>
    <link:presentationArc xlink:type="arc" xlink:arcrole="http://www.xbrl.org/2003/arcrole/parent-child" xlink:from="GarantiasConcedidasLineItems" xlink:to="LimiteDefinidoPorResolucaoDoSenadoFederal" xlink:title="presentation: GarantiasConcedidasLineItems to LimiteDefinidoPorResolucaoDoSenadoFederal" order="10.0"/>
    <link:loc xlink:type="locator" xlink:href="../../../cor/ic/siconfi-cor_2020-12-31.xsd#siconfi-cor_LimiteDeAlerta" xlink:label="LimiteDeAlerta" xlink:title="LimiteDeAlerta"/>
    <link:presentationArc xlink:type="arc" xlink:arcrole="http://www.xbrl.org/2003/arcrole/parent-child" xlink:from="GarantiasConcedidasLineItems" xlink:to="LimiteDeAlerta" xlink:title="presentation: GarantiasConcedidasLineItems to LimiteDeAlerta" order="11.0"/>
    <link:loc xlink:type="locator" xlink:href="siconfi-rgf-anexo3_2020-12-31.xsd#siconfi-rgf-anexo3_ContragarantiasRecebidasAbstract" xlink:label="ContragarantiasRecebidasAbstract" xlink:title="ContragarantiasRecebidasAbstract"/>
    <link:presentationArc xlink:type="arc" xlink:arcrole="http://www.xbrl.org/2003/arcrole/parent-child" xlink:from="GarantiasConcedidasContragarantiasRecebidasAbstract" xlink:to="ContragarantiasRecebidasAbstract" xlink:title="presentation: GarantiasConcedidasContragarantiasRecebidasAbstract to ContragarantiasRecebidasAbstract" order="2.0"/>
    <link:loc xlink:type="locator" xlink:href="siconfi-rgf-anexo3_2020-12-31.xsd#siconfi-rgf-anexo3_ContragarantiasRecebidasLineItems" xlink:label="ContragarantiasRecebidasLineItems" xlink:title="ContragarantiasRecebidasLineItems"/>
    <link:presentationArc xlink:type="arc" xlink:arcrole="http://www.xbrl.org/2003/arcrole/parent-child" xlink:from="ContragarantiasRecebidasAbstract" xlink:to="ContragarantiasRecebidasLineItems" xlink:title="presentation: ContragarantiasRecebidasAbstract to ContragarantiasRecebidasLineItems" order="1.0"/>
    <link:loc xlink:type="locator" xlink:href="../../../cor/ic/siconfi-cor_2020-12-31.xsd#siconfi-cor_ContragarantiasRecebidasDosEstados" xlink:label="ContragarantiasRecebidasDosEstados" xlink:title="ContragarantiasRecebidasDosEstados"/>
    <link:presentationArc xlink:type="arc" xlink:arcrole="http://www.xbrl.org/2003/arcrole/parent-child" xlink:from="ContragarantiasRecebidasLineItems" xlink:to="ContragarantiasRecebidasDosEstados" xlink:title="presentation: ContragarantiasRecebidasLineItems to ContragarantiasRecebidasDosEstados" order="1.0"/>
    <link:loc xlink:type="locator" xlink:href="../../../cor/ic/siconfi-cor_2020-12-31.xsd#siconfi-cor_ContragarantiasRecebidasDosEstadosEmGarantiaAsOperacoesDeCreditoExternas" xlink:label="ContragarantiasRecebidasDosEstadosEmGarantiaAsOperacoesDeCreditoExternas" xlink:title="ContragarantiasRecebidasDosEstadosEmGarantiaAsOperacoesDeCreditoExternas"/>
    <link:presentationArc xlink:type="arc" xlink:arcrole="http://www.xbrl.org/2003/arcrole/parent-child" xlink:from="ContragarantiasRecebidasDosEstados" xlink:to="ContragarantiasRecebidasDosEstadosEmGarantiaAsOperacoesDeCreditoExternas" xlink:title="presentation: ContragarantiasRecebidasDosEstados to ContragarantiasRecebidasDosEstadosEmGarantiaAsOperacoesDeCreditoExternas" order="1.0"/>
    <link:loc xlink:type="locator" xlink:href="../../../cor/ic/siconfi-cor_2020-12-31.xsd#siconfi-cor_ContragarantiasRecebidasDosEstadosEmGarantiaAsOperacoesDeCreditoInternas" xlink:label="ContragarantiasRecebidasDosEstadosEmGarantiaAsOperacoesDeCreditoInternas" xlink:title="ContragarantiasRecebidasDosEstadosEmGarantiaAsOperacoesDeCreditoInternas"/>
    <link:presentationArc xlink:type="arc" xlink:arcrole="http://www.xbrl.org/2003/arcrole/parent-child" xlink:from="ContragarantiasRecebidasDosEstados" xlink:to="ContragarantiasRecebidasDosEstadosEmGarantiaAsOperacoesDeCreditoInternas" xlink:title="presentation: ContragarantiasRecebidasDosEstados to ContragarantiasRecebidasDosEstadosEmGarantiaAsOperacoesDeCreditoInternas" order="2.0"/>
    <link:loc xlink:type="locator" xlink:href="../../../cor/ic/siconfi-cor_2020-12-31.xsd#siconfi-cor_ContragarantiasRecebidasDosMunicipios" xlink:label="ContragarantiasRecebidasDosMunicipios" xlink:title="ContragarantiasRecebidasDosMunicipios"/>
    <link:presentationArc xlink:type="arc" xlink:arcrole="http://www.xbrl.org/2003/arcrole/parent-child" xlink:from="ContragarantiasRecebidasLineItems" xlink:to="ContragarantiasRecebidasDosMunicipios" xlink:title="presentation: ContragarantiasRecebidasLineItems to ContragarantiasRecebidasDosMunicipios" order="2.0"/>
    <link:loc xlink:type="locator" xlink:href="../../../cor/ic/siconfi-cor_2020-12-31.xsd#siconfi-cor_ContragarantiasRecebidasDosMunicipiosEmGarantiaAsOperacoesDeCreditoExternas" xlink:label="ContragarantiasRecebidasDosMunicipiosEmGarantiaAsOperacoesDeCreditoExternas" xlink:title="ContragarantiasRecebidasDosMunicipiosEmGarantiaAsOperacoesDeCreditoExternas"/>
    <link:presentationArc xlink:type="arc" xlink:arcrole="http://www.xbrl.org/2003/arcrole/parent-child" xlink:from="ContragarantiasRecebidasDosMunicipios" xlink:to="ContragarantiasRecebidasDosMunicipiosEmGarantiaAsOperacoesDeCreditoExternas" xlink:title="presentation: ContragarantiasRecebidasDosMunicipios to ContragarantiasRecebidasDosMunicipiosEmGarantiaAsOperacoesDeCreditoExternas" order="1.0"/>
    <link:loc xlink:type="locator" xlink:href="../../../cor/ic/siconfi-cor_2020-12-31.xsd#siconfi-cor_ContragarantiasRecebidasDosMunicipiosEmGarantiaAsOperacoesDeCreditoInternas" xlink:label="ContragarantiasRecebidasDosMunicipiosEmGarantiaAsOperacoesDeCreditoInternas" xlink:title="ContragarantiasRecebidasDosMunicipiosEmGarantiaAsOperacoesDeCreditoInternas"/>
    <link:presentationArc xlink:type="arc" xlink:arcrole="http://www.xbrl.org/2003/arcrole/parent-child" xlink:from="ContragarantiasRecebidasDosMunicipios" xlink:to="ContragarantiasRecebidasDosMunicipiosEmGarantiaAsOperacoesDeCreditoInternas" xlink:title="presentation: ContragarantiasRecebidasDosMunicipios to ContragarantiasRecebidasDosMunicipiosEmGarantiaAsOperacoesDeCreditoInternas" order="2.0"/>
    <link:loc xlink:type="locator" xlink:href="../../../cor/ic/siconfi-cor_2020-12-31.xsd#siconfi-cor_ContragarantiasRecebidasDasEntidadesControladas" xlink:label="ContragarantiasRecebidasDasEntidadesControladas" xlink:title="ContragarantiasRecebidasDasEntidadesControladas"/>
    <link:presentationArc xlink:type="arc" xlink:arcrole="http://www.xbrl.org/2003/arcrole/parent-child" xlink:from="ContragarantiasRecebidasLineItems" xlink:to="ContragarantiasRecebidasDasEntidadesControladas" xlink:title="presentation: ContragarantiasRecebidasLineItems to ContragarantiasRecebidasDasEntidadesControladas" order="3.0"/>
    <link:loc xlink:type="locator" xlink:href="../../../cor/ic/siconfi-cor_2020-12-31.xsd#siconfi-cor_ContragarantiasRecebidasDasEntidadesControladasEmGarantiaAsOperacoesDeCreditoExternas" xlink:label="ContragarantiasRecebidasDasEntidadesControladasEmGarantiaAsOperacoesDeCreditoExternas" xlink:title="ContragarantiasRecebidasDasEntidadesControladasEmGarantiaAsOperacoesDeCreditoExternas"/>
    <link:presentationArc xlink:type="arc" xlink:arcrole="http://www.xbrl.org/2003/arcrole/parent-child" xlink:from="ContragarantiasRecebidasDasEntidadesControladas" xlink:to="ContragarantiasRecebidasDasEntidadesControladasEmGarantiaAsOperacoesDeCreditoExternas" xlink:title="presentation: ContragarantiasRecebidasDasEntidadesControladas to ContragarantiasRecebidasDasEntidadesControladasEmGarantiaAsOperacoesDeCreditoExternas" order="1.0"/>
    <link:loc xlink:type="locator" xlink:href="../../../cor/ic/siconfi-cor_2020-12-31.xsd#siconfi-cor_ContragarantiasRecebidasDasEntidadesControladasEmGarantiaAsOperacoesDeCreditoInternas" xlink:label="ContragarantiasRecebidasDasEntidadesControladasEmGarantiaAsOperacoesDeCreditoInternas" xlink:title="ContragarantiasRecebidasDasEntidadesControladasEmGarantiaAsOperacoesDeCreditoInternas"/>
    <link:presentationArc xlink:type="arc" xlink:arcrole="http://www.xbrl.org/2003/arcrole/parent-child" xlink:from="ContragarantiasRecebidasDasEntidadesControladas" xlink:to="ContragarantiasRecebidasDasEntidadesControladasEmGarantiaAsOperacoesDeCreditoInternas" xlink:title="presentation: ContragarantiasRecebidasDasEntidadesControladas to ContragarantiasRecebidasDasEntidadesControladasEmGarantiaAsOperacoesDeCreditoInternas" order="2.0"/>
    <link:loc xlink:type="locator" xlink:href="../../../cor/ic/siconfi-cor_2020-12-31.xsd#siconfi-cor_ContragarantiasRecebidasEmGarantiasPorMeioDeFundosEProgramas" xlink:label="ContragarantiasRecebidasEmGarantiasPorMeioDeFundosEProgramas" xlink:title="ContragarantiasRecebidasEmGarantiasPorMeioDeFundosEProgramas"/>
    <link:presentationArc xlink:type="arc" xlink:arcrole="http://www.xbrl.org/2003/arcrole/parent-child" xlink:from="ContragarantiasRecebidasLineItems" xlink:to="ContragarantiasRecebidasEmGarantiasPorMeioDeFundosEProgramas" xlink:title="presentation: ContragarantiasRecebidasLineItems to ContragarantiasRecebidasEmGarantiasPorMeioDeFundosEProgramas" order="4.0"/>
    <link:loc xlink:type="locator" xlink:href="../../../cor/ic/siconfi-cor_2020-12-31.xsd#siconfi-cor_TotalContragarantiasRecebidas" xlink:label="TotalContragarantiasRecebidas" xlink:title="TotalContragarantiasRecebidas"/>
    <link:presentationArc xlink:type="arc" xlink:arcrole="http://www.xbrl.org/2003/arcrole/parent-child" xlink:from="ContragarantiasRecebidasLineItems" xlink:to="TotalContragarantiasRecebidas" xlink:title="presentation: ContragarantiasRecebidasLineItems to TotalContragarantiasRecebidas" order="5.0"/>
    <link:loc xlink:type="locator" xlink:href="siconfi-rgf-anexo3_2020-12-31.xsd#siconfi-rgf-anexo3_GarantiasConcedidasContragarantiasRecebidasTable" xlink:label="GarantiasConcedidasContragarantiasRecebidasTable" xlink:title="GarantiasConcedidasContragarantiasRecebidasTable"/>
    <link:presentationArc xlink:type="arc" xlink:arcrole="http://www.xbrl.org/2003/arcrole/parent-child" xlink:from="GarantiasConcedidasContragarantiasRecebidasAbstract" xlink:to="GarantiasConcedidasContragarantiasRecebidasTable" xlink:title="presentation: GarantiasConcedidasContragarantiasRecebidasAbstract to GarantiasConcedidasContragarantiasRecebidasTable" order="3.0" xbrldt:contextElement="segment" xbrldt:closed="true"/>
    <link:loc xlink:type="locator" xlink:href="../../../cor/dim/siconfi-dim_2020-12-31.xsd#siconfi-dim_ComparativoSaldoGarantiaAxis" xlink:label="ComparativoSaldoGarantiaAxis" xlink:title="ComparativoSaldoGarantiaAxis"/>
    <link:presentationArc xlink:type="arc" xlink:arcrole="http://www.xbrl.org/2003/arcrole/parent-child" xlink:from="GarantiasConcedidasContragarantiasRecebidasTable" xlink:to="ComparativoSaldoGarantiaAxis" xlink:title="presentation: GarantiasConcedidasContragarantiasRecebidasTable to ComparativoSaldoGarantiaAxis" order="1.0"/>
    <link:loc xlink:type="locator" xlink:href="../../../cor/dim/siconfi-dim_2020-12-31.xsd#siconfi-dim_SaldoExercicioAnteriorMember" xlink:label="SaldoExercicioAnteriorMember" xlink:title="SaldoExercicioAnteriorMember"/>
    <link:presentationArc xlink:type="arc" xlink:arcrole="http://www.xbrl.org/2003/arcrole/parent-child" xlink:from="ComparativoSaldoGarantiaAxis" xlink:to="SaldoExercicioAnteriorMember" xlink:title="presentation: ComparativoSaldoGarantiaAxis to SaldoExercicioAnteriorMember" order="1.0"/>
    <link:loc xlink:type="locator" xlink:href="../../../cor/dim/siconfi-dim_2020-12-31.xsd#siconfi-dim_SaldoMember" xlink:label="SaldoMember" xlink:title="SaldoMember"/>
    <link:presentationArc xlink:type="arc" xlink:arcrole="http://www.xbrl.org/2003/arcrole/parent-child" xlink:from="ComparativoSaldoGarantiaAxis" xlink:to="SaldoMember" xlink:title="presentation: ComparativoSaldoGarantiaAxis to SaldoMember" order="2.0" xbrldt:usable="false"/>
    <link:loc xlink:type="locator" xlink:href="../../../cor/dim/siconfi-dim_2020-12-31.xsd#siconfi-dim_SaldoExercicioAtePrimeiroQuadrimestreMember" xlink:label="SaldoExercicioAtePrimeiroQuadrimestreMember" xlink:title="SaldoExercicioAtePrimeiroQuadrimestreMember"/>
    <link:presentationArc xlink:type="arc" xlink:arcrole="http://www.xbrl.org/2003/arcrole/parent-child" xlink:from="SaldoMember" xlink:to="SaldoExercicioAtePrimeiroQuadrimestreMember" xlink:title="presentation: SaldoMember to SaldoExercicioAtePrimeiroQuadrimestreMember" order="1.0"/>
    <link:loc xlink:type="locator" xlink:href="../../../cor/dim/siconfi-dim_2020-12-31.xsd#siconfi-dim_SaldoExercicioAteSegundoQuadrimestreMember" xlink:label="SaldoExercicioAteSegundoQuadrimestreMember" xlink:title="SaldoExercicioAteSegundoQuadrimestreMember"/>
    <link:presentationArc xlink:type="arc" xlink:arcrole="http://www.xbrl.org/2003/arcrole/parent-child" xlink:from="SaldoMember" xlink:to="SaldoExercicioAteSegundoQuadrimestreMember" xlink:title="presentation: SaldoMember to SaldoExercicioAteSegundoQuadrimestreMember" order="2.0"/>
    <link:loc xlink:type="locator" xlink:href="../../../cor/dim/siconfi-dim_2020-12-31.xsd#siconfi-dim_SaldoExercicioAteTerceiroQuadrimestreMember" xlink:label="SaldoExercicioAteTerceiroQuadrimestreMember" xlink:title="SaldoExercicioAteTerceiroQuadrimestreMember"/>
    <link:presentationArc xlink:type="arc" xlink:arcrole="http://www.xbrl.org/2003/arcrole/parent-child" xlink:from="SaldoMember" xlink:to="SaldoExercicioAteTerceiroQuadrimestreMember" xlink:title="presentation: SaldoMember to SaldoExercicioAteTerceiroQuadrimestreMember" order="3.0"/>
  </link:presentationLink>
</link:linkbase>
