<?xml version="1.0" encoding="UTF-8"?>
<!-- Generated by Fujitsu Interstage XWand B0196 -->
<link:linkbase xmlns:xsi="http://www.w3.org/2001/XMLSchema-instance" xsi:schemaLocation="http://www.xbrl.org/2003/linkbase http://www.xbrl.org/2003/xbrl-linkbase-2003-12-31.xsd" xmlns:link="http://www.xbrl.org/2003/linkbase" xmlns:xbrli="http://www.xbrl.org/2003/instance" xmlns:xlink="http://www.w3.org/1999/xlink" xmlns:xbrldt="http://xbrl.org/2005/xbrldt">
  <link:roleRef roleURI="http://fazenda.gov.br/siconfi/rep/indicadores/siconfi-indicadores-dca" xlink:type="simple" xlink:href="siconfi-indicadores-dca_2020-12-31.xsd#siconfi-indicadores-dca"/>
  <link:presentationLink xlink:type="extended" xlink:role="http://fazenda.gov.br/siconfi/rep/indicadores/siconfi-indicadores-dca">
    <link:loc xlink:type="locator" xlink:href="siconfi-indicadores-dca_2020-12-31.xsd#siconfi-indicadores-dca_IndicadoresDCAAbstract" xlink:label="IndicadoresDCAAbstract" xlink:title="IndicadoresDCAAbstract"/>
    <link:loc xlink:type="locator" xlink:href="siconfi-indicadores-dca_2020-12-31.xsd#siconfi-indicadores-dca_IndicadoresOrcamentarios" xlink:label="IndicadoresOrcamentarios" xlink:title="IndicadoresOrcamentarios"/>
    <link:presentationArc xlink:type="arc" xlink:arcrole="http://www.xbrl.org/2003/arcrole/parent-child" xlink:from="IndicadoresDCAAbstract" xlink:to="IndicadoresOrcamentarios" xlink:title="presentation: IndicadoresDCAAbstract to IndicadoresOrcamentarios" order="1.0"/>
    <link:loc xlink:type="locator" xlink:href="siconfi-indicadores-dca_2020-12-31.xsd#siconfi-indicadores-dca_IndicadoresOrcamentariosLineItems" xlink:label="IndicadoresLineItems" xlink:title="IndicadoresLineItems"/>
    <link:presentationArc xlink:type="arc" xlink:arcrole="http://www.xbrl.org/2003/arcrole/parent-child" xlink:from="IndicadoresOrcamentarios" xlink:to="IndicadoresLineItems" xlink:title="presentation: IndicadoresOrcamentarios to IndicadoresLineItems" order="1.0"/>
    <link:loc xlink:type="locator" xlink:href="../../../cor/ic/siconfi-cor_2020-12-31.xsd#siconfi-cor_KPIPercentualImpostosNaRC" xlink:label="KPIPercentualImpostosNaRC" xlink:title="KPIPercentualImpostosNaRC"/>
    <link:presentationArc xlink:type="arc" xlink:arcrole="http://www.xbrl.org/2003/arcrole/parent-child" xlink:from="IndicadoresLineItems" xlink:to="KPIPercentualImpostosNaRC" xlink:title="presentation: IndicadoresLineItems to KPIPercentualImpostosNaRC" order="1.0"/>
    <link:loc xlink:type="locator" xlink:href="../../../cor/ic/siconfi-cor_2020-12-31.xsd#siconfi-cor_KPIPercentualTransferenciasUniaoNaRC" xlink:label="KPIPercentualTransferenciasUniaoNaRC" xlink:title="KPIPercentualTransferenciasUniaoNaRC"/>
    <link:presentationArc xlink:type="arc" xlink:arcrole="http://www.xbrl.org/2003/arcrole/parent-child" xlink:from="IndicadoresLineItems" xlink:to="KPIPercentualTransferenciasUniaoNaRC" xlink:title="presentation: IndicadoresLineItems to KPIPercentualTransferenciasUniaoNaRC" order="2.0"/>
    <link:loc xlink:type="locator" xlink:href="../../../cor/ic/siconfi-cor_2020-12-31.xsd#siconfi-cor_KPIPercentualTransferenciasEstadoNaRC" xlink:label="KPIPercentualTransferenciasEstadoNaRC" xlink:title="KPIPercentualTransferenciasEstadoNaRC"/>
    <link:presentationArc xlink:type="arc" xlink:arcrole="http://www.xbrl.org/2003/arcrole/parent-child" xlink:from="IndicadoresLineItems" xlink:to="KPIPercentualTransferenciasEstadoNaRC" xlink:title="presentation: IndicadoresLineItems to KPIPercentualTransferenciasEstadoNaRC" order="3.0"/>
    <link:loc xlink:type="locator" xlink:href="../../../cor/ic/siconfi-cor_2020-12-31.xsd#siconfi-cor_KPIPercentualTransferenciasDeConveniosNaRC" xlink:label="KPIPercentualTransferenciasDeConveniosNaRC" xlink:title="KPIPercentualTransferenciasDeConveniosNaRC"/>
    <link:presentationArc xlink:type="arc" xlink:arcrole="http://www.xbrl.org/2003/arcrole/parent-child" xlink:from="IndicadoresLineItems" xlink:to="KPIPercentualTransferenciasDeConveniosNaRC" xlink:title="presentation: IndicadoresLineItems to KPIPercentualTransferenciasDeConveniosNaRC" order="4.0"/>
    <link:loc xlink:type="locator" xlink:href="../../../cor/ic/siconfi-cor_2020-12-31.xsd#siconfi-cor_KPIPercentualDesembolsoCorrente" xlink:label="KPIPercentualDesembolsoCorrente" xlink:title="KPIPercentualDesembolsoCorrente"/>
    <link:presentationArc xlink:type="arc" xlink:arcrole="http://www.xbrl.org/2003/arcrole/parent-child" xlink:from="IndicadoresLineItems" xlink:to="KPIPercentualDesembolsoCorrente" xlink:title="presentation: IndicadoresLineItems to KPIPercentualDesembolsoCorrente" order="5.0"/>
    <link:loc xlink:type="locator" xlink:href="../../../cor/ic/siconfi-cor_2020-12-31.xsd#siconfi-cor_KPIPercentualDesembolsoRP" xlink:label="KPIPercentualDesembolsoRP" xlink:title="KPIPercentualDesembolsoRP"/>
    <link:presentationArc xlink:type="arc" xlink:arcrole="http://www.xbrl.org/2003/arcrole/parent-child" xlink:from="IndicadoresLineItems" xlink:to="KPIPercentualDesembolsoRP" xlink:title="presentation: IndicadoresLineItems to KPIPercentualDesembolsoRP" order="6.0"/>
    <link:loc xlink:type="locator" xlink:href="../../../cor/ic/siconfi-cor_2020-12-31.xsd#siconfi-cor_KPIPecentualServicoDividaNoDesembolsoTotal" xlink:label="KPIPecentualServicoDividaNoDesembolsoTotal" xlink:title="KPIPecentualServicoDividaNoDesembolsoTotal"/>
    <link:presentationArc xlink:type="arc" xlink:arcrole="http://www.xbrl.org/2003/arcrole/parent-child" xlink:from="IndicadoresLineItems" xlink:to="KPIPecentualServicoDividaNoDesembolsoTotal" xlink:title="presentation: IndicadoresLineItems to KPIPecentualServicoDividaNoDesembolsoTotal" order="7.0"/>
    <link:loc xlink:type="locator" xlink:href="../../../cor/ic/siconfi-cor_2020-12-31.xsd#siconfi-cor_KPIPercentualFuncaoSaudeNoDesembolsoTotal" xlink:label="KPIPercentualFuncaoSaudeNoDesembolsoTotal" xlink:title="KPIPercentualFuncaoSaudeNoDesembolsoTotal"/>
    <link:presentationArc xlink:type="arc" xlink:arcrole="http://www.xbrl.org/2003/arcrole/parent-child" xlink:from="IndicadoresLineItems" xlink:to="KPIPercentualFuncaoSaudeNoDesembolsoTotal" xlink:title="presentation: IndicadoresLineItems to KPIPercentualFuncaoSaudeNoDesembolsoTotal" order="8.0"/>
    <link:loc xlink:type="locator" xlink:href="../../../cor/ic/siconfi-cor_2020-12-31.xsd#siconfi-cor_KPIPercentualFuncaoEducacaoNoDesembolsoTotal" xlink:label="KPIPercentualFuncaoEducacaoNoDesembolsoTotal" xlink:title="KPIPercentualFuncaoEducacaoNoDesembolsoTotal"/>
    <link:presentationArc xlink:type="arc" xlink:arcrole="http://www.xbrl.org/2003/arcrole/parent-child" xlink:from="IndicadoresLineItems" xlink:to="KPIPercentualFuncaoEducacaoNoDesembolsoTotal" xlink:title="presentation: IndicadoresLineItems to KPIPercentualFuncaoEducacaoNoDesembolsoTotal" order="9.0"/>
    <link:loc xlink:type="locator" xlink:href="../../../cor/ic/siconfi-cor_2020-12-31.xsd#siconfi-cor_KPIPercentualFuncaoSegurancaNoDesembolsoTotal" xlink:label="KPIPercentualFuncaoSegurancaNoDesembolsoTotal" xlink:title="KPIPercentualFuncaoSegurancaNoDesembolsoTotal"/>
    <link:presentationArc xlink:type="arc" xlink:arcrole="http://www.xbrl.org/2003/arcrole/parent-child" xlink:from="IndicadoresLineItems" xlink:to="KPIPercentualFuncaoSegurancaNoDesembolsoTotal" xlink:title="presentation: IndicadoresLineItems to KPIPercentualFuncaoSegurancaNoDesembolsoTotal" order="10.0"/>
    <link:loc xlink:type="locator" xlink:href="../../../cor/ic/siconfi-cor_2020-12-31.xsd#siconfi-cor_KPICpgEndividamento" xlink:label="KPICpgEndividamento" xlink:title="KPICpgEndividamento"/>
    <link:presentationArc xlink:type="arc" xlink:arcrole="http://www.xbrl.org/2003/arcrole/parent-child" xlink:from="IndicadoresLineItems" xlink:to="KPICpgEndividamento" xlink:title="presentation: IndicadoresLineItems to KPICpgEndividamento" order="11.0"/>
    <link:loc xlink:type="locator" xlink:href="../../../cor/ic/siconfi-cor_2020-12-31.xsd#siconfi-cor_KPICpgServicoDaDividaNasRCL" xlink:label="KPICpgServicoDaDividaNasRCL" xlink:title="KPICpgServicoDaDividaNasRCL"/>
    <link:presentationArc xlink:type="arc" xlink:arcrole="http://www.xbrl.org/2003/arcrole/parent-child" xlink:from="IndicadoresLineItems" xlink:to="KPICpgServicoDaDividaNasRCL" xlink:title="presentation: IndicadoresLineItems to KPICpgServicoDaDividaNasRCL" order="12.0"/>
    <link:loc xlink:type="locator" xlink:href="../../../cor/ic/siconfi-cor_2020-12-31.xsd#siconfi-cor_KPICpgResultadoPrimarioServindoADivida" xlink:label="KPICpgResultadoPrimarioServindoADivida" xlink:title="KPICpgResultadoPrimarioServindoADivida"/>
    <link:presentationArc xlink:type="arc" xlink:arcrole="http://www.xbrl.org/2003/arcrole/parent-child" xlink:from="IndicadoresLineItems" xlink:to="KPICpgResultadoPrimarioServindoADivida" xlink:title="presentation: IndicadoresLineItems to KPICpgResultadoPrimarioServindoADivida" order="13.0"/>
    <link:loc xlink:type="locator" xlink:href="../../../cor/ic/siconfi-cor_2020-12-31.xsd#siconfi-cor_KPICpgDespesaComPessoalEEncargosSociaisNasRCLAjustadas" xlink:label="KPICpgDespesaComPessoalEEncargosSociaisNasRCLAjustadas" xlink:title="KPICpgDespesaComPessoalEEncargosSociaisNasRCLAjustadas"/>
    <link:presentationArc xlink:type="arc" xlink:arcrole="http://www.xbrl.org/2003/arcrole/parent-child" xlink:from="IndicadoresLineItems" xlink:to="KPICpgDespesaComPessoalEEncargosSociaisNasRCLAjustadas" xlink:title="presentation: IndicadoresLineItems to KPICpgDespesaComPessoalEEncargosSociaisNasRCLAjustadas" order="14.0"/>
    <link:loc xlink:type="locator" xlink:href="../../../cor/ic/siconfi-cor_2020-12-31.xsd#siconfi-cor_KPICpgCapacidadeDeGeracaoDePoupancaPropria" xlink:label="KPICpgCapacidadeDeGeracaoDePoupancaPropria" xlink:title="KPICpgCapacidadeDeGeracaoDePoupancaPropria"/>
    <link:presentationArc xlink:type="arc" xlink:arcrole="http://www.xbrl.org/2003/arcrole/parent-child" xlink:from="IndicadoresLineItems" xlink:to="KPICpgCapacidadeDeGeracaoDePoupancaPropria" xlink:title="presentation: IndicadoresLineItems to KPICpgCapacidadeDeGeracaoDePoupancaPropria" order="15.0"/>
    <link:loc xlink:type="locator" xlink:href="../../../cor/ic/siconfi-cor_2020-12-31.xsd#siconfi-cor_KPICpgParticipacaoDosInvestimentosNaDespesaTotalAjustada" xlink:label="KPICpgParticipacaoDosInvestimentosNaDespesaTotalAjustada" xlink:title="KPICpgParticipacaoDosInvestimentosNaDespesaTotalAjustada"/>
    <link:presentationArc xlink:type="arc" xlink:arcrole="http://www.xbrl.org/2003/arcrole/parent-child" xlink:from="IndicadoresLineItems" xlink:to="KPICpgParticipacaoDosInvestimentosNaDespesaTotalAjustada" xlink:title="presentation: IndicadoresLineItems to KPICpgParticipacaoDosInvestimentosNaDespesaTotalAjustada" order="16.0"/>
    <link:loc xlink:type="locator" xlink:href="../../../cor/ic/siconfi-cor_2020-12-31.xsd#siconfi-cor_KPICpgParticipacaoDasContribuicoesERemuneracaoDoRPPSNasDespesasPrevidenciarias" xlink:label="KPICpgParticipacaoDasContribuicoesERemuneracaoDoRPPSNasDespesasPrevidenciarias" xlink:title="KPICpgParticipacaoDasContribuicoesERemuneracaoDoRPPSNasDespesasPrevidenciarias"/>
    <link:presentationArc xlink:type="arc" xlink:arcrole="http://www.xbrl.org/2003/arcrole/parent-child" xlink:from="IndicadoresLineItems" xlink:to="KPICpgParticipacaoDasContribuicoesERemuneracaoDoRPPSNasDespesasPrevidenciarias" xlink:title="presentation: IndicadoresLineItems to KPICpgParticipacaoDasContribuicoesERemuneracaoDoRPPSNasDespesasPrevidenciarias" order="17.0"/>
    <link:loc xlink:type="locator" xlink:href="../../../cor/ic/siconfi-cor_2020-12-31.xsd#siconfi-cor_KPICpgReceitasTributariasNasDespesasDeCusteioAjustadas" xlink:label="KPICpgReceitasTributariasNasDespesasDeCusteioAjustadas" xlink:title="KPICpgReceitasTributariasNasDespesasDeCusteioAjustadas"/>
    <link:presentationArc xlink:type="arc" xlink:arcrole="http://www.xbrl.org/2003/arcrole/parent-child" xlink:from="IndicadoresLineItems" xlink:to="KPICpgReceitasTributariasNasDespesasDeCusteioAjustadas" xlink:title="presentation: IndicadoresLineItems to KPICpgReceitasTributariasNasDespesasDeCusteioAjustadas" order="18.0"/>
    <link:loc xlink:type="locator" xlink:href="siconfi-indicadores-dca_2020-12-31.xsd#siconfi-indicadores-dca_IndicadoresDaDCATable" xlink:label="IndicadoresDaDCATable" xlink:title="IndicadoresDaDCATable"/>
    <link:presentationArc xlink:type="arc" xlink:arcrole="http://www.xbrl.org/2003/arcrole/parent-child" xlink:from="IndicadoresOrcamentarios" xlink:to="IndicadoresDaDCATable" xlink:title="presentation: IndicadoresOrcamentarios to IndicadoresDaDCATable" order="2.0" xbrldt:contextElement="segment" xbrldt:closed="true"/>
    <link:loc xlink:type="locator" xlink:href="../../../cor/dim/siconfi-dim_2020-12-31.xsd#siconfi-dim_ValorRealizadoPeriodoAxis" xlink:label="ValorRealizadoPeriodoAxis" xlink:title="ValorRealizadoPeriodoAxis"/>
    <link:presentationArc xlink:type="arc" xlink:arcrole="http://www.xbrl.org/2003/arcrole/parent-child" xlink:from="IndicadoresDaDCATable" xlink:to="ValorRealizadoPeriodoAxis" xlink:title="presentation: IndicadoresDaDCATable to ValorRealizadoPeriodoAxis" order="1.0"/>
    <link:loc xlink:type="locator" xlink:href="../../../cor/dim/siconfi-dim_2020-12-31.xsd#siconfi-dim_ApuracaoValorMember" xlink:label="ApuracaoValorMember" xlink:title="ApuracaoValorMember"/>
    <link:presentationArc xlink:type="arc" xlink:arcrole="http://www.xbrl.org/2003/arcrole/parent-child" xlink:from="ValorRealizadoPeriodoAxis" xlink:to="ApuracaoValorMember" xlink:title="presentation: ValorRealizadoPeriodoAxis to ApuracaoValorMember" order="1.0"/>
    <link:loc xlink:type="locator" xlink:href="siconfi-indicadores-dca_2020-12-31.xsd#siconfi-indicadores-dca_IndicadoresPatrimoniais" xlink:label="IndicadoresPatrimoniais" xlink:title="IndicadoresPatrimoniais"/>
    <link:presentationArc xlink:type="arc" xlink:arcrole="http://www.xbrl.org/2003/arcrole/parent-child" xlink:from="IndicadoresDCAAbstract" xlink:to="IndicadoresPatrimoniais" xlink:title="presentation: IndicadoresDCAAbstract to IndicadoresPatrimoniais" order="2.0"/>
    <link:loc xlink:type="locator" xlink:href="siconfi-indicadores-dca_2020-12-31.xsd#siconfi-indicadores-dca_IndicadoresPatrimoniaisLineItems" xlink:label="IndicadoresPatrimoniaisLineItems" xlink:title="IndicadoresPatrimoniaisLineItems"/>
    <link:presentationArc xlink:type="arc" xlink:arcrole="http://www.xbrl.org/2003/arcrole/parent-child" xlink:from="IndicadoresPatrimoniais" xlink:to="IndicadoresPatrimoniaisLineItems" xlink:title="presentation: IndicadoresPatrimoniais to IndicadoresPatrimoniaisLineItems" order="1.0"/>
    <link:loc xlink:type="locator" xlink:href="../../../cor/ic/siconfi-cor_2020-12-31.xsd#siconfi-cor_KPIUsoDoAjusteMetodologico" xlink:label="KPIUsoDoAjusteMetodologico" xlink:title="KPIUsoDoAjusteMetodologico"/>
    <link:presentationArc xlink:type="arc" xlink:arcrole="http://www.xbrl.org/2003/arcrole/parent-child" xlink:from="IndicadoresPatrimoniaisLineItems" xlink:to="KPIUsoDoAjusteMetodologico" xlink:title="presentation: IndicadoresPatrimoniaisLineItems to KPIUsoDoAjusteMetodologico" order="1.0"/>
    <link:loc xlink:type="locator" xlink:href="../../../cor/ic/siconfi-cor_2020-12-31.xsd#siconfi-cor_KPIPercentualCreditosTributariosCurtoPrazo" xlink:label="KPIPercentualCreditosTributariosCurtoPrazo" xlink:title="KPIPercentualCreditosTributariosCurtoPrazo"/>
    <link:presentationArc xlink:type="arc" xlink:arcrole="http://www.xbrl.org/2003/arcrole/parent-child" xlink:from="IndicadoresPatrimoniaisLineItems" xlink:to="KPIPercentualCreditosTributariosCurtoPrazo" xlink:title="presentation: IndicadoresPatrimoniaisLineItems to KPIPercentualCreditosTributariosCurtoPrazo" order="2.0"/>
    <link:loc xlink:type="locator" xlink:href="../../../cor/ic/siconfi-cor_2020-12-31.xsd#siconfi-cor_KPIPercentualDividaAtivaTributariaCurtoPrazo" xlink:label="KPIPercentualDividaAtivaTributariaCurtoPrazo" xlink:title="KPIPercentualDividaAtivaTributariaCurtoPrazo"/>
    <link:presentationArc xlink:type="arc" xlink:arcrole="http://www.xbrl.org/2003/arcrole/parent-child" xlink:from="IndicadoresPatrimoniaisLineItems" xlink:to="KPIPercentualDividaAtivaTributariaCurtoPrazo" xlink:title="presentation: IndicadoresPatrimoniaisLineItems to KPIPercentualDividaAtivaTributariaCurtoPrazo" order="3.0"/>
    <link:loc xlink:type="locator" xlink:href="../../../cor/ic/siconfi-cor_2020-12-31.xsd#siconfi-cor_KPIPercentualCreditosTributariosLongoPrazo" xlink:label="KPIPercentualCreditosTributariosLongoPrazo" xlink:title="KPIPercentualCreditosTributariosLongoPrazo"/>
    <link:presentationArc xlink:type="arc" xlink:arcrole="http://www.xbrl.org/2003/arcrole/parent-child" xlink:from="IndicadoresPatrimoniaisLineItems" xlink:to="KPIPercentualCreditosTributariosLongoPrazo" xlink:title="presentation: IndicadoresPatrimoniaisLineItems to KPIPercentualCreditosTributariosLongoPrazo" order="4.0"/>
    <link:loc xlink:type="locator" xlink:href="../../../cor/ic/siconfi-cor_2020-12-31.xsd#siconfi-cor_KPIPercentualDividaAtivaTributariaLongoPrazo" xlink:label="KPIPercentualDividaAtivaTributariaLongoPrazo" xlink:title="KPIPercentualDividaAtivaTributariaLongoPrazo"/>
    <link:presentationArc xlink:type="arc" xlink:arcrole="http://www.xbrl.org/2003/arcrole/parent-child" xlink:from="IndicadoresPatrimoniaisLineItems" xlink:to="KPIPercentualDividaAtivaTributariaLongoPrazo" xlink:title="presentation: IndicadoresPatrimoniaisLineItems to KPIPercentualDividaAtivaTributariaLongoPrazo" order="5.0"/>
    <link:loc xlink:type="locator" xlink:href="../../../cor/ic/siconfi-cor_2020-12-31.xsd#siconfi-cor_KPIUsoDeAjusteParaPerdasCurtoPrazo" xlink:label="KPIUsoDeAjusteParaPerdasCurtoPrazo" xlink:title="KPIUsoDeAjusteParaPerdasCurtoPrazo"/>
    <link:presentationArc xlink:type="arc" xlink:arcrole="http://www.xbrl.org/2003/arcrole/parent-child" xlink:from="IndicadoresPatrimoniaisLineItems" xlink:to="KPIUsoDeAjusteParaPerdasCurtoPrazo" xlink:title="presentation: IndicadoresPatrimoniaisLineItems to KPIUsoDeAjusteParaPerdasCurtoPrazo" order="6.0"/>
    <link:loc xlink:type="locator" xlink:href="../../../cor/ic/siconfi-cor_2020-12-31.xsd#siconfi-cor_KPIUsoDeAjusteParaPerdasLongoPrazo" xlink:label="KPIUsoDeAjusteParaPerdasLongoPrazo" xlink:title="KPIUsoDeAjusteParaPerdasLongoPrazo"/>
    <link:presentationArc xlink:type="arc" xlink:arcrole="http://www.xbrl.org/2003/arcrole/parent-child" xlink:from="IndicadoresPatrimoniaisLineItems" xlink:to="KPIUsoDeAjusteParaPerdasLongoPrazo" xlink:title="presentation: IndicadoresPatrimoniaisLineItems to KPIUsoDeAjusteParaPerdasLongoPrazo" order="7.0"/>
    <link:loc xlink:type="locator" xlink:href="../../../cor/ic/siconfi-cor_2020-12-31.xsd#siconfi-cor_KPIPercentualProvisoesCurtoPrazo" xlink:label="KPIPercentualProvisoesCurtoPrazo" xlink:title="KPIPercentualProvisoesCurtoPrazo"/>
    <link:presentationArc xlink:type="arc" xlink:arcrole="http://www.xbrl.org/2003/arcrole/parent-child" xlink:from="IndicadoresPatrimoniaisLineItems" xlink:to="KPIPercentualProvisoesCurtoPrazo" xlink:title="presentation: IndicadoresPatrimoniaisLineItems to KPIPercentualProvisoesCurtoPrazo" order="8.0"/>
    <link:loc xlink:type="locator" xlink:href="../../../cor/ic/siconfi-cor_2020-12-31.xsd#siconfi-cor_KPIPercentualProvisoesLongoPrazo" xlink:label="KPIPercentualProvisoesLongoPrazo" xlink:title="KPIPercentualProvisoesLongoPrazo"/>
    <link:presentationArc xlink:type="arc" xlink:arcrole="http://www.xbrl.org/2003/arcrole/parent-child" xlink:from="IndicadoresPatrimoniaisLineItems" xlink:to="KPIPercentualProvisoesLongoPrazo" xlink:title="presentation: IndicadoresPatrimoniaisLineItems to KPIPercentualProvisoesLongoPrazo" order="9.0"/>
    <link:loc xlink:type="locator" xlink:href="../../../cor/ic/siconfi-cor_2020-12-31.xsd#siconfi-cor_KPIUsoDepreciacaoExaustaoAmortizacaoAcumuladas" xlink:label="KPIUsoDepreciacaoExaustaoAmortizacaoAcumuladas" xlink:title="KPIUsoDepreciacaoExaustaoAmortizacaoAcumuladas"/>
    <link:presentationArc xlink:type="arc" xlink:arcrole="http://www.xbrl.org/2003/arcrole/parent-child" xlink:from="IndicadoresPatrimoniaisLineItems" xlink:to="KPIUsoDepreciacaoExaustaoAmortizacaoAcumuladas" xlink:title="presentation: IndicadoresPatrimoniaisLineItems to KPIUsoDepreciacaoExaustaoAmortizacaoAcumuladas" order="10.0"/>
    <link:loc xlink:type="locator" xlink:href="../../../cor/ic/siconfi-cor_2020-12-31.xsd#siconfi-cor_KPIPercentualReavaliacaoImobilizado" xlink:label="KPIPercentualReavaliacaoImobilizado" xlink:title="KPIPercentualReavaliacaoImobilizado"/>
    <link:presentationArc xlink:type="arc" xlink:arcrole="http://www.xbrl.org/2003/arcrole/parent-child" xlink:from="IndicadoresPatrimoniaisLineItems" xlink:to="KPIPercentualReavaliacaoImobilizado" xlink:title="presentation: IndicadoresPatrimoniaisLineItems to KPIPercentualReavaliacaoImobilizado" order="11.0"/>
    <link:loc xlink:type="locator" xlink:href="../../../cor/ic/siconfi-cor_2020-12-31.xsd#siconfi-cor_KPIPercentualReducaoValorRecuperavelImobilizado" xlink:label="KPIPercentualReducaoValorRecuperavelImobilizado" xlink:title="KPIPercentualReducaoValorRecuperavelImobilizado"/>
    <link:presentationArc xlink:type="arc" xlink:arcrole="http://www.xbrl.org/2003/arcrole/parent-child" xlink:from="IndicadoresPatrimoniaisLineItems" xlink:to="KPIPercentualReducaoValorRecuperavelImobilizado" xlink:title="presentation: IndicadoresPatrimoniaisLineItems to KPIPercentualReducaoValorRecuperavelImobilizado" order="12.0"/>
    <link:loc xlink:type="locator" xlink:href="../../../cor/ic/siconfi-cor_2020-12-31.xsd#siconfi-cor_KPIPercentualAjustesParaPerdasVPD" xlink:label="KPIPercentualAjustesParaPerdasVPD" xlink:title="KPIPercentualAjustesParaPerdasVPD"/>
    <link:presentationArc xlink:type="arc" xlink:arcrole="http://www.xbrl.org/2003/arcrole/parent-child" xlink:from="IndicadoresPatrimoniaisLineItems" xlink:to="KPIPercentualAjustesParaPerdasVPD" xlink:title="presentation: IndicadoresPatrimoniaisLineItems to KPIPercentualAjustesParaPerdasVPD" order="13.0"/>
    <link:loc xlink:type="locator" xlink:href="../../../cor/ic/siconfi-cor_2020-12-31.xsd#siconfi-cor_KPIUsoDeReavaliacaoImobilizadoVPA" xlink:label="KPIUsoDeReavaliacaoImobilizadoVPA" xlink:title="KPIUsoDeReavaliacaoImobilizadoVPA"/>
    <link:presentationArc xlink:type="arc" xlink:arcrole="http://www.xbrl.org/2003/arcrole/parent-child" xlink:from="IndicadoresPatrimoniaisLineItems" xlink:to="KPIUsoDeReavaliacaoImobilizadoVPA" xlink:title="presentation: IndicadoresPatrimoniaisLineItems to KPIUsoDeReavaliacaoImobilizadoVPA" order="14.0"/>
  </link:presentationLink>
</link:linkbase>
