<?xml version="1.0" encoding="UTF-8"?>
<!-- Generated by Fujitsu Interstage XWand B0196 -->
<link:linkbase xmlns:xsi="http://www.w3.org/2001/XMLSchema-instance" xsi:schemaLocation="http://www.xbrl.org/2003/linkbase http://www.xbrl.org/2003/xbrl-linkbase-2003-12-31.xsd" xmlns:siconfi-rgf-anexo1="http://fazenda.gov.br/siconfi/rep/rgf/anexo1/siconfi-rgf-anexo1_2020-12-31" xmlns:link="http://www.xbrl.org/2003/linkbase" xmlns:xbrli="http://www.xbrl.org/2003/instance" xmlns:xlink="http://www.w3.org/1999/xlink" xmlns:xbrldt="http://xbrl.org/2005/xbrldt">
  <link:roleRef roleURI="http://fazenda.gov.br/siconfi/rep/rgf/anexo1/siconfi-rgf-anexo1-tabela1.0" xlink:type="simple" xlink:href="siconfi-rgf-anexo1_2020-12-31.xsd#siconfi-rgf-anexo1-tabela1.0"/>
  <link:roleRef roleURI="http://fazenda.gov.br/siconfi/rep/rgf/anexo1/siconfi-rgf-anexo1-tabela1.2" xlink:type="simple" xlink:href="siconfi-rgf-anexo1_2020-12-31.xsd#siconfi-rgf-anexo1-tabela1.2"/>
  <link:roleRef roleURI="http://fazenda.gov.br/siconfi/rep/rgf/anexo1/siconfi-rgf-anexo1-tabela1.0A" xlink:type="simple" xlink:href="siconfi-rgf-anexo1_2020-12-31.xsd#siconfi-rgf-anexo1-tabela1.0A"/>
  <link:roleRef roleURI="http://fazenda.gov.br/siconfi/rep/rgf/anexo1/siconfi-rgf-anexo1-tabela1.0B" xlink:type="simple" xlink:href="siconfi-rgf-anexo1_2020-12-31.xsd#siconfi-rgf-anexo1-tabela1.0B"/>
  <link:roleRef roleURI="http://fazenda.gov.br/siconfi/rep/rgf/anexo1/siconfi-rgf-anexo1-tabela1.4" xlink:type="simple" xlink:href="siconfi-rgf-anexo1_2020-12-31.xsd#siconfi-rgf-anexo1-tabela1.4"/>
  <link:arcroleRef arcroleURI="http://xbrl.org/int/dim/arcrole/all" xlink:type="simple" xlink:href="http://www.xbrl.org/2005/xbrldt-2005.xsd#all"/>
  <link:arcroleRef arcroleURI="http://xbrl.org/int/dim/arcrole/domain-member" xlink:type="simple" xlink:href="http://www.xbrl.org/2005/xbrldt-2005.xsd#domain-member"/>
  <link:arcroleRef arcroleURI="http://xbrl.org/int/dim/arcrole/hypercube-dimension" xlink:type="simple" xlink:href="http://www.xbrl.org/2005/xbrldt-2005.xsd#hypercube-dimension"/>
  <link:arcroleRef arcroleURI="http://xbrl.org/int/dim/arcrole/dimension-domain" xlink:type="simple" xlink:href="http://www.xbrl.org/2005/xbrldt-2005.xsd#dimension-domain"/>
  <link:arcroleRef arcroleURI="http://xbrl.org/int/dim/arcrole/notAll" xlink:type="simple" xlink:href="http://www.xbrl.org/2005/xbrldt-2005.xsd#notAll"/>
  <link:definitionLink xlink:type="extended" xlink:role="http://fazenda.gov.br/siconfi/rep/rgf/anexo1/siconfi-rgf-anexo1-tabela1.2">
    <link:loc xlink:type="locator" xlink:href="siconfi-rgf-anexo1_2020-12-31.xsd#siconfi-rgf-anexo1_TrajetoriaDeRetornoAoLimiteDaDespesaTotalComPessoalAbstract" xlink:label="TrajetoriaDeRetornoAoLimiteDaDespesaTotalComPessoalAbstract" xlink:title="TrajetoriaDeRetornoAoLimiteDaDespesaTotalComPessoalAbstract"/>
    <link:loc xlink:type="locator" xlink:href="siconfi-rgf-anexo1_2020-12-31.xsd#siconfi-rgf-anexo1_TrajetoriaDeRetornoAoLimiteDaDespesaTotalComPessoalLineItems" xlink:label="TrajetoriaDeRetornoAoLimiteDaDespesaTotalComPessoalLineItems" xlink:title="TrajetoriaDeRetornoAoLimiteDaDespesaTotalComPessoalLineItems"/>
    <link:definitionArc xlink:type="arc" xlink:arcrole="http://xbrl.org/int/dim/arcrole/domain-member" xlink:from="TrajetoriaDeRetornoAoLimiteDaDespesaTotalComPessoalAbstract" xlink:to="TrajetoriaDeRetornoAoLimiteDaDespesaTotalComPessoalLineItems" xlink:title="definition: TrajetoriaDeRetornoAoLimiteDaDespesaTotalComPessoalAbstract to TrajetoriaDeRetornoAoLimiteDaDespesaTotalComPessoalLineItems" order="1.0"/>
    <link:loc xlink:type="locator" xlink:href="../../../cor/ic/siconfi-cor_2020-12-31.xsd#siconfi-cor_PercentualTrajetoriaRetornoAoLimiteDaDespesaTotalComPessoal" xlink:label="PercentualTrajetoriaRetornoAoLimiteDaDespesaTotalComPessoal" xlink:title="PercentualTrajetoriaRetornoAoLimiteDaDespesaTotalComPessoal"/>
    <link:definitionArc xlink:type="arc" xlink:arcrole="http://xbrl.org/int/dim/arcrole/domain-member" xlink:from="TrajetoriaDeRetornoAoLimiteDaDespesaTotalComPessoalLineItems" xlink:to="PercentualTrajetoriaRetornoAoLimiteDaDespesaTotalComPessoal" xlink:title="definition: TrajetoriaDeRetornoAoLimiteDaDespesaTotalComPessoalLineItems to PercentualTrajetoriaRetornoAoLimiteDaDespesaTotalComPessoal" order="1.0"/>
    <link:loc xlink:type="locator" xlink:href="siconfi-rgf-anexo1_2020-12-31.xsd#siconfi-rgf-anexo1_TrajetoriaDeRetornoAoLimiteDaDespesaTotalComPessoalTable" xlink:label="TrajetoriaDeRetornoAoLimiteDaDespesaTotalComPessoalTable" xlink:title="TrajetoriaDeRetornoAoLimiteDaDespesaTotalComPessoalTable"/>
    <link:definitionArc xlink:type="arc" xlink:arcrole="http://xbrl.org/int/dim/arcrole/all" xlink:from="TrajetoriaDeRetornoAoLimiteDaDespesaTotalComPessoalAbstract" xlink:to="TrajetoriaDeRetornoAoLimiteDaDespesaTotalComPessoalTable" xlink:title="definition: TrajetoriaDeRetornoAoLimiteDaDespesaTotalComPessoalAbstract to TrajetoriaDeRetornoAoLimiteDaDespesaTotalComPessoalTable" order="2.0" xbrldt:contextElement="segment" xbrldt:closed="true"/>
    <link:loc xlink:type="locator" xlink:href="../../../cor/dim/siconfi-dim_2020-12-31.xsd#siconfi-dim_ApuracaoDaTrajetoriaDeRetornoAoLimiteDaDTPAxis" xlink:label="ApuracaoDaTrajetoriaDeRetornoAoLimiteDaDTPAxis" xlink:title="ApuracaoDaTrajetoriaDeRetornoAoLimiteDaDTPAxis"/>
    <link:definitionArc xlink:type="arc" xlink:arcrole="http://xbrl.org/int/dim/arcrole/hypercube-dimension" xlink:from="TrajetoriaDeRetornoAoLimiteDaDespesaTotalComPessoalTable" xlink:to="ApuracaoDaTrajetoriaDeRetornoAoLimiteDaDTPAxis" xlink:title="definition: TrajetoriaDeRetornoAoLimiteDaDespesaTotalComPessoalTable to ApuracaoDaTrajetoriaDeRetornoAoLimiteDaDTPAxis" order="1.0"/>
    <link:loc xlink:type="locator" xlink:href="../../../cor/dim/siconfi-dim_2020-12-31.xsd#siconfi-dim_ExercicioDeDescumprimentoDoLimiteMember" xlink:label="ExercicioDeDescumprimentoDoLimiteMember" xlink:title="ExercicioDeDescumprimentoDoLimiteMember"/>
    <link:definitionArc xlink:type="arc" xlink:arcrole="http://xbrl.org/int/dim/arcrole/dimension-domain" xlink:from="ApuracaoDaTrajetoriaDeRetornoAoLimiteDaDTPAxis" xlink:to="ExercicioDeDescumprimentoDoLimiteMember" xlink:title="definition: ApuracaoDaTrajetoriaDeRetornoAoLimiteDaDTPAxis to ExercicioDeDescumprimentoDoLimiteMember" order="1.0" xbrldt:usable="false"/>
    <link:loc xlink:type="locator" xlink:href="../../../cor/dim/siconfi-dim_2020-12-31.xsd#siconfi-dim_NoQuadrimestreSemestreDeReferenciaMember" xlink:label="NoQuadrimestreSemestreDeReferenciaMember" xlink:title="NoQuadrimestreSemestreDeReferenciaMember"/>
    <link:definitionArc xlink:type="arc" xlink:arcrole="http://xbrl.org/int/dim/arcrole/domain-member" xlink:from="ExercicioDeDescumprimentoDoLimiteMember" xlink:to="NoQuadrimestreSemestreDeReferenciaMember" xlink:title="definition: ExercicioDeDescumprimentoDoLimiteMember to NoQuadrimestreSemestreDeReferenciaMember" order="1.0" xbrldt:usable="false"/>
    <link:loc xlink:type="locator" xlink:href="../../../cor/dim/siconfi-dim_2020-12-31.xsd#siconfi-dim_PercentualLimiteMaximoMember" xlink:label="PercentualLimiteMaximoMember" xlink:title="PercentualLimiteMaximoMember"/>
    <link:definitionArc xlink:type="arc" xlink:arcrole="http://xbrl.org/int/dim/arcrole/domain-member" xlink:from="NoQuadrimestreSemestreDeReferenciaMember" xlink:to="PercentualLimiteMaximoMember" xlink:title="definition: NoQuadrimestreSemestreDeReferenciaMember to PercentualLimiteMaximoMember" order="1.0"/>
    <link:loc xlink:type="locator" xlink:href="../../../cor/dim/siconfi-dim_2020-12-31.xsd#siconfi-dim_PercentualApuradoMember" xlink:label="PercentualApuradoMember" xlink:title="PercentualApuradoMember"/>
    <link:definitionArc xlink:type="arc" xlink:arcrole="http://xbrl.org/int/dim/arcrole/domain-member" xlink:from="NoQuadrimestreSemestreDeReferenciaMember" xlink:to="PercentualApuradoMember" xlink:title="definition: NoQuadrimestreSemestreDeReferenciaMember to PercentualApuradoMember" order="2.0"/>
    <link:loc xlink:type="locator" xlink:href="../../../cor/dim/siconfi-dim_2020-12-31.xsd#siconfi-dim_PercentualExcedenteMember" xlink:label="PercentualExcedenteMember" xlink:title="PercentualExcedenteMember"/>
    <link:definitionArc xlink:type="arc" xlink:arcrole="http://xbrl.org/int/dim/arcrole/domain-member" xlink:from="NoQuadrimestreSemestreDeReferenciaMember" xlink:to="PercentualExcedenteMember" xlink:title="definition: NoQuadrimestreSemestreDeReferenciaMember to PercentualExcedenteMember" order="3.0"/>
    <link:loc xlink:type="locator" xlink:href="../../../cor/dim/siconfi-dim_2020-12-31.xsd#siconfi-dim_PrimeiroExercicioDoPeriodoSeguinteMember" xlink:label="PrimeiroExercicioDoPeriodoSeguinteMember" xlink:title="PrimeiroExercicioDoPeriodoSeguinteMember"/>
    <link:definitionArc xlink:type="arc" xlink:arcrole="http://xbrl.org/int/dim/arcrole/dimension-domain" xlink:from="ApuracaoDaTrajetoriaDeRetornoAoLimiteDaDTPAxis" xlink:to="PrimeiroExercicioDoPeriodoSeguinteMember" xlink:title="definition: ApuracaoDaTrajetoriaDeRetornoAoLimiteDaDTPAxis to PrimeiroExercicioDoPeriodoSeguinteMember" order="2.0" xbrldt:usable="false"/>
    <link:loc xlink:type="locator" xlink:href="../../../cor/dim/siconfi-dim_2020-12-31.xsd#siconfi-dim_PrimeiroPeriodoSeguinteMember" xlink:label="PrimeiroPeriodoSeguinteMember" xlink:title="PrimeiroPeriodoSeguinteMember"/>
    <link:definitionArc xlink:type="arc" xlink:arcrole="http://xbrl.org/int/dim/arcrole/domain-member" xlink:from="PrimeiroExercicioDoPeriodoSeguinteMember" xlink:to="PrimeiroPeriodoSeguinteMember" xlink:title="definition: PrimeiroExercicioDoPeriodoSeguinteMember to PrimeiroPeriodoSeguinteMember" order="1.0" xbrldt:usable="false"/>
    <link:loc xlink:type="locator" xlink:href="../../../cor/dim/siconfi-dim_2020-12-31.xsd#siconfi-dim_PercentualRedutorMinimoMember" xlink:label="PercentualRedutorMinimoMember" xlink:title="PercentualRedutorMinimoMember"/>
    <link:definitionArc xlink:type="arc" xlink:arcrole="http://xbrl.org/int/dim/arcrole/domain-member" xlink:from="PrimeiroPeriodoSeguinteMember" xlink:to="PercentualRedutorMinimoMember" xlink:title="definition: PrimeiroPeriodoSeguinteMember to PercentualRedutorMinimoMember" order="1.0"/>
    <link:loc xlink:type="locator" xlink:href="../../../cor/dim/siconfi-dim_2020-12-31.xsd#siconfi-dim_PercentualResidualPrimeiroPeriodoMember" xlink:label="PercentualResidualPrimeiroPeriodoMember" xlink:title="PercentualResidualPrimeiroPeriodoMember"/>
    <link:definitionArc xlink:type="arc" xlink:arcrole="http://xbrl.org/int/dim/arcrole/domain-member" xlink:from="PrimeiroPeriodoSeguinteMember" xlink:to="PercentualResidualPrimeiroPeriodoMember" xlink:title="definition: PrimeiroPeriodoSeguinteMember to PercentualResidualPrimeiroPeriodoMember" order="2.0"/>
    <link:loc xlink:type="locator" xlink:href="../../../cor/dim/siconfi-dim_2020-12-31.xsd#siconfi-dim_PercentualApuradoPrimeiroPeriodoMember" xlink:label="PercentualApuradoPrimeiroPeriodoMember" xlink:title="PercentualApuradoPrimeiroPeriodoMember"/>
    <link:definitionArc xlink:type="arc" xlink:arcrole="http://xbrl.org/int/dim/arcrole/domain-member" xlink:from="PrimeiroPeriodoSeguinteMember" xlink:to="PercentualApuradoPrimeiroPeriodoMember" xlink:title="definition: PrimeiroPeriodoSeguinteMember to PercentualApuradoPrimeiroPeriodoMember" order="3.0"/>
    <link:loc xlink:type="locator" xlink:href="../../../cor/dim/siconfi-dim_2020-12-31.xsd#siconfi-dim_SegundoExercicioDoPeriodoSeguinteMember" xlink:label="SegundoExercicioDoPeriodoSeguinteMember" xlink:title="SegundoExercicioDoPeriodoSeguinteMember"/>
    <link:definitionArc xlink:type="arc" xlink:arcrole="http://xbrl.org/int/dim/arcrole/dimension-domain" xlink:from="ApuracaoDaTrajetoriaDeRetornoAoLimiteDaDTPAxis" xlink:to="SegundoExercicioDoPeriodoSeguinteMember" xlink:title="definition: ApuracaoDaTrajetoriaDeRetornoAoLimiteDaDTPAxis to SegundoExercicioDoPeriodoSeguinteMember" order="3.0" xbrldt:usable="false"/>
    <link:loc xlink:type="locator" xlink:href="../../../cor/dim/siconfi-dim_2020-12-31.xsd#siconfi-dim_SegundoPeriodoSeguinteMember" xlink:label="SegundoPeriodoSeguinteMember" xlink:title="SegundoPeriodoSeguinteMember"/>
    <link:definitionArc xlink:type="arc" xlink:arcrole="http://xbrl.org/int/dim/arcrole/domain-member" xlink:from="SegundoExercicioDoPeriodoSeguinteMember" xlink:to="SegundoPeriodoSeguinteMember" xlink:title="definition: SegundoExercicioDoPeriodoSeguinteMember to SegundoPeriodoSeguinteMember" order="1.0" xbrldt:usable="false"/>
    <link:loc xlink:type="locator" xlink:href="../../../cor/dim/siconfi-dim_2020-12-31.xsd#siconfi-dim_PercentualRedutorResidualSegundoPeriodoMember" xlink:label="PercentualRedutorResidualSegundoPeriodoMember" xlink:title="PercentualRedutorResidualSegundoPeriodoMember"/>
    <link:definitionArc xlink:type="arc" xlink:arcrole="http://xbrl.org/int/dim/arcrole/domain-member" xlink:from="SegundoPeriodoSeguinteMember" xlink:to="PercentualRedutorResidualSegundoPeriodoMember" xlink:title="definition: SegundoPeriodoSeguinteMember to PercentualRedutorResidualSegundoPeriodoMember" order="1.0"/>
    <link:loc xlink:type="locator" xlink:href="../../../cor/dim/siconfi-dim_2020-12-31.xsd#siconfi-dim_PercentualResidualSegundoPeriodoMember" xlink:label="PercentualResidualSegundoPeriodoMember" xlink:title="PercentualResidualSegundoPeriodoMember"/>
    <link:definitionArc xlink:type="arc" xlink:arcrole="http://xbrl.org/int/dim/arcrole/domain-member" xlink:from="SegundoPeriodoSeguinteMember" xlink:to="PercentualResidualSegundoPeriodoMember" xlink:title="definition: SegundoPeriodoSeguinteMember to PercentualResidualSegundoPeriodoMember" order="2.0"/>
    <link:loc xlink:type="locator" xlink:href="../../../cor/dim/siconfi-dim_2020-12-31.xsd#siconfi-dim_PercentualApuradoSegundoPeriodoMember" xlink:label="PercentualApuradoSegundoPeriodoMember" xlink:title="PercentualApuradoSegundoPeriodoMember"/>
    <link:definitionArc xlink:type="arc" xlink:arcrole="http://xbrl.org/int/dim/arcrole/domain-member" xlink:from="SegundoPeriodoSeguinteMember" xlink:to="PercentualApuradoSegundoPeriodoMember" xlink:title="definition: SegundoPeriodoSeguinteMember to PercentualApuradoSegundoPeriodoMember" order="3.0"/>
  </link:definitionLink>
  <link:definitionLink xlink:type="extended" xlink:role="http://fazenda.gov.br/siconfi/rep/rgf/anexo1/siconfi-rgf-anexo1-tabela1.0A">
    <link:loc xlink:type="locator" xlink:href="siconfi-rgf-anexo1_2020-12-31.xsd#siconfi-rgf-anexo1_DespesaComPessoalAbstract" xlink:label="DespesaComPessoalAbstract" xlink:title="DespesaComPessoalAbstract"/>
    <link:loc xlink:type="locator" xlink:href="siconfi-rgf-anexo1_2020-12-31.xsd#siconfi-rgf-anexo1_DespesaComPessoalLineItems" xlink:label="DespesaComPessoalLineItems" xlink:title="DespesaComPessoalLineItems"/>
    <link:definitionArc xlink:type="arc" xlink:arcrole="http://xbrl.org/int/dim/arcrole/domain-member" xlink:from="DespesaComPessoalAbstract" xlink:to="DespesaComPessoalLineItems" xlink:title="definition: DespesaComPessoalAbstract to DespesaComPessoalLineItems" order="1.0"/>
    <link:loc xlink:type="locator" xlink:href="../../../cor/ic/siconfi-cor_2020-12-31.xsd#siconfi-cor_DespesaComPessoalBruta" xlink:label="DespesaComPessoalBruta" xlink:title="DespesaComPessoalBruta"/>
    <link:definitionArc xlink:type="arc" xlink:arcrole="http://xbrl.org/int/dim/arcrole/domain-member" xlink:from="DespesaComPessoalLineItems" xlink:to="DespesaComPessoalBruta" xlink:title="definition: DespesaComPessoalLineItems to DespesaComPessoalBruta" order="1.0"/>
    <link:loc xlink:type="locator" xlink:href="../../../cor/ic/siconfi-cor_2020-12-31.xsd#siconfi-cor_DespesaComPessoalAtivoBruta" xlink:label="DespesaComPessoalAtivoBruta" xlink:title="DespesaComPessoalAtivoBruta"/>
    <link:definitionArc xlink:type="arc" xlink:arcrole="http://xbrl.org/int/dim/arcrole/domain-member" xlink:from="DespesaComPessoalBruta" xlink:to="DespesaComPessoalAtivoBruta" xlink:title="definition: DespesaComPessoalBruta to DespesaComPessoalAtivoBruta" order="1.0"/>
    <link:loc xlink:type="locator" xlink:href="../../../cor/ic/siconfi-cor_2020-12-31.xsd#siconfi-cor_ObrigacoesPatronais" xlink:label="ObrigacoesPatronais" xlink:title="ObrigacoesPatronais"/>
    <link:definitionArc xlink:type="arc" xlink:arcrole="http://xbrl.org/int/dim/arcrole/domain-member" xlink:from="DespesaComPessoalAtivoBruta" xlink:to="ObrigacoesPatronais" xlink:title="definition: DespesaComPessoalAtivoBruta to ObrigacoesPatronais" order="2.0"/>
    <link:loc xlink:type="locator" xlink:href="../../../cor/ic/siconfi-cor_2020-12-31.xsd#siconfi-cor_BeneficiosPrevidenciarios" xlink:label="BeneficiosPrevidenciarios" xlink:title="BeneficiosPrevidenciarios"/>
    <link:definitionArc xlink:type="arc" xlink:arcrole="http://xbrl.org/int/dim/arcrole/domain-member" xlink:from="DespesaComPessoalAtivoBruta" xlink:to="BeneficiosPrevidenciarios" xlink:title="definition: DespesaComPessoalAtivoBruta to BeneficiosPrevidenciarios" order="3.0"/>
    <link:loc xlink:type="locator" xlink:href="../../../cor/ic/siconfi-cor_2020-12-31.xsd#siconfi-cor_VencimentosVantagensEOutrasDespesasVariaveis" xlink:label="VencimentosVantagensEOutrasDespesasVariaveis" xlink:title="VencimentosVantagensEOutrasDespesasVariaveis"/>
    <link:definitionArc xlink:type="arc" xlink:arcrole="http://xbrl.org/int/dim/arcrole/domain-member" xlink:from="DespesaComPessoalAtivoBruta" xlink:to="VencimentosVantagensEOutrasDespesasVariaveis" xlink:title="definition: DespesaComPessoalAtivoBruta to VencimentosVantagensEOutrasDespesasVariaveis" order="1.0"/>
    <link:loc xlink:type="locator" xlink:href="../../../cor/ic/siconfi-cor_2020-12-31.xsd#siconfi-cor_DespesaComPessoalDecorrenteDeTerceirizacaoPorSubstituicaoBruta" xlink:label="DespesaComPessoalDecorrenteDeTerceirizacaoPorSubstituicaoBruta" xlink:title="DespesaComPessoalDecorrenteDeTerceirizacaoPorSubstituicaoBruta"/>
    <link:definitionArc xlink:type="arc" xlink:arcrole="http://xbrl.org/int/dim/arcrole/domain-member" xlink:from="DespesaComPessoalBruta" xlink:to="DespesaComPessoalDecorrenteDeTerceirizacaoPorSubstituicaoBruta" xlink:title="definition: DespesaComPessoalBruta to DespesaComPessoalDecorrenteDeTerceirizacaoPorSubstituicaoBruta" order="3.0"/>
    <link:loc xlink:type="locator" xlink:href="../../../cor/ic/siconfi-cor_2020-12-31.xsd#siconfi-cor_DespesaComPessoalInativoEPensionistasBruta" xlink:label="DespesaComPessoalInativoEPensionistasBruta" xlink:title="DespesaComPessoalInativoEPensionistasBruta"/>
    <link:definitionArc xlink:type="arc" xlink:arcrole="http://xbrl.org/int/dim/arcrole/domain-member" xlink:from="DespesaComPessoalBruta" xlink:to="DespesaComPessoalInativoEPensionistasBruta" xlink:title="definition: DespesaComPessoalBruta to DespesaComPessoalInativoEPensionistasBruta" order="2.0"/>
    <link:loc xlink:type="locator" xlink:href="../../../cor/ic/siconfi-cor_2020-12-31.xsd#siconfi-cor_AposentadoriasReservaEReformas" xlink:label="AposentadoriasReservaEReformas" xlink:title="AposentadoriasReservaEReformas"/>
    <link:definitionArc xlink:type="arc" xlink:arcrole="http://xbrl.org/int/dim/arcrole/domain-member" xlink:from="DespesaComPessoalInativoEPensionistasBruta" xlink:to="AposentadoriasReservaEReformas" xlink:title="definition: DespesaComPessoalInativoEPensionistasBruta to AposentadoriasReservaEReformas" order="1.0"/>
    <link:loc xlink:type="locator" xlink:href="../../../cor/ic/siconfi-cor_2020-12-31.xsd#siconfi-cor_DespesasPensoesInativosEPensionistas" xlink:label="DespesasPensoesInativosEPensionistas" xlink:title="DespesasPensoesInativosEPensionistas"/>
    <link:definitionArc xlink:type="arc" xlink:arcrole="http://xbrl.org/int/dim/arcrole/domain-member" xlink:from="DespesaComPessoalInativoEPensionistasBruta" xlink:to="DespesasPensoesInativosEPensionistas" xlink:title="definition: DespesaComPessoalInativoEPensionistasBruta to DespesasPensoesInativosEPensionistas" order="2.0"/>
    <link:loc xlink:type="locator" xlink:href="../../../cor/ic/siconfi-cor_2020-12-31.xsd#siconfi-cor_OutrosBeneficiosPrevidenciariosInativosEPensionistas" xlink:label="OutrosBeneficiosPrevidenciariosInativosEPensionistas" xlink:title="OutrosBeneficiosPrevidenciariosInativosEPensionistas"/>
    <link:definitionArc xlink:type="arc" xlink:arcrole="http://xbrl.org/int/dim/arcrole/domain-member" xlink:from="DespesaComPessoalInativoEPensionistasBruta" xlink:to="OutrosBeneficiosPrevidenciariosInativosEPensionistas" xlink:title="definition: DespesaComPessoalInativoEPensionistasBruta to OutrosBeneficiosPrevidenciariosInativosEPensionistas" order="3.0"/>
    <link:loc xlink:type="locator" xlink:href="../../../cor/ic/siconfi-cor_2020-12-31.xsd#siconfi-cor_DespesaComPessoalNaoExecutadaOrcamentariamente" xlink:label="DespesaComPessoalNaoExecutadaOrcamentariamente" xlink:title="DespesaComPessoalNaoExecutadaOrcamentariamente"/>
    <link:definitionArc xlink:type="arc" xlink:arcrole="http://xbrl.org/int/dim/arcrole/domain-member" xlink:from="DespesaComPessoalBruta" xlink:to="DespesaComPessoalNaoExecutadaOrcamentariamente" xlink:title="definition: DespesaComPessoalBruta to DespesaComPessoalNaoExecutadaOrcamentariamente" order="4.0"/>
    <link:loc xlink:type="locator" xlink:href="../../../cor/ic/siconfi-cor_2020-12-31.xsd#siconfi-cor_DespesaComPessoalNaoComputada" xlink:label="DespesaComPessoalNaoComputada" xlink:title="DespesaComPessoalNaoComputada"/>
    <link:definitionArc xlink:type="arc" xlink:arcrole="http://xbrl.org/int/dim/arcrole/domain-member" xlink:from="DespesaComPessoalLineItems" xlink:to="DespesaComPessoalNaoComputada" xlink:title="definition: DespesaComPessoalLineItems to DespesaComPessoalNaoComputada" order="2.0"/>
    <link:loc xlink:type="locator" xlink:href="../../../cor/ic/siconfi-cor_2020-12-31.xsd#siconfi-cor_DespesaComPessoalNaoComputadaIndenizacaoDemissaoVoluntaria" xlink:label="DespesaComPessoalNaoComputadaIndenizacaoDemissaoVoluntaria" xlink:title="DespesaComPessoalNaoComputadaIndenizacaoDemissaoVoluntaria"/>
    <link:definitionArc xlink:type="arc" xlink:arcrole="http://xbrl.org/int/dim/arcrole/domain-member" xlink:from="DespesaComPessoalNaoComputada" xlink:to="DespesaComPessoalNaoComputadaIndenizacaoDemissaoVoluntaria" xlink:title="definition: DespesaComPessoalNaoComputada to DespesaComPessoalNaoComputadaIndenizacaoDemissaoVoluntaria" order="1.0"/>
    <link:loc xlink:type="locator" xlink:href="../../../cor/ic/siconfi-cor_2020-12-31.xsd#siconfi-cor_DespesaComPessoalNaoComputadaDecisaoJudicialPeriodoAnteriorAoDaApuracao" xlink:label="DespesaComPessoalNaoComputadaDecisaoJudicialPeriodoAnteriorAoDaApuracao" xlink:title="DespesaComPessoalNaoComputadaDecisaoJudicialPeriodoAnteriorAoDaApuracao"/>
    <link:definitionArc xlink:type="arc" xlink:arcrole="http://xbrl.org/int/dim/arcrole/domain-member" xlink:from="DespesaComPessoalNaoComputada" xlink:to="DespesaComPessoalNaoComputadaDecisaoJudicialPeriodoAnteriorAoDaApuracao" xlink:title="definition: DespesaComPessoalNaoComputada to DespesaComPessoalNaoComputadaDecisaoJudicialPeriodoAnteriorAoDaApuracao" order="2.0"/>
    <link:loc xlink:type="locator" xlink:href="../../../cor/ic/siconfi-cor_2020-12-31.xsd#siconfi-cor_DespesaComPessoalNaoComputadaExerciciosAnterioresAoPeriodoDaApuracao" xlink:label="DespesaComPessoalNaoComputadaExerciciosAnterioresAoPeriodoDaApuracao" xlink:title="DespesaComPessoalNaoComputadaExerciciosAnterioresAoPeriodoDaApuracao"/>
    <link:definitionArc xlink:type="arc" xlink:arcrole="http://xbrl.org/int/dim/arcrole/domain-member" xlink:from="DespesaComPessoalNaoComputada" xlink:to="DespesaComPessoalNaoComputadaExerciciosAnterioresAoPeriodoDaApuracao" xlink:title="definition: DespesaComPessoalNaoComputada to DespesaComPessoalNaoComputadaExerciciosAnterioresAoPeriodoDaApuracao" order="3.0"/>
    <link:loc xlink:type="locator" xlink:href="../../../cor/ic/siconfi-cor_2020-12-31.xsd#siconfi-cor_DespesaComPessoalNaoComputadaInativosEPensionistasComRecursosVinculados" xlink:label="DespesaComPessoalNaoComputadaInativosEPensionistasComRecursosVinculados" xlink:title="DespesaComPessoalNaoComputadaInativosEPensionistasComRecursosVinculados"/>
    <link:definitionArc xlink:type="arc" xlink:arcrole="http://xbrl.org/int/dim/arcrole/domain-member" xlink:from="DespesaComPessoalNaoComputada" xlink:to="DespesaComPessoalNaoComputadaInativosEPensionistasComRecursosVinculados" xlink:title="definition: DespesaComPessoalNaoComputada to DespesaComPessoalNaoComputadaInativosEPensionistasComRecursosVinculados" order="4.0"/>
    <link:loc xlink:type="locator" xlink:href="../../../cor/ic/siconfi-cor_2020-12-31.xsd#siconfi-cor_DespesaComPessoalLiquida" xlink:label="DespesaComPessoalLiquida" xlink:title="DespesaComPessoalLiquida"/>
    <link:definitionArc xlink:type="arc" xlink:arcrole="http://xbrl.org/int/dim/arcrole/domain-member" xlink:from="DespesaComPessoalLineItems" xlink:to="DespesaComPessoalLiquida" xlink:title="definition: DespesaComPessoalLineItems to DespesaComPessoalLiquida" order="3.0"/>
    <link:loc xlink:type="locator" xlink:href="siconfi-rgf-anexo1_2020-12-31.xsd#siconfi-rgf-anexo1_DespesaComPessoalTable" xlink:label="DespesaComPessoalTable" xlink:title="DespesaComPessoalTable"/>
    <link:definitionArc xlink:type="arc" xlink:arcrole="http://xbrl.org/int/dim/arcrole/all" xlink:from="DespesaComPessoalAbstract" xlink:to="DespesaComPessoalTable" xlink:title="definition: DespesaComPessoalAbstract to DespesaComPessoalTable" order="2.0" xbrldt:contextElement="segment" xbrldt:closed="true"/>
    <link:loc xlink:type="locator" xlink:href="../../../cor/dim/siconfi-dim_2020-12-31.xsd#siconfi-dim_EstagiosDespesaOrcamentariaAxis" xlink:label="EstagiosDespesaOrcamentariaAxis" xlink:title="EstagiosDespesaOrcamentariaAxis"/>
    <link:definitionArc xlink:type="arc" xlink:arcrole="http://xbrl.org/int/dim/arcrole/hypercube-dimension" xlink:from="DespesaComPessoalTable" xlink:to="EstagiosDespesaOrcamentariaAxis" xlink:title="definition: DespesaComPessoalTable to EstagiosDespesaOrcamentariaAxis" order="1.0"/>
    <link:loc xlink:type="locator" xlink:href="../../../cor/dim/siconfi-dim_2020-12-31.xsd#siconfi-dim_DespesasExecutadasUltimos12MesesMember" xlink:label="DespesasExecutadasUltimos12MesesMember" xlink:title="DespesasExecutadasUltimos12MesesMember"/>
    <link:definitionArc xlink:type="arc" xlink:arcrole="http://xbrl.org/int/dim/arcrole/dimension-domain" xlink:from="EstagiosDespesaOrcamentariaAxis" xlink:to="DespesasExecutadasUltimos12MesesMember" xlink:title="definition: EstagiosDespesaOrcamentariaAxis to DespesasExecutadasUltimos12MesesMember" order="1.0" xbrldt:usable="false"/>
    <link:loc xlink:type="locator" xlink:href="../../../cor/dim/siconfi-dim_2020-12-31.xsd#siconfi-dim_DespesasInscritasEmRestosAPagarNaoProcessadosUltimos12MesesMember" xlink:label="DespesasInscritasEmRestosAPagarNaoProcessadosUltimos12MesesMember" xlink:title="DespesasInscritasEmRestosAPagarNaoProcessadosUltimos12MesesMember"/>
    <link:definitionArc xlink:type="arc" xlink:arcrole="http://xbrl.org/int/dim/arcrole/domain-member" xlink:from="DespesasExecutadasUltimos12MesesMember" xlink:to="DespesasInscritasEmRestosAPagarNaoProcessadosUltimos12MesesMember" xlink:title="definition: DespesasExecutadasUltimos12MesesMember to DespesasInscritasEmRestosAPagarNaoProcessadosUltimos12MesesMember" order="2.0"/>
    <link:loc xlink:type="locator" xlink:href="../../../cor/dim/siconfi-dim_2020-12-31.xsd#siconfi-dim_DespesasLiquidadasMember" xlink:label="DespesasLiquidadasMember" xlink:title="DespesasLiquidadasMember"/>
    <link:definitionArc xlink:type="arc" xlink:arcrole="http://xbrl.org/int/dim/arcrole/domain-member" xlink:from="DespesasExecutadasUltimos12MesesMember" xlink:to="DespesasLiquidadasMember" xlink:title="definition: DespesasExecutadasUltimos12MesesMember to DespesasLiquidadasMember" order="1.0" xbrldt:usable="false"/>
    <link:loc xlink:type="locator" xlink:href="../../../cor/dim/siconfi-dim_2020-12-31.xsd#siconfi-dim_PeriodoDeReferenciaOnzeMember" xlink:label="PeriodoDeReferenciaOnzeMember" xlink:title="PeriodoDeReferenciaOnzeMember"/>
    <link:definitionArc xlink:type="arc" xlink:arcrole="http://xbrl.org/int/dim/arcrole/domain-member" xlink:from="DespesasLiquidadasMember" xlink:to="PeriodoDeReferenciaOnzeMember" xlink:title="definition: DespesasLiquidadasMember to PeriodoDeReferenciaOnzeMember" order="1.0"/>
    <link:loc xlink:type="locator" xlink:href="../../../cor/dim/siconfi-dim_2020-12-31.xsd#siconfi-dim_PeriodoDeReferenciaDezMember" xlink:label="PeriodoDeReferenciaDezMember" xlink:title="PeriodoDeReferenciaDezMember"/>
    <link:definitionArc xlink:type="arc" xlink:arcrole="http://xbrl.org/int/dim/arcrole/domain-member" xlink:from="DespesasLiquidadasMember" xlink:to="PeriodoDeReferenciaDezMember" xlink:title="definition: DespesasLiquidadasMember to PeriodoDeReferenciaDezMember" order="2.0"/>
    <link:loc xlink:type="locator" xlink:href="../../../cor/dim/siconfi-dim_2020-12-31.xsd#siconfi-dim_PeriodoDeReferenciaNoveMember" xlink:label="PeriodoDeReferenciaNoveMember" xlink:title="PeriodoDeReferenciaNoveMember"/>
    <link:definitionArc xlink:type="arc" xlink:arcrole="http://xbrl.org/int/dim/arcrole/domain-member" xlink:from="DespesasLiquidadasMember" xlink:to="PeriodoDeReferenciaNoveMember" xlink:title="definition: DespesasLiquidadasMember to PeriodoDeReferenciaNoveMember" order="3.0"/>
    <link:loc xlink:type="locator" xlink:href="../../../cor/dim/siconfi-dim_2020-12-31.xsd#siconfi-dim_PeriodoDeReferenciaOitoMember" xlink:label="PeriodoDeReferenciaOitoMember" xlink:title="PeriodoDeReferenciaOitoMember"/>
    <link:definitionArc xlink:type="arc" xlink:arcrole="http://xbrl.org/int/dim/arcrole/domain-member" xlink:from="DespesasLiquidadasMember" xlink:to="PeriodoDeReferenciaOitoMember" xlink:title="definition: DespesasLiquidadasMember to PeriodoDeReferenciaOitoMember" order="4.0"/>
    <link:loc xlink:type="locator" xlink:href="../../../cor/dim/siconfi-dim_2020-12-31.xsd#siconfi-dim_PeriodoDeReferenciaSeteMember" xlink:label="PeriodoDeReferenciaSeteMember" xlink:title="PeriodoDeReferenciaSeteMember"/>
    <link:definitionArc xlink:type="arc" xlink:arcrole="http://xbrl.org/int/dim/arcrole/domain-member" xlink:from="DespesasLiquidadasMember" xlink:to="PeriodoDeReferenciaSeteMember" xlink:title="definition: DespesasLiquidadasMember to PeriodoDeReferenciaSeteMember" order="5.0"/>
    <link:loc xlink:type="locator" xlink:href="../../../cor/dim/siconfi-dim_2020-12-31.xsd#siconfi-dim_PeriodoDeReferenciaSeisMember" xlink:label="PeriodoDeReferenciaSeisMember" xlink:title="PeriodoDeReferenciaSeisMember"/>
    <link:definitionArc xlink:type="arc" xlink:arcrole="http://xbrl.org/int/dim/arcrole/domain-member" xlink:from="DespesasLiquidadasMember" xlink:to="PeriodoDeReferenciaSeisMember" xlink:title="definition: DespesasLiquidadasMember to PeriodoDeReferenciaSeisMember" order="6.0"/>
    <link:loc xlink:type="locator" xlink:href="../../../cor/dim/siconfi-dim_2020-12-31.xsd#siconfi-dim_PeriodoDeReferenciaCincoMember" xlink:label="PeriodoDeReferenciaCincoMember" xlink:title="PeriodoDeReferenciaCincoMember"/>
    <link:definitionArc xlink:type="arc" xlink:arcrole="http://xbrl.org/int/dim/arcrole/domain-member" xlink:from="DespesasLiquidadasMember" xlink:to="PeriodoDeReferenciaCincoMember" xlink:title="definition: DespesasLiquidadasMember to PeriodoDeReferenciaCincoMember" order="7.0"/>
    <link:loc xlink:type="locator" xlink:href="../../../cor/dim/siconfi-dim_2020-12-31.xsd#siconfi-dim_PeriodoDeReferenciaQuatroMember" xlink:label="PeriodoDeReferenciaQuatroMember" xlink:title="PeriodoDeReferenciaQuatroMember"/>
    <link:definitionArc xlink:type="arc" xlink:arcrole="http://xbrl.org/int/dim/arcrole/domain-member" xlink:from="DespesasLiquidadasMember" xlink:to="PeriodoDeReferenciaQuatroMember" xlink:title="definition: DespesasLiquidadasMember to PeriodoDeReferenciaQuatroMember" order="8.0"/>
    <link:loc xlink:type="locator" xlink:href="../../../cor/dim/siconfi-dim_2020-12-31.xsd#siconfi-dim_PeriodoDeReferenciaTresMember" xlink:label="PeriodoDeReferenciaTresMember" xlink:title="PeriodoDeReferenciaTresMember"/>
    <link:definitionArc xlink:type="arc" xlink:arcrole="http://xbrl.org/int/dim/arcrole/domain-member" xlink:from="DespesasLiquidadasMember" xlink:to="PeriodoDeReferenciaTresMember" xlink:title="definition: DespesasLiquidadasMember to PeriodoDeReferenciaTresMember" order="9.0"/>
    <link:loc xlink:type="locator" xlink:href="../../../cor/dim/siconfi-dim_2020-12-31.xsd#siconfi-dim_PeriodoDeReferenciaDoisMember" xlink:label="PeriodoDeReferenciaDoisMember" xlink:title="PeriodoDeReferenciaDoisMember"/>
    <link:definitionArc xlink:type="arc" xlink:arcrole="http://xbrl.org/int/dim/arcrole/domain-member" xlink:from="DespesasLiquidadasMember" xlink:to="PeriodoDeReferenciaDoisMember" xlink:title="definition: DespesasLiquidadasMember to PeriodoDeReferenciaDoisMember" order="10.0"/>
    <link:loc xlink:type="locator" xlink:href="../../../cor/dim/siconfi-dim_2020-12-31.xsd#siconfi-dim_PeriodoDeReferenciaUmMember" xlink:label="PeriodoDeReferenciaUmMember" xlink:title="PeriodoDeReferenciaUmMember"/>
    <link:definitionArc xlink:type="arc" xlink:arcrole="http://xbrl.org/int/dim/arcrole/domain-member" xlink:from="DespesasLiquidadasMember" xlink:to="PeriodoDeReferenciaUmMember" xlink:title="definition: DespesasLiquidadasMember to PeriodoDeReferenciaUmMember" order="11.0"/>
    <link:loc xlink:type="locator" xlink:href="../../../cor/dim/siconfi-dim_2020-12-31.xsd#siconfi-dim_PeriodoDeReferenciaZeroMember" xlink:label="PeriodoDeReferenciaZeroMember" xlink:title="PeriodoDeReferenciaZeroMember"/>
    <link:definitionArc xlink:type="arc" xlink:arcrole="http://xbrl.org/int/dim/arcrole/domain-member" xlink:from="DespesasLiquidadasMember" xlink:to="PeriodoDeReferenciaZeroMember" xlink:title="definition: DespesasLiquidadasMember to PeriodoDeReferenciaZeroMember" order="12.0"/>
    <link:loc xlink:type="locator" xlink:href="../../../cor/dim/siconfi-dim_2020-12-31.xsd#siconfi-dim_DespesasLiquidadasUltimos12MesesMember" xlink:label="DespesasLiquidadasUltimos12MesesMember" xlink:title="DespesasLiquidadasUltimos12MesesMember"/>
    <link:definitionArc xlink:type="arc" xlink:arcrole="http://xbrl.org/int/dim/arcrole/domain-member" xlink:from="DespesasLiquidadasMember" xlink:to="DespesasLiquidadasUltimos12MesesMember" xlink:title="definition: DespesasLiquidadasMember to DespesasLiquidadasUltimos12MesesMember" order="13.0"/>
  </link:definitionLink>
  <link:definitionLink xlink:type="extended" xlink:role="http://fazenda.gov.br/siconfi/rep/rgf/anexo1/siconfi-rgf-anexo1-tabela1.0B">
    <link:loc xlink:type="locator" xlink:href="siconfi-rgf-anexo1_2020-12-31.xsd#siconfi-rgf-anexo1_ApuracaoDoCumprimentoDoLimiteLegalAbstract" xlink:label="ApuracaoDoCumprimentoDoLimiteLegalAbstract" xlink:title="ApuracaoDoCumprimentoDoLimiteLegalAbstract"/>
    <link:loc xlink:type="locator" xlink:href="siconfi-rgf-anexo1_2020-12-31.xsd#siconfi-rgf-anexo1_ApuracaoDoCumprimentoDoLimiteLegalLineItems" xlink:label="ApuracaoDoCumprimentoDoLimiteLegalLineItems" xlink:title="ApuracaoDoCumprimentoDoLimiteLegalLineItems"/>
    <link:definitionArc xlink:type="arc" xlink:arcrole="http://xbrl.org/int/dim/arcrole/domain-member" xlink:from="ApuracaoDoCumprimentoDoLimiteLegalAbstract" xlink:to="ApuracaoDoCumprimentoDoLimiteLegalLineItems" xlink:title="definition: ApuracaoDoCumprimentoDoLimiteLegalAbstract to ApuracaoDoCumprimentoDoLimiteLegalLineItems" order="1.0"/>
    <link:loc xlink:type="locator" xlink:href="../../../cor/ic/siconfi-cor_2020-12-31.xsd#siconfi-cor_ReceitaCorrenteLiquidaLimiteLegal" xlink:label="ReceitaCorrenteLiquidaLimiteLegal" xlink:title="ReceitaCorrenteLiquidaLimiteLegal"/>
    <link:definitionArc xlink:type="arc" xlink:arcrole="http://xbrl.org/int/dim/arcrole/domain-member" xlink:from="ApuracaoDoCumprimentoDoLimiteLegalLineItems" xlink:to="ReceitaCorrenteLiquidaLimiteLegal" xlink:title="definition: ApuracaoDoCumprimentoDoLimiteLegalLineItems to ReceitaCorrenteLiquidaLimiteLegal" order="1.0"/>
    <link:loc xlink:type="locator" xlink:href="../../../cor/ic/siconfi-cor_2020-12-31.xsd#siconfi-cor_TransferenciasObrigatoriasDaUniaoRelativasAsEmendasIndividuais" xlink:label="TransferenciasObrigatoriasDaUniaoRelativasAsEmendasIndividuais" xlink:title="TransferenciasObrigatoriasDaUniaoRelativasAsEmendasIndividuais"/>
    <link:definitionArc xlink:type="arc" xlink:arcrole="http://xbrl.org/int/dim/arcrole/domain-member" xlink:from="ApuracaoDoCumprimentoDoLimiteLegalLineItems" xlink:to="TransferenciasObrigatoriasDaUniaoRelativasAsEmendasIndividuais" xlink:title="definition: ApuracaoDoCumprimentoDoLimiteLegalLineItems to TransferenciasObrigatoriasDaUniaoRelativasAsEmendasIndividuais" order="2.0"/>
    <link:loc xlink:type="locator" xlink:href="../../../cor/ic/siconfi-cor_2020-12-31.xsd#siconfi-cor_ReceitaCorrenteLiquidaAjustada" xlink:label="ReceitaCorrenteLiquidaAjustada" xlink:title="ReceitaCorrenteLiquidaAjustada"/>
    <link:definitionArc xlink:type="arc" xlink:arcrole="http://xbrl.org/int/dim/arcrole/domain-member" xlink:from="ApuracaoDoCumprimentoDoLimiteLegalLineItems" xlink:to="ReceitaCorrenteLiquidaAjustada" xlink:title="definition: ApuracaoDoCumprimentoDoLimiteLegalLineItems to ReceitaCorrenteLiquidaAjustada" order="4.0"/>
    <link:loc xlink:type="locator" xlink:href="../../../cor/ic/siconfi-cor_2020-12-31.xsd#siconfi-cor_DespesaComPessoalTotal" xlink:label="DespesaComPessoalTotal" xlink:title="DespesaComPessoalTotal"/>
    <link:definitionArc xlink:type="arc" xlink:arcrole="http://xbrl.org/int/dim/arcrole/domain-member" xlink:from="ApuracaoDoCumprimentoDoLimiteLegalLineItems" xlink:to="DespesaComPessoalTotal" xlink:title="definition: ApuracaoDoCumprimentoDoLimiteLegalLineItems to DespesaComPessoalTotal" order="5.0"/>
    <link:loc xlink:type="locator" xlink:href="../../../cor/ic/siconfi-cor_2020-12-31.xsd#siconfi-cor_LimiteMaximoDespesaComPessoalTotal" xlink:label="LimiteMaximoDespesaComPessoalTotal" xlink:title="LimiteMaximoDespesaComPessoalTotal"/>
    <link:definitionArc xlink:type="arc" xlink:arcrole="http://xbrl.org/int/dim/arcrole/domain-member" xlink:from="ApuracaoDoCumprimentoDoLimiteLegalLineItems" xlink:to="LimiteMaximoDespesaComPessoalTotal" xlink:title="definition: ApuracaoDoCumprimentoDoLimiteLegalLineItems to LimiteMaximoDespesaComPessoalTotal" order="6.0"/>
    <link:loc xlink:type="locator" xlink:href="../../../cor/ic/siconfi-cor_2020-12-31.xsd#siconfi-cor_LimitePrudencialDespesaComPessoalTotal" xlink:label="LimitePrudencialDespesaComPessoalTotal" xlink:title="LimitePrudencialDespesaComPessoalTotal"/>
    <link:definitionArc xlink:type="arc" xlink:arcrole="http://xbrl.org/int/dim/arcrole/domain-member" xlink:from="ApuracaoDoCumprimentoDoLimiteLegalLineItems" xlink:to="LimitePrudencialDespesaComPessoalTotal" xlink:title="definition: ApuracaoDoCumprimentoDoLimiteLegalLineItems to LimitePrudencialDespesaComPessoalTotal" order="7.0"/>
    <link:loc xlink:type="locator" xlink:href="../../../cor/ic/siconfi-cor_2020-12-31.xsd#siconfi-cor_LimiteDeAlertaDespesaComPessoalTotal" xlink:label="LimiteDeAlertaDespesaComPessoalTotal" xlink:title="LimiteDeAlertaDespesaComPessoalTotal"/>
    <link:definitionArc xlink:type="arc" xlink:arcrole="http://xbrl.org/int/dim/arcrole/domain-member" xlink:from="ApuracaoDoCumprimentoDoLimiteLegalLineItems" xlink:to="LimiteDeAlertaDespesaComPessoalTotal" xlink:title="definition: ApuracaoDoCumprimentoDoLimiteLegalLineItems to LimiteDeAlertaDespesaComPessoalTotal" order="8.0"/>
    <link:loc xlink:type="locator" xlink:href="../../../cor/ic/siconfi-cor_2020-12-31.xsd#siconfi-cor_TransferenciasObrigatoriasDaUniaoRelativasAsEmendasDeBancada" xlink:label="TransferenciasObrigatoriasDaUniaoRelativasAsEmendasDeBancada" xlink:title="TransferenciasObrigatoriasDaUniaoRelativasAsEmendasDeBancada"/>
    <link:definitionArc xlink:type="arc" xlink:arcrole="http://xbrl.org/int/dim/arcrole/domain-member" xlink:from="ApuracaoDoCumprimentoDoLimiteLegalLineItems" xlink:to="TransferenciasObrigatoriasDaUniaoRelativasAsEmendasDeBancada" xlink:title="definition: ApuracaoDoCumprimentoDoLimiteLegalLineItems to TransferenciasObrigatoriasDaUniaoRelativasAsEmendasDeBancada" order="3.0"/>
    <link:loc xlink:type="locator" xlink:href="siconfi-rgf-anexo1_2020-12-31.xsd#siconfi-rgf-anexo1_DTPEApuracaoDoCumprimentoDoLimiteLegalTable" xlink:label="DTPEApuracaoDoCumprimentoDoLimiteLegalTable" xlink:title="DTPEApuracaoDoCumprimentoDoLimiteLegalTable"/>
    <link:definitionArc xlink:type="arc" xlink:arcrole="http://xbrl.org/int/dim/arcrole/all" xlink:from="ApuracaoDoCumprimentoDoLimiteLegalAbstract" xlink:to="DTPEApuracaoDoCumprimentoDoLimiteLegalTable" xlink:title="definition: ApuracaoDoCumprimentoDoLimiteLegalAbstract to DTPEApuracaoDoCumprimentoDoLimiteLegalTable" order="2.0" xbrldt:contextElement="segment" xbrldt:closed="true"/>
    <link:loc xlink:type="locator" xlink:href="../../../cor/dim/siconfi-dim_2020-12-31.xsd#siconfi-dim_ExercicioApuracaoAxis" xlink:label="ExercicioApuracaoAxis" xlink:title="ExercicioApuracaoAxis"/>
    <link:definitionArc xlink:type="arc" xlink:arcrole="http://xbrl.org/int/dim/arcrole/hypercube-dimension" xlink:from="DTPEApuracaoDoCumprimentoDoLimiteLegalTable" xlink:to="ExercicioApuracaoAxis" xlink:title="definition: DTPEApuracaoDoCumprimentoDoLimiteLegalTable to ExercicioApuracaoAxis" order="1.0"/>
    <link:loc xlink:type="locator" xlink:href="../../../cor/dim/siconfi-dim_2020-12-31.xsd#siconfi-dim_ApuracaoValorMember" xlink:label="ApuracaoValorMember" xlink:title="ApuracaoValorMember"/>
    <link:definitionArc xlink:type="arc" xlink:arcrole="http://xbrl.org/int/dim/arcrole/dimension-domain" xlink:from="ExercicioApuracaoAxis" xlink:to="ApuracaoValorMember" xlink:title="definition: ExercicioApuracaoAxis to ApuracaoValorMember" order="1.0"/>
    <link:loc xlink:type="locator" xlink:href="../../../cor/dim/siconfi-dim_2020-12-31.xsd#siconfi-dim_ApuracaoPercentualSobreARCLMember" xlink:label="ApuracaoPercentualSobreARCLMember" xlink:title="ApuracaoPercentualSobreARCLMember"/>
    <link:definitionArc xlink:type="arc" xlink:arcrole="http://xbrl.org/int/dim/arcrole/dimension-domain" xlink:from="ExercicioApuracaoAxis" xlink:to="ApuracaoPercentualSobreARCLMember" xlink:title="definition: ExercicioApuracaoAxis to ApuracaoPercentualSobreARCLMember" order="2.0"/>
  </link:definitionLink>
  <link:definitionLink xlink:type="extended" xlink:role="http://fazenda.gov.br/siconfi/rep/rgf/anexo1/siconfi-rgf-anexo1-tabela1.4">
    <link:loc xlink:type="locator" xlink:href="../../../cor/dim/siconfi-dim_2020-12-31.xsd#siconfi-dim_EstagiosDespesaOrcamentariaAxis" xlink:label="EstagiosDespesaOrcamentariaAxis" xlink:title="EstagiosDespesaOrcamentariaAxis"/>
    <link:loc xlink:type="locator" xlink:href="../../../cor/dim/siconfi-dim_2020-12-31.xsd#siconfi-dim_DespesasExecutadasUltimos12MesesMember" xlink:label="DespesasExecutadasUltimos12MesesMember" xlink:title="DespesasExecutadasUltimos12MesesMember"/>
    <link:definitionArc xlink:type="arc" xlink:arcrole="http://xbrl.org/int/dim/arcrole/dimension-domain" xlink:from="EstagiosDespesaOrcamentariaAxis" xlink:to="DespesasExecutadasUltimos12MesesMember" xlink:title="definition: EstagiosDespesaOrcamentariaAxis to DespesasExecutadasUltimos12MesesMember" order="2.0" xbrldt:usable="false"/>
    <link:loc xlink:type="locator" xlink:href="../../../cor/dim/siconfi-dim_2020-12-31.xsd#siconfi-dim_DespesasInscritasEmRestosAPagarNaoProcessadosUltimos12MesesMember" xlink:label="DespesasInscritasEmRestosAPagarNaoProcessadosUltimos12MesesMember" xlink:title="DespesasInscritasEmRestosAPagarNaoProcessadosUltimos12MesesMember"/>
    <link:definitionArc xlink:type="arc" xlink:arcrole="http://xbrl.org/int/dim/arcrole/domain-member" xlink:from="DespesasExecutadasUltimos12MesesMember" xlink:to="DespesasInscritasEmRestosAPagarNaoProcessadosUltimos12MesesMember" xlink:title="definition: DespesasExecutadasUltimos12MesesMember to DespesasInscritasEmRestosAPagarNaoProcessadosUltimos12MesesMember" order="2.0"/>
    <link:loc xlink:type="locator" xlink:href="../../../cor/dim/siconfi-dim_2020-12-31.xsd#siconfi-dim_DespesasLiquidadasUltimos12MesesMember" xlink:label="DespesasLiquidadasUltimos12MesesMember" xlink:title="DespesasLiquidadasUltimos12MesesMember"/>
    <link:definitionArc xlink:type="arc" xlink:arcrole="http://xbrl.org/int/dim/arcrole/domain-member" xlink:from="DespesasExecutadasUltimos12MesesMember" xlink:to="DespesasLiquidadasUltimos12MesesMember" xlink:title="definition: DespesasExecutadasUltimos12MesesMember to DespesasLiquidadasUltimos12MesesMember" order="1.0"/>
    <link:loc xlink:type="locator" xlink:href="../../../cor/dim/siconfi-dim_2020-12-31.xsd#siconfi-dim_TotalDespesaMember" xlink:label="TotalDespesaMember" xlink:title="TotalDespesaMember"/>
    <link:definitionArc xlink:type="arc" xlink:arcrole="http://xbrl.org/int/dim/arcrole/domain-member" xlink:from="DespesasExecutadasUltimos12MesesMember" xlink:to="TotalDespesaMember" xlink:title="definition: DespesasExecutadasUltimos12MesesMember to TotalDespesaMember" order="3.0"/>
    <link:loc xlink:type="locator" xlink:href="../../../cor/dim/siconfi-dim_2020-12-31.xsd#siconfi-dim_ValoresTransferidosPorContratoDeRateioMember" xlink:label="ValoresTransferidosPorContratoDeRateioMember" xlink:title="ValoresTransferidosPorContratoDeRateioMember"/>
    <link:definitionArc xlink:type="arc" xlink:arcrole="http://xbrl.org/int/dim/arcrole/dimension-domain" xlink:from="EstagiosDespesaOrcamentariaAxis" xlink:to="ValoresTransferidosPorContratoDeRateioMember" xlink:title="definition: EstagiosDespesaOrcamentariaAxis to ValoresTransferidosPorContratoDeRateioMember" order="1.0"/>
    <link:loc xlink:type="locator" xlink:href="siconfi-rgf-anexo1_2020-12-31.xsd#siconfi-rgf-anexo1_DespesaComPessoalEmConsorcioPublicoAbstract" xlink:label="DespesaComPessoalEmConsorcioPublicoAbstract" xlink:title="DespesaComPessoalEmConsorcioPublicoAbstract"/>
    <link:loc xlink:type="locator" xlink:href="siconfi-rgf-anexo1_2020-12-31.xsd#siconfi-rgf-anexo1_DespesaComPessoalEmConsorcioPublicoLineItems" xlink:label="DespesaComPessoalEmConsorcioPublicoLineItems" xlink:title="DespesaComPessoalEmConsorcioPublicoLineItems"/>
    <link:definitionArc xlink:type="arc" xlink:arcrole="http://xbrl.org/int/dim/arcrole/domain-member" xlink:from="DespesaComPessoalEmConsorcioPublicoAbstract" xlink:to="DespesaComPessoalEmConsorcioPublicoLineItems" xlink:title="definition: DespesaComPessoalEmConsorcioPublicoAbstract to DespesaComPessoalEmConsorcioPublicoLineItems" order="1.0"/>
    <link:loc xlink:type="locator" xlink:href="../../../cor/ic/siconfi-cor_2020-12-31.xsd#siconfi-cor_DespesaComPessoalBrutaEnteConsorciado" xlink:label="DespesaComPessoalBrutaEnteConsorciado" xlink:title="DespesaComPessoalBrutaEnteConsorciado"/>
    <link:definitionArc xlink:type="arc" xlink:arcrole="http://xbrl.org/int/dim/arcrole/domain-member" xlink:from="DespesaComPessoalEmConsorcioPublicoLineItems" xlink:to="DespesaComPessoalBrutaEnteConsorciado" xlink:title="definition: DespesaComPessoalEmConsorcioPublicoLineItems to DespesaComPessoalBrutaEnteConsorciado" order="1.0"/>
    <link:loc xlink:type="locator" xlink:href="../../../cor/ic/siconfi-cor_2020-12-31.xsd#siconfi-cor_DespesaComPessoalAtivoBrutaEnteConsorciado" xlink:label="DespesaComPessoalAtivoBrutaEnteConsorciado" xlink:title="DespesaComPessoalAtivoBrutaEnteConsorciado"/>
    <link:definitionArc xlink:type="arc" xlink:arcrole="http://xbrl.org/int/dim/arcrole/domain-member" xlink:from="DespesaComPessoalBrutaEnteConsorciado" xlink:to="DespesaComPessoalAtivoBrutaEnteConsorciado" xlink:title="definition: DespesaComPessoalBrutaEnteConsorciado to DespesaComPessoalAtivoBrutaEnteConsorciado" order="1.0"/>
    <link:loc xlink:type="locator" xlink:href="../../../cor/ic/siconfi-cor_2020-12-31.xsd#siconfi-cor_DespesaComPessoalDecorrenteDeTerceirizacaoPorSubstituicaoBrutaEnteConsorciado" xlink:label="DespesaComPessoalDecorrenteDeTerceirizacaoPorSubstituicaoBrutaEnteConsorciado" xlink:title="DespesaComPessoalDecorrenteDeTerceirizacaoPorSubstituicaoBrutaEnteConsorciado"/>
    <link:definitionArc xlink:type="arc" xlink:arcrole="http://xbrl.org/int/dim/arcrole/domain-member" xlink:from="DespesaComPessoalBrutaEnteConsorciado" xlink:to="DespesaComPessoalDecorrenteDeTerceirizacaoPorSubstituicaoBrutaEnteConsorciado" xlink:title="definition: DespesaComPessoalBrutaEnteConsorciado to DespesaComPessoalDecorrenteDeTerceirizacaoPorSubstituicaoBrutaEnteConsorciado" order="2.0"/>
    <link:loc xlink:type="locator" xlink:href="../../../cor/ic/siconfi-cor_2020-12-31.xsd#siconfi-cor_DespesaComPessoalNaoExecutadaOrcamentariamenteEnteConsorciado" xlink:label="DespesaComPessoalNaoExecutadaOrcamentariamenteEnteConsorciado" xlink:title="DespesaComPessoalNaoExecutadaOrcamentariamenteEnteConsorciado"/>
    <link:definitionArc xlink:type="arc" xlink:arcrole="http://xbrl.org/int/dim/arcrole/domain-member" xlink:from="DespesaComPessoalBrutaEnteConsorciado" xlink:to="DespesaComPessoalNaoExecutadaOrcamentariamenteEnteConsorciado" xlink:title="definition: DespesaComPessoalBrutaEnteConsorciado to DespesaComPessoalNaoExecutadaOrcamentariamenteEnteConsorciado" order="3.0"/>
    <link:loc xlink:type="locator" xlink:href="../../../cor/ic/siconfi-cor_2020-12-31.xsd#siconfi-cor_DespesaComPessoalNaoComputadaEnteConsorciado" xlink:label="DespesaComPessoalNaoComputadaEnteConsorciado" xlink:title="DespesaComPessoalNaoComputadaEnteConsorciado"/>
    <link:definitionArc xlink:type="arc" xlink:arcrole="http://xbrl.org/int/dim/arcrole/domain-member" xlink:from="DespesaComPessoalEmConsorcioPublicoLineItems" xlink:to="DespesaComPessoalNaoComputadaEnteConsorciado" xlink:title="definition: DespesaComPessoalEmConsorcioPublicoLineItems to DespesaComPessoalNaoComputadaEnteConsorciado" order="2.0"/>
    <link:loc xlink:type="locator" xlink:href="../../../cor/ic/siconfi-cor_2020-12-31.xsd#siconfi-cor_DespesaComPessoalNaoComputadaIndenizacaoDemissaoVoluntariaEnteConsorciado" xlink:label="DespesaComPessoalNaoComputadaIndenizacaoDemissaoVoluntariaEnteConsorciado" xlink:title="DespesaComPessoalNaoComputadaIndenizacaoDemissaoVoluntariaEnteConsorciado"/>
    <link:definitionArc xlink:type="arc" xlink:arcrole="http://xbrl.org/int/dim/arcrole/domain-member" xlink:from="DespesaComPessoalNaoComputadaEnteConsorciado" xlink:to="DespesaComPessoalNaoComputadaIndenizacaoDemissaoVoluntariaEnteConsorciado" xlink:title="definition: DespesaComPessoalNaoComputadaEnteConsorciado to DespesaComPessoalNaoComputadaIndenizacaoDemissaoVoluntariaEnteConsorciado" order="1.0"/>
    <link:loc xlink:type="locator" xlink:href="../../../cor/ic/siconfi-cor_2020-12-31.xsd#siconfi-cor_DespesaComPessoalNaoComputadaDecisaoJudicialPeriodoAnteriorAoDaApuracaoEnteConsorciado" xlink:label="DespesaComPessoalNaoComputadaDecisaoJudicialPeriodoAnteriorAoDaApuracaoEnteConsorciado" xlink:title="DespesaComPessoalNaoComputadaDecisaoJudicialPeriodoAnteriorAoDaApuracaoEnteConsorciado"/>
    <link:definitionArc xlink:type="arc" xlink:arcrole="http://xbrl.org/int/dim/arcrole/domain-member" xlink:from="DespesaComPessoalNaoComputadaEnteConsorciado" xlink:to="DespesaComPessoalNaoComputadaDecisaoJudicialPeriodoAnteriorAoDaApuracaoEnteConsorciado" xlink:title="definition: DespesaComPessoalNaoComputadaEnteConsorciado to DespesaComPessoalNaoComputadaDecisaoJudicialPeriodoAnteriorAoDaApuracaoEnteConsorciado" order="2.0"/>
    <link:loc xlink:type="locator" xlink:href="../../../cor/ic/siconfi-cor_2020-12-31.xsd#siconfi-cor_DespesaComPessoalNaoComputadaExerciciosAnterioresAoPeriodoDaApuracaoEnteConsorciado" xlink:label="DespesaComPessoalNaoComputadaExerciciosAnterioresAoPeriodoDaApuracaoEnteConsorciado" xlink:title="DespesaComPessoalNaoComputadaExerciciosAnterioresAoPeriodoDaApuracaoEnteConsorciado"/>
    <link:definitionArc xlink:type="arc" xlink:arcrole="http://xbrl.org/int/dim/arcrole/domain-member" xlink:from="DespesaComPessoalNaoComputadaEnteConsorciado" xlink:to="DespesaComPessoalNaoComputadaExerciciosAnterioresAoPeriodoDaApuracaoEnteConsorciado" xlink:title="definition: DespesaComPessoalNaoComputadaEnteConsorciado to DespesaComPessoalNaoComputadaExerciciosAnterioresAoPeriodoDaApuracaoEnteConsorciado" order="3.0"/>
    <link:loc xlink:type="locator" xlink:href="../../../cor/ic/siconfi-cor_2020-12-31.xsd#siconfi-cor_DespesaComPessoalTotal" xlink:label="DespesaComPessoalTotal" xlink:title="DespesaComPessoalTotal"/>
    <link:definitionArc xlink:type="arc" xlink:arcrole="http://xbrl.org/int/dim/arcrole/domain-member" xlink:from="DespesaComPessoalEmConsorcioPublicoLineItems" xlink:to="DespesaComPessoalTotal" xlink:title="definition: DespesaComPessoalEmConsorcioPublicoLineItems to DespesaComPessoalTotal" order="3.0"/>
    <link:loc xlink:type="locator" xlink:href="siconfi-rgf-anexo1_2020-12-31.xsd#siconfi-rgf-anexo1_DespesaComPessoalEmConsorcioPublicoTable" xlink:label="DespesaComPessoalEmConsorcioPublicoTable" xlink:title="DespesaComPessoalEmConsorcioPublicoTable"/>
    <link:definitionArc xlink:type="arc" xlink:arcrole="http://xbrl.org/int/dim/arcrole/all" xlink:from="DespesaComPessoalEmConsorcioPublicoAbstract" xlink:to="DespesaComPessoalEmConsorcioPublicoTable" xlink:title="definition: DespesaComPessoalEmConsorcioPublicoAbstract to DespesaComPessoalEmConsorcioPublicoTable" order="2.0" xbrldt:contextElement="segment" xbrldt:closed="true"/>
    <link:definitionArc xlink:type="arc" xlink:arcrole="http://xbrl.org/int/dim/arcrole/hypercube-dimension" xlink:from="DespesaComPessoalEmConsorcioPublicoTable" xlink:to="EstagiosDespesaOrcamentariaAxis" xlink:title="definition: DespesaComPessoalEmConsorcioPublicoTable to EstagiosDespesaOrcamentariaAxis" order="1.0"/>
    <link:loc xlink:type="locator" xlink:href="../../../cor/dim/siconfi-dim_2020-12-31.xsd#siconfi-dim_IdentificacaoConsorcioAxis" xlink:label="IdentificacaoConsorcioAxis" xlink:title="IdentificacaoConsorcioAxis"/>
    <link:definitionArc xlink:type="arc" xlink:arcrole="http://xbrl.org/int/dim/arcrole/hypercube-dimension" xlink:from="DespesaComPessoalEmConsorcioPublicoTable" xlink:to="IdentificacaoConsorcioAxis" xlink:title="definition: DespesaComPessoalEmConsorcioPublicoTable to IdentificacaoConsorcioAxis" order="2.0"/>
  </link:definitionLink>
</link:linkbase>
