<?xml version="1.0" encoding="UTF-8"?>
<!-- Generated by Fujitsu Interstage XWand B0196 -->
<link:linkbase xmlns:xsi="http://www.w3.org/2001/XMLSchema-instance" xsi:schemaLocation="http://www.xbrl.org/2003/linkbase http://www.xbrl.org/2003/xbrl-linkbase-2003-12-31.xsd" xmlns:siconfi-rreo-anexo6municipios="http://fazenda.gov.br/siconfi/rep/rreo/anexo6municipios/siconfi-rreo-anexo6municipios_2019-12-31" xmlns:link="http://www.xbrl.org/2003/linkbase" xmlns:xbrldt="http://xbrl.org/2005/xbrldt" xmlns:xlink="http://www.w3.org/1999/xlink" xmlns:xbrli="http://www.xbrl.org/2003/instance">
  <link:roleRef roleURI="http://fazenda.gov.br/siconfi/rep/rreo/anexo6municipios/siconfi-rreo-anexo6-tabela6.3" xlink:type="simple" xlink:href="siconfi-rreo-anexo6municipios_2019-12-31.xsd#siconfi-rreo-anexo6-tabela6.3"/>
  <link:presentationLink xlink:type="extended" xlink:role="http://fazenda.gov.br/siconfi/rep/rreo/anexo6municipios/siconfi-rreo-anexo6-tabela6.3">
    <link:loc xlink:type="locator" xlink:href="siconfi-rreo-anexo6municipios_2019-12-31.xsd#siconfi-rreo-anexo6municipios_DemonstrativoAnexo6Abstract" xlink:label="DemonstrativoAnexo6Abstract" xlink:title="DemonstrativoAnexo6Abstract"/>
    <link:loc xlink:type="locator" xlink:href="siconfi-rreo-anexo6municipios_2019-12-31.xsd#siconfi-rreo-anexo6municipios_FonteAnexo6Tabela6.1Abstract" xlink:label="FonteAnexo6Tabela6.1Abstract" xlink:title="FonteAnexo6Tabela6.1Abstract"/>
    <link:presentationArc xlink:type="arc" xlink:arcrole="http://www.xbrl.org/2003/arcrole/parent-child" xlink:from="DemonstrativoAnexo6Abstract" xlink:to="FonteAnexo6Tabela6.1Abstract" xlink:title="presentation: DemonstrativoAnexo6Abstract to FonteAnexo6Tabela6.1Abstract" order="13.0"/>
    <link:loc xlink:type="locator" xlink:href="siconfi-rreo-anexo6municipios_2019-12-31.xsd#siconfi-rreo-anexo6municipios_FonteAnexo6Tabela6.1LineItems" xlink:label="FonteAnexo6Tabela6.1LineItems" xlink:title="FonteAnexo6Tabela6.1LineItems"/>
    <link:presentationArc xlink:type="arc" xlink:arcrole="http://www.xbrl.org/2003/arcrole/parent-child" xlink:from="FonteAnexo6Tabela6.1Abstract" xlink:to="FonteAnexo6Tabela6.1LineItems" xlink:title="presentation: FonteAnexo6Tabela6.1Abstract to FonteAnexo6Tabela6.1LineItems" order="1.0"/>
    <link:loc xlink:type="locator" xlink:href="../../../cor/ic/siconfi-cor_2019-12-31.xsd#siconfi-cor_RREO6FonteAnexo6Tabela6.1RREO" xlink:label="RREO6FonteAnexo6Tabela6.1RREO" xlink:title="RREO6FonteAnexo6Tabela6.1RREO"/>
    <link:presentationArc xlink:type="arc" xlink:arcrole="http://www.xbrl.org/2003/arcrole/parent-child" xlink:from="FonteAnexo6Tabela6.1LineItems" xlink:to="RREO6FonteAnexo6Tabela6.1RREO" xlink:title="presentation: FonteAnexo6Tabela6.1LineItems to RREO6FonteAnexo6Tabela6.1RREO" order="1.0"/>
    <link:loc xlink:type="locator" xlink:href="siconfi-rreo-anexo6municipios_2019-12-31.xsd#siconfi-rreo-anexo6municipios_DespesasPrimariasAbstract" xlink:label="DespesasPrimariasAbstract" xlink:title="DespesasPrimariasAbstract"/>
    <link:presentationArc xlink:type="arc" xlink:arcrole="http://www.xbrl.org/2003/arcrole/parent-child" xlink:from="DemonstrativoAnexo6Abstract" xlink:to="DespesasPrimariasAbstract" xlink:title="presentation: DemonstrativoAnexo6Abstract to DespesasPrimariasAbstract" order="2.0"/>
    <link:loc xlink:type="locator" xlink:href="siconfi-rreo-anexo6municipios_2019-12-31.xsd#siconfi-rreo-anexo6municipios_DespesasPrimariasLineItems" xlink:label="DespesasPrimariasLineItems" xlink:title="DespesasPrimariasLineItems"/>
    <link:presentationArc xlink:type="arc" xlink:arcrole="http://www.xbrl.org/2003/arcrole/parent-child" xlink:from="DespesasPrimariasAbstract" xlink:to="DespesasPrimariasLineItems" xlink:title="presentation: DespesasPrimariasAbstract to DespesasPrimariasLineItems" order="1.0"/>
    <link:loc xlink:type="locator" xlink:href="../../../cor/ic/siconfi-cor_2019-12-31.xsd#siconfi-cor_RREO6DespesasCorrentes" xlink:label="RREO6DespesasCorrentes" xlink:title="RREO6DespesasCorrentes"/>
    <link:presentationArc xlink:type="arc" xlink:arcrole="http://www.xbrl.org/2003/arcrole/parent-child" xlink:from="DespesasPrimariasLineItems" xlink:to="RREO6DespesasCorrentes" xlink:title="presentation: DespesasPrimariasLineItems to RREO6DespesasCorrentes" order="1.0"/>
    <link:loc xlink:type="locator" xlink:href="../../../cor/ic/siconfi-cor_2019-12-31.xsd#siconfi-cor_RREO6PessoalEEncargosSociais" xlink:label="RREO6PessoalEEncargosSociais" xlink:title="RREO6PessoalEEncargosSociais"/>
    <link:presentationArc xlink:type="arc" xlink:arcrole="http://www.xbrl.org/2003/arcrole/parent-child" xlink:from="RREO6DespesasCorrentes" xlink:to="RREO6PessoalEEncargosSociais" xlink:title="presentation: RREO6DespesasCorrentes to RREO6PessoalEEncargosSociais" order="1.0"/>
    <link:loc xlink:type="locator" xlink:href="../../../cor/ic/siconfi-cor_2019-12-31.xsd#siconfi-cor_RREO6JurosEEncargosDaDivida" xlink:label="RREO6JurosEEncargosDaDivida" xlink:title="RREO6JurosEEncargosDaDivida"/>
    <link:presentationArc xlink:type="arc" xlink:arcrole="http://www.xbrl.org/2003/arcrole/parent-child" xlink:from="RREO6DespesasCorrentes" xlink:to="RREO6JurosEEncargosDaDivida" xlink:title="presentation: RREO6DespesasCorrentes to RREO6JurosEEncargosDaDivida" order="2.0"/>
    <link:loc xlink:type="locator" xlink:href="../../../cor/ic/siconfi-cor_2019-12-31.xsd#siconfi-cor_RREO6OutrasDespesasCorrentes" xlink:label="RREO6OutrasDespesasCorrentes" xlink:title="RREO6OutrasDespesasCorrentes"/>
    <link:presentationArc xlink:type="arc" xlink:arcrole="http://www.xbrl.org/2003/arcrole/parent-child" xlink:from="RREO6DespesasCorrentes" xlink:to="RREO6OutrasDespesasCorrentes" xlink:title="presentation: RREO6DespesasCorrentes to RREO6OutrasDespesasCorrentes" order="3.0"/>
    <link:loc xlink:type="locator" xlink:href="../../../cor/ic/siconfi-cor_2019-12-31.xsd#siconfi-cor_RREO6DespesasPrimariasCorrentes" xlink:label="RREO6DespesasPrimariasCorrentes" xlink:title="RREO6DespesasPrimariasCorrentes"/>
    <link:presentationArc xlink:type="arc" xlink:arcrole="http://www.xbrl.org/2003/arcrole/parent-child" xlink:from="DespesasPrimariasLineItems" xlink:to="RREO6DespesasPrimariasCorrentes" xlink:title="presentation: DespesasPrimariasLineItems to RREO6DespesasPrimariasCorrentes" order="2.0"/>
    <link:loc xlink:type="locator" xlink:href="../../../cor/ic/siconfi-cor_2019-12-31.xsd#siconfi-cor_RREO6DespesasDeCapital" xlink:label="RREO6DespesasDeCapital" xlink:title="RREO6DespesasDeCapital"/>
    <link:presentationArc xlink:type="arc" xlink:arcrole="http://www.xbrl.org/2003/arcrole/parent-child" xlink:from="DespesasPrimariasLineItems" xlink:to="RREO6DespesasDeCapital" xlink:title="presentation: DespesasPrimariasLineItems to RREO6DespesasDeCapital" order="3.0"/>
    <link:loc xlink:type="locator" xlink:href="../../../cor/ic/siconfi-cor_2019-12-31.xsd#siconfi-cor_RREO6Investimentos" xlink:label="RREO6Investimentos" xlink:title="RREO6Investimentos"/>
    <link:presentationArc xlink:type="arc" xlink:arcrole="http://www.xbrl.org/2003/arcrole/parent-child" xlink:from="RREO6DespesasDeCapital" xlink:to="RREO6Investimentos" xlink:title="presentation: RREO6DespesasDeCapital to RREO6Investimentos" order="1.0"/>
    <link:loc xlink:type="locator" xlink:href="../../../cor/ic/siconfi-cor_2019-12-31.xsd#siconfi-cor_RREO6InversoesFinanceiras" xlink:label="RREO6InversoesFinanceiras" xlink:title="RREO6InversoesFinanceiras"/>
    <link:presentationArc xlink:type="arc" xlink:arcrole="http://www.xbrl.org/2003/arcrole/parent-child" xlink:from="RREO6DespesasDeCapital" xlink:to="RREO6InversoesFinanceiras" xlink:title="presentation: RREO6DespesasDeCapital to RREO6InversoesFinanceiras" order="2.0"/>
    <link:loc xlink:type="locator" xlink:href="../../../cor/ic/siconfi-cor_2019-12-31.xsd#siconfi-cor_RREO6ConcessaoDeEmprestimos" xlink:label="RREO6ConcessaoDeEmprestimos" xlink:title="RREO6ConcessaoDeEmprestimos"/>
    <link:presentationArc xlink:type="arc" xlink:arcrole="http://www.xbrl.org/2003/arcrole/parent-child" xlink:from="RREO6InversoesFinanceiras" xlink:to="RREO6ConcessaoDeEmprestimos" xlink:title="presentation: RREO6InversoesFinanceiras to RREO6ConcessaoDeEmprestimos" order="1.0"/>
    <link:loc xlink:type="locator" xlink:href="../../../cor/ic/siconfi-cor_2019-12-31.xsd#siconfi-cor_RREO6AquisicaoDeTituloDeCapitalJaIntegralizado" xlink:label="RREO6AquisicaoDeTituloDeCapitalJaIntegralizado" xlink:title="RREO6AquisicaoDeTituloDeCapitalJaIntegralizado"/>
    <link:presentationArc xlink:type="arc" xlink:arcrole="http://www.xbrl.org/2003/arcrole/parent-child" xlink:from="RREO6InversoesFinanceiras" xlink:to="RREO6AquisicaoDeTituloDeCapitalJaIntegralizado" xlink:title="presentation: RREO6InversoesFinanceiras to RREO6AquisicaoDeTituloDeCapitalJaIntegralizado" order="2.0"/>
    <link:loc xlink:type="locator" xlink:href="../../../cor/ic/siconfi-cor_2019-12-31.xsd#siconfi-cor_AquisicaoDeTituloDeCredito" xlink:label="AquisicaoDeTituloDeCredito" xlink:title="AquisicaoDeTituloDeCredito"/>
    <link:presentationArc xlink:type="arc" xlink:arcrole="http://www.xbrl.org/2003/arcrole/parent-child" xlink:from="RREO6InversoesFinanceiras" xlink:to="AquisicaoDeTituloDeCredito" xlink:title="presentation: RREO6InversoesFinanceiras to AquisicaoDeTituloDeCredito" order="3.0"/>
    <link:loc xlink:type="locator" xlink:href="../../../cor/ic/siconfi-cor_2019-12-31.xsd#siconfi-cor_RREO6DemaisInversoesFinanceiras" xlink:label="RREO6DemaisInversoesFinanceiras" xlink:title="RREO6DemaisInversoesFinanceiras"/>
    <link:presentationArc xlink:type="arc" xlink:arcrole="http://www.xbrl.org/2003/arcrole/parent-child" xlink:from="RREO6InversoesFinanceiras" xlink:to="RREO6DemaisInversoesFinanceiras" xlink:title="presentation: RREO6InversoesFinanceiras to RREO6DemaisInversoesFinanceiras" order="4.0"/>
    <link:loc xlink:type="locator" xlink:href="../../../cor/ic/siconfi-cor_2019-12-31.xsd#siconfi-cor_RREO6AmortizacaoDaDivida" xlink:label="RREO6AmortizacaoDaDivida" xlink:title="RREO6AmortizacaoDaDivida"/>
    <link:presentationArc xlink:type="arc" xlink:arcrole="http://www.xbrl.org/2003/arcrole/parent-child" xlink:from="RREO6DespesasDeCapital" xlink:to="RREO6AmortizacaoDaDivida" xlink:title="presentation: RREO6DespesasDeCapital to RREO6AmortizacaoDaDivida" order="3.0"/>
    <link:loc xlink:type="locator" xlink:href="../../../cor/ic/siconfi-cor_2019-12-31.xsd#siconfi-cor_RREO6DespesasPrimariasDeCapital" xlink:label="RREO6DespesasPrimariasDeCapital" xlink:title="RREO6DespesasPrimariasDeCapital"/>
    <link:presentationArc xlink:type="arc" xlink:arcrole="http://www.xbrl.org/2003/arcrole/parent-child" xlink:from="DespesasPrimariasLineItems" xlink:to="RREO6DespesasPrimariasDeCapital" xlink:title="presentation: DespesasPrimariasLineItems to RREO6DespesasPrimariasDeCapital" order="4.0"/>
    <link:loc xlink:type="locator" xlink:href="../../../cor/ic/siconfi-cor_2019-12-31.xsd#siconfi-cor_RREO6ReservaDeContingencia" xlink:label="RREO6ReservaDeContingencia" xlink:title="RREO6ReservaDeContingencia"/>
    <link:presentationArc xlink:type="arc" xlink:arcrole="http://www.xbrl.org/2003/arcrole/parent-child" xlink:from="DespesasPrimariasLineItems" xlink:to="RREO6ReservaDeContingencia" xlink:title="presentation: DespesasPrimariasLineItems to RREO6ReservaDeContingencia" order="5.0"/>
    <link:loc xlink:type="locator" xlink:href="../../../cor/ic/siconfi-cor_2019-12-31.xsd#siconfi-cor_RREO6TotalDespesaPrimaria" xlink:label="RREO6TotalDespesaPrimaria" xlink:title="RREO6TotalDespesaPrimaria"/>
    <link:presentationArc xlink:type="arc" xlink:arcrole="http://www.xbrl.org/2003/arcrole/parent-child" xlink:from="DespesasPrimariasLineItems" xlink:to="RREO6TotalDespesaPrimaria" xlink:title="presentation: DespesasPrimariasLineItems to RREO6TotalDespesaPrimaria" order="6.0"/>
    <link:loc xlink:type="locator" xlink:href="siconfi-rreo-anexo6municipios_2019-12-31.xsd#siconfi-rreo-anexo6municipios_DespesasPrimariasTable" xlink:label="DespesasPrimariasTable" xlink:title="DespesasPrimariasTable"/>
    <link:presentationArc xlink:type="arc" xlink:arcrole="http://www.xbrl.org/2003/arcrole/parent-child" xlink:from="DespesasPrimariasAbstract" xlink:to="DespesasPrimariasTable" xlink:title="presentation: DespesasPrimariasAbstract to DespesasPrimariasTable" order="2.0" xbrldt:contextElement="segment" xbrldt:closed="true"/>
    <link:loc xlink:type="locator" xlink:href="../../../cor/dim/siconfi-dim_2019-12-31.xsd#siconfi-dim_RREO06ExecucaoDaDespesaAxis" xlink:label="RREO06ExecucaoDaDespesaAxis" xlink:title="RREO06ExecucaoDaDespesaAxis"/>
    <link:presentationArc xlink:type="arc" xlink:arcrole="http://www.xbrl.org/2003/arcrole/parent-child" xlink:from="DespesasPrimariasTable" xlink:to="RREO06ExecucaoDaDespesaAxis" xlink:title="presentation: DespesasPrimariasTable to RREO06ExecucaoDaDespesaAxis" order="1.0"/>
    <link:loc xlink:type="locator" xlink:href="../../../cor/dim/siconfi-dim_2019-12-31.xsd#siconfi-dim_DotacaoAtualizadaMember" xlink:label="DotacaoAtualizadaMember" xlink:title="DotacaoAtualizadaMember"/>
    <link:presentationArc xlink:type="arc" xlink:arcrole="http://www.xbrl.org/2003/arcrole/parent-child" xlink:from="RREO06ExecucaoDaDespesaAxis" xlink:to="DotacaoAtualizadaMember" xlink:title="presentation: RREO06ExecucaoDaDespesaAxis to DotacaoAtualizadaMember" order="1.0"/>
    <link:loc xlink:type="locator" xlink:href="../../../cor/dim/siconfi-dim_2019-12-31.xsd#siconfi-dim_DespesasAteOBimestreMember" xlink:label="DespesasAteOBimestreMember" xlink:title="DespesasAteOBimestreMember"/>
    <link:presentationArc xlink:type="arc" xlink:arcrole="http://www.xbrl.org/2003/arcrole/parent-child" xlink:from="RREO06ExecucaoDaDespesaAxis" xlink:to="DespesasAteOBimestreMember" xlink:title="presentation: RREO06ExecucaoDaDespesaAxis to DespesasAteOBimestreMember" order="2.0" xbrldt:usable="false"/>
    <link:loc xlink:type="locator" xlink:href="../../../cor/dim/siconfi-dim_2019-12-31.xsd#siconfi-dim_DespesasEmpenhadasMember" xlink:label="DespesasEmpenhadasMember" xlink:title="DespesasEmpenhadasMember"/>
    <link:presentationArc xlink:type="arc" xlink:arcrole="http://www.xbrl.org/2003/arcrole/parent-child" xlink:from="DespesasAteOBimestreMember" xlink:to="DespesasEmpenhadasMember" xlink:title="presentation: DespesasAteOBimestreMember to DespesasEmpenhadasMember" order="1.0"/>
    <link:loc xlink:type="locator" xlink:href="../../../cor/dim/siconfi-dim_2019-12-31.xsd#siconfi-dim_DespesasLiquidadasMember" xlink:label="DespesasLiquidadasMember" xlink:title="DespesasLiquidadasMember"/>
    <link:presentationArc xlink:type="arc" xlink:arcrole="http://www.xbrl.org/2003/arcrole/parent-child" xlink:from="DespesasAteOBimestreMember" xlink:to="DespesasLiquidadasMember" xlink:title="presentation: DespesasAteOBimestreMember to DespesasLiquidadasMember" order="2.0"/>
    <link:loc xlink:type="locator" xlink:href="../../../cor/dim/siconfi-dim_2019-12-31.xsd#siconfi-dim_DespesasPagasAteOBimestreMember" xlink:label="DespesasPagasAteOBimestreMember" xlink:title="DespesasPagasAteOBimestreMember"/>
    <link:presentationArc xlink:type="arc" xlink:arcrole="http://www.xbrl.org/2003/arcrole/parent-child" xlink:from="DespesasAteOBimestreMember" xlink:to="DespesasPagasAteOBimestreMember" xlink:title="presentation: DespesasAteOBimestreMember to DespesasPagasAteOBimestreMember" order="3.0"/>
    <link:loc xlink:type="locator" xlink:href="../../../cor/dim/siconfi-dim_2019-12-31.xsd#siconfi-dim_RestosAPagarProcessadosPagosMember" xlink:label="RestosAPagarProcessadosPagosMember" xlink:title="RestosAPagarProcessadosPagosMember"/>
    <link:presentationArc xlink:type="arc" xlink:arcrole="http://www.xbrl.org/2003/arcrole/parent-child" xlink:from="DespesasAteOBimestreMember" xlink:to="RestosAPagarProcessadosPagosMember" xlink:title="presentation: DespesasAteOBimestreMember to RestosAPagarProcessadosPagosMember" order="4.0"/>
    <link:loc xlink:type="locator" xlink:href="../../../cor/dim/siconfi-dim_2019-12-31.xsd#siconfi-dim_DespesasInscritasEmRestosAPagarNaoProcessadosMember" xlink:label="DespesasInscritasEmRestosAPagarNaoProcessadosMember" xlink:title="DespesasInscritasEmRestosAPagarNaoProcessadosMember"/>
    <link:presentationArc xlink:type="arc" xlink:arcrole="http://www.xbrl.org/2003/arcrole/parent-child" xlink:from="DespesasAteOBimestreMember" xlink:to="DespesasInscritasEmRestosAPagarNaoProcessadosMember" xlink:title="presentation: DespesasAteOBimestreMember to DespesasInscritasEmRestosAPagarNaoProcessadosMember" order="5.0" xbrldt:usable="false"/>
    <link:loc xlink:type="locator" xlink:href="../../../cor/dim/siconfi-dim_2019-12-31.xsd#siconfi-dim_RestosAPagarNaoProcessadosLiquidadosMember" xlink:label="RestosAPagarNaoProcessadosLiquidadosMember" xlink:title="RestosAPagarNaoProcessadosLiquidadosMember"/>
    <link:presentationArc xlink:type="arc" xlink:arcrole="http://www.xbrl.org/2003/arcrole/parent-child" xlink:from="DespesasInscritasEmRestosAPagarNaoProcessadosMember" xlink:to="RestosAPagarNaoProcessadosLiquidadosMember" xlink:title="presentation: DespesasInscritasEmRestosAPagarNaoProcessadosMember to RestosAPagarNaoProcessadosLiquidadosMember" order="1.0"/>
    <link:loc xlink:type="locator" xlink:href="../../../cor/dim/siconfi-dim_2019-12-31.xsd#siconfi-dim_RestosAPagarNaoProcessadosPagosMember" xlink:label="RestosAPagarNaoProcessadosPagosMember" xlink:title="RestosAPagarNaoProcessadosPagosMember"/>
    <link:presentationArc xlink:type="arc" xlink:arcrole="http://www.xbrl.org/2003/arcrole/parent-child" xlink:from="DespesasInscritasEmRestosAPagarNaoProcessadosMember" xlink:to="RestosAPagarNaoProcessadosPagosMember" xlink:title="presentation: DespesasInscritasEmRestosAPagarNaoProcessadosMember to RestosAPagarNaoProcessadosPagosMember" order="2.0"/>
    <link:loc xlink:type="locator" xlink:href="siconfi-rreo-anexo6municipios_2019-12-31.xsd#siconfi-rreo-anexo6municipios_ResultadoPrimarioAcimaDaLinhaAbstract" xlink:label="ResultadoPrimarioAcimaDaLinhaAbstract" xlink:title="ResultadoPrimarioAcimaDaLinhaAbstract"/>
    <link:presentationArc xlink:type="arc" xlink:arcrole="http://www.xbrl.org/2003/arcrole/parent-child" xlink:from="DemonstrativoAnexo6Abstract" xlink:to="ResultadoPrimarioAcimaDaLinhaAbstract" xlink:title="presentation: DemonstrativoAnexo6Abstract to ResultadoPrimarioAcimaDaLinhaAbstract" order="3.0"/>
    <link:loc xlink:type="locator" xlink:href="siconfi-rreo-anexo6municipios_2019-12-31.xsd#siconfi-rreo-anexo6municipios_ResultadoPrimarioAcimaDaLinhaLineItems" xlink:label="ResultadoPrimarioAcimaDaLinhaLineItems" xlink:title="ResultadoPrimarioAcimaDaLinhaLineItems"/>
    <link:presentationArc xlink:type="arc" xlink:arcrole="http://www.xbrl.org/2003/arcrole/parent-child" xlink:from="ResultadoPrimarioAcimaDaLinhaAbstract" xlink:to="ResultadoPrimarioAcimaDaLinhaLineItems" xlink:title="presentation: ResultadoPrimarioAcimaDaLinhaAbstract to ResultadoPrimarioAcimaDaLinhaLineItems" order="1.0"/>
    <link:loc xlink:type="locator" xlink:href="../../../cor/ic/siconfi-cor_2019-12-31.xsd#siconfi-cor_RREO6ResultadoPrimarioEstadosMunicipios" xlink:label="RREO6ResultadoPrimarioEstadosMunicipios" xlink:title="RREO6ResultadoPrimarioEstadosMunicipios"/>
    <link:presentationArc xlink:type="arc" xlink:arcrole="http://www.xbrl.org/2003/arcrole/parent-child" xlink:from="ResultadoPrimarioAcimaDaLinhaLineItems" xlink:to="RREO6ResultadoPrimarioEstadosMunicipios" xlink:title="presentation: ResultadoPrimarioAcimaDaLinhaLineItems to RREO6ResultadoPrimarioEstadosMunicipios" order="1.0"/>
    <link:loc xlink:type="locator" xlink:href="siconfi-rreo-anexo6municipios_2019-12-31.xsd#siconfi-rreo-anexo6municipios_ResultadoPrimarioAcimaDaLinhaTable" xlink:label="ResultadoPrimarioAcimaDaLinhaTable" xlink:title="ResultadoPrimarioAcimaDaLinhaTable"/>
    <link:presentationArc xlink:type="arc" xlink:arcrole="http://www.xbrl.org/2003/arcrole/parent-child" xlink:from="ResultadoPrimarioAcimaDaLinhaAbstract" xlink:to="ResultadoPrimarioAcimaDaLinhaTable" xlink:title="presentation: ResultadoPrimarioAcimaDaLinhaAbstract to ResultadoPrimarioAcimaDaLinhaTable" order="2.0" xbrldt:contextElement="segment"/>
    <link:loc xlink:type="locator" xlink:href="../../../cor/dim/siconfi-dim_2019-12-31.xsd#siconfi-dim_VerificacaoMetasResultadosNominalPrimarioAxis" xlink:label="VerificacaoMetasResultadosNominalPrimarioAxis" xlink:title="VerificacaoMetasResultadosNominalPrimarioAxis"/>
    <link:presentationArc xlink:type="arc" xlink:arcrole="http://www.xbrl.org/2003/arcrole/parent-child" xlink:from="ResultadoPrimarioAcimaDaLinhaTable" xlink:to="VerificacaoMetasResultadosNominalPrimarioAxis" xlink:title="presentation: ResultadoPrimarioAcimaDaLinhaTable to VerificacaoMetasResultadosNominalPrimarioAxis" order="1.0"/>
    <link:loc xlink:type="locator" xlink:href="../../../cor/dim/siconfi-dim_2019-12-31.xsd#siconfi-dim_ValorMember" xlink:label="ValorMember" xlink:title="ValorMember"/>
    <link:presentationArc xlink:type="arc" xlink:arcrole="http://www.xbrl.org/2003/arcrole/parent-child" xlink:from="VerificacaoMetasResultadosNominalPrimarioAxis" xlink:to="ValorMember" xlink:title="presentation: VerificacaoMetasResultadosNominalPrimarioAxis to ValorMember" order="1.0"/>
    <link:loc xlink:type="locator" xlink:href="siconfi-rreo-anexo6municipios_2019-12-31.xsd#siconfi-rreo-anexo6municipios_JurosNominaisAbstract" xlink:label="JurosNominaisAbstract" xlink:title="JurosNominaisAbstract"/>
    <link:presentationArc xlink:type="arc" xlink:arcrole="http://www.xbrl.org/2003/arcrole/parent-child" xlink:from="DemonstrativoAnexo6Abstract" xlink:to="JurosNominaisAbstract" xlink:title="presentation: DemonstrativoAnexo6Abstract to JurosNominaisAbstract" order="5.0"/>
    <link:loc xlink:type="locator" xlink:href="siconfi-rreo-anexo6municipios_2019-12-31.xsd#siconfi-rreo-anexo6municipios_JurosNominaisLineItems" xlink:label="JurosNominaisLineItems" xlink:title="JurosNominaisLineItems"/>
    <link:presentationArc xlink:type="arc" xlink:arcrole="http://www.xbrl.org/2003/arcrole/parent-child" xlink:from="JurosNominaisAbstract" xlink:to="JurosNominaisLineItems" xlink:title="presentation: JurosNominaisAbstract to JurosNominaisLineItems" order="1.0"/>
    <link:loc xlink:type="locator" xlink:href="../../../cor/ic/siconfi-cor_2019-12-31.xsd#siconfi-cor_JurosEEncargosAtivos" xlink:label="JurosEEncargosAtivos" xlink:title="JurosEEncargosAtivos"/>
    <link:presentationArc xlink:type="arc" xlink:arcrole="http://www.xbrl.org/2003/arcrole/parent-child" xlink:from="JurosNominaisLineItems" xlink:to="JurosEEncargosAtivos" xlink:title="presentation: JurosNominaisLineItems to JurosEEncargosAtivos" order="1.0"/>
    <link:loc xlink:type="locator" xlink:href="../../../cor/ic/siconfi-cor_2019-12-31.xsd#siconfi-cor_JurosEEncargosPassivos" xlink:label="JurosEEncargosPassivos" xlink:title="JurosEEncargosPassivos"/>
    <link:presentationArc xlink:type="arc" xlink:arcrole="http://www.xbrl.org/2003/arcrole/parent-child" xlink:from="JurosNominaisLineItems" xlink:to="JurosEEncargosPassivos" xlink:title="presentation: JurosNominaisLineItems to JurosEEncargosPassivos" order="2.0"/>
    <link:loc xlink:type="locator" xlink:href="siconfi-rreo-anexo6municipios_2019-12-31.xsd#siconfi-rreo-anexo6municipios_JurosNominaisTable" xlink:label="JurosNominaisTable" xlink:title="JurosNominaisTable"/>
    <link:presentationArc xlink:type="arc" xlink:arcrole="http://www.xbrl.org/2003/arcrole/parent-child" xlink:from="JurosNominaisAbstract" xlink:to="JurosNominaisTable" xlink:title="presentation: JurosNominaisAbstract to JurosNominaisTable" order="2.0" xbrldt:contextElement="segment"/>
    <link:loc xlink:type="locator" xlink:href="../../../cor/dim/siconfi-dim_2019-12-31.xsd#siconfi-dim_ValorAteOBimestreAxis" xlink:label="ValorAteOBimestreAxis" xlink:title="ValorAteOBimestreAxis"/>
    <link:presentationArc xlink:type="arc" xlink:arcrole="http://www.xbrl.org/2003/arcrole/parent-child" xlink:from="JurosNominaisTable" xlink:to="ValorAteOBimestreAxis" xlink:title="presentation: JurosNominaisTable to ValorAteOBimestreAxis" order="1.0"/>
    <link:presentationArc xlink:type="arc" xlink:arcrole="http://www.xbrl.org/2003/arcrole/parent-child" xlink:from="ValorAteOBimestreAxis" xlink:to="ValorMember" xlink:title="presentation: ValorAteOBimestreAxis to ValorMember" order="1.0"/>
    <link:loc xlink:type="locator" xlink:href="siconfi-rreo-anexo6municipios_2019-12-31.xsd#siconfi-rreo-anexo6municipios_DividaConsolidadaLiquidaAbstract" xlink:label="DividaConsolidadaLiquidaAbstract" xlink:title="DividaConsolidadaLiquidaAbstract"/>
    <link:presentationArc xlink:type="arc" xlink:arcrole="http://www.xbrl.org/2003/arcrole/parent-child" xlink:from="DemonstrativoAnexo6Abstract" xlink:to="DividaConsolidadaLiquidaAbstract" xlink:title="presentation: DemonstrativoAnexo6Abstract to DividaConsolidadaLiquidaAbstract" order="8.0"/>
    <link:loc xlink:type="locator" xlink:href="siconfi-rreo-anexo6municipios_2019-12-31.xsd#siconfi-rreo-anexo6municipios_DividaConsolidadaLiquidaLineItems" xlink:label="DividaConsolidadaLiquidaLineItems" xlink:title="DividaConsolidadaLiquidaLineItems"/>
    <link:presentationArc xlink:type="arc" xlink:arcrole="http://www.xbrl.org/2003/arcrole/parent-child" xlink:from="DividaConsolidadaLiquidaAbstract" xlink:to="DividaConsolidadaLiquidaLineItems" xlink:title="presentation: DividaConsolidadaLiquidaAbstract to DividaConsolidadaLiquidaLineItems" order="1.0"/>
    <link:loc xlink:type="locator" xlink:href="../../../cor/ic/siconfi-cor_2019-12-31.xsd#siconfi-cor_DividaConsolidada" xlink:label="DividaConsolidada" xlink:title="DividaConsolidada"/>
    <link:presentationArc xlink:type="arc" xlink:arcrole="http://www.xbrl.org/2003/arcrole/parent-child" xlink:from="DividaConsolidadaLiquidaLineItems" xlink:to="DividaConsolidada" xlink:title="presentation: DividaConsolidadaLiquidaLineItems to DividaConsolidada" order="1.0"/>
    <link:loc xlink:type="locator" xlink:href="../../../cor/ic/siconfi-cor_2019-12-31.xsd#siconfi-cor_DeducoesDaDividaConsolidada" xlink:label="DeducoesDaDividaConsolidada" xlink:title="DeducoesDaDividaConsolidada"/>
    <link:presentationArc xlink:type="arc" xlink:arcrole="http://www.xbrl.org/2003/arcrole/parent-child" xlink:from="DividaConsolidadaLiquidaLineItems" xlink:to="DeducoesDaDividaConsolidada" xlink:title="presentation: DividaConsolidadaLiquidaLineItems to DeducoesDaDividaConsolidada" order="2.0"/>
    <link:loc xlink:type="locator" xlink:href="../../../cor/ic/siconfi-cor_2019-12-31.xsd#siconfi-cor_RREO5DisponibilidadeDeCaixa" xlink:label="RREO5DisponibilidadeDeCaixa" xlink:title="RREO5DisponibilidadeDeCaixa"/>
    <link:presentationArc xlink:type="arc" xlink:arcrole="http://www.xbrl.org/2003/arcrole/parent-child" xlink:from="DeducoesDaDividaConsolidada" xlink:to="RREO5DisponibilidadeDeCaixa" xlink:title="presentation: DeducoesDaDividaConsolidada to RREO5DisponibilidadeDeCaixa" order="1.0"/>
    <link:loc xlink:type="locator" xlink:href="../../../cor/ic/siconfi-cor_2019-12-31.xsd#siconfi-cor_DisponibilidadeDeCaixaBruta" xlink:label="DisponibilidadeDeCaixaBruta" xlink:title="DisponibilidadeDeCaixaBruta"/>
    <link:presentationArc xlink:type="arc" xlink:arcrole="http://www.xbrl.org/2003/arcrole/parent-child" xlink:from="RREO5DisponibilidadeDeCaixa" xlink:to="DisponibilidadeDeCaixaBruta" xlink:title="presentation: RREO5DisponibilidadeDeCaixa to DisponibilidadeDeCaixaBruta" order="1.0"/>
    <link:loc xlink:type="locator" xlink:href="../../../cor/ic/siconfi-cor_2019-12-31.xsd#siconfi-cor_RestosAPagarProcessadosExcetoPrecatorios" xlink:label="RestosAPagarProcessadosExcetoPrecatorios" xlink:title="RestosAPagarProcessadosExcetoPrecatorios"/>
    <link:presentationArc xlink:type="arc" xlink:arcrole="http://www.xbrl.org/2003/arcrole/parent-child" xlink:from="RREO5DisponibilidadeDeCaixa" xlink:to="RestosAPagarProcessadosExcetoPrecatorios" xlink:title="presentation: RREO5DisponibilidadeDeCaixa to RestosAPagarProcessadosExcetoPrecatorios" order="2.0"/>
    <link:loc xlink:type="locator" xlink:href="../../../cor/ic/siconfi-cor_2019-12-31.xsd#siconfi-cor_DemaisHaveresFinanceiros" xlink:label="DemaisHaveresFinanceiros" xlink:title="DemaisHaveresFinanceiros"/>
    <link:presentationArc xlink:type="arc" xlink:arcrole="http://www.xbrl.org/2003/arcrole/parent-child" xlink:from="DeducoesDaDividaConsolidada" xlink:to="DemaisHaveresFinanceiros" xlink:title="presentation: DeducoesDaDividaConsolidada to DemaisHaveresFinanceiros" order="2.0"/>
    <link:loc xlink:type="locator" xlink:href="../../../cor/ic/siconfi-cor_2019-12-31.xsd#siconfi-cor_DividaConsolidadaLiquida" xlink:label="DividaConsolidadaLiquida" xlink:title="DividaConsolidadaLiquida"/>
    <link:presentationArc xlink:type="arc" xlink:arcrole="http://www.xbrl.org/2003/arcrole/parent-child" xlink:from="DividaConsolidadaLiquidaLineItems" xlink:to="DividaConsolidadaLiquida" xlink:title="presentation: DividaConsolidadaLiquidaLineItems to DividaConsolidadaLiquida" order="3.0"/>
    <link:loc xlink:type="locator" xlink:href="siconfi-rreo-anexo6municipios_2019-12-31.xsd#siconfi-rreo-anexo6municipios_DividaConsolidadaLiquidaTable" xlink:label="DividaConsolidadaLiquidaTable" xlink:title="DividaConsolidadaLiquidaTable"/>
    <link:presentationArc xlink:type="arc" xlink:arcrole="http://www.xbrl.org/2003/arcrole/parent-child" xlink:from="DividaConsolidadaLiquidaAbstract" xlink:to="DividaConsolidadaLiquidaTable" xlink:title="presentation: DividaConsolidadaLiquidaAbstract to DividaConsolidadaLiquidaTable" order="2.0" xbrldt:contextElement="segment"/>
    <link:loc xlink:type="locator" xlink:href="../../../cor/dim/siconfi-dim_2019-12-31.xsd#siconfi-dim_SaldoResultadoNominalAxis" xlink:label="SaldoResultadoNominalAxis" xlink:title="SaldoResultadoNominalAxis"/>
    <link:presentationArc xlink:type="arc" xlink:arcrole="http://www.xbrl.org/2003/arcrole/parent-child" xlink:from="DividaConsolidadaLiquidaTable" xlink:to="SaldoResultadoNominalAxis" xlink:title="presentation: DividaConsolidadaLiquidaTable to SaldoResultadoNominalAxis" order="1.0"/>
    <link:loc xlink:type="locator" xlink:href="../../../cor/dim/siconfi-dim_2019-12-31.xsd#siconfi-dim_ExercicioAnteriorMember" xlink:label="ExercicioAnteriorMember" xlink:title="ExercicioAnteriorMember"/>
    <link:presentationArc xlink:type="arc" xlink:arcrole="http://www.xbrl.org/2003/arcrole/parent-child" xlink:from="SaldoResultadoNominalAxis" xlink:to="ExercicioAnteriorMember" xlink:title="presentation: SaldoResultadoNominalAxis to ExercicioAnteriorMember" order="1.0"/>
    <link:loc xlink:type="locator" xlink:href="../../../cor/dim/siconfi-dim_2019-12-31.xsd#siconfi-dim_ResultadoApuradoAteOBimestreMember" xlink:label="ResultadoApuradoAteOBimestreMember" xlink:title="ResultadoApuradoAteOBimestreMember"/>
    <link:presentationArc xlink:type="arc" xlink:arcrole="http://www.xbrl.org/2003/arcrole/parent-child" xlink:from="SaldoResultadoNominalAxis" xlink:to="ResultadoApuradoAteOBimestreMember" xlink:title="presentation: SaldoResultadoNominalAxis to ResultadoApuradoAteOBimestreMember" order="2.0"/>
    <link:loc xlink:type="locator" xlink:href="siconfi-rreo-anexo6municipios_2019-12-31.xsd#siconfi-rreo-anexo6municipios_ResultadoNominalAbaixoDaLinhaAbstract" xlink:label="ResultadoNominalAbaixoDaLinhaAbstract" xlink:title="ResultadoNominalAbaixoDaLinhaAbstract"/>
    <link:presentationArc xlink:type="arc" xlink:arcrole="http://www.xbrl.org/2003/arcrole/parent-child" xlink:from="DemonstrativoAnexo6Abstract" xlink:to="ResultadoNominalAbaixoDaLinhaAbstract" xlink:title="presentation: DemonstrativoAnexo6Abstract to ResultadoNominalAbaixoDaLinhaAbstract" order="9.0"/>
    <link:loc xlink:type="locator" xlink:href="siconfi-rreo-anexo6municipios_2019-12-31.xsd#siconfi-rreo-anexo6municipios_ResultadoNominalAbaixoDaLinhaLineItems" xlink:label="ResultadoNominalAbaixoDaLinhaLineItems" xlink:title="ResultadoNominalAbaixoDaLinhaLineItems"/>
    <link:presentationArc xlink:type="arc" xlink:arcrole="http://www.xbrl.org/2003/arcrole/parent-child" xlink:from="ResultadoNominalAbaixoDaLinhaAbstract" xlink:to="ResultadoNominalAbaixoDaLinhaLineItems" xlink:title="presentation: ResultadoNominalAbaixoDaLinhaAbstract to ResultadoNominalAbaixoDaLinhaLineItems" order="1.0"/>
    <link:loc xlink:type="locator" xlink:href="../../../cor/ic/siconfi-cor_2019-12-31.xsd#siconfi-cor_ResultadoNominalAbaixoDaLinha" xlink:label="ResultadoNominalAbaixoDaLinha" xlink:title="ResultadoNominalAbaixoDaLinha"/>
    <link:presentationArc xlink:type="arc" xlink:arcrole="http://www.xbrl.org/2003/arcrole/parent-child" xlink:from="ResultadoNominalAbaixoDaLinhaLineItems" xlink:to="ResultadoNominalAbaixoDaLinha" xlink:title="presentation: ResultadoNominalAbaixoDaLinhaLineItems to ResultadoNominalAbaixoDaLinha" order="1.0"/>
    <link:loc xlink:type="locator" xlink:href="siconfi-rreo-anexo6municipios_2019-12-31.xsd#siconfi-rreo-anexo6municipios_ResultadoNominalAbaixoDaLinhaTable" xlink:label="ResultadoNominalAbaixoDaLinhaTable" xlink:title="ResultadoNominalAbaixoDaLinhaTable"/>
    <link:presentationArc xlink:type="arc" xlink:arcrole="http://www.xbrl.org/2003/arcrole/parent-child" xlink:from="ResultadoNominalAbaixoDaLinhaAbstract" xlink:to="ResultadoNominalAbaixoDaLinhaTable" xlink:title="presentation: ResultadoNominalAbaixoDaLinhaAbstract to ResultadoNominalAbaixoDaLinhaTable" order="2.0" xbrldt:contextElement="segment"/>
    <link:loc xlink:type="locator" xlink:href="../../../cor/dim/siconfi-dim_2019-12-31.xsd#siconfi-dim_AteOBimestreDeReferenciaAxis" xlink:label="AteOBimestreDeReferenciaAxis" xlink:title="AteOBimestreDeReferenciaAxis"/>
    <link:presentationArc xlink:type="arc" xlink:arcrole="http://www.xbrl.org/2003/arcrole/parent-child" xlink:from="ResultadoNominalAbaixoDaLinhaTable" xlink:to="AteOBimestreDeReferenciaAxis" xlink:title="presentation: ResultadoNominalAbaixoDaLinhaTable to AteOBimestreDeReferenciaAxis" order="1.0"/>
    <link:loc xlink:type="locator" xlink:href="../../../cor/dim/siconfi-dim_2019-12-31.xsd#siconfi-dim_SaldoMember" xlink:label="SaldoMember" xlink:title="SaldoMember"/>
    <link:presentationArc xlink:type="arc" xlink:arcrole="http://www.xbrl.org/2003/arcrole/parent-child" xlink:from="AteOBimestreDeReferenciaAxis" xlink:to="SaldoMember" xlink:title="presentation: AteOBimestreDeReferenciaAxis to SaldoMember" order="1.0"/>
    <link:loc xlink:type="locator" xlink:href="siconfi-rreo-anexo6municipios_2019-12-31.xsd#siconfi-rreo-anexo6municipios_ResultadoPrimarioAbaixoDaLinhaAbstract" xlink:label="ResultadoPrimarioAbaixoDaLinhaAbstract" xlink:title="ResultadoPrimarioAbaixoDaLinhaAbstract"/>
    <link:presentationArc xlink:type="arc" xlink:arcrole="http://www.xbrl.org/2003/arcrole/parent-child" xlink:from="DemonstrativoAnexo6Abstract" xlink:to="ResultadoPrimarioAbaixoDaLinhaAbstract" xlink:title="presentation: DemonstrativoAnexo6Abstract to ResultadoPrimarioAbaixoDaLinhaAbstract" order="11.0"/>
    <link:loc xlink:type="locator" xlink:href="siconfi-rreo-anexo6municipios_2019-12-31.xsd#siconfi-rreo-anexo6municipios_ResultadoPrimarioAbaixoDaLinhaLineItems" xlink:label="ResultadoPrimarioAbaixoDaLinhaLineItems" xlink:title="ResultadoPrimarioAbaixoDaLinhaLineItems"/>
    <link:presentationArc xlink:type="arc" xlink:arcrole="http://www.xbrl.org/2003/arcrole/parent-child" xlink:from="ResultadoPrimarioAbaixoDaLinhaAbstract" xlink:to="ResultadoPrimarioAbaixoDaLinhaLineItems" xlink:title="presentation: ResultadoPrimarioAbaixoDaLinhaAbstract to ResultadoPrimarioAbaixoDaLinhaLineItems" order="1.0"/>
    <link:loc xlink:type="locator" xlink:href="../../../cor/ic/siconfi-cor_2019-12-31.xsd#siconfi-cor_ResultadoPrimarioAbaixoDaLinha" xlink:label="ResultadoPrimarioAbaixoDaLinha" xlink:title="ResultadoPrimarioAbaixoDaLinha"/>
    <link:presentationArc xlink:type="arc" xlink:arcrole="http://www.xbrl.org/2003/arcrole/parent-child" xlink:from="ResultadoPrimarioAbaixoDaLinhaLineItems" xlink:to="ResultadoPrimarioAbaixoDaLinha" xlink:title="presentation: ResultadoPrimarioAbaixoDaLinhaLineItems to ResultadoPrimarioAbaixoDaLinha" order="1.0"/>
    <link:loc xlink:type="locator" xlink:href="siconfi-rreo-anexo6municipios_2019-12-31.xsd#siconfi-rreo-anexo6municipios_ResultadoPrimarioAbaixoDaLinhaTable" xlink:label="ResultadoPrimarioAbaixoDaLinhaTable" xlink:title="ResultadoPrimarioAbaixoDaLinhaTable"/>
    <link:presentationArc xlink:type="arc" xlink:arcrole="http://www.xbrl.org/2003/arcrole/parent-child" xlink:from="ResultadoPrimarioAbaixoDaLinhaAbstract" xlink:to="ResultadoPrimarioAbaixoDaLinhaTable" xlink:title="presentation: ResultadoPrimarioAbaixoDaLinhaAbstract to ResultadoPrimarioAbaixoDaLinhaTable" order="2.0" xbrldt:contextElement="segment"/>
    <link:presentationArc xlink:type="arc" xlink:arcrole="http://www.xbrl.org/2003/arcrole/parent-child" xlink:from="ResultadoPrimarioAbaixoDaLinhaTable" xlink:to="AteOBimestreDeReferenciaAxis" xlink:title="presentation: ResultadoPrimarioAbaixoDaLinhaTable to AteOBimestreDeReferenciaAxis" order="1.0"/>
    <link:loc xlink:type="locator" xlink:href="siconfi-rreo-anexo6municipios_2019-12-31.xsd#siconfi-rreo-anexo6municipios_ReceitasPrimariasAbstract" xlink:label="ReceitasPrimariasAbstract" xlink:title="ReceitasPrimariasAbstract"/>
    <link:presentationArc xlink:type="arc" xlink:arcrole="http://www.xbrl.org/2003/arcrole/parent-child" xlink:from="DemonstrativoAnexo6Abstract" xlink:to="ReceitasPrimariasAbstract" xlink:title="presentation: DemonstrativoAnexo6Abstract to ReceitasPrimariasAbstract" order="1.0"/>
    <link:loc xlink:type="locator" xlink:href="siconfi-rreo-anexo6municipios_2019-12-31.xsd#siconfi-rreo-anexo6municipios_ReceitasPrimariasLineItems" xlink:label="ReceitasPrimariasLineItems" xlink:title="ReceitasPrimariasLineItems"/>
    <link:presentationArc xlink:type="arc" xlink:arcrole="http://www.xbrl.org/2003/arcrole/parent-child" xlink:from="ReceitasPrimariasAbstract" xlink:to="ReceitasPrimariasLineItems" xlink:title="presentation: ReceitasPrimariasAbstract to ReceitasPrimariasLineItems" order="1.0"/>
    <link:loc xlink:type="locator" xlink:href="../../../cor/ic/siconfi-cor_2019-12-31.xsd#siconfi-cor_ReceitasCorrentes" xlink:label="ReceitasCorrentes" xlink:title="ReceitasCorrentes"/>
    <link:presentationArc xlink:type="arc" xlink:arcrole="http://www.xbrl.org/2003/arcrole/parent-child" xlink:from="ReceitasPrimariasLineItems" xlink:to="ReceitasCorrentes" xlink:title="presentation: ReceitasPrimariasLineItems to ReceitasCorrentes" order="1.0"/>
    <link:loc xlink:type="locator" xlink:href="../../../cor/ic/siconfi-cor_2019-12-31.xsd#siconfi-cor_RREO6ReceitasTributarias" xlink:label="RREO6ReceitasTributarias" xlink:title="RREO6ReceitasTributarias"/>
    <link:presentationArc xlink:type="arc" xlink:arcrole="http://www.xbrl.org/2003/arcrole/parent-child" xlink:from="ReceitasCorrentes" xlink:to="RREO6ReceitasTributarias" xlink:title="presentation: ReceitasCorrentes to RREO6ReceitasTributarias" order="1.0"/>
    <link:loc xlink:type="locator" xlink:href="../../../cor/ic/siconfi-cor_2019-12-31.xsd#siconfi-cor_RREO6IPTU" xlink:label="RREO6IPTU" xlink:title="RREO6IPTU"/>
    <link:presentationArc xlink:type="arc" xlink:arcrole="http://www.xbrl.org/2003/arcrole/parent-child" xlink:from="RREO6ReceitasTributarias" xlink:to="RREO6IPTU" xlink:title="presentation: RREO6ReceitasTributarias to RREO6IPTU" order="1.0"/>
    <link:loc xlink:type="locator" xlink:href="../../../cor/ic/siconfi-cor_2019-12-31.xsd#siconfi-cor_RREO6ISS" xlink:label="RREO6ISS" xlink:title="RREO6ISS"/>
    <link:presentationArc xlink:type="arc" xlink:arcrole="http://www.xbrl.org/2003/arcrole/parent-child" xlink:from="RREO6ReceitasTributarias" xlink:to="RREO6ISS" xlink:title="presentation: RREO6ReceitasTributarias to RREO6ISS" order="2.0"/>
    <link:loc xlink:type="locator" xlink:href="../../../cor/ic/siconfi-cor_2019-12-31.xsd#siconfi-cor_RREO6ITBI" xlink:label="RREO6ITBI" xlink:title="RREO6ITBI"/>
    <link:presentationArc xlink:type="arc" xlink:arcrole="http://www.xbrl.org/2003/arcrole/parent-child" xlink:from="RREO6ReceitasTributarias" xlink:to="RREO6ITBI" xlink:title="presentation: RREO6ReceitasTributarias to RREO6ITBI" order="3.0"/>
    <link:loc xlink:type="locator" xlink:href="../../../cor/ic/siconfi-cor_2019-12-31.xsd#siconfi-cor_RREO6IRRF" xlink:label="RREO6IRRF" xlink:title="RREO6IRRF"/>
    <link:presentationArc xlink:type="arc" xlink:arcrole="http://www.xbrl.org/2003/arcrole/parent-child" xlink:from="RREO6ReceitasTributarias" xlink:to="RREO6IRRF" xlink:title="presentation: RREO6ReceitasTributarias to RREO6IRRF" order="4.0"/>
    <link:loc xlink:type="locator" xlink:href="../../../cor/ic/siconfi-cor_2019-12-31.xsd#siconfi-cor_RREO6OutrasReceitasTributarias" xlink:label="RREO6OutrasReceitasTributarias" xlink:title="RREO6OutrasReceitasTributarias"/>
    <link:presentationArc xlink:type="arc" xlink:arcrole="http://www.xbrl.org/2003/arcrole/parent-child" xlink:from="RREO6ReceitasTributarias" xlink:to="RREO6OutrasReceitasTributarias" xlink:title="presentation: RREO6ReceitasTributarias to RREO6OutrasReceitasTributarias" order="5.0"/>
    <link:loc xlink:type="locator" xlink:href="../../../cor/ic/siconfi-cor_2019-12-31.xsd#siconfi-cor_RREO6ReceitasDeContribuicoes" xlink:label="RREO6ReceitasDeContribuicoes" xlink:title="RREO6ReceitasDeContribuicoes"/>
    <link:presentationArc xlink:type="arc" xlink:arcrole="http://www.xbrl.org/2003/arcrole/parent-child" xlink:from="ReceitasCorrentes" xlink:to="RREO6ReceitasDeContribuicoes" xlink:title="presentation: ReceitasCorrentes to RREO6ReceitasDeContribuicoes" order="2.0"/>
    <link:loc xlink:type="locator" xlink:href="../../../cor/ic/siconfi-cor_2019-12-31.xsd#siconfi-cor_RREO6ReceitaPatrimonial" xlink:label="RREO6ReceitaPatrimonial" xlink:title="RREO6ReceitaPatrimonial"/>
    <link:presentationArc xlink:type="arc" xlink:arcrole="http://www.xbrl.org/2003/arcrole/parent-child" xlink:from="ReceitasCorrentes" xlink:to="RREO6ReceitaPatrimonial" xlink:title="presentation: ReceitasCorrentes to RREO6ReceitaPatrimonial" order="3.0"/>
    <link:loc xlink:type="locator" xlink:href="../../../cor/ic/siconfi-cor_2019-12-31.xsd#siconfi-cor_RREO6AplicacoesFinanceiras" xlink:label="RREO6AplicacoesFinanceiras" xlink:title="RREO6AplicacoesFinanceiras"/>
    <link:presentationArc xlink:type="arc" xlink:arcrole="http://www.xbrl.org/2003/arcrole/parent-child" xlink:from="RREO6ReceitaPatrimonial" xlink:to="RREO6AplicacoesFinanceiras" xlink:title="presentation: RREO6ReceitaPatrimonial to RREO6AplicacoesFinanceiras" order="1.0"/>
    <link:loc xlink:type="locator" xlink:href="../../../cor/ic/siconfi-cor_2019-12-31.xsd#siconfi-cor_OutrasReceitasPatrimoniais" xlink:label="OutrasReceitasPatrimoniais" xlink:title="OutrasReceitasPatrimoniais"/>
    <link:presentationArc xlink:type="arc" xlink:arcrole="http://www.xbrl.org/2003/arcrole/parent-child" xlink:from="RREO6ReceitaPatrimonial" xlink:to="OutrasReceitasPatrimoniais" xlink:title="presentation: RREO6ReceitaPatrimonial to OutrasReceitasPatrimoniais" order="2.0"/>
    <link:loc xlink:type="locator" xlink:href="../../../cor/ic/siconfi-cor_2019-12-31.xsd#siconfi-cor_RREO6TransferenciasCorrentes" xlink:label="RREO6TransferenciasCorrentes" xlink:title="RREO6TransferenciasCorrentes"/>
    <link:presentationArc xlink:type="arc" xlink:arcrole="http://www.xbrl.org/2003/arcrole/parent-child" xlink:from="ReceitasCorrentes" xlink:to="RREO6TransferenciasCorrentes" xlink:title="presentation: ReceitasCorrentes to RREO6TransferenciasCorrentes" order="4.0"/>
    <link:loc xlink:type="locator" xlink:href="../../../cor/ic/siconfi-cor_2019-12-31.xsd#siconfi-cor_RREO6CotaParteDoFPM" xlink:label="RREO6CotaParteDoFPM" xlink:title="RREO6CotaParteDoFPM"/>
    <link:presentationArc xlink:type="arc" xlink:arcrole="http://www.xbrl.org/2003/arcrole/parent-child" xlink:from="RREO6TransferenciasCorrentes" xlink:to="RREO6CotaParteDoFPM" xlink:title="presentation: RREO6TransferenciasCorrentes to RREO6CotaParteDoFPM" order="1.0"/>
    <link:loc xlink:type="locator" xlink:href="../../../cor/ic/siconfi-cor_2019-12-31.xsd#siconfi-cor_RREO6CotaParteDoICMS" xlink:label="RREO6CotaParteDoICMS" xlink:title="RREO6CotaParteDoICMS"/>
    <link:presentationArc xlink:type="arc" xlink:arcrole="http://www.xbrl.org/2003/arcrole/parent-child" xlink:from="RREO6TransferenciasCorrentes" xlink:to="RREO6CotaParteDoICMS" xlink:title="presentation: RREO6TransferenciasCorrentes to RREO6CotaParteDoICMS" order="2.0"/>
    <link:loc xlink:type="locator" xlink:href="../../../cor/ic/siconfi-cor_2019-12-31.xsd#siconfi-cor_RREO6CotaParteDoIPVA" xlink:label="RREO6CotaParteDoIPVA" xlink:title="RREO6CotaParteDoIPVA"/>
    <link:presentationArc xlink:type="arc" xlink:arcrole="http://www.xbrl.org/2003/arcrole/parent-child" xlink:from="RREO6TransferenciasCorrentes" xlink:to="RREO6CotaParteDoIPVA" xlink:title="presentation: RREO6TransferenciasCorrentes to RREO6CotaParteDoIPVA" order="3.0"/>
    <link:loc xlink:type="locator" xlink:href="../../../cor/ic/siconfi-cor_2019-12-31.xsd#siconfi-cor_CotaParteDoITR" xlink:label="CotaParteDoITR" xlink:title="CotaParteDoITR"/>
    <link:presentationArc xlink:type="arc" xlink:arcrole="http://www.xbrl.org/2003/arcrole/parent-child" xlink:from="RREO6TransferenciasCorrentes" xlink:to="CotaParteDoITR" xlink:title="presentation: RREO6TransferenciasCorrentes to CotaParteDoITR" order="4.0"/>
    <link:loc xlink:type="locator" xlink:href="../../../cor/ic/siconfi-cor_2019-12-31.xsd#siconfi-cor_TransferenciasDaLC871996" xlink:label="TransferenciasDaLC871996" xlink:title="TransferenciasDaLC871996"/>
    <link:presentationArc xlink:type="arc" xlink:arcrole="http://www.xbrl.org/2003/arcrole/parent-child" xlink:from="RREO6TransferenciasCorrentes" xlink:to="TransferenciasDaLC871996" xlink:title="presentation: RREO6TransferenciasCorrentes to TransferenciasDaLC871996" order="5.0"/>
    <link:loc xlink:type="locator" xlink:href="../../../cor/ic/siconfi-cor_2019-12-31.xsd#siconfi-cor_TransferenciasDaLCn611989" xlink:label="TransferenciasDaLCn611989" xlink:title="TransferenciasDaLCn611989"/>
    <link:presentationArc xlink:type="arc" xlink:arcrole="http://www.xbrl.org/2003/arcrole/parent-child" xlink:from="RREO6TransferenciasCorrentes" xlink:to="TransferenciasDaLCn611989" xlink:title="presentation: RREO6TransferenciasCorrentes to TransferenciasDaLCn611989" order="6.0"/>
    <link:loc xlink:type="locator" xlink:href="../../../cor/ic/siconfi-cor_2019-12-31.xsd#siconfi-cor_TransferenciasDoFUNDEB" xlink:label="TransferenciasDoFUNDEB" xlink:title="TransferenciasDoFUNDEB"/>
    <link:presentationArc xlink:type="arc" xlink:arcrole="http://www.xbrl.org/2003/arcrole/parent-child" xlink:from="RREO6TransferenciasCorrentes" xlink:to="TransferenciasDoFUNDEB" xlink:title="presentation: RREO6TransferenciasCorrentes to TransferenciasDoFUNDEB" order="7.0"/>
    <link:loc xlink:type="locator" xlink:href="../../../cor/ic/siconfi-cor_2019-12-31.xsd#siconfi-cor_RREO6OutrasTransferenciasCorrentes" xlink:label="RREO6OutrasTransferenciasCorrentes" xlink:title="RREO6OutrasTransferenciasCorrentes"/>
    <link:presentationArc xlink:type="arc" xlink:arcrole="http://www.xbrl.org/2003/arcrole/parent-child" xlink:from="RREO6TransferenciasCorrentes" xlink:to="RREO6OutrasTransferenciasCorrentes" xlink:title="presentation: RREO6TransferenciasCorrentes to RREO6OutrasTransferenciasCorrentes" order="8.0"/>
    <link:loc xlink:type="locator" xlink:href="../../../cor/ic/siconfi-cor_2019-12-31.xsd#siconfi-cor_RREO6DemaisReceitasCorrentes" xlink:label="RREO6DemaisReceitasCorrentes" xlink:title="RREO6DemaisReceitasCorrentes"/>
    <link:presentationArc xlink:type="arc" xlink:arcrole="http://www.xbrl.org/2003/arcrole/parent-child" xlink:from="ReceitasCorrentes" xlink:to="RREO6DemaisReceitasCorrentes" xlink:title="presentation: ReceitasCorrentes to RREO6DemaisReceitasCorrentes" order="5.0"/>
    <link:loc xlink:type="locator" xlink:href="../../../cor/ic/siconfi-cor_2019-12-31.xsd#siconfi-cor_OutrasReceitasFinanceiras" xlink:label="OutrasReceitasFinanceiras" xlink:title="OutrasReceitasFinanceiras"/>
    <link:presentationArc xlink:type="arc" xlink:arcrole="http://www.xbrl.org/2003/arcrole/parent-child" xlink:from="RREO6DemaisReceitasCorrentes" xlink:to="OutrasReceitasFinanceiras" xlink:title="presentation: RREO6DemaisReceitasCorrentes to OutrasReceitasFinanceiras" order="1.0"/>
    <link:loc xlink:type="locator" xlink:href="../../../cor/ic/siconfi-cor_2019-12-31.xsd#siconfi-cor_RREO6DiversasReceitasCorrentes" xlink:label="RREO6DiversasReceitasCorrentes" xlink:title="RREO6DiversasReceitasCorrentes"/>
    <link:presentationArc xlink:type="arc" xlink:arcrole="http://www.xbrl.org/2003/arcrole/parent-child" xlink:from="RREO6DemaisReceitasCorrentes" xlink:to="RREO6DiversasReceitasCorrentes" xlink:title="presentation: RREO6DemaisReceitasCorrentes to RREO6DiversasReceitasCorrentes" order="2.0"/>
    <link:loc xlink:type="locator" xlink:href="../../../cor/ic/siconfi-cor_2019-12-31.xsd#siconfi-cor_ReceitasPrimariasCorrentes" xlink:label="ReceitasPrimariasCorrentes" xlink:title="ReceitasPrimariasCorrentes"/>
    <link:presentationArc xlink:type="arc" xlink:arcrole="http://www.xbrl.org/2003/arcrole/parent-child" xlink:from="ReceitasPrimariasLineItems" xlink:to="ReceitasPrimariasCorrentes" xlink:title="presentation: ReceitasPrimariasLineItems to ReceitasPrimariasCorrentes" order="2.0"/>
    <link:loc xlink:type="locator" xlink:href="../../../cor/ic/siconfi-cor_2019-12-31.xsd#siconfi-cor_RREO6ReceitasDeCapital" xlink:label="RREO6ReceitasDeCapital" xlink:title="RREO6ReceitasDeCapital"/>
    <link:presentationArc xlink:type="arc" xlink:arcrole="http://www.xbrl.org/2003/arcrole/parent-child" xlink:from="ReceitasPrimariasLineItems" xlink:to="RREO6ReceitasDeCapital" xlink:title="presentation: ReceitasPrimariasLineItems to RREO6ReceitasDeCapital" order="3.0"/>
    <link:loc xlink:type="locator" xlink:href="../../../cor/ic/siconfi-cor_2019-12-31.xsd#siconfi-cor_RREO6OperacoesDeCredito" xlink:label="RREO6OperacoesDeCredito" xlink:title="RREO6OperacoesDeCredito"/>
    <link:presentationArc xlink:type="arc" xlink:arcrole="http://www.xbrl.org/2003/arcrole/parent-child" xlink:from="RREO6ReceitasDeCapital" xlink:to="RREO6OperacoesDeCredito" xlink:title="presentation: RREO6ReceitasDeCapital to RREO6OperacoesDeCredito" order="1.0"/>
    <link:loc xlink:type="locator" xlink:href="../../../cor/ic/siconfi-cor_2019-12-31.xsd#siconfi-cor_RREO6AmortizacaoDeEmprestimos" xlink:label="RREO6AmortizacaoDeEmprestimos" xlink:title="RREO6AmortizacaoDeEmprestimos"/>
    <link:presentationArc xlink:type="arc" xlink:arcrole="http://www.xbrl.org/2003/arcrole/parent-child" xlink:from="RREO6ReceitasDeCapital" xlink:to="RREO6AmortizacaoDeEmprestimos" xlink:title="presentation: RREO6ReceitasDeCapital to RREO6AmortizacaoDeEmprestimos" order="2.0"/>
    <link:loc xlink:type="locator" xlink:href="../../../cor/ic/siconfi-cor_2019-12-31.xsd#siconfi-cor_RREO6AlienacaoDeBens" xlink:label="RREO6AlienacaoDeBens" xlink:title="RREO6AlienacaoDeBens"/>
    <link:presentationArc xlink:type="arc" xlink:arcrole="http://www.xbrl.org/2003/arcrole/parent-child" xlink:from="RREO6ReceitasDeCapital" xlink:to="RREO6AlienacaoDeBens" xlink:title="presentation: RREO6ReceitasDeCapital to RREO6AlienacaoDeBens" order="3.0"/>
    <link:loc xlink:type="locator" xlink:href="../../../cor/ic/siconfi-cor_2019-12-31.xsd#siconfi-cor_ReceitasDeAlienacaoDeInvestimentosTemporarios" xlink:label="ReceitasDeAlienacaoDeInvestimentosTemporarios" xlink:title="ReceitasDeAlienacaoDeInvestimentosTemporarios"/>
    <link:presentationArc xlink:type="arc" xlink:arcrole="http://www.xbrl.org/2003/arcrole/parent-child" xlink:from="RREO6AlienacaoDeBens" xlink:to="ReceitasDeAlienacaoDeInvestimentosTemporarios" xlink:title="presentation: RREO6AlienacaoDeBens to ReceitasDeAlienacaoDeInvestimentosTemporarios" order="1.0"/>
    <link:loc xlink:type="locator" xlink:href="../../../cor/ic/siconfi-cor_2019-12-31.xsd#siconfi-cor_ReceitasDeAlienacaoDeInvestimentosPermanentes" xlink:label="ReceitasDeAlienacaoDeInvestimentosPermanentes" xlink:title="ReceitasDeAlienacaoDeInvestimentosPermanentes"/>
    <link:presentationArc xlink:type="arc" xlink:arcrole="http://www.xbrl.org/2003/arcrole/parent-child" xlink:from="RREO6AlienacaoDeBens" xlink:to="ReceitasDeAlienacaoDeInvestimentosPermanentes" xlink:title="presentation: RREO6AlienacaoDeBens to ReceitasDeAlienacaoDeInvestimentosPermanentes" order="2.0"/>
    <link:loc xlink:type="locator" xlink:href="../../../cor/ic/siconfi-cor_2019-12-31.xsd#siconfi-cor_OutrasAlienacoesDeBens" xlink:label="OutrasAlienacoesDeBens" xlink:title="OutrasAlienacoesDeBens"/>
    <link:presentationArc xlink:type="arc" xlink:arcrole="http://www.xbrl.org/2003/arcrole/parent-child" xlink:from="RREO6AlienacaoDeBens" xlink:to="OutrasAlienacoesDeBens" xlink:title="presentation: RREO6AlienacaoDeBens to OutrasAlienacoesDeBens" order="3.0"/>
    <link:loc xlink:type="locator" xlink:href="../../../cor/ic/siconfi-cor_2019-12-31.xsd#siconfi-cor_RREO6TransferenciasDeCapital" xlink:label="RREO6TransferenciasDeCapital" xlink:title="RREO6TransferenciasDeCapital"/>
    <link:presentationArc xlink:type="arc" xlink:arcrole="http://www.xbrl.org/2003/arcrole/parent-child" xlink:from="RREO6ReceitasDeCapital" xlink:to="RREO6TransferenciasDeCapital" xlink:title="presentation: RREO6ReceitasDeCapital to RREO6TransferenciasDeCapital" order="4.0"/>
    <link:loc xlink:type="locator" xlink:href="../../../cor/ic/siconfi-cor_2019-12-31.xsd#siconfi-cor_RREO6ConveniosCapital" xlink:label="RREO6ConveniosCapital" xlink:title="RREO6ConveniosCapital"/>
    <link:presentationArc xlink:type="arc" xlink:arcrole="http://www.xbrl.org/2003/arcrole/parent-child" xlink:from="RREO6TransferenciasDeCapital" xlink:to="RREO6ConveniosCapital" xlink:title="presentation: RREO6TransferenciasDeCapital to RREO6ConveniosCapital" order="1.0"/>
    <link:loc xlink:type="locator" xlink:href="../../../cor/ic/siconfi-cor_2019-12-31.xsd#siconfi-cor_RREO6OutrasTransferenciasDeCapital" xlink:label="RREO6OutrasTransferenciasDeCapital" xlink:title="RREO6OutrasTransferenciasDeCapital"/>
    <link:presentationArc xlink:type="arc" xlink:arcrole="http://www.xbrl.org/2003/arcrole/parent-child" xlink:from="RREO6TransferenciasDeCapital" xlink:to="RREO6OutrasTransferenciasDeCapital" xlink:title="presentation: RREO6TransferenciasDeCapital to RREO6OutrasTransferenciasDeCapital" order="2.0"/>
    <link:loc xlink:type="locator" xlink:href="../../../cor/ic/siconfi-cor_2019-12-31.xsd#siconfi-cor_RREO6OutrasReceitasDeCapital" xlink:label="RREO6OutrasReceitasDeCapital" xlink:title="RREO6OutrasReceitasDeCapital"/>
    <link:presentationArc xlink:type="arc" xlink:arcrole="http://www.xbrl.org/2003/arcrole/parent-child" xlink:from="RREO6ReceitasDeCapital" xlink:to="RREO6OutrasReceitasDeCapital" xlink:title="presentation: RREO6ReceitasDeCapital to RREO6OutrasReceitasDeCapital" order="5.0"/>
    <link:loc xlink:type="locator" xlink:href="../../../cor/ic/siconfi-cor_2019-12-31.xsd#siconfi-cor_OutrasReceitasDeCapitalNaoPrimarias" xlink:label="OutrasReceitasDeCapitalNaoPrimarias" xlink:title="OutrasReceitasDeCapitalNaoPrimarias"/>
    <link:presentationArc xlink:type="arc" xlink:arcrole="http://www.xbrl.org/2003/arcrole/parent-child" xlink:from="RREO6OutrasReceitasDeCapital" xlink:to="OutrasReceitasDeCapitalNaoPrimarias" xlink:title="presentation: RREO6OutrasReceitasDeCapital to OutrasReceitasDeCapitalNaoPrimarias" order="1.0"/>
    <link:loc xlink:type="locator" xlink:href="../../../cor/ic/siconfi-cor_2019-12-31.xsd#siconfi-cor_OutrasReceitasDeCapitalPrimarias" xlink:label="OutrasReceitasDeCapitalPrimarias" xlink:title="OutrasReceitasDeCapitalPrimarias"/>
    <link:presentationArc xlink:type="arc" xlink:arcrole="http://www.xbrl.org/2003/arcrole/parent-child" xlink:from="RREO6OutrasReceitasDeCapital" xlink:to="OutrasReceitasDeCapitalPrimarias" xlink:title="presentation: RREO6OutrasReceitasDeCapital to OutrasReceitasDeCapitalPrimarias" order="2.0"/>
    <link:loc xlink:type="locator" xlink:href="../../../cor/ic/siconfi-cor_2019-12-31.xsd#siconfi-cor_RREO6ReceitasPrimariasDeCapital" xlink:label="RREO6ReceitasPrimariasDeCapital" xlink:title="RREO6ReceitasPrimariasDeCapital"/>
    <link:presentationArc xlink:type="arc" xlink:arcrole="http://www.xbrl.org/2003/arcrole/parent-child" xlink:from="ReceitasPrimariasLineItems" xlink:to="RREO6ReceitasPrimariasDeCapital" xlink:title="presentation: ReceitasPrimariasLineItems to RREO6ReceitasPrimariasDeCapital" order="4.0"/>
    <link:loc xlink:type="locator" xlink:href="../../../cor/ic/siconfi-cor_2019-12-31.xsd#siconfi-cor_RREO6TotalReceitaPrimaria" xlink:label="RREO6TotalReceitaPrimaria" xlink:title="RREO6TotalReceitaPrimaria"/>
    <link:presentationArc xlink:type="arc" xlink:arcrole="http://www.xbrl.org/2003/arcrole/parent-child" xlink:from="ReceitasPrimariasLineItems" xlink:to="RREO6TotalReceitaPrimaria" xlink:title="presentation: ReceitasPrimariasLineItems to RREO6TotalReceitaPrimaria" order="5.0"/>
    <link:loc xlink:type="locator" xlink:href="siconfi-rreo-anexo6municipios_2019-12-31.xsd#siconfi-rreo-anexo6municipios_ReceitasPrimariasTable" xlink:label="ReceitasPrimariasTable" xlink:title="ReceitasPrimariasTable"/>
    <link:presentationArc xlink:type="arc" xlink:arcrole="http://www.xbrl.org/2003/arcrole/parent-child" xlink:from="ReceitasPrimariasAbstract" xlink:to="ReceitasPrimariasTable" xlink:title="presentation: ReceitasPrimariasAbstract to ReceitasPrimariasTable" order="2.0" xbrldt:contextElement="segment" xbrldt:closed="true"/>
    <link:loc xlink:type="locator" xlink:href="../../../cor/dim/siconfi-dim_2019-12-31.xsd#siconfi-dim_ExecucaoDaReceitaAxis" xlink:label="ExecucaoDaReceitaAxis" xlink:title="ExecucaoDaReceitaAxis"/>
    <link:presentationArc xlink:type="arc" xlink:arcrole="http://www.xbrl.org/2003/arcrole/parent-child" xlink:from="ReceitasPrimariasTable" xlink:to="ExecucaoDaReceitaAxis" xlink:title="presentation: ReceitasPrimariasTable to ExecucaoDaReceitaAxis" order="1.0"/>
    <link:loc xlink:type="locator" xlink:href="../../../cor/dim/siconfi-dim_2019-12-31.xsd#siconfi-dim_PrevisaoAtualizadaMember" xlink:label="PrevisaoAtualizadaMember" xlink:title="PrevisaoAtualizadaMember"/>
    <link:presentationArc xlink:type="arc" xlink:arcrole="http://www.xbrl.org/2003/arcrole/parent-child" xlink:from="ExecucaoDaReceitaAxis" xlink:to="PrevisaoAtualizadaMember" xlink:title="presentation: ExecucaoDaReceitaAxis to PrevisaoAtualizadaMember" order="1.0"/>
    <link:loc xlink:type="locator" xlink:href="../../../cor/dim/siconfi-dim_2019-12-31.xsd#siconfi-dim_ReceitasRealizadasAteOBimestreMember" xlink:label="ReceitasRealizadasAteOBimestreMember" xlink:title="ReceitasRealizadasAteOBimestreMember"/>
    <link:presentationArc xlink:type="arc" xlink:arcrole="http://www.xbrl.org/2003/arcrole/parent-child" xlink:from="ExecucaoDaReceitaAxis" xlink:to="ReceitasRealizadasAteOBimestreMember" xlink:title="presentation: ExecucaoDaReceitaAxis to ReceitasRealizadasAteOBimestreMember" order="2.0" xbrldt:usable="false"/>
    <link:loc xlink:type="locator" xlink:href="../../../cor/dim/siconfi-dim_2019-12-31.xsd#siconfi-dim_ReceitasRealizadasMember" xlink:label="ReceitasRealizadasMember" xlink:title="ReceitasRealizadasMember"/>
    <link:presentationArc xlink:type="arc" xlink:arcrole="http://www.xbrl.org/2003/arcrole/parent-child" xlink:from="ReceitasRealizadasAteOBimestreMember" xlink:to="ReceitasRealizadasMember" xlink:title="presentation: ReceitasRealizadasAteOBimestreMember to ReceitasRealizadasMember" order="1.0"/>
    <link:loc xlink:type="locator" xlink:href="siconfi-rreo-anexo6municipios_2019-12-31.xsd#siconfi-rreo-anexo6municipios_ResultadoNominalAcimaDaLinhaAbstract" xlink:label="ResultadoNominalAcimaDaLinhaAbstract" xlink:title="ResultadoNominalAcimaDaLinhaAbstract"/>
    <link:presentationArc xlink:type="arc" xlink:arcrole="http://www.xbrl.org/2003/arcrole/parent-child" xlink:from="DemonstrativoAnexo6Abstract" xlink:to="ResultadoNominalAcimaDaLinhaAbstract" xlink:title="presentation: DemonstrativoAnexo6Abstract to ResultadoNominalAcimaDaLinhaAbstract" order="6.0"/>
    <link:loc xlink:type="locator" xlink:href="siconfi-rreo-anexo6municipios_2019-12-31.xsd#siconfi-rreo-anexo6municipios_ResultadoNominalAcimaDaLinhaLineItems" xlink:label="ResultadoNominalAcimaDaLinhaLineItems" xlink:title="ResultadoNominalAcimaDaLinhaLineItems"/>
    <link:presentationArc xlink:type="arc" xlink:arcrole="http://www.xbrl.org/2003/arcrole/parent-child" xlink:from="ResultadoNominalAcimaDaLinhaAbstract" xlink:to="ResultadoNominalAcimaDaLinhaLineItems" xlink:title="presentation: ResultadoNominalAcimaDaLinhaAbstract to ResultadoNominalAcimaDaLinhaLineItems" order="1.0"/>
    <link:loc xlink:type="locator" xlink:href="../../../cor/ic/siconfi-cor_2019-12-31.xsd#siconfi-cor_ResultadoNominalAcimaDaLinha" xlink:label="ResultadoNominalAcimaDaLinha" xlink:title="ResultadoNominalAcimaDaLinha"/>
    <link:presentationArc xlink:type="arc" xlink:arcrole="http://www.xbrl.org/2003/arcrole/parent-child" xlink:from="ResultadoNominalAcimaDaLinhaLineItems" xlink:to="ResultadoNominalAcimaDaLinha" xlink:title="presentation: ResultadoNominalAcimaDaLinhaLineItems to ResultadoNominalAcimaDaLinha" order="1.0"/>
    <link:loc xlink:type="locator" xlink:href="siconfi-rreo-anexo6municipios_2019-12-31.xsd#siconfi-rreo-anexo6municipios_ResultadoNominalAcimaDaLinhaTable" xlink:label="ResultadoNominalAcimaDaLinhaTable" xlink:title="ResultadoNominalAcimaDaLinhaTable"/>
    <link:presentationArc xlink:type="arc" xlink:arcrole="http://www.xbrl.org/2003/arcrole/parent-child" xlink:from="ResultadoNominalAcimaDaLinhaAbstract" xlink:to="ResultadoNominalAcimaDaLinhaTable" xlink:title="presentation: ResultadoNominalAcimaDaLinhaAbstract to ResultadoNominalAcimaDaLinhaTable" order="2.0" xbrldt:contextElement="segment" xbrldt:closed="true"/>
    <link:loc xlink:type="locator" xlink:href="../../../cor/dim/siconfi-dim_2019-12-31.xsd#siconfi-dim_ResultadoNominalAcimaDaLinhaAxis" xlink:label="ResultadoNominalAcimaDaLinhaAxis" xlink:title="ResultadoNominalAcimaDaLinhaAxis"/>
    <link:presentationArc xlink:type="arc" xlink:arcrole="http://www.xbrl.org/2003/arcrole/parent-child" xlink:from="ResultadoNominalAcimaDaLinhaTable" xlink:to="ResultadoNominalAcimaDaLinhaAxis" xlink:title="presentation: ResultadoNominalAcimaDaLinhaTable to ResultadoNominalAcimaDaLinhaAxis" order="1.0"/>
    <link:presentationArc xlink:type="arc" xlink:arcrole="http://www.xbrl.org/2003/arcrole/parent-child" xlink:from="ResultadoNominalAcimaDaLinhaAxis" xlink:to="ValorMember" xlink:title="presentation: ResultadoNominalAcimaDaLinhaAxis to ValorMember" order="1.0"/>
    <link:loc xlink:type="locator" xlink:href="siconfi-rreo-anexo6municipios_2019-12-31.xsd#siconfi-rreo-anexo6municipios_DiscriminacaoMetaFiscalAbstract" xlink:label="DiscriminacaoMetaFiscalAbstract" xlink:title="DiscriminacaoMetaFiscalAbstract"/>
    <link:presentationArc xlink:type="arc" xlink:arcrole="http://www.xbrl.org/2003/arcrole/parent-child" xlink:from="DemonstrativoAnexo6Abstract" xlink:to="DiscriminacaoMetaFiscalAbstract" xlink:title="presentation: DemonstrativoAnexo6Abstract to DiscriminacaoMetaFiscalAbstract" order="4.0"/>
    <link:loc xlink:type="locator" xlink:href="siconfi-rreo-anexo6municipios_2019-12-31.xsd#siconfi-rreo-anexo6municipios_DiscriminacaoMetaFiscalLineItems" xlink:label="DiscriminacaoMetaFiscalLineItems" xlink:title="DiscriminacaoMetaFiscalLineItems"/>
    <link:presentationArc xlink:type="arc" xlink:arcrole="http://www.xbrl.org/2003/arcrole/parent-child" xlink:from="DiscriminacaoMetaFiscalAbstract" xlink:to="DiscriminacaoMetaFiscalLineItems" xlink:title="presentation: DiscriminacaoMetaFiscalAbstract to DiscriminacaoMetaFiscalLineItems" order="1.0"/>
    <link:loc xlink:type="locator" xlink:href="../../../cor/ic/siconfi-cor_2019-12-31.xsd#siconfi-cor_RREO6MetaDeResultadoPrimarioFixadaNoAnexoDeMetasFiscaisDaLDOParaOExercicioDeReferencia" xlink:label="RREO6MetaDeResultadoPrimarioFixadaNoAnexoDeMetasFiscaisDaLDOParaOExercicioDeReferencia" xlink:title="RREO6MetaDeResultadoPrimarioFixadaNoAnexoDeMetasFiscaisDaLDOParaOExercicioDeReferencia"/>
    <link:presentationArc xlink:type="arc" xlink:arcrole="http://www.xbrl.org/2003/arcrole/parent-child" xlink:from="DiscriminacaoMetaFiscalLineItems" xlink:to="RREO6MetaDeResultadoPrimarioFixadaNoAnexoDeMetasFiscaisDaLDOParaOExercicioDeReferencia" xlink:title="presentation: DiscriminacaoMetaFiscalLineItems to RREO6MetaDeResultadoPrimarioFixadaNoAnexoDeMetasFiscaisDaLDOParaOExercicioDeReferencia" order="1.0"/>
    <link:loc xlink:type="locator" xlink:href="siconfi-rreo-anexo6municipios_2019-12-31.xsd#siconfi-rreo-anexo6municipios_DiscriminacaoDaMetaFiscalTable" xlink:label="DiscriminacaoDaMetaFiscalTable" xlink:title="DiscriminacaoDaMetaFiscalTable"/>
    <link:presentationArc xlink:type="arc" xlink:arcrole="http://www.xbrl.org/2003/arcrole/parent-child" xlink:from="DiscriminacaoMetaFiscalAbstract" xlink:to="DiscriminacaoDaMetaFiscalTable" xlink:title="presentation: DiscriminacaoMetaFiscalAbstract to DiscriminacaoDaMetaFiscalTable" order="2.0" xbrldt:contextElement="segment" xbrldt:closed="true"/>
    <link:loc xlink:type="locator" xlink:href="../../../cor/dim/siconfi-dim_2019-12-31.xsd#siconfi-dim_ValorRealizadoPeriodoAxis" xlink:label="ValorRealizadoPeriodoAxis" xlink:title="ValorRealizadoPeriodoAxis"/>
    <link:presentationArc xlink:type="arc" xlink:arcrole="http://www.xbrl.org/2003/arcrole/parent-child" xlink:from="DiscriminacaoDaMetaFiscalTable" xlink:to="ValorRealizadoPeriodoAxis" xlink:title="presentation: DiscriminacaoDaMetaFiscalTable to ValorRealizadoPeriodoAxis" order="1.0"/>
    <link:loc xlink:type="locator" xlink:href="../../../cor/dim/siconfi-dim_2019-12-31.xsd#siconfi-dim_ApuracaoValorMember" xlink:label="ApuracaoValorMember" xlink:title="ApuracaoValorMember"/>
    <link:presentationArc xlink:type="arc" xlink:arcrole="http://www.xbrl.org/2003/arcrole/parent-child" xlink:from="ValorRealizadoPeriodoAxis" xlink:to="ApuracaoValorMember" xlink:title="presentation: ValorRealizadoPeriodoAxis to ApuracaoValorMember" order="1.0"/>
    <link:loc xlink:type="locator" xlink:href="siconfi-rreo-anexo6municipios_2019-12-31.xsd#siconfi-rreo-anexo6municipios_MetaFiscalResultadoNominalAbstract" xlink:label="MetaFiscalResultadoNominalAbstract" xlink:title="MetaFiscalResultadoNominalAbstract"/>
    <link:presentationArc xlink:type="arc" xlink:arcrole="http://www.xbrl.org/2003/arcrole/parent-child" xlink:from="DemonstrativoAnexo6Abstract" xlink:to="MetaFiscalResultadoNominalAbstract" xlink:title="presentation: DemonstrativoAnexo6Abstract to MetaFiscalResultadoNominalAbstract" order="7.0"/>
    <link:loc xlink:type="locator" xlink:href="siconfi-rreo-anexo6municipios_2019-12-31.xsd#siconfi-rreo-anexo6municipios_MetaFiscalResultadoNominalLineItems" xlink:label="MetaFiscalResultadoNominalLineItems" xlink:title="MetaFiscalResultadoNominalLineItems"/>
    <link:presentationArc xlink:type="arc" xlink:arcrole="http://www.xbrl.org/2003/arcrole/parent-child" xlink:from="MetaFiscalResultadoNominalAbstract" xlink:to="MetaFiscalResultadoNominalLineItems" xlink:title="presentation: MetaFiscalResultadoNominalAbstract to MetaFiscalResultadoNominalLineItems" order="1.0"/>
    <link:loc xlink:type="locator" xlink:href="../../../cor/ic/siconfi-cor_2019-12-31.xsd#siconfi-cor_MetaDeResultadoNominalFixadaNoAnexoDeMetasFiscaisDaLDOParaOExercicioDeReferencia" xlink:label="MetaDeResultadoNominalFixadaNoAnexoDeMetasFiscaisDaLDOParaOExercicioDeReferencia" xlink:title="MetaDeResultadoNominalFixadaNoAnexoDeMetasFiscaisDaLDOParaOExercicioDeReferencia"/>
    <link:presentationArc xlink:type="arc" xlink:arcrole="http://www.xbrl.org/2003/arcrole/parent-child" xlink:from="MetaFiscalResultadoNominalLineItems" xlink:to="MetaDeResultadoNominalFixadaNoAnexoDeMetasFiscaisDaLDOParaOExercicioDeReferencia" xlink:title="presentation: MetaFiscalResultadoNominalLineItems to MetaDeResultadoNominalFixadaNoAnexoDeMetasFiscaisDaLDOParaOExercicioDeReferencia" order="1.0"/>
    <link:loc xlink:type="locator" xlink:href="siconfi-rreo-anexo6municipios_2019-12-31.xsd#siconfi-rreo-anexo6municipios_MetaFiscalParaOResultadoNominalTable" xlink:label="MetaFiscalParaOResultadoNominalTable" xlink:title="MetaFiscalParaOResultadoNominalTable"/>
    <link:presentationArc xlink:type="arc" xlink:arcrole="http://www.xbrl.org/2003/arcrole/parent-child" xlink:from="MetaFiscalResultadoNominalAbstract" xlink:to="MetaFiscalParaOResultadoNominalTable" xlink:title="presentation: MetaFiscalResultadoNominalAbstract to MetaFiscalParaOResultadoNominalTable" order="2.0" xbrldt:contextElement="segment" xbrldt:closed="true"/>
    <link:loc xlink:type="locator" xlink:href="../../../cor/dim/siconfi-dim_2019-12-31.xsd#siconfi-dim_ValorRealizadoNoPeriodoOutrasOperacoesAxis" xlink:label="ValorRealizadoNoPeriodoOutrasOperacoesAxis" xlink:title="ValorRealizadoNoPeriodoOutrasOperacoesAxis"/>
    <link:presentationArc xlink:type="arc" xlink:arcrole="http://www.xbrl.org/2003/arcrole/parent-child" xlink:from="MetaFiscalParaOResultadoNominalTable" xlink:to="ValorRealizadoNoPeriodoOutrasOperacoesAxis" xlink:title="presentation: MetaFiscalParaOResultadoNominalTable to ValorRealizadoNoPeriodoOutrasOperacoesAxis" order="1.0"/>
    <link:presentationArc xlink:type="arc" xlink:arcrole="http://www.xbrl.org/2003/arcrole/parent-child" xlink:from="ValorRealizadoNoPeriodoOutrasOperacoesAxis" xlink:to="ApuracaoValorMember" xlink:title="presentation: ValorRealizadoNoPeriodoOutrasOperacoesAxis to ApuracaoValorMember" order="1.0"/>
    <link:loc xlink:type="locator" xlink:href="siconfi-rreo-anexo6municipios_2019-12-31.xsd#siconfi-rreo-anexo6municipios_SaldoDeExerciciosAnterioresAbstract" xlink:label="SaldoDeExerciciosAnterioresAbstract" xlink:title="SaldoDeExerciciosAnterioresAbstract"/>
    <link:presentationArc xlink:type="arc" xlink:arcrole="http://www.xbrl.org/2003/arcrole/parent-child" xlink:from="DemonstrativoAnexo6Abstract" xlink:to="SaldoDeExerciciosAnterioresAbstract" xlink:title="presentation: DemonstrativoAnexo6Abstract to SaldoDeExerciciosAnterioresAbstract" order="12.0"/>
    <link:loc xlink:type="locator" xlink:href="siconfi-rreo-anexo6municipios_2019-12-31.xsd#siconfi-rreo-anexo6municipios_SaldoDeExerciciosAnterioresLineItems" xlink:label="SaldoDeExerciciosAnterioresLineItems" xlink:title="SaldoDeExerciciosAnterioresLineItems"/>
    <link:presentationArc xlink:type="arc" xlink:arcrole="http://www.xbrl.org/2003/arcrole/parent-child" xlink:from="SaldoDeExerciciosAnterioresAbstract" xlink:to="SaldoDeExerciciosAnterioresLineItems" xlink:title="presentation: SaldoDeExerciciosAnterioresAbstract to SaldoDeExerciciosAnterioresLineItems" order="1.0"/>
    <link:loc xlink:type="locator" xlink:href="../../../cor/ic/siconfi-cor_2019-12-31.xsd#siconfi-cor_RREO6SaldoDeExerciciosAnteriores" xlink:label="RREO6SaldoDeExerciciosAnteriores" xlink:title="RREO6SaldoDeExerciciosAnteriores"/>
    <link:presentationArc xlink:type="arc" xlink:arcrole="http://www.xbrl.org/2003/arcrole/parent-child" xlink:from="SaldoDeExerciciosAnterioresLineItems" xlink:to="RREO6SaldoDeExerciciosAnteriores" xlink:title="presentation: SaldoDeExerciciosAnterioresLineItems to RREO6SaldoDeExerciciosAnteriores" order="1.0"/>
    <link:loc xlink:type="locator" xlink:href="../../../cor/ic/siconfi-cor_2019-12-31.xsd#siconfi-cor_RecursosArrecadadosEmExerciciosAnteriores" xlink:label="RecursosArrecadadosEmExerciciosAnteriores" xlink:title="RecursosArrecadadosEmExerciciosAnteriores"/>
    <link:presentationArc xlink:type="arc" xlink:arcrole="http://www.xbrl.org/2003/arcrole/parent-child" xlink:from="RREO6SaldoDeExerciciosAnteriores" xlink:to="RecursosArrecadadosEmExerciciosAnteriores" xlink:title="presentation: RREO6SaldoDeExerciciosAnteriores to RecursosArrecadadosEmExerciciosAnteriores" order="1.0"/>
    <link:loc xlink:type="locator" xlink:href="../../../cor/ic/siconfi-cor_2019-12-31.xsd#siconfi-cor_SuperavitFinanceiro" xlink:label="SuperavitFinanceiro" xlink:title="SuperavitFinanceiro"/>
    <link:presentationArc xlink:type="arc" xlink:arcrole="http://www.xbrl.org/2003/arcrole/parent-child" xlink:from="RREO6SaldoDeExerciciosAnteriores" xlink:to="SuperavitFinanceiro" xlink:title="presentation: RREO6SaldoDeExerciciosAnteriores to SuperavitFinanceiro" order="2.0"/>
    <link:loc xlink:type="locator" xlink:href="../../../cor/ic/siconfi-cor_2019-12-31.xsd#siconfi-cor_ReservaOrcamentariaDoRPPSPrevidenciario" xlink:label="ReservaOrcamentariaDoRPPSPrevidenciario" xlink:title="ReservaOrcamentariaDoRPPSPrevidenciario"/>
    <link:presentationArc xlink:type="arc" xlink:arcrole="http://www.xbrl.org/2003/arcrole/parent-child" xlink:from="SaldoDeExerciciosAnterioresLineItems" xlink:to="ReservaOrcamentariaDoRPPSPrevidenciario" xlink:title="presentation: SaldoDeExerciciosAnterioresLineItems to ReservaOrcamentariaDoRPPSPrevidenciario" order="2.0"/>
    <link:loc xlink:type="locator" xlink:href="siconfi-rreo-anexo6municipios_2019-12-31.xsd#siconfi-rreo-anexo6municipios_SaldoDeExerciciosAnterioresTable" xlink:label="SaldoDeExerciciosAnterioresTable" xlink:title="SaldoDeExerciciosAnterioresTable"/>
    <link:presentationArc xlink:type="arc" xlink:arcrole="http://www.xbrl.org/2003/arcrole/parent-child" xlink:from="SaldoDeExerciciosAnterioresAbstract" xlink:to="SaldoDeExerciciosAnterioresTable" xlink:title="presentation: SaldoDeExerciciosAnterioresAbstract to SaldoDeExerciciosAnterioresTable" order="2.0" xbrldt:contextElement="segment" xbrldt:closed="true"/>
    <link:loc xlink:type="locator" xlink:href="../../../cor/dim/siconfi-dim_2019-12-31.xsd#siconfi-dim_SaldoAxis" xlink:label="SaldoAxis" xlink:title="SaldoAxis"/>
    <link:presentationArc xlink:type="arc" xlink:arcrole="http://www.xbrl.org/2003/arcrole/parent-child" xlink:from="SaldoDeExerciciosAnterioresTable" xlink:to="SaldoAxis" xlink:title="presentation: SaldoDeExerciciosAnterioresTable to SaldoAxis" order="1.0"/>
    <link:loc xlink:type="locator" xlink:href="../../../cor/dim/siconfi-dim_2019-12-31.xsd#siconfi-dim_PrevisaoOrcamentariaMember" xlink:label="PrevisaoOrcamentariaMember" xlink:title="PrevisaoOrcamentariaMember"/>
    <link:presentationArc xlink:type="arc" xlink:arcrole="http://www.xbrl.org/2003/arcrole/parent-child" xlink:from="SaldoAxis" xlink:to="PrevisaoOrcamentariaMember" xlink:title="presentation: SaldoAxis to PrevisaoOrcamentariaMember" order="1.0"/>
    <link:loc xlink:type="locator" xlink:href="siconfi-rreo-anexo6municipios_2019-12-31.xsd#siconfi-rreo-anexo6municipios_AjusteMetodologicoAbstract" xlink:label="AjusteMetodologicoAbstract" xlink:title="AjusteMetodologicoAbstract"/>
    <link:presentationArc xlink:type="arc" xlink:arcrole="http://www.xbrl.org/2003/arcrole/parent-child" xlink:from="DemonstrativoAnexo6Abstract" xlink:to="AjusteMetodologicoAbstract" xlink:title="presentation: DemonstrativoAnexo6Abstract to AjusteMetodologicoAbstract" order="10.0"/>
    <link:loc xlink:type="locator" xlink:href="siconfi-rreo-anexo6municipios_2019-12-31.xsd#siconfi-rreo-anexo6municipios_AjusteMetodologicoLineItems" xlink:label="AjusteMetodologicoLineItems" xlink:title="AjusteMetodologicoLineItems"/>
    <link:presentationArc xlink:type="arc" xlink:arcrole="http://www.xbrl.org/2003/arcrole/parent-child" xlink:from="AjusteMetodologicoAbstract" xlink:to="AjusteMetodologicoLineItems" xlink:title="presentation: AjusteMetodologicoAbstract to AjusteMetodologicoLineItems" order="1.0"/>
    <link:loc xlink:type="locator" xlink:href="../../../cor/ic/siconfi-cor_2019-12-31.xsd#siconfi-cor_VariacaoSaldoRPP" xlink:label="VariacaoSaldoRPP" xlink:title="VariacaoSaldoRPP"/>
    <link:presentationArc xlink:type="arc" xlink:arcrole="http://www.xbrl.org/2003/arcrole/parent-child" xlink:from="AjusteMetodologicoLineItems" xlink:to="VariacaoSaldoRPP" xlink:title="presentation: AjusteMetodologicoLineItems to VariacaoSaldoRPP" order="1.0"/>
    <link:loc xlink:type="locator" xlink:href="../../../cor/ic/siconfi-cor_2019-12-31.xsd#siconfi-cor_ReceitaDeAlienacaoDeInvestimentosPermanentes" xlink:label="ReceitaDeAlienacaoDeInvestimentosPermanentes" xlink:title="ReceitaDeAlienacaoDeInvestimentosPermanentes"/>
    <link:presentationArc xlink:type="arc" xlink:arcrole="http://www.xbrl.org/2003/arcrole/parent-child" xlink:from="AjusteMetodologicoLineItems" xlink:to="ReceitaDeAlienacaoDeInvestimentosPermanentes" xlink:title="presentation: AjusteMetodologicoLineItems to ReceitaDeAlienacaoDeInvestimentosPermanentes" order="2.0"/>
    <link:loc xlink:type="locator" xlink:href="../../../cor/ic/siconfi-cor_2019-12-31.xsd#siconfi-cor_PassivosReconhecidosNaDC" xlink:label="PassivosReconhecidosNaDC" xlink:title="PassivosReconhecidosNaDC"/>
    <link:presentationArc xlink:type="arc" xlink:arcrole="http://www.xbrl.org/2003/arcrole/parent-child" xlink:from="AjusteMetodologicoLineItems" xlink:to="PassivosReconhecidosNaDC" xlink:title="presentation: AjusteMetodologicoLineItems to PassivosReconhecidosNaDC" order="3.0"/>
    <link:loc xlink:type="locator" xlink:href="../../../cor/ic/siconfi-cor_2019-12-31.xsd#siconfi-cor_VariacaoCambial" xlink:label="VariacaoCambial" xlink:title="VariacaoCambial"/>
    <link:presentationArc xlink:type="arc" xlink:arcrole="http://www.xbrl.org/2003/arcrole/parent-child" xlink:from="AjusteMetodologicoLineItems" xlink:to="VariacaoCambial" xlink:title="presentation: AjusteMetodologicoLineItems to VariacaoCambial" order="4.0"/>
    <link:loc xlink:type="locator" xlink:href="../../../cor/ic/siconfi-cor_2019-12-31.xsd#siconfi-cor_PagamentoDePrecatoriosIntegrantesDaDC" xlink:label="PagamentoDePrecatoriosIntegrantesDaDC" xlink:title="PagamentoDePrecatoriosIntegrantesDaDC"/>
    <link:presentationArc xlink:type="arc" xlink:arcrole="http://www.xbrl.org/2003/arcrole/parent-child" xlink:from="AjusteMetodologicoLineItems" xlink:to="PagamentoDePrecatoriosIntegrantesDaDC" xlink:title="presentation: AjusteMetodologicoLineItems to PagamentoDePrecatoriosIntegrantesDaDC" order="5.0"/>
    <link:loc xlink:type="locator" xlink:href="../../../cor/ic/siconfi-cor_2019-12-31.xsd#siconfi-cor_AjustesRelativosAoRPPS" xlink:label="AjustesRelativosAoRPPS" xlink:title="AjustesRelativosAoRPPS"/>
    <link:presentationArc xlink:type="arc" xlink:arcrole="http://www.xbrl.org/2003/arcrole/parent-child" xlink:from="AjusteMetodologicoLineItems" xlink:to="AjustesRelativosAoRPPS" xlink:title="presentation: AjusteMetodologicoLineItems to AjustesRelativosAoRPPS" order="6.0"/>
    <link:loc xlink:type="locator" xlink:href="../../../cor/ic/siconfi-cor_2019-12-31.xsd#siconfi-cor_OutrosAjustes" xlink:label="OutrosAjustes" xlink:title="OutrosAjustes"/>
    <link:presentationArc xlink:type="arc" xlink:arcrole="http://www.xbrl.org/2003/arcrole/parent-child" xlink:from="AjusteMetodologicoLineItems" xlink:to="OutrosAjustes" xlink:title="presentation: AjusteMetodologicoLineItems to OutrosAjustes" order="7.0"/>
    <link:loc xlink:type="locator" xlink:href="../../../cor/ic/siconfi-cor_2019-12-31.xsd#siconfi-cor_ResultadoNominalAjustado" xlink:label="ResultadoNominalAjustado" xlink:title="ResultadoNominalAjustado"/>
    <link:presentationArc xlink:type="arc" xlink:arcrole="http://www.xbrl.org/2003/arcrole/parent-child" xlink:from="AjusteMetodologicoLineItems" xlink:to="ResultadoNominalAjustado" xlink:title="presentation: AjusteMetodologicoLineItems to ResultadoNominalAjustado" order="8.0"/>
    <link:loc xlink:type="locator" xlink:href="siconfi-rreo-anexo6municipios_2019-12-31.xsd#siconfi-rreo-anexo6municipios_AjusteMetodologicoTable" xlink:label="AjusteMetodologicoTable" xlink:title="AjusteMetodologicoTable"/>
    <link:presentationArc xlink:type="arc" xlink:arcrole="http://www.xbrl.org/2003/arcrole/parent-child" xlink:from="AjusteMetodologicoAbstract" xlink:to="AjusteMetodologicoTable" xlink:title="presentation: AjusteMetodologicoAbstract to AjusteMetodologicoTable" order="2.0" xbrldt:contextElement="segment" xbrldt:closed="true"/>
    <link:presentationArc xlink:type="arc" xlink:arcrole="http://www.xbrl.org/2003/arcrole/parent-child" xlink:from="AjusteMetodologicoTable" xlink:to="ValorAteOBimestreAxis" xlink:title="presentation: AjusteMetodologicoTable to ValorAteOBimestreAxis" order="1.0"/>
  </link:presentationLink>
</link:linkbase>
