<?xml version="1.0" encoding="UTF-8"?>
<!-- Generated by Fujitsu Interstage XWand B0196 -->
<link:linkbase xmlns:xsi="http://www.w3.org/2001/XMLSchema-instance" xsi:schemaLocation="http://www.xbrl.org/2003/linkbase http://www.xbrl.org/2003/xbrl-linkbase-2003-12-31.xsd http://xbrl.org/2008/generic http://www.xbrl.org/2008/generic-link.xsd http://xbrl.org/2008/formula http://www.xbrl.org/2008/formula.xsd http://xbrl.org/2008/label http://www.xbrl.org/2008/generic-label.xsd http://xbrl.org/2008/reference http://www.xbrl.org/2008/generic-reference.xsd http://xbrl.org/2008/assertion/consistency http://www.xbrl.org/2008/consistency-assertion.xsd http://xbrl.org/2008/assertion/existence http://www.xbrl.org/2008/existence-assertion.xsd http://xbrl.org/2008/assertion/value http://www.xbrl.org/2008/value-assertion.xsd http://xbrl.org/2008/filter/concept http://www.xbrl.org/2008/concept-filter.xsd http://xbrl.org/2010/message http://www.xbrl.org/2010/generic-message.xsd http://xbrl.org/2010/message/validation http://www.xbrl.org/2010/validation-message.xsd http://xbrl.org/2008/filter/dimension http://www.xbrl.org/2008/dimension-filter.xsd http://xbrl.org/2008/filter/boolean http://www.xbrl.org/2008/boolean-filter.xsd" xmlns:ca="http://xbrl.org/2008/assertion/consistency" xmlns:gen="http://xbrl.org/2008/generic" xmlns:fn="http://www.w3.org/2005/xpath-functions" xmlns:variable="http://xbrl.org/2008/variable" xmlns:xfi="http://www.xbrl.org/2008/function/instance" xmlns:cf="http://xbrl.org/2008/filter/concept" xmlns:siconfi-dim="http://fazenda.gov.br/siconfi/cor/dim/siconfi-dim_2019-12-31" xmlns:xs="http://www.w3.org/2001/XMLSchema" xmlns:valm="http://xbrl.org/2010/message/validation" xmlns:link="http://www.xbrl.org/2003/linkbase" xmlns:ea="http://xbrl.org/2008/assertion/existence" xmlns:siconfi-cor="http://fazenda.gov.br/siconfi/cor/ic/siconfi-cor_2019-12-31" xmlns:df="http://xbrl.org/2008/filter/dimension" xmlns:xlink="http://www.w3.org/1999/xlink" xmlns:validation="http://xbrl.org/2008/validation" xmlns:formula="http://xbrl.org/2008/formula" xmlns:msg="http://xbrl.org/2010/message" xmlns:va="http://xbrl.org/2008/assertion/value" xmlns:label="http://xbrl.org/2008/label" xmlns:bf="http://xbrl.org/2008/filter/boolean" xmlns:xbrli="http://www.xbrl.org/2003/instance">
  <link:roleRef roleURI="http://fazenda.gov.br/siconfi/rep/rgf/anexo5consorciospublicos/siconfi-rgf-anexo5-tabela5.2" xlink:type="simple" xlink:href="siconfi-rgf-anexo5consorciospublicos_2019-12-31.xsd#siconfi-rgf-anexo5-tabela5.2"/>
  <link:roleRef roleURI="http://www.xbrl.org/2008/role/link" xlink:type="simple" xlink:href="http://www.xbrl.org/2008/generic-link.xsd#standard-link-role"/>
  <link:roleRef roleURI="http://www.xbrl.org/2010/role/message" xlink:type="simple" xlink:href="http://www.xbrl.org/2010/generic-message.xsd#standard-message"/>
  <link:arcroleRef arcroleURI="http://xbrl.org/arcrole/2008/variable-filter" xlink:type="simple" xlink:href="http://www.xbrl.org/2008/variable.xsd#variable-filter"/>
  <link:arcroleRef arcroleURI="http://xbrl.org/arcrole/2008/variable-set" xlink:type="simple" xlink:href="http://www.xbrl.org/2008/variable.xsd#variable-set"/>
  <link:arcroleRef arcroleURI="http://xbrl.org/arcrole/2010/assertion-unsatisfied-message" xlink:type="simple" xlink:href="http://www.xbrl.org/2010/validation-message.xsd#assertion-unsatisfied-message"/>
  <link:arcroleRef arcroleURI="http://xbrl.org/arcrole/2008/assertion-set" xlink:type="simple" xlink:href="http://www.xbrl.org/2008/validation.xsd#assertion-set"/>
  <link:arcroleRef arcroleURI="http://xbrl.org/arcrole/2008/boolean-filter" xlink:type="simple" xlink:href="http://www.xbrl.org/2008/boolean-filter.xsd#boolean-filter"/>
  <link:arcroleRef arcroleURI="http://xbrl.org/arcrole/2008/variable-set-filter" xlink:type="simple" xlink:href="http://www.xbrl.org/2008/variable.xsd#variable-set-filter"/>
  <gen:link xlink:type="extended" xlink:role="http://fazenda.gov.br/siconfi/rep/rgf/anexo5consorciospublicos/siconfi-rgf-anexo5-tabela5.2">
    <va:valueAssertion xlink:type="resource" xlink:label="valueAssertion" xlink:title="valueAssertion" id="ED5002" test=" $DisponibilidadeDeCaixaLiquida = $DisponibilidadeDeCaixaBruta - $RestosAPagarLiquidadosENaoPagosDeExerciciosAnteriores - $RestosAPagarLiquidadosENaoPagosDoExercicio - $RestosAPagarEmpenhadosENaoLiquidadosDeExerciciosAnteriores - $DemaisObrigacoesFinanceiras " aspectModel="dimensional" implicitFiltering="true"/>
    <variable:factVariable xlink:type="resource" xlink:label="factVariable" xlink:title="factVariable" id="factVariable" bindAsSequence="false" fallbackValue="0"/>
    <variable:variableArc xlink:type="arc" xlink:arcrole="http://xbrl.org/arcrole/2008/variable-set" xlink:from="valueAssertion" xlink:to="factVariable" xlink:title="valueAssertion to factVariable" priority="0" order="1.0" name="DisponibilidadeDeCaixaLiquida"/>
    <cf:conceptName xlink:type="resource" xlink:label="conceptName" xlink:title="conceptName" id="conceptName">
      <cf:concept>
        <cf:qname>siconfi-cor:DisponibilidadeDeCaixaLiquida</cf:qname>
      </cf:concept>
    </cf:conceptName>
    <variable:variableFilterArc xlink:type="arc" xlink:arcrole="http://xbrl.org/arcrole/2008/variable-filter" xlink:from="factVariable" xlink:to="conceptName" xlink:title="factVariable to conceptName" priority="0" order="1.0" cover="true" complement="false"/>
    <variable:factVariable xlink:type="resource" xlink:label="factVariable_2" xlink:title="factVariable_2" id="factVariable_2" bindAsSequence="false" fallbackValue="0"/>
    <variable:variableArc xlink:type="arc" xlink:arcrole="http://xbrl.org/arcrole/2008/variable-set" xlink:from="valueAssertion" xlink:to="factVariable_2" xlink:title="valueAssertion to factVariable_2" priority="0" order="2.0" name="DisponibilidadeDeCaixaBruta"/>
    <cf:conceptName xlink:type="resource" xlink:label="conceptName_2" xlink:title="conceptName_2" id="conceptName_2">
      <cf:concept>
        <cf:qname>siconfi-cor:DisponibilidadeDeCaixaBruta</cf:qname>
      </cf:concept>
    </cf:conceptName>
    <variable:variableFilterArc xlink:type="arc" xlink:arcrole="http://xbrl.org/arcrole/2008/variable-filter" xlink:from="factVariable_2" xlink:to="conceptName_2" xlink:title="factVariable_2 to conceptName_2" priority="0" order="1.0" cover="true" complement="false"/>
    <variable:factVariable xlink:type="resource" xlink:label="factVariable_3" xlink:title="factVariable_3" id="factVariable_3" bindAsSequence="false" fallbackValue="0"/>
    <variable:variableArc xlink:type="arc" xlink:arcrole="http://xbrl.org/arcrole/2008/variable-set" xlink:from="valueAssertion" xlink:to="factVariable_3" xlink:title="valueAssertion to factVariable_3" priority="0" order="3.0" name="RestosAPagarLiquidadosENaoPagosDeExerciciosAnteriores"/>
    <cf:conceptName xlink:type="resource" xlink:label="conceptName_3" xlink:title="conceptName_3" id="conceptName_3">
      <cf:concept>
        <cf:qname>siconfi-cor:RestosAPagarLiquidadosENaoPagosDeExerciciosAnteriores</cf:qname>
      </cf:concept>
    </cf:conceptName>
    <variable:variableFilterArc xlink:type="arc" xlink:arcrole="http://xbrl.org/arcrole/2008/variable-filter" xlink:from="factVariable_3" xlink:to="conceptName_3" xlink:title="factVariable_3 to conceptName_3" priority="0" order="1.0" cover="true" complement="false"/>
    <variable:factVariable xlink:type="resource" xlink:label="factVariable_4" xlink:title="factVariable_4" id="factVariable_4" bindAsSequence="false" fallbackValue="0"/>
    <variable:variableArc xlink:type="arc" xlink:arcrole="http://xbrl.org/arcrole/2008/variable-set" xlink:from="valueAssertion" xlink:to="factVariable_4" xlink:title="valueAssertion to factVariable_4" priority="0" order="4.0" name="RestosAPagarLiquidadosENaoPagosDoExercicio"/>
    <cf:conceptName xlink:type="resource" xlink:label="conceptName_4" xlink:title="conceptName_4" id="conceptName_4">
      <cf:concept>
        <cf:qname>siconfi-cor:RestosAPagarLiquidadosENaoPagosDoExercicio</cf:qname>
      </cf:concept>
    </cf:conceptName>
    <variable:variableFilterArc xlink:type="arc" xlink:arcrole="http://xbrl.org/arcrole/2008/variable-filter" xlink:from="factVariable_4" xlink:to="conceptName_4" xlink:title="factVariable_4 to conceptName_4" priority="0" order="1.0" cover="true" complement="false"/>
    <variable:factVariable xlink:type="resource" xlink:label="factVariable_5" xlink:title="factVariable_5" id="factVariable_5" bindAsSequence="false" fallbackValue="0"/>
    <variable:variableArc xlink:type="arc" xlink:arcrole="http://xbrl.org/arcrole/2008/variable-set" xlink:from="valueAssertion" xlink:to="factVariable_5" xlink:title="valueAssertion to factVariable_5" priority="0" order="5.0" name="RestosAPagarEmpenhadosENaoLiquidadosDeExerciciosAnteriores"/>
    <cf:conceptName xlink:type="resource" xlink:label="conceptName_5" xlink:title="conceptName_5" id="conceptName_5">
      <cf:concept>
        <cf:qname>siconfi-cor:RestosAPagarEmpenhadosENaoLiquidadosDeExerciciosAnteriores</cf:qname>
      </cf:concept>
    </cf:conceptName>
    <variable:variableFilterArc xlink:type="arc" xlink:arcrole="http://xbrl.org/arcrole/2008/variable-filter" xlink:from="factVariable_5" xlink:to="conceptName_5" xlink:title="factVariable_5 to conceptName_5" priority="0" order="1.0" cover="true" complement="false"/>
    <variable:factVariable xlink:type="resource" xlink:label="factVariable_6" xlink:title="factVariable_6" id="factVariable_6" bindAsSequence="false" fallbackValue="0"/>
    <variable:variableArc xlink:type="arc" xlink:arcrole="http://xbrl.org/arcrole/2008/variable-set" xlink:from="valueAssertion" xlink:to="factVariable_6" xlink:title="valueAssertion to factVariable_6" priority="0" order="6.0" name="DemaisObrigacoesFinanceiras"/>
    <cf:conceptName xlink:type="resource" xlink:label="conceptName_6" xlink:title="conceptName_6" id="conceptName_6">
      <cf:concept>
        <cf:qname>siconfi-cor:DemaisObrigacoesFinanceiras</cf:qname>
      </cf:concept>
    </cf:conceptName>
    <variable:variableFilterArc xlink:type="arc" xlink:arcrole="http://xbrl.org/arcrole/2008/variable-filter" xlink:from="factVariable_6" xlink:to="conceptName_6" xlink:title="factVariable_6 to conceptName_6" priority="0" order="1.0" cover="true" complement="false"/>
    <bf:orFilter xlink:type="resource" xlink:label="orFilter" xlink:title="orFilter" id="orFilter"/>
    <variable:variableSetFilterArc xlink:type="arc" xlink:arcrole="http://xbrl.org/arcrole/2008/variable-set-filter" xlink:from="valueAssertion" xlink:to="orFilter" xlink:title="valueAssertion to orFilter" priority="0" order="1.0" complement="false"/>
    <df:explicitDimension xlink:type="resource" xlink:label="explicitDimension_3" xlink:title="explicitDimension_3" id="explicitDimension_3">
      <df:dimension>
        <df:qname>siconfi-dim:IdentificacaoDosRecursosAxis</df:qname>
      </df:dimension>
      <df:member>
        <df:qname>siconfi-dim:TotalDosRecursosNaoVinculadosMember</df:qname>
      </df:member>
    </df:explicitDimension>
    <variable:variableFilterArc xlink:type="arc" xlink:arcrole="http://xbrl.org/arcrole/2008/boolean-filter" xlink:from="orFilter" xlink:to="explicitDimension_3" xlink:title="orFilter to explicitDimension_3" priority="0" order="1.0" cover="true" complement="false"/>
    <df:explicitDimension xlink:type="resource" xlink:label="explicitDimension_17" xlink:title="explicitDimension_17" id="explicitDimension_17">
      <df:dimension>
        <df:qname>siconfi-dim:IdentificacaoDosRecursosAxis</df:qname>
      </df:dimension>
      <df:member>
        <df:qname>siconfi-dim:RecursosOrdinariosMember</df:qname>
      </df:member>
    </df:explicitDimension>
    <variable:variableFilterArc xlink:type="arc" xlink:arcrole="http://xbrl.org/arcrole/2008/boolean-filter" xlink:from="orFilter" xlink:to="explicitDimension_17" xlink:title="orFilter to explicitDimension_17" priority="0" order="2.0" cover="true" complement="false"/>
    <df:explicitDimension xlink:type="resource" xlink:label="explicitDimension_15" xlink:title="explicitDimension_15" id="explicitDimension_15">
      <df:dimension>
        <df:qname>siconfi-dim:IdentificacaoDosRecursosAxis</df:qname>
      </df:dimension>
      <df:member>
        <df:qname>siconfi-dim:OutrosRecursosNaoVinculadosMember</df:qname>
      </df:member>
    </df:explicitDimension>
    <variable:variableFilterArc xlink:type="arc" xlink:arcrole="http://xbrl.org/arcrole/2008/boolean-filter" xlink:from="orFilter" xlink:to="explicitDimension_15" xlink:title="orFilter to explicitDimension_15" priority="0" order="3.0" cover="true" complement="false"/>
    <df:explicitDimension xlink:type="resource" xlink:label="explicitDimension_4" xlink:title="explicitDimension_4" id="explicitDimension_4">
      <df:dimension>
        <df:qname>siconfi-dim:IdentificacaoDosRecursosAxis</df:qname>
      </df:dimension>
      <df:member>
        <df:qname>siconfi-dim:TotalDosRecursosPropriosMember</df:qname>
      </df:member>
    </df:explicitDimension>
    <variable:variableFilterArc xlink:type="arc" xlink:arcrole="http://xbrl.org/arcrole/2008/boolean-filter" xlink:from="orFilter" xlink:to="explicitDimension_4" xlink:title="orFilter to explicitDimension_4" priority="0" order="4.0" cover="true" complement="false"/>
    <df:explicitDimension xlink:type="resource" xlink:label="explicitDimension_16" xlink:title="explicitDimension_16" id="explicitDimension_16">
      <df:dimension>
        <df:qname>siconfi-dim:IdentificacaoDosRecursosAxis</df:qname>
      </df:dimension>
      <df:member>
        <df:qname>siconfi-dim:RecursosPropriosMember</df:qname>
      </df:member>
    </df:explicitDimension>
    <variable:variableFilterArc xlink:type="arc" xlink:arcrole="http://xbrl.org/arcrole/2008/boolean-filter" xlink:from="orFilter" xlink:to="explicitDimension_16" xlink:title="orFilter to explicitDimension_16" priority="0" order="5.0" cover="true" complement="false"/>
    <df:explicitDimension xlink:type="resource" xlink:label="explicitDimension_2" xlink:title="explicitDimension_2" id="explicitDimension_2">
      <df:dimension>
        <df:qname>siconfi-dim:IdentificacaoDosRecursosAxis</df:qname>
      </df:dimension>
      <df:member>
        <df:qname>siconfi-dim:TotalDosRecursosVinculadosMember</df:qname>
      </df:member>
    </df:explicitDimension>
    <variable:variableFilterArc xlink:type="arc" xlink:arcrole="http://xbrl.org/arcrole/2008/boolean-filter" xlink:from="orFilter" xlink:to="explicitDimension_2" xlink:title="orFilter to explicitDimension_2" priority="0" order="6.0" cover="true" complement="false"/>
    <df:explicitDimension xlink:type="resource" xlink:label="explicitDimension_5" xlink:title="explicitDimension_5" id="explicitDimension_5">
      <df:dimension>
        <df:qname>siconfi-dim:IdentificacaoDosRecursosAxis</df:qname>
      </df:dimension>
      <df:member>
        <df:qname>siconfi-dim:ReceitasDeImpostosEDeTransferenciaDeImpostosEducacaoMember</df:qname>
      </df:member>
    </df:explicitDimension>
    <variable:variableFilterArc xlink:type="arc" xlink:arcrole="http://xbrl.org/arcrole/2008/boolean-filter" xlink:from="orFilter" xlink:to="explicitDimension_5" xlink:title="orFilter to explicitDimension_5" priority="0" order="7.0" cover="true" complement="false"/>
    <df:explicitDimension xlink:type="resource" xlink:label="explicitDimension_18" xlink:title="explicitDimension_18" id="explicitDimension_18">
      <df:dimension>
        <df:qname>siconfi-dim:IdentificacaoDosRecursosAxis</df:qname>
      </df:dimension>
      <df:member>
        <df:qname>siconfi-dim:TransferenciasDoFUNDEBMember</df:qname>
      </df:member>
    </df:explicitDimension>
    <variable:variableFilterArc xlink:type="arc" xlink:arcrole="http://xbrl.org/arcrole/2008/boolean-filter" xlink:from="orFilter" xlink:to="explicitDimension_18" xlink:title="orFilter to explicitDimension_18" priority="0" order="8.0" cover="true" complement="false"/>
    <df:explicitDimension xlink:type="resource" xlink:label="explicitDimension_8" xlink:title="explicitDimension_8" id="explicitDimension_8">
      <df:dimension>
        <df:qname>siconfi-dim:IdentificacaoDosRecursosAxis</df:qname>
      </df:dimension>
      <df:member>
        <df:qname>siconfi-dim:OutrosRecursosDestinadosAEducacaoMember</df:qname>
      </df:member>
    </df:explicitDimension>
    <variable:variableFilterArc xlink:type="arc" xlink:arcrole="http://xbrl.org/arcrole/2008/boolean-filter" xlink:from="orFilter" xlink:to="explicitDimension_8" xlink:title="orFilter to explicitDimension_8" priority="0" order="9.0" cover="true" complement="false"/>
    <df:explicitDimension xlink:type="resource" xlink:label="explicitDimension_9" xlink:title="explicitDimension_9" id="explicitDimension_9">
      <df:dimension>
        <df:qname>siconfi-dim:IdentificacaoDosRecursosAxis</df:qname>
      </df:dimension>
      <df:member>
        <df:qname>siconfi-dim:ReceitasDeImpostosEDeTransferenciaDeImpostosSaudeMember</df:qname>
      </df:member>
    </df:explicitDimension>
    <variable:variableFilterArc xlink:type="arc" xlink:arcrole="http://xbrl.org/arcrole/2008/boolean-filter" xlink:from="orFilter" xlink:to="explicitDimension_9" xlink:title="orFilter to explicitDimension_9" priority="0" order="10.0" cover="true" complement="false"/>
    <df:explicitDimension xlink:type="resource" xlink:label="explicitDimension_10" xlink:title="explicitDimension_10" id="explicitDimension_10">
      <df:dimension>
        <df:qname>siconfi-dim:IdentificacaoDosRecursosAxis</df:qname>
      </df:dimension>
      <df:member>
        <df:qname>siconfi-dim:OutrosRecursosDestinadosASaudeMember</df:qname>
      </df:member>
    </df:explicitDimension>
    <variable:variableFilterArc xlink:type="arc" xlink:arcrole="http://xbrl.org/arcrole/2008/boolean-filter" xlink:from="orFilter" xlink:to="explicitDimension_10" xlink:title="orFilter to explicitDimension_10" priority="0" order="11.0" cover="true" complement="false"/>
    <df:explicitDimension xlink:type="resource" xlink:label="explicitDimension_11" xlink:title="explicitDimension_11" id="explicitDimension_11">
      <df:dimension>
        <df:qname>siconfi-dim:IdentificacaoDosRecursosAxis</df:qname>
      </df:dimension>
      <df:member>
        <df:qname>siconfi-dim:RecursosDestinadosAAssistenciaSocialMember</df:qname>
      </df:member>
    </df:explicitDimension>
    <variable:variableFilterArc xlink:type="arc" xlink:arcrole="http://xbrl.org/arcrole/2008/boolean-filter" xlink:from="orFilter" xlink:to="explicitDimension_11" xlink:title="orFilter to explicitDimension_11" priority="0" order="12.0" cover="true" complement="false"/>
    <df:explicitDimension xlink:type="resource" xlink:label="explicitDimension_12" xlink:title="explicitDimension_12" id="explicitDimension_12">
      <df:dimension>
        <df:qname>siconfi-dim:IdentificacaoDosRecursosAxis</df:qname>
      </df:dimension>
      <df:member>
        <df:qname>siconfi-dim:RecursosDeOperacoesDeCreditoExcetoDestinadosAEducacaoEASaudeMember</df:qname>
      </df:member>
    </df:explicitDimension>
    <variable:variableFilterArc xlink:type="arc" xlink:arcrole="http://xbrl.org/arcrole/2008/boolean-filter" xlink:from="orFilter" xlink:to="explicitDimension_12" xlink:title="orFilter to explicitDimension_12" priority="0" order="13.0" cover="true" complement="false"/>
    <df:explicitDimension xlink:type="resource" xlink:label="explicitDimension_13" xlink:title="explicitDimension_13" id="explicitDimension_13">
      <df:dimension>
        <df:qname>siconfi-dim:IdentificacaoDosRecursosAxis</df:qname>
      </df:dimension>
      <df:member>
        <df:qname>siconfi-dim:RecursosDeAlienacaoDeBensAtivosMember</df:qname>
      </df:member>
    </df:explicitDimension>
    <variable:variableFilterArc xlink:type="arc" xlink:arcrole="http://xbrl.org/arcrole/2008/boolean-filter" xlink:from="orFilter" xlink:to="explicitDimension_13" xlink:title="orFilter to explicitDimension_13" priority="0" order="14.0" cover="true" complement="false"/>
    <df:explicitDimension xlink:type="resource" xlink:label="explicitDimension_14" xlink:title="explicitDimension_14" id="explicitDimension_14">
      <df:dimension>
        <df:qname>siconfi-dim:IdentificacaoDosRecursosAxis</df:qname>
      </df:dimension>
      <df:member>
        <df:qname>siconfi-dim:OutrasDestinacoesVinculadasDeRecursosMember</df:qname>
      </df:member>
    </df:explicitDimension>
    <variable:variableFilterArc xlink:type="arc" xlink:arcrole="http://xbrl.org/arcrole/2008/boolean-filter" xlink:from="orFilter" xlink:to="explicitDimension_14" xlink:title="orFilter to explicitDimension_14" priority="0" order="15.0" cover="true" complement="false"/>
    <df:explicitDimension xlink:type="resource" xlink:label="explicitDimension" xlink:title="explicitDimension" id="explicitDimension">
      <df:dimension>
        <df:qname>siconfi-dim:IdentificacaoDosRecursosAxis</df:qname>
      </df:dimension>
      <df:member>
        <df:qname>siconfi-dim:TotalDosRecursosMember</df:qname>
      </df:member>
    </df:explicitDimension>
    <variable:variableFilterArc xlink:type="arc" xlink:arcrole="http://xbrl.org/arcrole/2008/boolean-filter" xlink:from="orFilter" xlink:to="explicitDimension" xlink:title="orFilter to explicitDimension" priority="0" order="16.0" cover="true" complement="false"/>
    <validation:assertionSet xlink:type="resource" xlink:label="assertionSet" xlink:title="assertionSet" id="Somatório"/>
    <va:valueAssertion xlink:type="resource" xlink:label="valueAssertion_2" xlink:title="valueAssertion_2" id="ES5005" test=" $TotalDosRecursosMember = $TotalDosRecursosVinculadosMember + $TotalDosRecursosNaoVinculadosMember + $TotalDosRecursosPropriosMember " aspectModel="dimensional" implicitFiltering="true"/>
    <gen:arc xlink:type="arc" xlink:arcrole="http://xbrl.org/arcrole/2008/assertion-set" xlink:from="assertionSet" xlink:to="valueAssertion_2" xlink:title="assertionSet to valueAssertion_2" priority="0" order="1.0"/>
    <variable:factVariable xlink:type="resource" xlink:label="factVariable_7" xlink:title="factVariable_7" id="factVariable_7" bindAsSequence="false" fallbackValue="0"/>
    <variable:variableArc xlink:type="arc" xlink:arcrole="http://xbrl.org/arcrole/2008/variable-set" xlink:from="valueAssertion_2" xlink:to="factVariable_7" xlink:title="valueAssertion_2 to factVariable_7" priority="0" order="1.0" name="TotalDosRecursosMember"/>
    <variable:variableFilterArc xlink:type="arc" xlink:arcrole="http://xbrl.org/arcrole/2008/variable-filter" xlink:from="factVariable_7" xlink:to="explicitDimension" xlink:title="factVariable_7 to explicitDimension" priority="0" order="1.0" cover="true" complement="false"/>
    <variable:factVariable xlink:type="resource" xlink:label="factVariable_8" xlink:title="factVariable_8" id="factVariable_8" bindAsSequence="false" fallbackValue="0"/>
    <variable:variableArc xlink:type="arc" xlink:arcrole="http://xbrl.org/arcrole/2008/variable-set" xlink:from="valueAssertion_2" xlink:to="factVariable_8" xlink:title="valueAssertion_2 to factVariable_8" priority="0" order="2.0" name="TotalDosRecursosVinculadosMember"/>
    <variable:variableFilterArc xlink:type="arc" xlink:arcrole="http://xbrl.org/arcrole/2008/variable-filter" xlink:from="factVariable_8" xlink:to="explicitDimension_2" xlink:title="factVariable_8 to explicitDimension_2" priority="0" order="1.0" cover="true" complement="false"/>
    <variable:factVariable xlink:type="resource" xlink:label="factVariable_9" xlink:title="factVariable_9" id="factVariable_9" bindAsSequence="false" fallbackValue="0"/>
    <variable:variableArc xlink:type="arc" xlink:arcrole="http://xbrl.org/arcrole/2008/variable-set" xlink:from="valueAssertion_2" xlink:to="factVariable_9" xlink:title="valueAssertion_2 to factVariable_9" priority="0" order="3.0" name="TotalDosRecursosNaoVinculadosMember"/>
    <variable:variableFilterArc xlink:type="arc" xlink:arcrole="http://xbrl.org/arcrole/2008/variable-filter" xlink:from="factVariable_9" xlink:to="explicitDimension_3" xlink:title="factVariable_9 to explicitDimension_3" priority="0" order="1.0" cover="true" complement="false"/>
    <variable:factVariable xlink:type="resource" xlink:label="factVariable_10" xlink:title="factVariable_10" id="factVariable_10" bindAsSequence="false" fallbackValue="0"/>
    <variable:variableArc xlink:type="arc" xlink:arcrole="http://xbrl.org/arcrole/2008/variable-set" xlink:from="valueAssertion_2" xlink:to="factVariable_10" xlink:title="valueAssertion_2 to factVariable_10" priority="0" order="4.0" name="TotalDosRecursosPropriosMember"/>
    <variable:variableFilterArc xlink:type="arc" xlink:arcrole="http://xbrl.org/arcrole/2008/variable-filter" xlink:from="factVariable_10" xlink:to="explicitDimension_4" xlink:title="factVariable_10 to explicitDimension_4" priority="0" order="1.0" cover="true" complement="false"/>
    <va:valueAssertion xlink:type="resource" xlink:label="valueAssertion_3" xlink:title="valueAssertion_3" id="ES5006" test=" $TotalDosRecursosVinculadosMember = $ReceitasDeImpostosEDeTransferenciaDeImpostosEducacaoMember + $TransferenciasDoFUNDEBMember + $OutrosRecursosDestinadosAEducacaoMember + $ReceitasDeImpostosEDeTransferenciaDeImpostosSaudeMember + $OutrosRecursosDestinadosASaudeMember + $RecursosDestinadosAAssistenciaSocialMember + $RecursosDeOperacoesDeCreditoExcetoDestinadosAEducacaoEASaudeMember + $RecursosDeAlienacaoDeBensAtivosMember + $OutrasDestinacoesVinculadasDeRecursosMember " aspectModel="dimensional" implicitFiltering="true"/>
    <gen:arc xlink:type="arc" xlink:arcrole="http://xbrl.org/arcrole/2008/assertion-set" xlink:from="assertionSet" xlink:to="valueAssertion_3" xlink:title="assertionSet to valueAssertion_3" priority="0" order="2.0"/>
    <variable:factVariable xlink:type="resource" xlink:label="factVariable_11" xlink:title="factVariable_11" id="factVariable_11" bindAsSequence="false" fallbackValue="0"/>
    <variable:variableArc xlink:type="arc" xlink:arcrole="http://xbrl.org/arcrole/2008/variable-set" xlink:from="valueAssertion_3" xlink:to="factVariable_11" xlink:title="valueAssertion_3 to factVariable_11" priority="0" order="1.0" name="TotalDosRecursosVinculadosMember"/>
    <variable:variableFilterArc xlink:type="arc" xlink:arcrole="http://xbrl.org/arcrole/2008/variable-filter" xlink:from="factVariable_11" xlink:to="explicitDimension_2" xlink:title="factVariable_11 to explicitDimension_2" priority="0" order="1.0" cover="true" complement="false"/>
    <variable:factVariable xlink:type="resource" xlink:label="factVariable_12" xlink:title="factVariable_12" id="factVariable_12" bindAsSequence="false" fallbackValue="0"/>
    <variable:variableArc xlink:type="arc" xlink:arcrole="http://xbrl.org/arcrole/2008/variable-set" xlink:from="valueAssertion_3" xlink:to="factVariable_12" xlink:title="valueAssertion_3 to factVariable_12" priority="0" order="2.0" name="ReceitasDeImpostosEDeTransferenciaDeImpostosEducacaoMember"/>
    <variable:variableFilterArc xlink:type="arc" xlink:arcrole="http://xbrl.org/arcrole/2008/variable-filter" xlink:from="factVariable_12" xlink:to="explicitDimension_5" xlink:title="factVariable_12 to explicitDimension_5" priority="0" order="1.0" cover="true" complement="false"/>
    <variable:factVariable xlink:type="resource" xlink:label="factVariable_15" xlink:title="factVariable_15" id="factVariable_15" bindAsSequence="false" fallbackValue="0"/>
    <variable:variableArc xlink:type="arc" xlink:arcrole="http://xbrl.org/arcrole/2008/variable-set" xlink:from="valueAssertion_3" xlink:to="factVariable_15" xlink:title="valueAssertion_3 to factVariable_15" priority="0" order="5.0" name="OutrosRecursosDestinadosAEducacaoMember"/>
    <variable:variableFilterArc xlink:type="arc" xlink:arcrole="http://xbrl.org/arcrole/2008/variable-filter" xlink:from="factVariable_15" xlink:to="explicitDimension_8" xlink:title="factVariable_15 to explicitDimension_8" priority="0" order="1.0" cover="true" complement="false"/>
    <variable:factVariable xlink:type="resource" xlink:label="factVariable_16" xlink:title="factVariable_16" id="factVariable_16" bindAsSequence="false" fallbackValue="0"/>
    <variable:variableArc xlink:type="arc" xlink:arcrole="http://xbrl.org/arcrole/2008/variable-set" xlink:from="valueAssertion_3" xlink:to="factVariable_16" xlink:title="valueAssertion_3 to factVariable_16" priority="0" order="6.0" name="ReceitasDeImpostosEDeTransferenciaDeImpostosSaudeMember"/>
    <variable:variableFilterArc xlink:type="arc" xlink:arcrole="http://xbrl.org/arcrole/2008/variable-filter" xlink:from="factVariable_16" xlink:to="explicitDimension_9" xlink:title="factVariable_16 to explicitDimension_9" priority="0" order="1.0" cover="true" complement="false"/>
    <variable:factVariable xlink:type="resource" xlink:label="factVariable_17" xlink:title="factVariable_17" id="factVariable_17" bindAsSequence="false" fallbackValue="0"/>
    <variable:variableArc xlink:type="arc" xlink:arcrole="http://xbrl.org/arcrole/2008/variable-set" xlink:from="valueAssertion_3" xlink:to="factVariable_17" xlink:title="valueAssertion_3 to factVariable_17" priority="0" order="7.0" name="OutrosRecursosDestinadosASaudeMember"/>
    <variable:variableFilterArc xlink:type="arc" xlink:arcrole="http://xbrl.org/arcrole/2008/variable-filter" xlink:from="factVariable_17" xlink:to="explicitDimension_10" xlink:title="factVariable_17 to explicitDimension_10" priority="0" order="1.0" cover="true" complement="false"/>
    <variable:factVariable xlink:type="resource" xlink:label="factVariable_18" xlink:title="factVariable_18" id="factVariable_18" bindAsSequence="false" fallbackValue="0"/>
    <variable:variableArc xlink:type="arc" xlink:arcrole="http://xbrl.org/arcrole/2008/variable-set" xlink:from="valueAssertion_3" xlink:to="factVariable_18" xlink:title="valueAssertion_3 to factVariable_18" priority="0" order="8.0" name="RecursosDestinadosAAssistenciaSocialMember"/>
    <variable:variableFilterArc xlink:type="arc" xlink:arcrole="http://xbrl.org/arcrole/2008/variable-filter" xlink:from="factVariable_18" xlink:to="explicitDimension_11" xlink:title="factVariable_18 to explicitDimension_11" priority="0" order="1.0" cover="true" complement="false"/>
    <variable:factVariable xlink:type="resource" xlink:label="factVariable_19" xlink:title="factVariable_19" id="factVariable_19" bindAsSequence="false" fallbackValue="0"/>
    <variable:variableArc xlink:type="arc" xlink:arcrole="http://xbrl.org/arcrole/2008/variable-set" xlink:from="valueAssertion_3" xlink:to="factVariable_19" xlink:title="valueAssertion_3 to factVariable_19" priority="0" order="9.0" name="RecursosDeOperacoesDeCreditoExcetoDestinadosAEducacaoEASaudeMember"/>
    <variable:variableFilterArc xlink:type="arc" xlink:arcrole="http://xbrl.org/arcrole/2008/variable-filter" xlink:from="factVariable_19" xlink:to="explicitDimension_12" xlink:title="factVariable_19 to explicitDimension_12" priority="0" order="1.0" cover="true" complement="false"/>
    <variable:factVariable xlink:type="resource" xlink:label="factVariable_20" xlink:title="factVariable_20" id="factVariable_20" bindAsSequence="false" fallbackValue="0"/>
    <variable:variableArc xlink:type="arc" xlink:arcrole="http://xbrl.org/arcrole/2008/variable-set" xlink:from="valueAssertion_3" xlink:to="factVariable_20" xlink:title="valueAssertion_3 to factVariable_20" priority="0" order="10.0" name="RecursosDeAlienacaoDeBensAtivosMember"/>
    <variable:variableFilterArc xlink:type="arc" xlink:arcrole="http://xbrl.org/arcrole/2008/variable-filter" xlink:from="factVariable_20" xlink:to="explicitDimension_13" xlink:title="factVariable_20 to explicitDimension_13" priority="0" order="1.0" cover="true" complement="false"/>
    <variable:factVariable xlink:type="resource" xlink:label="factVariable_21" xlink:title="factVariable_21" id="factVariable_21" bindAsSequence="false" fallbackValue="0"/>
    <variable:variableArc xlink:type="arc" xlink:arcrole="http://xbrl.org/arcrole/2008/variable-set" xlink:from="valueAssertion_3" xlink:to="factVariable_21" xlink:title="valueAssertion_3 to factVariable_21" priority="0" order="11.0" name="OutrasDestinacoesVinculadasDeRecursosMember"/>
    <variable:variableFilterArc xlink:type="arc" xlink:arcrole="http://xbrl.org/arcrole/2008/variable-filter" xlink:from="factVariable_21" xlink:to="explicitDimension_14" xlink:title="factVariable_21 to explicitDimension_14" priority="0" order="1.0" cover="true" complement="false"/>
    <variable:factVariable xlink:type="resource" xlink:label="factVariable_27" xlink:title="factVariable_27" id="factVariable_27" bindAsSequence="false" fallbackValue="0"/>
    <variable:variableArc xlink:type="arc" xlink:arcrole="http://xbrl.org/arcrole/2008/variable-set" xlink:from="valueAssertion_3" xlink:to="factVariable_27" xlink:title="valueAssertion_3 to factVariable_27" priority="0" order="12.0" name="TransferenciasDoFUNDEBMember"/>
    <variable:variableFilterArc xlink:type="arc" xlink:arcrole="http://xbrl.org/arcrole/2008/variable-filter" xlink:from="factVariable_27" xlink:to="explicitDimension_18" xlink:title="factVariable_27 to explicitDimension_18" priority="0" order="1.0" cover="true" complement="false"/>
    <va:valueAssertion xlink:type="resource" xlink:label="valueAssertion_4" xlink:title="valueAssertion_4" id="ES5007" test=" $TotalDosRecursosNaoVinculadosMember = $RecursosOrdinariosMember + $OutrosRecursosNaoVinculadosMember " aspectModel="dimensional" implicitFiltering="true"/>
    <gen:arc xlink:type="arc" xlink:arcrole="http://xbrl.org/arcrole/2008/assertion-set" xlink:from="assertionSet" xlink:to="valueAssertion_4" xlink:title="assertionSet to valueAssertion_4" priority="0" order="3.0"/>
    <variable:factVariable xlink:type="resource" xlink:label="factVariable_22" xlink:title="factVariable_22" id="factVariable_22" bindAsSequence="false" fallbackValue="0"/>
    <variable:variableArc xlink:type="arc" xlink:arcrole="http://xbrl.org/arcrole/2008/variable-set" xlink:from="valueAssertion_4" xlink:to="factVariable_22" xlink:title="valueAssertion_4 to factVariable_22" priority="0" order="1.0" name="TotalDosRecursosNaoVinculadosMember"/>
    <variable:variableFilterArc xlink:type="arc" xlink:arcrole="http://xbrl.org/arcrole/2008/variable-filter" xlink:from="factVariable_22" xlink:to="explicitDimension_3" xlink:title="factVariable_22 to explicitDimension_3" priority="0" order="1.0" cover="true" complement="false"/>
    <variable:factVariable xlink:type="resource" xlink:label="factVariable_23" xlink:title="factVariable_23" id="factVariable_23" bindAsSequence="false" fallbackValue="0"/>
    <variable:variableArc xlink:type="arc" xlink:arcrole="http://xbrl.org/arcrole/2008/variable-set" xlink:from="valueAssertion_4" xlink:to="factVariable_23" xlink:title="valueAssertion_4 to factVariable_23" priority="0" order="2.0" name="RecursosOrdinariosMember"/>
    <variable:variableFilterArc xlink:type="arc" xlink:arcrole="http://xbrl.org/arcrole/2008/variable-filter" xlink:from="factVariable_23" xlink:to="explicitDimension_17" xlink:title="factVariable_23 to explicitDimension_17" priority="0" order="1.0" cover="true" complement="false"/>
    <variable:factVariable xlink:type="resource" xlink:label="factVariable_26" xlink:title="factVariable_26" id="factVariable_26" bindAsSequence="false" fallbackValue="0"/>
    <variable:variableArc xlink:type="arc" xlink:arcrole="http://xbrl.org/arcrole/2008/variable-set" xlink:from="valueAssertion_4" xlink:to="factVariable_26" xlink:title="valueAssertion_4 to factVariable_26" priority="0" order="3.0" name="OutrosRecursosNaoVinculadosMember"/>
    <variable:variableFilterArc xlink:type="arc" xlink:arcrole="http://xbrl.org/arcrole/2008/variable-filter" xlink:from="factVariable_26" xlink:to="explicitDimension_15" xlink:title="factVariable_26 to explicitDimension_15" priority="0" order="1.0" cover="true" complement="false"/>
    <va:valueAssertion xlink:type="resource" xlink:label="valueAssertion_5" xlink:title="valueAssertion_5" id="ES5008" test=" $TotalDosRecursosPropriosMember = $RecursosPropriosMember " aspectModel="dimensional" implicitFiltering="true"/>
    <gen:arc xlink:type="arc" xlink:arcrole="http://xbrl.org/arcrole/2008/assertion-set" xlink:from="assertionSet" xlink:to="valueAssertion_5" xlink:title="assertionSet to valueAssertion_5" priority="0" order="4.0"/>
    <variable:factVariable xlink:type="resource" xlink:label="factVariable_24" xlink:title="factVariable_24" id="factVariable_24" bindAsSequence="false" fallbackValue="0"/>
    <variable:variableArc xlink:type="arc" xlink:arcrole="http://xbrl.org/arcrole/2008/variable-set" xlink:from="valueAssertion_5" xlink:to="factVariable_24" xlink:title="valueAssertion_5 to factVariable_24" priority="0" order="1.0" name="TotalDosRecursosPropriosMember"/>
    <variable:variableFilterArc xlink:type="arc" xlink:arcrole="http://xbrl.org/arcrole/2008/variable-filter" xlink:from="factVariable_24" xlink:to="explicitDimension_4" xlink:title="factVariable_24 to explicitDimension_4" priority="0" order="1.0" cover="true" complement="false"/>
    <variable:factVariable xlink:type="resource" xlink:label="factVariable_25" xlink:title="factVariable_25" id="factVariable_25" bindAsSequence="false" fallbackValue="0"/>
    <variable:variableArc xlink:type="arc" xlink:arcrole="http://xbrl.org/arcrole/2008/variable-set" xlink:from="valueAssertion_5" xlink:to="factVariable_25" xlink:title="valueAssertion_5 to factVariable_25" priority="0" order="2.0" name="RecursosPropriosMember"/>
    <variable:variableFilterArc xlink:type="arc" xlink:arcrole="http://xbrl.org/arcrole/2008/variable-filter" xlink:from="factVariable_25" xlink:to="explicitDimension_16" xlink:title="factVariable_25 to explicitDimension_16" priority="0" order="1.0" cover="true" complement="false"/>
    <va:valueAssertion xlink:type="resource" xlink:label="valueAssertion_6" xlink:title="valueAssertion_6" id="ED5004" test=" $DisponibilidadeDeCaixaLiquidaAposRP = $DisponibilidadeDeCaixaLiquida - $RestosAPagarEmpenhadosENaoLiquidadosDoExercicio " aspectModel="dimensional" implicitFiltering="true"/>
    <variable:factVariable xlink:type="resource" xlink:label="factVariable_28" xlink:title="factVariable_28" id="factVariable_28" bindAsSequence="false" fallbackValue="0"/>
    <variable:variableArc xlink:type="arc" xlink:arcrole="http://xbrl.org/arcrole/2008/variable-set" xlink:from="valueAssertion_6" xlink:to="factVariable_28" xlink:title="valueAssertion_6 to factVariable_28" priority="0" order="1.0" name="DisponibilidadeDeCaixaLiquidaAposRP"/>
    <cf:conceptName xlink:type="resource" xlink:label="conceptName_7" xlink:title="conceptName_7" id="conceptName_7">
      <cf:concept>
        <cf:qname>siconfi-cor:DisponibilidadeDeCaixaLiquidaAposRP</cf:qname>
      </cf:concept>
    </cf:conceptName>
    <variable:variableFilterArc xlink:type="arc" xlink:arcrole="http://xbrl.org/arcrole/2008/variable-filter" xlink:from="factVariable_28" xlink:to="conceptName_7" xlink:title="factVariable_28 to conceptName_7" priority="0" order="1.0" cover="true" complement="false"/>
    <variable:variableArc xlink:type="arc" xlink:arcrole="http://xbrl.org/arcrole/2008/variable-set" xlink:from="valueAssertion_6" xlink:to="factVariable" xlink:title="valueAssertion_6 to factVariable" priority="0" order="2.0" name="DisponibilidadeDeCaixaLiquida"/>
    <variable:factVariable xlink:type="resource" xlink:label="factVariable_29" xlink:title="factVariable_29" id="factVariable_29" bindAsSequence="false" fallbackValue="0"/>
    <variable:variableArc xlink:type="arc" xlink:arcrole="http://xbrl.org/arcrole/2008/variable-set" xlink:from="valueAssertion_6" xlink:to="factVariable_29" xlink:title="valueAssertion_6 to factVariable_29" priority="0" order="3.0" name="RestosAPagarEmpenhadosENaoLiquidadosDoExercicio"/>
    <cf:conceptName xlink:type="resource" xlink:label="conceptName_8" xlink:title="conceptName_8" id="conceptName_8">
      <cf:concept>
        <cf:qname>siconfi-cor:RestosAPagarEmpenhadosENaoLiquidadosDoExercicio</cf:qname>
      </cf:concept>
    </cf:conceptName>
    <variable:variableFilterArc xlink:type="arc" xlink:arcrole="http://xbrl.org/arcrole/2008/variable-filter" xlink:from="factVariable_29" xlink:to="conceptName_8" xlink:title="factVariable_29 to conceptName_8" priority="0" order="1.0" cover="true" complement="false"/>
    <variable:variableSetFilterArc xlink:type="arc" xlink:arcrole="http://xbrl.org/arcrole/2008/variable-set-filter" xlink:from="valueAssertion_6" xlink:to="orFilter" xlink:title="valueAssertion_6 to orFilter" priority="0" order="1.0" complement="false"/>
    <df:explicitDimension xlink:type="resource" xlink:label="explicitDimension_6" xlink:title="explicitDimension_6" id="explicitDimension_6">
      <df:dimension>
        <df:qname>siconfi-dim:IdentificacaoDosRecursosAxis</df:qname>
      </df:dimension>
      <df:member>
        <df:qname>siconfi-dim:TransferenciasDoFUNDEB60Member</df:qname>
      </df:member>
    </df:explicitDimension>
    <df:explicitDimension xlink:type="resource" xlink:label="explicitDimension_7" xlink:title="explicitDimension_7" id="explicitDimension_7">
      <df:dimension>
        <df:qname>siconfi-dim:IdentificacaoDosRecursosAxis</df:qname>
      </df:dimension>
      <df:member>
        <df:qname>siconfi-dim:TransferenciasDoFUNDEB40Member</df:qname>
      </df:member>
    </df:explicitDimension>
  </gen:link>
  <gen:link xlink:type="extended" xlink:role="http://www.xbrl.org/2008/role/link">
    <link:loc xlink:type="locator" xlink:href="#ED5002" xlink:label="valueAssertion" xlink:title="valueAssertion"/>
    <msg:message xlink:type="resource" xlink:label="label" xlink:role="http://www.xbrl.org/2010/role/message" xlink:title="label" xml:lang="pt-br" id="label">[ED5002] - Os valores informados na coluna "DISPONIBILIDADE DE CAIXA LÍQUIDA (ANTES DA INSCRIÇÃO EM RESTOS A PAGAR NÃO PROCESSADOS DO EXERCÍCIO) (f)=(a-(b+c+d+e))" não corresponde à diferença entre os valores informados nas colunas "DISPONIBILIDADE DE CAIXA BRUTA (a)", "De Exercícios Anteriores (b)", "Do Exercício (c)", "Restos a Pagar Empenhados e Não Liquidados de Exercícios Anteriores (d)" e "Demais Obrigações Financeiras (e)" no Quadro "Controle do Total de Disponibilidade de Caixa" do Anexo 5.</msg:message>
    <gen:arc xlink:type="arc" xlink:arcrole="http://xbrl.org/arcrole/2010/assertion-unsatisfied-message" xlink:from="valueAssertion" xlink:to="label" xlink:title="valueAssertion to label" priority="0" order="1.0"/>
    <link:loc xlink:type="locator" xlink:href="#ES5005" xlink:label="valueAssertion_2" xlink:title="valueAssertion_2"/>
    <msg:message xlink:type="resource" xlink:label="label_2" xlink:role="http://www.xbrl.org/2010/role/message" xlink:title="label_2" xml:lang="pt-br" id="label_2">[ES5005] - O valor informado no campo "TOTAL (IV) = (I + II + III)" não corresponde ao somatório dos campos "TOTAL DOS RECURSOS NÃO VINCULADOS - Contrato de Rateio (I)", "TOTAL DOS RECURSOS PRÓPRIOS (II)" e "TOTAL DOS RECURSOS VINCULADOS  - Contrato de Rateio (III)" do Quadro "Controle do Total de Disponibilidade de Caixa" do Anexo 5.
</msg:message>
    <gen:arc xlink:type="arc" xlink:arcrole="http://xbrl.org/arcrole/2010/assertion-unsatisfied-message" xlink:from="valueAssertion_2" xlink:to="label_2" xlink:title="valueAssertion_2 to label_2" priority="0" order="1.0"/>
    <link:loc xlink:type="locator" xlink:href="#ES5006" xlink:label="valueAssertion_3" xlink:title="valueAssertion_3"/>
    <msg:message xlink:type="resource" xlink:label="label_3" xlink:role="http://www.xbrl.org/2010/role/message" xlink:title="label_3" xml:lang="pt-br" id="label_3">[ES5006] - O valor informado no campo "TOTAL DOS RECURSOS VINCULADOS - Contrato de Rateio(III)" não corresponde ao somatório dos campos "Receitas de Impostos e de Transferência de Impostos – Educação", "Transferências do FUNDEB", "Outros Recursos Vinculados à Educação", "Receitas de Impostos e de Transferência de Impostos - Saúde", "Outros Recursos Vinculados à Saúde", "Recursos Vinculados à Assistência Social, "Recursos de Operações de Crédito (exceto destinados à Educação e à Saúde)", "Recursos de Alienação de Bens/Ativos" e "Outras Recursos Vinculados" do Quadro "Demonstrativo da Disponibilidade de Caixa e dos Restos a Pagar" do Anexo 5.</msg:message>
    <gen:arc xlink:type="arc" xlink:arcrole="http://xbrl.org/arcrole/2010/assertion-unsatisfied-message" xlink:from="valueAssertion_3" xlink:to="label_3" xlink:title="valueAssertion_3 to label_3" priority="0" order="1.0"/>
    <link:loc xlink:type="locator" xlink:href="#ES5007" xlink:label="valueAssertion_4" xlink:title="valueAssertion_4"/>
    <msg:message xlink:type="resource" xlink:label="label_4" xlink:role="http://www.xbrl.org/2010/role/message" xlink:title="label_4" xml:lang="pt-br" id="label_4">[ES5007] - O valor informado no campo "TOTAL DOS RECURSOS NÃO VINCULADOS - Contrato de Rateio (I)" não corresponde ao somatório dos campos "Recursos Ordinários" e "Outros Recursos não Vinculados" do Quadro "Demonstrativo da Disponibilidade de Caixa e dos Restos a Pagar" do Anexo 5.
</msg:message>
    <gen:arc xlink:type="arc" xlink:arcrole="http://xbrl.org/arcrole/2010/assertion-unsatisfied-message" xlink:from="valueAssertion_4" xlink:to="label_4" xlink:title="valueAssertion_4 to label_4" priority="0" order="1.0"/>
    <link:loc xlink:type="locator" xlink:href="#ES5008" xlink:label="valueAssertion_5" xlink:title="valueAssertion_5"/>
    <msg:message xlink:type="resource" xlink:label="label_5" xlink:role="http://www.xbrl.org/2010/role/message" xlink:title="label_5" xml:lang="pt-br" id="label_5">[ES5008] - O valor informado no campo "TOTAL DOS RECURSOS PRÓPRIOS (II)" não corresponde ao valor do campo "Recursos próprios dos consórcios" do Quadro "Demonstrativo da Disponibilidade de Caixa e dos Restos a Pagar" do Anexo 5.</msg:message>
    <gen:arc xlink:type="arc" xlink:arcrole="http://xbrl.org/arcrole/2010/assertion-unsatisfied-message" xlink:from="valueAssertion_5" xlink:to="label_5" xlink:title="valueAssertion_5 to label_5" priority="0" order="1.0"/>
    <link:loc xlink:type="locator" xlink:href="#ED5004" xlink:label="valueAssertion_6" xlink:title="valueAssertion_6"/>
    <msg:message xlink:type="resource" xlink:label="label_6" xlink:role="http://www.xbrl.org/2010/role/message" xlink:title="label_6" xml:lang="pt-br" id="label_6">[ED5004] - Os valores informados na coluna "DISPONIBILIDADE DE CAIXA LÍQUIDA (APÓS A INSCRIÇÃO EM RESTOS A PAGAR NÃO PROCESSADOS DO EXERCÍCIO) (h) = (f - g)" não corresponde à diferença entre os valores informados nas colunas "DISPONIBILIDADE DE CAIXA LÍQUIDA (ANTES DA INSCRIÇÃO EM RESTOS A PAGAR NÃO PROCESSADOS DO EXERCÍCIO) (f)=(a-(b+c+d+e))" e "Restos a Pagar Empenhados e Não Liquidados do Exercício (g)" no Quadro "Controle do Total de Disponibilidade de Caixa" do Anexo 5.</msg:message>
    <gen:arc xlink:type="arc" xlink:arcrole="http://xbrl.org/arcrole/2010/assertion-unsatisfied-message" xlink:from="valueAssertion_6" xlink:to="label_6" xlink:title="valueAssertion_6 to label_6" priority="0" order="1.0"/>
  </gen:link>
</link:linkbase>
