<?xml version="1.0" encoding="UTF-8"?>
<!-- Generated by Fujitsu Interstage XWand B0196 -->
<link:linkbase xmlns:xsi="http://www.w3.org/2001/XMLSchema-instance" xsi:schemaLocation="http://www.xbrl.org/2003/linkbase http://www.xbrl.org/2003/xbrl-linkbase-2003-12-31.xsd" xmlns:link="http://www.xbrl.org/2003/linkbase" xmlns:xbrli="http://www.xbrl.org/2003/instance" xmlns:xlink="http://www.w3.org/1999/xlink">
  <link:roleRef roleURI="http://fazenda.gov.br/siconfi/rep/rgf/anexo5consorciospublicos/siconfi-rgf-anexo5-tabela5.2" xlink:type="simple" xlink:href="siconfi-rgf-anexo5consorciospublicos_2019-12-31.xsd#siconfi-rgf-anexo5-tabela5.2"/>
  <link:labelLink xlink:type="extended" xlink:role="http://www.xbrl.org/2003/role/link"/>
  <link:labelLink xlink:type="extended" xlink:role="http://fazenda.gov.br/siconfi/rep/rgf/anexo5consorciospublicos/siconfi-rgf-anexo5-tabela5.2">
    <link:loc xlink:type="locator" xlink:href="../../../cor/dim/siconfi-dim_2019-12-31.xsd#siconfi-dim_ComparativoSaldoDividaAxis" xlink:label="ComparativoSaldoDividaAxis" xlink:title="ComparativoSaldoDividaAxis"/>
    <link:label xlink:type="resource" xlink:label="label_ComparativoSaldoDividaAxis" xlink:role="http://www.xbrl.org/2003/role/label" xlink:title="label_ComparativoSaldoDividaAxis" xml:lang="pt-br" id="label_ComparativoSaldoDividaAxis">Comparativo do Saldo da Dívida [axis] [orientacao=horizontal]</link:label>
    <link:labelArc xlink:type="arc" xlink:arcrole="http://www.xbrl.org/2003/arcrole/concept-label" xlink:from="ComparativoSaldoDividaAxis" xlink:to="label_ComparativoSaldoDividaAxis" xlink:title="label: ComparativoSaldoDividaAxis to label_ComparativoSaldoDividaAxis"/>
    <link:loc xlink:type="locator" xlink:href="../../../cor/dim/siconfi-dim_2019-12-31.xsd#siconfi-dim_ControleDaDisponibilidadeDeCaixaAxis" xlink:label="ControleDaDisponibilidadeDeCaixaAxis" xlink:title="ControleDaDisponibilidadeDeCaixaAxis"/>
    <link:label xlink:type="resource" xlink:label="label_ControleDaDisponibilidadeDeCaixaAxis" xlink:role="http://www.xbrl.org/2003/role/label" xlink:title="label_ControleDaDisponibilidadeDeCaixaAxis" xml:lang="pt-br" id="label_ControleDaDisponibilidadeDeCaixaAxis">Controle da Disponibilidade de Caixa [axis] [orientacao=vertical]</link:label>
    <link:labelArc xlink:type="arc" xlink:arcrole="http://www.xbrl.org/2003/arcrole/concept-label" xlink:from="ControleDaDisponibilidadeDeCaixaAxis" xlink:to="label_ControleDaDisponibilidadeDeCaixaAxis" xlink:title="label: ControleDaDisponibilidadeDeCaixaAxis to label_ControleDaDisponibilidadeDeCaixaAxis"/>
    <link:loc xlink:type="locator" xlink:href="../../../cor/dim/siconfi-dim_2019-12-31.xsd#siconfi-dim_IdentificacaoDosRecursosVinculadosAxis" xlink:label="IdentificacaoDosRecursosVinculadosAxis" xlink:title="IdentificacaoDosRecursosVinculadosAxis"/>
    <link:label xlink:type="resource" xlink:label="label_IdentificacaoDosRecursosVinculadosAxis" xlink:role="http://www.xbrl.org/2003/role/label" xlink:title="label_IdentificacaoDosRecursosVinculadosAxis" xml:lang="pt-br" id="label_IdentificacaoDosRecursosVinculadosAxis">Identificação dos Recursos Vinculados [axis] [orientacao=vertical]</link:label>
    <link:labelArc xlink:type="arc" xlink:arcrole="http://www.xbrl.org/2003/arcrole/concept-label" xlink:from="IdentificacaoDosRecursosVinculadosAxis" xlink:to="label_IdentificacaoDosRecursosVinculadosAxis" xlink:title="label: IdentificacaoDosRecursosVinculadosAxis to label_IdentificacaoDosRecursosVinculadosAxis"/>
    <link:loc xlink:type="locator" xlink:href="../../../cor/dim/siconfi-dim_2019-12-31.xsd#siconfi-dim_IdentificacaoDosRecursosNaoVinculadosAxis" xlink:label="IdentificacaoDosRecursosNaoVinculadosAxis" xlink:title="IdentificacaoDosRecursosNaoVinculadosAxis"/>
    <link:label xlink:type="resource" xlink:label="label_IdentificacaoDosRecursosNaoVinculadosAxis" xlink:role="http://www.xbrl.org/2003/role/label" xlink:title="label_IdentificacaoDosRecursosNaoVinculadosAxis" xml:lang="pt-br" id="label_IdentificacaoDosRecursosNaoVinculadosAxis">Identificação dos Recursos Não Vinculados [axis] [orientacao=vertical]</link:label>
    <link:labelArc xlink:type="arc" xlink:arcrole="http://www.xbrl.org/2003/arcrole/concept-label" xlink:from="IdentificacaoDosRecursosNaoVinculadosAxis" xlink:to="label_IdentificacaoDosRecursosNaoVinculadosAxis" xlink:title="label: IdentificacaoDosRecursosNaoVinculadosAxis to label_IdentificacaoDosRecursosNaoVinculadosAxis"/>
    <link:loc xlink:type="locator" xlink:href="../../../cor/dim/siconfi-dim_2019-12-31.xsd#siconfi-dim_RecursosOrdinariosMember" xlink:label="RecursosOrdinariosMember" xlink:title="RecursosOrdinariosMember"/>
    <link:label xlink:type="resource" xlink:label="label_RecursosOrdinariosMember" xlink:role="http://www.xbrl.org/2003/role/label" xlink:title="label_RecursosOrdinariosMember" xml:lang="pt-br" id="label_RecursosOrdinariosMember">Recursos Ordinários [member]</link:label>
    <link:labelArc xlink:type="arc" xlink:arcrole="http://www.xbrl.org/2003/arcrole/concept-label" xlink:from="RecursosOrdinariosMember" xlink:to="label_RecursosOrdinariosMember" xlink:title="label: RecursosOrdinariosMember to label_RecursosOrdinariosMember"/>
    <link:loc xlink:type="locator" xlink:href="../../../cor/dim/siconfi-dim_2019-12-31.xsd#siconfi-dim_RecursosPropriosMember" xlink:label="RecursosPropriosMember" xlink:title="RecursosPropriosMember"/>
    <link:label xlink:type="resource" xlink:label="label_RecursosPropriosMember" xlink:role="http://www.xbrl.org/2003/role/label" xlink:title="label_RecursosPropriosMember" xml:lang="pt-br" id="label_RecursosPropriosMember">Recursos próprios dos consórcios [member]</link:label>
    <link:labelArc xlink:type="arc" xlink:arcrole="http://www.xbrl.org/2003/arcrole/concept-label" xlink:from="RecursosPropriosMember" xlink:to="label_RecursosPropriosMember" xlink:title="label: RecursosPropriosMember to label_RecursosPropriosMember"/>
    <link:loc xlink:type="locator" xlink:href="../../../cor/dim/siconfi-dim_2019-12-31.xsd#siconfi-dim_RegimeProprioDePrevidenciaDosServidoresMember" xlink:label="RegimeProprioDePrevidenciaDosServidoresMember" xlink:title="RegimeProprioDePrevidenciaDosServidoresMember"/>
    <link:label xlink:type="resource" xlink:label="label_RegimeProprioDePrevidenciaDosServidoresMember" xlink:role="http://www.xbrl.org/2003/role/label" xlink:title="label_RegimeProprioDePrevidenciaDosServidoresMember" xml:lang="pt-br" id="label_RegimeProprioDePrevidenciaDosServidoresMember">Regime Próprio de Previdência dos Servidores [member]</link:label>
    <link:labelArc xlink:type="arc" xlink:arcrole="http://www.xbrl.org/2003/arcrole/concept-label" xlink:from="RegimeProprioDePrevidenciaDosServidoresMember" xlink:to="label_RegimeProprioDePrevidenciaDosServidoresMember" xlink:title="label: RegimeProprioDePrevidenciaDosServidoresMember to label_RegimeProprioDePrevidenciaDosServidoresMember"/>
    <link:loc xlink:type="locator" xlink:href="../../../cor/dim/siconfi-dim_2019-12-31.xsd#siconfi-dim_TotalDosRecursosVinculadosMember" xlink:label="TotalDosRecursosVinculadosMember" xlink:title="TotalDosRecursosVinculadosMember"/>
    <link:label xlink:type="resource" xlink:label="label_TotalDosRecursosVinculadosMember" xlink:role="http://www.xbrl.org/2003/role/label" xlink:title="label_TotalDosRecursosVinculadosMember" xml:lang="pt-br" id="label_TotalDosRecursosVinculadosMember">TOTAL DOS RECURSOS VINCULADOS - Contrato de Rateio (III) [member]</link:label>
    <link:labelArc xlink:type="arc" xlink:arcrole="http://www.xbrl.org/2003/arcrole/concept-label" xlink:from="TotalDosRecursosVinculadosMember" xlink:to="label_TotalDosRecursosVinculadosMember" xlink:title="label: TotalDosRecursosVinculadosMember to label_TotalDosRecursosVinculadosMember"/>
    <link:loc xlink:type="locator" xlink:href="../../../cor/dim/siconfi-dim_2019-12-31.xsd#siconfi-dim_TotalDosRecursosNaoVinculadosMember" xlink:label="TotalDosRecursosNaoVinculadosMember" xlink:title="TotalDosRecursosNaoVinculadosMember"/>
    <link:label xlink:type="resource" xlink:label="label_TotalDosRecursosNaoVinculadosMember" xlink:role="http://www.xbrl.org/2003/role/label" xlink:title="label_TotalDosRecursosNaoVinculadosMember" xml:lang="pt-br" id="label_TotalDosRecursosNaoVinculadosMember">TOTAL DOS RECURSOS NÃO VINCULADOS - Contrato de Rateio (I) [member]</link:label>
    <link:labelArc xlink:type="arc" xlink:arcrole="http://www.xbrl.org/2003/arcrole/concept-label" xlink:from="TotalDosRecursosNaoVinculadosMember" xlink:to="label_TotalDosRecursosNaoVinculadosMember" xlink:title="label: TotalDosRecursosNaoVinculadosMember to label_TotalDosRecursosNaoVinculadosMember"/>
    <link:loc xlink:type="locator" xlink:href="../../../cor/dim/siconfi-dim_2019-12-31.xsd#siconfi-dim_TotalDosRecursosMember" xlink:label="TotalDosRecursosMember" xlink:title="TotalDosRecursosMember"/>
    <link:label xlink:type="resource" xlink:label="label_TotalDosRecursosMember" xlink:role="http://www.xbrl.org/2003/role/label" xlink:title="label_TotalDosRecursosMember" xml:lang="pt-br" id="label_TotalDosRecursosMember">TOTAL (IV) = (I + II + III) [member]</link:label>
    <link:labelArc xlink:type="arc" xlink:arcrole="http://www.xbrl.org/2003/arcrole/concept-label" xlink:from="TotalDosRecursosMember" xlink:to="label_TotalDosRecursosMember" xlink:title="label: TotalDosRecursosMember to label_TotalDosRecursosMember"/>
    <link:loc xlink:type="locator" xlink:href="../../../cor/dim/siconfi-dim_2019-12-31.xsd#siconfi-dim_TotalDosRecursosPropriosMember" xlink:label="TotalDosRecursosPropriosMember" xlink:title="TotalDosRecursosPropriosMember"/>
    <link:label xlink:type="resource" xlink:label="label_TotalDosRecursosPropriosMember" xlink:role="http://www.xbrl.org/2003/role/label" xlink:title="label_TotalDosRecursosPropriosMember" xml:lang="pt-br" id="label_TotalDosRecursosPropriosMember">TOTAL DOS RECURSOS PRÓPRIOS (II) [member]</link:label>
    <link:labelArc xlink:type="arc" xlink:arcrole="http://www.xbrl.org/2003/arcrole/concept-label" xlink:from="TotalDosRecursosPropriosMember" xlink:to="label_TotalDosRecursosPropriosMember" xlink:title="label: TotalDosRecursosPropriosMember to label_TotalDosRecursosPropriosMember"/>
    <link:loc xlink:type="locator" xlink:href="../../../cor/dim/siconfi-dim_2019-12-31.xsd#siconfi-dim_IdentificacaoDosRecursosAxis" xlink:label="IdentificacaoDosRecursosAxis" xlink:title="IdentificacaoDosRecursosAxis"/>
    <link:label xlink:type="resource" xlink:label="label_IdentificacaoDosRecursosAxis" xlink:role="http://www.xbrl.org/2003/role/label" xlink:title="label_IdentificacaoDosRecursosAxis" xml:lang="pt-br" id="label_IdentificacaoDosRecursosAxis">IDENTIFICAÇÃO DOS RECURSOS [axis] [orientacao=vertical]</link:label>
    <link:labelArc xlink:type="arc" xlink:arcrole="http://www.xbrl.org/2003/arcrole/concept-label" xlink:from="IdentificacaoDosRecursosAxis" xlink:to="label_IdentificacaoDosRecursosAxis" xlink:title="label: IdentificacaoDosRecursosAxis to label_IdentificacaoDosRecursosAxis"/>
    <link:loc xlink:type="locator" xlink:href="../../../cor/dim/siconfi-dim_2019-12-31.xsd#siconfi-dim_TransferenciasDoFUNDEB60Member" xlink:label="TransferenciasDoFUNDEB60Member" xlink:title="TransferenciasDoFUNDEB60Member"/>
    <link:label xlink:type="resource" xlink:label="label_TransferenciasDoFUNDEB60Member" xlink:role="http://www.xbrl.org/2003/role/label" xlink:title="label_TransferenciasDoFUNDEB60Member" xml:lang="pt-br" id="label_TransferenciasDoFUNDEB60Member">Transferências do FUNDEB 60% [member]</link:label>
    <link:labelArc xlink:type="arc" xlink:arcrole="http://www.xbrl.org/2003/arcrole/concept-label" xlink:from="TransferenciasDoFUNDEB60Member" xlink:to="label_TransferenciasDoFUNDEB60Member" xlink:title="label: TransferenciasDoFUNDEB60Member to label_TransferenciasDoFUNDEB60Member"/>
    <link:loc xlink:type="locator" xlink:href="../../../cor/dim/siconfi-dim_2019-12-31.xsd#siconfi-dim_ReceitasDeImpostosEDeTransferenciaDeImpostosEducacaoMember" xlink:label="ReceitasDeImpostosEDeTransferenciaDeImpostosEducacaoMember" xlink:title="ReceitasDeImpostosEDeTransferenciaDeImpostosEducacaoMember"/>
    <link:label xlink:type="resource" xlink:label="label_ReceitasDeImpostosEDeTransferenciaDeImpostosEducacaoMember" xlink:role="http://www.xbrl.org/2003/role/label" xlink:title="label_ReceitasDeImpostosEDeTransferenciaDeImpostosEducacaoMember" xml:lang="pt-br" id="label_ReceitasDeImpostosEDeTransferenciaDeImpostosEducacaoMember">Receitas de Impostos e de Transferência de Impostos - Educação [member]</link:label>
    <link:labelArc xlink:type="arc" xlink:arcrole="http://www.xbrl.org/2003/arcrole/concept-label" xlink:from="ReceitasDeImpostosEDeTransferenciaDeImpostosEducacaoMember" xlink:to="label_ReceitasDeImpostosEDeTransferenciaDeImpostosEducacaoMember" xlink:title="label: ReceitasDeImpostosEDeTransferenciaDeImpostosEducacaoMember to label_ReceitasDeImpostosEDeTransferenciaDeImpostosEducacaoMember"/>
    <link:loc xlink:type="locator" xlink:href="../../../cor/dim/siconfi-dim_2019-12-31.xsd#siconfi-dim_TransferenciasDoFUNDEB40Member" xlink:label="TransferenciasDoFUNDEB40Member" xlink:title="TransferenciasDoFUNDEB40Member"/>
    <link:label xlink:type="resource" xlink:label="label_TransferenciasDoFUNDEB40Member" xlink:role="http://www.xbrl.org/2003/role/label" xlink:title="label_TransferenciasDoFUNDEB40Member" xml:lang="pt-br" id="label_TransferenciasDoFUNDEB40Member">Transferências do FUNDEB 40% [member]</link:label>
    <link:labelArc xlink:type="arc" xlink:arcrole="http://www.xbrl.org/2003/arcrole/concept-label" xlink:from="TransferenciasDoFUNDEB40Member" xlink:to="label_TransferenciasDoFUNDEB40Member" xlink:title="label: TransferenciasDoFUNDEB40Member to label_TransferenciasDoFUNDEB40Member"/>
    <link:loc xlink:type="locator" xlink:href="../../../cor/dim/siconfi-dim_2019-12-31.xsd#siconfi-dim_OutrosRecursosDestinadosAEducacaoMember" xlink:label="OutrosRecursosDestinadosAEducacaoMember" xlink:title="OutrosRecursosDestinadosAEducacaoMember"/>
    <link:label xlink:type="resource" xlink:label="label_OutrosRecursosDestinadosAEducacaoMember" xlink:role="http://www.xbrl.org/2003/role/label" xlink:title="label_OutrosRecursosDestinadosAEducacaoMember" xml:lang="pt-br" id="label_OutrosRecursosDestinadosAEducacaoMember">Outros Recursos Vinculados à Educação [member]</link:label>
    <link:labelArc xlink:type="arc" xlink:arcrole="http://www.xbrl.org/2003/arcrole/concept-label" xlink:from="OutrosRecursosDestinadosAEducacaoMember" xlink:to="label_OutrosRecursosDestinadosAEducacaoMember" xlink:title="label: OutrosRecursosDestinadosAEducacaoMember to label_OutrosRecursosDestinadosAEducacaoMember"/>
    <link:loc xlink:type="locator" xlink:href="../../../cor/dim/siconfi-dim_2019-12-31.xsd#siconfi-dim_ReceitasDeImpostosEDeTransferenciaDeImpostosSaudeMember" xlink:label="ReceitasDeImpostosEDeTransferenciaDeImpostosSaudeMember" xlink:title="ReceitasDeImpostosEDeTransferenciaDeImpostosSaudeMember"/>
    <link:label xlink:type="resource" xlink:label="label_ReceitasDeImpostosEDeTransferenciaDeImpostosSaudeMember" xlink:role="http://www.xbrl.org/2003/role/label" xlink:title="label_ReceitasDeImpostosEDeTransferenciaDeImpostosSaudeMember" xml:lang="pt-br" id="label_ReceitasDeImpostosEDeTransferenciaDeImpostosSaudeMember">Receitas de Impostos e de Transferência de Impostos - Saúde [member]</link:label>
    <link:labelArc xlink:type="arc" xlink:arcrole="http://www.xbrl.org/2003/arcrole/concept-label" xlink:from="ReceitasDeImpostosEDeTransferenciaDeImpostosSaudeMember" xlink:to="label_ReceitasDeImpostosEDeTransferenciaDeImpostosSaudeMember" xlink:title="label: ReceitasDeImpostosEDeTransferenciaDeImpostosSaudeMember to label_ReceitasDeImpostosEDeTransferenciaDeImpostosSaudeMember"/>
    <link:loc xlink:type="locator" xlink:href="../../../cor/dim/siconfi-dim_2019-12-31.xsd#siconfi-dim_OutrosRecursosDestinadosASaudeMember" xlink:label="OutrosRecursosDestinadosASaudeMember" xlink:title="OutrosRecursosDestinadosASaudeMember"/>
    <link:label xlink:type="resource" xlink:label="label_OutrosRecursosDestinadosASaudeMember" xlink:role="http://www.xbrl.org/2003/role/label" xlink:title="label_OutrosRecursosDestinadosASaudeMember" xml:lang="pt-br" id="label_OutrosRecursosDestinadosASaudeMember">Outros Recursos Vinculados à Saúde [member]</link:label>
    <link:labelArc xlink:type="arc" xlink:arcrole="http://www.xbrl.org/2003/arcrole/concept-label" xlink:from="OutrosRecursosDestinadosASaudeMember" xlink:to="label_OutrosRecursosDestinadosASaudeMember" xlink:title="label: OutrosRecursosDestinadosASaudeMember to label_OutrosRecursosDestinadosASaudeMember"/>
    <link:loc xlink:type="locator" xlink:href="../../../cor/dim/siconfi-dim_2019-12-31.xsd#siconfi-dim_RecursosDestinadosAAssistenciaSocialMember" xlink:label="RecursosDestinadosAAssistenciaSocialMember" xlink:title="RecursosDestinadosAAssistenciaSocialMember"/>
    <link:label xlink:type="resource" xlink:label="label_RecursosDestinadosAAssistenciaSocialMember" xlink:role="http://www.xbrl.org/2003/role/label" xlink:title="label_RecursosDestinadosAAssistenciaSocialMember" xml:lang="pt-br" id="label_RecursosDestinadosAAssistenciaSocialMember">Recursos Vinculados à Assistência Social [member]</link:label>
    <link:labelArc xlink:type="arc" xlink:arcrole="http://www.xbrl.org/2003/arcrole/concept-label" xlink:from="RecursosDestinadosAAssistenciaSocialMember" xlink:to="label_RecursosDestinadosAAssistenciaSocialMember" xlink:title="label: RecursosDestinadosAAssistenciaSocialMember to label_RecursosDestinadosAAssistenciaSocialMember"/>
    <link:loc xlink:type="locator" xlink:href="../../../cor/dim/siconfi-dim_2019-12-31.xsd#siconfi-dim_RecursosDestinadosAoRPPSPlanoPrevidenciarioMember" xlink:label="RecursosDestinadosAoRPPSPlanoPrevidenciarioMember" xlink:title="RecursosDestinadosAoRPPSPlanoPrevidenciarioMember"/>
    <link:label xlink:type="resource" xlink:label="label_RecursosDestinadosAoRPPSPlanoPrevidenciarioMember" xlink:role="http://www.xbrl.org/2003/role/label" xlink:title="label_RecursosDestinadosAoRPPSPlanoPrevidenciarioMember" xml:lang="pt-br" id="label_RecursosDestinadosAoRPPSPlanoPrevidenciarioMember">Recursos Destinados ao RPPS - Plano Previdenciário [member]</link:label>
    <link:labelArc xlink:type="arc" xlink:arcrole="http://www.xbrl.org/2003/arcrole/concept-label" xlink:from="RecursosDestinadosAoRPPSPlanoPrevidenciarioMember" xlink:to="label_RecursosDestinadosAoRPPSPlanoPrevidenciarioMember" xlink:title="label: RecursosDestinadosAoRPPSPlanoPrevidenciarioMember to label_RecursosDestinadosAoRPPSPlanoPrevidenciarioMember"/>
    <link:loc xlink:type="locator" xlink:href="../../../cor/dim/siconfi-dim_2019-12-31.xsd#siconfi-dim_RecursosDestinadosAoRPPSPlanoFinanceiroMember" xlink:label="RecursosDestinadosAoRPPSPlanoFinanceiroMember" xlink:title="RecursosDestinadosAoRPPSPlanoFinanceiroMember"/>
    <link:label xlink:type="resource" xlink:label="label_RecursosDestinadosAoRPPSPlanoFinanceiroMember" xlink:role="http://www.xbrl.org/2003/role/label" xlink:title="label_RecursosDestinadosAoRPPSPlanoFinanceiroMember" xml:lang="pt-br" id="label_RecursosDestinadosAoRPPSPlanoFinanceiroMember">Recursos Destinados ao RPPS - Plano Financeiro [member]</link:label>
    <link:labelArc xlink:type="arc" xlink:arcrole="http://www.xbrl.org/2003/arcrole/concept-label" xlink:from="RecursosDestinadosAoRPPSPlanoFinanceiroMember" xlink:to="label_RecursosDestinadosAoRPPSPlanoFinanceiroMember" xlink:title="label: RecursosDestinadosAoRPPSPlanoFinanceiroMember to label_RecursosDestinadosAoRPPSPlanoFinanceiroMember"/>
    <link:loc xlink:type="locator" xlink:href="../../../cor/dim/siconfi-dim_2019-12-31.xsd#siconfi-dim_RecursosDeOperacoesDeCreditoExcetoDestinadosAEducacaoEASaudeMember" xlink:label="RecursosDeOperacoesDeCreditoExcetoDestinadosAEducacaoEASaudeMember" xlink:title="RecursosDeOperacoesDeCreditoExcetoDestinadosAEducacaoEASaudeMember"/>
    <link:label xlink:type="resource" xlink:label="label_RecursosDeOperacoesDeCreditoExcetoDestinadosAEducacaoEASaudeMember" xlink:role="http://www.xbrl.org/2003/role/label" xlink:title="label_RecursosDeOperacoesDeCreditoExcetoDestinadosAEducacaoEASaudeMember" xml:lang="pt-br" id="label_RecursosDeOperacoesDeCreditoExcetoDestinadosAEducacaoEASaudeMember">Recursos de Operações de Crédito (exceto vinculados à Educação e à Saúde) [member]</link:label>
    <link:labelArc xlink:type="arc" xlink:arcrole="http://www.xbrl.org/2003/arcrole/concept-label" xlink:from="RecursosDeOperacoesDeCreditoExcetoDestinadosAEducacaoEASaudeMember" xlink:to="label_RecursosDeOperacoesDeCreditoExcetoDestinadosAEducacaoEASaudeMember" xlink:title="label: RecursosDeOperacoesDeCreditoExcetoDestinadosAEducacaoEASaudeMember to label_RecursosDeOperacoesDeCreditoExcetoDestinadosAEducacaoEASaudeMember"/>
    <link:loc xlink:type="locator" xlink:href="../../../cor/dim/siconfi-dim_2019-12-31.xsd#siconfi-dim_RecursosDeAlienacaoDeBensAtivosMember" xlink:label="RecursosDeAlienacaoDeBensAtivosMember" xlink:title="RecursosDeAlienacaoDeBensAtivosMember"/>
    <link:label xlink:type="resource" xlink:label="label_RecursosDeAlienacaoDeBensAtivosMember" xlink:role="http://www.xbrl.org/2003/role/label" xlink:title="label_RecursosDeAlienacaoDeBensAtivosMember" xml:lang="pt-br" id="label_RecursosDeAlienacaoDeBensAtivosMember">Recursos de Alienação de Bens/Ativos [member]</link:label>
    <link:labelArc xlink:type="arc" xlink:arcrole="http://www.xbrl.org/2003/arcrole/concept-label" xlink:from="RecursosDeAlienacaoDeBensAtivosMember" xlink:to="label_RecursosDeAlienacaoDeBensAtivosMember" xlink:title="label: RecursosDeAlienacaoDeBensAtivosMember to label_RecursosDeAlienacaoDeBensAtivosMember"/>
    <link:loc xlink:type="locator" xlink:href="../../../cor/dim/siconfi-dim_2019-12-31.xsd#siconfi-dim_OutrasDestinacoesVinculadasDeRecursosMember" xlink:label="OutrasDestinacoesVinculadasDeRecursosMember" xlink:title="OutrasDestinacoesVinculadasDeRecursosMember"/>
    <link:label xlink:type="resource" xlink:label="label_OutrasDestinacoesVinculadasDeRecursosMember" xlink:role="http://www.xbrl.org/2003/role/label" xlink:title="label_OutrasDestinacoesVinculadasDeRecursosMember" xml:lang="pt-br" id="label_OutrasDestinacoesVinculadasDeRecursosMember">Outros Recursos Vinculados [member]</link:label>
    <link:labelArc xlink:type="arc" xlink:arcrole="http://www.xbrl.org/2003/arcrole/concept-label" xlink:from="OutrasDestinacoesVinculadasDeRecursosMember" xlink:to="label_OutrasDestinacoesVinculadasDeRecursosMember" xlink:title="label: OutrasDestinacoesVinculadasDeRecursosMember to label_OutrasDestinacoesVinculadasDeRecursosMember"/>
    <link:loc xlink:type="locator" xlink:href="../../../cor/dim/siconfi-dim_2019-12-31.xsd#siconfi-dim_OutrosRecursosNaoVinculadosMember" xlink:label="OutrosRecursosNaoVinculadosMember" xlink:title="OutrosRecursosNaoVinculadosMember"/>
    <link:label xlink:type="resource" xlink:label="label_OutrosRecursosNaoVinculadosMember" xlink:role="http://www.xbrl.org/2003/role/label" xlink:title="label_OutrosRecursosNaoVinculadosMember" xml:lang="pt-br" id="label_OutrosRecursosNaoVinculadosMember">Outros Recursos não Vinculados [member]</link:label>
    <link:labelArc xlink:type="arc" xlink:arcrole="http://www.xbrl.org/2003/arcrole/concept-label" xlink:from="OutrosRecursosNaoVinculadosMember" xlink:to="label_OutrosRecursosNaoVinculadosMember" xlink:title="label: OutrosRecursosNaoVinculadosMember to label_OutrosRecursosNaoVinculadosMember"/>
    <link:loc xlink:type="locator" xlink:href="../../../cor/ic/siconfi-cor_2019-12-31.xsd#siconfi-cor_DisponibilidadeDeCaixaBruta" xlink:label="DisponibilidadeDeCaixaBruta" xlink:title="DisponibilidadeDeCaixaBruta"/>
    <link:label xlink:type="resource" xlink:label="label_DisponibilidadeDeCaixaBruta" xlink:role="http://www.xbrl.org/2003/role/label" xlink:title="label_DisponibilidadeDeCaixaBruta" xml:lang="pt-br" id="label_DisponibilidadeDeCaixaBruta">DISPONIBILIDADE DE CAIXA BRUTA (a)</link:label>
    <link:labelArc xlink:type="arc" xlink:arcrole="http://www.xbrl.org/2003/arcrole/concept-label" xlink:from="DisponibilidadeDeCaixaBruta" xlink:to="label_DisponibilidadeDeCaixaBruta" xlink:title="label: DisponibilidadeDeCaixaBruta to label_DisponibilidadeDeCaixaBruta"/>
    <link:loc xlink:type="locator" xlink:href="../../../cor/ic/siconfi-cor_2019-12-31.xsd#siconfi-cor_DisponibilidadeDeCaixaLiquida" xlink:label="DisponibilidadeDeCaixaLiquida" xlink:title="DisponibilidadeDeCaixaLiquida"/>
    <link:label xlink:type="resource" xlink:label="label_DisponibilidadeDeCaixaLiquida" xlink:role="http://www.xbrl.org/2003/role/label" xlink:title="label_DisponibilidadeDeCaixaLiquida" xml:lang="pt-br" id="label_DisponibilidadeDeCaixaLiquida">DISPONIBILIDADE DE CAIXA LÍQUIDA (ANTES DA INSCRIÇÃO EM RP NÃO PROCESSADOS DO EXERCÍCIO) (f) = (a - (b + c + d + e))</link:label>
    <link:labelArc xlink:type="arc" xlink:arcrole="http://www.xbrl.org/2003/arcrole/concept-label" xlink:from="DisponibilidadeDeCaixaLiquida" xlink:to="label_DisponibilidadeDeCaixaLiquida" xlink:title="label: DisponibilidadeDeCaixaLiquida to label_DisponibilidadeDeCaixaLiquida"/>
    <link:loc xlink:type="locator" xlink:href="../../../cor/ic/siconfi-cor_2019-12-31.xsd#siconfi-cor_EmpenhosNaoLiquidadosCanceladosNaoInscritosPorInsuficienciaFinanceira" xlink:label="EmpenhosNaoLiquidadosCanceladosNaoInscritosPorInsuficienciaFinanceira" xlink:title="EmpenhosNaoLiquidadosCanceladosNaoInscritosPorInsuficienciaFinanceira"/>
    <link:label xlink:type="resource" xlink:label="label_EmpenhosNaoLiquidadosCanceladosNaoInscritosPorInsuficienciaFinanceira" xlink:role="http://www.xbrl.org/2003/role/label" xlink:title="label_EmpenhosNaoLiquidadosCanceladosNaoInscritosPorInsuficienciaFinanceira" xml:lang="pt-br" id="label_EmpenhosNaoLiquidadosCanceladosNaoInscritosPorInsuficienciaFinanceira">EMPENHOS NÃO LIQUIDADOS CANCELADOS (NÃO INSCRITOS POR INSUFICIÊNCIA FINANCEIRA)</link:label>
    <link:labelArc xlink:type="arc" xlink:arcrole="http://www.xbrl.org/2003/arcrole/concept-label" xlink:from="EmpenhosNaoLiquidadosCanceladosNaoInscritosPorInsuficienciaFinanceira" xlink:to="label_EmpenhosNaoLiquidadosCanceladosNaoInscritosPorInsuficienciaFinanceira" xlink:title="label: EmpenhosNaoLiquidadosCanceladosNaoInscritosPorInsuficienciaFinanceira to label_EmpenhosNaoLiquidadosCanceladosNaoInscritosPorInsuficienciaFinanceira"/>
    <link:loc xlink:type="locator" xlink:href="../../../cor/ic/siconfi-cor_2019-12-31.xsd#siconfi-cor_DemaisObrigacoesFinanceiras" xlink:label="DemaisObrigacoesFinanceiras" xlink:title="DemaisObrigacoesFinanceiras"/>
    <link:label xlink:type="resource" xlink:label="label_DemaisObrigacoesFinanceiras" xlink:role="http://www.xbrl.org/2003/role/label" xlink:title="label_DemaisObrigacoesFinanceiras" xml:lang="pt-br" id="label_DemaisObrigacoesFinanceiras">Demais Obrigações Financeiras (e)</link:label>
    <link:labelArc xlink:type="arc" xlink:arcrole="http://www.xbrl.org/2003/arcrole/concept-label" xlink:from="DemaisObrigacoesFinanceiras" xlink:to="label_DemaisObrigacoesFinanceiras" xlink:title="label: DemaisObrigacoesFinanceiras to label_DemaisObrigacoesFinanceiras"/>
    <link:loc xlink:type="locator" xlink:href="../../../cor/ic/siconfi-cor_2019-12-31.xsd#siconfi-cor_RestosAPagarEmpenhadosENaoLiquidadosDeExerciciosAnteriores" xlink:label="RestosAPagarEmpenhadosENaoLiquidadosDeExerciciosAnteriores" xlink:title="RestosAPagarEmpenhadosENaoLiquidadosDeExerciciosAnteriores"/>
    <link:label xlink:type="resource" xlink:label="label_RestosAPagarEmpenhadosENaoLiquidadosDeExerciciosAnteriores" xlink:role="http://www.xbrl.org/2003/role/label" xlink:title="label_RestosAPagarEmpenhadosENaoLiquidadosDeExerciciosAnteriores" xml:lang="pt-br" id="label_RestosAPagarEmpenhadosENaoLiquidadosDeExerciciosAnteriores">RP Empenhados E Não Liquidados De Exercícios Anteriores (d)</link:label>
    <link:labelArc xlink:type="arc" xlink:arcrole="http://www.xbrl.org/2003/arcrole/concept-label" xlink:from="RestosAPagarEmpenhadosENaoLiquidadosDeExerciciosAnteriores" xlink:to="label_RestosAPagarEmpenhadosENaoLiquidadosDeExerciciosAnteriores" xlink:title="label: RestosAPagarEmpenhadosENaoLiquidadosDeExerciciosAnteriores to label_RestosAPagarEmpenhadosENaoLiquidadosDeExerciciosAnteriores"/>
    <link:loc xlink:type="locator" xlink:href="../../../cor/ic/siconfi-cor_2019-12-31.xsd#siconfi-cor_RestosAPagarEmpenhadosENaoLiquidadosDoExercicio" xlink:label="RestosAPagarEmpenhadosENaoLiquidadosDoExercicio" xlink:title="RestosAPagarEmpenhadosENaoLiquidadosDoExercicio"/>
    <link:label xlink:type="resource" xlink:label="label_RestosAPagarEmpenhadosENaoLiquidadosDoExercicio" xlink:role="http://www.xbrl.org/2003/role/label" xlink:title="label_RestosAPagarEmpenhadosENaoLiquidadosDoExercicio" xml:lang="pt-br" id="label_RestosAPagarEmpenhadosENaoLiquidadosDoExercicio">RESTOS A PAGAR EMPENHADOS E NÃO LIQUIDADOS DO EXERCÍCIO (g)</link:label>
    <link:labelArc xlink:type="arc" xlink:arcrole="http://www.xbrl.org/2003/arcrole/concept-label" xlink:from="RestosAPagarEmpenhadosENaoLiquidadosDoExercicio" xlink:to="label_RestosAPagarEmpenhadosENaoLiquidadosDoExercicio" xlink:title="label: RestosAPagarEmpenhadosENaoLiquidadosDoExercicio to label_RestosAPagarEmpenhadosENaoLiquidadosDoExercicio"/>
    <link:loc xlink:type="locator" xlink:href="../../../cor/ic/siconfi-cor_2019-12-31.xsd#siconfi-cor_RestosAPagarLiquidadosENaoPagosDeExerciciosAnteriores" xlink:label="RestosAPagarLiquidadosENaoPagosDeExerciciosAnteriores" xlink:title="RestosAPagarLiquidadosENaoPagosDeExerciciosAnteriores"/>
    <link:label xlink:type="resource" xlink:label="label_RestosAPagarLiquidadosENaoPagosDeExerciciosAnteriores" xlink:role="http://www.xbrl.org/2003/role/label" xlink:title="label_RestosAPagarLiquidadosENaoPagosDeExerciciosAnteriores" xml:lang="pt-br" id="label_RestosAPagarLiquidadosENaoPagosDeExerciciosAnteriores">RP Liquidados e Não Pagos De Exercícios Anteriores (b)</link:label>
    <link:labelArc xlink:type="arc" xlink:arcrole="http://www.xbrl.org/2003/arcrole/concept-label" xlink:from="RestosAPagarLiquidadosENaoPagosDeExerciciosAnteriores" xlink:to="label_RestosAPagarLiquidadosENaoPagosDeExerciciosAnteriores" xlink:title="label: RestosAPagarLiquidadosENaoPagosDeExerciciosAnteriores to label_RestosAPagarLiquidadosENaoPagosDeExerciciosAnteriores"/>
    <link:loc xlink:type="locator" xlink:href="../../../cor/ic/siconfi-cor_2019-12-31.xsd#siconfi-cor_RestosAPagarLiquidadosENaoPagosDoExercicio" xlink:label="RestosAPagarLiquidadosENaoPagosDoExercicio" xlink:title="RestosAPagarLiquidadosENaoPagosDoExercicio"/>
    <link:label xlink:type="resource" xlink:label="label_RestosAPagarLiquidadosENaoPagosDoExercicio" xlink:role="http://www.xbrl.org/2003/role/label" xlink:title="label_RestosAPagarLiquidadosENaoPagosDoExercicio" xml:lang="pt-br" id="label_RestosAPagarLiquidadosENaoPagosDoExercicio">RP Liquidados e Não Pagos Do Exercício (c)</link:label>
    <link:labelArc xlink:type="arc" xlink:arcrole="http://www.xbrl.org/2003/arcrole/concept-label" xlink:from="RestosAPagarLiquidadosENaoPagosDoExercicio" xlink:to="label_RestosAPagarLiquidadosENaoPagosDoExercicio" xlink:title="label: RestosAPagarLiquidadosENaoPagosDoExercicio to label_RestosAPagarLiquidadosENaoPagosDoExercicio"/>
    <link:loc xlink:type="locator" xlink:href="../../../cor/ic/siconfi-cor_2019-12-31.xsd#siconfi-cor_FonteAnexo5Tabela5.2RGF" xlink:label="FonteAnexo5Tabela5.2RGF" xlink:title="FonteAnexo5Tabela5.2RGF"/>
    <link:label xlink:type="resource" xlink:label="label_FonteAnexo5Tabela5.2RGF" xlink:role="http://www.xbrl.org/2003/role/label" xlink:title="label_FonteAnexo5Tabela5.2RGF" xml:lang="pt-br" id="label_FonteAnexo5Tabela5.2RGF">Notas Explicativas</link:label>
    <link:labelArc xlink:type="arc" xlink:arcrole="http://www.xbrl.org/2003/arcrole/concept-label" xlink:from="FonteAnexo5Tabela5.2RGF" xlink:to="label_FonteAnexo5Tabela5.2RGF" xlink:title="label: FonteAnexo5Tabela5.2RGF to label_FonteAnexo5Tabela5.2RGF"/>
    <link:loc xlink:type="locator" xlink:href="../../../cor/ic/siconfi-cor_2019-12-31.xsd#siconfi-cor_DisponibilidadeDeCaixaLiquidaAposRP" xlink:label="DisponibilidadeDeCaixaLiquidaAposRP" xlink:title="DisponibilidadeDeCaixaLiquidaAposRP"/>
    <link:label xlink:type="resource" xlink:label="label_DisponibilidadeDeCaixaLiquidaAposRP" xlink:role="http://www.xbrl.org/2003/role/label" xlink:title="label_DisponibilidadeDeCaixaLiquidaAposRP" xml:lang="pt-br" id="label_DisponibilidadeDeCaixaLiquidaAposRP">DISPONIBILIDADE DE CAIXA LÍQUIDA (APÓS A INSCRIÇÃO EM RESTOS A PAGAR NÃO PROCESSADOS DO EXERCÍCIO) (h) = (f - g)</link:label>
    <link:labelArc xlink:type="arc" xlink:arcrole="http://www.xbrl.org/2003/arcrole/concept-label" xlink:from="DisponibilidadeDeCaixaLiquidaAposRP" xlink:to="label_DisponibilidadeDeCaixaLiquidaAposRP" xlink:title="label: DisponibilidadeDeCaixaLiquidaAposRP to label_DisponibilidadeDeCaixaLiquidaAposRP"/>
    <link:loc xlink:type="locator" xlink:href="siconfi-rgf-anexo5consorciospublicos_2019-12-31.xsd#siconfi-rgf-anexo5consorciospublicos_ObrigacoesFinanceirasAbstract" xlink:label="ObrigacoesFinanceirasAbstract" xlink:title="ObrigacoesFinanceirasAbstract"/>
    <link:label xlink:type="resource" xlink:label="label_ObrigacoesFinanceirasAbstract" xlink:role="http://www.xbrl.org/2003/role/label" xlink:title="label_ObrigacoesFinanceirasAbstract" xml:lang="pt-br" id="label_ObrigacoesFinanceirasAbstract">OBRIGAÇÕES FINANCEIRAS [abstract]</link:label>
    <link:labelArc xlink:type="arc" xlink:arcrole="http://www.xbrl.org/2003/arcrole/concept-label" xlink:from="ObrigacoesFinanceirasAbstract" xlink:to="label_ObrigacoesFinanceirasAbstract" xlink:title="label: ObrigacoesFinanceirasAbstract to label_ObrigacoesFinanceirasAbstract"/>
    <link:loc xlink:type="locator" xlink:href="siconfi-rgf-anexo5consorciospublicos_2019-12-31.xsd#siconfi-rgf-anexo5consorciospublicos_DemonstrativoAnexo5ConsorciosPublicosAbstract" xlink:label="DemonstrativoAnexo5ConsorciosPublicosAbstract" xlink:title="DemonstrativoAnexo5ConsorciosPublicosAbstract"/>
    <link:label xlink:type="resource" xlink:label="label_DemonstrativoAnexo5ConsorciosPublicosAbstract" xlink:role="http://www.xbrl.org/2003/role/label" xlink:title="label_DemonstrativoAnexo5ConsorciosPublicosAbstract" xml:lang="pt-br" id="label_DemonstrativoAnexo5ConsorciosPublicosAbstract">RGF - Anexo 5 (Portaria STN nº 72/2012, art. 15, inciso IV, a) [abstract]</link:label>
    <link:labelArc xlink:type="arc" xlink:arcrole="http://www.xbrl.org/2003/arcrole/concept-label" xlink:from="DemonstrativoAnexo5ConsorciosPublicosAbstract" xlink:to="label_DemonstrativoAnexo5ConsorciosPublicosAbstract" xlink:title="label: DemonstrativoAnexo5ConsorciosPublicosAbstract to label_DemonstrativoAnexo5ConsorciosPublicosAbstract"/>
    <link:loc xlink:type="locator" xlink:href="siconfi-rgf-anexo5consorciospublicos_2019-12-31.xsd#siconfi-rgf-anexo5consorciospublicos_DisponibilidadeDeCaixaAbstract" xlink:label="RecursosVinculadosAbstract" xlink:title="RecursosVinculadosAbstract"/>
    <link:label xlink:type="resource" xlink:label="label_RecursosVinculadosAbstract" xlink:role="http://www.xbrl.org/2003/role/label" xlink:title="label_RecursosVinculadosAbstract" xml:lang="pt-br" id="label_RecursosVinculadosAbstract">[001] Disponibilidade de Caixa [abstract]</link:label>
    <link:labelArc xlink:type="arc" xlink:arcrole="http://www.xbrl.org/2003/arcrole/concept-label" xlink:from="RecursosVinculadosAbstract" xlink:to="label_RecursosVinculadosAbstract" xlink:title="label: RecursosVinculadosAbstract to label_RecursosVinculadosAbstract"/>
    <link:loc xlink:type="locator" xlink:href="siconfi-rgf-anexo5consorciospublicos_2019-12-31.xsd#siconfi-rgf-anexo5consorciospublicos_DisponibilidadeDeCaixaLineItems" xlink:label="RecursosVinculadosLineItems" xlink:title="RecursosVinculadosLineItems"/>
    <link:label xlink:type="resource" xlink:label="label_RecursosVinculadosLineItems" xlink:role="http://www.xbrl.org/2003/role/label" xlink:title="label_RecursosVinculadosLineItems" xml:lang="pt-br" id="label_RecursosVinculadosLineItems">[002] Disponibilidade de Caixa [line items]</link:label>
    <link:labelArc xlink:type="arc" xlink:arcrole="http://www.xbrl.org/2003/arcrole/concept-label" xlink:from="RecursosVinculadosLineItems" xlink:to="label_RecursosVinculadosLineItems" xlink:title="label: RecursosVinculadosLineItems to label_RecursosVinculadosLineItems"/>
    <link:loc xlink:type="locator" xlink:href="siconfi-rgf-anexo5consorciospublicos_2019-12-31.xsd#siconfi-rgf-anexo5consorciospublicos_RestosaPagarLiquidadosENaoPagosAbstract" xlink:label="RestosaPagarLiquidadosENaoPagosAbstract" xlink:title="RestosaPagarLiquidadosENaoPagosAbstract"/>
    <link:label xlink:type="resource" xlink:label="label_RestosaPagarLiquidadosENaoPagosAbstract" xlink:role="http://www.xbrl.org/2003/role/label" xlink:title="label_RestosaPagarLiquidadosENaoPagosAbstract" xml:lang="pt-br" id="label_RestosaPagarLiquidadosENaoPagosAbstract">Restos a Pagar Liquidados e Não Pagos [abstract]</link:label>
    <link:labelArc xlink:type="arc" xlink:arcrole="http://www.xbrl.org/2003/arcrole/concept-label" xlink:from="RestosaPagarLiquidadosENaoPagosAbstract" xlink:to="label_RestosaPagarLiquidadosENaoPagosAbstract" xlink:title="label: RestosaPagarLiquidadosENaoPagosAbstract to label_RestosaPagarLiquidadosENaoPagosAbstract"/>
    <link:loc xlink:type="locator" xlink:href="siconfi-rgf-anexo5consorciospublicos_2019-12-31.xsd#siconfi-rgf-anexo5consorciospublicos_IdentificacaoDosRecursosTable" xlink:label="RecursosVinculadosTable" xlink:title="RecursosVinculadosTable"/>
    <link:label xlink:type="resource" xlink:label="label_RecursosVinculadosTable" xlink:role="http://www.xbrl.org/2003/role/label" xlink:title="label_RecursosVinculadosTable" xml:lang="pt-br" id="label_RecursosVinculadosTable">Identificação dos Recursos [table]</link:label>
    <link:labelArc xlink:type="arc" xlink:arcrole="http://www.xbrl.org/2003/arcrole/concept-label" xlink:from="RecursosVinculadosTable" xlink:to="label_RecursosVinculadosTable" xlink:title="label: RecursosVinculadosTable to label_RecursosVinculadosTable"/>
    <link:loc xlink:type="locator" xlink:href="siconfi-rgf-anexo5consorciospublicos_2019-12-31.xsd#siconfi-rgf-anexo5consorciospublicos_RecursosNaoVinculadosTable" xlink:label="RecursosNaoVinculadosTable" xlink:title="RecursosNaoVinculadosTable"/>
    <link:label xlink:type="resource" xlink:label="label_RecursosNaoVinculadosTable" xlink:role="http://www.xbrl.org/2003/role/label" xlink:title="label_RecursosNaoVinculadosTable" xml:lang="pt-br" id="label_RecursosNaoVinculadosTable">Identificação dos Recursos Não Vinculados [table]</link:label>
    <link:labelArc xlink:type="arc" xlink:arcrole="http://www.xbrl.org/2003/arcrole/concept-label" xlink:from="RecursosNaoVinculadosTable" xlink:to="label_RecursosNaoVinculadosTable" xlink:title="label: RecursosNaoVinculadosTable to label_RecursosNaoVinculadosTable"/>
    <link:loc xlink:type="locator" xlink:href="siconfi-rgf-anexo5consorciospublicos_2019-12-31.xsd#siconfi-rgf-anexo5consorciospublicos_RecursosPropriosTable" xlink:label="RecursosPropriosTable" xlink:title="RecursosPropriosTable"/>
    <link:label xlink:type="resource" xlink:label="label_RecursosPropriosTable" xlink:role="http://www.xbrl.org/2003/role/label" xlink:title="label_RecursosPropriosTable" xml:lang="pt-br" id="label_RecursosPropriosTable">Identificação dos Recursos Próprios [table]</link:label>
    <link:labelArc xlink:type="arc" xlink:arcrole="http://www.xbrl.org/2003/arcrole/concept-label" xlink:from="RecursosPropriosTable" xlink:to="label_RecursosPropriosTable" xlink:title="label: RecursosPropriosTable to label_RecursosPropriosTable"/>
    <link:loc xlink:type="locator" xlink:href="siconfi-rgf-anexo5consorciospublicos_2019-12-31.xsd#siconfi-rgf-anexo5consorciospublicos_ControleDoTotalTable" xlink:label="ControleDoTotalTable" xlink:title="ControleDoTotalTable"/>
    <link:label xlink:type="resource" xlink:label="label_ControleDoTotalTable" xlink:role="http://www.xbrl.org/2003/role/label" xlink:title="label_ControleDoTotalTable" xml:lang="pt-br" id="label_ControleDoTotalTable">Controle do Total [table]</link:label>
    <link:labelArc xlink:type="arc" xlink:arcrole="http://www.xbrl.org/2003/arcrole/concept-label" xlink:from="ControleDoTotalTable" xlink:to="label_ControleDoTotalTable" xlink:title="label: ControleDoTotalTable to label_ControleDoTotalTable"/>
    <link:loc xlink:type="locator" xlink:href="siconfi-rgf-anexo5consorciospublicos_2019-12-31.xsd#siconfi-rgf-anexo5consorciospublicos_FonteAnexo5Tabela5.2Abstract" xlink:label="FonteAnexo5Tabela5.2Abstract" xlink:title="FonteAnexo5Tabela5.2Abstract"/>
    <link:label xlink:type="resource" xlink:label="label_FonteAnexo5Tabela5.2Abstract" xlink:role="http://www.xbrl.org/2003/role/label" xlink:title="label_FonteAnexo5Tabela5.2Abstract" xml:lang="pt-br" id="label_FonteAnexo5Tabela5.2Abstract">[003] Notas Explicativas [abstract] [NOTA]</link:label>
    <link:labelArc xlink:type="arc" xlink:arcrole="http://www.xbrl.org/2003/arcrole/concept-label" xlink:from="FonteAnexo5Tabela5.2Abstract" xlink:to="label_FonteAnexo5Tabela5.2Abstract" xlink:title="label: FonteAnexo5Tabela5.2Abstract to label_FonteAnexo5Tabela5.2Abstract"/>
    <link:loc xlink:type="locator" xlink:href="siconfi-rgf-anexo5consorciospublicos_2019-12-31.xsd#siconfi-rgf-anexo5consorciospublicos_FonteAnexo5Tabela5.2LineItems" xlink:label="FonteAnexo5Tabela5.2LineItems" xlink:title="FonteAnexo5Tabela5.2LineItems"/>
    <link:label xlink:type="resource" xlink:label="label_FonteAnexo5Tabela5.2LineItems" xlink:role="http://www.xbrl.org/2003/role/label" xlink:title="label_FonteAnexo5Tabela5.2LineItems" xml:lang="pt-br" id="label_FonteAnexo5Tabela5.2LineItems">[004] Notas Explicativas [line items]</link:label>
    <link:labelArc xlink:type="arc" xlink:arcrole="http://www.xbrl.org/2003/arcrole/concept-label" xlink:from="FonteAnexo5Tabela5.2LineItems" xlink:to="label_FonteAnexo5Tabela5.2LineItems" xlink:title="label: FonteAnexo5Tabela5.2LineItems to label_FonteAnexo5Tabela5.2LineItems"/>
  </link:labelLink>
</link:linkbase>
