<?xml version="1.0" encoding="UTF-8"?>
<!-- Generated by Fujitsu Interstage XWand B0196 -->
<link:linkbase xmlns:xsi="http://www.w3.org/2001/XMLSchema-instance" xsi:schemaLocation="http://www.xbrl.org/2003/linkbase http://www.xbrl.org/2003/xbrl-linkbase-2003-12-31.xsd" xmlns:link="http://www.xbrl.org/2003/linkbase" xmlns:xbrldt="http://xbrl.org/2005/xbrldt" xmlns:xlink="http://www.w3.org/1999/xlink" xmlns:xbrli="http://www.xbrl.org/2003/instance">
  <link:roleRef roleURI="http://fazenda.gov.br/siconfi/rep/rgf/anexo5consorciospublicos/siconfi-rgf-anexo5-tabela5.2" xlink:type="simple" xlink:href="siconfi-rgf-anexo5consorciospublicos_2019-12-31.xsd#siconfi-rgf-anexo5-tabela5.2"/>
  <link:presentationLink xlink:type="extended" xlink:role="http://fazenda.gov.br/siconfi/rep/rgf/anexo5consorciospublicos/siconfi-rgf-anexo5-tabela5.2">
    <link:loc xlink:type="locator" xlink:href="siconfi-rgf-anexo5consorciospublicos_2019-12-31.xsd#siconfi-rgf-anexo5consorciospublicos_DemonstrativoAnexo5ConsorciosPublicosAbstract" xlink:label="DemonstrativoAnexo5ConsorciosPublicosAbstract" xlink:title="DemonstrativoAnexo5ConsorciosPublicosAbstract"/>
    <link:loc xlink:type="locator" xlink:href="siconfi-rgf-anexo5consorciospublicos_2019-12-31.xsd#siconfi-rgf-anexo5consorciospublicos_FonteAnexo5Tabela5.2Abstract" xlink:label="FonteAnexo5Tabela5.2Abstract" xlink:title="FonteAnexo5Tabela5.2Abstract"/>
    <link:presentationArc xlink:type="arc" xlink:arcrole="http://www.xbrl.org/2003/arcrole/parent-child" xlink:from="DemonstrativoAnexo5ConsorciosPublicosAbstract" xlink:to="FonteAnexo5Tabela5.2Abstract" xlink:title="presentation: DemonstrativoAnexo5ConsorciosPublicosAbstract to FonteAnexo5Tabela5.2Abstract" order="2.0"/>
    <link:loc xlink:type="locator" xlink:href="siconfi-rgf-anexo5consorciospublicos_2019-12-31.xsd#siconfi-rgf-anexo5consorciospublicos_FonteAnexo5Tabela5.2LineItems" xlink:label="FonteAnexo5Tabela5.2LineItems" xlink:title="FonteAnexo5Tabela5.2LineItems"/>
    <link:presentationArc xlink:type="arc" xlink:arcrole="http://www.xbrl.org/2003/arcrole/parent-child" xlink:from="FonteAnexo5Tabela5.2Abstract" xlink:to="FonteAnexo5Tabela5.2LineItems" xlink:title="presentation: FonteAnexo5Tabela5.2Abstract to FonteAnexo5Tabela5.2LineItems" order="1.0"/>
    <link:loc xlink:type="locator" xlink:href="../../../cor/ic/siconfi-cor_2019-12-31.xsd#siconfi-cor_FonteAnexo5Tabela5.2RGF" xlink:label="FonteAnexo5Tabela5.2RGF" xlink:title="FonteAnexo5Tabela5.2RGF"/>
    <link:presentationArc xlink:type="arc" xlink:arcrole="http://www.xbrl.org/2003/arcrole/parent-child" xlink:from="FonteAnexo5Tabela5.2LineItems" xlink:to="FonteAnexo5Tabela5.2RGF" xlink:title="presentation: FonteAnexo5Tabela5.2LineItems to FonteAnexo5Tabela5.2RGF" order="1.0"/>
    <link:loc xlink:type="locator" xlink:href="siconfi-rgf-anexo5consorciospublicos_2019-12-31.xsd#siconfi-rgf-anexo5consorciospublicos_DisponibilidadeDeCaixaAbstract" xlink:label="DisponibilidadeDeCaixaAbstract" xlink:title="DisponibilidadeDeCaixaAbstract"/>
    <link:presentationArc xlink:type="arc" xlink:arcrole="http://www.xbrl.org/2003/arcrole/parent-child" xlink:from="DemonstrativoAnexo5ConsorciosPublicosAbstract" xlink:to="DisponibilidadeDeCaixaAbstract" xlink:title="presentation: DemonstrativoAnexo5ConsorciosPublicosAbstract to DisponibilidadeDeCaixaAbstract" order="1.0"/>
    <link:loc xlink:type="locator" xlink:href="siconfi-rgf-anexo5consorciospublicos_2019-12-31.xsd#siconfi-rgf-anexo5consorciospublicos_DisponibilidadeDeCaixaLineItems" xlink:label="DisponibilidadeDeCaixaLineItems" xlink:title="RecursosVinculadosLineItems"/>
    <link:presentationArc xlink:type="arc" xlink:arcrole="http://www.xbrl.org/2003/arcrole/parent-child" xlink:from="DisponibilidadeDeCaixaAbstract" xlink:to="DisponibilidadeDeCaixaLineItems" xlink:title="presentation: DisponibilidadeDeCaixaAbstract to DisponibilidadeDeCaixaLineItems" order="1.0"/>
    <link:loc xlink:type="locator" xlink:href="../../../cor/ic/siconfi-cor_2019-12-31.xsd#siconfi-cor_DisponibilidadeDeCaixaBruta" xlink:label="DisponibilidadeDeCaixaBruta" xlink:title="DisponibilidadeDeCaixaBruta"/>
    <link:presentationArc xlink:type="arc" xlink:arcrole="http://www.xbrl.org/2003/arcrole/parent-child" xlink:from="DisponibilidadeDeCaixaLineItems" xlink:to="DisponibilidadeDeCaixaBruta" xlink:title="presentation: DisponibilidadeDeCaixaLineItems to DisponibilidadeDeCaixaBruta" order="1.0"/>
    <link:loc xlink:type="locator" xlink:href="siconfi-rgf-anexo5consorciospublicos_2019-12-31.xsd#siconfi-rgf-anexo5consorciospublicos_ObrigacoesFinanceirasAbstract" xlink:label="ObrigacoesFinanceirasAbstract" xlink:title="ObrigacoesFinanceirasAbstract"/>
    <link:presentationArc xlink:type="arc" xlink:arcrole="http://www.xbrl.org/2003/arcrole/parent-child" xlink:from="DisponibilidadeDeCaixaLineItems" xlink:to="ObrigacoesFinanceirasAbstract" xlink:title="presentation: DisponibilidadeDeCaixaLineItems to ObrigacoesFinanceirasAbstract" order="2.0"/>
    <link:loc xlink:type="locator" xlink:href="siconfi-rgf-anexo5consorciospublicos_2019-12-31.xsd#siconfi-rgf-anexo5consorciospublicos_RestosaPagarLiquidadosENaoPagosAbstract" xlink:label="RestosaPagarLiquidadosENaoPagosAbstract" xlink:title="RestosaPagarLiquidadosENaoPagosAbstract"/>
    <link:presentationArc xlink:type="arc" xlink:arcrole="http://www.xbrl.org/2003/arcrole/parent-child" xlink:from="ObrigacoesFinanceirasAbstract" xlink:to="RestosaPagarLiquidadosENaoPagosAbstract" xlink:title="presentation: ObrigacoesFinanceirasAbstract to RestosaPagarLiquidadosENaoPagosAbstract" order="1.0"/>
    <link:loc xlink:type="locator" xlink:href="../../../cor/ic/siconfi-cor_2019-12-31.xsd#siconfi-cor_RestosAPagarLiquidadosENaoPagosDeExerciciosAnteriores" xlink:label="RestosAPagarLiquidadosENaoPagosDeExerciciosAnteriores" xlink:title="RestosAPagarLiquidadosENaoPagosDeExerciciosAnteriores"/>
    <link:presentationArc xlink:type="arc" xlink:arcrole="http://www.xbrl.org/2003/arcrole/parent-child" xlink:from="RestosaPagarLiquidadosENaoPagosAbstract" xlink:to="RestosAPagarLiquidadosENaoPagosDeExerciciosAnteriores" xlink:title="presentation: RestosaPagarLiquidadosENaoPagosAbstract to RestosAPagarLiquidadosENaoPagosDeExerciciosAnteriores" order="1.0"/>
    <link:loc xlink:type="locator" xlink:href="../../../cor/ic/siconfi-cor_2019-12-31.xsd#siconfi-cor_RestosAPagarLiquidadosENaoPagosDoExercicio" xlink:label="RestosAPagarLiquidadosENaoPagosDoExercicio" xlink:title="RestosAPagarLiquidadosENaoPagosDoExercicio"/>
    <link:presentationArc xlink:type="arc" xlink:arcrole="http://www.xbrl.org/2003/arcrole/parent-child" xlink:from="RestosaPagarLiquidadosENaoPagosAbstract" xlink:to="RestosAPagarLiquidadosENaoPagosDoExercicio" xlink:title="presentation: RestosaPagarLiquidadosENaoPagosAbstract to RestosAPagarLiquidadosENaoPagosDoExercicio" order="2.0"/>
    <link:loc xlink:type="locator" xlink:href="../../../cor/ic/siconfi-cor_2019-12-31.xsd#siconfi-cor_RestosAPagarEmpenhadosENaoLiquidadosDeExerciciosAnteriores" xlink:label="RestosAPagarEmpenhadosENaoLiquidadosDeExerciciosAnteriores" xlink:title="RestosAPagarEmpenhadosENaoLiquidadosDeExerciciosAnteriores"/>
    <link:presentationArc xlink:type="arc" xlink:arcrole="http://www.xbrl.org/2003/arcrole/parent-child" xlink:from="ObrigacoesFinanceirasAbstract" xlink:to="RestosAPagarEmpenhadosENaoLiquidadosDeExerciciosAnteriores" xlink:title="presentation: ObrigacoesFinanceirasAbstract to RestosAPagarEmpenhadosENaoLiquidadosDeExerciciosAnteriores" order="2.0"/>
    <link:loc xlink:type="locator" xlink:href="../../../cor/ic/siconfi-cor_2019-12-31.xsd#siconfi-cor_DemaisObrigacoesFinanceiras" xlink:label="DemaisObrigacoesFinanceiras" xlink:title="DemaisObrigacoesFinanceiras"/>
    <link:presentationArc xlink:type="arc" xlink:arcrole="http://www.xbrl.org/2003/arcrole/parent-child" xlink:from="ObrigacoesFinanceirasAbstract" xlink:to="DemaisObrigacoesFinanceiras" xlink:title="presentation: ObrigacoesFinanceirasAbstract to DemaisObrigacoesFinanceiras" order="3.0"/>
    <link:loc xlink:type="locator" xlink:href="../../../cor/ic/siconfi-cor_2019-12-31.xsd#siconfi-cor_DisponibilidadeDeCaixaLiquida" xlink:label="DisponibilidadeDeCaixaLiquida" xlink:title="DisponibilidadeDeCaixaLiquida"/>
    <link:presentationArc xlink:type="arc" xlink:arcrole="http://www.xbrl.org/2003/arcrole/parent-child" xlink:from="DisponibilidadeDeCaixaLineItems" xlink:to="DisponibilidadeDeCaixaLiquida" xlink:title="presentation: DisponibilidadeDeCaixaLineItems to DisponibilidadeDeCaixaLiquida" order="3.0"/>
    <link:loc xlink:type="locator" xlink:href="../../../cor/ic/siconfi-cor_2019-12-31.xsd#siconfi-cor_RestosAPagarEmpenhadosENaoLiquidadosDoExercicio" xlink:label="RestosAPagarEmpenhadosENaoLiquidadosDoExercicio" xlink:title="RestosAPagarEmpenhadosENaoLiquidadosDoExercicio"/>
    <link:presentationArc xlink:type="arc" xlink:arcrole="http://www.xbrl.org/2003/arcrole/parent-child" xlink:from="DisponibilidadeDeCaixaLineItems" xlink:to="RestosAPagarEmpenhadosENaoLiquidadosDoExercicio" xlink:title="presentation: DisponibilidadeDeCaixaLineItems to RestosAPagarEmpenhadosENaoLiquidadosDoExercicio" order="4.0"/>
    <link:loc xlink:type="locator" xlink:href="../../../cor/ic/siconfi-cor_2019-12-31.xsd#siconfi-cor_EmpenhosNaoLiquidadosCanceladosNaoInscritosPorInsuficienciaFinanceira" xlink:label="EmpenhosNaoLiquidadosCanceladosNaoInscritosPorInsuficienciaFinanceira" xlink:title="EmpenhosNaoLiquidadosCanceladosNaoInscritosPorInsuficienciaFinanceira"/>
    <link:presentationArc xlink:type="arc" xlink:arcrole="http://www.xbrl.org/2003/arcrole/parent-child" xlink:from="DisponibilidadeDeCaixaLineItems" xlink:to="EmpenhosNaoLiquidadosCanceladosNaoInscritosPorInsuficienciaFinanceira" xlink:title="presentation: DisponibilidadeDeCaixaLineItems to EmpenhosNaoLiquidadosCanceladosNaoInscritosPorInsuficienciaFinanceira" order="5.0"/>
    <link:loc xlink:type="locator" xlink:href="../../../cor/ic/siconfi-cor_2019-12-31.xsd#siconfi-cor_DisponibilidadeDeCaixaLiquidaAposRP" xlink:label="DisponibilidadeDeCaixaLiquidaAposRP" xlink:title="DisponibilidadeDeCaixaLiquidaAposRP"/>
    <link:presentationArc xlink:type="arc" xlink:arcrole="http://www.xbrl.org/2003/arcrole/parent-child" xlink:from="DisponibilidadeDeCaixaLineItems" xlink:to="DisponibilidadeDeCaixaLiquidaAposRP" xlink:title="presentation: DisponibilidadeDeCaixaLineItems to DisponibilidadeDeCaixaLiquidaAposRP" order="6.0"/>
    <link:loc xlink:type="locator" xlink:href="siconfi-rgf-anexo5consorciospublicos_2019-12-31.xsd#siconfi-rgf-anexo5consorciospublicos_IdentificacaoDosRecursosTable" xlink:label="IdentificacaoDosRecursosTable" xlink:title="RecursosVinculadosTable"/>
    <link:presentationArc xlink:type="arc" xlink:arcrole="http://www.xbrl.org/2003/arcrole/parent-child" xlink:from="DisponibilidadeDeCaixaAbstract" xlink:to="IdentificacaoDosRecursosTable" xlink:title="presentation: DisponibilidadeDeCaixaAbstract to IdentificacaoDosRecursosTable" order="2.0" xbrldt:contextElement="segment" xbrldt:closed="true"/>
    <link:loc xlink:type="locator" xlink:href="../../../cor/dim/siconfi-dim_2019-12-31.xsd#siconfi-dim_IdentificacaoDosRecursosAxis" xlink:label="IdentificacaoDosRecursosAxis" xlink:title="IdentificacaoDosRecursosAxis"/>
    <link:presentationArc xlink:type="arc" xlink:arcrole="http://www.xbrl.org/2003/arcrole/parent-child" xlink:from="IdentificacaoDosRecursosTable" xlink:to="IdentificacaoDosRecursosAxis" xlink:title="presentation: IdentificacaoDosRecursosTable to IdentificacaoDosRecursosAxis" order="1.0"/>
    <link:loc xlink:type="locator" xlink:href="../../../cor/dim/siconfi-dim_2019-12-31.xsd#siconfi-dim_TotalDosRecursosVinculadosMember" xlink:label="TotalDosRecursosVinculadosMember" xlink:title="TotalDosRecursosVinculadosMember"/>
    <link:presentationArc xlink:type="arc" xlink:arcrole="http://www.xbrl.org/2003/arcrole/parent-child" xlink:from="IdentificacaoDosRecursosAxis" xlink:to="TotalDosRecursosVinculadosMember" xlink:title="presentation: IdentificacaoDosRecursosAxis to TotalDosRecursosVinculadosMember" order="3.0"/>
    <link:loc xlink:type="locator" xlink:href="../../../cor/dim/siconfi-dim_2019-12-31.xsd#siconfi-dim_ReceitasDeImpostosEDeTransferenciaDeImpostosEducacaoMember" xlink:label="ReceitasDeImpostosEDeTransferenciaDeImpostosEducacaoMember" xlink:title="ReceitasDeImpostosEDeTransferenciaDeImpostosEducacaoMember"/>
    <link:presentationArc xlink:type="arc" xlink:arcrole="http://www.xbrl.org/2003/arcrole/parent-child" xlink:from="TotalDosRecursosVinculadosMember" xlink:to="ReceitasDeImpostosEDeTransferenciaDeImpostosEducacaoMember" xlink:title="presentation: TotalDosRecursosVinculadosMember to ReceitasDeImpostosEDeTransferenciaDeImpostosEducacaoMember" order="1.0"/>
    <link:loc xlink:type="locator" xlink:href="../../../cor/dim/siconfi-dim_2019-12-31.xsd#siconfi-dim_OutrosRecursosDestinadosAEducacaoMember" xlink:label="OutrosRecursosDestinadosAEducacaoMember" xlink:title="OutrosRecursosDestinadosAEducacaoMember"/>
    <link:presentationArc xlink:type="arc" xlink:arcrole="http://www.xbrl.org/2003/arcrole/parent-child" xlink:from="TotalDosRecursosVinculadosMember" xlink:to="OutrosRecursosDestinadosAEducacaoMember" xlink:title="presentation: TotalDosRecursosVinculadosMember to OutrosRecursosDestinadosAEducacaoMember" order="4.0"/>
    <link:loc xlink:type="locator" xlink:href="../../../cor/dim/siconfi-dim_2019-12-31.xsd#siconfi-dim_ReceitasDeImpostosEDeTransferenciaDeImpostosSaudeMember" xlink:label="ReceitasDeImpostosEDeTransferenciaDeImpostosSaudeMember" xlink:title="ReceitasDeImpostosEDeTransferenciaDeImpostosSaudeMember"/>
    <link:presentationArc xlink:type="arc" xlink:arcrole="http://www.xbrl.org/2003/arcrole/parent-child" xlink:from="TotalDosRecursosVinculadosMember" xlink:to="ReceitasDeImpostosEDeTransferenciaDeImpostosSaudeMember" xlink:title="presentation: TotalDosRecursosVinculadosMember to ReceitasDeImpostosEDeTransferenciaDeImpostosSaudeMember" order="5.0"/>
    <link:loc xlink:type="locator" xlink:href="../../../cor/dim/siconfi-dim_2019-12-31.xsd#siconfi-dim_OutrosRecursosDestinadosASaudeMember" xlink:label="OutrosRecursosDestinadosASaudeMember" xlink:title="OutrosRecursosDestinadosASaudeMember"/>
    <link:presentationArc xlink:type="arc" xlink:arcrole="http://www.xbrl.org/2003/arcrole/parent-child" xlink:from="TotalDosRecursosVinculadosMember" xlink:to="OutrosRecursosDestinadosASaudeMember" xlink:title="presentation: TotalDosRecursosVinculadosMember to OutrosRecursosDestinadosASaudeMember" order="6.0"/>
    <link:loc xlink:type="locator" xlink:href="../../../cor/dim/siconfi-dim_2019-12-31.xsd#siconfi-dim_RecursosDestinadosAAssistenciaSocialMember" xlink:label="RecursosDestinadosAAssistenciaSocialMember" xlink:title="RecursosDestinadosAAssistenciaSocial"/>
    <link:presentationArc xlink:type="arc" xlink:arcrole="http://www.xbrl.org/2003/arcrole/parent-child" xlink:from="TotalDosRecursosVinculadosMember" xlink:to="RecursosDestinadosAAssistenciaSocialMember" xlink:title="presentation: TotalDosRecursosVinculadosMember to RecursosDestinadosAAssistenciaSocialMember" order="7.0"/>
    <link:loc xlink:type="locator" xlink:href="../../../cor/dim/siconfi-dim_2019-12-31.xsd#siconfi-dim_RecursosDeOperacoesDeCreditoExcetoDestinadosAEducacaoEASaudeMember" xlink:label="RecursosDeOperacoesDeCreditoExcetoDestinadosAEducacaoEASaudeMember" xlink:title="RecursosDeOperacoesDeCreditoExcetoDestinadosAEducacaoEASaudeMember"/>
    <link:presentationArc xlink:type="arc" xlink:arcrole="http://www.xbrl.org/2003/arcrole/parent-child" xlink:from="TotalDosRecursosVinculadosMember" xlink:to="RecursosDeOperacoesDeCreditoExcetoDestinadosAEducacaoEASaudeMember" xlink:title="presentation: TotalDosRecursosVinculadosMember to RecursosDeOperacoesDeCreditoExcetoDestinadosAEducacaoEASaudeMember" order="8.0"/>
    <link:loc xlink:type="locator" xlink:href="../../../cor/dim/siconfi-dim_2019-12-31.xsd#siconfi-dim_RecursosDeAlienacaoDeBensAtivosMember" xlink:label="RecursosDeAlienacaoDeBensAtivosMember" xlink:title="RecursosDeAlienacaoDeBensAtivosMember"/>
    <link:presentationArc xlink:type="arc" xlink:arcrole="http://www.xbrl.org/2003/arcrole/parent-child" xlink:from="TotalDosRecursosVinculadosMember" xlink:to="RecursosDeAlienacaoDeBensAtivosMember" xlink:title="presentation: TotalDosRecursosVinculadosMember to RecursosDeAlienacaoDeBensAtivosMember" order="9.0"/>
    <link:loc xlink:type="locator" xlink:href="../../../cor/dim/siconfi-dim_2019-12-31.xsd#siconfi-dim_OutrasDestinacoesVinculadasDeRecursosMember" xlink:label="OutrasDestinacoesVinculadasDeRecursosMember" xlink:title="OutrasDestinacoesVinculadasDeRecursosMember"/>
    <link:presentationArc xlink:type="arc" xlink:arcrole="http://www.xbrl.org/2003/arcrole/parent-child" xlink:from="TotalDosRecursosVinculadosMember" xlink:to="OutrasDestinacoesVinculadasDeRecursosMember" xlink:title="presentation: TotalDosRecursosVinculadosMember to OutrasDestinacoesVinculadasDeRecursosMember" order="10.0"/>
    <link:loc xlink:type="locator" xlink:href="../../../cor/dim/siconfi-dim_2019-12-31.xsd#siconfi-dim_TransferenciasDoFUNDEBMember" xlink:label="TransferenciasDoFUNDEBMember" xlink:title="TransferenciasDoFUNDEBMember"/>
    <link:presentationArc xlink:type="arc" xlink:arcrole="http://www.xbrl.org/2003/arcrole/parent-child" xlink:from="TotalDosRecursosVinculadosMember" xlink:to="TransferenciasDoFUNDEBMember" xlink:title="presentation: TotalDosRecursosVinculadosMember to TransferenciasDoFUNDEBMember" order="2.0"/>
    <link:loc xlink:type="locator" xlink:href="../../../cor/dim/siconfi-dim_2019-12-31.xsd#siconfi-dim_TotalDosRecursosNaoVinculadosMember" xlink:label="TotalDosRecursosNaoVinculadosMember" xlink:title="TotalDosRecursosNaoVinculadosMember"/>
    <link:presentationArc xlink:type="arc" xlink:arcrole="http://www.xbrl.org/2003/arcrole/parent-child" xlink:from="IdentificacaoDosRecursosAxis" xlink:to="TotalDosRecursosNaoVinculadosMember" xlink:title="presentation: IdentificacaoDosRecursosAxis to TotalDosRecursosNaoVinculadosMember" order="1.0"/>
    <link:loc xlink:type="locator" xlink:href="../../../cor/dim/siconfi-dim_2019-12-31.xsd#siconfi-dim_RecursosOrdinariosMember" xlink:label="RecursosOrdinariosMember" xlink:title="RecursosOrdinariosMember"/>
    <link:presentationArc xlink:type="arc" xlink:arcrole="http://www.xbrl.org/2003/arcrole/parent-child" xlink:from="TotalDosRecursosNaoVinculadosMember" xlink:to="RecursosOrdinariosMember" xlink:title="presentation: TotalDosRecursosNaoVinculadosMember to RecursosOrdinariosMember" order="1.0"/>
    <link:loc xlink:type="locator" xlink:href="../../../cor/dim/siconfi-dim_2019-12-31.xsd#siconfi-dim_OutrosRecursosNaoVinculadosMember" xlink:label="OutrosRecursosNaoVinculadosMember" xlink:title="OutrosRecursosNaoVinculadosMember"/>
    <link:presentationArc xlink:type="arc" xlink:arcrole="http://www.xbrl.org/2003/arcrole/parent-child" xlink:from="TotalDosRecursosNaoVinculadosMember" xlink:to="OutrosRecursosNaoVinculadosMember" xlink:title="presentation: TotalDosRecursosNaoVinculadosMember to OutrosRecursosNaoVinculadosMember" order="2.0"/>
    <link:loc xlink:type="locator" xlink:href="../../../cor/dim/siconfi-dim_2019-12-31.xsd#siconfi-dim_TotalDosRecursosPropriosMember" xlink:label="TotalDosRecursosPropriosMember" xlink:title="TotalDosRecursosPropriosMember"/>
    <link:presentationArc xlink:type="arc" xlink:arcrole="http://www.xbrl.org/2003/arcrole/parent-child" xlink:from="IdentificacaoDosRecursosAxis" xlink:to="TotalDosRecursosPropriosMember" xlink:title="presentation: IdentificacaoDosRecursosAxis to TotalDosRecursosPropriosMember" order="2.0"/>
    <link:loc xlink:type="locator" xlink:href="../../../cor/dim/siconfi-dim_2019-12-31.xsd#siconfi-dim_RecursosPropriosMember" xlink:label="RecursosPropriosMember" xlink:title="RecursosPropriosMember"/>
    <link:presentationArc xlink:type="arc" xlink:arcrole="http://www.xbrl.org/2003/arcrole/parent-child" xlink:from="TotalDosRecursosPropriosMember" xlink:to="RecursosPropriosMember" xlink:title="presentation: TotalDosRecursosPropriosMember to RecursosPropriosMember" order="1.0"/>
    <link:loc xlink:type="locator" xlink:href="../../../cor/dim/siconfi-dim_2019-12-31.xsd#siconfi-dim_TotalDosRecursosMember" xlink:label="TotalDosRecursosMember" xlink:title="TotalDosRecursosMember"/>
    <link:presentationArc xlink:type="arc" xlink:arcrole="http://www.xbrl.org/2003/arcrole/parent-child" xlink:from="IdentificacaoDosRecursosAxis" xlink:to="TotalDosRecursosMember" xlink:title="presentation: IdentificacaoDosRecursosAxis to TotalDosRecursosMember" order="4.0"/>
  </link:presentationLink>
</link:linkbase>
