<?xml version="1.0" encoding="UTF-8"?>
<!-- Generated by Fujitsu Interstage XWand B0196 -->
<link:linkbase xmlns:xsi="http://www.w3.org/2001/XMLSchema-instance" xsi:schemaLocation="http://www.xbrl.org/2003/linkbase http://www.xbrl.org/2003/xbrl-linkbase-2003-12-31.xsd http://xbrl.org/2008/generic http://www.xbrl.org/2008/generic-link.xsd http://xbrl.org/2008/formula http://www.xbrl.org/2008/formula.xsd http://xbrl.org/2008/label http://www.xbrl.org/2008/generic-label.xsd http://xbrl.org/2008/reference http://www.xbrl.org/2008/generic-reference.xsd http://xbrl.org/2008/assertion/consistency http://www.xbrl.org/2008/consistency-assertion.xsd http://xbrl.org/2008/assertion/existence http://www.xbrl.org/2008/existence-assertion.xsd http://xbrl.org/2008/assertion/value http://www.xbrl.org/2008/value-assertion.xsd http://xbrl.org/2008/filter/concept http://www.xbrl.org/2008/concept-filter.xsd http://xbrl.org/2010/message http://www.xbrl.org/2010/generic-message.xsd http://xbrl.org/2010/message/validation http://www.xbrl.org/2010/validation-message.xsd http://xbrl.org/2008/filter/boolean http://www.xbrl.org/2008/boolean-filter.xsd http://xbrl.org/2008/filter/entity http://www.xbrl.org/2008/entity-filter.xsd http://xbrl.org/2010/filter/aspect-cover http://www.xbrl.org/2010/aspect-cover-filter.xsd http://xbrl.org/2008/filter/unit http://www.xbrl.org/2008/unit-filter.xsd http://xbrl.org/2008/filter/general http://www.xbrl.org/2008/general-filter.xsd" xmlns:ca="http://xbrl.org/2008/assertion/consistency" xmlns:gen="http://xbrl.org/2008/generic" xmlns:fn="http://www.w3.org/2005/xpath-functions" xmlns:variable="http://xbrl.org/2008/variable" xmlns:xfi="http://www.xbrl.org/2008/function/instance" xmlns:xs="http://www.w3.org/2001/XMLSchema" xmlns:link="http://www.xbrl.org/2003/linkbase" xmlns:ea="http://xbrl.org/2008/assertion/existence" xmlns:siconfi-cor="http://fazenda.gov.br/siconfi/cor/ic/siconfi-cor_2019-12-31" xmlns:xlink="http://www.w3.org/1999/xlink" xmlns:validation="http://xbrl.org/2008/validation" xmlns:formula="http://xbrl.org/2008/formula" xmlns:siconfi-dim="http://fazenda.gov.br/siconfi/cor/dim/siconfi-dim_2019-12-31" xmlns:msg="http://xbrl.org/2010/message" xmlns:va="http://xbrl.org/2008/assertion/value" xmlns:label="http://xbrl.org/2008/label" xmlns:xbrli="http://www.xbrl.org/2003/instance">
  <link:roleRef roleURI="http://www.xbrl.org/2008/role/link" xlink:type="simple" xlink:href="http://www.xbrl.org/2008/generic-link.xsd#standard-link-role"/>
  <link:roleRef roleURI="http://www.xbrl.org/2010/role/message" xlink:type="simple" xlink:href="http://www.xbrl.org/2010/generic-message.xsd#standard-message"/>
  <link:arcroleRef arcroleURI="http://xbrl.org/arcrole/2010/assertion-unsatisfied-message" xlink:type="simple" xlink:href="http://www.xbrl.org/2010/validation-message.xsd#assertion-unsatisfied-message"/>
  <link:arcroleRef arcroleURI="http://xbrl.org/arcrole/2008/variable-filter" xlink:type="simple" xlink:href="http://www.xbrl.org/2008/variable.xsd#variable-filter"/>
  <link:arcroleRef arcroleURI="http://xbrl.org/arcrole/2008/variable-set" xlink:type="simple" xlink:href="http://www.xbrl.org/2008/variable.xsd#variable-set"/>
  <link:arcroleRef arcroleURI="http://xbrl.org/arcrole/2008/variable-set-precondition" xlink:type="simple" xlink:href="http://www.xbrl.org/2008/variable.xsd#variable-set-precondition"/>
  <gen:link xlink:type="extended" xlink:role="http://www.xbrl.org/2008/role/link">
    <va:valueAssertion xlink:type="resource" xlink:label="valueAssertion" xlink:title="valueAssertion" id="EC7001" test="count(//@decimals[string()!='2'])le 0" aspectModel="dimensional" implicitFiltering="true"/>
    <msg:message xlink:type="resource" xlink:label="label" xlink:role="http://www.xbrl.org/2010/role/message" xlink:title="label" xml:lang="pt-br" id="label">[EC7001] - O valor contido no atributo @decimals não deve ser diferente de 02 (dois).</msg:message>
    <gen:arc xlink:type="arc" xlink:arcrole="http://xbrl.org/arcrole/2010/assertion-unsatisfied-message" xlink:from="valueAssertion" xlink:to="label" xlink:title="valueAssertion to label" priority="0" order="1.0"/>
    <va:valueAssertion xlink:type="resource" xlink:label="valueAssertion_2" xlink:title="valueAssertion_2" id="EC7002" test="contains(string(//@xlink:href),&quot;siconfi-rgf-demaispoderessemestral_2019-12-31.xsd&quot;)" aspectModel="dimensional" implicitFiltering="true"/>
    <msg:message xlink:type="resource" xlink:label="label_2" xlink:role="http://www.xbrl.org/2010/role/message" xlink:title="label_2" xml:lang="pt-br" id="label_2"> [EC7002] - O valor contido no atributo @href não corresponde ao schema do entry point.</msg:message>
    <gen:arc xlink:type="arc" xlink:arcrole="http://xbrl.org/arcrole/2010/assertion-unsatisfied-message" xlink:from="valueAssertion_2" xlink:to="label_2" xlink:title="valueAssertion_2 to label_2" priority="0" order="1.0"/>
    <formula:formula xlink:type="resource" xlink:label="formula" xlink:title="formula" id="FIRGF001" value=" $DespesaComPessoalTotal le $LimiteMaximoDespesaComPessoalTotal " aspectModel="dimensional" implicitFiltering="true">
      <formula:aspects>
        <formula:concept>
          <formula:qname>siconfi-cor:KPICumprimentoLimitePessoal</formula:qname>
        </formula:concept>
        <formula:period source="DespesaComPessoalTotal">
          <formula:duration/>
        </formula:period>
        <formula:entityIdentifier source="DespesaComPessoalTotal"/>
        <formula:explicitDimension dimension="siconfi-dim:ValorRealizadoPeriodoAxis">
          <formula:member>
            <formula:qname>siconfi-dim:ApuracaoValorMember</formula:qname>
          </formula:member>
        </formula:explicitDimension>
      </formula:aspects>
    </formula:formula>
    <variable:factVariable xlink:type="resource" xlink:label="factVariable" xlink:title="factVariable" id="factVariable" bindAsSequence="false"/>
    <variable:variableArc xlink:type="arc" xlink:arcrole="http://xbrl.org/arcrole/2008/variable-set" xlink:from="formula" xlink:to="factVariable" xlink:title="formula to factVariable" priority="0" order="1.0" name="DespesaComPessoalTotal"/>
    <link:loc xlink:type="locator" xlink:href="../anexo1demaispoderes/for-siconfi-rgf-anexo1demaispoderes_2019-12-31.xml#conceptName_2" xlink:label="conceptName_2" xlink:title="conceptName_2"/>
    <variable:variableFilterArc xlink:type="arc" xlink:arcrole="http://xbrl.org/arcrole/2008/variable-filter" xlink:from="factVariable" xlink:to="conceptName_2" xlink:title="factVariable to conceptName_2" priority="0" order="1.0" cover="true" complement="false"/>
    <link:loc xlink:type="locator" xlink:href="../anexo1demaispoderes/for-siconfi-rgf-anexo1demaispoderes_2019-12-31.xml#explicitDimension" xlink:label="explicitDimension" xlink:title="explicitDimension"/>
    <variable:variableFilterArc xlink:type="arc" xlink:arcrole="http://xbrl.org/arcrole/2008/variable-filter" xlink:from="factVariable" xlink:to="explicitDimension" xlink:title="factVariable to explicitDimension" priority="0" order="2.0" cover="true" complement="false"/>
    <variable:factVariable xlink:type="resource" xlink:label="factVariable_2" xlink:title="factVariable_2" id="factVariable_2" bindAsSequence="false"/>
    <variable:variableArc xlink:type="arc" xlink:arcrole="http://xbrl.org/arcrole/2008/variable-set" xlink:from="formula" xlink:to="factVariable_2" xlink:title="formula to factVariable_2" priority="0" order="2.0" name="LimiteMaximoDespesaComPessoalTotal"/>
    <link:loc xlink:type="locator" xlink:href="../anexo1demaispoderes/for-siconfi-rgf-anexo1demaispoderes_2019-12-31.xml#conceptName_3" xlink:label="conceptName_3" xlink:title="conceptName_3"/>
    <variable:variableFilterArc xlink:type="arc" xlink:arcrole="http://xbrl.org/arcrole/2008/variable-filter" xlink:from="factVariable_2" xlink:to="conceptName_3" xlink:title="factVariable_2 to conceptName_3" priority="0" order="1.0" cover="true" complement="false"/>
    <link:loc xlink:type="locator" xlink:href="../anexo1demaispoderes/for-siconfi-rgf-anexo1demaispoderes_2019-12-31.xml#explicitDimension" xlink:label="explicitDimension_2" xlink:title="explicitDimension_2"/>
    <variable:variableFilterArc xlink:type="arc" xlink:arcrole="http://xbrl.org/arcrole/2008/variable-filter" xlink:from="factVariable_2" xlink:to="explicitDimension_2" xlink:title="factVariable_2 to explicitDimension_2" priority="0" order="2.0" cover="true" complement="false"/>
    <formula:formula xlink:type="resource" xlink:label="formula_10" xlink:title="formula_10" id="FIRGF002" value=" $DespesaComPessoalTotal le $LimitePrudencialDespesaComPessoalTotal " aspectModel="dimensional" implicitFiltering="true">
      <formula:aspects>
        <formula:concept>
          <formula:qname>siconfi-cor:KPICumprimentoLimitePrudencialPessoal</formula:qname>
        </formula:concept>
        <formula:period source="DespesaComPessoalTotal">
          <formula:duration/>
        </formula:period>
        <formula:entityIdentifier source="DespesaComPessoalTotal"/>
        <formula:explicitDimension dimension="siconfi-dim:ValorRealizadoPeriodoAxis">
          <formula:member>
            <formula:qname>siconfi-dim:ApuracaoValorMember</formula:qname>
          </formula:member>
        </formula:explicitDimension>
      </formula:aspects>
    </formula:formula>
    <variable:variableArc xlink:type="arc" xlink:arcrole="http://xbrl.org/arcrole/2008/variable-set" xlink:from="formula_10" xlink:to="factVariable" xlink:title="formula_10 to factVariable" priority="0" order="1.0" name="DespesaComPessoalTotal"/>
    <variable:factVariable xlink:type="resource" xlink:label="factVariable_3" xlink:title="factVariable_3" id="factVariable_3" bindAsSequence="false"/>
    <variable:variableArc xlink:type="arc" xlink:arcrole="http://xbrl.org/arcrole/2008/variable-set" xlink:from="formula_10" xlink:to="factVariable_3" xlink:title="formula_10 to factVariable_3" priority="0" order="2.0" name="LimitePrudencialDespesaComPessoalTotal"/>
    <link:loc xlink:type="locator" xlink:href="../anexo1demaispoderes/for-siconfi-rgf-anexo1demaispoderes_2019-12-31.xml#conceptName_6" xlink:label="conceptName_4" xlink:title="conceptName_4"/>
    <variable:variableFilterArc xlink:type="arc" xlink:arcrole="http://xbrl.org/arcrole/2008/variable-filter" xlink:from="factVariable_3" xlink:to="conceptName_4" xlink:title="factVariable_3 to conceptName_4" priority="0" order="1.0" cover="true" complement="false"/>
    <link:loc xlink:type="locator" xlink:href="../anexo1demaispoderes/for-siconfi-rgf-anexo1demaispoderes_2019-12-31.xml#explicitDimension" xlink:label="explicitDimension_3" xlink:title="explicitDimension_3"/>
    <variable:variableFilterArc xlink:type="arc" xlink:arcrole="http://xbrl.org/arcrole/2008/variable-filter" xlink:from="factVariable_3" xlink:to="explicitDimension_3" xlink:title="factVariable_3 to explicitDimension_3" priority="0" order="2.0" cover="true" complement="false"/>
    <formula:formula xlink:type="resource" xlink:label="formula_11" xlink:title="formula_11" id="FIRGF003" value=" $DespesaComPessoalTotal le $LimiteDeAlertaDespesaComPessoalTotal " aspectModel="dimensional" implicitFiltering="true">
      <formula:aspects>
        <formula:concept>
          <formula:qname>siconfi-cor:KPICumprimentoLimiteAlertaPessoal</formula:qname>
        </formula:concept>
        <formula:period source="DespesaComPessoalTotal">
          <formula:duration/>
        </formula:period>
        <formula:entityIdentifier source="DespesaComPessoalTotal"/>
        <formula:explicitDimension dimension="siconfi-dim:ValorRealizadoPeriodoAxis">
          <formula:member>
            <formula:qname>siconfi-dim:ApuracaoValorMember</formula:qname>
          </formula:member>
        </formula:explicitDimension>
      </formula:aspects>
    </formula:formula>
    <variable:variableArc xlink:type="arc" xlink:arcrole="http://xbrl.org/arcrole/2008/variable-set" xlink:from="formula_11" xlink:to="factVariable" xlink:title="formula_11 to factVariable" priority="0" order="1.0" name="DespesaComPessoalTotal"/>
    <variable:factVariable xlink:type="resource" xlink:label="factVariable_4" xlink:title="factVariable_4" id="factVariable_4" bindAsSequence="false"/>
    <variable:variableArc xlink:type="arc" xlink:arcrole="http://xbrl.org/arcrole/2008/variable-set" xlink:from="formula_11" xlink:to="factVariable_4" xlink:title="formula_11 to factVariable_4" priority="0" order="2.0" name="LimiteDeAlertaDespesaComPessoalTotal"/>
    <link:loc xlink:type="locator" xlink:href="../anexo1demaispoderes/for-siconfi-rgf-anexo1demaispoderes_2019-12-31.xml#conceptName_7" xlink:label="conceptName_5" xlink:title="conceptName_5"/>
    <variable:variableFilterArc xlink:type="arc" xlink:arcrole="http://xbrl.org/arcrole/2008/variable-filter" xlink:from="factVariable_4" xlink:to="conceptName_5" xlink:title="factVariable_4 to conceptName_5" priority="0" order="1.0" cover="true" complement="false"/>
    <link:loc xlink:type="locator" xlink:href="../anexo1demaispoderes/for-siconfi-rgf-anexo1demaispoderes_2019-12-31.xml#explicitDimension" xlink:label="explicitDimension_4" xlink:title="explicitDimension_4"/>
    <variable:variableFilterArc xlink:type="arc" xlink:arcrole="http://xbrl.org/arcrole/2008/variable-filter" xlink:from="factVariable_4" xlink:to="explicitDimension_4" xlink:title="factVariable_4 to explicitDimension_4" priority="0" order="2.0" cover="true" complement="false"/>
    <formula:formula xlink:type="resource" xlink:label="formula_3" xlink:title="formula_3" id="FIRGF004" value=" $LimiteMaximoDespesaComPessoalTotal - $DespesaComPessoalTotal " aspectModel="dimensional" implicitFiltering="true">
      <formula:decimals>2</formula:decimals>
      <formula:aspects>
        <formula:concept>
          <formula:qname>siconfi-cor:KPIFolgaExcedente</formula:qname>
        </formula:concept>
        <formula:period source="DespesaComPessoalTotal">
          <formula:duration/>
        </formula:period>
        <formula:entityIdentifier source="DespesaComPessoalTotal"/>
        <formula:explicitDimension dimension="siconfi-dim:ValorRealizadoPeriodoAxis">
          <formula:member>
            <formula:qname>siconfi-dim:ApuracaoValorMember</formula:qname>
          </formula:member>
        </formula:explicitDimension>
        <formula:unit augment="false">
          <formula:multiplyBy source="DespesaComPessoalTotal"/>
        </formula:unit>
      </formula:aspects>
    </formula:formula>
    <variable:variableArc xlink:type="arc" xlink:arcrole="http://xbrl.org/arcrole/2008/variable-set" xlink:from="formula_3" xlink:to="factVariable" xlink:title="formula_3 to factVariable" priority="0" order="1.0" name="DespesaComPessoalTotal"/>
    <variable:variableArc xlink:type="arc" xlink:arcrole="http://xbrl.org/arcrole/2008/variable-set" xlink:from="formula_3" xlink:to="factVariable_2" xlink:title="formula_3 to factVariable_2" priority="0" order="2.0" name="LimiteMaximoDespesaComPessoalTotal"/>
    <formula:formula xlink:type="resource" xlink:label="formula_4" xlink:title="formula_4" id="FIRGF005" value="round( $v2 div $v1 * 10000) div 100" aspectModel="dimensional" implicitFiltering="true">
      <formula:decimals>2</formula:decimals>
      <formula:aspects>
        <formula:concept>
          <formula:qname>siconfi-cor:KPIPercentualInativosBruto</formula:qname>
        </formula:concept>
        <formula:period source="DespesaComPessoalBruta">
          <formula:duration/>
        </formula:period>
        <formula:entityIdentifier source="DespesaComPessoalBruta"/>
        <formula:explicitDimension dimension="siconfi-dim:ValorRealizadoPeriodoAxis">
          <formula:member>
            <formula:qname>siconfi-dim:ApuracaoValorMember</formula:qname>
          </formula:member>
        </formula:explicitDimension>
        <formula:unit augment="false">
          <formula:multiplyBy source="DespesaComPessoalBruta"/>
        </formula:unit>
      </formula:aspects>
    </formula:formula>
    <variable:factVariable xlink:type="resource" xlink:label="factVariable_5" xlink:title="factVariable_5" id="factVariable_5" bindAsSequence="false"/>
    <variable:variableArc xlink:type="arc" xlink:arcrole="http://xbrl.org/arcrole/2008/variable-set" xlink:from="formula_4" xlink:to="factVariable_5" xlink:title="formula_4 to factVariable_5" priority="0" order="1.0" name="DespesaComPessoalBruta"/>
    <link:loc xlink:type="locator" xlink:href="../anexo1demaispoderes/for-siconfi-rgf-anexo1demaispoderes_2019-12-31.xml#conceptName_8" xlink:label="conceptName" xlink:title="conceptName"/>
    <variable:variableFilterArc xlink:type="arc" xlink:arcrole="http://xbrl.org/arcrole/2008/variable-filter" xlink:from="factVariable_5" xlink:to="conceptName" xlink:title="factVariable_5 to conceptName" priority="0" order="1.0" cover="true" complement="false"/>
    <link:loc xlink:type="locator" xlink:href="../anexo1demaispoderes/for-siconfi-rgf-anexo1demaispoderes_2019-12-31.xml#explicitDimension_2" xlink:label="explicitDimension_5" xlink:title="explicitDimension_5"/>
    <variable:variableFilterArc xlink:type="arc" xlink:arcrole="http://xbrl.org/arcrole/2008/variable-filter" xlink:from="factVariable_5" xlink:to="explicitDimension_5" xlink:title="factVariable_5 to explicitDimension_5" priority="0" order="2.0" cover="true" complement="false"/>
    <variable:factVariable xlink:type="resource" xlink:label="factVariable_6" xlink:title="factVariable_6" id="factVariable_6" bindAsSequence="false" fallbackValue="0"/>
    <variable:variableArc xlink:type="arc" xlink:arcrole="http://xbrl.org/arcrole/2008/variable-set" xlink:from="formula_4" xlink:to="factVariable_6" xlink:title="formula_4 to factVariable_6" priority="0" order="2.0" name="DespesaComPessoalBruta2"/>
    <link:loc xlink:type="locator" xlink:href="../anexo1demaispoderes/for-siconfi-rgf-anexo1demaispoderes_2019-12-31.xml#conceptName_8" xlink:label="conceptName_6" xlink:title="conceptName_6"/>
    <variable:variableFilterArc xlink:type="arc" xlink:arcrole="http://xbrl.org/arcrole/2008/variable-filter" xlink:from="factVariable_6" xlink:to="conceptName_6" xlink:title="factVariable_6 to conceptName_6" priority="0" order="1.0" cover="true" complement="false"/>
    <link:loc xlink:type="locator" xlink:href="../anexo1demaispoderes/for-siconfi-rgf-anexo1demaispoderes_2019-12-31.xml#explicitDimension_3" xlink:label="explicitDimension_2_2" xlink:title="explicitDimension_2_2"/>
    <variable:variableFilterArc xlink:type="arc" xlink:arcrole="http://xbrl.org/arcrole/2008/variable-filter" xlink:from="factVariable_6" xlink:to="explicitDimension_2_2" xlink:title="factVariable_6 to explicitDimension_2_2" priority="0" order="2.0" cover="true" complement="false"/>
    <variable:factVariable xlink:type="resource" xlink:label="factVariable_7" xlink:title="factVariable_7" id="factVariable_7" bindAsSequence="false"/>
    <variable:variableArc xlink:type="arc" xlink:arcrole="http://xbrl.org/arcrole/2008/variable-set" xlink:from="formula_4" xlink:to="factVariable_7" xlink:title="formula_4 to factVariable_7" priority="0" order="3.0" name="DespesaComPessoalInativoEPensionistasBruta"/>
    <link:loc xlink:type="locator" xlink:href="../anexo1demaispoderes/for-siconfi-rgf-anexo1demaispoderes_2019-12-31.xml#conceptName_11" xlink:label="conceptName_5_2" xlink:title="conceptName_5_2"/>
    <variable:variableFilterArc xlink:type="arc" xlink:arcrole="http://xbrl.org/arcrole/2008/variable-filter" xlink:from="factVariable_7" xlink:to="conceptName_5_2" xlink:title="factVariable_7 to conceptName_5_2" priority="0" order="1.0" cover="true" complement="false"/>
    <link:loc xlink:type="locator" xlink:href="../anexo1demaispoderes/for-siconfi-rgf-anexo1demaispoderes_2019-12-31.xml#explicitDimension_2" xlink:label="explicitDimension_6" xlink:title="explicitDimension_6"/>
    <variable:variableFilterArc xlink:type="arc" xlink:arcrole="http://xbrl.org/arcrole/2008/variable-filter" xlink:from="factVariable_7" xlink:to="explicitDimension_6" xlink:title="factVariable_7 to explicitDimension_6" priority="0" order="2.0" cover="true" complement="false"/>
    <variable:factVariable xlink:type="resource" xlink:label="factVariable_8" xlink:title="factVariable_8" id="factVariable_8" bindAsSequence="false" fallbackValue="0"/>
    <variable:variableArc xlink:type="arc" xlink:arcrole="http://xbrl.org/arcrole/2008/variable-set" xlink:from="formula_4" xlink:to="factVariable_8" xlink:title="formula_4 to factVariable_8" priority="0" order="4.0" name="DespesaComPessoalInativoEPensionistasBruta2"/>
    <link:loc xlink:type="locator" xlink:href="../anexo1demaispoderes/for-siconfi-rgf-anexo1demaispoderes_2019-12-31.xml#conceptName_11" xlink:label="conceptName_5_3" xlink:title="conceptName_5_3"/>
    <variable:variableFilterArc xlink:type="arc" xlink:arcrole="http://xbrl.org/arcrole/2008/variable-filter" xlink:from="factVariable_8" xlink:to="conceptName_5_3" xlink:title="factVariable_8 to conceptName_5_3" priority="0" order="1.0" cover="true" complement="false"/>
    <link:loc xlink:type="locator" xlink:href="../anexo1demaispoderes/for-siconfi-rgf-anexo1demaispoderes_2019-12-31.xml#explicitDimension_3" xlink:label="explicitDimension_2_3" xlink:title="explicitDimension_2_3"/>
    <variable:variableFilterArc xlink:type="arc" xlink:arcrole="http://xbrl.org/arcrole/2008/variable-filter" xlink:from="factVariable_8" xlink:to="explicitDimension_2_3" xlink:title="factVariable_8 to explicitDimension_2_3" priority="0" order="2.0" cover="true" complement="false"/>
    <variable:generalVariable xlink:type="resource" xlink:label="generalVariable" xlink:title="generalVariable" id="generalVariable" select=" $DespesaComPessoalBruta + $DespesaComPessoalBruta2 " bindAsSequence="false"/>
    <variable:variableArc xlink:type="arc" xlink:arcrole="http://xbrl.org/arcrole/2008/variable-set" xlink:from="formula_4" xlink:to="generalVariable" xlink:title="formula_4 to generalVariable" priority="0" order="5.0" name="v1"/>
    <variable:generalVariable xlink:type="resource" xlink:label="generalVariable_2" xlink:title="generalVariable_2" id="generalVariable_2" select=" $DespesaComPessoalInativoEPensionistasBruta + $DespesaComPessoalInativoEPensionistasBruta2 " bindAsSequence="false"/>
    <variable:variableArc xlink:type="arc" xlink:arcrole="http://xbrl.org/arcrole/2008/variable-set" xlink:from="formula_4" xlink:to="generalVariable_2" xlink:title="formula_4 to generalVariable_2" priority="0" order="6.0" name="v2"/>
    <variable:precondition xlink:type="resource" xlink:label="precondition" xlink:title="precondition" id="precondition" test=" $v1 != 0"/>
    <gen:arc xlink:type="arc" xlink:arcrole="http://xbrl.org/arcrole/2008/variable-set-precondition" xlink:from="formula_4" xlink:to="precondition" xlink:title="formula_4 to precondition" priority="0" order="1.0"/>
    <formula:formula xlink:type="resource" xlink:label="formula_5" xlink:title="formula_5" id="FIRGF006" value="round(( $v1 - $v2 ) div  $v3 * 10000) div 100" aspectModel="dimensional" implicitFiltering="true">
      <formula:decimals>2</formula:decimals>
      <formula:aspects>
        <formula:concept>
          <formula:qname>siconfi-cor:KPIPercentualInativosLiquido</formula:qname>
        </formula:concept>
        <formula:period source="DespesaComPessoalLiquida">
          <formula:duration/>
        </formula:period>
        <formula:entityIdentifier source="DespesaComPessoalLiquida"/>
        <formula:explicitDimension dimension="siconfi-dim:ValorRealizadoPeriodoAxis">
          <formula:member>
            <formula:qname>siconfi-dim:ApuracaoValorMember</formula:qname>
          </formula:member>
        </formula:explicitDimension>
        <formula:unit augment="false">
          <formula:multiplyBy source="DespesaComPessoalLiquida"/>
        </formula:unit>
      </formula:aspects>
    </formula:formula>
    <variable:variableArc xlink:type="arc" xlink:arcrole="http://xbrl.org/arcrole/2008/variable-set" xlink:from="formula_5" xlink:to="factVariable_7" xlink:title="formula_5 to factVariable_7" priority="0" order="1.0" name="DespesaComPessoalInativoEPensionistasBruta"/>
    <variable:variableArc xlink:type="arc" xlink:arcrole="http://xbrl.org/arcrole/2008/variable-set" xlink:from="formula_5" xlink:to="factVariable_8" xlink:title="formula_5 to factVariable_8" priority="0" order="2.0" name="DespesaComPessoalInativoEPensionistasBruta2"/>
    <variable:factVariable xlink:type="resource" xlink:label="factVariable_9" xlink:title="factVariable_9" id="factVariable_9" bindAsSequence="false"/>
    <variable:variableArc xlink:type="arc" xlink:arcrole="http://xbrl.org/arcrole/2008/variable-set" xlink:from="formula_5" xlink:to="factVariable_9" xlink:title="formula_5 to factVariable_9" priority="0" order="3.0" name="DespesaComPessoalNaoComputadaInativosEPensionistasComRecursosVinculados"/>
    <link:loc xlink:type="locator" xlink:href="../anexo1demaispoderes/for-siconfi-rgf-anexo1demaispoderes_2019-12-31.xml#conceptName_16" xlink:label="conceptName_10" xlink:title="conceptName_10"/>
    <variable:variableFilterArc xlink:type="arc" xlink:arcrole="http://xbrl.org/arcrole/2008/variable-filter" xlink:from="factVariable_9" xlink:to="conceptName_10" xlink:title="factVariable_9 to conceptName_10" priority="0" order="1.0" cover="true" complement="false"/>
    <link:loc xlink:type="locator" xlink:href="../anexo1demaispoderes/for-siconfi-rgf-anexo1demaispoderes_2019-12-31.xml#explicitDimension_2" xlink:label="explicitDimension_7" xlink:title="explicitDimension_7"/>
    <variable:variableFilterArc xlink:type="arc" xlink:arcrole="http://xbrl.org/arcrole/2008/variable-filter" xlink:from="factVariable_9" xlink:to="explicitDimension_7" xlink:title="factVariable_9 to explicitDimension_7" priority="0" order="2.0" cover="true" complement="false"/>
    <variable:factVariable xlink:type="resource" xlink:label="factVariable_10" xlink:title="factVariable_10" id="factVariable_10" bindAsSequence="false" fallbackValue="0"/>
    <variable:variableArc xlink:type="arc" xlink:arcrole="http://xbrl.org/arcrole/2008/variable-set" xlink:from="formula_5" xlink:to="factVariable_10" xlink:title="formula_5 to factVariable_10" priority="0" order="4.0" name="DespesaComPessoalNaoComputadaInativosEPensionistasComRecursosVinculados2"/>
    <link:loc xlink:type="locator" xlink:href="../anexo1demaispoderes/for-siconfi-rgf-anexo1demaispoderes_2019-12-31.xml#conceptName_16" xlink:label="conceptName_10_2" xlink:title="conceptName_10_2"/>
    <variable:variableFilterArc xlink:type="arc" xlink:arcrole="http://xbrl.org/arcrole/2008/variable-filter" xlink:from="factVariable_10" xlink:to="conceptName_10_2" xlink:title="factVariable_10 to conceptName_10_2" priority="0" order="1.0" cover="true" complement="false"/>
    <link:loc xlink:type="locator" xlink:href="../anexo1demaispoderes/for-siconfi-rgf-anexo1demaispoderes_2019-12-31.xml#explicitDimension_3" xlink:label="explicitDimension_2_4" xlink:title="explicitDimension_2_4"/>
    <variable:variableFilterArc xlink:type="arc" xlink:arcrole="http://xbrl.org/arcrole/2008/variable-filter" xlink:from="factVariable_10" xlink:to="explicitDimension_2_4" xlink:title="factVariable_10 to explicitDimension_2_4" priority="0" order="2.0" cover="true" complement="false"/>
    <variable:factVariable xlink:type="resource" xlink:label="factVariable_11" xlink:title="factVariable_11" id="factVariable_11" bindAsSequence="false"/>
    <variable:variableArc xlink:type="arc" xlink:arcrole="http://xbrl.org/arcrole/2008/variable-set" xlink:from="formula_5" xlink:to="factVariable_11" xlink:title="formula_5 to factVariable_11" priority="0" order="5.0" name="DespesaComPessoalLiquida"/>
    <link:loc xlink:type="locator" xlink:href="../anexo1demaispoderes/for-siconfi-rgf-anexo1demaispoderes_2019-12-31.xml#conceptName_5" xlink:label="conceptName_3_2" xlink:title="conceptName_3_2"/>
    <variable:variableFilterArc xlink:type="arc" xlink:arcrole="http://xbrl.org/arcrole/2008/variable-filter" xlink:from="factVariable_11" xlink:to="conceptName_3_2" xlink:title="factVariable_11 to conceptName_3_2" priority="0" order="1.0" cover="true" complement="false"/>
    <link:loc xlink:type="locator" xlink:href="../anexo1demaispoderes/for-siconfi-rgf-anexo1demaispoderes_2019-12-31.xml#explicitDimension_2" xlink:label="explicitDimension_8" xlink:title="explicitDimension_8"/>
    <variable:variableFilterArc xlink:type="arc" xlink:arcrole="http://xbrl.org/arcrole/2008/variable-filter" xlink:from="factVariable_11" xlink:to="explicitDimension_8" xlink:title="factVariable_11 to explicitDimension_8" priority="0" order="2.0" cover="true" complement="false"/>
    <variable:factVariable xlink:type="resource" xlink:label="factVariable_12" xlink:title="factVariable_12" id="factVariable_12" bindAsSequence="false" fallbackValue="0"/>
    <variable:variableArc xlink:type="arc" xlink:arcrole="http://xbrl.org/arcrole/2008/variable-set" xlink:from="formula_5" xlink:to="factVariable_12" xlink:title="formula_5 to factVariable_12" priority="0" order="6.0" name="DespesaComPessoalLiquida2"/>
    <link:loc xlink:type="locator" xlink:href="../anexo1demaispoderes/for-siconfi-rgf-anexo1demaispoderes_2019-12-31.xml#conceptName_5" xlink:label="conceptName_3_3" xlink:title="conceptName_3_3"/>
    <variable:variableFilterArc xlink:type="arc" xlink:arcrole="http://xbrl.org/arcrole/2008/variable-filter" xlink:from="factVariable_12" xlink:to="conceptName_3_3" xlink:title="factVariable_12 to conceptName_3_3" priority="0" order="1.0" cover="true" complement="false"/>
    <link:loc xlink:type="locator" xlink:href="../anexo1demaispoderes/for-siconfi-rgf-anexo1demaispoderes_2019-12-31.xml#explicitDimension_3" xlink:label="explicitDimension_2_5" xlink:title="explicitDimension_2_5"/>
    <variable:variableFilterArc xlink:type="arc" xlink:arcrole="http://xbrl.org/arcrole/2008/variable-filter" xlink:from="factVariable_12" xlink:to="explicitDimension_2_5" xlink:title="factVariable_12 to explicitDimension_2_5" priority="0" order="2.0" cover="true" complement="false"/>
    <variable:generalVariable xlink:type="resource" xlink:label="generalVariable_3" xlink:title="generalVariable_3" id="generalVariable_3" select=" $DespesaComPessoalInativoEPensionistasBruta + $DespesaComPessoalInativoEPensionistasBruta2 " bindAsSequence="false"/>
    <variable:variableArc xlink:type="arc" xlink:arcrole="http://xbrl.org/arcrole/2008/variable-set" xlink:from="formula_5" xlink:to="generalVariable_3" xlink:title="formula_5 to generalVariable_3" priority="0" order="7.0" name="v1"/>
    <variable:generalVariable xlink:type="resource" xlink:label="generalVariable_4" xlink:title="generalVariable_4" id="generalVariable_4" select=" $DespesaComPessoalNaoComputadaInativosEPensionistasComRecursosVinculados + $DespesaComPessoalNaoComputadaInativosEPensionistasComRecursosVinculados2 " bindAsSequence="false"/>
    <variable:variableArc xlink:type="arc" xlink:arcrole="http://xbrl.org/arcrole/2008/variable-set" xlink:from="formula_5" xlink:to="generalVariable_4" xlink:title="formula_5 to generalVariable_4" priority="0" order="8.0" name="v2"/>
    <variable:generalVariable xlink:type="resource" xlink:label="generalVariable_5" xlink:title="generalVariable_5" id="generalVariable_5" select=" $DespesaComPessoalLiquida + $DespesaComPessoalLiquida2 " bindAsSequence="false"/>
    <variable:variableArc xlink:type="arc" xlink:arcrole="http://xbrl.org/arcrole/2008/variable-set" xlink:from="formula_5" xlink:to="generalVariable_5" xlink:title="formula_5 to generalVariable_5" priority="0" order="9.0" name="v3"/>
    <variable:precondition xlink:type="resource" xlink:label="precondition_2" xlink:title="precondition_2" id="precondition_2" test=" $v3 != 0"/>
    <gen:arc xlink:type="arc" xlink:arcrole="http://xbrl.org/arcrole/2008/variable-set-precondition" xlink:from="formula_5" xlink:to="precondition_2" xlink:title="formula_5 to precondition_2" priority="0" order="1.0"/>
    <formula:formula xlink:type="resource" xlink:label="formula_6" xlink:title="formula_6" id="FIRGF012" value=" $v1 " aspectModel="dimensional" implicitFiltering="true">
      <formula:decimals>2</formula:decimals>
      <formula:aspects>
        <formula:concept>
          <formula:qname>siconfi-cor:DespesaComPessoalBruta</formula:qname>
        </formula:concept>
        <formula:period source="DespesaComPessoalTotal">
          <formula:duration/>
        </formula:period>
        <formula:entityIdentifier source="DespesaComPessoalTotal"/>
        <formula:explicitDimension dimension="siconfi-dim:ValorRealizadoPeriodoAxis">
          <formula:member>
            <formula:qname>siconfi-dim:ApuracaoValorMember</formula:qname>
          </formula:member>
        </formula:explicitDimension>
        <formula:unit augment="false">
          <formula:multiplyBy source="DespesaComPessoalTotal"/>
        </formula:unit>
      </formula:aspects>
    </formula:formula>
    <variable:variableArc xlink:type="arc" xlink:arcrole="http://xbrl.org/arcrole/2008/variable-set" xlink:from="formula_6" xlink:to="factVariable_5" xlink:title="formula_6 to factVariable_5" priority="0" order="1.0" name="DespesaComPessoalBruta"/>
    <variable:variableArc xlink:type="arc" xlink:arcrole="http://xbrl.org/arcrole/2008/variable-set" xlink:from="formula_6" xlink:to="factVariable_6" xlink:title="formula_6 to factVariable_6" priority="0" order="2.0" name="DespesaComPessoalBruta2"/>
    <variable:factVariable xlink:type="resource" xlink:label="factVariable_13" xlink:title="factVariable_13" id="factVariable_13" bindAsSequence="false"/>
    <variable:variableArc xlink:type="arc" xlink:arcrole="http://xbrl.org/arcrole/2008/variable-set" xlink:from="formula_6" xlink:to="factVariable_13" xlink:title="formula_6 to factVariable_13" priority="0" order="3.0" name="DespesaComPessoalTotal"/>
    <link:loc xlink:type="locator" xlink:href="../anexo1demaispoderes/for-siconfi-rgf-anexo1demaispoderes_2019-12-31.xml#conceptName_2" xlink:label="conceptName_2_2" xlink:title="conceptName_2_2"/>
    <variable:variableFilterArc xlink:type="arc" xlink:arcrole="http://xbrl.org/arcrole/2008/variable-filter" xlink:from="factVariable_13" xlink:to="conceptName_2_2" xlink:title="factVariable_13 to conceptName_2_2" priority="0" order="1.0" cover="true" complement="false"/>
    <link:loc xlink:type="locator" xlink:href="../anexo1demaispoderes/for-siconfi-rgf-anexo1demaispoderes_2019-12-31.xml#explicitDimension_4" xlink:label="explicitDimension_3_2" xlink:title="explicitDimension_3_2"/>
    <variable:variableFilterArc xlink:type="arc" xlink:arcrole="http://xbrl.org/arcrole/2008/variable-filter" xlink:from="factVariable_13" xlink:to="explicitDimension_3_2" xlink:title="factVariable_13 to explicitDimension_3_2" priority="0" order="2.0" cover="true" complement="false"/>
    <variable:variableArc xlink:type="arc" xlink:arcrole="http://xbrl.org/arcrole/2008/variable-set" xlink:from="formula_6" xlink:to="generalVariable" xlink:title="formula_6 to generalVariable" priority="0" order="4.0" name="v1"/>
    <formula:formula xlink:type="resource" xlink:label="formula_7" xlink:title="formula_7" id="FIRGF013" value=" $v1 " aspectModel="dimensional" implicitFiltering="true">
      <formula:decimals>2</formula:decimals>
      <formula:aspects>
        <formula:concept>
          <formula:qname>siconfi-cor:DespesaComPessoalNaoComputada</formula:qname>
        </formula:concept>
        <formula:period source="DespesaComPessoalTotal">
          <formula:duration/>
        </formula:period>
        <formula:entityIdentifier source="DespesaComPessoalTotal"/>
        <formula:explicitDimension dimension="siconfi-dim:ValorRealizadoPeriodoAxis">
          <formula:member>
            <formula:qname>siconfi-dim:ApuracaoValorMember</formula:qname>
          </formula:member>
        </formula:explicitDimension>
        <formula:unit augment="false">
          <formula:multiplyBy source="DespesaComPessoalTotal"/>
        </formula:unit>
      </formula:aspects>
    </formula:formula>
    <variable:variableArc xlink:type="arc" xlink:arcrole="http://xbrl.org/arcrole/2008/variable-set" xlink:from="formula_7" xlink:to="factVariable_13" xlink:title="formula_7 to factVariable_13" priority="0" order="1.0" name="DespesaComPessoalTotal"/>
    <variable:factVariable xlink:type="resource" xlink:label="factVariable_14" xlink:title="factVariable_14" id="factVariable_14" bindAsSequence="false"/>
    <variable:variableArc xlink:type="arc" xlink:arcrole="http://xbrl.org/arcrole/2008/variable-set" xlink:from="formula_7" xlink:to="factVariable_14" xlink:title="formula_7 to factVariable_14" priority="0" order="2.0" name="DespesaComPessoalNaoComputada"/>
    <link:loc xlink:type="locator" xlink:href="../anexo1demaispoderes/for-siconfi-rgf-anexo1demaispoderes_2019-12-31.xml#conceptName_9" xlink:label="conceptName_2_3" xlink:title="conceptName_2_3"/>
    <variable:variableFilterArc xlink:type="arc" xlink:arcrole="http://xbrl.org/arcrole/2008/variable-filter" xlink:from="factVariable_14" xlink:to="conceptName_2_3" xlink:title="factVariable_14 to conceptName_2_3" priority="0" order="1.0" cover="true" complement="false"/>
    <link:loc xlink:type="locator" xlink:href="../anexo1demaispoderes/for-siconfi-rgf-anexo1demaispoderes_2019-12-31.xml#explicitDimension_2" xlink:label="explicitDimension_9" xlink:title="explicitDimension_9"/>
    <variable:variableFilterArc xlink:type="arc" xlink:arcrole="http://xbrl.org/arcrole/2008/variable-filter" xlink:from="factVariable_14" xlink:to="explicitDimension_9" xlink:title="factVariable_14 to explicitDimension_9" priority="0" order="2.0" cover="true" complement="false"/>
    <variable:factVariable xlink:type="resource" xlink:label="factVariable_15" xlink:title="factVariable_15" id="factVariable_15" bindAsSequence="false" fallbackValue="0"/>
    <variable:variableArc xlink:type="arc" xlink:arcrole="http://xbrl.org/arcrole/2008/variable-set" xlink:from="formula_7" xlink:to="factVariable_15" xlink:title="formula_7 to factVariable_15" priority="0" order="3.0" name="DespesaComPessoalNaoComputada2"/>
    <link:loc xlink:type="locator" xlink:href="../anexo1demaispoderes/for-siconfi-rgf-anexo1demaispoderes_2019-12-31.xml#conceptName_9" xlink:label="conceptName_2_4" xlink:title="conceptName_2_4"/>
    <variable:variableFilterArc xlink:type="arc" xlink:arcrole="http://xbrl.org/arcrole/2008/variable-filter" xlink:from="factVariable_15" xlink:to="conceptName_2_4" xlink:title="factVariable_15 to conceptName_2_4" priority="0" order="1.0" cover="true" complement="false"/>
    <link:loc xlink:type="locator" xlink:href="../anexo1demaispoderes/for-siconfi-rgf-anexo1demaispoderes_2019-12-31.xml#explicitDimension_3" xlink:label="explicitDimension_2_6" xlink:title="explicitDimension_2_6"/>
    <variable:variableFilterArc xlink:type="arc" xlink:arcrole="http://xbrl.org/arcrole/2008/variable-filter" xlink:from="factVariable_15" xlink:to="explicitDimension_2_6" xlink:title="factVariable_15 to explicitDimension_2_6" priority="0" order="2.0" cover="true" complement="false"/>
    <variable:generalVariable xlink:type="resource" xlink:label="generalVariable_6" xlink:title="generalVariable_6" id="generalVariable_6" select=" $DespesaComPessoalNaoComputada + $DespesaComPessoalNaoComputada2 " bindAsSequence="false"/>
    <variable:variableArc xlink:type="arc" xlink:arcrole="http://xbrl.org/arcrole/2008/variable-set" xlink:from="formula_7" xlink:to="generalVariable_6" xlink:title="formula_7 to generalVariable_6" priority="0" order="4.0" name="v1"/>
    <formula:formula xlink:type="resource" xlink:label="formula_8" xlink:title="formula_8" id="FIRGF014" value=" $DespesaComPessoalTotal " aspectModel="dimensional" implicitFiltering="true">
      <formula:decimals>2</formula:decimals>
      <formula:aspects>
        <formula:concept>
          <formula:qname>siconfi-cor:DespesaComPessoalTotal</formula:qname>
        </formula:concept>
        <formula:period source="DespesaComPessoalTotal">
          <formula:duration/>
        </formula:period>
        <formula:entityIdentifier source="DespesaComPessoalTotal"/>
        <formula:explicitDimension dimension="siconfi-dim:ValorRealizadoPeriodoAxis">
          <formula:member>
            <formula:qname>siconfi-dim:ApuracaoValorMember</formula:qname>
          </formula:member>
        </formula:explicitDimension>
        <formula:unit augment="false">
          <formula:multiplyBy source="DespesaComPessoalTotal"/>
        </formula:unit>
      </formula:aspects>
    </formula:formula>
    <variable:variableArc xlink:type="arc" xlink:arcrole="http://xbrl.org/arcrole/2008/variable-set" xlink:from="formula_8" xlink:to="factVariable_13" xlink:title="formula_8 to factVariable_13" priority="0" order="1.0" name="DespesaComPessoalTotal"/>
    <variable:factVariable xlink:type="resource" xlink:label="factVariable_16" xlink:title="factVariable_16" id="factVariable_16" bindAsSequence="false"/>
    <link:loc xlink:type="locator" xlink:href="../anexo1demaispoderes/for-siconfi-rgf-anexo1demaispoderes_2019-12-31.xml#conceptName" xlink:label="conceptName_7" xlink:title="conceptName_7"/>
    <variable:variableFilterArc xlink:type="arc" xlink:arcrole="http://xbrl.org/arcrole/2008/variable-filter" xlink:from="factVariable_16" xlink:to="conceptName_7" xlink:title="factVariable_16 to conceptName_7" priority="0" order="1.0" cover="true" complement="false"/>
    <link:loc xlink:type="locator" xlink:href="../anexo1demaispoderes/for-siconfi-rgf-anexo1demaispoderes_2019-12-31.xml#explicitDimension_4" xlink:label="explicitDimension_3_3" xlink:title="explicitDimension_3_3"/>
    <variable:variableFilterArc xlink:type="arc" xlink:arcrole="http://xbrl.org/arcrole/2008/variable-filter" xlink:from="factVariable_16" xlink:to="explicitDimension_3_3" xlink:title="factVariable_16 to explicitDimension_3_3" priority="0" order="2.0" cover="true" complement="false"/>
  </gen:link>
</link:linkbase>
