<?xml version="1.0" encoding="UTF-8"?>
<!-- Generated by Fujitsu Interstage XWand B0196 -->
<link:linkbase xmlns:xsi="http://www.w3.org/2001/XMLSchema-instance" xsi:schemaLocation="http://www.xbrl.org/2003/linkbase http://www.xbrl.org/2003/xbrl-linkbase-2003-12-31.xsd" xmlns:link="http://www.xbrl.org/2003/linkbase" xmlns:xlink="http://www.w3.org/1999/xlink" xmlns:xbrli="http://www.xbrl.org/2003/instance">
  <link:roleRef roleURI="http://fazenda.gov.br/siconfi/rep/rreo/anexo7distritofederal/siconfi-rreo-anexo7-tabela7.3" xlink:type="simple" xlink:href="siconfi-rreo-anexo7distritofederal_2020-12-31.xsd#siconfi-rreo-anexo7-tabela7.3"/>
  <link:labelLink xlink:type="extended" xlink:role="http://www.xbrl.org/2003/role/link"/>
  <link:labelLink xlink:type="extended" xlink:role="http://fazenda.gov.br/siconfi/rep/rreo/anexo7distritofederal/siconfi-rreo-anexo7-tabela7.3">
    <link:loc xlink:type="locator" xlink:href="../../../cor/dim/siconfi-dim_2020-12-31.xsd#siconfi-dim_PoderOrgaosAxis" xlink:label="PoderOrgaosAxis" xlink:title="PoderOrgaosAxis"/>
    <link:label xlink:type="resource" xlink:label="label_PoderOrgaosAxis" xlink:role="http://www.xbrl.org/2003/role/label" xlink:title="label_PoderOrgaosAxis" xml:lang="pt-br" id="label_PoderOrgaosAxis">Poder e Órgãos [axis] [orientacao=vertical]</link:label>
    <link:labelArc xlink:type="arc" xlink:arcrole="http://www.xbrl.org/2003/arcrole/concept-label" xlink:from="PoderOrgaosAxis" xlink:to="label_PoderOrgaosAxis" xlink:title="label: PoderOrgaosAxis to label_PoderOrgaosAxis"/>
    <link:loc xlink:type="locator" xlink:href="../../../cor/dim/siconfi-dim_2020-12-31.xsd#siconfi-dim_CamaraLegislativaIntraMember" xlink:label="CamaraLegislativaIntraMember" xlink:title="CamaraLegislativaIntraMember"/>
    <link:label xlink:type="resource" xlink:label="label_CamaraLegislativaIntraMember" xlink:role="http://www.xbrl.org/2003/role/label" xlink:title="label_CamaraLegislativaIntraMember" xml:lang="pt-br" id="label_CamaraLegislativaIntraMember">Câmara Legislativa [member]</link:label>
    <link:labelArc xlink:type="arc" xlink:arcrole="http://www.xbrl.org/2003/arcrole/concept-label" xlink:from="CamaraLegislativaIntraMember" xlink:to="label_CamaraLegislativaIntraMember" xlink:title="label: CamaraLegislativaIntraMember to label_CamaraLegislativaIntraMember"/>
    <link:loc xlink:type="locator" xlink:href="../../../cor/dim/siconfi-dim_2020-12-31.xsd#siconfi-dim_CamaraLegislativaMember" xlink:label="CamaraLegislativaMember" xlink:title="CamaraLegislativaMember"/>
    <link:label xlink:type="resource" xlink:label="label_CamaraLegislativaMember" xlink:role="http://www.xbrl.org/2003/role/label" xlink:title="label_CamaraLegislativaMember" xml:lang="pt-br" id="label_CamaraLegislativaMember">Câmara Legislativa [member]</link:label>
    <link:labelArc xlink:type="arc" xlink:arcrole="http://www.xbrl.org/2003/arcrole/concept-label" xlink:from="CamaraLegislativaMember" xlink:to="label_CamaraLegislativaMember" xlink:title="label: CamaraLegislativaMember to label_CamaraLegislativaMember"/>
    <link:loc xlink:type="locator" xlink:href="../../../cor/dim/siconfi-dim_2020-12-31.xsd#siconfi-dim_ExcetoIntraOrcamentarioMember" xlink:label="ExcetoIntraOrcamentarioMember" xlink:title="ExcetoIntraOrcamentarioMember"/>
    <link:label xlink:type="resource" xlink:label="label_ExcetoIntraOrcamentarioMember" xlink:role="http://www.xbrl.org/2003/role/label" xlink:title="label_ExcetoIntraOrcamentarioMember" xml:lang="pt-br" id="label_ExcetoIntraOrcamentarioMember">RESTOS A PAGAR (EXCETO INTRA-ORÇAMENTÁRIOS) (I) [member]</link:label>
    <link:labelArc xlink:type="arc" xlink:arcrole="http://www.xbrl.org/2003/arcrole/concept-label" xlink:from="ExcetoIntraOrcamentarioMember" xlink:to="label_ExcetoIntraOrcamentarioMember" xlink:title="label: ExcetoIntraOrcamentarioMember to label_ExcetoIntraOrcamentarioMember"/>
    <link:loc xlink:type="locator" xlink:href="../../../cor/dim/siconfi-dim_2020-12-31.xsd#siconfi-dim_ExecutivoIntraMember" xlink:label="ExecutivoIntraMember" xlink:title="ExecutivoIntraMember"/>
    <link:label xlink:type="resource" xlink:label="label_ExecutivoIntraMember" xlink:role="http://www.xbrl.org/2003/role/label" xlink:title="label_ExecutivoIntraMember" xml:lang="pt-br" id="label_ExecutivoIntraMember">PODER EXECUTIVO [member]</link:label>
    <link:labelArc xlink:type="arc" xlink:arcrole="http://www.xbrl.org/2003/arcrole/concept-label" xlink:from="ExecutivoIntraMember" xlink:to="label_ExecutivoIntraMember" xlink:title="label: ExecutivoIntraMember to label_ExecutivoIntraMember"/>
    <link:loc xlink:type="locator" xlink:href="../../../cor/dim/siconfi-dim_2020-12-31.xsd#siconfi-dim_ExecutivoMember" xlink:label="ExecutivoMember" xlink:title="ExecutivoMember"/>
    <link:label xlink:type="resource" xlink:label="label_ExecutivoMember" xlink:role="http://www.xbrl.org/2003/role/label" xlink:title="label_ExecutivoMember" xml:lang="pt-br" id="label_ExecutivoMember">PODER EXECUTIVO [member]</link:label>
    <link:labelArc xlink:type="arc" xlink:arcrole="http://www.xbrl.org/2003/arcrole/concept-label" xlink:from="ExecutivoMember" xlink:to="label_ExecutivoMember" xlink:title="label: ExecutivoMember to label_ExecutivoMember"/>
    <link:loc xlink:type="locator" xlink:href="../../../cor/dim/siconfi-dim_2020-12-31.xsd#siconfi-dim_IntraOrcamentarioMember" xlink:label="IntraOrcamentarioMember" xlink:title="IntraOrcamentarioMember"/>
    <link:label xlink:type="resource" xlink:label="label_IntraOrcamentarioMember" xlink:role="http://www.xbrl.org/2003/role/label" xlink:title="label_IntraOrcamentarioMember" xml:lang="pt-br" id="label_IntraOrcamentarioMember">RESTOS A PAGAR (INTRA-ORÇAMENTÁRIOS) (II) [member]</link:label>
    <link:labelArc xlink:type="arc" xlink:arcrole="http://www.xbrl.org/2003/arcrole/concept-label" xlink:from="IntraOrcamentarioMember" xlink:to="label_IntraOrcamentarioMember" xlink:title="label: IntraOrcamentarioMember to label_IntraOrcamentarioMember"/>
    <link:loc xlink:type="locator" xlink:href="../../../cor/dim/siconfi-dim_2020-12-31.xsd#siconfi-dim_LegislativoIntraMember" xlink:label="LegislativoIntraMember" xlink:title="LegislativoIntraMember"/>
    <link:label xlink:type="resource" xlink:label="label_LegislativoIntraMember" xlink:role="http://www.xbrl.org/2003/role/label" xlink:title="label_LegislativoIntraMember" xml:lang="pt-br" id="label_LegislativoIntraMember">PODER LEGISLATIVO [member]</link:label>
    <link:labelArc xlink:type="arc" xlink:arcrole="http://www.xbrl.org/2003/arcrole/concept-label" xlink:from="LegislativoIntraMember" xlink:to="label_LegislativoIntraMember" xlink:title="label: LegislativoIntraMember to label_LegislativoIntraMember"/>
    <link:loc xlink:type="locator" xlink:href="../../../cor/dim/siconfi-dim_2020-12-31.xsd#siconfi-dim_LegislativoMember" xlink:label="LegislativoMember" xlink:title="LegislativoMember"/>
    <link:label xlink:type="resource" xlink:label="label_LegislativoMember" xlink:role="http://www.xbrl.org/2003/role/label" xlink:title="label_LegislativoMember" xml:lang="pt-br" id="label_LegislativoMember">PODER LEGISLATIVO [member]</link:label>
    <link:labelArc xlink:type="arc" xlink:arcrole="http://www.xbrl.org/2003/arcrole/concept-label" xlink:from="LegislativoMember" xlink:to="label_LegislativoMember" xlink:title="label: LegislativoMember to label_LegislativoMember"/>
    <link:loc xlink:type="locator" xlink:href="../../../cor/dim/siconfi-dim_2020-12-31.xsd#siconfi-dim_TotalMember" xlink:label="TotalMember" xlink:title="TotalMember"/>
    <link:label xlink:type="resource" xlink:label="label_TotalMember" xlink:role="http://www.xbrl.org/2003/role/label" xlink:title="label_TotalMember" xml:lang="pt-br" id="label_TotalMember">TOTAL (III) = (I + II) [member]</link:label>
    <link:labelArc xlink:type="arc" xlink:arcrole="http://www.xbrl.org/2003/arcrole/concept-label" xlink:from="TotalMember" xlink:to="label_TotalMember" xlink:title="label: TotalMember to label_TotalMember"/>
    <link:loc xlink:type="locator" xlink:href="../../../cor/dim/siconfi-dim_2020-12-31.xsd#siconfi-dim_TribunalDeContasDoDistritoFederalIntraMember" xlink:label="TribunalDeContasDoDistritoFederalIntraMember" xlink:title="TribunalDeContasDoDistritoFederalIntraMember"/>
    <link:label xlink:type="resource" xlink:label="label_TribunalDeContasDoDistritoFederalIntraMember" xlink:role="http://www.xbrl.org/2003/role/label" xlink:title="label_TribunalDeContasDoDistritoFederalIntraMember" xml:lang="pt-br" id="label_TribunalDeContasDoDistritoFederalIntraMember">Tribunal de Contas do Distrito Federal [member]</link:label>
    <link:labelArc xlink:type="arc" xlink:arcrole="http://www.xbrl.org/2003/arcrole/concept-label" xlink:from="TribunalDeContasDoDistritoFederalIntraMember" xlink:to="label_TribunalDeContasDoDistritoFederalIntraMember" xlink:title="label: TribunalDeContasDoDistritoFederalIntraMember to label_TribunalDeContasDoDistritoFederalIntraMember"/>
    <link:loc xlink:type="locator" xlink:href="../../../cor/dim/siconfi-dim_2020-12-31.xsd#siconfi-dim_TribunalDeContasDoDistritoFederalMember" xlink:label="TribunalDeContasDoDistritoFederalMember" xlink:title="TribunalDeContasDoDistritoFederalMember"/>
    <link:label xlink:type="resource" xlink:label="label_TribunalDeContasDoDistritoFederalMember" xlink:role="http://www.xbrl.org/2003/role/label" xlink:title="label_TribunalDeContasDoDistritoFederalMember" xml:lang="pt-br" id="label_TribunalDeContasDoDistritoFederalMember">Tribunal de Contas do Distrito Federal [member]</link:label>
    <link:labelArc xlink:type="arc" xlink:arcrole="http://www.xbrl.org/2003/arcrole/concept-label" xlink:from="TribunalDeContasDoDistritoFederalMember" xlink:to="label_TribunalDeContasDoDistritoFederalMember" xlink:title="label: TribunalDeContasDoDistritoFederalMember to label_TribunalDeContasDoDistritoFederalMember"/>
    <link:loc xlink:type="locator" xlink:href="../../../cor/dim/siconfi-dim_2020-12-31.xsd#siconfi-dim_PoderOrgaosIntraAxis" xlink:label="PoderOrgaosIntraAxis" xlink:title="PoderOrgaosIntraAxis"/>
    <link:label xlink:type="resource" xlink:label="label_PoderOrgaosIntraAxis" xlink:role="http://www.xbrl.org/2003/role/label" xlink:title="label_PoderOrgaosIntraAxis" xml:lang="pt-br" id="label_PoderOrgaosIntraAxis">Poder e Órgãos - Intra [axis] [orientacao=vertical]</link:label>
    <link:labelArc xlink:type="arc" xlink:arcrole="http://www.xbrl.org/2003/arcrole/concept-label" xlink:from="PoderOrgaosIntraAxis" xlink:to="label_PoderOrgaosIntraAxis" xlink:title="label: PoderOrgaosIntraAxis to label_PoderOrgaosIntraAxis"/>
    <link:loc xlink:type="locator" xlink:href="../../../cor/dim/siconfi-dim_2020-12-31.xsd#siconfi-dim_IntraOrcamentario2Member" xlink:label="IntraOrcamentario2Member" xlink:title="IntraOrcamentario2Member"/>
    <link:label xlink:type="resource" xlink:label="label_IntraOrcamentario2Member" xlink:role="http://www.xbrl.org/2003/role/label" xlink:title="label_IntraOrcamentario2Member" xml:lang="pt-br" id="label_IntraOrcamentario2Member">RESTOS A PAGAR (INTRA-ORÇAMENTÁRIOS) (II) [member]</link:label>
    <link:labelArc xlink:type="arc" xlink:arcrole="http://www.xbrl.org/2003/arcrole/concept-label" xlink:from="IntraOrcamentario2Member" xlink:to="label_IntraOrcamentario2Member" xlink:title="label: IntraOrcamentario2Member to label_IntraOrcamentario2Member"/>
    <link:loc xlink:type="locator" xlink:href="../../../cor/dim/siconfi-dim_2020-12-31.xsd#siconfi-dim_DefensoriaPublicaMember" xlink:label="DefensoriaPublicaMember" xlink:title="DefensoriaPublicaMember"/>
    <link:label xlink:type="resource" xlink:label="label_DefensoriaPublicaMember" xlink:role="http://www.xbrl.org/2003/role/label" xlink:title="label_DefensoriaPublicaMember" xml:lang="pt-br" id="label_DefensoriaPublicaMember">DEFENSORIA PÚBLICA [member]</link:label>
    <link:labelArc xlink:type="arc" xlink:arcrole="http://www.xbrl.org/2003/arcrole/concept-label" xlink:from="DefensoriaPublicaMember" xlink:to="label_DefensoriaPublicaMember" xlink:title="label: DefensoriaPublicaMember to label_DefensoriaPublicaMember"/>
    <link:loc xlink:type="locator" xlink:href="../../../cor/dim/siconfi-dim_2020-12-31.xsd#siconfi-dim_DefensoriaPublicaIntraMember" xlink:label="DefensoriaPublicaIntraMember" xlink:title="DefensoriaPublicaIntraMember"/>
    <link:label xlink:type="resource" xlink:label="label_DefensoriaPublicaIntraMember" xlink:role="http://www.xbrl.org/2003/role/label" xlink:title="label_DefensoriaPublicaIntraMember" xml:lang="pt-br" id="label_DefensoriaPublicaIntraMember">DEFENSORIA PÚBLICA [member]</link:label>
    <link:labelArc xlink:type="arc" xlink:arcrole="http://www.xbrl.org/2003/arcrole/concept-label" xlink:from="DefensoriaPublicaIntraMember" xlink:to="label_DefensoriaPublicaIntraMember" xlink:title="label: DefensoriaPublicaIntraMember to label_DefensoriaPublicaIntraMember"/>
    <link:loc xlink:type="locator" xlink:href="../../../cor/ic/siconfi-cor_2020-12-31.xsd#siconfi-cor_RestosAPagarNaoProcessadosAPagar" xlink:label="RestosAPagarNaoProcessadosAPagar" xlink:title="RestosAPagarNaoProcessadosAPagar"/>
    <link:label xlink:type="resource" xlink:label="label_RestosAPagarNaoProcessadosAPagar" xlink:role="http://www.xbrl.org/2003/role/label" xlink:title="label_RestosAPagarNaoProcessadosAPagar" xml:lang="pt-br" id="label_RestosAPagarNaoProcessadosAPagar">Saldo k = (f + g) - (i + j)</link:label>
    <link:labelArc xlink:type="arc" xlink:arcrole="http://www.xbrl.org/2003/arcrole/concept-label" xlink:from="RestosAPagarNaoProcessadosAPagar" xlink:to="label_RestosAPagarNaoProcessadosAPagar" xlink:title="label: RestosAPagarNaoProcessadosAPagar to label_RestosAPagarNaoProcessadosAPagar"/>
    <link:loc xlink:type="locator" xlink:href="../../../cor/ic/siconfi-cor_2020-12-31.xsd#siconfi-cor_RestosAPagarNaoProcessadosAPagarIntra" xlink:label="RestosAPagarNaoProcessadosAPagarIntra" xlink:title="RestosAPagarNaoProcessadosAPagarIntra"/>
    <link:label xlink:type="resource" xlink:label="label_RestosAPagarNaoProcessadosAPagarIntra" xlink:role="http://www.xbrl.org/2003/role/label" xlink:title="label_RestosAPagarNaoProcessadosAPagarIntra" xml:lang="pt-br" id="label_RestosAPagarNaoProcessadosAPagarIntra">Saldo k = (f + g) - (i + j)</link:label>
    <link:labelArc xlink:type="arc" xlink:arcrole="http://www.xbrl.org/2003/arcrole/concept-label" xlink:from="RestosAPagarNaoProcessadosAPagarIntra" xlink:to="label_RestosAPagarNaoProcessadosAPagarIntra" xlink:title="label: RestosAPagarNaoProcessadosAPagarIntra to label_RestosAPagarNaoProcessadosAPagarIntra"/>
    <link:loc xlink:type="locator" xlink:href="../../../cor/ic/siconfi-cor_2020-12-31.xsd#siconfi-cor_RestosAPagarNaoProcessadosCancelados" xlink:label="RestosAPagarNaoProcessadosCancelados" xlink:title="RestosAPagarNaoProcessadosCancelados"/>
    <link:label xlink:type="resource" xlink:label="label_RestosAPagarNaoProcessadosCancelados" xlink:role="http://www.xbrl.org/2003/role/label" xlink:title="label_RestosAPagarNaoProcessadosCancelados" xml:lang="pt-br" id="label_RestosAPagarNaoProcessadosCancelados">Cancelados (j)</link:label>
    <link:labelArc xlink:type="arc" xlink:arcrole="http://www.xbrl.org/2003/arcrole/concept-label" xlink:from="RestosAPagarNaoProcessadosCancelados" xlink:to="label_RestosAPagarNaoProcessadosCancelados" xlink:title="label: RestosAPagarNaoProcessadosCancelados to label_RestosAPagarNaoProcessadosCancelados"/>
    <link:loc xlink:type="locator" xlink:href="../../../cor/ic/siconfi-cor_2020-12-31.xsd#siconfi-cor_RestosAPagarNaoProcessadosCanceladosIntra" xlink:label="RestosAPagarNaoProcessadosCanceladosIntra" xlink:title="RestosAPagarNaoProcessadosCanceladosIntra"/>
    <link:label xlink:type="resource" xlink:label="label_RestosAPagarNaoProcessadosCanceladosIntra" xlink:role="http://www.xbrl.org/2003/role/label" xlink:title="label_RestosAPagarNaoProcessadosCanceladosIntra" xml:lang="pt-br" id="label_RestosAPagarNaoProcessadosCanceladosIntra">Cancelados (j)</link:label>
    <link:labelArc xlink:type="arc" xlink:arcrole="http://www.xbrl.org/2003/arcrole/concept-label" xlink:from="RestosAPagarNaoProcessadosCanceladosIntra" xlink:to="label_RestosAPagarNaoProcessadosCanceladosIntra" xlink:title="label: RestosAPagarNaoProcessadosCanceladosIntra to label_RestosAPagarNaoProcessadosCanceladosIntra"/>
    <link:loc xlink:type="locator" xlink:href="../../../cor/ic/siconfi-cor_2020-12-31.xsd#siconfi-cor_RestosAPagarNaoProcessadosInscritosEmExercicioAnterior" xlink:label="RestosAPagarNaoProcessadosInscritosEmExercicioAnterior" xlink:title="RestosAPagarNaoProcessadosInscritosEmExercicioAnterior"/>
    <link:label xlink:type="resource" xlink:label="label_RestosAPagarNaoProcessadosInscritosEmExercicioAnterior" xlink:role="http://www.xbrl.org/2003/role/label" xlink:title="label_RestosAPagarNaoProcessadosInscritosEmExercicioAnterior" xml:lang="pt-br" id="label_RestosAPagarNaoProcessadosInscritosEmExercicioAnterior">Em 31 de Dezembro de 2020 (g)</link:label>
    <link:labelArc xlink:type="arc" xlink:arcrole="http://www.xbrl.org/2003/arcrole/concept-label" xlink:from="RestosAPagarNaoProcessadosInscritosEmExercicioAnterior" xlink:to="label_RestosAPagarNaoProcessadosInscritosEmExercicioAnterior" xlink:title="label: RestosAPagarNaoProcessadosInscritosEmExercicioAnterior to label_RestosAPagarNaoProcessadosInscritosEmExercicioAnterior"/>
    <link:loc xlink:type="locator" xlink:href="../../../cor/ic/siconfi-cor_2020-12-31.xsd#siconfi-cor_RestosAPagarNaoProcessadosInscritosEmExercicioAnteriorIntra" xlink:label="RestosAPagarNaoProcessadosInscritosEmExercicioAnteriorIntra" xlink:title="RestosAPagarNaoProcessadosInscritosEmExercicioAnteriorIntra"/>
    <link:label xlink:type="resource" xlink:label="label_RestosAPagarNaoProcessadosInscritosEmExercicioAnteriorIntra" xlink:role="http://www.xbrl.org/2003/role/label" xlink:title="label_RestosAPagarNaoProcessadosInscritosEmExercicioAnteriorIntra" xml:lang="pt-br" id="label_RestosAPagarNaoProcessadosInscritosEmExercicioAnteriorIntra">Em 31 de Dezembro de 2020 (g)</link:label>
    <link:labelArc xlink:type="arc" xlink:arcrole="http://www.xbrl.org/2003/arcrole/concept-label" xlink:from="RestosAPagarNaoProcessadosInscritosEmExercicioAnteriorIntra" xlink:to="label_RestosAPagarNaoProcessadosInscritosEmExercicioAnteriorIntra" xlink:title="label: RestosAPagarNaoProcessadosInscritosEmExercicioAnteriorIntra to label_RestosAPagarNaoProcessadosInscritosEmExercicioAnteriorIntra"/>
    <link:loc xlink:type="locator" xlink:href="../../../cor/ic/siconfi-cor_2020-12-31.xsd#siconfi-cor_RestosAPagarNaoProcessadosInscritosEmExerciciosAnteriores" xlink:label="RestosAPagarNaoProcessadosInscritosEmExerciciosAnteriores" xlink:title="RestosAPagarNaoProcessadosInscritosEmExerciciosAnteriores"/>
    <link:label xlink:type="resource" xlink:label="label_RestosAPagarNaoProcessadosInscritosEmExerciciosAnteriores" xlink:role="http://www.xbrl.org/2003/role/label" xlink:title="label_RestosAPagarNaoProcessadosInscritosEmExerciciosAnteriores" xml:lang="pt-br" id="label_RestosAPagarNaoProcessadosInscritosEmExerciciosAnteriores">Em Exercícios Anteriores (f)</link:label>
    <link:labelArc xlink:type="arc" xlink:arcrole="http://www.xbrl.org/2003/arcrole/concept-label" xlink:from="RestosAPagarNaoProcessadosInscritosEmExerciciosAnteriores" xlink:to="label_RestosAPagarNaoProcessadosInscritosEmExerciciosAnteriores" xlink:title="label: RestosAPagarNaoProcessadosInscritosEmExerciciosAnteriores to label_RestosAPagarNaoProcessadosInscritosEmExerciciosAnteriores"/>
    <link:loc xlink:type="locator" xlink:href="../../../cor/ic/siconfi-cor_2020-12-31.xsd#siconfi-cor_RestosAPagarNaoProcessadosInscritosEmExerciciosAnterioresIntra" xlink:label="RestosAPagarNaoProcessadosInscritosEmExerciciosAnterioresIntra" xlink:title="RestosAPagarNaoProcessadosInscritosEmExerciciosAnterioresIntra"/>
    <link:label xlink:type="resource" xlink:label="label_RestosAPagarNaoProcessadosInscritosEmExerciciosAnterioresIntra" xlink:role="http://www.xbrl.org/2003/role/label" xlink:title="label_RestosAPagarNaoProcessadosInscritosEmExerciciosAnterioresIntra" xml:lang="pt-br" id="label_RestosAPagarNaoProcessadosInscritosEmExerciciosAnterioresIntra">Em Exercícios Anteriores (f)</link:label>
    <link:labelArc xlink:type="arc" xlink:arcrole="http://www.xbrl.org/2003/arcrole/concept-label" xlink:from="RestosAPagarNaoProcessadosInscritosEmExerciciosAnterioresIntra" xlink:to="label_RestosAPagarNaoProcessadosInscritosEmExerciciosAnterioresIntra" xlink:title="label: RestosAPagarNaoProcessadosInscritosEmExerciciosAnterioresIntra to label_RestosAPagarNaoProcessadosInscritosEmExerciciosAnterioresIntra"/>
    <link:loc xlink:type="locator" xlink:href="../../../cor/ic/siconfi-cor_2020-12-31.xsd#siconfi-cor_RestosAPagarNaoProcessadosLiquidados" xlink:label="RestosAPagarNaoProcessadosLiquidados" xlink:title="RestosAPagarNaoProcessadosLiquidados"/>
    <link:label xlink:type="resource" xlink:label="label_RestosAPagarNaoProcessadosLiquidados" xlink:role="http://www.xbrl.org/2003/role/label" xlink:title="label_RestosAPagarNaoProcessadosLiquidados" xml:lang="pt-br" id="label_RestosAPagarNaoProcessadosLiquidados">Liquidados (h)</link:label>
    <link:labelArc xlink:type="arc" xlink:arcrole="http://www.xbrl.org/2003/arcrole/concept-label" xlink:from="RestosAPagarNaoProcessadosLiquidados" xlink:to="label_RestosAPagarNaoProcessadosLiquidados" xlink:title="label: RestosAPagarNaoProcessadosLiquidados to label_RestosAPagarNaoProcessadosLiquidados"/>
    <link:loc xlink:type="locator" xlink:href="../../../cor/ic/siconfi-cor_2020-12-31.xsd#siconfi-cor_RestosAPagarNaoProcessadosLiquidadosIntra" xlink:label="RestosAPagarNaoProcessadosLiquidadosIntra" xlink:title="RestosAPagarNaoProcessadosLiquidadosIntra"/>
    <link:label xlink:type="resource" xlink:label="label_RestosAPagarNaoProcessadosLiquidadosIntra" xlink:role="http://www.xbrl.org/2003/role/label" xlink:title="label_RestosAPagarNaoProcessadosLiquidadosIntra" xml:lang="pt-br" id="label_RestosAPagarNaoProcessadosLiquidadosIntra">Liquidados (h)</link:label>
    <link:labelArc xlink:type="arc" xlink:arcrole="http://www.xbrl.org/2003/arcrole/concept-label" xlink:from="RestosAPagarNaoProcessadosLiquidadosIntra" xlink:to="label_RestosAPagarNaoProcessadosLiquidadosIntra" xlink:title="label: RestosAPagarNaoProcessadosLiquidadosIntra to label_RestosAPagarNaoProcessadosLiquidadosIntra"/>
    <link:loc xlink:type="locator" xlink:href="../../../cor/ic/siconfi-cor_2020-12-31.xsd#siconfi-cor_RestosAPagarNaoProcessadosPagos" xlink:label="RestosAPagarNaoProcessadosPagos" xlink:title="RestosAPagarNaoProcessadosPagos"/>
    <link:label xlink:type="resource" xlink:label="label_RestosAPagarNaoProcessadosPagos" xlink:role="http://www.xbrl.org/2003/role/label" xlink:title="label_RestosAPagarNaoProcessadosPagos" xml:lang="pt-br" id="label_RestosAPagarNaoProcessadosPagos">Pagos (i)</link:label>
    <link:labelArc xlink:type="arc" xlink:arcrole="http://www.xbrl.org/2003/arcrole/concept-label" xlink:from="RestosAPagarNaoProcessadosPagos" xlink:to="label_RestosAPagarNaoProcessadosPagos" xlink:title="label: RestosAPagarNaoProcessadosPagos to label_RestosAPagarNaoProcessadosPagos"/>
    <link:loc xlink:type="locator" xlink:href="../../../cor/ic/siconfi-cor_2020-12-31.xsd#siconfi-cor_RestosAPagarNaoProcessadosPagosIntra" xlink:label="RestosAPagarNaoProcessadosPagosIntra" xlink:title="RestosAPagarNaoProcessadosPagosIntra"/>
    <link:label xlink:type="resource" xlink:label="label_RestosAPagarNaoProcessadosPagosIntra" xlink:role="http://www.xbrl.org/2003/role/label" xlink:title="label_RestosAPagarNaoProcessadosPagosIntra" xml:lang="pt-br" id="label_RestosAPagarNaoProcessadosPagosIntra">Pagos (i)</link:label>
    <link:labelArc xlink:type="arc" xlink:arcrole="http://www.xbrl.org/2003/arcrole/concept-label" xlink:from="RestosAPagarNaoProcessadosPagosIntra" xlink:to="label_RestosAPagarNaoProcessadosPagosIntra" xlink:title="label: RestosAPagarNaoProcessadosPagosIntra to label_RestosAPagarNaoProcessadosPagosIntra"/>
    <link:loc xlink:type="locator" xlink:href="../../../cor/ic/siconfi-cor_2020-12-31.xsd#siconfi-cor_RestosAPagarProcessadosENaoProcessadosLiquidadosAPagar" xlink:label="RestosAPagarProcessadosENaoProcessadosLiquidadosAPagar" xlink:title="RestosAPagarProcessadosENaoProcessadosLiquidadosAPagar"/>
    <link:label xlink:type="resource" xlink:label="label_RestosAPagarProcessadosENaoProcessadosLiquidadosAPagar" xlink:role="http://www.xbrl.org/2003/role/label" xlink:title="label_RestosAPagarProcessadosENaoProcessadosLiquidadosAPagar" xml:lang="pt-br" id="label_RestosAPagarProcessadosENaoProcessadosLiquidadosAPagar">Saldo e = (a + b) - (c + d)</link:label>
    <link:labelArc xlink:type="arc" xlink:arcrole="http://www.xbrl.org/2003/arcrole/concept-label" xlink:from="RestosAPagarProcessadosENaoProcessadosLiquidadosAPagar" xlink:to="label_RestosAPagarProcessadosENaoProcessadosLiquidadosAPagar" xlink:title="label: RestosAPagarProcessadosENaoProcessadosLiquidadosAPagar to label_RestosAPagarProcessadosENaoProcessadosLiquidadosAPagar"/>
    <link:loc xlink:type="locator" xlink:href="../../../cor/ic/siconfi-cor_2020-12-31.xsd#siconfi-cor_RestosAPagarProcessadosENaoProcessadosLiquidadosAPagarIntra" xlink:label="RestosAPagarProcessadosENaoProcessadosLiquidadosAPagarIntra" xlink:title="RestosAPagarProcessadosENaoProcessadosLiquidadosAPagarIntra"/>
    <link:label xlink:type="resource" xlink:label="label_RestosAPagarProcessadosENaoProcessadosLiquidadosAPagarIntra" xlink:role="http://www.xbrl.org/2003/role/label" xlink:title="label_RestosAPagarProcessadosENaoProcessadosLiquidadosAPagarIntra" xml:lang="pt-br" id="label_RestosAPagarProcessadosENaoProcessadosLiquidadosAPagarIntra">Saldo e = (a + b) - (c + d)</link:label>
    <link:labelArc xlink:type="arc" xlink:arcrole="http://www.xbrl.org/2003/arcrole/concept-label" xlink:from="RestosAPagarProcessadosENaoProcessadosLiquidadosAPagarIntra" xlink:to="label_RestosAPagarProcessadosENaoProcessadosLiquidadosAPagarIntra" xlink:title="label: RestosAPagarProcessadosENaoProcessadosLiquidadosAPagarIntra to label_RestosAPagarProcessadosENaoProcessadosLiquidadosAPagarIntra"/>
    <link:loc xlink:type="locator" xlink:href="../../../cor/ic/siconfi-cor_2020-12-31.xsd#siconfi-cor_RestosAPagarProcessadosENaoProcessadosLiquidadosCancelados" xlink:label="RestosAPagarProcessadosENaoProcessadosLiquidadosCancelados" xlink:title="RestosAPagarProcessadosENaoProcessadosLiquidadosCancelados"/>
    <link:label xlink:type="resource" xlink:label="label_RestosAPagarProcessadosENaoProcessadosLiquidadosCancelados" xlink:role="http://www.xbrl.org/2003/role/label" xlink:title="label_RestosAPagarProcessadosENaoProcessadosLiquidadosCancelados" xml:lang="pt-br" id="label_RestosAPagarProcessadosENaoProcessadosLiquidadosCancelados">Cancelados (d)</link:label>
    <link:labelArc xlink:type="arc" xlink:arcrole="http://www.xbrl.org/2003/arcrole/concept-label" xlink:from="RestosAPagarProcessadosENaoProcessadosLiquidadosCancelados" xlink:to="label_RestosAPagarProcessadosENaoProcessadosLiquidadosCancelados" xlink:title="label: RestosAPagarProcessadosENaoProcessadosLiquidadosCancelados to label_RestosAPagarProcessadosENaoProcessadosLiquidadosCancelados"/>
    <link:loc xlink:type="locator" xlink:href="../../../cor/ic/siconfi-cor_2020-12-31.xsd#siconfi-cor_RestosAPagarProcessadosENaoProcessadosLiquidadosCanceladosIntra" xlink:label="RestosAPagarProcessadosENaoProcessadosLiquidadosCanceladosIntra" xlink:title="RestosAPagarProcessadosENaoProcessadosLiquidadosCanceladosIntra"/>
    <link:label xlink:type="resource" xlink:label="label_RestosAPagarProcessadosENaoProcessadosLiquidadosCanceladosIntra" xlink:role="http://www.xbrl.org/2003/role/label" xlink:title="label_RestosAPagarProcessadosENaoProcessadosLiquidadosCanceladosIntra" xml:lang="pt-br" id="label_RestosAPagarProcessadosENaoProcessadosLiquidadosCanceladosIntra">Cancelados (d)</link:label>
    <link:labelArc xlink:type="arc" xlink:arcrole="http://www.xbrl.org/2003/arcrole/concept-label" xlink:from="RestosAPagarProcessadosENaoProcessadosLiquidadosCanceladosIntra" xlink:to="label_RestosAPagarProcessadosENaoProcessadosLiquidadosCanceladosIntra" xlink:title="label: RestosAPagarProcessadosENaoProcessadosLiquidadosCanceladosIntra to label_RestosAPagarProcessadosENaoProcessadosLiquidadosCanceladosIntra"/>
    <link:loc xlink:type="locator" xlink:href="../../../cor/ic/siconfi-cor_2020-12-31.xsd#siconfi-cor_RestosAPagarProcessadosENaoProcessadosLiquidadosInscritosEmExercicioAnterior" xlink:label="RestosAPagarProcessadosENaoProcessadosLiquidadosInscritosEmExercicioAnterior" xlink:title="RestosAPagarProcessadosENaoProcessadosLiquidadosInscritosEmExercicioAnterior"/>
    <link:label xlink:type="resource" xlink:label="label_RestosAPagarProcessadosENaoProcessadosLiquidadosInscritosEmExercicioAnterior" xlink:role="http://www.xbrl.org/2003/role/label" xlink:title="label_RestosAPagarProcessadosENaoProcessadosLiquidadosInscritosEmExercicioAnterior" xml:lang="pt-br" id="label_RestosAPagarProcessadosENaoProcessadosLiquidadosInscritosEmExercicioAnterior">Em 31 de Dezembro de 2020 (b)</link:label>
    <link:labelArc xlink:type="arc" xlink:arcrole="http://www.xbrl.org/2003/arcrole/concept-label" xlink:from="RestosAPagarProcessadosENaoProcessadosLiquidadosInscritosEmExercicioAnterior" xlink:to="label_RestosAPagarProcessadosENaoProcessadosLiquidadosInscritosEmExercicioAnterior" xlink:title="label: RestosAPagarProcessadosENaoProcessadosLiquidadosInscritosEmExercicioAnterior to label_RestosAPagarProcessadosENaoProcessadosLiquidadosInscritosEmExercicioAnterior"/>
    <link:loc xlink:type="locator" xlink:href="../../../cor/ic/siconfi-cor_2020-12-31.xsd#siconfi-cor_RestosAPagarProcessadosENaoProcessadosLiquidadosInscritosEmExercicioAnteriorIntra" xlink:label="RestosAPagarProcessadosENaoProcessadosLiquidadosInscritosEmExercicioAnteriorIntra" xlink:title="RestosAPagarProcessadosENaoProcessadosLiquidadosInscritosEmExercicioAnteriorIntra"/>
    <link:label xlink:type="resource" xlink:label="label_RestosAPagarProcessadosENaoProcessadosLiquidadosInscritosEmExercicioAnteriorIntra" xlink:role="http://www.xbrl.org/2003/role/label" xlink:title="label_RestosAPagarProcessadosENaoProcessadosLiquidadosInscritosEmExercicioAnteriorIntra" xml:lang="pt-br" id="label_RestosAPagarProcessadosENaoProcessadosLiquidadosInscritosEmExercicioAnteriorIntra">Em 31 de Dezembro de 2020 (b)</link:label>
    <link:labelArc xlink:type="arc" xlink:arcrole="http://www.xbrl.org/2003/arcrole/concept-label" xlink:from="RestosAPagarProcessadosENaoProcessadosLiquidadosInscritosEmExercicioAnteriorIntra" xlink:to="label_RestosAPagarProcessadosENaoProcessadosLiquidadosInscritosEmExercicioAnteriorIntra" xlink:title="label: RestosAPagarProcessadosENaoProcessadosLiquidadosInscritosEmExercicioAnteriorIntra to label_RestosAPagarProcessadosENaoProcessadosLiquidadosInscritosEmExercicioAnteriorIntra"/>
    <link:loc xlink:type="locator" xlink:href="../../../cor/ic/siconfi-cor_2020-12-31.xsd#siconfi-cor_RestosAPagarProcessadosENaoProcessadosLiquidadosInscritosEmExerciciosAnteriores" xlink:label="RestosAPagarProcessadosENaoProcessadosLiquidadosInscritosEmExerciciosAnteriores" xlink:title="RestosAPagarProcessadosENaoProcessadosLiquidadosInscritosEmExerciciosAnteriores"/>
    <link:label xlink:type="resource" xlink:label="label_RestosAPagarProcessadosENaoProcessadosLiquidadosInscritosEmExerciciosAnteriores" xlink:role="http://www.xbrl.org/2003/role/label" xlink:title="label_RestosAPagarProcessadosENaoProcessadosLiquidadosInscritosEmExerciciosAnteriores" xml:lang="pt-br" id="label_RestosAPagarProcessadosENaoProcessadosLiquidadosInscritosEmExerciciosAnteriores">Em Exercícios Anteriores (a)</link:label>
    <link:labelArc xlink:type="arc" xlink:arcrole="http://www.xbrl.org/2003/arcrole/concept-label" xlink:from="RestosAPagarProcessadosENaoProcessadosLiquidadosInscritosEmExerciciosAnteriores" xlink:to="label_RestosAPagarProcessadosENaoProcessadosLiquidadosInscritosEmExerciciosAnteriores" xlink:title="label: RestosAPagarProcessadosENaoProcessadosLiquidadosInscritosEmExerciciosAnteriores to label_RestosAPagarProcessadosENaoProcessadosLiquidadosInscritosEmExerciciosAnteriores"/>
    <link:loc xlink:type="locator" xlink:href="../../../cor/ic/siconfi-cor_2020-12-31.xsd#siconfi-cor_RestosAPagarProcessadosENaoProcessadosLiquidadosInscritosEmExerciciosAnterioresIntra" xlink:label="RestosAPagarProcessadosENaoProcessadosLiquidadosInscritosEmExerciciosAnterioresIntra" xlink:title="RestosAPagarProcessadosENaoProcessadosLiquidadosInscritosEmExerciciosAnterioresIntra"/>
    <link:label xlink:type="resource" xlink:label="label_RestosAPagarProcessadosENaoProcessadosLiquidadosInscritosEmExerciciosAnterioresIntra" xlink:role="http://www.xbrl.org/2003/role/label" xlink:title="label_RestosAPagarProcessadosENaoProcessadosLiquidadosInscritosEmExerciciosAnterioresIntra" xml:lang="pt-br" id="label_RestosAPagarProcessadosENaoProcessadosLiquidadosInscritosEmExerciciosAnterioresIntra">Em Exercícios Anteriores (a)</link:label>
    <link:labelArc xlink:type="arc" xlink:arcrole="http://www.xbrl.org/2003/arcrole/concept-label" xlink:from="RestosAPagarProcessadosENaoProcessadosLiquidadosInscritosEmExerciciosAnterioresIntra" xlink:to="label_RestosAPagarProcessadosENaoProcessadosLiquidadosInscritosEmExerciciosAnterioresIntra" xlink:title="label: RestosAPagarProcessadosENaoProcessadosLiquidadosInscritosEmExerciciosAnterioresIntra to label_RestosAPagarProcessadosENaoProcessadosLiquidadosInscritosEmExerciciosAnterioresIntra"/>
    <link:loc xlink:type="locator" xlink:href="../../../cor/ic/siconfi-cor_2020-12-31.xsd#siconfi-cor_RestosAPagarProcessadosENaoProcessadosLiquidadosPagos" xlink:label="RestosAPagarProcessadosENaoProcessadosLiquidadosPagos" xlink:title="RestosAPagarProcessadosENaoProcessadosLiquidadosPagos"/>
    <link:label xlink:type="resource" xlink:label="label_RestosAPagarProcessadosENaoProcessadosLiquidadosPagos" xlink:role="http://www.xbrl.org/2003/role/label" xlink:title="label_RestosAPagarProcessadosENaoProcessadosLiquidadosPagos" xml:lang="pt-br" id="label_RestosAPagarProcessadosENaoProcessadosLiquidadosPagos">Pagos (c)</link:label>
    <link:labelArc xlink:type="arc" xlink:arcrole="http://www.xbrl.org/2003/arcrole/concept-label" xlink:from="RestosAPagarProcessadosENaoProcessadosLiquidadosPagos" xlink:to="label_RestosAPagarProcessadosENaoProcessadosLiquidadosPagos" xlink:title="label: RestosAPagarProcessadosENaoProcessadosLiquidadosPagos to label_RestosAPagarProcessadosENaoProcessadosLiquidadosPagos"/>
    <link:loc xlink:type="locator" xlink:href="../../../cor/ic/siconfi-cor_2020-12-31.xsd#siconfi-cor_RestosAPagarProcessadosENaoProcessadosLiquidadosPagosIntra" xlink:label="RestosAPagarProcessadosENaoProcessadosLiquidadosPagosIntra" xlink:title="RestosAPagarProcessadosENaoProcessadosLiquidadosPagosIntra"/>
    <link:label xlink:type="resource" xlink:label="label_RestosAPagarProcessadosENaoProcessadosLiquidadosPagosIntra" xlink:role="http://www.xbrl.org/2003/role/label" xlink:title="label_RestosAPagarProcessadosENaoProcessadosLiquidadosPagosIntra" xml:lang="pt-br" id="label_RestosAPagarProcessadosENaoProcessadosLiquidadosPagosIntra">Pagos (c)</link:label>
    <link:labelArc xlink:type="arc" xlink:arcrole="http://www.xbrl.org/2003/arcrole/concept-label" xlink:from="RestosAPagarProcessadosENaoProcessadosLiquidadosPagosIntra" xlink:to="label_RestosAPagarProcessadosENaoProcessadosLiquidadosPagosIntra" xlink:title="label: RestosAPagarProcessadosENaoProcessadosLiquidadosPagosIntra to label_RestosAPagarProcessadosENaoProcessadosLiquidadosPagosIntra"/>
    <link:loc xlink:type="locator" xlink:href="../../../cor/ic/siconfi-cor_2020-12-31.xsd#siconfi-cor_SaldoTotal" xlink:label="SaldoTotal" xlink:title="SaldoTotal"/>
    <link:label xlink:type="resource" xlink:label="label_SaldoTotal" xlink:role="http://www.xbrl.org/2003/role/label" xlink:title="label_SaldoTotal" xml:lang="pt-br" id="label_SaldoTotal">Saldo Total L = (e + k)</link:label>
    <link:labelArc xlink:type="arc" xlink:arcrole="http://www.xbrl.org/2003/arcrole/concept-label" xlink:from="SaldoTotal" xlink:to="label_SaldoTotal" xlink:title="label: SaldoTotal to label_SaldoTotal"/>
    <link:loc xlink:type="locator" xlink:href="../../../cor/ic/siconfi-cor_2020-12-31.xsd#siconfi-cor_SaldoTotalIntra" xlink:label="SaldoTotalIntra" xlink:title="SaldoTotalIntra"/>
    <link:label xlink:type="resource" xlink:label="label_SaldoTotalIntra" xlink:role="http://www.xbrl.org/2003/role/label" xlink:title="label_SaldoTotalIntra" xml:lang="pt-br" id="label_SaldoTotalIntra">Saldo Total L = (e + k)</link:label>
    <link:labelArc xlink:type="arc" xlink:arcrole="http://www.xbrl.org/2003/arcrole/concept-label" xlink:from="SaldoTotalIntra" xlink:to="label_SaldoTotalIntra" xlink:title="label: SaldoTotalIntra to label_SaldoTotalIntra"/>
    <link:loc xlink:type="locator" xlink:href="../../../cor/ic/siconfi-cor_2020-12-31.xsd#siconfi-cor_FonteAnexo7Tabela7.0RREO" xlink:label="FonteAnexo7Tabela7.0RREO" xlink:title="FonteAnexo7Tabela7.0RREO"/>
    <link:label xlink:type="resource" xlink:label="label_FonteAnexo7Tabela7.0RREO" xlink:role="http://www.xbrl.org/2003/role/label" xlink:title="label_FonteAnexo7Tabela7.0RREO" xml:lang="pt-br" id="label_FonteAnexo7Tabela7.0RREO">Notas Explicativas</link:label>
    <link:labelArc xlink:type="arc" xlink:arcrole="http://www.xbrl.org/2003/arcrole/concept-label" xlink:from="FonteAnexo7Tabela7.0RREO" xlink:to="label_FonteAnexo7Tabela7.0RREO" xlink:title="label: FonteAnexo7Tabela7.0RREO to label_FonteAnexo7Tabela7.0RREO"/>
    <link:loc xlink:type="locator" xlink:href="siconfi-rreo-anexo7distritofederal_2020-12-31.xsd#siconfi-rreo-anexo7distritofederal_PoderOrgaoAbstract" xlink:label="PoderOrgaoAbstract" xlink:title="PoderOrgaoAbstract"/>
    <link:label xlink:type="resource" xlink:label="label_PoderOrgaoAbstract" xlink:role="http://www.xbrl.org/2003/role/label" xlink:title="label_PoderOrgaoAbstract" xml:lang="pt-br" id="label_PoderOrgaoAbstract">[001] Poder/Órgão [abstract]</link:label>
    <link:labelArc xlink:type="arc" xlink:arcrole="http://www.xbrl.org/2003/arcrole/concept-label" xlink:from="PoderOrgaoAbstract" xlink:to="label_PoderOrgaoAbstract" xlink:title="label: PoderOrgaoAbstract to label_PoderOrgaoAbstract"/>
    <link:loc xlink:type="locator" xlink:href="siconfi-rreo-anexo7distritofederal_2020-12-31.xsd#siconfi-rreo-anexo7distritofederal_PoderOrgaoTable" xlink:label="PoderOrgaoTable" xlink:title="PoderOrgaoTable"/>
    <link:label xlink:type="resource" xlink:label="label_PoderOrgaoTable" xlink:role="http://www.xbrl.org/2003/role/label" xlink:title="label_PoderOrgaoTable" xml:lang="pt-br" id="label_PoderOrgaoTable">Restos a Pagar por Poder e Órgão [table]</link:label>
    <link:labelArc xlink:type="arc" xlink:arcrole="http://www.xbrl.org/2003/arcrole/concept-label" xlink:from="PoderOrgaoTable" xlink:to="label_PoderOrgaoTable" xlink:title="label: PoderOrgaoTable to label_PoderOrgaoTable"/>
    <link:loc xlink:type="locator" xlink:href="siconfi-rreo-anexo7distritofederal_2020-12-31.xsd#siconfi-rreo-anexo7distritofederal_DemonstrativoAnexo7Abstract" xlink:label="DemonstrativoAnexo7Abstract" xlink:title="DemonstrativoAnexo7Abstract"/>
    <link:label xlink:type="resource" xlink:label="label_DemonstrativoAnexo7Abstract" xlink:role="http://www.xbrl.org/2003/role/label" xlink:title="label_DemonstrativoAnexo7Abstract" xml:lang="pt-br" id="label_DemonstrativoAnexo7Abstract">RREO - Anexo 7 (LRF, art. 53, inciso V) [abstract]</link:label>
    <link:labelArc xlink:type="arc" xlink:arcrole="http://www.xbrl.org/2003/arcrole/concept-label" xlink:from="DemonstrativoAnexo7Abstract" xlink:to="label_DemonstrativoAnexo7Abstract" xlink:title="label: DemonstrativoAnexo7Abstract to label_DemonstrativoAnexo7Abstract"/>
    <link:loc xlink:type="locator" xlink:href="siconfi-rreo-anexo7distritofederal_2020-12-31.xsd#siconfi-rreo-anexo7distritofederal_PoderOrgaoLineItems" xlink:label="PoderOrgaoLineItems" xlink:title="PoderOrgaoLineItems"/>
    <link:label xlink:type="resource" xlink:label="label_PoderOrgaoLineItems" xlink:role="http://www.xbrl.org/2003/role/label" xlink:title="label_PoderOrgaoLineItems" xml:lang="pt-br" id="label_PoderOrgaoLineItems">[002] Poder/Órgão [line items]</link:label>
    <link:labelArc xlink:type="arc" xlink:arcrole="http://www.xbrl.org/2003/arcrole/concept-label" xlink:from="PoderOrgaoLineItems" xlink:to="label_PoderOrgaoLineItems" xlink:title="label: PoderOrgaoLineItems to label_PoderOrgaoLineItems"/>
    <link:loc xlink:type="locator" xlink:href="siconfi-rreo-anexo7distritofederal_2020-12-31.xsd#siconfi-rreo-anexo7distritofederal_RestosAPagarProcessadosAbstract" xlink:label="RestosAPagarProcessadosENaoProcessadosLiquidadosEmExerciciosAnterioresAbstract" xlink:title="RestosAPagarProcessadosENaoProcessadosLiquidadosEmExerciciosAnterioresAbstract"/>
    <link:label xlink:type="resource" xlink:label="label_RestosAPagarProcessadosENaoProcessadosLiquidadosEmExerciciosAnterioresAbstract" xlink:role="http://www.xbrl.org/2003/role/label" xlink:title="label_RestosAPagarProcessadosENaoProcessadosLiquidadosEmExerciciosAnterioresAbstract" xml:lang="pt-br" id="label_RestosAPagarProcessadosENaoProcessadosLiquidadosEmExerciciosAnterioresAbstract">[003] RESTOS A PAGAR PROCESSADOS [abstract]</link:label>
    <link:labelArc xlink:type="arc" xlink:arcrole="http://www.xbrl.org/2003/arcrole/concept-label" xlink:from="RestosAPagarProcessadosENaoProcessadosLiquidadosEmExerciciosAnterioresAbstract" xlink:to="label_RestosAPagarProcessadosENaoProcessadosLiquidadosEmExerciciosAnterioresAbstract" xlink:title="label: RestosAPagarProcessadosENaoProcessadosLiquidadosEmExerciciosAnterioresAbstract to label_RestosAPagarProcessadosENaoProcessadosLiquidadosEmExerciciosAnterioresAbstract"/>
    <link:loc xlink:type="locator" xlink:href="siconfi-rreo-anexo7distritofederal_2020-12-31.xsd#siconfi-rreo-anexo7distritofederal_RestosAPagarNaoProcessadosAbstract" xlink:label="RestosAPagarNaoProcessadosAbstract" xlink:title="RestosAPagarNaoProcessadosAbstract"/>
    <link:label xlink:type="resource" xlink:label="label_RestosAPagarNaoProcessadosAbstract" xlink:role="http://www.xbrl.org/2003/role/label" xlink:title="label_RestosAPagarNaoProcessadosAbstract" xml:lang="pt-br" id="label_RestosAPagarNaoProcessadosAbstract">[004] Restos a Pagar Não Processados [abstract]</link:label>
    <link:labelArc xlink:type="arc" xlink:arcrole="http://www.xbrl.org/2003/arcrole/concept-label" xlink:from="RestosAPagarNaoProcessadosAbstract" xlink:to="label_RestosAPagarNaoProcessadosAbstract" xlink:title="label: RestosAPagarNaoProcessadosAbstract to label_RestosAPagarNaoProcessadosAbstract"/>
    <link:loc xlink:type="locator" xlink:href="siconfi-rreo-anexo7distritofederal_2020-12-31.xsd#siconfi-rreo-anexo7distritofederal_RestosAPagarProcessadosENaoProcessadosLiquidadosEmExerciciosAnterioresInscritosAbstract" xlink:label="RestosAPagarProcessadosENaoProcessadosLiquidadosEmExerciciosAnterioresInscritosAbstract" xlink:title="RestosAPagarProcessadosENaoProcessadosLiquidadosEmExerciciosAnterioresInscritosAbstract"/>
    <link:label xlink:type="resource" xlink:label="label_RestosAPagarProcessadosENaoProcessadosLiquidadosEmExerciciosAnterioresInscritosAbstract" xlink:role="http://www.xbrl.org/2003/role/label" xlink:title="label_RestosAPagarProcessadosENaoProcessadosLiquidadosEmExerciciosAnterioresInscritosAbstract" xml:lang="pt-br" id="label_RestosAPagarProcessadosENaoProcessadosLiquidadosEmExerciciosAnterioresInscritosAbstract">[005] Inscritos [abstract]</link:label>
    <link:labelArc xlink:type="arc" xlink:arcrole="http://www.xbrl.org/2003/arcrole/concept-label" xlink:from="RestosAPagarProcessadosENaoProcessadosLiquidadosEmExerciciosAnterioresInscritosAbstract" xlink:to="label_RestosAPagarProcessadosENaoProcessadosLiquidadosEmExerciciosAnterioresInscritosAbstract" xlink:title="label: RestosAPagarProcessadosENaoProcessadosLiquidadosEmExerciciosAnterioresInscritosAbstract to label_RestosAPagarProcessadosENaoProcessadosLiquidadosEmExerciciosAnterioresInscritosAbstract"/>
    <link:loc xlink:type="locator" xlink:href="siconfi-rreo-anexo7distritofederal_2020-12-31.xsd#siconfi-rreo-anexo7distritofederal_RestosAPagarNaoProcessadosInscritosAbstract" xlink:label="RestosAPagarNaoProcessadosInscritosAbstract" xlink:title="RestosAPagarNaoProcessadosInscritosAbstract"/>
    <link:label xlink:type="resource" xlink:label="label_RestosAPagarNaoProcessadosInscritosAbstract" xlink:role="http://www.xbrl.org/2003/role/label" xlink:title="label_RestosAPagarNaoProcessadosInscritosAbstract" xml:lang="pt-br" id="label_RestosAPagarNaoProcessadosInscritosAbstract">[006] Inscritos [abstract]</link:label>
    <link:labelArc xlink:type="arc" xlink:arcrole="http://www.xbrl.org/2003/arcrole/concept-label" xlink:from="RestosAPagarNaoProcessadosInscritosAbstract" xlink:to="label_RestosAPagarNaoProcessadosInscritosAbstract" xlink:title="label: RestosAPagarNaoProcessadosInscritosAbstract to label_RestosAPagarNaoProcessadosInscritosAbstract"/>
    <link:loc xlink:type="locator" xlink:href="siconfi-rreo-anexo7distritofederal_2020-12-31.xsd#siconfi-rreo-anexo7distritofederal_FonteAnexo7Tabela7.0Abstract" xlink:label="FonteAnexo7Tabela7.0Abstract" xlink:title="FonteAnexo7Tabela7.0Abstract"/>
    <link:label xlink:type="resource" xlink:label="label_FonteAnexo7Tabela7.0Abstract" xlink:role="http://www.xbrl.org/2003/role/label" xlink:title="label_FonteAnexo7Tabela7.0Abstract" xml:lang="pt-br" id="label_FonteAnexo7Tabela7.0Abstract">[013] Notas Explicativas [abstract] [NOTA]</link:label>
    <link:labelArc xlink:type="arc" xlink:arcrole="http://www.xbrl.org/2003/arcrole/concept-label" xlink:from="FonteAnexo7Tabela7.0Abstract" xlink:to="label_FonteAnexo7Tabela7.0Abstract" xlink:title="label: FonteAnexo7Tabela7.0Abstract to label_FonteAnexo7Tabela7.0Abstract"/>
    <link:loc xlink:type="locator" xlink:href="siconfi-rreo-anexo7distritofederal_2020-12-31.xsd#siconfi-rreo-anexo7distritofederal_FonteAnexo7Tabela7.0LineItems" xlink:label="FonteAnexo7Tabela7.0LineItems" xlink:title="FonteAnexo7Tabela7.0LineItems"/>
    <link:label xlink:type="resource" xlink:label="label_FonteAnexo7Tabela7.0LineItems" xlink:role="http://www.xbrl.org/2003/role/label" xlink:title="label_FonteAnexo7Tabela7.0LineItems" xml:lang="pt-br" id="label_FonteAnexo7Tabela7.0LineItems">[014] Notas Explicativas [line items]</link:label>
    <link:labelArc xlink:type="arc" xlink:arcrole="http://www.xbrl.org/2003/arcrole/concept-label" xlink:from="FonteAnexo7Tabela7.0LineItems" xlink:to="label_FonteAnexo7Tabela7.0LineItems" xlink:title="label: FonteAnexo7Tabela7.0LineItems to label_FonteAnexo7Tabela7.0LineItems"/>
    <link:loc xlink:type="locator" xlink:href="siconfi-rreo-anexo7distritofederal_2020-12-31.xsd#siconfi-rreo-anexo7distritofederal_PoderOrgaoIntraTable" xlink:label="PoderOrgaoIntraTable" xlink:title="PoderOrgaoIntraTable"/>
    <link:label xlink:type="resource" xlink:label="label_PoderOrgaoIntraTable" xlink:role="http://www.xbrl.org/2003/role/label" xlink:title="label_PoderOrgaoIntraTable" xml:lang="pt-br" id="label_PoderOrgaoIntraTable_2">Restos a Pagar por Poder e Órgão - Intra [table]</link:label>
    <link:labelArc xlink:type="arc" xlink:arcrole="http://www.xbrl.org/2003/arcrole/concept-label" xlink:from="PoderOrgaoIntraTable" xlink:to="label_PoderOrgaoIntraTable" xlink:title="label: PoderOrgaoIntraTable to label_PoderOrgaoIntraTable"/>
    <link:loc xlink:type="locator" xlink:href="siconfi-rreo-anexo7distritofederal_2020-12-31.xsd#siconfi-rreo-anexo7distritofederal_PoderOrgaoIntraAbstract" xlink:label="PoderOrgaoIntraAbstract" xlink:title="PoderOrgaoIntraAbstract"/>
    <link:label xlink:type="resource" xlink:label="label_PoderOrgaoIntraAbstract" xlink:role="http://www.xbrl.org/2003/role/label" xlink:title="label_PoderOrgaoIntraAbstract" xml:lang="pt-br" id="label_PoderOrgaoIntraAbstract">[007] Poder/Órgão - Intra [Abstract]</link:label>
    <link:labelArc xlink:type="arc" xlink:arcrole="http://www.xbrl.org/2003/arcrole/concept-label" xlink:from="PoderOrgaoIntraAbstract" xlink:to="label_PoderOrgaoIntraAbstract" xlink:title="label: PoderOrgaoIntraAbstract to label_PoderOrgaoIntraAbstract"/>
    <link:loc xlink:type="locator" xlink:href="siconfi-rreo-anexo7distritofederal_2020-12-31.xsd#siconfi-rreo-anexo7distritofederal_PoderOrgaoIntraLineItems" xlink:label="PoderOrgaoIntraLineItems" xlink:title="PoderOrgaoIntraLineItems"/>
    <link:label xlink:type="resource" xlink:label="label_PoderOrgaoIntraLineItems" xlink:role="http://www.xbrl.org/2003/role/label" xlink:title="label_PoderOrgaoIntraLineItems" xml:lang="pt-br" id="label_PoderOrgaoIntraLineItems">[008] Poder/Órgão Intra [Line Items]</link:label>
    <link:labelArc xlink:type="arc" xlink:arcrole="http://www.xbrl.org/2003/arcrole/concept-label" xlink:from="PoderOrgaoIntraLineItems" xlink:to="label_PoderOrgaoIntraLineItems" xlink:title="label: PoderOrgaoIntraLineItems to label_PoderOrgaoIntraLineItems"/>
    <link:loc xlink:type="locator" xlink:href="siconfi-rreo-anexo7distritofederal_2020-12-31.xsd#siconfi-rreo-anexo7distritofederal_RestosAPagarProcessadoIntraAbstract" xlink:label="RestosAPagarProcessadosENaoProcessadosLiquidadosEmExerciciosAnterioresIntraAbstract" xlink:title="RestosAPagarProcessadosENaoProcessadosLiquidadosEmExerciciosAnterioresIntraAbstract"/>
    <link:label xlink:type="resource" xlink:label="label_RestosAPagarProcessadosENaoProcessadosLiquidadosEmExerciciosAnterioresIntraAbstract" xlink:role="http://www.xbrl.org/2003/role/label" xlink:title="label_RestosAPagarProcessadosENaoProcessadosLiquidadosEmExerciciosAnterioresIntraAbstract" xml:lang="pt-br" id="label_RestosAPagarProcessadosENaoProcessadosLiquidadosEmExerciciosAnterioresIntraAbstract">[009] RESTOS A PAGAR PROCESSADOS [abstract] </link:label>
    <link:labelArc xlink:type="arc" xlink:arcrole="http://www.xbrl.org/2003/arcrole/concept-label" xlink:from="RestosAPagarProcessadosENaoProcessadosLiquidadosEmExerciciosAnterioresIntraAbstract" xlink:to="label_RestosAPagarProcessadosENaoProcessadosLiquidadosEmExerciciosAnterioresIntraAbstract" xlink:title="label: RestosAPagarProcessadosENaoProcessadosLiquidadosEmExerciciosAnterioresIntraAbstract to label_RestosAPagarProcessadosENaoProcessadosLiquidadosEmExerciciosAnterioresIntraAbstract"/>
    <link:loc xlink:type="locator" xlink:href="siconfi-rreo-anexo7distritofederal_2020-12-31.xsd#siconfi-rreo-anexo7distritofederal_RestosAPagarProcessadosENaoProcessadosLiquidadosEmExerciciosAnterioresInscritosIntraAbstract" xlink:label="RestosAPagarProcessadosENaoProcessadosLiquidadosEmExerciciosAnterioresInscritosIntraAbstract" xlink:title="RestosAPagarProcessadosENaoProcessadosLiquidadosEmExerciciosAnterioresInscritosIntraAbstract"/>
    <link:label xlink:type="resource" xlink:label="label_RestosAPagarProcessadosENaoProcessadosLiquidadosEmExerciciosAnterioresInscritosIntraAbstract" xlink:role="http://www.xbrl.org/2003/role/label" xlink:title="label_RestosAPagarProcessadosENaoProcessadosLiquidadosEmExerciciosAnterioresInscritosIntraAbstract" xml:lang="pt-br" id="label_RestosAPagarProcessadosENaoProcessadosLiquidadosEmExerciciosAnterioresInscritosIntraAbstract">[011] Inscritos [abstract]</link:label>
    <link:labelArc xlink:type="arc" xlink:arcrole="http://www.xbrl.org/2003/arcrole/concept-label" xlink:from="RestosAPagarProcessadosENaoProcessadosLiquidadosEmExerciciosAnterioresInscritosIntraAbstract" xlink:to="label_RestosAPagarProcessadosENaoProcessadosLiquidadosEmExerciciosAnterioresInscritosIntraAbstract" xlink:title="label: RestosAPagarProcessadosENaoProcessadosLiquidadosEmExerciciosAnterioresInscritosIntraAbstract to label_RestosAPagarProcessadosENaoProcessadosLiquidadosEmExerciciosAnterioresInscritosIntraAbstract"/>
    <link:loc xlink:type="locator" xlink:href="siconfi-rreo-anexo7distritofederal_2020-12-31.xsd#siconfi-rreo-anexo7distritofederal_RestosAPagarNaoProcessadosIntraAbstract" xlink:label="RestosAPagarNaoProcessadosIntraAbstract" xlink:title="RestosAPagarNaoProcessadosIntraAbstract"/>
    <link:label xlink:type="resource" xlink:label="label_RestosAPagarNaoProcessadosIntraAbstract" xlink:role="http://www.xbrl.org/2003/role/label" xlink:title="label_RestosAPagarNaoProcessadosIntraAbstract" xml:lang="pt-br" id="label_RestosAPagarNaoProcessadosIntraAbstract">[010] Restos a Pagar Não Processados [abstract]</link:label>
    <link:labelArc xlink:type="arc" xlink:arcrole="http://www.xbrl.org/2003/arcrole/concept-label" xlink:from="RestosAPagarNaoProcessadosIntraAbstract" xlink:to="label_RestosAPagarNaoProcessadosIntraAbstract" xlink:title="label: RestosAPagarNaoProcessadosIntraAbstract to label_RestosAPagarNaoProcessadosIntraAbstract"/>
    <link:loc xlink:type="locator" xlink:href="siconfi-rreo-anexo7distritofederal_2020-12-31.xsd#siconfi-rreo-anexo7distritofederal_RestosAPagarNaoProcessadosInscritosIntraAbstract" xlink:label="RestosAPagarNaoProcessadosInscritosIntraAbstract" xlink:title="RestosAPagarNaoProcessadosInscritosIntraAbstract"/>
    <link:label xlink:type="resource" xlink:label="label_RestosAPagarNaoProcessadosInscritosIntraAbstract" xlink:role="http://www.xbrl.org/2003/role/label" xlink:title="label_RestosAPagarNaoProcessadosInscritosIntraAbstract" xml:lang="pt-br" id="label_RestosAPagarNaoProcessadosInscritosIntraAbstract">[012] Inscritos [abstract]</link:label>
    <link:labelArc xlink:type="arc" xlink:arcrole="http://www.xbrl.org/2003/arcrole/concept-label" xlink:from="RestosAPagarNaoProcessadosInscritosIntraAbstract" xlink:to="label_RestosAPagarNaoProcessadosInscritosIntraAbstract" xlink:title="label: RestosAPagarNaoProcessadosInscritosIntraAbstract to label_RestosAPagarNaoProcessadosInscritosIntraAbstract"/>
  </link:labelLink>
</link:linkbase>
