<?xml version="1.0" encoding="UTF-8"?>
<!-- Generated by Fujitsu Interstage XWand B0196 -->
<link:linkbase xmlns:xsi="http://www.w3.org/2001/XMLSchema-instance" xsi:schemaLocation="http://www.xbrl.org/2003/linkbase http://www.xbrl.org/2003/xbrl-linkbase-2003-12-31.xsd" xmlns:link="http://www.xbrl.org/2003/linkbase" xmlns:xbrli="http://www.xbrl.org/2003/instance" xmlns:xlink="http://www.w3.org/1999/xlink" xmlns:xbrldt="http://xbrl.org/2005/xbrldt">
  <link:roleRef roleURI="http://fazenda.gov.br/siconfi/rep/rgf/anexo2uniao/siconfi-rgf-anexo2-tabela2.6" xlink:type="simple" xlink:href="siconfi-rgf-anexo2uniao_2020-12-31.xsd#siconfi-rgf-anexo2-tabela2.6"/>
  <link:arcroleRef arcroleURI="http://xbrl.org/int/dim/arcrole/all" xlink:type="simple" xlink:href="http://www.xbrl.org/2005/xbrldt-2005.xsd#all"/>
  <link:arcroleRef arcroleURI="http://xbrl.org/int/dim/arcrole/domain-member" xlink:type="simple" xlink:href="http://www.xbrl.org/2005/xbrldt-2005.xsd#domain-member"/>
  <link:arcroleRef arcroleURI="http://xbrl.org/int/dim/arcrole/hypercube-dimension" xlink:type="simple" xlink:href="http://www.xbrl.org/2005/xbrldt-2005.xsd#hypercube-dimension"/>
  <link:arcroleRef arcroleURI="http://xbrl.org/int/dim/arcrole/dimension-domain" xlink:type="simple" xlink:href="http://www.xbrl.org/2005/xbrldt-2005.xsd#dimension-domain"/>
  <link:arcroleRef arcroleURI="http://xbrl.org/int/dim/arcrole/notAll" xlink:type="simple" xlink:href="http://www.xbrl.org/2005/xbrldt-2005.xsd#notAll"/>
  <link:definitionLink xlink:type="extended" xlink:role="http://fazenda.gov.br/siconfi/rep/rgf/anexo2uniao/siconfi-rgf-anexo2-tabela2.6">
    <link:loc xlink:type="locator" xlink:href="siconfi-rgf-anexo2uniao_2020-12-31.xsd#siconfi-rgf-anexo2uniao_CalculoDaDividaConsolidadaLiquidaAbstract" xlink:label="CalculoDaDividaConsolidadaLiquidaAbstract" xlink:title="CalculoDaDividaConsolidadaLiquidaAbstract"/>
    <link:loc xlink:type="locator" xlink:href="siconfi-rgf-anexo2uniao_2020-12-31.xsd#siconfi-rgf-anexo2uniao_CalculoDaDividaConsolidadaLiquidaLineItems" xlink:label="CalculoDaDividaConsolidadaLiquidaLineItems" xlink:title="CalculoDaDividaConsolidadaLiquidaLineItems"/>
    <link:definitionArc xlink:type="arc" xlink:arcrole="http://xbrl.org/int/dim/arcrole/domain-member" xlink:from="CalculoDaDividaConsolidadaLiquidaAbstract" xlink:to="CalculoDaDividaConsolidadaLiquidaLineItems" xlink:title="definition: CalculoDaDividaConsolidadaLiquidaAbstract to CalculoDaDividaConsolidadaLiquidaLineItems" order="1.0"/>
    <link:loc xlink:type="locator" xlink:href="../../../cor/ic/siconfi-cor_2020-12-31.xsd#siconfi-cor_DividaConsolidada" xlink:label="DividaConsolidada" xlink:title="DividaConsolidada"/>
    <link:definitionArc xlink:type="arc" xlink:arcrole="http://xbrl.org/int/dim/arcrole/domain-member" xlink:from="CalculoDaDividaConsolidadaLiquidaLineItems" xlink:to="DividaConsolidada" xlink:title="definition: CalculoDaDividaConsolidadaLiquidaLineItems to DividaConsolidada" order="1.0"/>
    <link:loc xlink:type="locator" xlink:href="../../../cor/ic/siconfi-cor_2020-12-31.xsd#siconfi-cor_DividaMobiliaria" xlink:label="DividaMobiliaria" xlink:title="DividaMobiliaria"/>
    <link:definitionArc xlink:type="arc" xlink:arcrole="http://xbrl.org/int/dim/arcrole/domain-member" xlink:from="DividaConsolidada" xlink:to="DividaMobiliaria" xlink:title="definition: DividaConsolidada to DividaMobiliaria" order="1.0"/>
    <link:loc xlink:type="locator" xlink:href="../../../cor/ic/siconfi-cor_2020-12-31.xsd#siconfi-cor_DividaMobiliariaDoTnInternaEmMercado" xlink:label="DividaMobiliariaDoTnInternaEmMercado" xlink:title="DividaMobiliariaDoTnInternaEmMercado"/>
    <link:definitionArc xlink:type="arc" xlink:arcrole="http://xbrl.org/int/dim/arcrole/domain-member" xlink:from="DividaMobiliaria" xlink:to="DividaMobiliariaDoTnInternaEmMercado" xlink:title="definition: DividaMobiliaria to DividaMobiliariaDoTnInternaEmMercado" order="1.0"/>
    <link:loc xlink:type="locator" xlink:href="../../../cor/ic/siconfi-cor_2020-12-31.xsd#siconfi-cor_AplicacoesEmTitulosPublicos" xlink:label="AplicacoesEmTitulosPublicos" xlink:title="AplicacoesEmTitulosPublicos"/>
    <link:definitionArc xlink:type="arc" xlink:arcrole="http://xbrl.org/int/dim/arcrole/domain-member" xlink:from="DividaMobiliaria" xlink:to="AplicacoesEmTitulosPublicos" xlink:title="definition: DividaMobiliaria to AplicacoesEmTitulosPublicos" order="2.0"/>
    <link:loc xlink:type="locator" xlink:href="../../../cor/ic/siconfi-cor_2020-12-31.xsd#siconfi-cor_DividaMobiliariaDoTnInternaEmCarteiraBCB" xlink:label="DividaMobiliariaDoTnInternaEmCarteiraBCB" xlink:title="DividaMobiliariaDoTnInternaEmCarteiraBCB"/>
    <link:definitionArc xlink:type="arc" xlink:arcrole="http://xbrl.org/int/dim/arcrole/domain-member" xlink:from="DividaMobiliaria" xlink:to="DividaMobiliariaDoTnInternaEmCarteiraBCB" xlink:title="definition: DividaMobiliaria to DividaMobiliariaDoTnInternaEmCarteiraBCB" order="3.0"/>
    <link:loc xlink:type="locator" xlink:href="../../../cor/ic/siconfi-cor_2020-12-31.xsd#siconfi-cor_DividaSecuritizada" xlink:label="DividaSecuritizada" xlink:title="DividaSecuritizada"/>
    <link:definitionArc xlink:type="arc" xlink:arcrole="http://xbrl.org/int/dim/arcrole/domain-member" xlink:from="DividaMobiliaria" xlink:to="DividaSecuritizada" xlink:title="definition: DividaMobiliaria to DividaSecuritizada" order="4.0"/>
    <link:loc xlink:type="locator" xlink:href="../../../cor/ic/siconfi-cor_2020-12-31.xsd#siconfi-cor_DividaMobiliariaExterna" xlink:label="DividaMobiliariaExterna" xlink:title="DividaMobiliariaExterna"/>
    <link:definitionArc xlink:type="arc" xlink:arcrole="http://xbrl.org/int/dim/arcrole/domain-member" xlink:from="DividaMobiliaria" xlink:to="DividaMobiliariaExterna" xlink:title="definition: DividaMobiliaria to DividaMobiliariaExterna" order="5.0"/>
    <link:loc xlink:type="locator" xlink:href="../../../cor/ic/siconfi-cor_2020-12-31.xsd#siconfi-cor_OperacoesDeEqualizacaoCambial" xlink:label="OperacoesDeEqualizacaoCambial" xlink:title="OperacoesDeEqualizacaoCambial"/>
    <link:definitionArc xlink:type="arc" xlink:arcrole="http://xbrl.org/int/dim/arcrole/domain-member" xlink:from="DividaMobiliaria" xlink:to="OperacoesDeEqualizacaoCambial" xlink:title="definition: DividaMobiliaria to OperacoesDeEqualizacaoCambial" order="6.0"/>
    <link:loc xlink:type="locator" xlink:href="../../../cor/ic/siconfi-cor_2020-12-31.xsd#siconfi-cor_DividaContratual" xlink:label="DividaContratual" xlink:title="DividaContratual"/>
    <link:definitionArc xlink:type="arc" xlink:arcrole="http://xbrl.org/int/dim/arcrole/domain-member" xlink:from="DividaConsolidada" xlink:to="DividaContratual" xlink:title="definition: DividaConsolidada to DividaContratual" order="2.0"/>
    <link:loc xlink:type="locator" xlink:href="../../../cor/ic/siconfi-cor_2020-12-31.xsd#siconfi-cor_PrecatoriosPosterioresA05052000VencidosENaoPagos" xlink:label="PrecatoriosPosterioresA05052000VencidosENaoPagos" xlink:title="PrecatoriosPosterioresA05052000VencidosENaoPagos"/>
    <link:definitionArc xlink:type="arc" xlink:arcrole="http://xbrl.org/int/dim/arcrole/domain-member" xlink:from="DividaConsolidada" xlink:to="PrecatoriosPosterioresA05052000VencidosENaoPagos" xlink:title="definition: DividaConsolidada to PrecatoriosPosterioresA05052000VencidosENaoPagos" order="3.0"/>
    <link:loc xlink:type="locator" xlink:href="../../../cor/ic/siconfi-cor_2020-12-31.xsd#siconfi-cor_DividaAssumidaPelaUniao" xlink:label="DividaAssumidaPelaUniao" xlink:title="DividaAssumidaPelaUniao"/>
    <link:definitionArc xlink:type="arc" xlink:arcrole="http://xbrl.org/int/dim/arcrole/domain-member" xlink:from="DividaConsolidada" xlink:to="DividaAssumidaPelaUniao" xlink:title="definition: DividaConsolidada to DividaAssumidaPelaUniao" order="4.0"/>
    <link:loc xlink:type="locator" xlink:href="../../../cor/ic/siconfi-cor_2020-12-31.xsd#siconfi-cor_OutrasDividas" xlink:label="OutrasDividas" xlink:title="OutrasDividas"/>
    <link:definitionArc xlink:type="arc" xlink:arcrole="http://xbrl.org/int/dim/arcrole/domain-member" xlink:from="DividaConsolidada" xlink:to="OutrasDividas" xlink:title="definition: DividaConsolidada to OutrasDividas" order="5.0"/>
    <link:loc xlink:type="locator" xlink:href="../../../cor/ic/siconfi-cor_2020-12-31.xsd#siconfi-cor_DemaisDividas" xlink:label="DemaisDividas" xlink:title="DemaisDividas"/>
    <link:definitionArc xlink:type="arc" xlink:arcrole="http://xbrl.org/int/dim/arcrole/domain-member" xlink:from="OutrasDividas" xlink:to="DemaisDividas" xlink:title="definition: OutrasDividas to DemaisDividas" order="2.0"/>
    <link:loc xlink:type="locator" xlink:href="../../../cor/ic/siconfi-cor_2020-12-31.xsd#siconfi-cor_PassivosReconhecidosComInsfucienciaDeCreditosOuRecursos" xlink:label="PassivosReconhecidosComInsfucienciaDeCreditosOuRecursos" xlink:title="PassivosReconhecidosComInsfucienciaDeCreditosOuRecursos"/>
    <link:definitionArc xlink:type="arc" xlink:arcrole="http://xbrl.org/int/dim/arcrole/domain-member" xlink:from="OutrasDividas" xlink:to="PassivosReconhecidosComInsfucienciaDeCreditosOuRecursos" xlink:title="definition: OutrasDividas to PassivosReconhecidosComInsfucienciaDeCreditosOuRecursos" order="1.0"/>
    <link:loc xlink:type="locator" xlink:href="../../../cor/ic/siconfi-cor_2020-12-31.xsd#siconfi-cor_DeducoesDaDividaConsolidada" xlink:label="DeducoesDaDividaConsolidada" xlink:title="DeducoesDaDividaConsolidada"/>
    <link:definitionArc xlink:type="arc" xlink:arcrole="http://xbrl.org/int/dim/arcrole/domain-member" xlink:from="CalculoDaDividaConsolidadaLiquidaLineItems" xlink:to="DeducoesDaDividaConsolidada" xlink:title="definition: CalculoDaDividaConsolidadaLiquidaLineItems to DeducoesDaDividaConsolidada" order="2.0"/>
    <link:loc xlink:type="locator" xlink:href="../../../cor/ic/siconfi-cor_2020-12-31.xsd#siconfi-cor_AtivoDisponivel" xlink:label="AtivoDisponivel" xlink:title="AtivoDisponivel"/>
    <link:definitionArc xlink:type="arc" xlink:arcrole="http://xbrl.org/int/dim/arcrole/domain-member" xlink:from="DeducoesDaDividaConsolidada" xlink:to="AtivoDisponivel" xlink:title="definition: DeducoesDaDividaConsolidada to AtivoDisponivel" order="1.0"/>
    <link:loc xlink:type="locator" xlink:href="../../../cor/ic/siconfi-cor_2020-12-31.xsd#siconfi-cor_DepositosDoTNNoBCB" xlink:label="DepositosDoTNNoBCB" xlink:title="DepositosDoTNNoBCB"/>
    <link:definitionArc xlink:type="arc" xlink:arcrole="http://xbrl.org/int/dim/arcrole/domain-member" xlink:from="AtivoDisponivel" xlink:to="DepositosDoTNNoBCB" xlink:title="definition: AtivoDisponivel to DepositosDoTNNoBCB" order="1.0"/>
    <link:loc xlink:type="locator" xlink:href="../../../cor/ic/siconfi-cor_2020-12-31.xsd#siconfi-cor_DepositosAVista" xlink:label="DepositosAVista" xlink:title="DepositosAVista"/>
    <link:definitionArc xlink:type="arc" xlink:arcrole="http://xbrl.org/int/dim/arcrole/domain-member" xlink:from="AtivoDisponivel" xlink:to="DepositosAVista" xlink:title="definition: AtivoDisponivel to DepositosAVista" order="2.0"/>
    <link:loc xlink:type="locator" xlink:href="../../../cor/ic/siconfi-cor_2020-12-31.xsd#siconfi-cor_ArrecadacaoARecolher" xlink:label="ArrecadacaoARecolher" xlink:title="ArrecadacaoARecolher"/>
    <link:definitionArc xlink:type="arc" xlink:arcrole="http://xbrl.org/int/dim/arcrole/domain-member" xlink:from="AtivoDisponivel" xlink:to="ArrecadacaoARecolher" xlink:title="definition: AtivoDisponivel to ArrecadacaoARecolher" order="3.0"/>
    <link:loc xlink:type="locator" xlink:href="../../../cor/ic/siconfi-cor_2020-12-31.xsd#siconfi-cor_DemaisHaveresFinanceiros" xlink:label="DemaisHaveresFinanceiros" xlink:title="DemaisHaveresFinanceiros"/>
    <link:definitionArc xlink:type="arc" xlink:arcrole="http://xbrl.org/int/dim/arcrole/domain-member" xlink:from="DeducoesDaDividaConsolidada" xlink:to="DemaisHaveresFinanceiros" xlink:title="definition: DeducoesDaDividaConsolidada to DemaisHaveresFinanceiros" order="2.0"/>
    <link:loc xlink:type="locator" xlink:href="../../../cor/ic/siconfi-cor_2020-12-31.xsd#siconfi-cor_AplicacoesFinanceiras" xlink:label="AplicacoesFinanceiras" xlink:title="AplicacoesFinanceiras"/>
    <link:definitionArc xlink:type="arc" xlink:arcrole="http://xbrl.org/int/dim/arcrole/domain-member" xlink:from="DemaisHaveresFinanceiros" xlink:to="AplicacoesFinanceiras" xlink:title="definition: DemaisHaveresFinanceiros to AplicacoesFinanceiras" order="1.0"/>
    <link:loc xlink:type="locator" xlink:href="../../../cor/ic/siconfi-cor_2020-12-31.xsd#siconfi-cor_DisponibilidadesDoFAT" xlink:label="DisponibilidadesDoFAT" xlink:title="DisponibilidadesDoFAT"/>
    <link:definitionArc xlink:type="arc" xlink:arcrole="http://xbrl.org/int/dim/arcrole/domain-member" xlink:from="AplicacoesFinanceiras" xlink:to="DisponibilidadesDoFAT" xlink:title="definition: AplicacoesFinanceiras to DisponibilidadesDoFAT" order="1.0"/>
    <link:loc xlink:type="locator" xlink:href="../../../cor/ic/siconfi-cor_2020-12-31.xsd#siconfi-cor_AplicacoesDeFundosDiversosJuntoAoSetorPrivado" xlink:label="AplicacoesDeFundosDiversosJuntoAoSetorPrivado" xlink:title="AplicacoesDeFundosDiversosJuntoAoSetorPrivado"/>
    <link:definitionArc xlink:type="arc" xlink:arcrole="http://xbrl.org/int/dim/arcrole/domain-member" xlink:from="AplicacoesFinanceiras" xlink:to="AplicacoesDeFundosDiversosJuntoAoSetorPrivado" xlink:title="definition: AplicacoesFinanceiras to AplicacoesDeFundosDiversosJuntoAoSetorPrivado" order="2.0"/>
    <link:loc xlink:type="locator" xlink:href="../../../cor/ic/siconfi-cor_2020-12-31.xsd#siconfi-cor_RecursosDaReservaMonetaria" xlink:label="RecursosDaReservaMonetaria" xlink:title="RecursosDaReservaMonetaria"/>
    <link:definitionArc xlink:type="arc" xlink:arcrole="http://xbrl.org/int/dim/arcrole/domain-member" xlink:from="AplicacoesFinanceiras" xlink:to="RecursosDaReservaMonetaria" xlink:title="definition: AplicacoesFinanceiras to RecursosDaReservaMonetaria" order="3.0"/>
    <link:loc xlink:type="locator" xlink:href="../../../cor/ic/siconfi-cor_2020-12-31.xsd#siconfi-cor_RenegociacaoDeDividasDeEntesDaFederacao" xlink:label="RenegociacaoDeDividasDeEntesDaFederacao" xlink:title="RenegociacaoDeDividasDeEntesDaFederacao"/>
    <link:definitionArc xlink:type="arc" xlink:arcrole="http://xbrl.org/int/dim/arcrole/domain-member" xlink:from="DemaisHaveresFinanceiros" xlink:to="RenegociacaoDeDividasDeEntesDaFederacao" xlink:title="definition: DemaisHaveresFinanceiros to RenegociacaoDeDividasDeEntesDaFederacao" order="2.0"/>
    <link:loc xlink:type="locator" xlink:href="../../../cor/ic/siconfi-cor_2020-12-31.xsd#siconfi-cor_DividaRenegociadaDeEstadosEMunicipios" xlink:label="DividaRenegociadaDeEstadosEMunicipios" xlink:title="DividaRenegociadaDeEstadosEMunicipios"/>
    <link:definitionArc xlink:type="arc" xlink:arcrole="http://xbrl.org/int/dim/arcrole/domain-member" xlink:from="RenegociacaoDeDividasDeEntesDaFederacao" xlink:to="DividaRenegociadaDeEstadosEMunicipios" xlink:title="definition: RenegociacaoDeDividasDeEntesDaFederacao to DividaRenegociadaDeEstadosEMunicipios" order="1.0"/>
    <link:loc xlink:type="locator" xlink:href="../../../cor/ic/siconfi-cor_2020-12-31.xsd#siconfi-cor_CreditosDaLeiN872793" xlink:label="CreditosDaLeiN872793" xlink:title="CreditosDaLeiN872793"/>
    <link:definitionArc xlink:type="arc" xlink:arcrole="http://xbrl.org/int/dim/arcrole/domain-member" xlink:from="RenegociacaoDeDividasDeEntesDaFederacao" xlink:to="CreditosDaLeiN872793" xlink:title="definition: RenegociacaoDeDividasDeEntesDaFederacao to CreditosDaLeiN872793" order="2.0"/>
    <link:loc xlink:type="locator" xlink:href="../../../cor/ic/siconfi-cor_2020-12-31.xsd#siconfi-cor_DividaExternaRenegociada" xlink:label="DividaExternaRenegociada" xlink:title="DividaExternaRenegociada"/>
    <link:definitionArc xlink:type="arc" xlink:arcrole="http://xbrl.org/int/dim/arcrole/domain-member" xlink:from="RenegociacaoDeDividasDeEntesDaFederacao" xlink:to="DividaExternaRenegociada" xlink:title="definition: RenegociacaoDeDividasDeEntesDaFederacao to DividaExternaRenegociada" order="3.0"/>
    <link:loc xlink:type="locator" xlink:href="../../../cor/ic/siconfi-cor_2020-12-31.xsd#siconfi-cor_DemaisDividasRenegociadas" xlink:label="DemaisDividasRenegociadas" xlink:title="DemaisDividasRenegociadas"/>
    <link:definitionArc xlink:type="arc" xlink:arcrole="http://xbrl.org/int/dim/arcrole/domain-member" xlink:from="RenegociacaoDeDividasDeEntesDaFederacao" xlink:to="DemaisDividasRenegociadas" xlink:title="definition: RenegociacaoDeDividasDeEntesDaFederacao to DemaisDividasRenegociadas" order="4.0"/>
    <link:loc xlink:type="locator" xlink:href="../../../cor/ic/siconfi-cor_2020-12-31.xsd#siconfi-cor_AjustesParaPerdas" xlink:label="AjustesParaPerdas" xlink:title="AjustesParaPerdas"/>
    <link:definitionArc xlink:type="arc" xlink:arcrole="http://xbrl.org/int/dim/arcrole/domain-member" xlink:from="RenegociacaoDeDividasDeEntesDaFederacao" xlink:to="AjustesParaPerdas" xlink:title="definition: RenegociacaoDeDividasDeEntesDaFederacao to AjustesParaPerdas" order="5.0"/>
    <link:loc xlink:type="locator" xlink:href="../../../cor/ic/siconfi-cor_2020-12-31.xsd#siconfi-cor_DemaisAtivosFinanceiros" xlink:label="DemaisAtivosFinanceiros" xlink:title="DemaisAtivosFinanceiros"/>
    <link:definitionArc xlink:type="arc" xlink:arcrole="http://xbrl.org/int/dim/arcrole/domain-member" xlink:from="DemaisHaveresFinanceiros" xlink:to="DemaisAtivosFinanceiros" xlink:title="definition: DemaisHaveresFinanceiros to DemaisAtivosFinanceiros" order="3.0"/>
    <link:loc xlink:type="locator" xlink:href="../../../cor/ic/siconfi-cor_2020-12-31.xsd#siconfi-cor_HaveresExternos" xlink:label="HaveresExternos" xlink:title="HaveresExternos"/>
    <link:definitionArc xlink:type="arc" xlink:arcrole="http://xbrl.org/int/dim/arcrole/domain-member" xlink:from="DemaisAtivosFinanceiros" xlink:to="HaveresExternos" xlink:title="definition: DemaisAtivosFinanceiros to HaveresExternos" order="1.0"/>
    <link:loc xlink:type="locator" xlink:href="../../../cor/ic/siconfi-cor_2020-12-31.xsd#siconfi-cor_OutrosCreditosBancarios" xlink:label="OutrosCreditosBancarios" xlink:title="OutrosCreditosBancarios"/>
    <link:definitionArc xlink:type="arc" xlink:arcrole="http://xbrl.org/int/dim/arcrole/domain-member" xlink:from="DemaisAtivosFinanceiros" xlink:to="OutrosCreditosBancarios" xlink:title="definition: DemaisAtivosFinanceiros to OutrosCreditosBancarios" order="2.0"/>
    <link:loc xlink:type="locator" xlink:href="../../../cor/ic/siconfi-cor_2020-12-31.xsd#siconfi-cor_AjustesParaPerdasDemaisAtivosFinanceiros" xlink:label="AjustesParaPerdasDemaisAtivosFinanceiros" xlink:title="AjustesParaPerdasDemaisAtivosFinanceiros"/>
    <link:definitionArc xlink:type="arc" xlink:arcrole="http://xbrl.org/int/dim/arcrole/domain-member" xlink:from="DemaisAtivosFinanceiros" xlink:to="AjustesParaPerdasDemaisAtivosFinanceiros" xlink:title="definition: DemaisAtivosFinanceiros to AjustesParaPerdasDemaisAtivosFinanceiros" order="3.0"/>
    <link:loc xlink:type="locator" xlink:href="../../../cor/ic/siconfi-cor_2020-12-31.xsd#siconfi-cor_RestosAPagarProcessados" xlink:label="RestosAPagarProcessados" xlink:title="RestosAPagarProcessados"/>
    <link:definitionArc xlink:type="arc" xlink:arcrole="http://xbrl.org/int/dim/arcrole/domain-member" xlink:from="DeducoesDaDividaConsolidada" xlink:to="RestosAPagarProcessados" xlink:title="definition: DeducoesDaDividaConsolidada to RestosAPagarProcessados" order="3.0"/>
    <link:loc xlink:type="locator" xlink:href="../../../cor/ic/siconfi-cor_2020-12-31.xsd#siconfi-cor_DividaConsolidadaLiquida" xlink:label="DividaConsolidadaLiquida" xlink:title="DividaConsolidadaLiquida"/>
    <link:definitionArc xlink:type="arc" xlink:arcrole="http://xbrl.org/int/dim/arcrole/domain-member" xlink:from="CalculoDaDividaConsolidadaLiquidaLineItems" xlink:to="DividaConsolidadaLiquida" xlink:title="definition: CalculoDaDividaConsolidadaLiquidaLineItems to DividaConsolidadaLiquida" order="3.0"/>
    <link:loc xlink:type="locator" xlink:href="../../../cor/ic/siconfi-cor_2020-12-31.xsd#siconfi-cor_PercentualDaDCSobreARCL" xlink:label="PercentualDaDCSobreARCL" xlink:title="PercentualDaDCSobreARCL"/>
    <link:definitionArc xlink:type="arc" xlink:arcrole="http://xbrl.org/int/dim/arcrole/domain-member" xlink:from="CalculoDaDividaConsolidadaLiquidaLineItems" xlink:to="PercentualDaDCSobreARCL" xlink:title="definition: CalculoDaDividaConsolidadaLiquidaLineItems to PercentualDaDCSobreARCL" order="5.0"/>
    <link:loc xlink:type="locator" xlink:href="../../../cor/ic/siconfi-cor_2020-12-31.xsd#siconfi-cor_PercentualDaDCLSobreARCL" xlink:label="PercentualDaDCLSobreARCL" xlink:title="PercentualDaDCLSobreARCL"/>
    <link:definitionArc xlink:type="arc" xlink:arcrole="http://xbrl.org/int/dim/arcrole/domain-member" xlink:from="CalculoDaDividaConsolidadaLiquidaLineItems" xlink:to="PercentualDaDCLSobreARCL" xlink:title="definition: CalculoDaDividaConsolidadaLiquidaLineItems to PercentualDaDCLSobreARCL" order="6.0"/>
    <link:loc xlink:type="locator" xlink:href="../../../cor/ic/siconfi-cor_2020-12-31.xsd#siconfi-cor_LimiteDefinidoPorResolucaoDoSenadoFederal" xlink:label="LimiteDefinidoPorResolucaoDoSenadoFederal" xlink:title="LimiteDefinidoPorResolucaoDoSenadoFederal"/>
    <link:definitionArc xlink:type="arc" xlink:arcrole="http://xbrl.org/int/dim/arcrole/domain-member" xlink:from="CalculoDaDividaConsolidadaLiquidaLineItems" xlink:to="LimiteDefinidoPorResolucaoDoSenadoFederal" xlink:title="definition: CalculoDaDividaConsolidadaLiquidaLineItems to LimiteDefinidoPorResolucaoDoSenadoFederal" order="7.0"/>
    <link:loc xlink:type="locator" xlink:href="../../../cor/ic/siconfi-cor_2020-12-31.xsd#siconfi-cor_RGF2ReceitaCorrenteLiquida" xlink:label="RGF2ReceitaCorrenteLiquida" xlink:title="RGF2ReceitaCorrenteLiquida"/>
    <link:definitionArc xlink:type="arc" xlink:arcrole="http://xbrl.org/int/dim/arcrole/domain-member" xlink:from="CalculoDaDividaConsolidadaLiquidaLineItems" xlink:to="RGF2ReceitaCorrenteLiquida" xlink:title="definition: CalculoDaDividaConsolidadaLiquidaLineItems to RGF2ReceitaCorrenteLiquida" order="4.0"/>
    <link:loc xlink:type="locator" xlink:href="siconfi-rgf-anexo2uniao_2020-12-31.xsd#siconfi-rgf-anexo2uniao_CalculoDaDividaConsolidadaLiquidaTable" xlink:label="CalculoDaDividaConsolidadaLiquidaTable" xlink:title="CalculoDaDividaConsolidadaLiquidaTable"/>
    <link:definitionArc xlink:type="arc" xlink:arcrole="http://xbrl.org/int/dim/arcrole/all" xlink:from="CalculoDaDividaConsolidadaLiquidaAbstract" xlink:to="CalculoDaDividaConsolidadaLiquidaTable" xlink:title="definition: CalculoDaDividaConsolidadaLiquidaAbstract to CalculoDaDividaConsolidadaLiquidaTable" order="2.0" xbrldt:contextElement="segment" xbrldt:closed="true"/>
    <link:loc xlink:type="locator" xlink:href="../../../cor/dim/siconfi-dim_2020-12-31.xsd#siconfi-dim_ComparativoSaldoDividaAxis" xlink:label="ComparativoSaldoDividaAxis" xlink:title="ComparativoSaldoDividaAxis"/>
    <link:definitionArc xlink:type="arc" xlink:arcrole="http://xbrl.org/int/dim/arcrole/hypercube-dimension" xlink:from="CalculoDaDividaConsolidadaLiquidaTable" xlink:to="ComparativoSaldoDividaAxis" xlink:title="definition: CalculoDaDividaConsolidadaLiquidaTable to ComparativoSaldoDividaAxis" order="1.0"/>
    <link:loc xlink:type="locator" xlink:href="../../../cor/dim/siconfi-dim_2020-12-31.xsd#siconfi-dim_SaldoExercicioAnteriorMember" xlink:label="SaldoExercicioAnteriorMember" xlink:title="SaldoExercicioAnteriorMember"/>
    <link:definitionArc xlink:type="arc" xlink:arcrole="http://xbrl.org/int/dim/arcrole/dimension-domain" xlink:from="ComparativoSaldoDividaAxis" xlink:to="SaldoExercicioAnteriorMember" xlink:title="definition: ComparativoSaldoDividaAxis to SaldoExercicioAnteriorMember" order="1.0"/>
    <link:loc xlink:type="locator" xlink:href="../../../cor/dim/siconfi-dim_2020-12-31.xsd#siconfi-dim_SaldoMember" xlink:label="SaldoMember" xlink:title="SaldoMember"/>
    <link:definitionArc xlink:type="arc" xlink:arcrole="http://xbrl.org/int/dim/arcrole/dimension-domain" xlink:from="ComparativoSaldoDividaAxis" xlink:to="SaldoMember" xlink:title="definition: ComparativoSaldoDividaAxis to SaldoMember" order="2.0" xbrldt:usable="false"/>
    <link:loc xlink:type="locator" xlink:href="../../../cor/dim/siconfi-dim_2020-12-31.xsd#siconfi-dim_SaldoExercicioAtePrimeiroQuadrimestreMember" xlink:label="SaldoExercicioAtePrimeiroQuadrimestreMember" xlink:title="SaldoExercicioAtePrimeiroQuadrimestreMember"/>
    <link:definitionArc xlink:type="arc" xlink:arcrole="http://xbrl.org/int/dim/arcrole/domain-member" xlink:from="SaldoMember" xlink:to="SaldoExercicioAtePrimeiroQuadrimestreMember" xlink:title="definition: SaldoMember to SaldoExercicioAtePrimeiroQuadrimestreMember" order="1.0"/>
    <link:loc xlink:type="locator" xlink:href="../../../cor/dim/siconfi-dim_2020-12-31.xsd#siconfi-dim_SaldoExercicioAteSegundoQuadrimestreMember" xlink:label="SaldoExercicioAteSegundoQuadrimestreMember" xlink:title="SaldoExercicioAteSegundoQuadrimestreMember"/>
    <link:definitionArc xlink:type="arc" xlink:arcrole="http://xbrl.org/int/dim/arcrole/domain-member" xlink:from="SaldoMember" xlink:to="SaldoExercicioAteSegundoQuadrimestreMember" xlink:title="definition: SaldoMember to SaldoExercicioAteSegundoQuadrimestreMember" order="2.0"/>
    <link:loc xlink:type="locator" xlink:href="../../../cor/dim/siconfi-dim_2020-12-31.xsd#siconfi-dim_SaldoExercicioAteTerceiroQuadrimestreMember" xlink:label="SaldoExercicioAteTerceiroQuadrimestreMember" xlink:title="SaldoExercicioAteTerceiroQuadrimestreMember"/>
    <link:definitionArc xlink:type="arc" xlink:arcrole="http://xbrl.org/int/dim/arcrole/domain-member" xlink:from="SaldoMember" xlink:to="SaldoExercicioAteTerceiroQuadrimestreMember" xlink:title="definition: SaldoMember to SaldoExercicioAteTerceiroQuadrimestreMember" order="3.0"/>
  </link:definitionLink>
</link:linkbase>
