<?xml version="1.0" encoding="UTF-8"?>
<!-- Generated by Fujitsu Interstage XWand B0196 -->
<link:linkbase xmlns:xsi="http://www.w3.org/2001/XMLSchema-instance" xsi:schemaLocation="http://www.xbrl.org/2003/linkbase http://www.xbrl.org/2003/xbrl-linkbase-2003-12-31.xsd" xmlns:link="http://www.xbrl.org/2003/linkbase" xmlns:xbrli="http://www.xbrl.org/2003/instance" xmlns:xlink="http://www.w3.org/1999/xlink">
  <link:roleRef roleURI="http://fazenda.gov.br/siconfi/rep/rgf/anexo2uniao/siconfi-rgf-anexo2-tabela2.6" xlink:type="simple" xlink:href="siconfi-rgf-anexo2uniao_2020-12-31.xsd#siconfi-rgf-anexo2-tabela2.6"/>
  <link:labelLink xlink:type="extended" xlink:role="http://www.xbrl.org/2003/role/link"/>
  <link:labelLink xlink:type="extended" xlink:role="http://fazenda.gov.br/siconfi/rep/rgf/anexo2uniao/siconfi-rgf-anexo2-tabela2.6">
    <link:loc xlink:type="locator" xlink:href="../../../cor/dim/siconfi-dim_2020-12-31.xsd#siconfi-dim_ComparativoSaldoDividaAxis" xlink:label="ComparativoSaldoDividaAxis" xlink:title="ComparativoSaldoDividaAxis"/>
    <link:label xlink:type="resource" xlink:label="label_ComparativoSaldoDividaAxis" xlink:role="http://www.xbrl.org/2003/role/label" xlink:title="label_ComparativoSaldoDividaAxis" xml:lang="pt-br" id="label_ComparativoSaldoDividaAxis">Cálculo da Dívida Consolidada Líquida [axis] [orientacao=horizontal]</link:label>
    <link:labelArc xlink:type="arc" xlink:arcrole="http://www.xbrl.org/2003/arcrole/concept-label" xlink:from="ComparativoSaldoDividaAxis" xlink:to="label_ComparativoSaldoDividaAxis" xlink:title="label: ComparativoSaldoDividaAxis to label_ComparativoSaldoDividaAxis"/>
    <link:loc xlink:type="locator" xlink:href="../../../cor/dim/siconfi-dim_2020-12-31.xsd#siconfi-dim_SaldoExercicioAnteriorMember" xlink:label="SaldoExercicioAnteriorMember" xlink:title="SaldoExercicioAnteriorMember"/>
    <link:label xlink:type="resource" xlink:label="label_SaldoExercicioAnteriorMember" xlink:role="http://www.xbrl.org/2003/role/label" xlink:title="label_SaldoExercicioAnteriorMember" xml:lang="pt-br" id="label_SaldoExercicioAnteriorMember">SALDO DO EXERCÍCIO ANTERIOR [member]</link:label>
    <link:labelArc xlink:type="arc" xlink:arcrole="http://www.xbrl.org/2003/arcrole/concept-label" xlink:from="SaldoExercicioAnteriorMember" xlink:to="label_SaldoExercicioAnteriorMember" xlink:title="label: SaldoExercicioAnteriorMember to label_SaldoExercicioAnteriorMember"/>
    <link:loc xlink:type="locator" xlink:href="../../../cor/dim/siconfi-dim_2020-12-31.xsd#siconfi-dim_SaldoExercicioAtePrimeiroQuadrimestreMember" xlink:label="SaldoExercicioAtePrimeiroQuadrimestreMember" xlink:title="SaldoExercicioAtePrimeiroQuadrimestreMember"/>
    <link:label xlink:type="resource" xlink:label="label_SaldoExercicioAtePrimeiroQuadrimestreMember" xlink:role="http://www.xbrl.org/2003/role/label" xlink:title="label_SaldoExercicioAtePrimeiroQuadrimestreMember" xml:lang="pt-br" id="label_SaldoExercicioAtePrimeiroQuadrimestreMember">Até o 1º Quadrimestre [member]</link:label>
    <link:labelArc xlink:type="arc" xlink:arcrole="http://www.xbrl.org/2003/arcrole/concept-label" xlink:from="SaldoExercicioAtePrimeiroQuadrimestreMember" xlink:to="label_SaldoExercicioAtePrimeiroQuadrimestreMember" xlink:title="label: SaldoExercicioAtePrimeiroQuadrimestreMember to label_SaldoExercicioAtePrimeiroQuadrimestreMember"/>
    <link:loc xlink:type="locator" xlink:href="../../../cor/dim/siconfi-dim_2020-12-31.xsd#siconfi-dim_SaldoExercicioAteSegundoQuadrimestreMember" xlink:label="SaldoExercicioAteSegundoQuadrimestreMember" xlink:title="SaldoExercicioAteSegundoQuadrimestreMember"/>
    <link:label xlink:type="resource" xlink:label="label_SaldoExercicioAteSegundoQuadrimestreMember" xlink:role="http://www.xbrl.org/2003/role/label" xlink:title="label_SaldoExercicioAteSegundoQuadrimestreMember" xml:lang="pt-br" id="label_SaldoExercicioAteSegundoQuadrimestreMember">Até o 2º Quadrimestre [member]</link:label>
    <link:labelArc xlink:type="arc" xlink:arcrole="http://www.xbrl.org/2003/arcrole/concept-label" xlink:from="SaldoExercicioAteSegundoQuadrimestreMember" xlink:to="label_SaldoExercicioAteSegundoQuadrimestreMember" xlink:title="label: SaldoExercicioAteSegundoQuadrimestreMember to label_SaldoExercicioAteSegundoQuadrimestreMember"/>
    <link:loc xlink:type="locator" xlink:href="../../../cor/dim/siconfi-dim_2020-12-31.xsd#siconfi-dim_SaldoExercicioAteTerceiroQuadrimestreMember" xlink:label="SaldoExercicioAteTerceiroQuadrimestreMember" xlink:title="SaldoExercicioAteTerceiroQuadrimestreMember"/>
    <link:label xlink:type="resource" xlink:label="label_SaldoExercicioAteTerceiroQuadrimestreMember" xlink:role="http://www.xbrl.org/2003/role/label" xlink:title="label_SaldoExercicioAteTerceiroQuadrimestreMember" xml:lang="pt-br" id="label_SaldoExercicioAteTerceiroQuadrimestreMember">Até o 3º Quadrimestre [member]</link:label>
    <link:labelArc xlink:type="arc" xlink:arcrole="http://www.xbrl.org/2003/arcrole/concept-label" xlink:from="SaldoExercicioAteTerceiroQuadrimestreMember" xlink:to="label_SaldoExercicioAteTerceiroQuadrimestreMember" xlink:title="label: SaldoExercicioAteTerceiroQuadrimestreMember to label_SaldoExercicioAteTerceiroQuadrimestreMember"/>
    <link:loc xlink:type="locator" xlink:href="../../../cor/dim/siconfi-dim_2020-12-31.xsd#siconfi-dim_SaldoMember" xlink:label="SaldoMember" xlink:title="SaldoMember"/>
    <link:label xlink:type="resource" xlink:label="label_SaldoMember" xlink:role="http://www.xbrl.org/2003/role/label" xlink:title="label_SaldoMember" xml:lang="pt-br" id="label_SaldoMember">SALDO DO EXERCÍCIO DE 2021 [member]</link:label>
    <link:labelArc xlink:type="arc" xlink:arcrole="http://www.xbrl.org/2003/arcrole/concept-label" xlink:from="SaldoMember" xlink:to="label_SaldoMember" xlink:title="label: SaldoMember to label_SaldoMember"/>
    <link:loc xlink:type="locator" xlink:href="../../../cor/ic/siconfi-cor_2020-12-31.xsd#siconfi-cor_AplicacoesDeFundosDiversosJuntoAoSetorPrivado" xlink:label="AplicacoesDeFundosDiversosJuntoAoSetorPrivado" xlink:title="AplicacoesDeFundosDiversosJuntoAoSetorPrivado"/>
    <link:label xlink:type="resource" xlink:label="label_AplicacoesDeFundosDiversosJuntoAoSetorPrivado" xlink:role="http://www.xbrl.org/2003/role/label" xlink:title="label_AplicacoesDeFundosDiversosJuntoAoSetorPrivado" xml:lang="pt-br" id="label_AplicacoesDeFundosDiversosJuntoAoSetorPrivado">Aplicações de Fundos Diversos Junto ao Setor Privado</link:label>
    <link:labelArc xlink:type="arc" xlink:arcrole="http://www.xbrl.org/2003/arcrole/concept-label" xlink:from="AplicacoesDeFundosDiversosJuntoAoSetorPrivado" xlink:to="label_AplicacoesDeFundosDiversosJuntoAoSetorPrivado" xlink:title="label: AplicacoesDeFundosDiversosJuntoAoSetorPrivado to label_AplicacoesDeFundosDiversosJuntoAoSetorPrivado"/>
    <link:loc xlink:type="locator" xlink:href="../../../cor/ic/siconfi-cor_2020-12-31.xsd#siconfi-cor_AplicacoesEmTitulosPublicos" xlink:label="AplicacoesEmTitulosPublicos" xlink:title="AplicacoesEmTitulosPublicos"/>
    <link:label xlink:type="resource" xlink:label="label_AplicacoesEmTitulosPublicos" xlink:role="http://www.xbrl.org/2003/role/label" xlink:title="label_AplicacoesEmTitulosPublicos" xml:lang="pt-br" id="label_AplicacoesEmTitulosPublicos">(-) Aplicações em Títulos Públicos</link:label>
    <link:labelArc xlink:type="arc" xlink:arcrole="http://www.xbrl.org/2003/arcrole/concept-label" xlink:from="AplicacoesEmTitulosPublicos" xlink:to="label_AplicacoesEmTitulosPublicos" xlink:title="label: AplicacoesEmTitulosPublicos to label_AplicacoesEmTitulosPublicos"/>
    <link:loc xlink:type="locator" xlink:href="../../../cor/ic/siconfi-cor_2020-12-31.xsd#siconfi-cor_AplicacoesFinanceiras" xlink:label="AplicacoesFinanceiras" xlink:title="AplicacoesFinanceiras"/>
    <link:label xlink:type="resource" xlink:label="label_AplicacoesFinanceiras" xlink:role="http://www.xbrl.org/2003/role/label" xlink:title="label_AplicacoesFinanceiras" xml:lang="pt-br" id="label_AplicacoesFinanceiras">Aplicações Financeiras</link:label>
    <link:labelArc xlink:type="arc" xlink:arcrole="http://www.xbrl.org/2003/arcrole/concept-label" xlink:from="AplicacoesFinanceiras" xlink:to="label_AplicacoesFinanceiras" xlink:title="label: AplicacoesFinanceiras to label_AplicacoesFinanceiras"/>
    <link:loc xlink:type="locator" xlink:href="../../../cor/ic/siconfi-cor_2020-12-31.xsd#siconfi-cor_ArrecadacaoARecolher" xlink:label="ArrecadacaoARecolher" xlink:title="ArrecadacaoARecolher"/>
    <link:label xlink:type="resource" xlink:label="label_ArrecadacaoARecolher" xlink:role="http://www.xbrl.org/2003/role/label" xlink:title="label_ArrecadacaoARecolher" xml:lang="pt-br" id="label_ArrecadacaoARecolher">Arrecadação a Recolher</link:label>
    <link:labelArc xlink:type="arc" xlink:arcrole="http://www.xbrl.org/2003/arcrole/concept-label" xlink:from="ArrecadacaoARecolher" xlink:to="label_ArrecadacaoARecolher" xlink:title="label: ArrecadacaoARecolher to label_ArrecadacaoARecolher"/>
    <link:loc xlink:type="locator" xlink:href="../../../cor/ic/siconfi-cor_2020-12-31.xsd#siconfi-cor_AtivoDisponivel" xlink:label="AtivoDisponivel" xlink:title="AtivoDisponivel"/>
    <link:label xlink:type="resource" xlink:label="label_AtivoDisponivel" xlink:role="http://www.xbrl.org/2003/role/label" xlink:title="label_AtivoDisponivel" xml:lang="pt-br" id="label_AtivoDisponivel">Ativo Disponível</link:label>
    <link:labelArc xlink:type="arc" xlink:arcrole="http://www.xbrl.org/2003/arcrole/concept-label" xlink:from="AtivoDisponivel" xlink:to="label_AtivoDisponivel" xlink:title="label: AtivoDisponivel to label_AtivoDisponivel"/>
    <link:loc xlink:type="locator" xlink:href="../../../cor/ic/siconfi-cor_2020-12-31.xsd#siconfi-cor_CreditosDaLeiN872793" xlink:label="CreditosDaLeiN872793" xlink:title="CreditosDaLeiN872793"/>
    <link:label xlink:type="resource" xlink:label="label_CreditosDaLeiN872793" xlink:role="http://www.xbrl.org/2003/role/label" xlink:title="label_CreditosDaLeiN872793" xml:lang="pt-br" id="label_CreditosDaLeiN872793">Créditos da Lei nº 8.727/93</link:label>
    <link:labelArc xlink:type="arc" xlink:arcrole="http://www.xbrl.org/2003/arcrole/concept-label" xlink:from="CreditosDaLeiN872793" xlink:to="label_CreditosDaLeiN872793" xlink:title="label: CreditosDaLeiN872793 to label_CreditosDaLeiN872793"/>
    <link:loc xlink:type="locator" xlink:href="../../../cor/ic/siconfi-cor_2020-12-31.xsd#siconfi-cor_DeducoesDaDividaConsolidada" xlink:label="DeducoesDaDividaConsolidada" xlink:title="DeducoesDaDividaConsolidada"/>
    <link:label xlink:type="resource" xlink:label="label_DeducoesDaDividaConsolidada" xlink:role="http://www.xbrl.org/2003/role/label" xlink:title="label_DeducoesDaDividaConsolidada" xml:lang="pt-br" id="label_DeducoesDaDividaConsolidada">DEDUÇÕES (II)</link:label>
    <link:labelArc xlink:type="arc" xlink:arcrole="http://www.xbrl.org/2003/arcrole/concept-label" xlink:from="DeducoesDaDividaConsolidada" xlink:to="label_DeducoesDaDividaConsolidada" xlink:title="label: DeducoesDaDividaConsolidada to label_DeducoesDaDividaConsolidada"/>
    <link:loc xlink:type="locator" xlink:href="../../../cor/ic/siconfi-cor_2020-12-31.xsd#siconfi-cor_DemaisAtivosFinanceiros" xlink:label="DemaisAtivosFinanceiros" xlink:title="DemaisAtivosFinanceiros"/>
    <link:label xlink:type="resource" xlink:label="label_DemaisAtivosFinanceiros" xlink:role="http://www.xbrl.org/2003/role/label" xlink:title="label_DemaisAtivosFinanceiros" xml:lang="pt-br" id="label_DemaisAtivosFinanceiros">Demais Ativos Financeiros</link:label>
    <link:labelArc xlink:type="arc" xlink:arcrole="http://www.xbrl.org/2003/arcrole/concept-label" xlink:from="DemaisAtivosFinanceiros" xlink:to="label_DemaisAtivosFinanceiros" xlink:title="label: DemaisAtivosFinanceiros to label_DemaisAtivosFinanceiros"/>
    <link:loc xlink:type="locator" xlink:href="../../../cor/ic/siconfi-cor_2020-12-31.xsd#siconfi-cor_DemaisDividasRenegociadas" xlink:label="DemaisDividasRenegociadas" xlink:title="DemaisDividasRenegociadas"/>
    <link:label xlink:type="resource" xlink:label="label_DemaisDividasRenegociadas" xlink:role="http://www.xbrl.org/2003/role/label" xlink:title="label_DemaisDividasRenegociadas" xml:lang="pt-br" id="label_DemaisDividasRenegociadas">Demais Dívidas Renegociadas</link:label>
    <link:labelArc xlink:type="arc" xlink:arcrole="http://www.xbrl.org/2003/arcrole/concept-label" xlink:from="DemaisDividasRenegociadas" xlink:to="label_DemaisDividasRenegociadas" xlink:title="label: DemaisDividasRenegociadas to label_DemaisDividasRenegociadas"/>
    <link:loc xlink:type="locator" xlink:href="../../../cor/ic/siconfi-cor_2020-12-31.xsd#siconfi-cor_AjustesParaPerdas" xlink:label="AjustesParaPerdas" xlink:title="AjustesParaPerdas"/>
    <link:label xlink:type="resource" xlink:label="label_AjustesParaPerdas" xlink:role="http://www.xbrl.org/2003/role/label" xlink:title="label_AjustesParaPerdas" xml:lang="pt-br" id="label_AjustesParaPerdas">Ajustes para Perdas</link:label>
    <link:labelArc xlink:type="arc" xlink:arcrole="http://www.xbrl.org/2003/arcrole/concept-label" xlink:from="AjustesParaPerdas" xlink:to="label_AjustesParaPerdas" xlink:title="label: AjustesParaPerdas to label_AjustesParaPerdas"/>
    <link:loc xlink:type="locator" xlink:href="../../../cor/ic/siconfi-cor_2020-12-31.xsd#siconfi-cor_DemaisHaveresFinanceiros" xlink:label="DemaisHaveresFinanceiros" xlink:title="DemaisHaveresFinanceiros"/>
    <link:label xlink:type="resource" xlink:label="label_DemaisHaveresFinanceiros" xlink:role="http://www.xbrl.org/2003/role/label" xlink:title="label_DemaisHaveresFinanceiros" xml:lang="pt-br" id="label_DemaisHaveresFinanceiros">Haveres Financeiros</link:label>
    <link:labelArc xlink:type="arc" xlink:arcrole="http://www.xbrl.org/2003/arcrole/concept-label" xlink:from="DemaisHaveresFinanceiros" xlink:to="label_DemaisHaveresFinanceiros" xlink:title="label: DemaisHaveresFinanceiros to label_DemaisHaveresFinanceiros"/>
    <link:loc xlink:type="locator" xlink:href="../../../cor/ic/siconfi-cor_2020-12-31.xsd#siconfi-cor_DepositosAVista" xlink:label="DepositosAVista" xlink:title="DepositosAVista"/>
    <link:label xlink:type="resource" xlink:label="label_DepositosAVista" xlink:role="http://www.xbrl.org/2003/role/label" xlink:title="label_DepositosAVista" xml:lang="pt-br" id="label_DepositosAVista">Depósitos à Vista</link:label>
    <link:labelArc xlink:type="arc" xlink:arcrole="http://www.xbrl.org/2003/arcrole/concept-label" xlink:from="DepositosAVista" xlink:to="label_DepositosAVista" xlink:title="label: DepositosAVista to label_DepositosAVista"/>
    <link:loc xlink:type="locator" xlink:href="../../../cor/ic/siconfi-cor_2020-12-31.xsd#siconfi-cor_DepositosDoTNNoBCB" xlink:label="DepositosDoTNNoBCB" xlink:title="DepositosDoTNNoBCB"/>
    <link:label xlink:type="resource" xlink:label="label_DepositosDoTNNoBCB" xlink:role="http://www.xbrl.org/2003/role/label" xlink:title="label_DepositosDoTNNoBCB" xml:lang="pt-br" id="label_DepositosDoTNNoBCB">Depósitos do TN no BCB</link:label>
    <link:labelArc xlink:type="arc" xlink:arcrole="http://www.xbrl.org/2003/arcrole/concept-label" xlink:from="DepositosDoTNNoBCB" xlink:to="label_DepositosDoTNNoBCB" xlink:title="label: DepositosDoTNNoBCB to label_DepositosDoTNNoBCB"/>
    <link:loc xlink:type="locator" xlink:href="../../../cor/ic/siconfi-cor_2020-12-31.xsd#siconfi-cor_DisponibilidadesDoFAT" xlink:label="DisponibilidadesDoFAT" xlink:title="DisponibilidadesDoFAT"/>
    <link:label xlink:type="resource" xlink:label="label_DisponibilidadesDoFAT" xlink:role="http://www.xbrl.org/2003/role/label" xlink:title="label_DisponibilidadesDoFAT" xml:lang="pt-br" id="label_DisponibilidadesDoFAT">Disponibilidades do FAT</link:label>
    <link:labelArc xlink:type="arc" xlink:arcrole="http://www.xbrl.org/2003/arcrole/concept-label" xlink:from="DisponibilidadesDoFAT" xlink:to="label_DisponibilidadesDoFAT" xlink:title="label: DisponibilidadesDoFAT to label_DisponibilidadesDoFAT"/>
    <link:loc xlink:type="locator" xlink:href="../../../cor/ic/siconfi-cor_2020-12-31.xsd#siconfi-cor_DividaAssumidaPelaUniao" xlink:label="DividaAssumidaPelaUniao" xlink:title="DividaAssumidaPelaUniao"/>
    <link:label xlink:type="resource" xlink:label="label_DividaAssumidaPelaUniao" xlink:role="http://www.xbrl.org/2003/role/label" xlink:title="label_DividaAssumidaPelaUniao" xml:lang="pt-br" id="label_DividaAssumidaPelaUniao">Dívida Assumida pela União (Lei nº 8.727/1993)</link:label>
    <link:labelArc xlink:type="arc" xlink:arcrole="http://www.xbrl.org/2003/arcrole/concept-label" xlink:from="DividaAssumidaPelaUniao" xlink:to="label_DividaAssumidaPelaUniao" xlink:title="label: DividaAssumidaPelaUniao to label_DividaAssumidaPelaUniao"/>
    <link:loc xlink:type="locator" xlink:href="../../../cor/ic/siconfi-cor_2020-12-31.xsd#siconfi-cor_DividaConsolidada" xlink:label="DividaConsolidada" xlink:title="DividaConsolidada"/>
    <link:label xlink:type="resource" xlink:label="label_DividaConsolidada" xlink:role="http://www.xbrl.org/2003/role/label" xlink:title="label_DividaConsolidada" xml:lang="pt-br" id="label_DividaConsolidada">DÍVIDA CONSOLIDADA - DC (I)</link:label>
    <link:labelArc xlink:type="arc" xlink:arcrole="http://www.xbrl.org/2003/arcrole/concept-label" xlink:from="DividaConsolidada" xlink:to="label_DividaConsolidada" xlink:title="label: DividaConsolidada to label_DividaConsolidada"/>
    <link:loc xlink:type="locator" xlink:href="../../../cor/ic/siconfi-cor_2020-12-31.xsd#siconfi-cor_DividaConsolidadaLiquida" xlink:label="DividaConsolidadaLiquida" xlink:title="DividaConsolidadaLiquida"/>
    <link:label xlink:type="resource" xlink:label="label_DividaConsolidadaLiquida" xlink:role="http://www.xbrl.org/2003/role/label" xlink:title="label_DividaConsolidadaLiquida" xml:lang="pt-br" id="label_DividaConsolidadaLiquida">DÍVIDA CONSOLIDADA LÍQUIDA (DCL) (III) = (I - II)</link:label>
    <link:labelArc xlink:type="arc" xlink:arcrole="http://www.xbrl.org/2003/arcrole/concept-label" xlink:from="DividaConsolidadaLiquida" xlink:to="label_DividaConsolidadaLiquida" xlink:title="label: DividaConsolidadaLiquida to label_DividaConsolidadaLiquida"/>
    <link:loc xlink:type="locator" xlink:href="../../../cor/ic/siconfi-cor_2020-12-31.xsd#siconfi-cor_DividaContratual" xlink:label="DividaContratual" xlink:title="DividaContratual"/>
    <link:label xlink:type="resource" xlink:label="label_DividaContratual" xlink:role="http://www.xbrl.org/2003/role/label" xlink:title="label_DividaContratual" xml:lang="pt-br" id="label_DividaContratual">Dívida Contratual</link:label>
    <link:labelArc xlink:type="arc" xlink:arcrole="http://www.xbrl.org/2003/arcrole/concept-label" xlink:from="DividaContratual" xlink:to="label_DividaContratual" xlink:title="label: DividaContratual to label_DividaContratual"/>
    <link:loc xlink:type="locator" xlink:href="../../../cor/ic/siconfi-cor_2020-12-31.xsd#siconfi-cor_DividaContratualDePPP" xlink:label="DividaContratualDePPP" xlink:title="DividaContratualDePPP"/>
    <link:label xlink:type="resource" xlink:label="label_DividaContratualDePPP" xlink:role="http://www.xbrl.org/2003/role/label" xlink:title="label_DividaContratualDePPP" xml:lang="pt-br" id="label_DividaContratualDePPP">Dívida Contratual de PPP</link:label>
    <link:labelArc xlink:type="arc" xlink:arcrole="http://www.xbrl.org/2003/arcrole/concept-label" xlink:from="DividaContratualDePPP" xlink:to="label_DividaContratualDePPP" xlink:title="label: DividaContratualDePPP to label_DividaContratualDePPP"/>
    <link:loc xlink:type="locator" xlink:href="../../../cor/ic/siconfi-cor_2020-12-31.xsd#siconfi-cor_DividaExternaRenegociada" xlink:label="DividaExternaRenegociada" xlink:title="DividaExternaRenegociada"/>
    <link:label xlink:type="resource" xlink:label="label_DividaExternaRenegociada" xlink:role="http://www.xbrl.org/2003/role/label" xlink:title="label_DividaExternaRenegociada" xml:lang="pt-br" id="label_DividaExternaRenegociada">Dívida Externa Renegociada (Aviso MF nº 30 e outros)</link:label>
    <link:labelArc xlink:type="arc" xlink:arcrole="http://www.xbrl.org/2003/arcrole/concept-label" xlink:from="DividaExternaRenegociada" xlink:to="label_DividaExternaRenegociada" xlink:title="label: DividaExternaRenegociada to label_DividaExternaRenegociada"/>
    <link:loc xlink:type="locator" xlink:href="../../../cor/ic/siconfi-cor_2020-12-31.xsd#siconfi-cor_DividaMobiliaria" xlink:label="DividaMobiliaria" xlink:title="DividaMobiliaria"/>
    <link:label xlink:type="resource" xlink:label="label_DividaMobiliaria" xlink:role="http://www.xbrl.org/2003/role/label" xlink:title="label_DividaMobiliaria" xml:lang="pt-br" id="label_DividaMobiliaria">Dívida Mobiliária</link:label>
    <link:labelArc xlink:type="arc" xlink:arcrole="http://www.xbrl.org/2003/arcrole/concept-label" xlink:from="DividaMobiliaria" xlink:to="label_DividaMobiliaria" xlink:title="label: DividaMobiliaria to label_DividaMobiliaria"/>
    <link:loc xlink:type="locator" xlink:href="../../../cor/ic/siconfi-cor_2020-12-31.xsd#siconfi-cor_DividaMobiliariaDoTnInternaEmCarteiraBCB" xlink:label="DividaMobiliariaDoTnInternaEmCarteiraBCB" xlink:title="DividaMobiliariaDoTnInternaEmCarteiraBCB"/>
    <link:label xlink:type="resource" xlink:label="label_DividaMobiliariaDoTnInternaEmCarteiraBCB" xlink:role="http://www.xbrl.org/2003/role/label" xlink:title="label_DividaMobiliariaDoTnInternaEmCarteiraBCB" xml:lang="pt-br" id="label_DividaMobiliariaDoTnInternaEmCarteiraBCB">Dívida Mobiliária do TN Interna (em carteira BCB)</link:label>
    <link:labelArc xlink:type="arc" xlink:arcrole="http://www.xbrl.org/2003/arcrole/concept-label" xlink:from="DividaMobiliariaDoTnInternaEmCarteiraBCB" xlink:to="label_DividaMobiliariaDoTnInternaEmCarteiraBCB" xlink:title="label: DividaMobiliariaDoTnInternaEmCarteiraBCB to label_DividaMobiliariaDoTnInternaEmCarteiraBCB"/>
    <link:loc xlink:type="locator" xlink:href="../../../cor/ic/siconfi-cor_2020-12-31.xsd#siconfi-cor_DividaMobiliariaDoTnInternaEmMercado" xlink:label="DividaMobiliariaDoTnInternaEmMercado" xlink:title="DividaMobiliariaDoTnInternaEmMercado"/>
    <link:label xlink:type="resource" xlink:label="label_DividaMobiliariaDoTnInternaEmMercado" xlink:role="http://www.xbrl.org/2003/role/label" xlink:title="label_DividaMobiliariaDoTnInternaEmMercado" xml:lang="pt-br" id="label_DividaMobiliariaDoTnInternaEmMercado">Dívida Mobiliária do TN Interna (em mercado)</link:label>
    <link:labelArc xlink:type="arc" xlink:arcrole="http://www.xbrl.org/2003/arcrole/concept-label" xlink:from="DividaMobiliariaDoTnInternaEmMercado" xlink:to="label_DividaMobiliariaDoTnInternaEmMercado" xlink:title="label: DividaMobiliariaDoTnInternaEmMercado to label_DividaMobiliariaDoTnInternaEmMercado"/>
    <link:loc xlink:type="locator" xlink:href="../../../cor/ic/siconfi-cor_2020-12-31.xsd#siconfi-cor_DividaMobiliariaExterna" xlink:label="DividaMobiliariaExterna" xlink:title="DividaMobiliariaExterna"/>
    <link:label xlink:type="resource" xlink:label="label_DividaMobiliariaExterna" xlink:role="http://www.xbrl.org/2003/role/label" xlink:title="label_DividaMobiliariaExterna" xml:lang="pt-br" id="label_DividaMobiliariaExterna">Dívida Mobiliária Externa</link:label>
    <link:labelArc xlink:type="arc" xlink:arcrole="http://www.xbrl.org/2003/arcrole/concept-label" xlink:from="DividaMobiliariaExterna" xlink:to="label_DividaMobiliariaExterna" xlink:title="label: DividaMobiliariaExterna to label_DividaMobiliariaExterna"/>
    <link:loc xlink:type="locator" xlink:href="../../../cor/ic/siconfi-cor_2020-12-31.xsd#siconfi-cor_DividaRenegociadaDeEstadosEMunicipios" xlink:label="DividaRenegociadaDeEstadosEMunicipios" xlink:title="DividaRenegociadaDeEstadosEMunicipios"/>
    <link:label xlink:type="resource" xlink:label="label_DividaRenegociadaDeEstadosEMunicipios" xlink:role="http://www.xbrl.org/2003/role/label" xlink:title="label_DividaRenegociadaDeEstadosEMunicipios" xml:lang="pt-br" id="label_DividaRenegociadaDeEstadosEMunicipios">Dívida Renegociada de Estados e Municípios (Lei nº 9.496/1997 e MP nº 2.185/2001)</link:label>
    <link:labelArc xlink:type="arc" xlink:arcrole="http://www.xbrl.org/2003/arcrole/concept-label" xlink:from="DividaRenegociadaDeEstadosEMunicipios" xlink:to="label_DividaRenegociadaDeEstadosEMunicipios" xlink:title="label: DividaRenegociadaDeEstadosEMunicipios to label_DividaRenegociadaDeEstadosEMunicipios"/>
    <link:loc xlink:type="locator" xlink:href="../../../cor/ic/siconfi-cor_2020-12-31.xsd#siconfi-cor_DividaSecuritizada" xlink:label="DividaSecuritizada" xlink:title="DividaSecuritizada"/>
    <link:label xlink:type="resource" xlink:label="label_DividaSecuritizada" xlink:role="http://www.xbrl.org/2003/role/label" xlink:title="label_DividaSecuritizada" xml:lang="pt-br" id="label_DividaSecuritizada">Dívida Securitizada</link:label>
    <link:labelArc xlink:type="arc" xlink:arcrole="http://www.xbrl.org/2003/arcrole/concept-label" xlink:from="DividaSecuritizada" xlink:to="label_DividaSecuritizada" xlink:title="label: DividaSecuritizada to label_DividaSecuritizada"/>
    <link:loc xlink:type="locator" xlink:href="../../../cor/ic/siconfi-cor_2020-12-31.xsd#siconfi-cor_HaveresExternos" xlink:label="HaveresExternos" xlink:title="HaveresExternos"/>
    <link:label xlink:type="resource" xlink:label="label_HaveresExternos" xlink:role="http://www.xbrl.org/2003/role/label" xlink:title="label_HaveresExternos" xml:lang="pt-br" id="label_HaveresExternos">Haveres Externos (Garantias)</link:label>
    <link:labelArc xlink:type="arc" xlink:arcrole="http://www.xbrl.org/2003/arcrole/concept-label" xlink:from="HaveresExternos" xlink:to="label_HaveresExternos" xlink:title="label: HaveresExternos to label_HaveresExternos"/>
    <link:loc xlink:type="locator" xlink:href="../../../cor/ic/siconfi-cor_2020-12-31.xsd#siconfi-cor_LimiteDefinidoPorResolucaoDoSenadoFederal" xlink:label="LimiteDefinidoPorResolucaoDoSenadoFederal" xlink:title="LimiteDefinidoPorResolucaoDoSenadoFederal"/>
    <link:label xlink:type="resource" xlink:label="label_LimiteDefinidoPorResolucaoDoSenadoFederal" xlink:role="http://www.xbrl.org/2003/role/label" xlink:title="label_LimiteDefinidoPorResolucaoDoSenadoFederal" xml:lang="pt-br" id="label_LimiteDefinidoPorResolucaoDoSenadoFederal">LIMITE DEFINIDO POR RESOLUÇÃO DO SENADO FEDERAL</link:label>
    <link:labelArc xlink:type="arc" xlink:arcrole="http://www.xbrl.org/2003/arcrole/concept-label" xlink:from="LimiteDefinidoPorResolucaoDoSenadoFederal" xlink:to="label_LimiteDefinidoPorResolucaoDoSenadoFederal" xlink:title="label: LimiteDefinidoPorResolucaoDoSenadoFederal to label_LimiteDefinidoPorResolucaoDoSenadoFederal"/>
    <link:loc xlink:type="locator" xlink:href="../../../cor/ic/siconfi-cor_2020-12-31.xsd#siconfi-cor_OperacoesDeEqualizacaoCambial" xlink:label="OperacoesDeEqualizacaoCambial" xlink:title="OperacoesDeEqualizacaoCambial"/>
    <link:label xlink:type="resource" xlink:label="label_OperacoesDeEqualizacaoCambial" xlink:role="http://www.xbrl.org/2003/role/label" xlink:title="label_OperacoesDeEqualizacaoCambial" xml:lang="pt-br" id="label_OperacoesDeEqualizacaoCambial">Operações de Equalização Cambial - Relacionamento TN/BCB (Lei nº 11.803/08)</link:label>
    <link:labelArc xlink:type="arc" xlink:arcrole="http://www.xbrl.org/2003/arcrole/concept-label" xlink:from="OperacoesDeEqualizacaoCambial" xlink:to="label_OperacoesDeEqualizacaoCambial" xlink:title="label: OperacoesDeEqualizacaoCambial to label_OperacoesDeEqualizacaoCambial"/>
    <link:loc xlink:type="locator" xlink:href="../../../cor/ic/siconfi-cor_2020-12-31.xsd#siconfi-cor_OutrasDividas" xlink:label="OutrasDividas" xlink:title="OutrasDividas"/>
    <link:label xlink:type="resource" xlink:label="label_OutrasDividas" xlink:role="http://www.xbrl.org/2003/role/label" xlink:title="label_OutrasDividas" xml:lang="pt-br" id="label_OutrasDividas">Outras Dívidas</link:label>
    <link:labelArc xlink:type="arc" xlink:arcrole="http://www.xbrl.org/2003/arcrole/concept-label" xlink:from="OutrasDividas" xlink:to="label_OutrasDividas" xlink:title="label: OutrasDividas to label_OutrasDividas"/>
    <link:loc xlink:type="locator" xlink:href="../../../cor/ic/siconfi-cor_2020-12-31.xsd#siconfi-cor_PercentualDaDCLSobreARCL" xlink:label="PercentualDaDCLSobreARCL" xlink:title="PercentualDaDCLSobreARCL"/>
    <link:label xlink:type="resource" xlink:label="label_PercentualDaDCLSobreARCL" xlink:role="http://www.xbrl.org/2003/role/label" xlink:title="label_PercentualDaDCLSobreARCL" xml:lang="pt-br" id="label_PercentualDaDCLSobreARCL">% da DCL sobre a RCL (III/RCL)</link:label>
    <link:labelArc xlink:type="arc" xlink:arcrole="http://www.xbrl.org/2003/arcrole/concept-label" xlink:from="PercentualDaDCLSobreARCL" xlink:to="label_PercentualDaDCLSobreARCL" xlink:title="label: PercentualDaDCLSobreARCL to label_PercentualDaDCLSobreARCL"/>
    <link:loc xlink:type="locator" xlink:href="../../../cor/ic/siconfi-cor_2020-12-31.xsd#siconfi-cor_PercentualDaDCSobreARCL" xlink:label="PercentualDaDCSobreARCL" xlink:title="PercentualDaDCSobreARCL"/>
    <link:label xlink:type="resource" xlink:label="label_PercentualDaDCSobreARCL" xlink:role="http://www.xbrl.org/2003/role/label" xlink:title="label_PercentualDaDCSobreARCL" xml:lang="pt-br" id="label_PercentualDaDCSobreARCL">% da DC sobre a RCL (I/RCL)</link:label>
    <link:labelArc xlink:type="arc" xlink:arcrole="http://www.xbrl.org/2003/arcrole/concept-label" xlink:from="PercentualDaDCSobreARCL" xlink:to="label_PercentualDaDCSobreARCL" xlink:title="label: PercentualDaDCSobreARCL to label_PercentualDaDCSobreARCL"/>
    <link:loc xlink:type="locator" xlink:href="../../../cor/ic/siconfi-cor_2020-12-31.xsd#siconfi-cor_PrecatoriosPosterioresA05052000VencidosENaoPagos" xlink:label="PrecatoriosPosterioresA05052000VencidosENaoPagos" xlink:title="PrecatoriosPosterioresA05052000VencidosENaoPagos"/>
    <link:label xlink:type="resource" xlink:label="label_PrecatoriosPosterioresA05052000VencidosENaoPagos" xlink:role="http://www.xbrl.org/2003/role/label" xlink:title="label_PrecatoriosPosterioresA05052000VencidosENaoPagos" xml:lang="pt-br" id="label_PrecatoriosPosterioresA05052000VencidosENaoPagos">Precatórios posteriores a 05/05/2000 (inclusive)</link:label>
    <link:labelArc xlink:type="arc" xlink:arcrole="http://www.xbrl.org/2003/arcrole/concept-label" xlink:from="PrecatoriosPosterioresA05052000VencidosENaoPagos" xlink:to="label_PrecatoriosPosterioresA05052000VencidosENaoPagos" xlink:title="label: PrecatoriosPosterioresA05052000VencidosENaoPagos to label_PrecatoriosPosterioresA05052000VencidosENaoPagos"/>
    <link:loc xlink:type="locator" xlink:href="../../../cor/ic/siconfi-cor_2020-12-31.xsd#siconfi-cor_ReceitaCorrenteLiquida" xlink:label="ReceitaCorrenteLiquida" xlink:title="ReceitaCorrenteLiquida"/>
    <link:label xlink:type="resource" xlink:label="label_ReceitaCorrenteLiquida" xlink:role="http://www.xbrl.org/2003/role/label" xlink:title="label_ReceitaCorrenteLiquida" xml:lang="pt-br" id="label_ReceitaCorrenteLiquida">RECEITA CORRENTE LÍQUIDA - RCL</link:label>
    <link:labelArc xlink:type="arc" xlink:arcrole="http://www.xbrl.org/2003/arcrole/concept-label" xlink:from="ReceitaCorrenteLiquida" xlink:to="label_ReceitaCorrenteLiquida" xlink:title="label: ReceitaCorrenteLiquida to label_ReceitaCorrenteLiquida"/>
    <link:loc xlink:type="locator" xlink:href="../../../cor/ic/siconfi-cor_2020-12-31.xsd#siconfi-cor_RecursosDaReservaMonetaria" xlink:label="RecursosDaReservaMonetaria" xlink:title="RecursosDaReservaMonetaria"/>
    <link:label xlink:type="resource" xlink:label="label_RecursosDaReservaMonetaria" xlink:role="http://www.xbrl.org/2003/role/label" xlink:title="label_RecursosDaReservaMonetaria" xml:lang="pt-br" id="label_RecursosDaReservaMonetaria">Recursos da Reserva Monetária</link:label>
    <link:labelArc xlink:type="arc" xlink:arcrole="http://www.xbrl.org/2003/arcrole/concept-label" xlink:from="RecursosDaReservaMonetaria" xlink:to="label_RecursosDaReservaMonetaria" xlink:title="label: RecursosDaReservaMonetaria to label_RecursosDaReservaMonetaria"/>
    <link:loc xlink:type="locator" xlink:href="../../../cor/ic/siconfi-cor_2020-12-31.xsd#siconfi-cor_RenegociacaoDeDividasDeEntesDaFederacao" xlink:label="RenegociacaoDeDividasDeEntesDaFederacao" xlink:title="RenegociacaoDeDividasDeEntesDaFederacao"/>
    <link:label xlink:type="resource" xlink:label="label_RenegociacaoDeDividasDeEntesDaFederacao" xlink:role="http://www.xbrl.org/2003/role/label" xlink:title="label_RenegociacaoDeDividasDeEntesDaFederacao" xml:lang="pt-br" id="label_RenegociacaoDeDividasDeEntesDaFederacao">Renegociação de Dívidas de Entes da Federação</link:label>
    <link:labelArc xlink:type="arc" xlink:arcrole="http://www.xbrl.org/2003/arcrole/concept-label" xlink:from="RenegociacaoDeDividasDeEntesDaFederacao" xlink:to="label_RenegociacaoDeDividasDeEntesDaFederacao" xlink:title="label: RenegociacaoDeDividasDeEntesDaFederacao to label_RenegociacaoDeDividasDeEntesDaFederacao"/>
    <link:loc xlink:type="locator" xlink:href="../../../cor/ic/siconfi-cor_2020-12-31.xsd#siconfi-cor_RestosAPagarProcessados" xlink:label="RestosAPagarProcessados" xlink:title="RestosAPagarProcessados"/>
    <link:label xlink:type="resource" xlink:label="label_RestosAPagarProcessados" xlink:role="http://www.xbrl.org/2003/role/label" xlink:title="label_RestosAPagarProcessados" xml:lang="pt-br" id="label_RestosAPagarProcessados">(-) Restos a Pagar Processados</link:label>
    <link:labelArc xlink:type="arc" xlink:arcrole="http://www.xbrl.org/2003/arcrole/concept-label" xlink:from="RestosAPagarProcessados" xlink:to="label_RestosAPagarProcessados" xlink:title="label: RestosAPagarProcessados to label_RestosAPagarProcessados"/>
    <link:loc xlink:type="locator" xlink:href="../../../cor/ic/siconfi-cor_2020-12-31.xsd#siconfi-cor_FonteAnexo2Tabela2.3RGF" xlink:label="FonteAnexo2Tabela2.3RGF" xlink:title="FonteAnexo2Tabela2.3RGF"/>
    <link:label xlink:type="resource" xlink:label="label_FonteAnexo2Tabela2.3RGF" xlink:role="http://www.xbrl.org/2003/role/label" xlink:title="label_FonteAnexo2Tabela2.3RGF" xml:lang="pt-br" id="label_FonteAnexo2Tabela2.3RGF">Notas Explicativas</link:label>
    <link:labelArc xlink:type="arc" xlink:arcrole="http://www.xbrl.org/2003/arcrole/concept-label" xlink:from="FonteAnexo2Tabela2.3RGF" xlink:to="label_FonteAnexo2Tabela2.3RGF" xlink:title="label: FonteAnexo2Tabela2.3RGF to label_FonteAnexo2Tabela2.3RGF"/>
    <link:loc xlink:type="locator" xlink:href="../../../cor/ic/siconfi-cor_2020-12-31.xsd#siconfi-cor_RGF2ReceitaCorrenteLiquida" xlink:label="RGF2ReceitaCorrenteLiquida" xlink:title="RGF2ReceitaCorrenteLiquida"/>
    <link:label xlink:type="resource" xlink:label="label_RGF2ReceitaCorrenteLiquida" xlink:role="http://www.xbrl.org/2003/role/label" xlink:title="label_RGF2ReceitaCorrenteLiquida" xml:lang="pt-br" id="label_RGF2ReceitaCorrenteLiquida">RECEITA CORRENTE LÍQUIDA - RCL 
</link:label>
    <link:labelArc xlink:type="arc" xlink:arcrole="http://www.xbrl.org/2003/arcrole/concept-label" xlink:from="RGF2ReceitaCorrenteLiquida" xlink:to="label_RGF2ReceitaCorrenteLiquida" xlink:title="label: RGF2ReceitaCorrenteLiquida to label_RGF2ReceitaCorrenteLiquida"/>
    <link:loc xlink:type="locator" xlink:href="../../../cor/ic/siconfi-cor_2020-12-31.xsd#siconfi-cor_DemaisDividas" xlink:label="DemaisDividas" xlink:title="DemaisDividas"/>
    <link:label xlink:type="resource" xlink:label="label_DemaisDividas" xlink:role="http://www.xbrl.org/2003/role/label" xlink:title="label_DemaisDividas" xml:lang="pt-br" id="label_DemaisDividas">Demais Dívidas</link:label>
    <link:labelArc xlink:type="arc" xlink:arcrole="http://www.xbrl.org/2003/arcrole/concept-label" xlink:from="DemaisDividas" xlink:to="label_DemaisDividas" xlink:title="label: DemaisDividas to label_DemaisDividas"/>
    <link:loc xlink:type="locator" xlink:href="../../../cor/ic/siconfi-cor_2020-12-31.xsd#siconfi-cor_PassivosReconhecidosComInsfucienciaDeCreditosOuRecursos" xlink:label="PassivosReconhecidosComInsfucienciaDeCreditosOuRecursos" xlink:title="PassivosReconhecidosComInsfucienciaDeCreditosOuRecursos"/>
    <link:label xlink:type="resource" xlink:label="label_PassivosReconhecidosComInsfucienciaDeCreditosOuRecursos" xlink:role="http://www.xbrl.org/2003/role/label" xlink:title="label_PassivosReconhecidosComInsfucienciaDeCreditosOuRecursos" xml:lang="pt-br" id="label_PassivosReconhecidosComInsfucienciaDeCreditosOuRecursos">Passivos reconhecidos com insuficiência de créditos / recursos</link:label>
    <link:labelArc xlink:type="arc" xlink:arcrole="http://www.xbrl.org/2003/arcrole/concept-label" xlink:from="PassivosReconhecidosComInsfucienciaDeCreditosOuRecursos" xlink:to="label_PassivosReconhecidosComInsfucienciaDeCreditosOuRecursos" xlink:title="label: PassivosReconhecidosComInsfucienciaDeCreditosOuRecursos to label_PassivosReconhecidosComInsfucienciaDeCreditosOuRecursos"/>
    <link:loc xlink:type="locator" xlink:href="../../../cor/ic/siconfi-cor_2020-12-31.xsd#siconfi-cor_AjustesParaPerdasDemaisAtivosFinanceiros" xlink:label="AjustesParaPerdasDemaisAtivosFinanceiros" xlink:title="AjustesParaPerdasDemaisAtivosFinanceiros"/>
    <link:label xlink:type="resource" xlink:label="label_AjustesParaPerdasDemaisAtivosFinanceiros" xlink:role="http://www.xbrl.org/2003/role/label" xlink:title="label_AjustesParaPerdasDemaisAtivosFinanceiros" xml:lang="pt-br" id="label_AjustesParaPerdasDemaisAtivosFinanceiros">Ajustes para Perdas</link:label>
    <link:labelArc xlink:type="arc" xlink:arcrole="http://www.xbrl.org/2003/arcrole/concept-label" xlink:from="AjustesParaPerdasDemaisAtivosFinanceiros" xlink:to="label_AjustesParaPerdasDemaisAtivosFinanceiros" xlink:title="label: AjustesParaPerdasDemaisAtivosFinanceiros to label_AjustesParaPerdasDemaisAtivosFinanceiros"/>
    <link:loc xlink:type="locator" xlink:href="siconfi-rgf-anexo2uniao_2020-12-31.xsd#siconfi-rgf-anexo2uniao_DemonstrativoAnexo2Abstract" xlink:label="DemonstrativoAnexo2Abstract" xlink:title="DemonstrativoAnexo2Abstract"/>
    <link:label xlink:type="resource" xlink:label="label_DemonstrativoAnexo2Abstract" xlink:role="http://www.xbrl.org/2003/role/label" xlink:title="label_DemonstrativoAnexo2Abstract" xml:lang="pt-br" id="label_DemonstrativoAnexo2Abstract">RGF - Anexo 2 (LRF, art. 55, inciso I, alínea "b") [abstract]</link:label>
    <link:labelArc xlink:type="arc" xlink:arcrole="http://www.xbrl.org/2003/arcrole/concept-label" xlink:from="DemonstrativoAnexo2Abstract" xlink:to="label_DemonstrativoAnexo2Abstract" xlink:title="label: DemonstrativoAnexo2Abstract to label_DemonstrativoAnexo2Abstract"/>
    <link:loc xlink:type="locator" xlink:href="siconfi-rgf-anexo2uniao_2020-12-31.xsd#siconfi-rgf-anexo2uniao_CalculoDaDividaConsolidadaLiquidaAbstract" xlink:label="CalculoDaDividaConsolidadaLiquidaAbstract" xlink:title="CalculoDaDividaConsolidadaLiquidaAbstract"/>
    <link:label xlink:type="resource" xlink:label="label_CalculoDaDividaConsolidadaLiquidaAbstract" xlink:role="http://www.xbrl.org/2003/role/label" xlink:title="label_CalculoDaDividaConsolidadaLiquidaAbstract" xml:lang="pt-br" id="label_CalculoDaDividaConsolidadaLiquidaAbstract">[001] Cálculo da Dívida Consolidada Líquida [abstract]</link:label>
    <link:labelArc xlink:type="arc" xlink:arcrole="http://www.xbrl.org/2003/arcrole/concept-label" xlink:from="CalculoDaDividaConsolidadaLiquidaAbstract" xlink:to="label_CalculoDaDividaConsolidadaLiquidaAbstract" xlink:title="label: CalculoDaDividaConsolidadaLiquidaAbstract to label_CalculoDaDividaConsolidadaLiquidaAbstract"/>
    <link:loc xlink:type="locator" xlink:href="siconfi-rgf-anexo2uniao_2020-12-31.xsd#siconfi-rgf-anexo2uniao_CalculoDaDividaConsolidadaLiquidaTable" xlink:label="CalculoDaDividaConsolidadaLiquidaTable" xlink:title="CalculoDaDividaConsolidadaLiquidaTable"/>
    <link:label xlink:type="resource" xlink:label="label_CalculoDaDividaConsolidadaLiquidaTable" xlink:role="http://www.xbrl.org/2003/role/label" xlink:title="label_CalculoDaDividaConsolidadaLiquidaTable" xml:lang="pt-br" id="label_CalculoDaDividaConsolidadaLiquidaTable">Cálculo da Dívida Consolidada Líquida [table]</link:label>
    <link:labelArc xlink:type="arc" xlink:arcrole="http://www.xbrl.org/2003/arcrole/concept-label" xlink:from="CalculoDaDividaConsolidadaLiquidaTable" xlink:to="label_CalculoDaDividaConsolidadaLiquidaTable" xlink:title="label: CalculoDaDividaConsolidadaLiquidaTable to label_CalculoDaDividaConsolidadaLiquidaTable"/>
    <link:loc xlink:type="locator" xlink:href="siconfi-rgf-anexo2uniao_2020-12-31.xsd#siconfi-rgf-anexo2uniao_CalculoDaDividaConsolidadaLiquidaLineItems" xlink:label="CalculoDaDividaConsolidadaLiquidaLineItems" xlink:title="CalculoDaDividaConsolidadaLiquidaLineItems"/>
    <link:label xlink:type="resource" xlink:label="label_CalculoDaDividaConsolidadaLiquidaLineItems" xlink:role="http://www.xbrl.org/2003/role/label" xlink:title="label_CalculoDaDividaConsolidadaLiquidaLineItems" xml:lang="pt-br" id="label_CalculoDaDividaConsolidadaLiquidaLineItems">[002] Cálculo da Dívida Consolidada Líquida [line items]</link:label>
    <link:labelArc xlink:type="arc" xlink:arcrole="http://www.xbrl.org/2003/arcrole/concept-label" xlink:from="CalculoDaDividaConsolidadaLiquidaLineItems" xlink:to="label_CalculoDaDividaConsolidadaLiquidaLineItems" xlink:title="label: CalculoDaDividaConsolidadaLiquidaLineItems to label_CalculoDaDividaConsolidadaLiquidaLineItems"/>
    <link:loc xlink:type="locator" xlink:href="siconfi-rgf-anexo2uniao_2020-12-31.xsd#siconfi-rgf-anexo2uniao_FonteAnexo2Tabela2.3Abstract" xlink:label="FonteAnexo2Tabela2.3Abstract" xlink:title="FonteAnexo2Tabela2.3Abstract"/>
    <link:label xlink:type="resource" xlink:label="label_FonteAnexo2Tabela2.3Abstract" xlink:role="http://www.xbrl.org/2003/role/label" xlink:title="label_FonteAnexo2Tabela2.3Abstract" xml:lang="pt-br" id="label_FonteAnexo2Tabela2.3Abstract">[003] Notas Explicativas [abstract] [NOTA]</link:label>
    <link:labelArc xlink:type="arc" xlink:arcrole="http://www.xbrl.org/2003/arcrole/concept-label" xlink:from="FonteAnexo2Tabela2.3Abstract" xlink:to="label_FonteAnexo2Tabela2.3Abstract" xlink:title="label: FonteAnexo2Tabela2.3Abstract to label_FonteAnexo2Tabela2.3Abstract"/>
    <link:loc xlink:type="locator" xlink:href="siconfi-rgf-anexo2uniao_2020-12-31.xsd#siconfi-rgf-anexo2uniao_FonteAnexo2Tabela2.3LineItems" xlink:label="FonteAnexo2Tabela2.3LineItems" xlink:title="FonteAnexo2Tabela2.3LineItems"/>
    <link:label xlink:type="resource" xlink:label="label_FonteAnexo2Tabela2.3LineItems" xlink:role="http://www.xbrl.org/2003/role/label" xlink:title="label_FonteAnexo2Tabela2.3LineItems" xml:lang="pt-br" id="label_FonteAnexo2Tabela2.3LineItems">[004] Notas Explicativas [line items]</link:label>
    <link:labelArc xlink:type="arc" xlink:arcrole="http://www.xbrl.org/2003/arcrole/concept-label" xlink:from="FonteAnexo2Tabela2.3LineItems" xlink:to="label_FonteAnexo2Tabela2.3LineItems" xlink:title="label: FonteAnexo2Tabela2.3LineItems to label_FonteAnexo2Tabela2.3LineItems"/>
  </link:labelLink>
</link:linkbase>
