<?xml version="1.0" encoding="UTF-8"?>
<!-- Generated by Fujitsu Interstage XWand B0196 -->
<link:linkbase xmlns:xsi="http://www.w3.org/2001/XMLSchema-instance" xsi:schemaLocation="http://www.xbrl.org/2003/linkbase http://www.xbrl.org/2003/xbrl-linkbase-2003-12-31.xsd" xmlns:link="http://www.xbrl.org/2003/linkbase" xmlns:xlink="http://www.w3.org/1999/xlink" xmlns:xbrli="http://www.xbrl.org/2003/instance">
  <link:roleRef roleURI="http://fazenda.gov.br/siconfi/rep/rgf/anexo1consorciospublicos/siconfi-rgf-anexo1-tabela1.5" xlink:type="simple" xlink:href="siconfi-rgf-anexo1consorciospublicos_2019-12-31.xsd#siconfi-rgf-anexo1-tabela1.5"/>
  <link:labelLink xlink:type="extended" xlink:role="http://fazenda.gov.br/siconfi/rep/rgf/anexo1consorciospublicos/siconfi-rgf-anexo1-tabela1.5">
    <link:loc xlink:type="locator" xlink:href="../../../cor/dim/siconfi-dim_2019-12-31.xsd#siconfi-dim_DespesaTotalComPessoalAxis" xlink:label="DespesaTotalComPessoalAxis" xlink:title="DespesaTotalComPessoalAxis"/>
    <link:label xlink:type="resource" xlink:label="label_DespesaTotalComPessoalAxis" xlink:role="http://www.xbrl.org/2003/role/label" xlink:title="label_DespesaTotalComPessoalAxis" xml:lang="pt-br" id="label_DespesaTotalComPessoalAxis">Despesa Bruta com Pessoal por Ente Consorciado [axis] [orientacao=horizontal]</link:label>
    <link:labelArc xlink:type="arc" xlink:arcrole="http://www.xbrl.org/2003/arcrole/concept-label" xlink:from="DespesaTotalComPessoalAxis" xlink:to="label_DespesaTotalComPessoalAxis" xlink:title="label: DespesaTotalComPessoalAxis to label_DespesaTotalComPessoalAxis"/>
    <link:loc xlink:type="locator" xlink:href="../../../cor/dim/siconfi-dim_2019-12-31.xsd#siconfi-dim_EstagiosDespesaOrcamentariaAxis" xlink:label="EstagiosDespesaOrcamentariaAxis" xlink:title="EstagiosDespesaOrcamentariaAxis"/>
    <link:label xlink:type="resource" xlink:label="label_EstagiosDespesaOrcamentariaAxis" xlink:role="http://www.xbrl.org/2003/role/label" xlink:title="label_EstagiosDespesaOrcamentariaAxis" xml:lang="pt-br" id="label_EstagiosDespesaOrcamentariaAxis">Despesa Executada com Pessoal [axis] [orientacao=horizontal]</link:label>
    <link:labelArc xlink:type="arc" xlink:arcrole="http://www.xbrl.org/2003/arcrole/concept-label" xlink:from="EstagiosDespesaOrcamentariaAxis" xlink:to="label_EstagiosDespesaOrcamentariaAxis" xlink:title="label: EstagiosDespesaOrcamentariaAxis to label_EstagiosDespesaOrcamentariaAxis"/>
    <link:loc xlink:type="locator" xlink:href="../../../cor/dim/siconfi-dim_2019-12-31.xsd#siconfi-dim_ExecucaoDaDespesaAxis" xlink:label="ExecucaoDaDespesaAxis" xlink:title="ExecucaoDaDespesaAxis"/>
    <link:label xlink:type="resource" xlink:label="label_ExecucaoDaDespesaAxis" xlink:role="http://www.xbrl.org/2003/role/label" xlink:title="label_ExecucaoDaDespesaAxis" xml:lang="pt-br" id="label_ExecucaoDaDespesaAxis">Despesa Bruta com Pessoal por Ente Consorciado [axis] [orientacao=horizontal]</link:label>
    <link:labelArc xlink:type="arc" xlink:arcrole="http://www.xbrl.org/2003/arcrole/concept-label" xlink:from="ExecucaoDaDespesaAxis" xlink:to="label_ExecucaoDaDespesaAxis" xlink:title="label: ExecucaoDaDespesaAxis to label_ExecucaoDaDespesaAxis"/>
    <link:loc xlink:type="locator" xlink:href="../../../cor/dim/siconfi-dim_2019-12-31.xsd#siconfi-dim_IdentificacaoDoEnteAxis" xlink:label="IdentificacaoDoEnteAxis" xlink:title="IdentificacaoDoEnteAxis"/>
    <link:label xlink:type="resource" xlink:label="label_IdentificacaoDoEnteAxis" xlink:role="http://www.xbrl.org/2003/role/label" xlink:title="label_IdentificacaoDoEnteAxis" xml:lang="pt-br" id="label_IdentificacaoDoEnteAxis">Identificação do Ente [axis] [orientacao=vertical]</link:label>
    <link:labelArc xlink:type="arc" xlink:arcrole="http://www.xbrl.org/2003/arcrole/concept-label" xlink:from="IdentificacaoDoEnteAxis" xlink:to="label_IdentificacaoDoEnteAxis" xlink:title="label: IdentificacaoDoEnteAxis to label_IdentificacaoDoEnteAxis"/>
    <link:loc xlink:type="locator" xlink:href="../../../cor/dim/siconfi-dim_2019-12-31.xsd#siconfi-dim_DespesasExecutadasUltimos12MesesMember" xlink:label="DespesasExecutadasUltimos12MesesMember" xlink:title="DespesasExecutadasUltimos12MesesMember"/>
    <link:label xlink:type="resource" xlink:label="label_DespesasExecutadasUltimos12MesesMember" xlink:role="http://www.xbrl.org/2003/role/label" xlink:title="label_DespesasExecutadasUltimos12MesesMember" xml:lang="pt-br" id="label_DespesasExecutadasUltimos12MesesMember_2">DESPESAS EXECUTADAS (Últimos 12 Meses) [member]</link:label>
    <link:labelArc xlink:type="arc" xlink:arcrole="http://www.xbrl.org/2003/arcrole/concept-label" xlink:from="DespesasExecutadasUltimos12MesesMember" xlink:to="label_DespesasExecutadasUltimos12MesesMember" xlink:title="label: DespesasExecutadasUltimos12MesesMember to label_DespesasExecutadasUltimos12MesesMember"/>
    <link:loc xlink:type="locator" xlink:href="../../../cor/dim/siconfi-dim_2019-12-31.xsd#siconfi-dim_DespesasInscritasEmRestosAPagarNaoProcessadosUltimos12MesesMember" xlink:label="DespesasInscritasEmRestosAPagarNaoProcessadosUltimos12MesesMember" xlink:title="DespesasInscritasEmRestosAPagarNaoProcessadosUltimos12MesesMember"/>
    <link:label xlink:type="resource" xlink:label="label_DespesasInscritasEmRestosAPagarNaoProcessadosUltimos12MesesMember" xlink:role="http://www.xbrl.org/2003/role/label" xlink:title="label_DespesasInscritasEmRestosAPagarNaoProcessadosUltimos12MesesMember" xml:lang="pt-br" id="label_DespesasInscritasEmRestosAPagarNaoProcessadosUltimos12MesesMember_2">INSCRITAS EM RESTOS A PAGAR NÃO PROCESSADOS (b) [member]</link:label>
    <link:labelArc xlink:type="arc" xlink:arcrole="http://www.xbrl.org/2003/arcrole/concept-label" xlink:from="DespesasInscritasEmRestosAPagarNaoProcessadosUltimos12MesesMember" xlink:to="label_DespesasInscritasEmRestosAPagarNaoProcessadosUltimos12MesesMember" xlink:title="label: DespesasInscritasEmRestosAPagarNaoProcessadosUltimos12MesesMember to label_DespesasInscritasEmRestosAPagarNaoProcessadosUltimos12MesesMember"/>
    <link:loc xlink:type="locator" xlink:href="../../../cor/dim/siconfi-dim_2019-12-31.xsd#siconfi-dim_DespesasLiquidadasUltimos12MesesMember" xlink:label="DespesasLiquidadasUltimos12MesesMember" xlink:title="DespesasLiquidadasUltimos12MesesMember"/>
    <link:label xlink:type="resource" xlink:label="label_DespesasLiquidadasUltimos12MesesMember" xlink:role="http://www.xbrl.org/2003/role/label" xlink:title="label_DespesasLiquidadasUltimos12MesesMember" xml:lang="pt-br" id="label_DespesasLiquidadasUltimos12MesesMember_2">LIQUIDADAS (a) [member]</link:label>
    <link:labelArc xlink:type="arc" xlink:arcrole="http://www.xbrl.org/2003/arcrole/concept-label" xlink:from="DespesasLiquidadasUltimos12MesesMember" xlink:to="label_DespesasLiquidadasUltimos12MesesMember" xlink:title="label: DespesasLiquidadasUltimos12MesesMember to label_DespesasLiquidadasUltimos12MesesMember"/>
    <link:loc xlink:type="locator" xlink:href="../../../cor/dim/siconfi-dim_2019-12-31.xsd#siconfi-dim_TotalDespesaMember" xlink:label="TotalDespesaMember" xlink:title="TotalDespesaMember"/>
    <link:label xlink:type="resource" xlink:label="label_TotalDespesaMember" xlink:role="http://www.xbrl.org/2003/role/label" xlink:title="label_TotalDespesaMember" xml:lang="pt-br" id="label_TotalDespesaMember_2">TOTAL (c=a+b) [member]</link:label>
    <link:labelArc xlink:type="arc" xlink:arcrole="http://www.xbrl.org/2003/arcrole/concept-label" xlink:from="TotalDespesaMember" xlink:to="label_TotalDespesaMember" xlink:title="label: TotalDespesaMember to label_TotalDespesaMember"/>
    <link:loc xlink:type="locator" xlink:href="../../../cor/dim/siconfi-dim_2019-12-31.xsd#siconfi-dim_ValoresTotaisTransferidosPorContratoDeRateioMember" xlink:label="ValoresTotaisTransferidosPorContratoDeRateioMember" xlink:title="ValoresTotaisTransferidosPorContratoDeRateioMember"/>
    <link:label xlink:type="resource" xlink:label="label_ValoresTotaisTransferidosPorContratoDeRateioMember" xlink:role="http://www.xbrl.org/2003/role/label" xlink:title="label_ValoresTotaisTransferidosPorContratoDeRateioMember" xml:lang="pt-br" id="label_ValoresTotaisTransferidosPorContratoDeRateioMember_2">VALORES EXECUTADOS [member]</link:label>
    <link:labelArc xlink:type="arc" xlink:arcrole="http://www.xbrl.org/2003/arcrole/concept-label" xlink:from="ValoresTotaisTransferidosPorContratoDeRateioMember" xlink:to="label_ValoresTotaisTransferidosPorContratoDeRateioMember" xlink:title="label: ValoresTotaisTransferidosPorContratoDeRateioMember to label_ValoresTotaisTransferidosPorContratoDeRateioMember"/>
    <link:loc xlink:type="locator" xlink:href="../../../cor/dim/siconfi-dim_2019-12-31.xsd#siconfi-dim_ValoresTransferidosPorContratoDeRateioMember" xlink:label="ValoresTransferidosPorContratoDeRateioMember" xlink:title="ValoresTransferidosPorContratoDeRateioMember"/>
    <link:label xlink:type="resource" xlink:label="label_ValoresTransferidosPorContratoDeRateioMember" xlink:role="http://www.xbrl.org/2003/role/label" xlink:title="label_ValoresTransferidosPorContratoDeRateioMember" xml:lang="pt-br" id="label_ValoresTransferidosPorContratoDeRateioMember_2">VALORES TRANSFERIDOS POR CONTRATO DE RATEIO [member]</link:label>
    <link:labelArc xlink:type="arc" xlink:arcrole="http://www.xbrl.org/2003/arcrole/concept-label" xlink:from="ValoresTransferidosPorContratoDeRateioMember" xlink:to="label_ValoresTransferidosPorContratoDeRateioMember" xlink:title="label: ValoresTransferidosPorContratoDeRateioMember to label_ValoresTransferidosPorContratoDeRateioMember"/>
    <link:loc xlink:type="locator" xlink:href="../../../cor/ic/siconfi-cor_2019-12-31.xsd#siconfi-cor_DespesaComPessoalAtivoBrutaConsorcioContratoDeRateio" xlink:label="DespesaComPessoalAtivoBrutaConsorcioContratoDeRateio" xlink:title="DespesaComPessoalAtivoBrutaConsorcioContratoDeRateio"/>
    <link:label xlink:type="resource" xlink:label="label_DespesaComPessoalAtivoBrutaConsorcioContratoDeRateio" xlink:role="http://www.xbrl.org/2003/role/label" xlink:title="label_DespesaComPessoalAtivoBrutaConsorcioContratoDeRateio" xml:lang="pt-br" id="label_DespesaComPessoalAtivoBrutaConsorcioContratoDeRateio_2">Pessoal Ativo</link:label>
    <link:labelArc xlink:type="arc" xlink:arcrole="http://www.xbrl.org/2003/arcrole/concept-label" xlink:from="DespesaComPessoalAtivoBrutaConsorcioContratoDeRateio" xlink:to="label_DespesaComPessoalAtivoBrutaConsorcioContratoDeRateio" xlink:title="label: DespesaComPessoalAtivoBrutaConsorcioContratoDeRateio to label_DespesaComPessoalAtivoBrutaConsorcioContratoDeRateio"/>
    <link:loc xlink:type="locator" xlink:href="../../../cor/ic/siconfi-cor_2019-12-31.xsd#siconfi-cor_DespesaComPessoalBrutaConsorcioContratoDeRateio" xlink:label="DespesaComPessoalBrutaConsorcioContratoDeRateio" xlink:title="DespesaComPessoalBrutaConsorcioContratoDeRateio"/>
    <link:label xlink:type="resource" xlink:label="label_DespesaComPessoalBrutaConsorcioContratoDeRateio" xlink:role="http://www.xbrl.org/2003/role/label" xlink:title="label_DespesaComPessoalBrutaConsorcioContratoDeRateio" xml:lang="pt-br" id="label_DespesaComPessoalBrutaConsorcioContratoDeRateio_2">DESPESA BRUTA COM PESSOAL (CONTRATO DE RATEIO) (I)</link:label>
    <link:labelArc xlink:type="arc" xlink:arcrole="http://www.xbrl.org/2003/arcrole/concept-label" xlink:from="DespesaComPessoalBrutaConsorcioContratoDeRateio" xlink:to="label_DespesaComPessoalBrutaConsorcioContratoDeRateio" xlink:title="label: DespesaComPessoalBrutaConsorcioContratoDeRateio to label_DespesaComPessoalBrutaConsorcioContratoDeRateio"/>
    <link:loc xlink:type="locator" xlink:href="../../../cor/ic/siconfi-cor_2019-12-31.xsd#siconfi-cor_DespesaComPessoalBrutaConsorcioValorExecutadoComRecursosDoContratoDeRateio" xlink:label="DespesaComPessoalBrutaConsorcioValorExecutadoComRecursosDoContratoDeRateio" xlink:title="DespesaComPessoalBrutaConsorcioValorExecutadoComRecursosDoContratoDeRateio"/>
    <link:label xlink:type="resource" xlink:label="label_DespesaComPessoalBrutaConsorcioValorExecutadoComRecursosDoContratoDeRateio" xlink:role="http://www.xbrl.org/2003/role/label" xlink:title="label_DespesaComPessoalBrutaConsorcioValorExecutadoComRecursosDoContratoDeRateio" xml:lang="pt-br" id="label_DespesaComPessoalBrutaConsorcioValorExecutadoComRecursosDoContratoDeRateio_2">Valores transferidos por Ente</link:label>
    <link:labelArc xlink:type="arc" xlink:arcrole="http://www.xbrl.org/2003/arcrole/concept-label" xlink:from="DespesaComPessoalBrutaConsorcioValorExecutadoComRecursosDoContratoDeRateio" xlink:to="label_DespesaComPessoalBrutaConsorcioValorExecutadoComRecursosDoContratoDeRateio" xlink:title="label: DespesaComPessoalBrutaConsorcioValorExecutadoComRecursosDoContratoDeRateio to label_DespesaComPessoalBrutaConsorcioValorExecutadoComRecursosDoContratoDeRateio"/>
    <link:loc xlink:type="locator" xlink:href="../../../cor/ic/siconfi-cor_2019-12-31.xsd#siconfi-cor_DespesaComPessoalDecorrenteDeTerceirizacaoPorSubstituicaoBrutaConsorcioContratoDeRateio" xlink:label="DespesaComPessoalDecorrenteDeTerceirizacaoPorSubstituicaoBrutaConsorcioContratoDeRateio" xlink:title="DespesaComPessoalDecorrenteDeTerceirizacaoPorSubstituicaoBrutaConsorcioContratoDeRateio"/>
    <link:label xlink:type="resource" xlink:label="label_DespesaComPessoalDecorrenteDeTerceirizacaoPorSubstituicaoBrutaConsorcioContratoDeRateio" xlink:role="http://www.xbrl.org/2003/role/label" xlink:title="label_DespesaComPessoalDecorrenteDeTerceirizacaoPorSubstituicaoBrutaConsorcioContratoDeRateio" xml:lang="pt-br" id="label_DespesaComPessoalDecorrenteDeTerceirizacaoPorSubstituicaoBrutaConsorcioContratoDeRateio_2">Outras Despesas de Pessoal decorrentes de Contratos de Terceirização ou de contração de forma indireta (§ 1º do art. 18 da LRF)</link:label>
    <link:labelArc xlink:type="arc" xlink:arcrole="http://www.xbrl.org/2003/arcrole/concept-label" xlink:from="DespesaComPessoalDecorrenteDeTerceirizacaoPorSubstituicaoBrutaConsorcioContratoDeRateio" xlink:to="label_DespesaComPessoalDecorrenteDeTerceirizacaoPorSubstituicaoBrutaConsorcioContratoDeRateio" xlink:title="label: DespesaComPessoalDecorrenteDeTerceirizacaoPorSubstituicaoBrutaConsorcioContratoDeRateio to label_DespesaComPessoalDecorrenteDeTerceirizacaoPorSubstituicaoBrutaConsorcioContratoDeRateio"/>
    <link:loc xlink:type="locator" xlink:href="../../../cor/ic/siconfi-cor_2019-12-31.xsd#siconfi-cor_DespesaComPessoalLiquidaConsorcioContratoDeRateio" xlink:label="DespesaComPessoalLiquidaConsorcioContratoDeRateio" xlink:title="DespesaComPessoalLiquidaConsorcioContratoDeRateio"/>
    <link:label xlink:type="resource" xlink:label="label_DespesaComPessoalLiquidaConsorcioContratoDeRateio" xlink:role="http://www.xbrl.org/2003/role/label" xlink:title="label_DespesaComPessoalLiquidaConsorcioContratoDeRateio" xml:lang="pt-br" id="label_DespesaComPessoalLiquidaConsorcioContratoDeRateio_2">DESPESA COM PESSOAL (CONTRATO DE RATEIO) (III) = (I - II)</link:label>
    <link:labelArc xlink:type="arc" xlink:arcrole="http://www.xbrl.org/2003/arcrole/concept-label" xlink:from="DespesaComPessoalLiquidaConsorcioContratoDeRateio" xlink:to="label_DespesaComPessoalLiquidaConsorcioContratoDeRateio" xlink:title="label: DespesaComPessoalLiquidaConsorcioContratoDeRateio to label_DespesaComPessoalLiquidaConsorcioContratoDeRateio"/>
    <link:loc xlink:type="locator" xlink:href="../../../cor/ic/siconfi-cor_2019-12-31.xsd#siconfi-cor_DespesaComPessoalLiquidaRecursoProprioConsorcioContratoDeRateio" xlink:label="DespesaComPessoalLiquidaRecursoProprioConsorcioContratoDeRateio" xlink:title="DespesaComPessoalLiquidaRecursoProprioConsorcioContratoDeRateio"/>
    <link:label xlink:type="resource" xlink:label="label_DespesaComPessoalLiquidaRecursoProprioConsorcioContratoDeRateio" xlink:role="http://www.xbrl.org/2003/role/label" xlink:title="label_DespesaComPessoalLiquidaRecursoProprioConsorcioContratoDeRateio" xml:lang="pt-br" id="label_DespesaComPessoalLiquidaRecursoProprioConsorcioContratoDeRateio_2">DESPESA COM PESSOAL (RECURSOS PRÓPRIOS) (IV)</link:label>
    <link:labelArc xlink:type="arc" xlink:arcrole="http://www.xbrl.org/2003/arcrole/concept-label" xlink:from="DespesaComPessoalLiquidaRecursoProprioConsorcioContratoDeRateio" xlink:to="label_DespesaComPessoalLiquidaRecursoProprioConsorcioContratoDeRateio" xlink:title="label: DespesaComPessoalLiquidaRecursoProprioConsorcioContratoDeRateio to label_DespesaComPessoalLiquidaRecursoProprioConsorcioContratoDeRateio"/>
    <link:loc xlink:type="locator" xlink:href="../../../cor/ic/siconfi-cor_2019-12-31.xsd#siconfi-cor_DespesaComPessoalNaoComputadaConsorcioContratoDeRateio" xlink:label="DespesaComPessoalNaoComputadaConsorcioContratoDeRateio" xlink:title="DespesaComPessoalNaoComputadaConsorcioContratoDeRateio"/>
    <link:label xlink:type="resource" xlink:label="label_DespesaComPessoalNaoComputadaConsorcioContratoDeRateio" xlink:role="http://www.xbrl.org/2003/role/label" xlink:title="label_DespesaComPessoalNaoComputadaConsorcioContratoDeRateio" xml:lang="pt-br" id="label_DespesaComPessoalNaoComputadaConsorcioContratoDeRateio_2">DESPESAS NÃO COMPUTADAS (CONTRATO DE RATEIO) (§ 1º do art. 19 da LRF) (II)</link:label>
    <link:labelArc xlink:type="arc" xlink:arcrole="http://www.xbrl.org/2003/arcrole/concept-label" xlink:from="DespesaComPessoalNaoComputadaConsorcioContratoDeRateio" xlink:to="label_DespesaComPessoalNaoComputadaConsorcioContratoDeRateio" xlink:title="label: DespesaComPessoalNaoComputadaConsorcioContratoDeRateio to label_DespesaComPessoalNaoComputadaConsorcioContratoDeRateio"/>
    <link:loc xlink:type="locator" xlink:href="../../../cor/ic/siconfi-cor_2019-12-31.xsd#siconfi-cor_DespesaComPessoalNaoComputadaDecisaoJudicialPeriodoAnteriorAoDaApuracaoConsorcioContratoDeRateio" xlink:label="DespesaComPessoalNaoComputadaDecisaoJudicialPeriodoAnteriorAoDaApuracaoConsorcioContratoDeRateio" xlink:title="DespesaComPessoalNaoComputadaDecisaoJudicialPeriodoAnteriorAoDaApuracaoConsorcioContratoDeRateio"/>
    <link:label xlink:type="resource" xlink:label="label_DespesaComPessoalNaoComputadaDecisaoJudicialPeriodoAnteriorAoDaApuracaoConsorcioContratoDeRateio" xlink:role="http://www.xbrl.org/2003/role/label" xlink:title="label_DespesaComPessoalNaoComputadaDecisaoJudicialPeriodoAnteriorAoDaApuracaoConsorcioContratoDeRateio" xml:lang="pt-br" id="label_DespesaComPessoalNaoComputadaDecisaoJudicialPeriodoAnteriorAoDaApuracaoConsorcioContratoDeRateio_2">Decorrentes de Decisão Judicial de período anterior ao da apuração</link:label>
    <link:labelArc xlink:type="arc" xlink:arcrole="http://www.xbrl.org/2003/arcrole/concept-label" xlink:from="DespesaComPessoalNaoComputadaDecisaoJudicialPeriodoAnteriorAoDaApuracaoConsorcioContratoDeRateio" xlink:to="label_DespesaComPessoalNaoComputadaDecisaoJudicialPeriodoAnteriorAoDaApuracaoConsorcioContratoDeRateio" xlink:title="label: DespesaComPessoalNaoComputadaDecisaoJudicialPeriodoAnteriorAoDaApuracaoConsorcioContratoDeRateio to label_DespesaComPessoalNaoComputadaDecisaoJudicialPeriodoAnteriorAoDaApuracaoConsorcioContratoDeRateio"/>
    <link:loc xlink:type="locator" xlink:href="../../../cor/ic/siconfi-cor_2019-12-31.xsd#siconfi-cor_DespesaComPessoalNaoComputadaExerciciosAnterioresAoPeriodoDaApuracaoConsorcioContratoDeRateio" xlink:label="DespesaComPessoalNaoComputadaExerciciosAnterioresAoPeriodoDaApuracaoConsorcioContratoDeRateio" xlink:title="DespesaComPessoalNaoComputadaExerciciosAnterioresAoPeriodoDaApuracaoConsorcioContratoDeRateio"/>
    <link:label xlink:type="resource" xlink:label="label_DespesaComPessoalNaoComputadaExerciciosAnterioresAoPeriodoDaApuracaoConsorcioContratoDeRateio" xlink:role="http://www.xbrl.org/2003/role/label" xlink:title="label_DespesaComPessoalNaoComputadaExerciciosAnterioresAoPeriodoDaApuracaoConsorcioContratoDeRateio" xml:lang="pt-br" id="label_DespesaComPessoalNaoComputadaExerciciosAnterioresAoPeriodoDaApuracaoConsorcioContratoDeRateio_2">Despesas de Exercícios Anteriores de período anterior ao da apuração</link:label>
    <link:labelArc xlink:type="arc" xlink:arcrole="http://www.xbrl.org/2003/arcrole/concept-label" xlink:from="DespesaComPessoalNaoComputadaExerciciosAnterioresAoPeriodoDaApuracaoConsorcioContratoDeRateio" xlink:to="label_DespesaComPessoalNaoComputadaExerciciosAnterioresAoPeriodoDaApuracaoConsorcioContratoDeRateio" xlink:title="label: DespesaComPessoalNaoComputadaExerciciosAnterioresAoPeriodoDaApuracaoConsorcioContratoDeRateio to label_DespesaComPessoalNaoComputadaExerciciosAnterioresAoPeriodoDaApuracaoConsorcioContratoDeRateio"/>
    <link:loc xlink:type="locator" xlink:href="../../../cor/ic/siconfi-cor_2019-12-31.xsd#siconfi-cor_DespesaComPessoalNaoComputadaIndenizacaoDemissaoVoluntariaConsorcioContratoDeRateio" xlink:label="DespesaComPessoalNaoComputadaIndenizacaoDemissaoVoluntariaConsorcioContratoDeRateio" xlink:title="DespesaComPessoalNaoComputadaIndenizacaoDemissaoVoluntariaConsorcioContratoDeRateio"/>
    <link:label xlink:type="resource" xlink:label="label_DespesaComPessoalNaoComputadaIndenizacaoDemissaoVoluntariaConsorcioContratoDeRateio" xlink:role="http://www.xbrl.org/2003/role/label" xlink:title="label_DespesaComPessoalNaoComputadaIndenizacaoDemissaoVoluntariaConsorcioContratoDeRateio" xml:lang="pt-br" id="label_DespesaComPessoalNaoComputadaIndenizacaoDemissaoVoluntariaConsorcioContratoDeRateio_2">Indenizações por Demissão e Incentivos à Demissão Voluntária</link:label>
    <link:labelArc xlink:type="arc" xlink:arcrole="http://www.xbrl.org/2003/arcrole/concept-label" xlink:from="DespesaComPessoalNaoComputadaIndenizacaoDemissaoVoluntariaConsorcioContratoDeRateio" xlink:to="label_DespesaComPessoalNaoComputadaIndenizacaoDemissaoVoluntariaConsorcioContratoDeRateio" xlink:title="label: DespesaComPessoalNaoComputadaIndenizacaoDemissaoVoluntariaConsorcioContratoDeRateio to label_DespesaComPessoalNaoComputadaIndenizacaoDemissaoVoluntariaConsorcioContratoDeRateio"/>
    <link:loc xlink:type="locator" xlink:href="../../../cor/ic/siconfi-cor_2019-12-31.xsd#siconfi-cor_DespesaComPessoalTotalConsorcio" xlink:label="DespesaComPessoalTotalConsorcio" xlink:title="DespesaComPessoalTotalConsorcio"/>
    <link:label xlink:type="resource" xlink:label="label_DespesaComPessoalTotalConsorcio" xlink:role="http://www.xbrl.org/2003/role/label" xlink:title="label_DespesaComPessoalTotalConsorcio" xml:lang="pt-br" id="label_DespesaComPessoalTotalConsorcio_2">DESPESA TOTAL COM PESSOAL - DTP (V) = (III + IV)</link:label>
    <link:labelArc xlink:type="arc" xlink:arcrole="http://www.xbrl.org/2003/arcrole/concept-label" xlink:from="DespesaComPessoalTotalConsorcio" xlink:to="label_DespesaComPessoalTotalConsorcio" xlink:title="label: DespesaComPessoalTotalConsorcio to label_DespesaComPessoalTotalConsorcio"/>
    <link:loc xlink:type="locator" xlink:href="../../../cor/ic/siconfi-cor_2019-12-31.xsd#siconfi-cor_DespesaComPessoalTotalEnteConsorciado" xlink:label="DespesaComPessoalTotalEnteConsorciado" xlink:title="DespesaComPessoalTotalEnteConsorciado"/>
    <link:label xlink:type="resource" xlink:label="label_DespesaComPessoalTotalEnteConsorciado" xlink:role="http://www.xbrl.org/2003/role/label" xlink:title="label_DespesaComPessoalTotalEnteConsorciado" xml:lang="pt-br" id="label_DespesaComPessoalTotalEnteConsorciado">Total dos valores transferidos pelos Entes</link:label>
    <link:labelArc xlink:type="arc" xlink:arcrole="http://www.xbrl.org/2003/arcrole/concept-label" xlink:from="DespesaComPessoalTotalEnteConsorciado" xlink:to="label_DespesaComPessoalTotalEnteConsorciado" xlink:title="label: DespesaComPessoalTotalEnteConsorciado to label_DespesaComPessoalTotalEnteConsorciado"/>
    <link:loc xlink:type="locator" xlink:href="../../../cor/ic/siconfi-cor_2019-12-31.xsd#siconfi-cor_FonteAnexo1Tabela1.5RGF" xlink:label="FonteAnexo1Tabela1.5RGF" xlink:title="FonteAnexo1Tabela1.5RGF"/>
    <link:label xlink:type="resource" xlink:label="label_FonteAnexo1Tabela1.5RGF" xlink:role="http://www.xbrl.org/2003/role/label" xlink:title="label_FonteAnexo1Tabela1.5RGF" xml:lang="pt-br" id="label_FonteAnexo1Tabela1.5RGF">Notas Explicativas</link:label>
    <link:labelArc xlink:type="arc" xlink:arcrole="http://www.xbrl.org/2003/arcrole/concept-label" xlink:from="FonteAnexo1Tabela1.5RGF" xlink:to="label_FonteAnexo1Tabela1.5RGF" xlink:title="label: FonteAnexo1Tabela1.5RGF to label_FonteAnexo1Tabela1.5RGF"/>
    <link:loc xlink:type="locator" xlink:href="siconfi-rgf-anexo1consorciospublicos_2019-12-31.xsd#siconfi-rgf-anexo1consorciospublicos_DespesaBrutaComPessoalPorEnteConsorciadoTable" xlink:label="DespesaBrutaComPessoalPorEnteConsorciadoTable" xlink:title="DespesaBrutaComPessoalPorEnteConsorciadoTable"/>
    <link:label xlink:type="resource" xlink:label="label_DespesaBrutaComPessoalPorEnteConsorciadoTable" xlink:role="http://www.xbrl.org/2003/role/label" xlink:title="label_DespesaBrutaComPessoalPorEnteConsorciadoTable" xml:lang="pt-br" id="label_DespesaBrutaComPessoalPorEnteConsorciadoTable">Despesa Bruta com Pessoal por Ente Consorciado [table]</link:label>
    <link:labelArc xlink:type="arc" xlink:arcrole="http://www.xbrl.org/2003/arcrole/concept-label" xlink:from="DespesaBrutaComPessoalPorEnteConsorciadoTable" xlink:to="label_DespesaBrutaComPessoalPorEnteConsorciadoTable" xlink:title="label: DespesaBrutaComPessoalPorEnteConsorciadoTable to label_DespesaBrutaComPessoalPorEnteConsorciadoTable"/>
    <link:loc xlink:type="locator" xlink:href="siconfi-rgf-anexo1consorciospublicos_2019-12-31.xsd#siconfi-rgf-anexo1consorciospublicos_DespesaComPessoalTable" xlink:label="DespesaComPessoalTable" xlink:title="DespesaComPessoalTable"/>
    <link:label xlink:type="resource" xlink:label="label_DespesaComPessoalTable" xlink:role="http://www.xbrl.org/2003/role/label" xlink:title="label_DespesaComPessoalTable" xml:lang="pt-br" id="label_DespesaComPessoalTable">Despesa Executada com Pessoal [table]</link:label>
    <link:labelArc xlink:type="arc" xlink:arcrole="http://www.xbrl.org/2003/arcrole/concept-label" xlink:from="DespesaComPessoalTable" xlink:to="label_DespesaComPessoalTable" xlink:title="label: DespesaComPessoalTable to label_DespesaComPessoalTable"/>
    <link:loc xlink:type="locator" xlink:href="siconfi-rgf-anexo1consorciospublicos_2019-12-31.xsd#siconfi-rgf-anexo1consorciospublicos_DespesaBrutaComPessoalPorEnteConsorciadoLineItems" xlink:label="DespesaBrutaComPessoalPorEnteConsorciadoLineItems" xlink:title="DespesaBrutaComPessoalPorEnteConsorciadoLineItems"/>
    <link:label xlink:type="resource" xlink:label="label_DespesaBrutaComPessoalPorEnteConsorciadoLineItems" xlink:role="http://www.xbrl.org/2003/role/label" xlink:title="label_DespesaBrutaComPessoalPorEnteConsorciadoLineItems" xml:lang="pt-br" id="label_DespesaBrutaComPessoalPorEnteConsorciadoLineItems">[004] Despesa Bruta com Pessoal por Ente Consorciado [line items]</link:label>
    <link:labelArc xlink:type="arc" xlink:arcrole="http://www.xbrl.org/2003/arcrole/concept-label" xlink:from="DespesaBrutaComPessoalPorEnteConsorciadoLineItems" xlink:to="label_DespesaBrutaComPessoalPorEnteConsorciadoLineItems" xlink:title="label: DespesaBrutaComPessoalPorEnteConsorciadoLineItems to label_DespesaBrutaComPessoalPorEnteConsorciadoLineItems"/>
    <link:loc xlink:type="locator" xlink:href="siconfi-rgf-anexo1consorciospublicos_2019-12-31.xsd#siconfi-rgf-anexo1consorciospublicos_DespesaBrutaComPessoalPorEnteConsorciadoAbstract" xlink:label="DespesaBrutaComPessoalPorEnteConsorciadoAbstract" xlink:title="DespesaBrutaComPessoalPorEnteConsorciadoAbstract"/>
    <link:label xlink:type="resource" xlink:label="label_DespesaBrutaComPessoalPorEnteConsorciadoAbstract" xlink:role="http://www.xbrl.org/2003/role/label" xlink:title="label_DespesaBrutaComPessoalPorEnteConsorciadoAbstract" xml:lang="pt-br" id="label_DespesaBrutaComPessoalPorEnteConsorciadoAbstract">[003] Despesa Bruta com Pessoal por Ente Consorciado [abstract]</link:label>
    <link:labelArc xlink:type="arc" xlink:arcrole="http://www.xbrl.org/2003/arcrole/concept-label" xlink:from="DespesaBrutaComPessoalPorEnteConsorciadoAbstract" xlink:to="label_DespesaBrutaComPessoalPorEnteConsorciadoAbstract" xlink:title="label: DespesaBrutaComPessoalPorEnteConsorciadoAbstract to label_DespesaBrutaComPessoalPorEnteConsorciadoAbstract"/>
    <link:loc xlink:type="locator" xlink:href="siconfi-rgf-anexo1consorciospublicos_2019-12-31.xsd#siconfi-rgf-anexo1consorciospublicos_DemonstrativoAnexo1Abstract" xlink:label="DemonstrativoAnexo1Abstract" xlink:title="DemonstrativoAnexo1Abstract"/>
    <link:label xlink:type="resource" xlink:label="label_DemonstrativoAnexo1Abstract" xlink:role="http://www.xbrl.org/2003/role/label" xlink:title="label_DemonstrativoAnexo1Abstract" xml:lang="pt-br" id="label_DemonstrativoAnexo1Abstract">RGF - Anexo 1 (Portaria STN nº 72, art. 15, inciso IV, a) [abstract]</link:label>
    <link:labelArc xlink:type="arc" xlink:arcrole="http://www.xbrl.org/2003/arcrole/concept-label" xlink:from="DemonstrativoAnexo1Abstract" xlink:to="label_DemonstrativoAnexo1Abstract" xlink:title="label: DemonstrativoAnexo1Abstract to label_DemonstrativoAnexo1Abstract"/>
    <link:loc xlink:type="locator" xlink:href="siconfi-rgf-anexo1consorciospublicos_2019-12-31.xsd#siconfi-rgf-anexo1consorciospublicos_DespesaComPessoalLineItems" xlink:label="DespesaComPessoalLineItems" xlink:title="DespesaComPessoalLineItems"/>
    <link:label xlink:type="resource" xlink:label="label_DespesaComPessoalLineItems" xlink:role="http://www.xbrl.org/2003/role/label" xlink:title="label_DespesaComPessoalLineItems" xml:lang="pt-br" id="label_DespesaComPessoalLineItems">[002] Despesa com Pessoal [line items]</link:label>
    <link:labelArc xlink:type="arc" xlink:arcrole="http://www.xbrl.org/2003/arcrole/concept-label" xlink:from="DespesaComPessoalLineItems" xlink:to="label_DespesaComPessoalLineItems" xlink:title="label: DespesaComPessoalLineItems to label_DespesaComPessoalLineItems"/>
    <link:loc xlink:type="locator" xlink:href="siconfi-rgf-anexo1consorciospublicos_2019-12-31.xsd#siconfi-rgf-anexo1consorciospublicos_DespesaTotalComPessoalLineItems" xlink:label="DespesaTotalComPessoalLineItems" xlink:title="DespesaTotalComPessoalLineItems"/>
    <link:label xlink:type="resource" xlink:label="label_DespesaTotalComPessoalLineItems" xlink:role="http://www.xbrl.org/2003/role/label" xlink:title="label_DespesaTotalComPessoalLineItems" xml:lang="pt-br" id="label_DespesaTotalComPessoalLineItems">[006] Despesa Total com Pessoal - DTP [line items]</link:label>
    <link:labelArc xlink:type="arc" xlink:arcrole="http://www.xbrl.org/2003/arcrole/concept-label" xlink:from="DespesaTotalComPessoalLineItems" xlink:to="label_DespesaTotalComPessoalLineItems" xlink:title="label: DespesaTotalComPessoalLineItems to label_DespesaTotalComPessoalLineItems"/>
    <link:loc xlink:type="locator" xlink:href="siconfi-rgf-anexo1consorciospublicos_2019-12-31.xsd#siconfi-rgf-anexo1consorciospublicos_DespesaComPessoalAbstract" xlink:label="DespesaComPessoalAbstract" xlink:title="DespesaComPessoalAbstract"/>
    <link:label xlink:type="resource" xlink:label="label_DespesaComPessoalAbstract" xlink:role="http://www.xbrl.org/2003/role/label" xlink:title="label_DespesaComPessoalAbstract" xml:lang="pt-br" id="label_DespesaComPessoalAbstract">[001] Despesa com Pessoal [abstract]</link:label>
    <link:labelArc xlink:type="arc" xlink:arcrole="http://www.xbrl.org/2003/arcrole/concept-label" xlink:from="DespesaComPessoalAbstract" xlink:to="label_DespesaComPessoalAbstract" xlink:title="label: DespesaComPessoalAbstract to label_DespesaComPessoalAbstract"/>
    <link:loc xlink:type="locator" xlink:href="siconfi-rgf-anexo1consorciospublicos_2019-12-31.xsd#siconfi-rgf-anexo1consorciospublicos_DespesaTotalComPessoalAbstract" xlink:label="DespesaTotalComPessoalAbstract" xlink:title="DespesaTotalComPessoalAbstract"/>
    <link:label xlink:type="resource" xlink:label="label_DespesaTotalComPessoalAbstract" xlink:role="http://www.xbrl.org/2003/role/label" xlink:title="label_DespesaTotalComPessoalAbstract" xml:lang="pt-br" id="label_DespesaTotalComPessoalAbstract">[005] Despesa Total com Pessoal - DTP [abstract]</link:label>
    <link:labelArc xlink:type="arc" xlink:arcrole="http://www.xbrl.org/2003/arcrole/concept-label" xlink:from="DespesaTotalComPessoalAbstract" xlink:to="label_DespesaTotalComPessoalAbstract" xlink:title="label: DespesaTotalComPessoalAbstract to label_DespesaTotalComPessoalAbstract"/>
    <link:loc xlink:type="locator" xlink:href="siconfi-rgf-anexo1consorciospublicos_2019-12-31.xsd#siconfi-rgf-anexo1consorciospublicos_DespesaBrutaComPessoalPorEnteConsorciadoTotalTable" xlink:label="DespesaBrutaComPessoalPorEnteConsorciadoTotalTable" xlink:title="DespesaBrutaComPessoalPorEnteConsorciadoTotalTable"/>
    <link:label xlink:type="resource" xlink:label="label_DespesaBrutaComPessoalPorEnteConsorciadoTotalTable" xlink:role="http://www.xbrl.org/2003/role/label" xlink:title="label_DespesaBrutaComPessoalPorEnteConsorciadoTotalTable" xml:lang="pt-br" id="label_DespesaBrutaComPessoalPorEnteConsorciadoTotalTable">Despesa Bruta com Pessoal por Ente Consorciado Total [table]</link:label>
    <link:labelArc xlink:type="arc" xlink:arcrole="http://www.xbrl.org/2003/arcrole/concept-label" xlink:from="DespesaBrutaComPessoalPorEnteConsorciadoTotalTable" xlink:to="label_DespesaBrutaComPessoalPorEnteConsorciadoTotalTable" xlink:title="label: DespesaBrutaComPessoalPorEnteConsorciadoTotalTable to label_DespesaBrutaComPessoalPorEnteConsorciadoTotalTable"/>
    <link:loc xlink:type="locator" xlink:href="siconfi-rgf-anexo1consorciospublicos_2019-12-31.xsd#siconfi-rgf-anexo1consorciospublicos_FonteAnexo1Tabela1.5Abstract" xlink:label="FonteAnexo1Tabela1.5Abstract" xlink:title="FonteAnexo1Tabela1.5Abstract"/>
    <link:label xlink:type="resource" xlink:label="label_FonteAnexo1Tabela1.5Abstract" xlink:role="http://www.xbrl.org/2003/role/label" xlink:title="label_FonteAnexo1Tabela1.5Abstract" xml:lang="pt-br" id="label_FonteAnexo1Tabela1.5Abstract">[007] Notas Explicativas [abstract] [NOTA]</link:label>
    <link:labelArc xlink:type="arc" xlink:arcrole="http://www.xbrl.org/2003/arcrole/concept-label" xlink:from="FonteAnexo1Tabela1.5Abstract" xlink:to="label_FonteAnexo1Tabela1.5Abstract" xlink:title="label: FonteAnexo1Tabela1.5Abstract to label_FonteAnexo1Tabela1.5Abstract"/>
    <link:loc xlink:type="locator" xlink:href="siconfi-rgf-anexo1consorciospublicos_2019-12-31.xsd#siconfi-rgf-anexo1consorciospublicos_FonteAnexo1Tabela1.4LineItems" xlink:label="FonteAnexo1Tabela1.4LineItems" xlink:title="FonteAnexo1Tabela1.4LineItems"/>
    <link:label xlink:type="resource" xlink:label="label_FonteAnexo1Tabela1.4LineItems" xlink:role="http://www.xbrl.org/2003/role/label" xlink:title="label_FonteAnexo1Tabela1.4LineItems" xml:lang="pt-br" id="label_FonteAnexo1Tabela1.4LineItems">[008] Notas Explicativas [line items]</link:label>
    <link:labelArc xlink:type="arc" xlink:arcrole="http://www.xbrl.org/2003/arcrole/concept-label" xlink:from="FonteAnexo1Tabela1.4LineItems" xlink:to="label_FonteAnexo1Tabela1.4LineItems" xlink:title="label: FonteAnexo1Tabela1.4LineItems to label_FonteAnexo1Tabela1.4LineItems"/>
  </link:labelLink>
  <link:labelLink xlink:type="extended" xlink:role="http://www.xbrl.org/2003/role/link"/>
  <link:labelLink xlink:type="extended" xlink:role="http://www.xbrl.org/2003/role/link">
    <link:loc xlink:type="locator" xlink:href="../../../cor/dim/siconfi-dim_2019-12-31.xsd#siconfi-dim_IdentificacaoConsorcioAxis" xlink:label="IdentificacaoConsorcioAxis" xlink:title="IdentificacaoConsorcioAxis"/>
    <link:label xlink:type="resource" xlink:label="label_IdentificacaoConsorcioAxis" xlink:role="http://www.xbrl.org/2003/role/label" xlink:title="label_IdentificacaoConsorcioAxis" xml:lang="pt-br" id="label_IdentificacaoConsorcioAxis">Identificação do Consórcio [axis] [orientacao=externa]</link:label>
    <link:labelArc xlink:type="arc" xlink:arcrole="http://www.xbrl.org/2003/arcrole/concept-label" xlink:from="IdentificacaoConsorcioAxis" xlink:to="label_IdentificacaoConsorcioAxis" xlink:title="label: IdentificacaoConsorcioAxis to label_IdentificacaoConsorcioAxis"/>
    <link:loc xlink:type="locator" xlink:href="../../../cor/ic/siconfi-cor_2019-12-31.xsd#siconfi-cor_DespesaComPessoalLiquida" xlink:label="DespesaComPessoalLiquida" xlink:title="DespesaComPessoalLiquida"/>
    <link:label xlink:type="resource" xlink:label="label_DespesaComPessoalLiquida" xlink:role="http://www.xbrl.org/2003/role/label" xlink:title="label_DespesaComPessoalLiquida" xml:lang="pt-br" id="label_DespesaComPessoalLiquida">DESPESA LÍQUIDA COM PESSOAL (III) = (I - II)</link:label>
    <link:labelArc xlink:type="arc" xlink:arcrole="http://www.xbrl.org/2003/arcrole/concept-label" xlink:from="DespesaComPessoalLiquida" xlink:to="label_DespesaComPessoalLiquida" xlink:title="label: DespesaComPessoalLiquida to label_DespesaComPessoalLiquida"/>
  </link:labelLink>
</link:linkbase>
