<?xml version="1.0" encoding="UTF-8"?>
<!-- Generated by Fujitsu Interstage XWand B0196 -->
<link:linkbase xmlns:xsi="http://www.w3.org/2001/XMLSchema-instance" xsi:schemaLocation="http://www.xbrl.org/2003/linkbase http://www.xbrl.org/2003/xbrl-linkbase-2003-12-31.xsd" xmlns:siconfi-rreo-anexo11="http://fazenda.gov.br/siconfi/rep/rreo/anexo11/siconfi-rreo-anexo11_2019-12-31" xmlns:link="http://www.xbrl.org/2003/linkbase" xmlns:xbrli="http://www.xbrl.org/2003/instance" xmlns:xlink="http://www.w3.org/1999/xlink">
  <link:roleRef roleURI="http://fazenda.gov.br/siconfi/rep/rreo/anexo11/siconfi-rreo-anexo11-tabela11.0" xlink:type="simple" xlink:href="siconfi-rreo-anexo11_2019-12-31.xsd#siconfi-rreo-anexo11-tabela11.0"/>
  <link:roleRef roleURI="http://fazenda.gov.br/siconfi/rep/rreo/anexo11/siconfi-rreo-anexo11-tabela11.0A" xlink:type="simple" xlink:href="siconfi-rreo-anexo11_2019-12-31.xsd#siconfi-rreo-anexo11-tabela11.0A"/>
  <link:roleRef roleURI="http://fazenda.gov.br/siconfi/rep/rreo/anexo11/siconfi-rreo-anexo11-tabela11.0B" xlink:type="simple" xlink:href="siconfi-rreo-anexo11_2019-12-31.xsd#siconfi-rreo-anexo11-tabela11.0B"/>
  <link:roleRef roleURI="http://fazenda.gov.br/siconfi/rep/rreo/anexo11/siconfi-rreo-anexo11-tabela11.0C" xlink:type="simple" xlink:href="siconfi-rreo-anexo11_2019-12-31.xsd#siconfi-rreo-anexo11-tabela11.0C"/>
  <link:labelLink xlink:type="extended" xlink:role="http://fazenda.gov.br/siconfi/rep/rreo/anexo11/siconfi-rreo-anexo11-tabela11.0C">
    <link:loc xlink:type="locator" xlink:href="../../../cor/ic/siconfi-cor_2019-12-31.xsd#siconfi-cor_SaldoFinanceiroAAplicarDosRecursosDaAlienacaoDeAtivos" xlink:label="SaldoFinanceiroAAplicarDosRecursosDaAlienacaoDeAtivos" xlink:title="SaldoFinanceiroAAplicarDosRecursosDaAlienacaoDeAtivos"/>
    <link:label xlink:type="resource" xlink:label="label_SaldoFinanceiroAAplicarDosRecursosDaAlienacaoDeAtivos" xlink:role="http://www.xbrl.org/2003/role/label" xlink:title="label_SaldoFinanceiroAAplicarDosRecursosDaAlienacaoDeAtivos" xml:lang="pt-br" id="label_SaldoFinanceiroAAplicarDosRecursosDaAlienacaoDeAtivos_2">VALOR (III)</link:label>
    <link:labelArc xlink:type="arc" xlink:arcrole="http://www.xbrl.org/2003/arcrole/concept-label" xlink:from="SaldoFinanceiroAAplicarDosRecursosDaAlienacaoDeAtivos" xlink:to="label_SaldoFinanceiroAAplicarDosRecursosDaAlienacaoDeAtivos" xlink:title="label: SaldoFinanceiroAAplicarDosRecursosDaAlienacaoDeAtivos to label_SaldoFinanceiroAAplicarDosRecursosDaAlienacaoDeAtivos"/>
    <link:loc xlink:type="locator" xlink:href="../../../cor/dim/siconfi-dim_2019-12-31.xsd#siconfi-dim_SaldoAxis" xlink:label="SaldoAxis" xlink:title="SaldoAxis"/>
    <link:label xlink:type="resource" xlink:label="label_SaldoAxis" xlink:role="http://www.xbrl.org/2003/role/label" xlink:title="label_SaldoAxis" xml:lang="pt-br" id="label_SaldoAxis_2">Saldo Financeiro a Aplicar [axis] [orientacao=horizontal]</link:label>
    <link:labelArc xlink:type="arc" xlink:arcrole="http://www.xbrl.org/2003/arcrole/concept-label" xlink:from="SaldoAxis" xlink:to="label_SaldoAxis" xlink:title="label: SaldoAxis to label_SaldoAxis"/>
  </link:labelLink>
  <link:labelLink xlink:type="extended" xlink:role="http://www.xbrl.org/2003/role/link"/>
  <link:labelLink xlink:type="extended" xlink:role="http://fazenda.gov.br/siconfi/rep/rreo/anexo11/siconfi-rreo-anexo11-tabela11.0">
    <link:loc xlink:type="locator" xlink:href="../../../cor/ic/siconfi-cor_2019-12-31.xsd#siconfi-cor_AlienacaoDeBensImoveis" xlink:label="AlienacaoDeBensImoveis" xlink:title="AlienacaoDeBensImoveis"/>
    <link:label xlink:type="resource" xlink:label="label_AlienacaoDeBensImoveis" xlink:role="http://www.xbrl.org/2003/role/label" xlink:title="label_AlienacaoDeBensImoveis" xml:lang="pt-br" id="label_AlienacaoDeBensImoveis">Receita de Capital - Alienação de Bens Imóveis</link:label>
    <link:labelArc xlink:type="arc" xlink:arcrole="http://www.xbrl.org/2003/arcrole/concept-label" xlink:from="AlienacaoDeBensImoveis" xlink:to="label_AlienacaoDeBensImoveis" xlink:title="label: AlienacaoDeBensImoveis to label_AlienacaoDeBensImoveis"/>
    <link:loc xlink:type="locator" xlink:href="../../../cor/ic/siconfi-cor_2019-12-31.xsd#siconfi-cor_AlienacaoDeBensMoveis" xlink:label="AlienacaoDeBensMoveis" xlink:title="AlienacaoDeBensMoveis"/>
    <link:label xlink:type="resource" xlink:label="label_AlienacaoDeBensMoveis" xlink:role="http://www.xbrl.org/2003/role/label" xlink:title="label_AlienacaoDeBensMoveis" xml:lang="pt-br" id="label_AlienacaoDeBensMoveis">Receita de Capital - Alienação de Bens Móveis</link:label>
    <link:labelArc xlink:type="arc" xlink:arcrole="http://www.xbrl.org/2003/arcrole/concept-label" xlink:from="AlienacaoDeBensMoveis" xlink:to="label_AlienacaoDeBensMoveis" xlink:title="label: AlienacaoDeBensMoveis to label_AlienacaoDeBensMoveis"/>
    <link:loc xlink:type="locator" xlink:href="../../../cor/ic/siconfi-cor_2019-12-31.xsd#siconfi-cor_AmortizacaoDaDividaDecorrentesDosRecursosDaAlienacaoDeAtivos" xlink:label="AmortizacaoDaDividaDecorrentesDosRecursosDaAlienacaoDeAtivos" xlink:title="AmortizacaoDaDividaDecorrentesDosRecursosDaAlienacaoDeAtivos"/>
    <link:label xlink:type="resource" xlink:label="label_AmortizacaoDaDividaDecorrentesDosRecursosDaAlienacaoDeAtivos" xlink:role="http://www.xbrl.org/2003/role/label" xlink:title="label_AmortizacaoDaDividaDecorrentesDosRecursosDaAlienacaoDeAtivos" xml:lang="pt-br" id="label_AmortizacaoDaDividaDecorrentesDosRecursosDaAlienacaoDeAtivos">Amortização da Dívida</link:label>
    <link:labelArc xlink:type="arc" xlink:arcrole="http://www.xbrl.org/2003/arcrole/concept-label" xlink:from="AmortizacaoDaDividaDecorrentesDosRecursosDaAlienacaoDeAtivos" xlink:to="label_AmortizacaoDaDividaDecorrentesDosRecursosDaAlienacaoDeAtivos" xlink:title="label: AmortizacaoDaDividaDecorrentesDosRecursosDaAlienacaoDeAtivos to label_AmortizacaoDaDividaDecorrentesDosRecursosDaAlienacaoDeAtivos"/>
    <link:loc xlink:type="locator" xlink:href="../../../cor/ic/siconfi-cor_2019-12-31.xsd#siconfi-cor_AplicacaoDosRecursosDaAlienacaoDeAtivos" xlink:label="AplicacaoDosRecursosDaAlienacaoDeAtivos" xlink:title="AplicacaoDosRecursosDaAlienacaoDeAtivos"/>
    <link:label xlink:type="resource" xlink:label="label_AplicacaoDosRecursosDaAlienacaoDeAtivos" xlink:role="http://www.xbrl.org/2003/role/label" xlink:title="label_AplicacaoDosRecursosDaAlienacaoDeAtivos" xml:lang="pt-br" id="label_AplicacaoDosRecursosDaAlienacaoDeAtivos">APLICAÇÃO DOS RECURSOS DA ALIENAÇÃO DE ATIVOS (II)</link:label>
    <link:labelArc xlink:type="arc" xlink:arcrole="http://www.xbrl.org/2003/arcrole/concept-label" xlink:from="AplicacaoDosRecursosDaAlienacaoDeAtivos" xlink:to="label_AplicacaoDosRecursosDaAlienacaoDeAtivos" xlink:title="label: AplicacaoDosRecursosDaAlienacaoDeAtivos to label_AplicacaoDosRecursosDaAlienacaoDeAtivos"/>
    <link:loc xlink:type="locator" xlink:href="../../../cor/ic/siconfi-cor_2019-12-31.xsd#siconfi-cor_DespesasCorrentesDoRGPSDecorrentesDosRecursosDaAlienacaoDeAtivos" xlink:label="DespesasCorrentesDoRGPSDecorrentesDosRecursosDaAlienacaoDeAtivos" xlink:title="DespesasCorrentesDoRGPSDecorrentesDosRecursosDaAlienacaoDeAtivos"/>
    <link:label xlink:type="resource" xlink:label="label_DespesasCorrentesDoRGPSDecorrentesDosRecursosDaAlienacaoDeAtivos" xlink:role="http://www.xbrl.org/2003/role/label" xlink:title="label_DespesasCorrentesDoRGPSDecorrentesDosRecursosDaAlienacaoDeAtivos" xml:lang="pt-br" id="label_DespesasCorrentesDoRGPSDecorrentesDosRecursosDaAlienacaoDeAtivos">Regime Geral da Previdência Social</link:label>
    <link:labelArc xlink:type="arc" xlink:arcrole="http://www.xbrl.org/2003/arcrole/concept-label" xlink:from="DespesasCorrentesDoRGPSDecorrentesDosRecursosDaAlienacaoDeAtivos" xlink:to="label_DespesasCorrentesDoRGPSDecorrentesDosRecursosDaAlienacaoDeAtivos" xlink:title="label: DespesasCorrentesDoRGPSDecorrentesDosRecursosDaAlienacaoDeAtivos to label_DespesasCorrentesDoRGPSDecorrentesDosRecursosDaAlienacaoDeAtivos"/>
    <link:loc xlink:type="locator" xlink:href="../../../cor/ic/siconfi-cor_2019-12-31.xsd#siconfi-cor_DespesasCorrentesDoRPPSDecorrentesDosRecursosDaAlienacaoDeAtivos" xlink:label="DespesasCorrentesDoRPPSDecorrentesDosRecursosDaAlienacaoDeAtivos" xlink:title="DespesasCorrentesDoRPPSDecorrentesDosRecursosDaAlienacaoDeAtivos"/>
    <link:label xlink:type="resource" xlink:label="label_DespesasCorrentesDoRPPSDecorrentesDosRecursosDaAlienacaoDeAtivos" xlink:role="http://www.xbrl.org/2003/role/label" xlink:title="label_DespesasCorrentesDoRPPSDecorrentesDosRecursosDaAlienacaoDeAtivos" xml:lang="pt-br" id="label_DespesasCorrentesDoRPPSDecorrentesDosRecursosDaAlienacaoDeAtivos">Regime Próprio de Previdência dos Servidores Públicos</link:label>
    <link:labelArc xlink:type="arc" xlink:arcrole="http://www.xbrl.org/2003/arcrole/concept-label" xlink:from="DespesasCorrentesDoRPPSDecorrentesDosRecursosDaAlienacaoDeAtivos" xlink:to="label_DespesasCorrentesDoRPPSDecorrentesDosRecursosDaAlienacaoDeAtivos" xlink:title="label: DespesasCorrentesDoRPPSDecorrentesDosRecursosDaAlienacaoDeAtivos to label_DespesasCorrentesDoRPPSDecorrentesDosRecursosDaAlienacaoDeAtivos"/>
    <link:loc xlink:type="locator" xlink:href="../../../cor/ic/siconfi-cor_2019-12-31.xsd#siconfi-cor_DespesasCorrentesDosRegimesDePrevidenciaDecorrentesDosRecursosDaAlienacaoDeAtivos" xlink:label="DespesasCorrentesDosRegimesDePrevidenciaDecorrentesDosRecursosDaAlienacaoDeAtivos" xlink:title="DespesasCorrentesDosRegimesDePrevidenciaDecorrentesDosRecursosDaAlienacaoDeAtivos"/>
    <link:label xlink:type="resource" xlink:label="label_DespesasCorrentesDosRegimesDePrevidenciaDecorrentesDosRecursosDaAlienacaoDeAtivos" xlink:role="http://www.xbrl.org/2003/role/label" xlink:title="label_DespesasCorrentesDosRegimesDePrevidenciaDecorrentesDosRecursosDaAlienacaoDeAtivos" xml:lang="pt-br" id="label_DespesasCorrentesDosRegimesDePrevidenciaDecorrentesDosRecursosDaAlienacaoDeAtivos">DESPESAS CORRENTES DOS REGIMES DE PREVIDÊNCIA</link:label>
    <link:labelArc xlink:type="arc" xlink:arcrole="http://www.xbrl.org/2003/arcrole/concept-label" xlink:from="DespesasCorrentesDosRegimesDePrevidenciaDecorrentesDosRecursosDaAlienacaoDeAtivos" xlink:to="label_DespesasCorrentesDosRegimesDePrevidenciaDecorrentesDosRecursosDaAlienacaoDeAtivos" xlink:title="label: DespesasCorrentesDosRegimesDePrevidenciaDecorrentesDosRecursosDaAlienacaoDeAtivos to label_DespesasCorrentesDosRegimesDePrevidenciaDecorrentesDosRecursosDaAlienacaoDeAtivos"/>
    <link:loc xlink:type="locator" xlink:href="../../../cor/ic/siconfi-cor_2019-12-31.xsd#siconfi-cor_DespesasDeCapitalDecorrentesDosRecursosDaAlienacaoDeAtivos" xlink:label="DespesasDeCapitalDecorrentesDosRecursosDaAlienacaoDeAtivos" xlink:title="DespesasDeCapitalDecorrentesDosRecursosDaAlienacaoDeAtivos"/>
    <link:label xlink:type="resource" xlink:label="label_DespesasDeCapitalDecorrentesDosRecursosDaAlienacaoDeAtivos" xlink:role="http://www.xbrl.org/2003/role/label" xlink:title="label_DespesasDeCapitalDecorrentesDosRecursosDaAlienacaoDeAtivos" xml:lang="pt-br" id="label_DespesasDeCapitalDecorrentesDosRecursosDaAlienacaoDeAtivos">DESPESAS DE CAPITAL</link:label>
    <link:labelArc xlink:type="arc" xlink:arcrole="http://www.xbrl.org/2003/arcrole/concept-label" xlink:from="DespesasDeCapitalDecorrentesDosRecursosDaAlienacaoDeAtivos" xlink:to="label_DespesasDeCapitalDecorrentesDosRecursosDaAlienacaoDeAtivos" xlink:title="label: DespesasDeCapitalDecorrentesDosRecursosDaAlienacaoDeAtivos to label_DespesasDeCapitalDecorrentesDosRecursosDaAlienacaoDeAtivos"/>
    <link:loc xlink:type="locator" xlink:href="../../../cor/ic/siconfi-cor_2019-12-31.xsd#siconfi-cor_InversoesFinanceirasDecorrentesDosRecursosDaAlienacaoDeAtivos" xlink:label="InversoesFinanceirasDecorrentesDosRecursosDaAlienacaoDeAtivos" xlink:title="InversoesFinanceirasDecorrentesDosRecursosDaAlienacaoDeAtivos"/>
    <link:label xlink:type="resource" xlink:label="label_InversoesFinanceirasDecorrentesDosRecursosDaAlienacaoDeAtivos" xlink:role="http://www.xbrl.org/2003/role/label" xlink:title="label_InversoesFinanceirasDecorrentesDosRecursosDaAlienacaoDeAtivos" xml:lang="pt-br" id="label_InversoesFinanceirasDecorrentesDosRecursosDaAlienacaoDeAtivos">Inversões Financeiras</link:label>
    <link:labelArc xlink:type="arc" xlink:arcrole="http://www.xbrl.org/2003/arcrole/concept-label" xlink:from="InversoesFinanceirasDecorrentesDosRecursosDaAlienacaoDeAtivos" xlink:to="label_InversoesFinanceirasDecorrentesDosRecursosDaAlienacaoDeAtivos" xlink:title="label: InversoesFinanceirasDecorrentesDosRecursosDaAlienacaoDeAtivos to label_InversoesFinanceirasDecorrentesDosRecursosDaAlienacaoDeAtivos"/>
    <link:loc xlink:type="locator" xlink:href="../../../cor/ic/siconfi-cor_2019-12-31.xsd#siconfi-cor_InvestimentosDecorrentesDosRecursosDaAlienacaoDeAtivos" xlink:label="InvestimentosDecorrentesDosRecursosDaAlienacaoDeAtivos" xlink:title="InvestimentosDecorrentesDosRecursosDaAlienacaoDeAtivos"/>
    <link:label xlink:type="resource" xlink:label="label_InvestimentosDecorrentesDosRecursosDaAlienacaoDeAtivos" xlink:role="http://www.xbrl.org/2003/role/label" xlink:title="label_InvestimentosDecorrentesDosRecursosDaAlienacaoDeAtivos" xml:lang="pt-br" id="label_InvestimentosDecorrentesDosRecursosDaAlienacaoDeAtivos">Investimentos</link:label>
    <link:labelArc xlink:type="arc" xlink:arcrole="http://www.xbrl.org/2003/arcrole/concept-label" xlink:from="InvestimentosDecorrentesDosRecursosDaAlienacaoDeAtivos" xlink:to="label_InvestimentosDecorrentesDosRecursosDaAlienacaoDeAtivos" xlink:title="label: InvestimentosDecorrentesDosRecursosDaAlienacaoDeAtivos to label_InvestimentosDecorrentesDosRecursosDaAlienacaoDeAtivos"/>
    <link:loc xlink:type="locator" xlink:href="../../../cor/ic/siconfi-cor_2019-12-31.xsd#siconfi-cor_ReceitasDeCapitalAlienacaoDeAtivos" xlink:label="ReceitasDeCapitalAlienacaoDeAtivos" xlink:title="ReceitasDeCapitalAlienacaoDeAtivos"/>
    <link:label xlink:type="resource" xlink:label="label_ReceitasDeCapitalAlienacaoDeAtivos" xlink:role="http://www.xbrl.org/2003/role/label" xlink:title="label_ReceitasDeCapitalAlienacaoDeAtivos" xml:lang="pt-br" id="label_ReceitasDeCapitalAlienacaoDeAtivos">RECEITAS DE ALIENAÇÃO DE ATIVOS (I)</link:label>
    <link:labelArc xlink:type="arc" xlink:arcrole="http://www.xbrl.org/2003/arcrole/concept-label" xlink:from="ReceitasDeCapitalAlienacaoDeAtivos" xlink:to="label_ReceitasDeCapitalAlienacaoDeAtivos" xlink:title="label: ReceitasDeCapitalAlienacaoDeAtivos to label_ReceitasDeCapitalAlienacaoDeAtivos"/>
    <link:loc xlink:type="locator" xlink:href="../../../cor/ic/siconfi-cor_2019-12-31.xsd#siconfi-cor_AlienacaoDeBensIntangiveis" xlink:label="AlienacaoDeBensIntangiveis" xlink:title="AlienacaoDeBensIntangiveis"/>
    <link:label xlink:type="resource" xlink:label="label_AlienacaoDeBensIntangiveis" xlink:role="http://www.xbrl.org/2003/role/label" xlink:title="label_AlienacaoDeBensIntangiveis" xml:lang="pt-br" id="label_AlienacaoDeBensIntangiveis">Receita de Alienação de Bens Intangíveis</link:label>
    <link:labelArc xlink:type="arc" xlink:arcrole="http://www.xbrl.org/2003/arcrole/concept-label" xlink:from="AlienacaoDeBensIntangiveis" xlink:to="label_AlienacaoDeBensIntangiveis" xlink:title="label: AlienacaoDeBensIntangiveis to label_AlienacaoDeBensIntangiveis"/>
    <link:loc xlink:type="locator" xlink:href="../../../cor/ic/siconfi-cor_2019-12-31.xsd#siconfi-cor_SaldoFinanceiroAAplicarDosRecursosDaAlienacaoDeAtivos" xlink:label="SaldoFinanceiroAAplicarDosRecursosDaAlienacaoDeAtivos" xlink:title="SaldoFinanceiroAAplicarDosRecursosDaAlienacaoDeAtivos"/>
    <link:label xlink:type="resource" xlink:label="label_SaldoFinanceiroAAplicarDosRecursosDaAlienacaoDeAtivos" xlink:role="http://www.xbrl.org/2003/role/label" xlink:title="label_SaldoFinanceiroAAplicarDosRecursosDaAlienacaoDeAtivos" xml:lang="pt-br" id="label_SaldoFinanceiroAAplicarDosRecursosDaAlienacaoDeAtivos">VALOR (III)</link:label>
    <link:labelArc xlink:type="arc" xlink:arcrole="http://www.xbrl.org/2003/arcrole/concept-label" xlink:from="SaldoFinanceiroAAplicarDosRecursosDaAlienacaoDeAtivos" xlink:to="label_SaldoFinanceiroAAplicarDosRecursosDaAlienacaoDeAtivos" xlink:title="label: SaldoFinanceiroAAplicarDosRecursosDaAlienacaoDeAtivos to label_SaldoFinanceiroAAplicarDosRecursosDaAlienacaoDeAtivos"/>
    <link:loc xlink:type="locator" xlink:href="../../../cor/ic/siconfi-cor_2019-12-31.xsd#siconfi-cor_FonteAnexo11Tabela11.0RREO" xlink:label="FonteAnexo11Tabela11.0RREO" xlink:title="FonteAnexo11Tabela11.0RREO"/>
    <link:label xlink:type="resource" xlink:label="label_FonteAnexo11Tabela11.0RREO" xlink:role="http://www.xbrl.org/2003/role/label" xlink:title="label_FonteAnexo11Tabela11.0RREO" xml:lang="pt-br" id="label_FonteAnexo11Tabela11.0RREO">Notas Explicativas</link:label>
    <link:labelArc xlink:type="arc" xlink:arcrole="http://www.xbrl.org/2003/arcrole/concept-label" xlink:from="FonteAnexo11Tabela11.0RREO" xlink:to="label_FonteAnexo11Tabela11.0RREO" xlink:title="label: FonteAnexo11Tabela11.0RREO to label_FonteAnexo11Tabela11.0RREO"/>
    <link:loc xlink:type="locator" xlink:href="../../../cor/ic/siconfi-cor_2019-12-31.xsd#siconfi-cor_RREO11AlienacaoDeBensImoveis" xlink:label="RREO11AlienacaoDeBensImoveis" xlink:title="RREO11AlienacaoDeBensImoveis"/>
    <link:label xlink:type="resource" xlink:label="label_RREO11AlienacaoDeBensImoveis" xlink:role="http://www.xbrl.org/2003/role/label" xlink:title="label_RREO11AlienacaoDeBensImoveis" xml:lang="pt-br" id="label_RREO11AlienacaoDeBensImoveis_2">Receita de Alienação de Bens Imóveis</link:label>
    <link:labelArc xlink:type="arc" xlink:arcrole="http://www.xbrl.org/2003/arcrole/concept-label" xlink:from="RREO11AlienacaoDeBensImoveis" xlink:to="label_RREO11AlienacaoDeBensImoveis" xlink:title="label: RREO11AlienacaoDeBensImoveis to label_RREO11AlienacaoDeBensImoveis"/>
    <link:loc xlink:type="locator" xlink:href="../../../cor/ic/siconfi-cor_2019-12-31.xsd#siconfi-cor_RREO11AlienacaoDeBensMoveis" xlink:label="RREO11AlienacaoDeBensMoveis" xlink:title="RREO11AlienacaoDeBensMoveis"/>
    <link:label xlink:type="resource" xlink:label="label_RREO11AlienacaoDeBensMoveis" xlink:role="http://www.xbrl.org/2003/role/label" xlink:title="label_RREO11AlienacaoDeBensMoveis" xml:lang="pt-br" id="label_RREO11AlienacaoDeBensMoveis_2">Receita de Alienação de Bens Móveis</link:label>
    <link:labelArc xlink:type="arc" xlink:arcrole="http://www.xbrl.org/2003/arcrole/concept-label" xlink:from="RREO11AlienacaoDeBensMoveis" xlink:to="label_RREO11AlienacaoDeBensMoveis" xlink:title="label: RREO11AlienacaoDeBensMoveis to label_RREO11AlienacaoDeBensMoveis"/>
    <link:loc xlink:type="locator" xlink:href="../../../cor/ic/siconfi-cor_2019-12-31.xsd#siconfi-cor_RendimentosDeAplicacaoFinanceira" xlink:label="RendimentosDeAplicacaoFinanceira" xlink:title="RendimentosDeAplicacaoFinanceira"/>
    <link:label xlink:type="resource" xlink:label="label_RendimentosDeAplicacaoFinanceira" xlink:role="http://www.xbrl.org/2003/role/label" xlink:title="label_RendimentosDeAplicacaoFinanceira" xml:lang="pt-br" id="label_RendimentosDeAplicacaoFinanceira">Receita de Rendimentos de Aplicações Financeiras</link:label>
    <link:labelArc xlink:type="arc" xlink:arcrole="http://www.xbrl.org/2003/arcrole/concept-label" xlink:from="RendimentosDeAplicacaoFinanceira" xlink:to="label_RendimentosDeAplicacaoFinanceira" xlink:title="label: RendimentosDeAplicacaoFinanceira to label_RendimentosDeAplicacaoFinanceira"/>
    <link:loc xlink:type="locator" xlink:href="../../../cor/dim/siconfi-dim_2019-12-31.xsd#siconfi-dim_ExecucaoDaDespesaAxis" xlink:label="ExecucaoDaDespesaAxis" xlink:title="ExecucaoDaDespesaAxis"/>
    <link:label xlink:type="resource" xlink:label="label_ExecucaoDaDespesaAxis" xlink:role="http://www.xbrl.org/2003/role/label" xlink:title="label_ExecucaoDaDespesaAxis" xml:lang="pt-br" id="label_ExecucaoDaDespesaAxis">Aplicação dos Recursos da Alienação de Ativos [axis] [orientacao=horizontal]</link:label>
    <link:labelArc xlink:type="arc" xlink:arcrole="http://www.xbrl.org/2003/arcrole/concept-label" xlink:from="ExecucaoDaDespesaAxis" xlink:to="label_ExecucaoDaDespesaAxis" xlink:title="label: ExecucaoDaDespesaAxis to label_ExecucaoDaDespesaAxis"/>
    <link:loc xlink:type="locator" xlink:href="../../../cor/dim/siconfi-dim_2019-12-31.xsd#siconfi-dim_ExecucaoDaReceitaAxis" xlink:label="ExecucaoDaReceitaAxis" xlink:title="ExecucaoDaReceitaAxis"/>
    <link:label xlink:type="resource" xlink:label="label_ExecucaoDaReceitaAxis" xlink:role="http://www.xbrl.org/2003/role/label" xlink:title="label_ExecucaoDaReceitaAxis" xml:lang="pt-br" id="label_ExecucaoDaReceitaAxis">Receita de Alienação de Ativos [axis] [orientacao=horizontal]</link:label>
    <link:labelArc xlink:type="arc" xlink:arcrole="http://www.xbrl.org/2003/arcrole/concept-label" xlink:from="ExecucaoDaReceitaAxis" xlink:to="label_ExecucaoDaReceitaAxis" xlink:title="label: ExecucaoDaReceitaAxis to label_ExecucaoDaReceitaAxis"/>
    <link:loc xlink:type="locator" xlink:href="../../../cor/dim/siconfi-dim_2019-12-31.xsd#siconfi-dim_SaldoAxis" xlink:label="SaldoAxis" xlink:title="SaldoAxis"/>
    <link:label xlink:type="resource" xlink:label="label_SaldoAxis" xlink:role="http://www.xbrl.org/2003/role/label" xlink:title="label_SaldoAxis" xml:lang="pt-br" id="label_SaldoAxis">Saldo Financeiro a Aplicar [axis] [orientacao=horizontal]</link:label>
    <link:labelArc xlink:type="arc" xlink:arcrole="http://www.xbrl.org/2003/arcrole/concept-label" xlink:from="SaldoAxis" xlink:to="label_SaldoAxis" xlink:title="label: SaldoAxis to label_SaldoAxis"/>
    <link:loc xlink:type="locator" xlink:href="../../../cor/dim/siconfi-dim_2019-12-31.xsd#siconfi-dim_DespesasEmpenhadasMember" xlink:label="DespesasEmpenhadasMember" xlink:title="DespesasEmpenhadasMember"/>
    <link:label xlink:type="resource" xlink:label="label_DespesasEmpenhadasMember" xlink:role="http://www.xbrl.org/2003/role/label" xlink:title="label_DespesasEmpenhadasMember" xml:lang="pt-br" id="label_DespesasEmpenhadasMember">DESPESAS EMPENHADAS (e) [member]</link:label>
    <link:labelArc xlink:type="arc" xlink:arcrole="http://www.xbrl.org/2003/arcrole/concept-label" xlink:from="DespesasEmpenhadasMember" xlink:to="label_DespesasEmpenhadasMember" xlink:title="label: DespesasEmpenhadasMember to label_DespesasEmpenhadasMember"/>
    <link:loc xlink:type="locator" xlink:href="../../../cor/dim/siconfi-dim_2019-12-31.xsd#siconfi-dim_DespesasInscritasEmRestosAPagarNaoProcessadosMember" xlink:label="DespesasInscritasEmRestosAPagarNaoProcessadosMember" xlink:title="DespesasInscritasEmRestosAPagarNaoProcessadosMember"/>
    <link:label xlink:type="resource" xlink:label="label_DespesasInscritasEmRestosAPagarNaoProcessadosMember" xlink:role="http://www.xbrl.org/2003/role/label" xlink:title="label_DespesasInscritasEmRestosAPagarNaoProcessadosMember" xml:lang="pt-br" id="label_DespesasInscritasEmRestosAPagarNaoProcessadosMember">DESPESAS INSCRITAS EM RESTOS A PAGAR NÃO PROCESSADOS [member]</link:label>
    <link:labelArc xlink:type="arc" xlink:arcrole="http://www.xbrl.org/2003/arcrole/concept-label" xlink:from="DespesasInscritasEmRestosAPagarNaoProcessadosMember" xlink:to="label_DespesasInscritasEmRestosAPagarNaoProcessadosMember" xlink:title="label: DespesasInscritasEmRestosAPagarNaoProcessadosMember to label_DespesasInscritasEmRestosAPagarNaoProcessadosMember"/>
    <link:loc xlink:type="locator" xlink:href="../../../cor/dim/siconfi-dim_2019-12-31.xsd#siconfi-dim_DespesasLiquidadasMember" xlink:label="DespesasLiquidadasMember" xlink:title="DespesasLiquidadasMember"/>
    <link:label xlink:type="resource" xlink:label="label_DespesasLiquidadasMember" xlink:role="http://www.xbrl.org/2003/role/label" xlink:title="label_DespesasLiquidadasMember" xml:lang="pt-br" id="label_DespesasLiquidadasMember">DESPESAS LIQUIDADAS [member]</link:label>
    <link:labelArc xlink:type="arc" xlink:arcrole="http://www.xbrl.org/2003/arcrole/concept-label" xlink:from="DespesasLiquidadasMember" xlink:to="label_DespesasLiquidadasMember" xlink:title="label: DespesasLiquidadasMember to label_DespesasLiquidadasMember"/>
    <link:loc xlink:type="locator" xlink:href="../../../cor/dim/siconfi-dim_2019-12-31.xsd#siconfi-dim_DespesasPagasMember" xlink:label="DespesasPagasMember" xlink:title="DespesasPagasMember"/>
    <link:label xlink:type="resource" xlink:label="label_DespesasPagasMember" xlink:role="http://www.xbrl.org/2003/role/label" xlink:title="label_DespesasPagasMember" xml:lang="pt-br" id="label_DespesasPagasMember">DESPESAS PAGAS (f) [member]</link:label>
    <link:labelArc xlink:type="arc" xlink:arcrole="http://www.xbrl.org/2003/arcrole/concept-label" xlink:from="DespesasPagasMember" xlink:to="label_DespesasPagasMember" xlink:title="label: DespesasPagasMember to label_DespesasPagasMember"/>
    <link:loc xlink:type="locator" xlink:href="../../../cor/dim/siconfi-dim_2019-12-31.xsd#siconfi-dim_DotacaoAtualizadaMember" xlink:label="DotacaoAtualizadaMember" xlink:title="DotacaoAtualizadaMember"/>
    <link:label xlink:type="resource" xlink:label="label_DotacaoAtualizadaMember" xlink:role="http://www.xbrl.org/2003/role/label" xlink:title="label_DotacaoAtualizadaMember" xml:lang="pt-br" id="label_DotacaoAtualizadaMember">DOTAÇÃO ATUALIZADA (d) [member]</link:label>
    <link:labelArc xlink:type="arc" xlink:arcrole="http://www.xbrl.org/2003/arcrole/concept-label" xlink:from="DotacaoAtualizadaMember" xlink:to="label_DotacaoAtualizadaMember" xlink:title="label: DotacaoAtualizadaMember to label_DotacaoAtualizadaMember"/>
    <link:loc xlink:type="locator" xlink:href="../../../cor/dim/siconfi-dim_2019-12-31.xsd#siconfi-dim_ExercicioAnteriorMember" xlink:label="ExercicioAnteriorMember" xlink:title="ExercicioAnteriorMember"/>
    <link:label xlink:type="resource" xlink:label="label_ExercicioAnteriorMember" xlink:role="http://www.xbrl.org/2003/role/label" xlink:title="label_ExercicioAnteriorMember" xml:lang="pt-br" id="label_ExercicioAnteriorMember">2019 (i) [member]</link:label>
    <link:labelArc xlink:type="arc" xlink:arcrole="http://www.xbrl.org/2003/arcrole/concept-label" xlink:from="ExercicioAnteriorMember" xlink:to="label_ExercicioAnteriorMember" xlink:title="label: ExercicioAnteriorMember to label_ExercicioAnteriorMember"/>
    <link:loc xlink:type="locator" xlink:href="../../../cor/dim/siconfi-dim_2019-12-31.xsd#siconfi-dim_ExercicioDeReferenciaMember" xlink:label="ExercicioDeReferenciaMember" xlink:title="ExercicioDeReferenciaMember"/>
    <link:label xlink:type="resource" xlink:label="label_ExercicioDeReferenciaMember" xlink:role="http://www.xbrl.org/2003/role/label" xlink:title="label_ExercicioDeReferenciaMember" xml:lang="pt-br" id="label_ExercicioDeReferenciaMember">2020 (j) = (Ib - (IIf + IIg)) [member]</link:label>
    <link:labelArc xlink:type="arc" xlink:arcrole="http://www.xbrl.org/2003/arcrole/concept-label" xlink:from="ExercicioDeReferenciaMember" xlink:to="label_ExercicioDeReferenciaMember" xlink:title="label: ExercicioDeReferenciaMember to label_ExercicioDeReferenciaMember"/>
    <link:loc xlink:type="locator" xlink:href="../../../cor/dim/siconfi-dim_2019-12-31.xsd#siconfi-dim_PagamentoAteOBimestreRestosAPagarMember" xlink:label="PagamentoAteOBimestreRestosAPagarMember" xlink:title="PagamentoAteOBimestreRestosAPagarMember"/>
    <link:label xlink:type="resource" xlink:label="label_PagamentoAteOBimestreRestosAPagarMember" xlink:role="http://www.xbrl.org/2003/role/label" xlink:title="label_PagamentoAteOBimestreRestosAPagarMember" xml:lang="pt-br" id="label_PagamentoAteOBimestreRestosAPagarMember">PAGAMENTO DE RESTOS A PAGAR (g) [member]</link:label>
    <link:labelArc xlink:type="arc" xlink:arcrole="http://www.xbrl.org/2003/arcrole/concept-label" xlink:from="PagamentoAteOBimestreRestosAPagarMember" xlink:to="label_PagamentoAteOBimestreRestosAPagarMember" xlink:title="label: PagamentoAteOBimestreRestosAPagarMember to label_PagamentoAteOBimestreRestosAPagarMember"/>
    <link:loc xlink:type="locator" xlink:href="../../../cor/dim/siconfi-dim_2019-12-31.xsd#siconfi-dim_PrevisaoAtualizadaMember" xlink:label="PrevisaoAtualizadaMember" xlink:title="PrevisaoAtualizadaMember"/>
    <link:label xlink:type="resource" xlink:label="label_PrevisaoAtualizadaMember" xlink:role="http://www.xbrl.org/2003/role/label" xlink:title="label_PrevisaoAtualizadaMember" xml:lang="pt-br" id="label_PrevisaoAtualizadaMember">PREVISÃO ATUALIZADA (a) [member]</link:label>
    <link:labelArc xlink:type="arc" xlink:arcrole="http://www.xbrl.org/2003/arcrole/concept-label" xlink:from="PrevisaoAtualizadaMember" xlink:to="label_PrevisaoAtualizadaMember" xlink:title="label: PrevisaoAtualizadaMember to label_PrevisaoAtualizadaMember"/>
    <link:loc xlink:type="locator" xlink:href="../../../cor/dim/siconfi-dim_2019-12-31.xsd#siconfi-dim_ReceitasRealizadasAteOBimestreMember" xlink:label="ReceitasRealizadasAteOBimestreMember" xlink:title="ReceitasRealizadasAteOBimestreMember"/>
    <link:label xlink:type="resource" xlink:label="label_ReceitasRealizadasAteOBimestreMember" xlink:role="http://www.xbrl.org/2003/role/label" xlink:title="label_ReceitasRealizadasAteOBimestreMember" xml:lang="pt-br" id="label_ReceitasRealizadasAteOBimestreMember">RECEITAS REALIZADAS (b) [member]</link:label>
    <link:labelArc xlink:type="arc" xlink:arcrole="http://www.xbrl.org/2003/arcrole/concept-label" xlink:from="ReceitasRealizadasAteOBimestreMember" xlink:to="label_ReceitasRealizadasAteOBimestreMember" xlink:title="label: ReceitasRealizadasAteOBimestreMember to label_ReceitasRealizadasAteOBimestreMember"/>
    <link:loc xlink:type="locator" xlink:href="../../../cor/dim/siconfi-dim_2019-12-31.xsd#siconfi-dim_SaldoAPagarRestosAPagarMember" xlink:label="SaldoAPagarRestosAPagarMember" xlink:title="SaldoAPagarRestosAPagarMember"/>
    <link:label xlink:type="resource" xlink:label="label_SaldoAPagarRestosAPagarMember" xlink:role="http://www.xbrl.org/2003/role/label" xlink:title="label_SaldoAPagarRestosAPagarMember" xml:lang="pt-br" id="label_SaldoAPagarRestosAPagarMember">SALDO (h) = (d-e) [member]</link:label>
    <link:labelArc xlink:type="arc" xlink:arcrole="http://www.xbrl.org/2003/arcrole/concept-label" xlink:from="SaldoAPagarRestosAPagarMember" xlink:to="label_SaldoAPagarRestosAPagarMember" xlink:title="label: SaldoAPagarRestosAPagarMember to label_SaldoAPagarRestosAPagarMember"/>
    <link:loc xlink:type="locator" xlink:href="../../../cor/dim/siconfi-dim_2019-12-31.xsd#siconfi-dim_SaldoAtualMember" xlink:label="SaldoAtualMember" xlink:title="SaldoAtualMember"/>
    <link:label xlink:type="resource" xlink:label="label_SaldoAtualMember" xlink:role="http://www.xbrl.org/2003/role/label" xlink:title="label_SaldoAtualMember" xml:lang="pt-br" id="label_SaldoAtualMember">SALDO ATUAL (k) = (IIIi + IIIj) [member]</link:label>
    <link:labelArc xlink:type="arc" xlink:arcrole="http://www.xbrl.org/2003/arcrole/concept-label" xlink:from="SaldoAtualMember" xlink:to="label_SaldoAtualMember" xlink:title="label: SaldoAtualMember to label_SaldoAtualMember"/>
    <link:loc xlink:type="locator" xlink:href="../../../cor/dim/siconfi-dim_2019-12-31.xsd#siconfi-dim_SaldoDespesaMember" xlink:label="SaldoDespesaMember" xlink:title="SaldoDespesaMember"/>
    <link:label xlink:type="resource" xlink:label="label_SaldoDespesaMember" xlink:role="http://www.xbrl.org/2003/role/label" xlink:title="label_SaldoDespesaMember" xml:lang="pt-br" id="label_SaldoDespesaMember">SALDO A EXECUTAR (g) = [d - (e + f)] [member]</link:label>
    <link:labelArc xlink:type="arc" xlink:arcrole="http://www.xbrl.org/2003/arcrole/concept-label" xlink:from="SaldoDespesaMember" xlink:to="label_SaldoDespesaMember" xlink:title="label: SaldoDespesaMember to label_SaldoDespesaMember"/>
    <link:loc xlink:type="locator" xlink:href="../../../cor/dim/siconfi-dim_2019-12-31.xsd#siconfi-dim_SaldoReceitaMember" xlink:label="SaldoReceitaMember" xlink:title="SaldoReceitaMember"/>
    <link:label xlink:type="resource" xlink:label="label_SaldoReceitaMember" xlink:role="http://www.xbrl.org/2003/role/label" xlink:title="label_SaldoReceitaMember" xml:lang="pt-br" id="label_SaldoReceitaMember">SALDO (c) = (a - b) [member]</link:label>
    <link:labelArc xlink:type="arc" xlink:arcrole="http://www.xbrl.org/2003/arcrole/concept-label" xlink:from="SaldoReceitaMember" xlink:to="label_SaldoReceitaMember" xlink:title="label: SaldoReceitaMember to label_SaldoReceitaMember"/>
    <link:loc xlink:type="locator" xlink:href="../../../cor/dim/siconfi-dim_2019-12-31.xsd#siconfi-dim_RREO11ExecucaoDaDespesaAxis" xlink:label="RREO11ExecucaoDaDespesaAxis" xlink:title="RREO11ExecucaoDaDespesaAxis"/>
    <link:label xlink:type="resource" xlink:label="label_RREO11ExecucaoDaDespesaAxis" xlink:role="http://www.xbrl.org/2003/role/label" xlink:title="label_RREO11ExecucaoDaDespesaAxis" xml:lang="pt-br" id="label_RREO11ExecucaoDaDespesaAxis">Execução da Despesa [axis] [orientacao=horizontal]</link:label>
    <link:labelArc xlink:type="arc" xlink:arcrole="http://www.xbrl.org/2003/arcrole/concept-label" xlink:from="RREO11ExecucaoDaDespesaAxis" xlink:to="label_RREO11ExecucaoDaDespesaAxis" xlink:title="label: RREO11ExecucaoDaDespesaAxis to label_RREO11ExecucaoDaDespesaAxis"/>
    <link:loc xlink:type="locator" xlink:href="../../../cor/dim/siconfi-dim_2019-12-31.xsd#siconfi-dim_RREO11ExecucaoDaReceitaAxis" xlink:label="RREO11ExecucaoDaReceitaAxis" xlink:title="RREO11ExecucaoDaReceitaAxis"/>
    <link:label xlink:type="resource" xlink:label="label_RREO11ExecucaoDaReceitaAxis" xlink:role="http://www.xbrl.org/2003/role/label" xlink:title="label_RREO11ExecucaoDaReceitaAxis" xml:lang="pt-br" id="label_RREO11ExecucaoDaReceitaAxis_2">Execução da Receita [axis] [orientacao=horizontal]</link:label>
    <link:labelArc xlink:type="arc" xlink:arcrole="http://www.xbrl.org/2003/arcrole/concept-label" xlink:from="RREO11ExecucaoDaReceitaAxis" xlink:to="label_RREO11ExecucaoDaReceitaAxis" xlink:title="label: RREO11ExecucaoDaReceitaAxis to label_RREO11ExecucaoDaReceitaAxis"/>
    <link:loc xlink:type="locator" xlink:href="siconfi-rreo-anexo11_2019-12-31.xsd#siconfi-rreo-anexo11uniao_DemonstrativoAnexo11Abstract" xlink:label="DemonstrativoAnexo11Abstract" xlink:title="DemonstrativoAnexo11Abstract"/>
    <link:label xlink:type="resource" xlink:label="label_DemonstrativoAnexo11Abstract" xlink:role="http://www.xbrl.org/2003/role/label" xlink:title="label_DemonstrativoAnexo11Abstract" xml:lang="pt-br" id="label_DemonstrativoAnexo11Abstract">RREO - Anexo 11 (LRF, art. 53, § 1°, inciso III) [abstract]</link:label>
    <link:labelArc xlink:type="arc" xlink:arcrole="http://www.xbrl.org/2003/arcrole/concept-label" xlink:from="DemonstrativoAnexo11Abstract" xlink:to="label_DemonstrativoAnexo11Abstract" xlink:title="label: DemonstrativoAnexo11Abstract to label_DemonstrativoAnexo11Abstract"/>
    <link:loc xlink:type="locator" xlink:href="siconfi-rreo-anexo11_2019-12-31.xsd#siconfi-rreo-anexo11uniao_SaldoFinanceiroAbstract" xlink:label="SaldoFinanceiroAbstract" xlink:title="SaldoFinanceiroAbstract"/>
    <link:label xlink:type="resource" xlink:label="label_SaldoFinanceiroAbstract" xlink:role="http://www.xbrl.org/2003/role/label" xlink:title="label_SaldoFinanceiroAbstract" xml:lang="pt-br" id="label_SaldoFinanceiroAbstract">[005] Saldo Financeiro a Aplicar [abstract]</link:label>
    <link:labelArc xlink:type="arc" xlink:arcrole="http://www.xbrl.org/2003/arcrole/concept-label" xlink:from="SaldoFinanceiroAbstract" xlink:to="label_SaldoFinanceiroAbstract" xlink:title="label: SaldoFinanceiroAbstract to label_SaldoFinanceiroAbstract"/>
    <link:loc xlink:type="locator" xlink:href="siconfi-rreo-anexo11_2019-12-31.xsd#siconfi-rreo-anexo11uniao_SaldoFinanceiroTable" xlink:label="SaldoFinanceiroTable" xlink:title="SaldoFinanceiroTable"/>
    <link:label xlink:type="resource" xlink:label="label_SaldoFinanceiroTable" xlink:role="http://www.xbrl.org/2003/role/label" xlink:title="label_SaldoFinanceiroTable" xml:lang="pt-br" id="label_SaldoFinanceiroTable">Saldo Financeiro a Aplicar [table]</link:label>
    <link:labelArc xlink:type="arc" xlink:arcrole="http://www.xbrl.org/2003/arcrole/concept-label" xlink:from="SaldoFinanceiroTable" xlink:to="label_SaldoFinanceiroTable" xlink:title="label: SaldoFinanceiroTable to label_SaldoFinanceiroTable"/>
    <link:loc xlink:type="locator" xlink:href="siconfi-rreo-anexo11_2019-12-31.xsd#siconfi-rreo-anexo11uniao_SaldoFinanceiroLineItems" xlink:label="SaldoFinanceiroLineItems" xlink:title="SaldoFinanceiroLineItems"/>
    <link:label xlink:type="resource" xlink:label="label_SaldoFinanceiroLineItems" xlink:role="http://www.xbrl.org/2003/role/label" xlink:title="label_SaldoFinanceiroLineItems" xml:lang="pt-br" id="label_SaldoFinanceiroLineItems">[006] Saldo Financeiro a Aplicar [line items]</link:label>
    <link:labelArc xlink:type="arc" xlink:arcrole="http://www.xbrl.org/2003/arcrole/concept-label" xlink:from="SaldoFinanceiroLineItems" xlink:to="label_SaldoFinanceiroLineItems" xlink:title="label: SaldoFinanceiroLineItems to label_SaldoFinanceiroLineItems"/>
    <link:loc xlink:type="locator" xlink:href="siconfi-rreo-anexo11_2019-12-31.xsd#siconfi-rreo-anexo11uniao_ReceitasAbstract" xlink:label="ReceitasAbstract" xlink:title="ReceitasAbstract"/>
    <link:label xlink:type="resource" xlink:label="label_ReceitasAbstract" xlink:role="http://www.xbrl.org/2003/role/label" xlink:title="label_ReceitasAbstract" xml:lang="pt-br" id="label_ReceitasAbstract">[001] Receitas [abstract]</link:label>
    <link:labelArc xlink:type="arc" xlink:arcrole="http://www.xbrl.org/2003/arcrole/concept-label" xlink:from="ReceitasAbstract" xlink:to="label_ReceitasAbstract" xlink:title="label: ReceitasAbstract to label_ReceitasAbstract"/>
    <link:loc xlink:type="locator" xlink:href="siconfi-rreo-anexo11_2019-12-31.xsd#siconfi-rreo-anexo11uniao_DespesasAbstract" xlink:label="DespesasAbstract" xlink:title="DespesasAbstract"/>
    <link:label xlink:type="resource" xlink:label="label_DespesasAbstract" xlink:role="http://www.xbrl.org/2003/role/label" xlink:title="label_DespesasAbstract" xml:lang="pt-br" id="label_DespesasAbstract">[003] Despesas [abstract]</link:label>
    <link:labelArc xlink:type="arc" xlink:arcrole="http://www.xbrl.org/2003/arcrole/concept-label" xlink:from="DespesasAbstract" xlink:to="label_DespesasAbstract" xlink:title="label: DespesasAbstract to label_DespesasAbstract"/>
    <link:loc xlink:type="locator" xlink:href="siconfi-rreo-anexo11_2019-12-31.xsd#siconfi-rreo-anexo11uniao_ReceitasTable" xlink:label="ReceitasTable" xlink:title="ReceitasTable"/>
    <link:label xlink:type="resource" xlink:label="label_ReceitasTable" xlink:role="http://www.xbrl.org/2003/role/label" xlink:title="label_ReceitasTable" xml:lang="pt-br" id="label_ReceitasTable">Receitas de Alienação de Ativos [table]</link:label>
    <link:labelArc xlink:type="arc" xlink:arcrole="http://www.xbrl.org/2003/arcrole/concept-label" xlink:from="ReceitasTable" xlink:to="label_ReceitasTable" xlink:title="label: ReceitasTable to label_ReceitasTable"/>
    <link:loc xlink:type="locator" xlink:href="siconfi-rreo-anexo11_2019-12-31.xsd#siconfi-rreo-anexo11uniao_DespesasTable" xlink:label="DespesasTable" xlink:title="DespesasTable"/>
    <link:label xlink:type="resource" xlink:label="label_DespesasTable" xlink:role="http://www.xbrl.org/2003/role/label" xlink:title="label_DespesasTable" xml:lang="pt-br" id="label_DespesasTable">Aplicação de Recursos de Alienação de Ativos [table]</link:label>
    <link:labelArc xlink:type="arc" xlink:arcrole="http://www.xbrl.org/2003/arcrole/concept-label" xlink:from="DespesasTable" xlink:to="label_DespesasTable" xlink:title="label: DespesasTable to label_DespesasTable"/>
    <link:loc xlink:type="locator" xlink:href="siconfi-rreo-anexo11_2019-12-31.xsd#siconfi-rreo-anexo11uniao_ReceitasLineItems" xlink:label="ReceitasLineItems" xlink:title="ReceitasLineItems"/>
    <link:label xlink:type="resource" xlink:label="label_ReceitasLineItems" xlink:role="http://www.xbrl.org/2003/role/label" xlink:title="label_ReceitasLineItems" xml:lang="pt-br" id="label_ReceitasLineItems">[002] Receitas [line items]</link:label>
    <link:labelArc xlink:type="arc" xlink:arcrole="http://www.xbrl.org/2003/arcrole/concept-label" xlink:from="ReceitasLineItems" xlink:to="label_ReceitasLineItems" xlink:title="label: ReceitasLineItems to label_ReceitasLineItems"/>
    <link:loc xlink:type="locator" xlink:href="siconfi-rreo-anexo11_2019-12-31.xsd#siconfi-rreo-anexo11uniao_DespesasLineItems" xlink:label="DespesasLineItems" xlink:title="DespesasLineItems"/>
    <link:label xlink:type="resource" xlink:label="label_DespesasLineItems" xlink:role="http://www.xbrl.org/2003/role/label" xlink:title="label_DespesasLineItems" xml:lang="pt-br" id="label_DespesasLineItems">[004] Despesas [line items]</link:label>
    <link:labelArc xlink:type="arc" xlink:arcrole="http://www.xbrl.org/2003/arcrole/concept-label" xlink:from="DespesasLineItems" xlink:to="label_DespesasLineItems" xlink:title="label: DespesasLineItems to label_DespesasLineItems"/>
    <link:loc xlink:type="locator" xlink:href="siconfi-rreo-anexo11_2019-12-31.xsd#siconfi-rreo-anexo11_FonteAnexo11Tabela11.0Abstract" xlink:label="FonteAnexo11Tabela11.0Abstract" xlink:title="FonteAnexo11Tabela11.0Abstract"/>
    <link:label xlink:type="resource" xlink:label="label_FonteAnexo11Tabela11.0Abstract" xlink:role="http://www.xbrl.org/2003/role/label" xlink:title="label_FonteAnexo11Tabela11.0Abstract" xml:lang="pt-br" id="label_FonteAnexo11Tabela11.0Abstract">[007] Notas Explicativas [abstract] [NOTA]</link:label>
    <link:labelArc xlink:type="arc" xlink:arcrole="http://www.xbrl.org/2003/arcrole/concept-label" xlink:from="FonteAnexo11Tabela11.0Abstract" xlink:to="label_FonteAnexo11Tabela11.0Abstract" xlink:title="label: FonteAnexo11Tabela11.0Abstract to label_FonteAnexo11Tabela11.0Abstract"/>
    <link:loc xlink:type="locator" xlink:href="siconfi-rreo-anexo11_2019-12-31.xsd#siconfi-rreo-anexo11_FonteAnexo11Tabela11.0LineItems" xlink:label="FonteAnexo11Tabela11.0LineItems" xlink:title="FonteAnexo11Tabela11.0LineItems"/>
    <link:label xlink:type="resource" xlink:label="label_FonteAnexo11Tabela11.0LineItems" xlink:role="http://www.xbrl.org/2003/role/label" xlink:title="label_FonteAnexo11Tabela11.0LineItems" xml:lang="pt-br" id="label_FonteAnexo11Tabela11.0LineItems">[008] Notas Explicativas [line items]</link:label>
    <link:labelArc xlink:type="arc" xlink:arcrole="http://www.xbrl.org/2003/arcrole/concept-label" xlink:from="FonteAnexo11Tabela11.0LineItems" xlink:to="label_FonteAnexo11Tabela11.0LineItems" xlink:title="label: FonteAnexo11Tabela11.0LineItems to label_FonteAnexo11Tabela11.0LineItems"/>
  </link:labelLink>
  <link:labelLink xlink:type="extended" xlink:role="http://fazenda.gov.br/siconfi/rep/rreo/anexo11/siconfi-rreo-anexo11-tabela11.0A">
    <link:loc xlink:type="locator" xlink:href="../../../cor/ic/siconfi-cor_2019-12-31.xsd#siconfi-cor_AlienacaoDeBensImoveis" xlink:label="AlienacaoDeBensImoveis" xlink:title="AlienacaoDeBensImoveis"/>
    <link:label xlink:type="resource" xlink:label="label_AlienacaoDeBensImoveis" xlink:role="http://www.xbrl.org/2003/role/label" xlink:title="label_AlienacaoDeBensImoveis" xml:lang="pt-br" id="label_AlienacaoDeBensImoveis_2">Receita de Capital - Alienação de Bens Imóveis</link:label>
    <link:labelArc xlink:type="arc" xlink:arcrole="http://www.xbrl.org/2003/arcrole/concept-label" xlink:from="AlienacaoDeBensImoveis" xlink:to="label_AlienacaoDeBensImoveis" xlink:title="label: AlienacaoDeBensImoveis to label_AlienacaoDeBensImoveis"/>
    <link:loc xlink:type="locator" xlink:href="../../../cor/ic/siconfi-cor_2019-12-31.xsd#siconfi-cor_AlienacaoDeBensMoveis" xlink:label="AlienacaoDeBensMoveis" xlink:title="AlienacaoDeBensMoveis"/>
    <link:label xlink:type="resource" xlink:label="label_AlienacaoDeBensMoveis" xlink:role="http://www.xbrl.org/2003/role/label" xlink:title="label_AlienacaoDeBensMoveis" xml:lang="pt-br" id="label_AlienacaoDeBensMoveis_2">Receita de Capital - Alienação de Bens Móveis</link:label>
    <link:labelArc xlink:type="arc" xlink:arcrole="http://www.xbrl.org/2003/arcrole/concept-label" xlink:from="AlienacaoDeBensMoveis" xlink:to="label_AlienacaoDeBensMoveis" xlink:title="label: AlienacaoDeBensMoveis to label_AlienacaoDeBensMoveis"/>
    <link:loc xlink:type="locator" xlink:href="../../../cor/ic/siconfi-cor_2019-12-31.xsd#siconfi-cor_ReceitasDeCapitalAlienacaoDeAtivos" xlink:label="ReceitasDeCapitalAlienacaoDeAtivos" xlink:title="ReceitasDeCapitalAlienacaoDeAtivos"/>
    <link:label xlink:type="resource" xlink:label="label_ReceitasDeCapitalAlienacaoDeAtivos" xlink:role="http://www.xbrl.org/2003/role/label" xlink:title="label_ReceitasDeCapitalAlienacaoDeAtivos" xml:lang="pt-br" id="label_ReceitasDeCapitalAlienacaoDeAtivos_2">RECEITAS DE ALIENAÇÃO DE ATIVOS (I)</link:label>
    <link:labelArc xlink:type="arc" xlink:arcrole="http://www.xbrl.org/2003/arcrole/concept-label" xlink:from="ReceitasDeCapitalAlienacaoDeAtivos" xlink:to="label_ReceitasDeCapitalAlienacaoDeAtivos" xlink:title="label: ReceitasDeCapitalAlienacaoDeAtivos to label_ReceitasDeCapitalAlienacaoDeAtivos"/>
    <link:loc xlink:type="locator" xlink:href="../../../cor/dim/siconfi-dim_2019-12-31.xsd#siconfi-dim_ExecucaoDaReceitaAxis" xlink:label="ExecucaoDaReceitaAxis" xlink:title="ExecucaoDaReceitaAxis"/>
    <link:label xlink:type="resource" xlink:label="label_ExecucaoDaReceitaAxis" xlink:role="http://www.xbrl.org/2003/role/label" xlink:title="label_ExecucaoDaReceitaAxis" xml:lang="pt-br" id="label_ExecucaoDaReceitaAxis_2">Receita de Alienação de Ativos [axis] [orientacao=horizontal]</link:label>
    <link:labelArc xlink:type="arc" xlink:arcrole="http://www.xbrl.org/2003/arcrole/concept-label" xlink:from="ExecucaoDaReceitaAxis" xlink:to="label_ExecucaoDaReceitaAxis" xlink:title="label: ExecucaoDaReceitaAxis to label_ExecucaoDaReceitaAxis"/>
    <link:loc xlink:type="locator" xlink:href="../../../cor/dim/siconfi-dim_2019-12-31.xsd#siconfi-dim_PrevisaoAtualizadaMember" xlink:label="PrevisaoAtualizadaMember" xlink:title="PrevisaoAtualizadaMember"/>
    <link:label xlink:type="resource" xlink:label="label_PrevisaoAtualizadaMember" xlink:role="http://www.xbrl.org/2003/role/label" xlink:title="label_PrevisaoAtualizadaMember" xml:lang="pt-br" id="label_PrevisaoAtualizadaMember_2">PREVISÃO ATUALIZADA (a) [member]</link:label>
    <link:labelArc xlink:type="arc" xlink:arcrole="http://www.xbrl.org/2003/arcrole/concept-label" xlink:from="PrevisaoAtualizadaMember" xlink:to="label_PrevisaoAtualizadaMember" xlink:title="label: PrevisaoAtualizadaMember to label_PrevisaoAtualizadaMember"/>
    <link:loc xlink:type="locator" xlink:href="../../../cor/dim/siconfi-dim_2019-12-31.xsd#siconfi-dim_ReceitasRealizadasAteOBimestreMember" xlink:label="ReceitasRealizadasAteOBimestreMember" xlink:title="ReceitasRealizadasAteOBimestreMember"/>
    <link:label xlink:type="resource" xlink:label="label_ReceitasRealizadasAteOBimestreMember" xlink:role="http://www.xbrl.org/2003/role/label" xlink:title="label_ReceitasRealizadasAteOBimestreMember" xml:lang="pt-br" id="label_ReceitasRealizadasAteOBimestreMember_2">RECEITAS REALIZADAS (b) [member]</link:label>
    <link:labelArc xlink:type="arc" xlink:arcrole="http://www.xbrl.org/2003/arcrole/concept-label" xlink:from="ReceitasRealizadasAteOBimestreMember" xlink:to="label_ReceitasRealizadasAteOBimestreMember" xlink:title="label: ReceitasRealizadasAteOBimestreMember to label_ReceitasRealizadasAteOBimestreMember"/>
    <link:loc xlink:type="locator" xlink:href="../../../cor/dim/siconfi-dim_2019-12-31.xsd#siconfi-dim_SaldoReceitaMember" xlink:label="SaldoReceitaMember" xlink:title="SaldoReceitaMember"/>
    <link:label xlink:type="resource" xlink:label="label_SaldoReceitaMember" xlink:role="http://www.xbrl.org/2003/role/label" xlink:title="label_SaldoReceitaMember" xml:lang="pt-br" id="label_SaldoReceitaMember_2">SALDO (c) = (a - b) [member]</link:label>
    <link:labelArc xlink:type="arc" xlink:arcrole="http://www.xbrl.org/2003/arcrole/concept-label" xlink:from="SaldoReceitaMember" xlink:to="label_SaldoReceitaMember" xlink:title="label: SaldoReceitaMember to label_SaldoReceitaMember"/>
    <link:loc xlink:type="locator" xlink:href="../../../cor/dim/siconfi-dim_2019-12-31.xsd#siconfi-dim_RREO11ExecucaoDaReceitaAxis" xlink:label="RREO11ExecucaoDaReceitaAxis" xlink:title="RREO11ExecucaoDaReceitaAxis"/>
    <link:label xlink:type="resource" xlink:label="label_RREO11ExecucaoDaReceitaAxis" xlink:role="http://www.xbrl.org/2003/role/label" xlink:title="label_RREO11ExecucaoDaReceitaAxis" xml:lang="pt-br" id="label_RREO11ExecucaoDaReceitaAxis">Execução da Receita [axis] [orientacao=horizontal]</link:label>
    <link:labelArc xlink:type="arc" xlink:arcrole="http://www.xbrl.org/2003/arcrole/concept-label" xlink:from="RREO11ExecucaoDaReceitaAxis" xlink:to="label_RREO11ExecucaoDaReceitaAxis" xlink:title="label: RREO11ExecucaoDaReceitaAxis to label_RREO11ExecucaoDaReceitaAxis"/>
  </link:labelLink>
  <link:labelLink xlink:type="extended" xlink:role="http://fazenda.gov.br/siconfi/rep/rreo/anexo11/siconfi-rreo-anexo11-tabela11.0B">
    <link:loc xlink:type="locator" xlink:href="../../../cor/ic/siconfi-cor_2019-12-31.xsd#siconfi-cor_AmortizacaoDaDividaDecorrentesDosRecursosDaAlienacaoDeAtivos" xlink:label="AmortizacaoDaDividaDecorrentesDosRecursosDaAlienacaoDeAtivos" xlink:title="AmortizacaoDaDividaDecorrentesDosRecursosDaAlienacaoDeAtivos"/>
    <link:label xlink:type="resource" xlink:label="label_AmortizacaoDaDividaDecorrentesDosRecursosDaAlienacaoDeAtivos" xlink:role="http://www.xbrl.org/2003/role/label" xlink:title="label_AmortizacaoDaDividaDecorrentesDosRecursosDaAlienacaoDeAtivos" xml:lang="pt-br" id="label_AmortizacaoDaDividaDecorrentesDosRecursosDaAlienacaoDeAtivos_2">Amortização da Dívida</link:label>
    <link:labelArc xlink:type="arc" xlink:arcrole="http://www.xbrl.org/2003/arcrole/concept-label" xlink:from="AmortizacaoDaDividaDecorrentesDosRecursosDaAlienacaoDeAtivos" xlink:to="label_AmortizacaoDaDividaDecorrentesDosRecursosDaAlienacaoDeAtivos" xlink:title="label: AmortizacaoDaDividaDecorrentesDosRecursosDaAlienacaoDeAtivos to label_AmortizacaoDaDividaDecorrentesDosRecursosDaAlienacaoDeAtivos"/>
    <link:loc xlink:type="locator" xlink:href="../../../cor/ic/siconfi-cor_2019-12-31.xsd#siconfi-cor_AplicacaoDosRecursosDaAlienacaoDeAtivos" xlink:label="AplicacaoDosRecursosDaAlienacaoDeAtivos" xlink:title="AplicacaoDosRecursosDaAlienacaoDeAtivos"/>
    <link:label xlink:type="resource" xlink:label="label_AplicacaoDosRecursosDaAlienacaoDeAtivos" xlink:role="http://www.xbrl.org/2003/role/label" xlink:title="label_AplicacaoDosRecursosDaAlienacaoDeAtivos" xml:lang="pt-br" id="label_AplicacaoDosRecursosDaAlienacaoDeAtivos_2">APLICAÇÃO DOS RECURSOS DA ALIENAÇÃO DE ATIVOS (II)</link:label>
    <link:labelArc xlink:type="arc" xlink:arcrole="http://www.xbrl.org/2003/arcrole/concept-label" xlink:from="AplicacaoDosRecursosDaAlienacaoDeAtivos" xlink:to="label_AplicacaoDosRecursosDaAlienacaoDeAtivos" xlink:title="label: AplicacaoDosRecursosDaAlienacaoDeAtivos to label_AplicacaoDosRecursosDaAlienacaoDeAtivos"/>
    <link:loc xlink:type="locator" xlink:href="../../../cor/ic/siconfi-cor_2019-12-31.xsd#siconfi-cor_DespesasCorrentesDoRGPSDecorrentesDosRecursosDaAlienacaoDeAtivos" xlink:label="DespesasCorrentesDoRGPSDecorrentesDosRecursosDaAlienacaoDeAtivos" xlink:title="DespesasCorrentesDoRGPSDecorrentesDosRecursosDaAlienacaoDeAtivos"/>
    <link:label xlink:type="resource" xlink:label="label_DespesasCorrentesDoRGPSDecorrentesDosRecursosDaAlienacaoDeAtivos" xlink:role="http://www.xbrl.org/2003/role/label" xlink:title="label_DespesasCorrentesDoRGPSDecorrentesDosRecursosDaAlienacaoDeAtivos" xml:lang="pt-br" id="label_DespesasCorrentesDoRGPSDecorrentesDosRecursosDaAlienacaoDeAtivos_2">Regime Geral da Previdência Social</link:label>
    <link:labelArc xlink:type="arc" xlink:arcrole="http://www.xbrl.org/2003/arcrole/concept-label" xlink:from="DespesasCorrentesDoRGPSDecorrentesDosRecursosDaAlienacaoDeAtivos" xlink:to="label_DespesasCorrentesDoRGPSDecorrentesDosRecursosDaAlienacaoDeAtivos" xlink:title="label: DespesasCorrentesDoRGPSDecorrentesDosRecursosDaAlienacaoDeAtivos to label_DespesasCorrentesDoRGPSDecorrentesDosRecursosDaAlienacaoDeAtivos"/>
    <link:loc xlink:type="locator" xlink:href="../../../cor/ic/siconfi-cor_2019-12-31.xsd#siconfi-cor_DespesasCorrentesDosRegimesDePrevidenciaDecorrentesDosRecursosDaAlienacaoDeAtivos" xlink:label="DespesasCorrentesDosRegimesDePrevidenciaDecorrentesDosRecursosDaAlienacaoDeAtivos" xlink:title="DespesasCorrentesDosRegimesDePrevidenciaDecorrentesDosRecursosDaAlienacaoDeAtivos"/>
    <link:label xlink:type="resource" xlink:label="label_DespesasCorrentesDosRegimesDePrevidenciaDecorrentesDosRecursosDaAlienacaoDeAtivos" xlink:role="http://www.xbrl.org/2003/role/label" xlink:title="label_DespesasCorrentesDosRegimesDePrevidenciaDecorrentesDosRecursosDaAlienacaoDeAtivos" xml:lang="pt-br" id="label_DespesasCorrentesDosRegimesDePrevidenciaDecorrentesDosRecursosDaAlienacaoDeAtivos_2">DESPESAS CORRENTES DOS REGIMES DE PREVIDÊNCIA</link:label>
    <link:labelArc xlink:type="arc" xlink:arcrole="http://www.xbrl.org/2003/arcrole/concept-label" xlink:from="DespesasCorrentesDosRegimesDePrevidenciaDecorrentesDosRecursosDaAlienacaoDeAtivos" xlink:to="label_DespesasCorrentesDosRegimesDePrevidenciaDecorrentesDosRecursosDaAlienacaoDeAtivos" xlink:title="label: DespesasCorrentesDosRegimesDePrevidenciaDecorrentesDosRecursosDaAlienacaoDeAtivos to label_DespesasCorrentesDosRegimesDePrevidenciaDecorrentesDosRecursosDaAlienacaoDeAtivos"/>
    <link:loc xlink:type="locator" xlink:href="../../../cor/ic/siconfi-cor_2019-12-31.xsd#siconfi-cor_DespesasDeCapitalDecorrentesDosRecursosDaAlienacaoDeAtivos" xlink:label="DespesasDeCapitalDecorrentesDosRecursosDaAlienacaoDeAtivos" xlink:title="DespesasDeCapitalDecorrentesDosRecursosDaAlienacaoDeAtivos"/>
    <link:label xlink:type="resource" xlink:label="label_DespesasDeCapitalDecorrentesDosRecursosDaAlienacaoDeAtivos" xlink:role="http://www.xbrl.org/2003/role/label" xlink:title="label_DespesasDeCapitalDecorrentesDosRecursosDaAlienacaoDeAtivos" xml:lang="pt-br" id="label_DespesasDeCapitalDecorrentesDosRecursosDaAlienacaoDeAtivos_2">DESPESAS DE CAPITAL</link:label>
    <link:labelArc xlink:type="arc" xlink:arcrole="http://www.xbrl.org/2003/arcrole/concept-label" xlink:from="DespesasDeCapitalDecorrentesDosRecursosDaAlienacaoDeAtivos" xlink:to="label_DespesasDeCapitalDecorrentesDosRecursosDaAlienacaoDeAtivos" xlink:title="label: DespesasDeCapitalDecorrentesDosRecursosDaAlienacaoDeAtivos to label_DespesasDeCapitalDecorrentesDosRecursosDaAlienacaoDeAtivos"/>
    <link:loc xlink:type="locator" xlink:href="../../../cor/ic/siconfi-cor_2019-12-31.xsd#siconfi-cor_InversoesFinanceirasDecorrentesDosRecursosDaAlienacaoDeAtivos" xlink:label="InversoesFinanceirasDecorrentesDosRecursosDaAlienacaoDeAtivos" xlink:title="InversoesFinanceirasDecorrentesDosRecursosDaAlienacaoDeAtivos"/>
    <link:label xlink:type="resource" xlink:label="label_InversoesFinanceirasDecorrentesDosRecursosDaAlienacaoDeAtivos" xlink:role="http://www.xbrl.org/2003/role/label" xlink:title="label_InversoesFinanceirasDecorrentesDosRecursosDaAlienacaoDeAtivos" xml:lang="pt-br" id="label_InversoesFinanceirasDecorrentesDosRecursosDaAlienacaoDeAtivos_2">Inversões Financeiras</link:label>
    <link:labelArc xlink:type="arc" xlink:arcrole="http://www.xbrl.org/2003/arcrole/concept-label" xlink:from="InversoesFinanceirasDecorrentesDosRecursosDaAlienacaoDeAtivos" xlink:to="label_InversoesFinanceirasDecorrentesDosRecursosDaAlienacaoDeAtivos" xlink:title="label: InversoesFinanceirasDecorrentesDosRecursosDaAlienacaoDeAtivos to label_InversoesFinanceirasDecorrentesDosRecursosDaAlienacaoDeAtivos"/>
    <link:loc xlink:type="locator" xlink:href="../../../cor/ic/siconfi-cor_2019-12-31.xsd#siconfi-cor_InvestimentosDecorrentesDosRecursosDaAlienacaoDeAtivos" xlink:label="InvestimentosDecorrentesDosRecursosDaAlienacaoDeAtivos" xlink:title="InvestimentosDecorrentesDosRecursosDaAlienacaoDeAtivos"/>
    <link:label xlink:type="resource" xlink:label="label_InvestimentosDecorrentesDosRecursosDaAlienacaoDeAtivos" xlink:role="http://www.xbrl.org/2003/role/label" xlink:title="label_InvestimentosDecorrentesDosRecursosDaAlienacaoDeAtivos" xml:lang="pt-br" id="label_InvestimentosDecorrentesDosRecursosDaAlienacaoDeAtivos_2">Investimentos</link:label>
    <link:labelArc xlink:type="arc" xlink:arcrole="http://www.xbrl.org/2003/arcrole/concept-label" xlink:from="InvestimentosDecorrentesDosRecursosDaAlienacaoDeAtivos" xlink:to="label_InvestimentosDecorrentesDosRecursosDaAlienacaoDeAtivos" xlink:title="label: InvestimentosDecorrentesDosRecursosDaAlienacaoDeAtivos to label_InvestimentosDecorrentesDosRecursosDaAlienacaoDeAtivos"/>
    <link:loc xlink:type="locator" xlink:href="../../../cor/dim/siconfi-dim_2019-12-31.xsd#siconfi-dim_ExecucaoDaDespesaAxis" xlink:label="ExecucaoDaDespesaAxis" xlink:title="ExecucaoDaDespesaAxis"/>
    <link:label xlink:type="resource" xlink:label="label_ExecucaoDaDespesaAxis" xlink:role="http://www.xbrl.org/2003/role/label" xlink:title="label_ExecucaoDaDespesaAxis" xml:lang="pt-br" id="label_ExecucaoDaDespesaAxis_2">Aplicação dos Recursos da Alienação de Ativos [axis] [orientacao=horizontal]</link:label>
    <link:labelArc xlink:type="arc" xlink:arcrole="http://www.xbrl.org/2003/arcrole/concept-label" xlink:from="ExecucaoDaDespesaAxis" xlink:to="label_ExecucaoDaDespesaAxis" xlink:title="label: ExecucaoDaDespesaAxis to label_ExecucaoDaDespesaAxis"/>
    <link:loc xlink:type="locator" xlink:href="../../../cor/dim/siconfi-dim_2019-12-31.xsd#siconfi-dim_DotacaoAtualizadaMember" xlink:label="DotacaoAtualizadaMember" xlink:title="DotacaoAtualizadaMember"/>
    <link:label xlink:type="resource" xlink:label="label_DotacaoAtualizadaMember" xlink:role="http://www.xbrl.org/2003/role/label" xlink:title="label_DotacaoAtualizadaMember" xml:lang="pt-br" id="label_DotacaoAtualizadaMember_2">DOTAÇÃO ATUALIZADA (d) [member]</link:label>
    <link:labelArc xlink:type="arc" xlink:arcrole="http://www.xbrl.org/2003/arcrole/concept-label" xlink:from="DotacaoAtualizadaMember" xlink:to="label_DotacaoAtualizadaMember" xlink:title="label: DotacaoAtualizadaMember to label_DotacaoAtualizadaMember"/>
    <link:loc xlink:type="locator" xlink:href="../../../cor/dim/siconfi-dim_2019-12-31.xsd#siconfi-dim_SaldoDespesaMember" xlink:label="SaldoDespesaMember" xlink:title="SaldoDespesaMember"/>
    <link:label xlink:type="resource" xlink:label="label_SaldoDespesaMember" xlink:role="http://www.xbrl.org/2003/role/label" xlink:title="label_SaldoDespesaMember" xml:lang="pt-br" id="label_SaldoDespesaMember_2">SALDO A EXECUTAR (g) = [d - (e + f)] [member]</link:label>
    <link:labelArc xlink:type="arc" xlink:arcrole="http://www.xbrl.org/2003/arcrole/concept-label" xlink:from="SaldoDespesaMember" xlink:to="label_SaldoDespesaMember" xlink:title="label: SaldoDespesaMember to label_SaldoDespesaMember"/>
  </link:labelLink>
</link:linkbase>
