<?xml version="1.0" encoding="UTF-8"?>
<!-- Generated by Fujitsu Interstage XWand B0196 -->
<link:linkbase xmlns:xsi="http://www.w3.org/2001/XMLSchema-instance" xsi:schemaLocation="http://www.xbrl.org/2003/linkbase http://www.xbrl.org/2003/xbrl-linkbase-2003-12-31.xsd" xmlns:siconfi-rreo-anexo13uniao="http://fazenda.gov.br/siconfi/rep/rreo/anexo13uniao/siconfi-rreo-anexo13uniao_2019-12-31" xmlns:link="http://www.xbrl.org/2003/linkbase" xmlns:xbrldt="http://xbrl.org/2005/xbrldt" xmlns:xlink="http://www.w3.org/1999/xlink" xmlns:xbrli="http://www.xbrl.org/2003/instance">
  <link:roleRef roleURI="http://fazenda.gov.br/siconfi/rep/rreo/anexo13uniao/siconfi-rreo-anexo13uniao-tabela13.1" xlink:type="simple" xlink:href="siconfi-rreo-anexo13uniao_2019-12-31.xsd#siconfi-rreo-anexo13uniao-tabela13.1"/>
  <link:presentationLink xlink:type="extended" xlink:role="http://fazenda.gov.br/siconfi/rep/rreo/anexo13uniao/siconfi-rreo-anexo13uniao-tabela13.1">
    <link:loc xlink:type="locator" xlink:href="siconfi-rreo-anexo13uniao_2019-12-31.xsd#siconfi-rreo-anexo13uniaouniao_Demonstrativoanexo13uniaoAbstract" xlink:label="Demonstrativoanexo13uniaoAbstract" xlink:title="Demonstrativoanexo13uniaoAbstract"/>
    <link:loc xlink:type="locator" xlink:href="siconfi-rreo-anexo13uniao_2019-12-31.xsd#siconfi-rreo-anexo13uniaouniao_EspecificacaoDePPPAbstract" xlink:label="EspecificacaoDePPPAbstract" xlink:title="EspecificacaoDePPPAbstract"/>
    <link:presentationArc xlink:type="arc" xlink:arcrole="http://www.xbrl.org/2003/arcrole/parent-child" xlink:from="Demonstrativoanexo13uniaoAbstract" xlink:to="EspecificacaoDePPPAbstract" xlink:title="presentation: Demonstrativoanexo13uniaoAbstract to EspecificacaoDePPPAbstract" order="1.0"/>
    <link:loc xlink:type="locator" xlink:href="siconfi-rreo-anexo13uniao_2019-12-31.xsd#siconfi-rreo-anexo13uniaouniao_EspecificacaoDePPPLineItems" xlink:label="EspecificacaoDePPPLineItems" xlink:title="EspecificacaoDePPPLineItems"/>
    <link:presentationArc xlink:type="arc" xlink:arcrole="http://www.xbrl.org/2003/arcrole/parent-child" xlink:from="EspecificacaoDePPPAbstract" xlink:to="EspecificacaoDePPPLineItems" xlink:title="presentation: EspecificacaoDePPPAbstract to EspecificacaoDePPPLineItems" order="1.0"/>
    <link:loc xlink:type="locator" xlink:href="../../../cor/ic/siconfi-cor_2019-12-31.xsd#siconfi-cor_TotalDeAtivosPPP" xlink:label="TotalDeAtivosPPP" xlink:title="TotalDeAtivosPPP"/>
    <link:presentationArc xlink:type="arc" xlink:arcrole="http://www.xbrl.org/2003/arcrole/parent-child" xlink:from="EspecificacaoDePPPLineItems" xlink:to="TotalDeAtivosPPP" xlink:title="presentation: EspecificacaoDePPPLineItems to TotalDeAtivosPPP" order="1.0"/>
    <link:loc xlink:type="locator" xlink:href="../../../cor/ic/siconfi-cor_2019-12-31.xsd#siconfi-cor_AtivosContabilizadosNaSPEPPP" xlink:label="AtivosContabilizadosNaSPEPPP" xlink:title="AtivosContabilizadosNaSPEPPP"/>
    <link:presentationArc xlink:type="arc" xlink:arcrole="http://www.xbrl.org/2003/arcrole/parent-child" xlink:from="TotalDeAtivosPPP" xlink:to="AtivosContabilizadosNaSPEPPP" xlink:title="presentation: TotalDeAtivosPPP to AtivosContabilizadosNaSPEPPP" order="1.0"/>
    <link:loc xlink:type="locator" xlink:href="../../../cor/ic/siconfi-cor_2019-12-31.xsd#siconfi-cor_TotalDePassivosPPP" xlink:label="TotalDePassivosPPP" xlink:title="TotalDePassivosPPP"/>
    <link:presentationArc xlink:type="arc" xlink:arcrole="http://www.xbrl.org/2003/arcrole/parent-child" xlink:from="EspecificacaoDePPPLineItems" xlink:to="TotalDePassivosPPP" xlink:title="presentation: EspecificacaoDePPPLineItems to TotalDePassivosPPP" order="2.0"/>
    <link:loc xlink:type="locator" xlink:href="../../../cor/ic/siconfi-cor_2019-12-31.xsd#siconfi-cor_ObrigacoesNaoRelacionadasAServicosPPP" xlink:label="ObrigacoesNaoRelacionadasAServicosPPP" xlink:title="ObrigacoesNaoRelacionadasAServicosPPP"/>
    <link:presentationArc xlink:type="arc" xlink:arcrole="http://www.xbrl.org/2003/arcrole/parent-child" xlink:from="TotalDePassivosPPP" xlink:to="ObrigacoesNaoRelacionadasAServicosPPP" xlink:title="presentation: TotalDePassivosPPP to ObrigacoesNaoRelacionadasAServicosPPP" order="1.0"/>
    <link:loc xlink:type="locator" xlink:href="../../../cor/ic/siconfi-cor_2019-12-31.xsd#siconfi-cor_ProvisoesDePPP" xlink:label="ProvisoesDePPP" xlink:title="ProvisoesDePPP"/>
    <link:presentationArc xlink:type="arc" xlink:arcrole="http://www.xbrl.org/2003/arcrole/parent-child" xlink:from="TotalDePassivosPPP" xlink:to="ProvisoesDePPP" xlink:title="presentation: TotalDePassivosPPP to ProvisoesDePPP" order="2.0"/>
    <link:loc xlink:type="locator" xlink:href="../../../cor/ic/siconfi-cor_2019-12-31.xsd#siconfi-cor_OutrosPassivosContingentesPPP" xlink:label="OutrosPassivosContingentesPPP" xlink:title="OutrosPassivosContingentesPPP"/>
    <link:presentationArc xlink:type="arc" xlink:arcrole="http://www.xbrl.org/2003/arcrole/parent-child" xlink:from="TotalDePassivosPPP" xlink:to="OutrosPassivosContingentesPPP" xlink:title="presentation: TotalDePassivosPPP to OutrosPassivosContingentesPPP" order="3.0"/>
    <link:loc xlink:type="locator" xlink:href="../../../cor/ic/siconfi-cor_2019-12-31.xsd#siconfi-cor_AtosPotenciaisPassivosPPP" xlink:label="AtosPotenciaisPassivosPPP" xlink:title="AtosPotenciaisPassivosPPP"/>
    <link:presentationArc xlink:type="arc" xlink:arcrole="http://www.xbrl.org/2003/arcrole/parent-child" xlink:from="EspecificacaoDePPPLineItems" xlink:to="AtosPotenciaisPassivosPPP" xlink:title="presentation: EspecificacaoDePPPLineItems to AtosPotenciaisPassivosPPP" order="3.0"/>
    <link:loc xlink:type="locator" xlink:href="../../../cor/ic/siconfi-cor_2019-12-31.xsd#siconfi-cor_GarantiasDePPP" xlink:label="GarantiasDePPP" xlink:title="GarantiasDePPP"/>
    <link:presentationArc xlink:type="arc" xlink:arcrole="http://www.xbrl.org/2003/arcrole/parent-child" xlink:from="AtosPotenciaisPassivosPPP" xlink:to="GarantiasDePPP" xlink:title="presentation: AtosPotenciaisPassivosPPP to GarantiasDePPP" order="3.0"/>
    <link:loc xlink:type="locator" xlink:href="../../../cor/ic/siconfi-cor_2019-12-31.xsd#siconfi-cor_ObrigacoesContratuaisPPP" xlink:label="ObrigacoesContratuaisPPP" xlink:title="ObrigacoesContratuaisPPP"/>
    <link:presentationArc xlink:type="arc" xlink:arcrole="http://www.xbrl.org/2003/arcrole/parent-child" xlink:from="AtosPotenciaisPassivosPPP" xlink:to="ObrigacoesContratuaisPPP" xlink:title="presentation: AtosPotenciaisPassivosPPP to ObrigacoesContratuaisPPP" order="1.0"/>
    <link:loc xlink:type="locator" xlink:href="../../../cor/ic/siconfi-cor_2019-12-31.xsd#siconfi-cor_RiscosnaoProvisionados" xlink:label="RiscosnaoProvisionados" xlink:title="RiscosnaoProvisionados"/>
    <link:presentationArc xlink:type="arc" xlink:arcrole="http://www.xbrl.org/2003/arcrole/parent-child" xlink:from="AtosPotenciaisPassivosPPP" xlink:to="RiscosnaoProvisionados" xlink:title="presentation: AtosPotenciaisPassivosPPP to RiscosnaoProvisionados" order="2.0"/>
    <link:loc xlink:type="locator" xlink:href="../../../cor/ic/siconfi-cor_2019-12-31.xsd#siconfi-cor_OutrosPassivosContingentes" xlink:label="OutrosPassivosContingentes" xlink:title="OutrosPassivosContingentes"/>
    <link:presentationArc xlink:type="arc" xlink:arcrole="http://www.xbrl.org/2003/arcrole/parent-child" xlink:from="AtosPotenciaisPassivosPPP" xlink:to="OutrosPassivosContingentes" xlink:title="presentation: AtosPotenciaisPassivosPPP to OutrosPassivosContingentes" order="4.0"/>
    <link:loc xlink:type="locator" xlink:href="siconfi-rreo-anexo13uniao_2019-12-31.xsd#siconfi-rreo-anexo13uniaouniao_EspecificacaoDePPPTable" xlink:label="EspecificacaoDePPPTable" xlink:title="EspecificacaoDePPPTable"/>
    <link:presentationArc xlink:type="arc" xlink:arcrole="http://www.xbrl.org/2003/arcrole/parent-child" xlink:from="EspecificacaoDePPPAbstract" xlink:to="EspecificacaoDePPPTable" xlink:title="presentation: EspecificacaoDePPPAbstract to EspecificacaoDePPPTable" order="2.0" xbrldt:contextElement="segment" xbrldt:closed="true"/>
    <link:loc xlink:type="locator" xlink:href="../../../cor/dim/siconfi-dim_2019-12-31.xsd#siconfi-dim_ExecucaoAxis" xlink:label="ExecucaoAxis" xlink:title="ExecucaoAxis"/>
    <link:presentationArc xlink:type="arc" xlink:arcrole="http://www.xbrl.org/2003/arcrole/parent-child" xlink:from="EspecificacaoDePPPTable" xlink:to="ExecucaoAxis" xlink:title="presentation: EspecificacaoDePPPTable to ExecucaoAxis" order="1.0"/>
    <link:loc xlink:type="locator" xlink:href="../../../cor/dim/siconfi-dim_2019-12-31.xsd#siconfi-dim_SaldoExercicioAnteriorMember" xlink:label="SaldoExercicioAnteriorMember" xlink:title="SaldoExercicioAnteriorMember"/>
    <link:presentationArc xlink:type="arc" xlink:arcrole="http://www.xbrl.org/2003/arcrole/parent-child" xlink:from="ExecucaoAxis" xlink:to="SaldoExercicioAnteriorMember" xlink:title="presentation: ExecucaoAxis to SaldoExercicioAnteriorMember" order="1.0"/>
    <link:loc xlink:type="locator" xlink:href="../../../cor/dim/siconfi-dim_2019-12-31.xsd#siconfi-dim_SaldoMember" xlink:label="SaldoMember" xlink:title="SaldoMember"/>
    <link:presentationArc xlink:type="arc" xlink:arcrole="http://www.xbrl.org/2003/arcrole/parent-child" xlink:from="ExecucaoAxis" xlink:to="SaldoMember" xlink:title="presentation: ExecucaoAxis to SaldoMember" order="2.0" xbrldt:usable="false"/>
    <link:loc xlink:type="locator" xlink:href="../../../cor/dim/siconfi-dim_2019-12-31.xsd#siconfi-dim_SaldoNoBimestreMember" xlink:label="SaldoNoBimestreMember" xlink:title="SaldoNoBimestreMember"/>
    <link:presentationArc xlink:type="arc" xlink:arcrole="http://www.xbrl.org/2003/arcrole/parent-child" xlink:from="SaldoMember" xlink:to="SaldoNoBimestreMember" xlink:title="presentation: SaldoMember to SaldoNoBimestreMember" order="1.0"/>
    <link:loc xlink:type="locator" xlink:href="../../../cor/dim/siconfi-dim_2019-12-31.xsd#siconfi-dim_AteOBimestreMember" xlink:label="AteOBimestreMember" xlink:title="AteOBimestreMember"/>
    <link:presentationArc xlink:type="arc" xlink:arcrole="http://www.xbrl.org/2003/arcrole/parent-child" xlink:from="SaldoMember" xlink:to="AteOBimestreMember" xlink:title="presentation: SaldoMember to AteOBimestreMember" order="2.0"/>
    <link:loc xlink:type="locator" xlink:href="siconfi-rreo-anexo13uniao_2019-12-31.xsd#siconfi-rreo-anexo13uniaouniao_DespesasDePPPDoEnteFederadoAbstract" xlink:label="DespesasDePPPDoEnteFederadoAbstract" xlink:title="DespesasDePPPDoEnteFederadoAbstract"/>
    <link:presentationArc xlink:type="arc" xlink:arcrole="http://www.xbrl.org/2003/arcrole/parent-child" xlink:from="Demonstrativoanexo13uniaoAbstract" xlink:to="DespesasDePPPDoEnteFederadoAbstract" xlink:title="presentation: Demonstrativoanexo13uniaoAbstract to DespesasDePPPDoEnteFederadoAbstract" order="2.0"/>
    <link:loc xlink:type="locator" xlink:href="siconfi-rreo-anexo13uniao_2019-12-31.xsd#siconfi-rreo-anexo13uniaouniao_DespesasDePPPDoEnteFederadoLineItems" xlink:label="DespesasDePPPDoEnteFederadoLineItems" xlink:title="DespesasDePPPDoEnteFederadoLineItems"/>
    <link:presentationArc xlink:type="arc" xlink:arcrole="http://www.xbrl.org/2003/arcrole/parent-child" xlink:from="DespesasDePPPDoEnteFederadoAbstract" xlink:to="DespesasDePPPDoEnteFederadoLineItems" xlink:title="presentation: DespesasDePPPDoEnteFederadoAbstract to DespesasDePPPDoEnteFederadoLineItems" order="1.0"/>
    <link:loc xlink:type="locator" xlink:href="../../../cor/ic/siconfi-cor_2019-12-31.xsd#siconfi-cor_DespesasPPPEnteFederado" xlink:label="DespesasPPPEnteFederado" xlink:title="DespesasPPPEnteFederado"/>
    <link:presentationArc xlink:type="arc" xlink:arcrole="http://www.xbrl.org/2003/arcrole/parent-child" xlink:from="DespesasDePPPDoEnteFederadoLineItems" xlink:to="DespesasPPPEnteFederado" xlink:title="presentation: DespesasDePPPDoEnteFederadoLineItems to DespesasPPPEnteFederado" order="1.0"/>
    <link:loc xlink:type="locator" xlink:href="siconfi-rreo-anexo13uniao_2019-12-31.xsd#siconfi-rreo-anexo13uniaouniao_DespesasDePPPDoEnteFederadoTable" xlink:label="DespesasDePPPDoEnteFederadoTable" xlink:title="DespesasDePPPDoEnteFederadoTable"/>
    <link:presentationArc xlink:type="arc" xlink:arcrole="http://www.xbrl.org/2003/arcrole/parent-child" xlink:from="DespesasDePPPDoEnteFederadoAbstract" xlink:to="DespesasDePPPDoEnteFederadoTable" xlink:title="presentation: DespesasDePPPDoEnteFederadoAbstract to DespesasDePPPDoEnteFederadoTable" order="2.0" xbrldt:contextElement="segment" xbrldt:closed="true"/>
    <link:loc xlink:type="locator" xlink:href="../../../cor/dim/siconfi-dim_2019-12-31.xsd#siconfi-dim_ExecucaoDaDespesaAxis" xlink:label="ExecucaoDaDespesaAxis" xlink:title="ExecucaoDaDespesaAxis"/>
    <link:presentationArc xlink:type="arc" xlink:arcrole="http://www.xbrl.org/2003/arcrole/parent-child" xlink:from="DespesasDePPPDoEnteFederadoTable" xlink:to="ExecucaoDaDespesaAxis" xlink:title="presentation: DespesasDePPPDoEnteFederadoTable to ExecucaoDaDespesaAxis" order="1.0"/>
    <link:loc xlink:type="locator" xlink:href="../../../cor/dim/siconfi-dim_2019-12-31.xsd#siconfi-dim_PeriodoDeReferenciaAnteriorMember" xlink:label="PeriodoDeReferenciaAnteriorMember" xlink:title="PeriodoDeReferenciaAnteriorMember"/>
    <link:presentationArc xlink:type="arc" xlink:arcrole="http://www.xbrl.org/2003/arcrole/parent-child" xlink:from="ExecucaoDaDespesaAxis" xlink:to="PeriodoDeReferenciaAnteriorMember" xlink:title="presentation: ExecucaoDaDespesaAxis to PeriodoDeReferenciaAnteriorMember" order="1.0"/>
    <link:loc xlink:type="locator" xlink:href="../../../cor/dim/siconfi-dim_2019-12-31.xsd#siconfi-dim_PeriodoDeReferenciaMember" xlink:label="PeriodoDeReferenciaMember" xlink:title="PeriodoDeReferenciaMember"/>
    <link:presentationArc xlink:type="arc" xlink:arcrole="http://www.xbrl.org/2003/arcrole/parent-child" xlink:from="ExecucaoDaDespesaAxis" xlink:to="PeriodoDeReferenciaMember" xlink:title="presentation: ExecucaoDaDespesaAxis to PeriodoDeReferenciaMember" order="2.0"/>
    <link:loc xlink:type="locator" xlink:href="../../../cor/dim/siconfi-dim_2019-12-31.xsd#siconfi-dim_PeriodoDeReferenciaUmMember" xlink:label="PeriodoDeReferenciaUmMember" xlink:title="PeriodoDeReferenciaUmMember"/>
    <link:presentationArc xlink:type="arc" xlink:arcrole="http://www.xbrl.org/2003/arcrole/parent-child" xlink:from="ExecucaoDaDespesaAxis" xlink:to="PeriodoDeReferenciaUmMember" xlink:title="presentation: ExecucaoDaDespesaAxis to PeriodoDeReferenciaUmMember" order="3.0"/>
    <link:loc xlink:type="locator" xlink:href="../../../cor/dim/siconfi-dim_2019-12-31.xsd#siconfi-dim_PeriodoDeReferenciaDoisMember" xlink:label="PeriodoDeReferenciaDoisMember" xlink:title="PeriodoDeReferenciaDoisMember"/>
    <link:presentationArc xlink:type="arc" xlink:arcrole="http://www.xbrl.org/2003/arcrole/parent-child" xlink:from="ExecucaoDaDespesaAxis" xlink:to="PeriodoDeReferenciaDoisMember" xlink:title="presentation: ExecucaoDaDespesaAxis to PeriodoDeReferenciaDoisMember" order="4.0"/>
    <link:loc xlink:type="locator" xlink:href="../../../cor/dim/siconfi-dim_2019-12-31.xsd#siconfi-dim_PeriodoDeReferenciaTresMember" xlink:label="PeriodoDeReferenciaTresMember" xlink:title="PeriodoDeReferenciaTresMember"/>
    <link:presentationArc xlink:type="arc" xlink:arcrole="http://www.xbrl.org/2003/arcrole/parent-child" xlink:from="ExecucaoDaDespesaAxis" xlink:to="PeriodoDeReferenciaTresMember" xlink:title="presentation: ExecucaoDaDespesaAxis to PeriodoDeReferenciaTresMember" order="5.0"/>
    <link:loc xlink:type="locator" xlink:href="../../../cor/dim/siconfi-dim_2019-12-31.xsd#siconfi-dim_PeriodoDeReferenciaQuatroMember" xlink:label="PeriodoDeReferenciaQuatroMember" xlink:title="PeriodoDeReferenciaQuatroMember"/>
    <link:presentationArc xlink:type="arc" xlink:arcrole="http://www.xbrl.org/2003/arcrole/parent-child" xlink:from="ExecucaoDaDespesaAxis" xlink:to="PeriodoDeReferenciaQuatroMember" xlink:title="presentation: ExecucaoDaDespesaAxis to PeriodoDeReferenciaQuatroMember" order="6.0"/>
    <link:loc xlink:type="locator" xlink:href="../../../cor/dim/siconfi-dim_2019-12-31.xsd#siconfi-dim_PeriodoDeReferenciaCincoMember" xlink:label="PeriodoDeReferenciaCincoMember" xlink:title="PeriodoDeReferenciaCincoMember"/>
    <link:presentationArc xlink:type="arc" xlink:arcrole="http://www.xbrl.org/2003/arcrole/parent-child" xlink:from="ExecucaoDaDespesaAxis" xlink:to="PeriodoDeReferenciaCincoMember" xlink:title="presentation: ExecucaoDaDespesaAxis to PeriodoDeReferenciaCincoMember" order="7.0"/>
    <link:loc xlink:type="locator" xlink:href="../../../cor/dim/siconfi-dim_2019-12-31.xsd#siconfi-dim_PeriodoDeReferenciaSeisMember" xlink:label="PeriodoDeReferenciaSeisMember" xlink:title="PeriodoDeReferenciaSeisMember"/>
    <link:presentationArc xlink:type="arc" xlink:arcrole="http://www.xbrl.org/2003/arcrole/parent-child" xlink:from="ExecucaoDaDespesaAxis" xlink:to="PeriodoDeReferenciaSeisMember" xlink:title="presentation: ExecucaoDaDespesaAxis to PeriodoDeReferenciaSeisMember" order="8.0"/>
    <link:loc xlink:type="locator" xlink:href="../../../cor/dim/siconfi-dim_2019-12-31.xsd#siconfi-dim_PeriodoDeReferenciaSeteMember" xlink:label="PeriodoDeReferenciaSeteMember" xlink:title="PeriodoDeReferenciaSeteMember"/>
    <link:presentationArc xlink:type="arc" xlink:arcrole="http://www.xbrl.org/2003/arcrole/parent-child" xlink:from="ExecucaoDaDespesaAxis" xlink:to="PeriodoDeReferenciaSeteMember" xlink:title="presentation: ExecucaoDaDespesaAxis to PeriodoDeReferenciaSeteMember" order="9.0"/>
    <link:loc xlink:type="locator" xlink:href="../../../cor/dim/siconfi-dim_2019-12-31.xsd#siconfi-dim_PeriodoDeReferenciaOitoMember" xlink:label="PeriodoDeReferenciaOitoMember" xlink:title="PeriodoDeReferenciaOitoMember"/>
    <link:presentationArc xlink:type="arc" xlink:arcrole="http://www.xbrl.org/2003/arcrole/parent-child" xlink:from="ExecucaoDaDespesaAxis" xlink:to="PeriodoDeReferenciaOitoMember" xlink:title="presentation: ExecucaoDaDespesaAxis to PeriodoDeReferenciaOitoMember" order="10.0"/>
    <link:loc xlink:type="locator" xlink:href="../../../cor/dim/siconfi-dim_2019-12-31.xsd#siconfi-dim_PeriodoDeReferenciaNoveMember" xlink:label="PeriodoDeReferenciaNoveMember" xlink:title="PeriodoDeReferenciaNoveMember"/>
    <link:presentationArc xlink:type="arc" xlink:arcrole="http://www.xbrl.org/2003/arcrole/parent-child" xlink:from="ExecucaoDaDespesaAxis" xlink:to="PeriodoDeReferenciaNoveMember" xlink:title="presentation: ExecucaoDaDespesaAxis to PeriodoDeReferenciaNoveMember" order="11.0"/>
    <link:loc xlink:type="locator" xlink:href="../../../cor/dim/siconfi-dim_2019-12-31.xsd#siconfi-dim_DespesasPPPEnteFederadoAxis" xlink:label="DespesasPPPEnteFederadoAxis" xlink:title="DespesasPPPEnteFederadoAxis"/>
    <link:presentationArc xlink:type="arc" xlink:arcrole="http://www.xbrl.org/2003/arcrole/parent-child" xlink:from="DespesasDePPPDoEnteFederadoTable" xlink:to="DespesasPPPEnteFederadoAxis" xlink:title="presentation: DespesasDePPPDoEnteFederadoTable to DespesasPPPEnteFederadoAxis" order="2.0"/>
    <link:loc xlink:type="locator" xlink:href="siconfi-rreo-anexo13uniao_2019-12-31.xsd#siconfi-rreo-anexo13uniaouniao_TotalDasDespesasDePPPAbstract" xlink:label="TotalDasDespesasDePPPAbstract" xlink:title="TotalDasDespesasDePPPAbstract"/>
    <link:presentationArc xlink:type="arc" xlink:arcrole="http://www.xbrl.org/2003/arcrole/parent-child" xlink:from="Demonstrativoanexo13uniaoAbstract" xlink:to="TotalDasDespesasDePPPAbstract" xlink:title="presentation: Demonstrativoanexo13uniaoAbstract to TotalDasDespesasDePPPAbstract" order="3.0"/>
    <link:loc xlink:type="locator" xlink:href="siconfi-rreo-anexo13uniao_2019-12-31.xsd#siconfi-rreo-anexo13uniaouniao_TotalDasDespesasDePPPLineItems" xlink:label="TotalDasDespesasDePPPLineItems" xlink:title="TotalDasDespesasDePPPLineItems"/>
    <link:presentationArc xlink:type="arc" xlink:arcrole="http://www.xbrl.org/2003/arcrole/parent-child" xlink:from="TotalDasDespesasDePPPAbstract" xlink:to="TotalDasDespesasDePPPLineItems" xlink:title="presentation: TotalDasDespesasDePPPAbstract to TotalDasDespesasDePPPLineItems" order="1.0"/>
    <link:loc xlink:type="locator" xlink:href="../../../cor/ic/siconfi-cor_2019-12-31.xsd#siconfi-cor_RREO13ReceitaCorrenteLiquida" xlink:label="RREO13ReceitaCorrenteLiquida" xlink:title="RREO13ReceitaCorrenteLiquida"/>
    <link:presentationArc xlink:type="arc" xlink:arcrole="http://www.xbrl.org/2003/arcrole/parent-child" xlink:from="TotalDasDespesasDePPPLineItems" xlink:to="RREO13ReceitaCorrenteLiquida" xlink:title="presentation: TotalDasDespesasDePPPLineItems to RREO13ReceitaCorrenteLiquida" order="3.0"/>
    <link:loc xlink:type="locator" xlink:href="../../../cor/ic/siconfi-cor_2019-12-31.xsd#siconfi-cor_TotalDespesasPPPPercentualRCL" xlink:label="TotalDespesasPPPPercentualRCL" xlink:title="TotalDespesasPPPPercentualRCL"/>
    <link:presentationArc xlink:type="arc" xlink:arcrole="http://www.xbrl.org/2003/arcrole/parent-child" xlink:from="TotalDasDespesasDePPPLineItems" xlink:to="TotalDespesasPPPPercentualRCL" xlink:title="presentation: TotalDasDespesasDePPPLineItems to TotalDespesasPPPPercentualRCL" order="5.0"/>
    <link:loc xlink:type="locator" xlink:href="../../../cor/ic/siconfi-cor_2019-12-31.xsd#siconfi-cor_RREO13TotalDespesasPPP" xlink:label="RREO13TotalDespesasPPP" xlink:title="RREO13TotalDespesasPPP"/>
    <link:presentationArc xlink:type="arc" xlink:arcrole="http://www.xbrl.org/2003/arcrole/parent-child" xlink:from="TotalDasDespesasDePPPLineItems" xlink:to="RREO13TotalDespesasPPP" xlink:title="presentation: TotalDasDespesasDePPPLineItems to RREO13TotalDespesasPPP" order="4.0"/>
    <link:loc xlink:type="locator" xlink:href="../../../cor/ic/siconfi-cor_2019-12-31.xsd#siconfi-cor_DespesasDePPPAContratar" xlink:label="DespesasDePPPAContratar" xlink:title="DespesasDePPPAContratar"/>
    <link:presentationArc xlink:type="arc" xlink:arcrole="http://www.xbrl.org/2003/arcrole/parent-child" xlink:from="TotalDasDespesasDePPPLineItems" xlink:to="DespesasDePPPAContratar" xlink:title="presentation: TotalDasDespesasDePPPLineItems to DespesasDePPPAContratar" order="2.0"/>
    <link:loc xlink:type="locator" xlink:href="siconfi-rreo-anexo13uniao_2019-12-31.xsd#siconfi-rreo-anexo13uniaouniao_TotalDasDespesasDePPPTable" xlink:label="TotalDasDespesasDePPPTable" xlink:title="TotalDasDespesasDePPPTable"/>
    <link:presentationArc xlink:type="arc" xlink:arcrole="http://www.xbrl.org/2003/arcrole/parent-child" xlink:from="TotalDasDespesasDePPPAbstract" xlink:to="TotalDasDespesasDePPPTable" xlink:title="presentation: TotalDasDespesasDePPPAbstract to TotalDasDespesasDePPPTable" order="2.0" xbrldt:contextElement="segment" xbrldt:closed="true"/>
    <link:presentationArc xlink:type="arc" xlink:arcrole="http://www.xbrl.org/2003/arcrole/parent-child" xlink:from="TotalDasDespesasDePPPTable" xlink:to="ExecucaoDaDespesaAxis" xlink:title="presentation: TotalDasDespesasDePPPTable to ExecucaoDaDespesaAxis" order="1.0"/>
    <link:loc xlink:type="locator" xlink:href="siconfi-rreo-anexo13uniao_2019-12-31.xsd#siconfi-rreo-anexo13uniao_FonteAnexo13Tabela13.0Abstract" xlink:label="FonteAnexo13Tabela13.0Abstract" xlink:title="FonteAnexo13Tabela13.0Abstract"/>
    <link:presentationArc xlink:type="arc" xlink:arcrole="http://www.xbrl.org/2003/arcrole/parent-child" xlink:from="Demonstrativoanexo13uniaoAbstract" xlink:to="FonteAnexo13Tabela13.0Abstract" xlink:title="presentation: Demonstrativoanexo13uniaoAbstract to FonteAnexo13Tabela13.0Abstract" order="4.0"/>
    <link:loc xlink:type="locator" xlink:href="siconfi-rreo-anexo13uniao_2019-12-31.xsd#siconfi-rreo-anexo13uniao_FonteAnexo13Tabela13.0LineItems" xlink:label="FonteAnexo13Tabela13.0LineItems" xlink:title="FonteAnexo13Tabela13.0LineItems"/>
    <link:presentationArc xlink:type="arc" xlink:arcrole="http://www.xbrl.org/2003/arcrole/parent-child" xlink:from="FonteAnexo13Tabela13.0Abstract" xlink:to="FonteAnexo13Tabela13.0LineItems" xlink:title="presentation: FonteAnexo13Tabela13.0Abstract to FonteAnexo13Tabela13.0LineItems" order="1.0"/>
    <link:loc xlink:type="locator" xlink:href="../../../cor/ic/siconfi-cor_2019-12-31.xsd#siconfi-cor_FonteAnexo13Tabela13.0RREO" xlink:label="FonteAnexo13Tabela13.0RREO" xlink:title="FonteAnexo13Tabela13.0RREO"/>
    <link:presentationArc xlink:type="arc" xlink:arcrole="http://www.xbrl.org/2003/arcrole/parent-child" xlink:from="FonteAnexo13Tabela13.0LineItems" xlink:to="FonteAnexo13Tabela13.0RREO" xlink:title="presentation: FonteAnexo13Tabela13.0LineItems to FonteAnexo13Tabela13.0RREO" order="1.0"/>
  </link:presentationLink>
</link:linkbase>
