<?xml version="1.0" encoding="UTF-8"?>
<!-- Generated by Fujitsu Interstage XWand B0196 -->
<link:linkbase xmlns:xsi="http://www.w3.org/2001/XMLSchema-instance" xsi:schemaLocation="http://www.xbrl.org/2003/linkbase http://www.xbrl.org/2003/xbrl-linkbase-2003-12-31.xsd http://xbrl.org/2008/generic http://www.xbrl.org/2008/generic-link.xsd http://xbrl.org/2008/formula http://www.xbrl.org/2008/formula.xsd http://xbrl.org/2008/label http://www.xbrl.org/2008/generic-label.xsd http://xbrl.org/2008/reference http://www.xbrl.org/2008/generic-reference.xsd http://xbrl.org/2008/assertion/consistency http://www.xbrl.org/2008/consistency-assertion.xsd http://xbrl.org/2008/assertion/existence http://www.xbrl.org/2008/existence-assertion.xsd http://xbrl.org/2008/assertion/value http://www.xbrl.org/2008/value-assertion.xsd http://xbrl.org/2008/filter/dimension http://www.xbrl.org/2008/dimension-filter.xsd http://xbrl.org/2010/message http://www.xbrl.org/2010/generic-message.xsd http://xbrl.org/2010/message/validation http://www.xbrl.org/2010/validation-message.xsd http://xbrl.org/2008/filter/concept http://www.xbrl.org/2008/concept-filter.xsd http://xbrl.org/2008/filter/boolean http://www.xbrl.org/2008/boolean-filter.xsd http://xbrl.org/2010/filter/aspect-cover http://www.xbrl.org/2010/aspect-cover-filter.xsd" xmlns:ca="http://xbrl.org/2008/assertion/consistency" xmlns:gen="http://xbrl.org/2008/generic" xmlns:fn="http://www.w3.org/2005/xpath-functions" xmlns:variable="http://xbrl.org/2008/variable" xmlns:xfi="http://www.xbrl.org/2008/function/instance" xmlns:cf="http://xbrl.org/2008/filter/concept" xmlns:xs="http://www.w3.org/2001/XMLSchema" xmlns:valm="http://xbrl.org/2010/message/validation" xmlns:link="http://www.xbrl.org/2003/linkbase" xmlns:ea="http://xbrl.org/2008/assertion/existence" xmlns:asf="http://xbrl.org/2010/filter/aspect-cover" xmlns:df="http://xbrl.org/2008/filter/dimension" xmlns:xlink="http://www.w3.org/1999/xlink" xmlns:validation="http://xbrl.org/2008/validation" xmlns:siconfi-cor="http://fazenda.gov.br/siconfi/cor/ic/siconfi-cor_2020-12-31" xmlns:formula="http://xbrl.org/2008/formula" xmlns:msg="http://xbrl.org/2010/message" xmlns:va="http://xbrl.org/2008/assertion/value" xmlns:siconfi-dim="http://fazenda.gov.br/siconfi/cor/dim/siconfi-dim_2020-12-31" xmlns:label="http://xbrl.org/2008/label" xmlns:bf="http://xbrl.org/2008/filter/boolean" xmlns:xbrli="http://www.xbrl.org/2003/instance">
  <link:roleRef roleURI="http://fazenda.gov.br/siconfi/rep/rreo/anexo9uniao/siconfi-rreo-anexo9uniao-tabela9.0A" xlink:type="simple" xlink:href="siconfi-rreo-anexo9uniao_2020-12-31.xsd#siconfi-rreo-anexo9uniao-tabela9.0A"/>
  <link:roleRef roleURI="http://fazenda.gov.br/siconfi/rep/rreo/anexo9uniao/siconfi-rreo-anexo9uniao-tabela9.0B" xlink:type="simple" xlink:href="siconfi-rreo-anexo9uniao_2020-12-31.xsd#siconfi-rreo-anexo9uniao-tabela9.0B"/>
  <link:roleRef roleURI="http://fazenda.gov.br/siconfi/rep/rreo/anexo9uniao/siconfi-rreo-anexo9uniao-tabela9.0C" xlink:type="simple" xlink:href="siconfi-rreo-anexo9uniao_2020-12-31.xsd#siconfi-rreo-anexo9uniao-tabela9.0C"/>
  <link:roleRef roleURI="http://www.xbrl.org/2008/role/link" xlink:type="simple" xlink:href="http://www.xbrl.org/2008/generic-link.xsd#standard-link-role"/>
  <link:roleRef roleURI="http://www.xbrl.org/2010/role/message" xlink:type="simple" xlink:href="http://www.xbrl.org/2010/generic-message.xsd#standard-message"/>
  <link:roleRef roleURI="http://fazenda.gov.br/siconfi/rep/rreo/anexo9uniao/siconfi-rreo-anexo9uniao-tabela9.0" xlink:type="simple" xlink:href="siconfi-rreo-anexo9uniao_2020-12-31.xsd#siconfi-rreo-anexo9uniao-tabela9.0"/>
  <link:arcroleRef arcroleURI="http://xbrl.org/arcrole/2008/variable-filter" xlink:type="simple" xlink:href="http://www.xbrl.org/2008/variable.xsd#variable-filter"/>
  <link:arcroleRef arcroleURI="http://xbrl.org/arcrole/2008/variable-set" xlink:type="simple" xlink:href="http://www.xbrl.org/2008/variable.xsd#variable-set"/>
  <link:arcroleRef arcroleURI="http://xbrl.org/arcrole/2010/assertion-unsatisfied-message" xlink:type="simple" xlink:href="http://www.xbrl.org/2010/validation-message.xsd#assertion-unsatisfied-message"/>
  <link:arcroleRef arcroleURI="http://xbrl.org/arcrole/2008/boolean-filter" xlink:type="simple" xlink:href="http://www.xbrl.org/2008/boolean-filter.xsd#boolean-filter"/>
  <link:arcroleRef arcroleURI="http://xbrl.org/arcrole/2008/variable-set-filter" xlink:type="simple" xlink:href="http://www.xbrl.org/2008/variable.xsd#variable-set-filter"/>
  <link:arcroleRef arcroleURI="http://xbrl.org/arcrole/2008/assertion-set" xlink:type="simple" xlink:href="http://www.xbrl.org/2008/validation.xsd#assertion-set"/>
  <gen:link xlink:type="extended" xlink:role="http://fazenda.gov.br/siconfi/rep/rreo/anexo9uniao/siconfi-rreo-anexo9uniao-tabela9.0A">
    <variable:factVariable xlink:type="resource" xlink:label="factVariable" xlink:title="factVariable" id="factVariable" bindAsSequence="false" fallbackValue="0"/>
    <df:explicitDimension xlink:type="resource" xlink:label="explicitDimension" xlink:title="explicitDimension" id="explicitDimension">
      <df:dimension>
        <df:qname>siconfi-dim:ExecucaoDaReceitaAxis</df:qname>
      </df:dimension>
      <df:member>
        <df:qname>siconfi-dim:SaldoReceitaMember</df:qname>
      </df:member>
    </df:explicitDimension>
    <variable:variableFilterArc xlink:type="arc" xlink:arcrole="http://xbrl.org/arcrole/2008/variable-filter" xlink:from="factVariable" xlink:to="explicitDimension" xlink:title="factVariable to explicitDimension" priority="0" order="1.0" cover="true" complement="false"/>
    <link:loc xlink:type="locator" xlink:href="#conceptName_4" xlink:label="conceptName_4" xlink:title="conceptName_4"/>
    <variable:variableFilterArc xlink:type="arc" xlink:arcrole="http://xbrl.org/arcrole/2008/variable-filter" xlink:from="factVariable" xlink:to="conceptName_4" xlink:title="factVariable to conceptName_4" priority="0" order="2.0" cover="true" complement="false"/>
    <variable:factVariable xlink:type="resource" xlink:label="factVariable_3" xlink:title="factVariable_3" id="factVariable_3" bindAsSequence="false" fallbackValue="0"/>
    <df:explicitDimension xlink:type="resource" xlink:label="explicitDimension_3" xlink:title="explicitDimension_3" id="explicitDimension_3">
      <df:dimension>
        <df:qname>siconfi-dim:ExecucaoDaReceitaAxis</df:qname>
      </df:dimension>
      <df:member>
        <df:qname>siconfi-dim:ReceitasRealizadasAteOBimestreMember</df:qname>
      </df:member>
    </df:explicitDimension>
    <variable:variableFilterArc xlink:type="arc" xlink:arcrole="http://xbrl.org/arcrole/2008/variable-filter" xlink:from="factVariable_3" xlink:to="explicitDimension_3" xlink:title="factVariable_3 to explicitDimension_3" priority="0" order="1.0" cover="true" complement="false"/>
    <link:loc xlink:type="locator" xlink:href="#conceptName_4" xlink:label="conceptName_4_3" xlink:title="conceptName_4_3"/>
    <variable:variableFilterArc xlink:type="arc" xlink:arcrole="http://xbrl.org/arcrole/2008/variable-filter" xlink:from="factVariable_3" xlink:to="conceptName_4_3" xlink:title="factVariable_3 to conceptName_4_3" priority="0" order="2.0" cover="true" complement="false"/>
    <variable:factVariable xlink:type="resource" xlink:label="factVariable_2" xlink:title="factVariable_2" id="factVariable_2" bindAsSequence="false" fallbackValue="0"/>
    <df:explicitDimension xlink:type="resource" xlink:label="explicitDimension_2" xlink:title="explicitDimension_2" id="explicitDimension_2">
      <df:dimension>
        <df:qname>siconfi-dim:ExecucaoDaReceitaAxis</df:qname>
      </df:dimension>
      <df:member>
        <df:qname>siconfi-dim:PrevisaoAtualizadaMember</df:qname>
      </df:member>
    </df:explicitDimension>
    <variable:variableFilterArc xlink:type="arc" xlink:arcrole="http://xbrl.org/arcrole/2008/variable-filter" xlink:from="factVariable_2" xlink:to="explicitDimension_2" xlink:title="factVariable_2 to explicitDimension_2" priority="0" order="1.0" cover="true" complement="false"/>
    <link:loc xlink:type="locator" xlink:href="#conceptName_4" xlink:label="conceptName_4_2" xlink:title="conceptName_4_2"/>
    <variable:variableFilterArc xlink:type="arc" xlink:arcrole="http://xbrl.org/arcrole/2008/variable-filter" xlink:from="factVariable_2" xlink:to="conceptName_4_2" xlink:title="factVariable_2 to conceptName_4_2" priority="0" order="2.0" cover="true" complement="false"/>
  </gen:link>
  <gen:link xlink:type="extended" xlink:role="http://www.xbrl.org/2008/role/link">
    <link:loc xlink:type="locator" xlink:href="#ED09008" xlink:label="valueAssertion" xlink:title="valueAssertion"/>
    <msg:message xlink:type="resource" xlink:label="label" xlink:role="http://www.xbrl.org/2010/role/message" xlink:title="label" xml:lang="pt-br" id="label">[ED09008] - O valor informado no quadro "RESULTADO ANTES DA RESSALVA CONSTITUCIONAL (III) = (II - I)" não corresponde ao resultado da diferença entre o campo "DESPESA DE CAPITAL LÍQUIDA (II)” no quadro "Despesas" e o campo “RECEITAS DE OPERAÇÕES DE CRÉDITO CONSIDERADAS NA APURAÇÃO DA REGRA DE OURO (I)” no quadro "Receitas". </msg:message>
    <gen:arc xlink:type="arc" xlink:arcrole="http://xbrl.org/arcrole/2010/assertion-unsatisfied-message" xlink:from="valueAssertion" xlink:to="label" xlink:title="valueAssertion to label" priority="0" order="1.0"/>
    <link:loc xlink:type="locator" xlink:href="#ED09007" xlink:label="valueAssertion_4" xlink:title="valueAssertion_4"/>
    <msg:message xlink:type="resource" xlink:label="label_6" xlink:role="http://www.xbrl.org/2010/role/message" xlink:title="label_6" xml:lang="pt-br" id="label_6">[ED09007] - Os valores informados no campo "DESPESA DE CAPITAL LÍQUIDA (II)" não corresponde à diferença entre os valores informados nos campos "DESPESAS DE CAPITAL", "(-) Incentivos Fiscais a Contribuinte" e "(-) Incentivos Fiscais a Contribuinte por Instituições Financeiras" no quadro "Despesas".</msg:message>
    <gen:arc xlink:type="arc" xlink:arcrole="http://xbrl.org/arcrole/2010/assertion-unsatisfied-message" xlink:from="valueAssertion_4" xlink:to="label_6" xlink:title="valueAssertion_4 to label_6" priority="0" order="1.0"/>
    <link:loc xlink:type="locator" xlink:href="#ES09001" xlink:label="valueAssertion_2" xlink:title="valueAssertion_2"/>
    <msg:message xlink:type="resource" xlink:label="label_3" xlink:role="http://www.xbrl.org/2010/role/message" xlink:title="label_3" xml:lang="pt-br" id="label_3">[ES09001] - O valor informado no campo "DESPESAS DE CAPITAL" não corresponde ao somatório dos valores informados nos campos " Investimentos", "Inversões Financeiras" e " Amortização da Dívida" no quadro "DESPESAS". </msg:message>
    <gen:arc xlink:type="arc" xlink:arcrole="http://xbrl.org/arcrole/2010/assertion-unsatisfied-message" xlink:from="valueAssertion_2" xlink:to="label_3" xlink:title="valueAssertion_2 to label_3" priority="0" order="1.0"/>
    <link:loc xlink:type="locator" xlink:href="#ED09009" xlink:label="valueAssertion_5" xlink:title="valueAssertion_5"/>
    <msg:message xlink:type="resource" xlink:label="label_2" xlink:role="http://www.xbrl.org/2010/role/message" xlink:title="label_2" xml:lang="pt-br" id="label_2">[ED09009] - O valor informado na linha "RECEITAS DE OPERAÇÕES DE CRÉDITO CONSIDERADAS NA APURAÇÃO DA REGRA DE OURO (I)", não corresponde ao resultado da diferença entre os campos "RECEITAS DE OPERAÇÕES DE CRÉDITO”  e "(-) Variação do saldo da subconta da Dívida Pública da Conta Única da União” no quadro "Receitas". </msg:message>
    <gen:arc xlink:type="arc" xlink:arcrole="http://xbrl.org/arcrole/2010/assertion-unsatisfied-message" xlink:from="valueAssertion_5" xlink:to="label_2" xlink:title="valueAssertion_5 to label_2" priority="0" order="1.0"/>
  </gen:link>
  <gen:link xlink:type="extended" xlink:role="http://fazenda.gov.br/siconfi/rep/rreo/anexo9uniao/siconfi-rreo-anexo9uniao-tabela9.0B">
    <variable:factVariable xlink:type="resource" xlink:label="factVariable" xlink:title="factVariable" id="factVariable_4" bindAsSequence="false" fallbackValue="0"/>
    <df:explicitDimension xlink:type="resource" xlink:label="explicitDimension_4" xlink:title="explicitDimension_4" id="explicitDimension_10">
      <df:dimension>
        <df:qname>siconfi-dim:ExecucaoDaDespesaDeCapitalAxis</df:qname>
      </df:dimension>
      <df:member>
        <df:qname>siconfi-dim:SaldoDespesaMember</df:qname>
      </df:member>
    </df:explicitDimension>
    <variable:variableFilterArc xlink:type="arc" xlink:arcrole="http://xbrl.org/arcrole/2008/variable-filter" xlink:from="factVariable" xlink:to="explicitDimension_4" xlink:title="factVariable to explicitDimension_4" priority="0" order="6.0" cover="true" complement="false"/>
    <variable:factVariable xlink:type="resource" xlink:label="factVariable_2" xlink:title="factVariable_2" id="factVariable_5" bindAsSequence="false" fallbackValue="0"/>
    <df:explicitDimension xlink:type="resource" xlink:label="explicitDimension_5" xlink:title="explicitDimension_5" id="explicitDimension_11">
      <df:dimension>
        <df:qname>siconfi-dim:ExecucaoDaDespesaDeCapitalAxis</df:qname>
      </df:dimension>
      <df:member>
        <df:qname>siconfi-dim:DotacaoAtualizadaMember</df:qname>
      </df:member>
    </df:explicitDimension>
    <variable:variableFilterArc xlink:type="arc" xlink:arcrole="http://xbrl.org/arcrole/2008/variable-filter" xlink:from="factVariable_2" xlink:to="explicitDimension_5" xlink:title="factVariable_2 to explicitDimension_5" priority="0" order="6.0" cover="true" complement="false"/>
    <variable:factVariable xlink:type="resource" xlink:label="factVariable_3" xlink:title="factVariable_3" id="factVariable_6" bindAsSequence="false" fallbackValue="0"/>
    <df:explicitDimension xlink:type="resource" xlink:label="explicitDimension_6" xlink:title="explicitDimension_6" id="explicitDimension_12">
      <df:dimension>
        <df:qname>siconfi-dim:ExecucaoDaDespesaDeCapitalAxis</df:qname>
      </df:dimension>
      <df:member>
        <df:qname>siconfi-dim:DespesasEmpenhadasMember</df:qname>
      </df:member>
    </df:explicitDimension>
    <variable:variableFilterArc xlink:type="arc" xlink:arcrole="http://xbrl.org/arcrole/2008/variable-filter" xlink:from="factVariable_3" xlink:to="explicitDimension_6" xlink:title="factVariable_3 to explicitDimension_6" priority="0" order="6.0" cover="true" complement="false"/>
    <bf:orFilter xlink:type="resource" xlink:label="orFilter" xlink:title="orFilter" id="orFilter"/>
    <cf:conceptName xlink:type="resource" xlink:label="conceptName" xlink:title="conceptName" id="conceptName_5">
      <cf:concept>
        <cf:qname>siconfi-cor:RREO9DespesasDeCapital</cf:qname>
      </cf:concept>
    </cf:conceptName>
    <variable:variableFilterArc xlink:type="arc" xlink:arcrole="http://xbrl.org/arcrole/2008/boolean-filter" xlink:from="orFilter" xlink:to="conceptName" xlink:title="orFilter to conceptName" priority="0" order="1.0" cover="true" complement="false"/>
    <cf:conceptName xlink:type="resource" xlink:label="conceptName_2" xlink:title="conceptName_2" id="conceptName_6">
      <cf:concept>
        <cf:qname>siconfi-cor:IncentivosFiscaisAContribuinte</cf:qname>
      </cf:concept>
    </cf:conceptName>
    <variable:variableFilterArc xlink:type="arc" xlink:arcrole="http://xbrl.org/arcrole/2008/boolean-filter" xlink:from="orFilter" xlink:to="conceptName_2" xlink:title="orFilter to conceptName_2" priority="0" order="2.0" cover="true" complement="false"/>
    <cf:conceptName xlink:type="resource" xlink:label="conceptName_3" xlink:title="conceptName_3" id="conceptName_7">
      <cf:concept>
        <cf:qname>siconfi-cor:IncentivosFiscaisAContribuintePorInstituicoesFinanceiras</cf:qname>
      </cf:concept>
    </cf:conceptName>
    <variable:variableFilterArc xlink:type="arc" xlink:arcrole="http://xbrl.org/arcrole/2008/boolean-filter" xlink:from="orFilter" xlink:to="conceptName_3" xlink:title="orFilter to conceptName_3" priority="0" order="3.0" cover="true" complement="false"/>
    <link:loc xlink:type="locator" xlink:href="#conceptName_2" xlink:label="conceptName_2_5" xlink:title="conceptName_2_5"/>
    <variable:variableFilterArc xlink:type="arc" xlink:arcrole="http://xbrl.org/arcrole/2008/boolean-filter" xlink:from="orFilter" xlink:to="conceptName_2_5" xlink:title="orFilter to conceptName_2_5" priority="0" order="4.0" cover="true" complement="false"/>
  </gen:link>
  <gen:link xlink:type="extended" xlink:role="http://fazenda.gov.br/siconfi/rep/rreo/anexo9uniao/siconfi-rreo-anexo9uniao-tabela9.0C">
    <variable:factVariable xlink:type="resource" xlink:label="factVariable_10" xlink:title="factVariable_10" id="factVariable_16" bindAsSequence="false" fallbackValue="0"/>
    <cf:conceptName xlink:type="resource" xlink:label="conceptName_3" xlink:title="conceptName_3" id="conceptName_3">
      <cf:concept>
        <cf:qname>siconfi-cor:ResultadoParaApuracaoDaRegraDeOuro</cf:qname>
      </cf:concept>
    </cf:conceptName>
    <variable:variableFilterArc xlink:type="arc" xlink:arcrole="http://xbrl.org/arcrole/2008/variable-filter" xlink:from="factVariable_10" xlink:to="conceptName_3" xlink:title="factVariable_10 to conceptName_3" priority="0" order="1.0" cover="true" complement="false"/>
    <variable:factVariable xlink:type="resource" xlink:label="factVariable_3" xlink:title="factVariable_3" id="factVariable_9" bindAsSequence="false" fallbackValue="0"/>
    <cf:conceptName xlink:type="resource" xlink:label="conceptName_2" xlink:title="conceptName_2" id="conceptName_2">
      <cf:concept>
        <cf:qname>siconfi-cor:DespesaDeCapitalLiquida</cf:qname>
      </cf:concept>
    </cf:conceptName>
    <variable:variableFilterArc xlink:type="arc" xlink:arcrole="http://xbrl.org/arcrole/2008/variable-filter" xlink:from="factVariable_3" xlink:to="conceptName_2" xlink:title="factVariable_3 to conceptName_2" priority="0" order="1.0" cover="true" complement="false"/>
    <link:loc xlink:type="locator" xlink:href="#explicitDimension_11" xlink:label="explicitDimension_5_2" xlink:title="explicitDimension_5_2"/>
    <variable:variableFilterArc xlink:type="arc" xlink:arcrole="http://xbrl.org/arcrole/2008/variable-filter" xlink:from="factVariable_3" xlink:to="explicitDimension_5_2" xlink:title="factVariable_3 to explicitDimension_5_2" priority="0" order="3.0" cover="true" complement="false"/>
    <variable:factVariable xlink:type="resource" xlink:label="factVariable" xlink:title="factVariable" id="factVariable_7" bindAsSequence="false" fallbackValue="0"/>
    <df:explicitDimension xlink:type="resource" xlink:label="explicitDimension" xlink:title="explicitDimension" id="explicitDimension_7">
      <df:dimension>
        <df:qname>siconfi-dim:ApuracaoRegraDeOuroAxis</df:qname>
      </df:dimension>
      <df:member>
        <df:qname>siconfi-dim:ApuracaoDaRegraDeOuroUmMember</df:qname>
      </df:member>
    </df:explicitDimension>
    <variable:variableFilterArc xlink:type="arc" xlink:arcrole="http://xbrl.org/arcrole/2008/variable-filter" xlink:from="factVariable" xlink:to="explicitDimension" xlink:title="factVariable to explicitDimension" priority="0" order="1.0" cover="true" complement="false"/>
    <variable:variableFilterArc xlink:type="arc" xlink:arcrole="http://xbrl.org/arcrole/2008/variable-filter" xlink:from="factVariable" xlink:to="conceptName_3" xlink:title="factVariable to conceptName_3" priority="0" order="2.0" cover="true" complement="false"/>
    <variable:factVariable xlink:type="resource" xlink:label="factVariable_2" xlink:title="factVariable_2" id="factVariable_8" bindAsSequence="false" fallbackValue="0"/>
    <link:loc xlink:type="locator" xlink:href="#explicitDimension_2" xlink:label="explicitDimension_2" xlink:title="explicitDimension_2"/>
    <variable:variableFilterArc xlink:type="arc" xlink:arcrole="http://xbrl.org/arcrole/2008/variable-filter" xlink:from="factVariable_2" xlink:to="explicitDimension_2" xlink:title="factVariable_2 to explicitDimension_2" priority="0" order="2.0" cover="true" complement="false"/>
    <cf:conceptName xlink:type="resource" xlink:label="conceptName_4" xlink:title="conceptName_4" id="conceptName_4">
      <cf:concept>
        <cf:qname>siconfi-cor:RREO9ReceitasDeOperacoesDeCredito</cf:qname>
      </cf:concept>
    </cf:conceptName>
    <variable:variableFilterArc xlink:type="arc" xlink:arcrole="http://xbrl.org/arcrole/2008/variable-filter" xlink:from="factVariable_2" xlink:to="conceptName_4" xlink:title="factVariable_2 to conceptName_4" priority="0" order="3.0" cover="true" complement="false"/>
    <variable:factVariable xlink:type="resource" xlink:label="factVariable_6" xlink:title="factVariable_6" id="factVariable_12" bindAsSequence="false" fallbackValue="0"/>
    <df:explicitDimension xlink:type="resource" xlink:label="explicitDimension_4" xlink:title="explicitDimension_4" id="explicitDimension_8">
      <df:dimension>
        <df:qname>siconfi-dim:ApuracaoRegraDeOuroAxis</df:qname>
      </df:dimension>
      <df:member>
        <df:qname>siconfi-dim:ApuracaoDaRegraDeOuroDoisMember</df:qname>
      </df:member>
    </df:explicitDimension>
    <variable:variableFilterArc xlink:type="arc" xlink:arcrole="http://xbrl.org/arcrole/2008/variable-filter" xlink:from="factVariable_6" xlink:to="explicitDimension_4" xlink:title="factVariable_6 to explicitDimension_4" priority="0" order="1.0" cover="true" complement="false"/>
    <variable:variableFilterArc xlink:type="arc" xlink:arcrole="http://xbrl.org/arcrole/2008/variable-filter" xlink:from="factVariable_6" xlink:to="conceptName_3" xlink:title="factVariable_6 to conceptName_3" priority="0" order="2.0" cover="true" complement="false"/>
    <variable:factVariable xlink:type="resource" xlink:label="factVariable_4" xlink:title="factVariable_4" id="factVariable_10" bindAsSequence="false" fallbackValue="0"/>
    <variable:variableFilterArc xlink:type="arc" xlink:arcrole="http://xbrl.org/arcrole/2008/variable-filter" xlink:from="factVariable_4" xlink:to="conceptName_2" xlink:title="factVariable_4 to conceptName_2" priority="0" order="1.0" cover="true" complement="false"/>
    <link:loc xlink:type="locator" xlink:href="#explicitDimension_12" xlink:label="explicitDimension_6_2" xlink:title="explicitDimension_6_2"/>
    <variable:variableFilterArc xlink:type="arc" xlink:arcrole="http://xbrl.org/arcrole/2008/variable-filter" xlink:from="factVariable_4" xlink:to="explicitDimension_6_2" xlink:title="factVariable_4 to explicitDimension_6_2" priority="0" order="3.0" cover="true" complement="false"/>
    <variable:factVariable xlink:type="resource" xlink:label="factVariable_5" xlink:title="factVariable_5" id="factVariable_11" bindAsSequence="false" fallbackValue="0"/>
    <link:loc xlink:type="locator" xlink:href="#explicitDimension_3" xlink:label="explicitDimension_3_2" xlink:title="explicitDimension_3_2"/>
    <variable:variableFilterArc xlink:type="arc" xlink:arcrole="http://xbrl.org/arcrole/2008/variable-filter" xlink:from="factVariable_5" xlink:to="explicitDimension_3_2" xlink:title="factVariable_5 to explicitDimension_3_2" priority="0" order="2.0" cover="true" complement="false"/>
    <variable:variableFilterArc xlink:type="arc" xlink:arcrole="http://xbrl.org/arcrole/2008/variable-filter" xlink:from="factVariable_5" xlink:to="conceptName_4" xlink:title="factVariable_5 to conceptName_4" priority="0" order="3.0" cover="true" complement="false"/>
    <variable:factVariable xlink:type="resource" xlink:label="factVariable_7" xlink:title="factVariable_7" id="factVariable_13" bindAsSequence="false" fallbackValue="0"/>
    <df:explicitDimension xlink:type="resource" xlink:label="explicitDimension_5" xlink:title="explicitDimension_5" id="explicitDimension_9">
      <df:dimension>
        <df:qname>siconfi-dim:ApuracaoRegraDeOuroAxis</df:qname>
      </df:dimension>
      <df:member>
        <df:qname>siconfi-dim:ApuracaoDaRegraDeOuroTresMember</df:qname>
      </df:member>
    </df:explicitDimension>
    <variable:variableFilterArc xlink:type="arc" xlink:arcrole="http://xbrl.org/arcrole/2008/variable-filter" xlink:from="factVariable_7" xlink:to="explicitDimension_5" xlink:title="factVariable_7 to explicitDimension_5" priority="0" order="1.0" cover="true" complement="false"/>
    <variable:variableFilterArc xlink:type="arc" xlink:arcrole="http://xbrl.org/arcrole/2008/variable-filter" xlink:from="factVariable_7" xlink:to="conceptName_3" xlink:title="factVariable_7 to conceptName_3" priority="0" order="2.0" cover="true" complement="false"/>
    <variable:factVariable xlink:type="resource" xlink:label="factVariable_8" xlink:title="factVariable_8" id="factVariable_14" bindAsSequence="false" fallbackValue="0"/>
    <link:loc xlink:type="locator" xlink:href="#explicitDimension" xlink:label="explicitDimension_6" xlink:title="explicitDimension_6"/>
    <variable:variableFilterArc xlink:type="arc" xlink:arcrole="http://xbrl.org/arcrole/2008/variable-filter" xlink:from="factVariable_8" xlink:to="explicitDimension_6" xlink:title="factVariable_8 to explicitDimension_6" priority="0" order="1.0" cover="true" complement="false"/>
    <variable:variableFilterArc xlink:type="arc" xlink:arcrole="http://xbrl.org/arcrole/2008/variable-filter" xlink:from="factVariable_8" xlink:to="conceptName_4" xlink:title="factVariable_8 to conceptName_4" priority="0" order="3.0" cover="true" complement="false"/>
    <variable:factVariable xlink:type="resource" xlink:label="factVariable_9" xlink:title="factVariable_9" id="factVariable_15" bindAsSequence="false" fallbackValue="0"/>
    <variable:variableFilterArc xlink:type="arc" xlink:arcrole="http://xbrl.org/arcrole/2008/variable-filter" xlink:from="factVariable_9" xlink:to="conceptName_2" xlink:title="factVariable_9 to conceptName_2" priority="0" order="1.0" cover="true" complement="false"/>
    <link:loc xlink:type="locator" xlink:href="#explicitDimension_10" xlink:label="explicitDimension_4_2" xlink:title="explicitDimension_4_2"/>
    <variable:variableFilterArc xlink:type="arc" xlink:arcrole="http://xbrl.org/arcrole/2008/variable-filter" xlink:from="factVariable_9" xlink:to="explicitDimension_4_2" xlink:title="factVariable_9 to explicitDimension_4_2" priority="0" order="3.0" cover="true" complement="false"/>
  </gen:link>
  <gen:link xlink:type="extended" xlink:role="http://fazenda.gov.br/siconfi/rep/rreo/anexo9uniao/siconfi-rreo-anexo9uniao-tabela9.0">
    <va:valueAssertion xlink:type="resource" xlink:label="valueAssertion" xlink:title="valueAssertion" id="ED09008" test=" $ResultadoAntesDaRessalvaConstitucional  = $DespesaDeCapitalLiquida - $ReceitasDeOperacoesDeCreditoRegraDeOuro " aspectModel="dimensional" implicitFiltering="true"/>
    <variable:factVariable xlink:type="resource" xlink:label="factVariable_24" xlink:title="factVariable_24" id="factVariable_40" bindAsSequence="false" fallbackValue="0"/>
    <variable:variableArc xlink:type="arc" xlink:arcrole="http://xbrl.org/arcrole/2008/variable-set" xlink:from="valueAssertion" xlink:to="factVariable_24" xlink:title="valueAssertion to factVariable_24" priority="0" order="2.0" name="ReceitasDeOperacoesDeCreditoRegraDeOuro"/>
    <cf:conceptName xlink:type="resource" xlink:label="conceptName_9" xlink:title="conceptName_9" id="conceptName">
      <cf:concept>
        <cf:qname>siconfi-cor:ReceitasDeOperacoesDeCreditoRegraDeOuro</cf:qname>
      </cf:concept>
    </cf:conceptName>
    <variable:variableFilterArc xlink:type="arc" xlink:arcrole="http://xbrl.org/arcrole/2008/variable-filter" xlink:from="factVariable_24" xlink:to="conceptName_9" xlink:title="factVariable_24 to conceptName_9" priority="0" order="1.0" cover="true" complement="false"/>
    <link:loc xlink:type="locator" xlink:href="#explicitDimension_3" xlink:label="explicitDimension_3_3" xlink:title="explicitDimension_3_3"/>
    <variable:variableFilterArc xlink:type="arc" xlink:arcrole="http://xbrl.org/arcrole/2008/variable-filter" xlink:from="factVariable_24" xlink:to="explicitDimension_3_3" xlink:title="factVariable_24 to explicitDimension_3_3" priority="0" order="2.0" cover="true" complement="false"/>
    <variable:factVariable xlink:type="resource" xlink:label="factVariable_25" xlink:title="factVariable_25" id="factVariable_41" bindAsSequence="false" fallbackValue="0"/>
    <variable:variableArc xlink:type="arc" xlink:arcrole="http://xbrl.org/arcrole/2008/variable-set" xlink:from="valueAssertion" xlink:to="factVariable_25" xlink:title="valueAssertion to factVariable_25" priority="0" order="3.0" name="DespesaDeCapitalLiquida"/>
    <link:loc xlink:type="locator" xlink:href="#conceptName_2" xlink:label="conceptName_2_8" xlink:title="conceptName_2_8"/>
    <variable:variableFilterArc xlink:type="arc" xlink:arcrole="http://xbrl.org/arcrole/2008/variable-filter" xlink:from="factVariable_25" xlink:to="conceptName_2_8" xlink:title="factVariable_25 to conceptName_2_8" priority="0" order="1.0" cover="true" complement="false"/>
    <link:loc xlink:type="locator" xlink:href="#explicitDimension_12" xlink:label="explicitDimension_6_9" xlink:title="explicitDimension_6_9"/>
    <variable:variableFilterArc xlink:type="arc" xlink:arcrole="http://xbrl.org/arcrole/2008/variable-filter" xlink:from="factVariable_25" xlink:to="explicitDimension_6_9" xlink:title="factVariable_25 to explicitDimension_6_9" priority="0" order="2.0" cover="true" complement="false"/>
    <variable:factVariable xlink:type="resource" xlink:label="factVariable_28" xlink:title="factVariable_28" id="factVariable_44" bindAsSequence="false" fallbackValue="0"/>
    <variable:variableArc xlink:type="arc" xlink:arcrole="http://xbrl.org/arcrole/2008/variable-set" xlink:from="valueAssertion" xlink:to="factVariable_28" xlink:title="valueAssertion to factVariable_28" priority="0" order="4.0" name="ResultadoAntesDaRessalvaConstitucional"/>
    <cf:conceptName xlink:type="resource" xlink:label="conceptName_8" xlink:title="conceptName_8" id="conceptName_13">
      <cf:concept>
        <cf:qname>siconfi-cor:ResultadoAntesDaRessalvaConstitucional</cf:qname>
      </cf:concept>
    </cf:conceptName>
    <variable:variableFilterArc xlink:type="arc" xlink:arcrole="http://xbrl.org/arcrole/2008/variable-filter" xlink:from="factVariable_28" xlink:to="conceptName_8" xlink:title="factVariable_28 to conceptName_8" priority="0" order="1.0" cover="true" complement="false"/>
    <link:loc xlink:type="locator" xlink:href="#explicitDimension_7" xlink:label="explicitDimension" xlink:title="explicitDimension"/>
    <variable:variableFilterArc xlink:type="arc" xlink:arcrole="http://xbrl.org/arcrole/2008/variable-filter" xlink:from="factVariable_28" xlink:to="explicitDimension" xlink:title="factVariable_28 to explicitDimension" priority="0" order="2.0" cover="true" complement="false"/>
    <asf:aspectCover xlink:type="resource" xlink:label="aspectCover" xlink:title="aspectCover" id="aspectCover">
      <asf:aspect>period</asf:aspect>
    </asf:aspectCover>
    <variable:variableFilterArc xlink:type="arc" xlink:arcrole="http://xbrl.org/arcrole/2008/variable-filter" xlink:from="factVariable_28" xlink:to="aspectCover" xlink:title="factVariable_28 to aspectCover" priority="0" order="3.0" cover="true" complement="false"/>
    <validation:assertionSet xlink:type="resource" xlink:label="assertionSet_3" xlink:title="assertionSet_3" id="DespesaDeCapitalLiquida"/>
    <va:valueAssertion xlink:type="resource" xlink:label="valueAssertion_4" xlink:title="valueAssertion_4" id="ED09007" test=" $DespesaDeCapitalLiquida =  $RREO9DespesasDeCapital - $IncentivosFiscaisAContribuinte - $IncentivosFiscaisAContribuintePorInstituicoesFinanceiras " aspectModel="dimensional" implicitFiltering="true"/>
    <gen:arc xlink:type="arc" xlink:arcrole="http://xbrl.org/arcrole/2008/assertion-set" xlink:from="assertionSet_3" xlink:to="valueAssertion_4" xlink:title="assertionSet_3 to valueAssertion_4" priority="0" order="1.0"/>
    <variable:factVariable xlink:type="resource" xlink:label="factVariable" xlink:title="factVariable" id="factVariable_17" bindAsSequence="false" fallbackValue="0"/>
    <variable:variableArc xlink:type="arc" xlink:arcrole="http://xbrl.org/arcrole/2008/variable-set" xlink:from="valueAssertion_4" xlink:to="factVariable" xlink:title="valueAssertion_4 to factVariable" priority="0" order="1.0" name="RREO9DespesasDeCapital"/>
    <link:loc xlink:type="locator" xlink:href="#conceptName_5" xlink:label="conceptName" xlink:title="conceptName"/>
    <variable:variableFilterArc xlink:type="arc" xlink:arcrole="http://xbrl.org/arcrole/2008/variable-filter" xlink:from="factVariable" xlink:to="conceptName" xlink:title="factVariable to conceptName" priority="0" order="1.0" cover="true" complement="false"/>
    <variable:factVariable xlink:type="resource" xlink:label="factVariable_2" xlink:title="factVariable_2" id="factVariable_18" bindAsSequence="false" fallbackValue="0"/>
    <variable:variableArc xlink:type="arc" xlink:arcrole="http://xbrl.org/arcrole/2008/variable-set" xlink:from="valueAssertion_4" xlink:to="factVariable_2" xlink:title="valueAssertion_4 to factVariable_2" priority="0" order="2.0" name="IncentivosFiscaisAContribuinte"/>
    <link:loc xlink:type="locator" xlink:href="#conceptName_6" xlink:label="conceptName_2" xlink:title="conceptName_2"/>
    <variable:variableFilterArc xlink:type="arc" xlink:arcrole="http://xbrl.org/arcrole/2008/variable-filter" xlink:from="factVariable_2" xlink:to="conceptName_2" xlink:title="factVariable_2 to conceptName_2" priority="0" order="1.0" cover="true" complement="false"/>
    <variable:factVariable xlink:type="resource" xlink:label="factVariable_3" xlink:title="factVariable_3" id="factVariable_19" bindAsSequence="false" fallbackValue="0"/>
    <variable:variableArc xlink:type="arc" xlink:arcrole="http://xbrl.org/arcrole/2008/variable-set" xlink:from="valueAssertion_4" xlink:to="factVariable_3" xlink:title="valueAssertion_4 to factVariable_3" priority="0" order="3.0" name="IncentivosFiscaisAContribuintePorInstituicoesFinanceiras"/>
    <link:loc xlink:type="locator" xlink:href="#conceptName_7" xlink:label="conceptName_3" xlink:title="conceptName_3"/>
    <variable:variableFilterArc xlink:type="arc" xlink:arcrole="http://xbrl.org/arcrole/2008/variable-filter" xlink:from="factVariable_3" xlink:to="conceptName_3" xlink:title="factVariable_3 to conceptName_3" priority="0" order="1.0" cover="true" complement="false"/>
    <variable:factVariable xlink:type="resource" xlink:label="factVariable_4" xlink:title="factVariable_4" id="factVariable_20" bindAsSequence="false" fallbackValue="0"/>
    <variable:variableArc xlink:type="arc" xlink:arcrole="http://xbrl.org/arcrole/2008/variable-set" xlink:from="valueAssertion_4" xlink:to="factVariable_4" xlink:title="valueAssertion_4 to factVariable_4" priority="0" order="4.0" name="DespesaDeCapitalLiquida"/>
    <link:loc xlink:type="locator" xlink:href="#conceptName_2" xlink:label="conceptName_2_2" xlink:title="conceptName_2_2"/>
    <variable:variableFilterArc xlink:type="arc" xlink:arcrole="http://xbrl.org/arcrole/2008/variable-filter" xlink:from="factVariable_4" xlink:to="conceptName_2_2" xlink:title="factVariable_4 to conceptName_2_2" priority="0" order="1.0" cover="true" complement="false"/>
    <va:valueAssertion xlink:type="resource" xlink:label="valueAssertion_2" xlink:title="valueAssertion_2" id="ES09001" test=" $RREO9DespesasDeCapital = $Investimentos + $InversoesFinanceiras + $AmortizacaoDaDivida " aspectModel="dimensional" implicitFiltering="true"/>
    <gen:arc xlink:type="arc" xlink:arcrole="http://xbrl.org/arcrole/2008/assertion-set" xlink:from="assertionSet_3" xlink:to="valueAssertion_2" xlink:title="assertionSet_3 to valueAssertion_2" priority="0" order="2.0"/>
    <variable:factVariable xlink:type="resource" xlink:label="factVariable_29" xlink:title="factVariable_29" id="factVariable_45" bindAsSequence="false" fallbackValue="0"/>
    <variable:variableArc xlink:type="arc" xlink:arcrole="http://xbrl.org/arcrole/2008/variable-set" xlink:from="valueAssertion_2" xlink:to="factVariable_29" xlink:title="valueAssertion_2 to factVariable_29" priority="0" order="1.0" name="RREO9DespesasDeCapital"/>
    <link:loc xlink:type="locator" xlink:href="#conceptName_5" xlink:label="conceptName_12" xlink:title="conceptName_12"/>
    <variable:variableFilterArc xlink:type="arc" xlink:arcrole="http://xbrl.org/arcrole/2008/variable-filter" xlink:from="factVariable_29" xlink:to="conceptName_12" xlink:title="factVariable_29 to conceptName_12" priority="0" order="1.0" cover="true" complement="false"/>
    <variable:factVariable xlink:type="resource" xlink:label="factVariable_30" xlink:title="factVariable_30" id="factVariable_46" bindAsSequence="false" fallbackValue="0"/>
    <variable:variableArc xlink:type="arc" xlink:arcrole="http://xbrl.org/arcrole/2008/variable-set" xlink:from="valueAssertion_2" xlink:to="factVariable_30" xlink:title="valueAssertion_2 to factVariable_30" priority="0" order="2.0" name="Investimentos"/>
    <cf:conceptName xlink:type="resource" xlink:label="conceptName_13" xlink:title="conceptName_13" id="conceptName_10">
      <cf:concept>
        <cf:qname>siconfi-cor:Investimentos</cf:qname>
      </cf:concept>
    </cf:conceptName>
    <variable:variableFilterArc xlink:type="arc" xlink:arcrole="http://xbrl.org/arcrole/2008/variable-filter" xlink:from="factVariable_30" xlink:to="conceptName_13" xlink:title="factVariable_30 to conceptName_13" priority="0" order="1.0" cover="true" complement="false"/>
    <variable:factVariable xlink:type="resource" xlink:label="factVariable_31" xlink:title="factVariable_31" id="factVariable_47" bindAsSequence="false" fallbackValue="0"/>
    <variable:variableArc xlink:type="arc" xlink:arcrole="http://xbrl.org/arcrole/2008/variable-set" xlink:from="valueAssertion_2" xlink:to="factVariable_31" xlink:title="valueAssertion_2 to factVariable_31" priority="0" order="3.0" name="InversoesFinanceiras"/>
    <cf:conceptName xlink:type="resource" xlink:label="conceptName_14" xlink:title="conceptName_14" id="conceptName_11">
      <cf:concept>
        <cf:qname>siconfi-cor:InversoesFinanceiras</cf:qname>
      </cf:concept>
    </cf:conceptName>
    <variable:variableFilterArc xlink:type="arc" xlink:arcrole="http://xbrl.org/arcrole/2008/variable-filter" xlink:from="factVariable_31" xlink:to="conceptName_14" xlink:title="factVariable_31 to conceptName_14" priority="0" order="1.0" cover="true" complement="false"/>
    <variable:factVariable xlink:type="resource" xlink:label="factVariable_32" xlink:title="factVariable_32" id="factVariable_48" bindAsSequence="false" fallbackValue="0"/>
    <variable:variableArc xlink:type="arc" xlink:arcrole="http://xbrl.org/arcrole/2008/variable-set" xlink:from="valueAssertion_2" xlink:to="factVariable_32" xlink:title="valueAssertion_2 to factVariable_32" priority="0" order="4.0" name="AmortizacaoDaDivida"/>
    <cf:conceptName xlink:type="resource" xlink:label="conceptName_15" xlink:title="conceptName_15" id="conceptName_12">
      <cf:concept>
        <cf:qname>siconfi-cor:AmortizacaoDaDivida</cf:qname>
      </cf:concept>
    </cf:conceptName>
    <variable:variableFilterArc xlink:type="arc" xlink:arcrole="http://xbrl.org/arcrole/2008/variable-filter" xlink:from="factVariable_32" xlink:to="conceptName_15" xlink:title="factVariable_32 to conceptName_15" priority="0" order="1.0" cover="true" complement="false"/>
    <bf:orFilter xlink:type="resource" xlink:label="orFilter_3" xlink:title="orFilter_3" id="orFilter_4"/>
    <variable:variableSetFilterArc xlink:type="arc" xlink:arcrole="http://xbrl.org/arcrole/2008/variable-set-filter" xlink:from="valueAssertion_2" xlink:to="orFilter_3" xlink:title="valueAssertion_2 to orFilter_3" priority="0" order="1.0" complement="false"/>
    <link:loc xlink:type="locator" xlink:href="#explicitDimension_12" xlink:label="explicitDimension_6_10" xlink:title="explicitDimension_6_10"/>
    <variable:variableFilterArc xlink:type="arc" xlink:arcrole="http://xbrl.org/arcrole/2008/boolean-filter" xlink:from="orFilter_3" xlink:to="explicitDimension_6_10" xlink:title="orFilter_3 to explicitDimension_6_10" priority="0" order="1.0" cover="true" complement="false"/>
    <formula:formula xlink:type="resource" xlink:label="formula" xlink:title="formula" id="FD09002" value=" $Investimentos + $InversoesFinanceiras + $AmortizacaoDaDivida  - $IncentivosFiscaisAContribuinte - $IncentivosFiscaisAContribuintePorInstituicoesFinanceiras " aspectModel="dimensional" implicitFiltering="true" source="formula:uncovered">
      <formula:decimals>2</formula:decimals>
      <formula:aspects>
        <formula:concept>
          <formula:qname>siconfi-cor:DespesaDeCapitalLiquida</formula:qname>
        </formula:concept>
        <formula:explicitDimension dimension="siconfi-dim:ExecucaoDaDespesaDeCapitalAxis">
          <formula:member>
            <formula:qname>siconfi-dim:DespesasEmpenhadasMember</formula:qname>
          </formula:member>
        </formula:explicitDimension>
      </formula:aspects>
    </formula:formula>
    <variable:variableArc xlink:type="arc" xlink:arcrole="http://xbrl.org/arcrole/2008/variable-set" xlink:from="formula" xlink:to="factVariable_3" xlink:title="formula to factVariable_3" priority="0" order="1.0" name="IncentivosFiscaisAContribuintePorInstituicoesFinanceiras"/>
    <variable:variableArc xlink:type="arc" xlink:arcrole="http://xbrl.org/arcrole/2008/variable-set" xlink:from="formula" xlink:to="factVariable_2" xlink:title="formula to factVariable_2" priority="0" order="2.0" name="IncentivosFiscaisAContribuinte"/>
    <bf:orFilter xlink:type="resource" xlink:label="orFilter" xlink:title="orFilter" id="orFilter_2"/>
    <variable:variableSetFilterArc xlink:type="arc" xlink:arcrole="http://xbrl.org/arcrole/2008/variable-set-filter" xlink:from="formula" xlink:to="orFilter" xlink:title="formula to orFilter" priority="0" order="1.0" complement="false"/>
    <link:loc xlink:type="locator" xlink:href="#explicitDimension_12" xlink:label="explicitDimension_6" xlink:title="explicitDimension_6"/>
    <variable:variableFilterArc xlink:type="arc" xlink:arcrole="http://xbrl.org/arcrole/2008/boolean-filter" xlink:from="orFilter" xlink:to="explicitDimension_6" xlink:title="orFilter to explicitDimension_6" priority="0" order="2.0" cover="true" complement="false"/>
    <variable:variableArc xlink:type="arc" xlink:arcrole="http://xbrl.org/arcrole/2008/variable-set" xlink:from="formula" xlink:to="factVariable_30" xlink:title="formula to factVariable_30" priority="0" order="3.0" name="Investimentos"/>
    <variable:variableArc xlink:type="arc" xlink:arcrole="http://xbrl.org/arcrole/2008/variable-set" xlink:from="formula" xlink:to="factVariable_31" xlink:title="formula to factVariable_31" priority="0" order="4.0" name="InversoesFinanceiras"/>
    <variable:variableArc xlink:type="arc" xlink:arcrole="http://xbrl.org/arcrole/2008/variable-set" xlink:from="formula" xlink:to="factVariable_32" xlink:title="formula to factVariable_32" priority="0" order="5.0" name="AmortizacaoDaDivida"/>
    <formula:formula xlink:type="resource" xlink:label="formula_6" xlink:title="formula_6" id="FD09003" value="( $Investimentos + $InversoesFinanceiras + $AmortizacaoDaDivida - $IncentivosFiscaisAContribuinte - $IncentivosFiscaisAContribuintePorInstituicoesFinanceiras ) - ( $RREO9ReceitasDeOperacoesDeCredito - $VariacaoSaldoDaDividaPublicaDaContaUnicaUniao) " aspectModel="dimensional" implicitFiltering="true" source="formula:uncovered">
      <formula:decimals>2</formula:decimals>
      <formula:aspects>
        <formula:concept>
          <formula:qname>siconfi-cor:ResultadoAntesDaRessalvaConstitucional</formula:qname>
        </formula:concept>
        <formula:explicitDimension dimension="siconfi-dim:ApuracaoRegraDeOuroAxis">
          <formula:member>
            <formula:qname>siconfi-dim:ApuracaoDaRegraDeOuroUmMember</formula:qname>
          </formula:member>
        </formula:explicitDimension>
      </formula:aspects>
    </formula:formula>
    <variable:factVariable xlink:type="resource" xlink:label="factVariable_19" xlink:title="factVariable_19" id="factVariable_35" bindAsSequence="false" fallbackValue="0"/>
    <variable:variableArc xlink:type="arc" xlink:arcrole="http://xbrl.org/arcrole/2008/variable-set" xlink:from="formula_6" xlink:to="factVariable_19" xlink:title="formula_6 to factVariable_19" priority="0" order="3.0" name="IncentivosFiscaisAContribuinte"/>
    <link:loc xlink:type="locator" xlink:href="#conceptName_6" xlink:label="conceptName_2_7" xlink:title="conceptName_2_7"/>
    <variable:variableFilterArc xlink:type="arc" xlink:arcrole="http://xbrl.org/arcrole/2008/variable-filter" xlink:from="factVariable_19" xlink:to="conceptName_2_7" xlink:title="factVariable_19 to conceptName_2_7" priority="0" order="1.0" cover="true" complement="false"/>
    <link:loc xlink:type="locator" xlink:href="#explicitDimension_12" xlink:label="explicitDimension_6_7" xlink:title="explicitDimension_6_7"/>
    <variable:variableFilterArc xlink:type="arc" xlink:arcrole="http://xbrl.org/arcrole/2008/variable-filter" xlink:from="factVariable_19" xlink:to="explicitDimension_6_7" xlink:title="factVariable_19 to explicitDimension_6_7" priority="0" order="2.0" cover="true" complement="false"/>
    <variable:factVariable xlink:type="resource" xlink:label="factVariable_20" xlink:title="factVariable_20" id="factVariable_36" bindAsSequence="false" fallbackValue="0"/>
    <variable:variableArc xlink:type="arc" xlink:arcrole="http://xbrl.org/arcrole/2008/variable-set" xlink:from="formula_6" xlink:to="factVariable_20" xlink:title="formula_6 to factVariable_20" priority="0" order="4.0" name="IncentivosFiscaisAContribuintePorInstituicoesFinanceiras"/>
    <link:loc xlink:type="locator" xlink:href="#conceptName_7" xlink:label="conceptName_3_6" xlink:title="conceptName_3_6"/>
    <variable:variableFilterArc xlink:type="arc" xlink:arcrole="http://xbrl.org/arcrole/2008/variable-filter" xlink:from="factVariable_20" xlink:to="conceptName_3_6" xlink:title="factVariable_20 to conceptName_3_6" priority="0" order="1.0" cover="true" complement="false"/>
    <link:loc xlink:type="locator" xlink:href="#explicitDimension_12" xlink:label="explicitDimension_6_8" xlink:title="explicitDimension_6_8"/>
    <variable:variableFilterArc xlink:type="arc" xlink:arcrole="http://xbrl.org/arcrole/2008/variable-filter" xlink:from="factVariable_20" xlink:to="explicitDimension_6_8" xlink:title="factVariable_20 to explicitDimension_6_8" priority="0" order="2.0" cover="true" complement="false"/>
    <variable:factVariable xlink:type="resource" xlink:label="factVariable_33" xlink:title="factVariable_33" id="factVariable_49" bindAsSequence="false" fallbackValue="0"/>
    <variable:variableArc xlink:type="arc" xlink:arcrole="http://xbrl.org/arcrole/2008/variable-set" xlink:from="formula_6" xlink:to="factVariable_33" xlink:title="formula_6 to factVariable_33" priority="0" order="5.0" name="RREO9ReceitasDeOperacoesDeCredito"/>
    <link:loc xlink:type="locator" xlink:href="#conceptName_4" xlink:label="conceptName_4_7" xlink:title="conceptName_4_7"/>
    <variable:variableFilterArc xlink:type="arc" xlink:arcrole="http://xbrl.org/arcrole/2008/variable-filter" xlink:from="factVariable_33" xlink:to="conceptName_4_7" xlink:title="factVariable_33 to conceptName_4_7" priority="0" order="1.0" cover="true" complement="false"/>
    <link:loc xlink:type="locator" xlink:href="#explicitDimension_3" xlink:label="explicitDimension_3_5" xlink:title="explicitDimension_3_5"/>
    <variable:variableFilterArc xlink:type="arc" xlink:arcrole="http://xbrl.org/arcrole/2008/variable-filter" xlink:from="factVariable_33" xlink:to="explicitDimension_3_5" xlink:title="factVariable_33 to explicitDimension_3_5" priority="0" order="2.0" cover="true" complement="false"/>
    <variable:factVariable xlink:type="resource" xlink:label="factVariable_34" xlink:title="factVariable_34" id="factVariable_50" bindAsSequence="false" fallbackValue="0"/>
    <variable:variableArc xlink:type="arc" xlink:arcrole="http://xbrl.org/arcrole/2008/variable-set" xlink:from="formula_6" xlink:to="factVariable_34" xlink:title="formula_6 to factVariable_34" priority="0" order="6.0" name="VariacaoSaldoDaDividaPublicaDaContaUnicaUniao"/>
    <cf:conceptName xlink:type="resource" xlink:label="conceptName_10" xlink:title="conceptName_10" id="conceptName_8">
      <cf:concept>
        <cf:qname>siconfi-cor:VariacaoSaldoDaDividaPublicaDaContaUnicaUniao</cf:qname>
      </cf:concept>
    </cf:conceptName>
    <variable:variableFilterArc xlink:type="arc" xlink:arcrole="http://xbrl.org/arcrole/2008/variable-filter" xlink:from="factVariable_34" xlink:to="conceptName_10" xlink:title="factVariable_34 to conceptName_10" priority="0" order="1.0" cover="true" complement="false"/>
    <link:loc xlink:type="locator" xlink:href="#explicitDimension_3" xlink:label="explicitDimension_3_6" xlink:title="explicitDimension_3_6"/>
    <variable:variableFilterArc xlink:type="arc" xlink:arcrole="http://xbrl.org/arcrole/2008/variable-filter" xlink:from="factVariable_34" xlink:to="explicitDimension_3_6" xlink:title="factVariable_34 to explicitDimension_3_6" priority="0" order="2.0" cover="true" complement="false"/>
    <variable:factVariable xlink:type="resource" xlink:label="factVariable_18" xlink:title="factVariable_18" id="factVariable_34" bindAsSequence="false" fallbackValue="0"/>
    <variable:variableArc xlink:type="arc" xlink:arcrole="http://xbrl.org/arcrole/2008/variable-set" xlink:from="formula_6" xlink:to="factVariable_18" xlink:title="formula_6 to factVariable_18" priority="0" order="8.0" name="Investimentos"/>
    <variable:variableFilterArc xlink:type="arc" xlink:arcrole="http://xbrl.org/arcrole/2008/variable-filter" xlink:from="factVariable_18" xlink:to="conceptName_13" xlink:title="factVariable_18 to conceptName_13" priority="0" order="1.0" cover="true" complement="false"/>
    <link:loc xlink:type="locator" xlink:href="#explicitDimension_12" xlink:label="explicitDimension_6_6" xlink:title="explicitDimension_6_6"/>
    <variable:variableFilterArc xlink:type="arc" xlink:arcrole="http://xbrl.org/arcrole/2008/variable-filter" xlink:from="factVariable_18" xlink:to="explicitDimension_6_6" xlink:title="factVariable_18 to explicitDimension_6_6" priority="0" order="2.0" cover="true" complement="false"/>
    <variable:factVariable xlink:type="resource" xlink:label="factVariable_36" xlink:title="factVariable_36" id="factVariable_52" bindAsSequence="false" fallbackValue="0"/>
    <variable:variableArc xlink:type="arc" xlink:arcrole="http://xbrl.org/arcrole/2008/variable-set" xlink:from="formula_6" xlink:to="factVariable_36" xlink:title="formula_6 to factVariable_36" priority="0" order="9.0" name="InversoesFinanceiras"/>
    <variable:variableFilterArc xlink:type="arc" xlink:arcrole="http://xbrl.org/arcrole/2008/variable-filter" xlink:from="factVariable_36" xlink:to="conceptName_14" xlink:title="factVariable_36 to conceptName_14" priority="0" order="1.0" cover="true" complement="false"/>
    <link:loc xlink:type="locator" xlink:href="#explicitDimension_12" xlink:label="explicitDimension_6_11" xlink:title="explicitDimension_6_11"/>
    <variable:variableFilterArc xlink:type="arc" xlink:arcrole="http://xbrl.org/arcrole/2008/variable-filter" xlink:from="factVariable_36" xlink:to="explicitDimension_6_11" xlink:title="factVariable_36 to explicitDimension_6_11" priority="0" order="2.0" cover="true" complement="false"/>
    <variable:factVariable xlink:type="resource" xlink:label="factVariable_37" xlink:title="factVariable_37" id="factVariable_53" bindAsSequence="false" fallbackValue="0"/>
    <variable:variableArc xlink:type="arc" xlink:arcrole="http://xbrl.org/arcrole/2008/variable-set" xlink:from="formula_6" xlink:to="factVariable_37" xlink:title="formula_6 to factVariable_37" priority="0" order="10.0" name="AmortizacaoDaDivida"/>
    <variable:variableFilterArc xlink:type="arc" xlink:arcrole="http://xbrl.org/arcrole/2008/variable-filter" xlink:from="factVariable_37" xlink:to="conceptName_15" xlink:title="factVariable_37 to conceptName_15" priority="0" order="1.0" cover="true" complement="false"/>
    <link:loc xlink:type="locator" xlink:href="#explicitDimension_12" xlink:label="explicitDimension_6_12" xlink:title="explicitDimension_6_12"/>
    <variable:variableFilterArc xlink:type="arc" xlink:arcrole="http://xbrl.org/arcrole/2008/variable-filter" xlink:from="factVariable_37" xlink:to="explicitDimension_6_12" xlink:title="factVariable_37 to explicitDimension_6_12" priority="0" order="2.0" cover="true" complement="false"/>
    <validation:assertionSet xlink:type="resource" xlink:label="assertionSet_2" xlink:title="assertionSet_2" id="ReceitasDeOperacoesDeCredito"/>
    <va:valueAssertion xlink:type="resource" xlink:label="valueAssertion_5" xlink:title="valueAssertion_5" id="ED09009" test=" $ReceitasDeOperacoesDeCreditoRegraDeOuro =  $RREO9ReceitasDeOperacoesDeCredito - $VariacaoSaldoDaDividaPublicaDaContaUnicaUniao" aspectModel="dimensional" implicitFiltering="true"/>
    <gen:arc xlink:type="arc" xlink:arcrole="http://xbrl.org/arcrole/2008/assertion-set" xlink:from="assertionSet_2" xlink:to="valueAssertion_5" xlink:title="assertionSet_2 to valueAssertion_5" priority="0" order="1.0"/>
    <variable:variableArc xlink:type="arc" xlink:arcrole="http://xbrl.org/arcrole/2008/variable-set" xlink:from="valueAssertion_5" xlink:to="factVariable_24" xlink:title="valueAssertion_5 to factVariable_24" priority="0" order="1.0" name="ReceitasDeOperacoesDeCreditoRegraDeOuro"/>
    <variable:factVariable xlink:type="resource" xlink:label="factVariable_26" xlink:title="factVariable_26" id="factVariable_42" bindAsSequence="false" fallbackValue="0"/>
    <variable:variableArc xlink:type="arc" xlink:arcrole="http://xbrl.org/arcrole/2008/variable-set" xlink:from="valueAssertion_5" xlink:to="factVariable_26" xlink:title="valueAssertion_5 to factVariable_26" priority="0" order="2.0" name="RREO9ReceitasDeOperacoesDeCredito"/>
    <link:loc xlink:type="locator" xlink:href="#conceptName_4" xlink:label="conceptName_4_6" xlink:title="conceptName_4_6"/>
    <variable:variableFilterArc xlink:type="arc" xlink:arcrole="http://xbrl.org/arcrole/2008/variable-filter" xlink:from="factVariable_26" xlink:to="conceptName_4_6" xlink:title="factVariable_26 to conceptName_4_6" priority="0" order="1.0" cover="true" complement="false"/>
    <link:loc xlink:type="locator" xlink:href="#explicitDimension_3" xlink:label="explicitDimension_3_4" xlink:title="explicitDimension_3_4"/>
    <variable:variableFilterArc xlink:type="arc" xlink:arcrole="http://xbrl.org/arcrole/2008/variable-filter" xlink:from="factVariable_26" xlink:to="explicitDimension_3_4" xlink:title="factVariable_26 to explicitDimension_3_4" priority="0" order="2.0" cover="true" complement="false"/>
    <variable:factVariable xlink:type="resource" xlink:label="factVariable_27" xlink:title="factVariable_27" id="factVariable_43" bindAsSequence="false" fallbackValue="0"/>
    <variable:variableArc xlink:type="arc" xlink:arcrole="http://xbrl.org/arcrole/2008/variable-set" xlink:from="valueAssertion_5" xlink:to="factVariable_27" xlink:title="valueAssertion_5 to factVariable_27" priority="0" order="3.0" name="VariacaoSaldoDaDividaPublicaDaContaUnicaUniao"/>
    <variable:variableFilterArc xlink:type="arc" xlink:arcrole="http://xbrl.org/arcrole/2008/variable-filter" xlink:from="factVariable_27" xlink:to="conceptName_10" xlink:title="factVariable_27 to conceptName_10" priority="0" order="1.0" cover="true" complement="false"/>
    <variable:factVariable xlink:type="resource" xlink:label="factVariable_21" xlink:title="factVariable_21" id="factVariable_37" bindAsSequence="false" fallbackValue="0"/>
    <link:loc xlink:type="locator" xlink:href="#conceptName_4" xlink:label="conceptName_4_4" xlink:title="conceptName_4_4"/>
    <variable:variableFilterArc xlink:type="arc" xlink:arcrole="http://xbrl.org/arcrole/2008/variable-filter" xlink:from="factVariable_21" xlink:to="conceptName_4_4" xlink:title="factVariable_21 to conceptName_4_4" priority="0" order="1.0" cover="true" complement="false"/>
    <link:loc xlink:type="locator" xlink:href="#explicitDimension_2" xlink:label="explicitDimension_2_3" xlink:title="explicitDimension_2_3"/>
    <variable:variableFilterArc xlink:type="arc" xlink:arcrole="http://xbrl.org/arcrole/2008/variable-filter" xlink:from="factVariable_21" xlink:to="explicitDimension_2_3" xlink:title="factVariable_21 to explicitDimension_2_3" priority="0" order="2.0" cover="true" complement="false"/>
    <variable:factVariable xlink:type="resource" xlink:label="factVariable_22" xlink:title="factVariable_22" id="factVariable_38" bindAsSequence="false" fallbackValue="0"/>
    <link:loc xlink:type="locator" xlink:href="#conceptName_4" xlink:label="conceptName_4_5" xlink:title="conceptName_4_5"/>
    <variable:variableFilterArc xlink:type="arc" xlink:arcrole="http://xbrl.org/arcrole/2008/variable-filter" xlink:from="factVariable_22" xlink:to="conceptName_4_5" xlink:title="factVariable_22 to conceptName_4_5" priority="0" order="1.0" cover="true" complement="false"/>
    <link:loc xlink:type="locator" xlink:href="#explicitDimension_3" xlink:label="explicitDimension_3_2" xlink:title="explicitDimension_3_2"/>
    <variable:variableFilterArc xlink:type="arc" xlink:arcrole="http://xbrl.org/arcrole/2008/variable-filter" xlink:from="factVariable_22" xlink:to="explicitDimension_3_2" xlink:title="factVariable_22 to explicitDimension_3_2" priority="0" order="2.0" cover="true" complement="false"/>
    <variable:factVariable xlink:type="resource" xlink:label="factVariable_5" xlink:title="factVariable_5" id="factVariable_21" bindAsSequence="false" fallbackValue="0"/>
    <link:loc xlink:type="locator" xlink:href="#explicitDimension_11" xlink:label="explicitDimension_5_2" xlink:title="explicitDimension_5_2"/>
    <variable:variableFilterArc xlink:type="arc" xlink:arcrole="http://xbrl.org/arcrole/2008/variable-filter" xlink:from="factVariable_5" xlink:to="explicitDimension_5_2" xlink:title="factVariable_5 to explicitDimension_5_2" priority="0" order="1.0" cover="true" complement="false"/>
    <variable:factVariable xlink:type="resource" xlink:label="factVariable_6" xlink:title="factVariable_6" id="factVariable_22" bindAsSequence="false" fallbackValue="0"/>
    <link:loc xlink:type="locator" xlink:href="#explicitDimension_12" xlink:label="explicitDimension_6_2" xlink:title="explicitDimension_6_2"/>
    <variable:variableFilterArc xlink:type="arc" xlink:arcrole="http://xbrl.org/arcrole/2008/variable-filter" xlink:from="factVariable_6" xlink:to="explicitDimension_6_2" xlink:title="factVariable_6 to explicitDimension_6_2" priority="0" order="1.0" cover="true" complement="false"/>
    <bf:orFilter xlink:type="resource" xlink:label="orFilter_2" xlink:title="orFilter_2" id="orFilter_3"/>
    <link:loc xlink:type="locator" xlink:href="#conceptName_5" xlink:label="conceptName_4" xlink:title="conceptName_4"/>
    <variable:variableFilterArc xlink:type="arc" xlink:arcrole="http://xbrl.org/arcrole/2008/boolean-filter" xlink:from="orFilter_2" xlink:to="conceptName_4" xlink:title="orFilter_2 to conceptName_4" priority="0" order="1.0" cover="true" complement="false"/>
    <link:loc xlink:type="locator" xlink:href="#conceptName_6" xlink:label="conceptName_2_3" xlink:title="conceptName_2_3"/>
    <variable:variableFilterArc xlink:type="arc" xlink:arcrole="http://xbrl.org/arcrole/2008/boolean-filter" xlink:from="orFilter_2" xlink:to="conceptName_2_3" xlink:title="orFilter_2 to conceptName_2_3" priority="0" order="2.0" cover="true" complement="false"/>
    <link:loc xlink:type="locator" xlink:href="#conceptName_7" xlink:label="conceptName_3_2" xlink:title="conceptName_3_2"/>
    <variable:variableFilterArc xlink:type="arc" xlink:arcrole="http://xbrl.org/arcrole/2008/boolean-filter" xlink:from="orFilter_2" xlink:to="conceptName_3_2" xlink:title="orFilter_2 to conceptName_3_2" priority="0" order="3.0" cover="true" complement="false"/>
    <variable:factVariable xlink:type="resource" xlink:label="factVariable_7" xlink:title="factVariable_7" id="factVariable_23" bindAsSequence="false" fallbackValue="0"/>
    <link:loc xlink:type="locator" xlink:href="#conceptName_5" xlink:label="conceptName_5" xlink:title="conceptName_5"/>
    <variable:variableFilterArc xlink:type="arc" xlink:arcrole="http://xbrl.org/arcrole/2008/variable-filter" xlink:from="factVariable_7" xlink:to="conceptName_5" xlink:title="factVariable_7 to conceptName_5" priority="0" order="1.0" cover="true" complement="false"/>
    <link:loc xlink:type="locator" xlink:href="#explicitDimension_11" xlink:label="explicitDimension_5_3" xlink:title="explicitDimension_5_3"/>
    <variable:variableFilterArc xlink:type="arc" xlink:arcrole="http://xbrl.org/arcrole/2008/variable-filter" xlink:from="factVariable_7" xlink:to="explicitDimension_5_3" xlink:title="factVariable_7 to explicitDimension_5_3" priority="0" order="2.0" cover="true" complement="false"/>
    <variable:factVariable xlink:type="resource" xlink:label="factVariable_8" xlink:title="factVariable_8" id="factVariable_24" bindAsSequence="false" fallbackValue="0"/>
    <link:loc xlink:type="locator" xlink:href="#conceptName_6" xlink:label="conceptName_2_4" xlink:title="conceptName_2_4"/>
    <variable:variableFilterArc xlink:type="arc" xlink:arcrole="http://xbrl.org/arcrole/2008/variable-filter" xlink:from="factVariable_8" xlink:to="conceptName_2_4" xlink:title="factVariable_8 to conceptName_2_4" priority="0" order="1.0" cover="true" complement="false"/>
    <link:loc xlink:type="locator" xlink:href="#explicitDimension_11" xlink:label="explicitDimension_5_4" xlink:title="explicitDimension_5_4"/>
    <variable:variableFilterArc xlink:type="arc" xlink:arcrole="http://xbrl.org/arcrole/2008/variable-filter" xlink:from="factVariable_8" xlink:to="explicitDimension_5_4" xlink:title="factVariable_8 to explicitDimension_5_4" priority="0" order="2.0" cover="true" complement="false"/>
    <variable:factVariable xlink:type="resource" xlink:label="factVariable_9" xlink:title="factVariable_9" id="factVariable_25" bindAsSequence="false" fallbackValue="0"/>
    <link:loc xlink:type="locator" xlink:href="#conceptName_7" xlink:label="conceptName_3_3" xlink:title="conceptName_3_3"/>
    <variable:variableFilterArc xlink:type="arc" xlink:arcrole="http://xbrl.org/arcrole/2008/variable-filter" xlink:from="factVariable_9" xlink:to="conceptName_3_3" xlink:title="factVariable_9 to conceptName_3_3" priority="0" order="1.0" cover="true" complement="false"/>
    <link:loc xlink:type="locator" xlink:href="#explicitDimension_11" xlink:label="explicitDimension_5_5" xlink:title="explicitDimension_5_5"/>
    <variable:variableFilterArc xlink:type="arc" xlink:arcrole="http://xbrl.org/arcrole/2008/variable-filter" xlink:from="factVariable_9" xlink:to="explicitDimension_5_5" xlink:title="factVariable_9 to explicitDimension_5_5" priority="0" order="2.0" cover="true" complement="false"/>
    <variable:factVariable xlink:type="resource" xlink:label="factVariable_10" xlink:title="factVariable_10" id="factVariable_26" bindAsSequence="false" fallbackValue="0"/>
    <link:loc xlink:type="locator" xlink:href="#conceptName_5" xlink:label="conceptName_6" xlink:title="conceptName_6"/>
    <variable:variableFilterArc xlink:type="arc" xlink:arcrole="http://xbrl.org/arcrole/2008/variable-filter" xlink:from="factVariable_10" xlink:to="conceptName_6" xlink:title="factVariable_10 to conceptName_6" priority="0" order="1.0" cover="true" complement="false"/>
    <link:loc xlink:type="locator" xlink:href="#explicitDimension_12" xlink:label="explicitDimension_6_3" xlink:title="explicitDimension_6_3"/>
    <variable:variableFilterArc xlink:type="arc" xlink:arcrole="http://xbrl.org/arcrole/2008/variable-filter" xlink:from="factVariable_10" xlink:to="explicitDimension_6_3" xlink:title="factVariable_10 to explicitDimension_6_3" priority="0" order="2.0" cover="true" complement="false"/>
    <variable:factVariable xlink:type="resource" xlink:label="factVariable_11" xlink:title="factVariable_11" id="factVariable_27" bindAsSequence="false" fallbackValue="0"/>
    <link:loc xlink:type="locator" xlink:href="#conceptName_6" xlink:label="conceptName_2_5" xlink:title="conceptName_2_5"/>
    <variable:variableFilterArc xlink:type="arc" xlink:arcrole="http://xbrl.org/arcrole/2008/variable-filter" xlink:from="factVariable_11" xlink:to="conceptName_2_5" xlink:title="factVariable_11 to conceptName_2_5" priority="0" order="1.0" cover="true" complement="false"/>
    <link:loc xlink:type="locator" xlink:href="#explicitDimension_12" xlink:label="explicitDimension_6_4" xlink:title="explicitDimension_6_4"/>
    <variable:variableFilterArc xlink:type="arc" xlink:arcrole="http://xbrl.org/arcrole/2008/variable-filter" xlink:from="factVariable_11" xlink:to="explicitDimension_6_4" xlink:title="factVariable_11 to explicitDimension_6_4" priority="0" order="2.0" cover="true" complement="false"/>
    <variable:factVariable xlink:type="resource" xlink:label="factVariable_12" xlink:title="factVariable_12" id="factVariable_28" bindAsSequence="false" fallbackValue="0"/>
    <link:loc xlink:type="locator" xlink:href="#conceptName_7" xlink:label="conceptName_3_4" xlink:title="conceptName_3_4"/>
    <variable:variableFilterArc xlink:type="arc" xlink:arcrole="http://xbrl.org/arcrole/2008/variable-filter" xlink:from="factVariable_12" xlink:to="conceptName_3_4" xlink:title="factVariable_12 to conceptName_3_4" priority="0" order="1.0" cover="true" complement="false"/>
    <link:loc xlink:type="locator" xlink:href="#explicitDimension_12" xlink:label="explicitDimension_6_5" xlink:title="explicitDimension_6_5"/>
    <variable:variableFilterArc xlink:type="arc" xlink:arcrole="http://xbrl.org/arcrole/2008/variable-filter" xlink:from="factVariable_12" xlink:to="explicitDimension_6_5" xlink:title="factVariable_12 to explicitDimension_6_5" priority="0" order="2.0" cover="true" complement="false"/>
    <variable:factVariable xlink:type="resource" xlink:label="factVariable_13" xlink:title="factVariable_13" id="factVariable_29" bindAsSequence="false" fallbackValue="0"/>
    <link:loc xlink:type="locator" xlink:href="#conceptName_4" xlink:label="conceptName_4_2" xlink:title="conceptName_4_2"/>
    <variable:variableFilterArc xlink:type="arc" xlink:arcrole="http://xbrl.org/arcrole/2008/variable-filter" xlink:from="factVariable_13" xlink:to="conceptName_4_2" xlink:title="factVariable_13 to conceptName_4_2" priority="0" order="1.0" cover="true" complement="false"/>
    <link:loc xlink:type="locator" xlink:href="#explicitDimension_2" xlink:label="explicitDimension_2_2" xlink:title="explicitDimension_2_2"/>
    <variable:variableFilterArc xlink:type="arc" xlink:arcrole="http://xbrl.org/arcrole/2008/variable-filter" xlink:from="factVariable_13" xlink:to="explicitDimension_2_2" xlink:title="factVariable_13 to explicitDimension_2_2" priority="0" order="2.0" cover="true" complement="false"/>
    <variable:factVariable xlink:type="resource" xlink:label="factVariable_14" xlink:title="factVariable_14" id="factVariable_30" bindAsSequence="false" fallbackValue="0"/>
    <link:loc xlink:type="locator" xlink:href="#conceptName_5" xlink:label="conceptName_7" xlink:title="conceptName_7"/>
    <variable:variableFilterArc xlink:type="arc" xlink:arcrole="http://xbrl.org/arcrole/2008/variable-filter" xlink:from="factVariable_14" xlink:to="conceptName_7" xlink:title="factVariable_14 to conceptName_7" priority="0" order="1.0" cover="true" complement="false"/>
    <link:loc xlink:type="locator" xlink:href="#explicitDimension_11" xlink:label="explicitDimension_5_6" xlink:title="explicitDimension_5_6"/>
    <variable:variableFilterArc xlink:type="arc" xlink:arcrole="http://xbrl.org/arcrole/2008/variable-filter" xlink:from="factVariable_14" xlink:to="explicitDimension_5_6" xlink:title="factVariable_14 to explicitDimension_5_6" priority="0" order="2.0" cover="true" complement="false"/>
    <variable:factVariable xlink:type="resource" xlink:label="factVariable_15" xlink:title="factVariable_15" id="factVariable_31" bindAsSequence="false" fallbackValue="0"/>
    <link:loc xlink:type="locator" xlink:href="#conceptName_6" xlink:label="conceptName_2_6" xlink:title="conceptName_2_6"/>
    <variable:variableFilterArc xlink:type="arc" xlink:arcrole="http://xbrl.org/arcrole/2008/variable-filter" xlink:from="factVariable_15" xlink:to="conceptName_2_6" xlink:title="factVariable_15 to conceptName_2_6" priority="0" order="1.0" cover="true" complement="false"/>
    <link:loc xlink:type="locator" xlink:href="#explicitDimension_11" xlink:label="explicitDimension_5_7" xlink:title="explicitDimension_5_7"/>
    <variable:variableFilterArc xlink:type="arc" xlink:arcrole="http://xbrl.org/arcrole/2008/variable-filter" xlink:from="factVariable_15" xlink:to="explicitDimension_5_7" xlink:title="factVariable_15 to explicitDimension_5_7" priority="0" order="2.0" cover="true" complement="false"/>
    <variable:factVariable xlink:type="resource" xlink:label="factVariable_16" xlink:title="factVariable_16" id="factVariable_32" bindAsSequence="false" fallbackValue="0"/>
    <link:loc xlink:type="locator" xlink:href="#conceptName_7" xlink:label="conceptName_3_5" xlink:title="conceptName_3_5"/>
    <variable:variableFilterArc xlink:type="arc" xlink:arcrole="http://xbrl.org/arcrole/2008/variable-filter" xlink:from="factVariable_16" xlink:to="conceptName_3_5" xlink:title="factVariable_16 to conceptName_3_5" priority="0" order="1.0" cover="true" complement="false"/>
    <link:loc xlink:type="locator" xlink:href="#explicitDimension_11" xlink:label="explicitDimension_5_8" xlink:title="explicitDimension_5_8"/>
    <variable:variableFilterArc xlink:type="arc" xlink:arcrole="http://xbrl.org/arcrole/2008/variable-filter" xlink:from="factVariable_16" xlink:to="explicitDimension_5_8" xlink:title="factVariable_16 to explicitDimension_5_8" priority="0" order="2.0" cover="true" complement="false"/>
    <formula:formula xlink:type="resource" xlink:label="formula_2" xlink:title="formula_2" id="FD09001" value=" $RREO9ReceitasDeOperacoesDeCredito - $VariacaoSaldoDaDividaPublicaDaContaUnicaUniao" aspectModel="dimensional" implicitFiltering="true" source="formula:uncovered">
      <formula:decimals>2</formula:decimals>
      <formula:aspects>
        <formula:concept>
          <formula:qname>siconfi-cor:ReceitasDeOperacoesDeCreditoRegraDeOuro</formula:qname>
        </formula:concept>
        <formula:explicitDimension dimension="siconfi-dim:ExecucaoDaReceitaAxis">
          <formula:member>
            <formula:qname>siconfi-dim:ReceitasRealizadasAteOBimestreMember</formula:qname>
          </formula:member>
        </formula:explicitDimension>
      </formula:aspects>
    </formula:formula>
    <variable:variableArc xlink:type="arc" xlink:arcrole="http://xbrl.org/arcrole/2008/variable-set" xlink:from="formula_2" xlink:to="factVariable_33" xlink:title="formula_2 to factVariable_33" priority="0" order="1.0" name="RREO9ReceitasDeOperacoesDeCredito"/>
    <variable:variableArc xlink:type="arc" xlink:arcrole="http://xbrl.org/arcrole/2008/variable-set" xlink:from="formula_2" xlink:to="factVariable_34" xlink:title="formula_2 to factVariable_34" priority="0" order="2.0" name="VariacaoSaldoDaDividaPublicaDaContaUnicaUniao"/>
    <variable:factVariable xlink:type="resource" xlink:label="factVariable_17" xlink:title="factVariable_17" id="factVariable_33" bindAsSequence="false" fallbackValue="0"/>
    <link:loc xlink:type="locator" xlink:href="#conceptName_4" xlink:label="conceptName_4_3" xlink:title="conceptName_4_3"/>
    <variable:variableFilterArc xlink:type="arc" xlink:arcrole="http://xbrl.org/arcrole/2008/variable-filter" xlink:from="factVariable_17" xlink:to="conceptName_4_3" xlink:title="factVariable_17 to conceptName_4_3" priority="0" order="1.0" cover="true" complement="false"/>
    <link:loc xlink:type="locator" xlink:href="#explicitDimension_3" xlink:label="explicitDimension_3" xlink:title="explicitDimension_3"/>
    <variable:variableFilterArc xlink:type="arc" xlink:arcrole="http://xbrl.org/arcrole/2008/variable-filter" xlink:from="factVariable_17" xlink:to="explicitDimension_3" xlink:title="factVariable_17 to explicitDimension_3" priority="0" order="2.0" cover="true" complement="false"/>
    <formula:formula xlink:type="resource" xlink:label="formula_3" xlink:title="formula_3" id="FS09001" value=" $Investimentos + $InversoesFinanceiras + $AmortizacaoDaDivida " aspectModel="dimensional" implicitFiltering="true" source="formula:uncovered">
      <formula:decimals>2</formula:decimals>
      <formula:aspects>
        <formula:concept>
          <formula:qname>siconfi-cor:RREO9DespesasDeCapital</formula:qname>
        </formula:concept>
      </formula:aspects>
    </formula:formula>
    <variable:variableArc xlink:type="arc" xlink:arcrole="http://xbrl.org/arcrole/2008/variable-set" xlink:from="formula_3" xlink:to="factVariable_30" xlink:title="formula_3 to factVariable_30" priority="0" order="1.0" name="Investimentos"/>
    <variable:variableArc xlink:type="arc" xlink:arcrole="http://xbrl.org/arcrole/2008/variable-set" xlink:from="formula_3" xlink:to="factVariable_31" xlink:title="formula_3 to factVariable_31" priority="0" order="2.0" name="InversoesFinanceiras"/>
    <variable:variableArc xlink:type="arc" xlink:arcrole="http://xbrl.org/arcrole/2008/variable-set" xlink:from="formula_3" xlink:to="factVariable_32" xlink:title="formula_3 to factVariable_32" priority="0" order="3.0" name="AmortizacaoDaDivida"/>
    <variable:variableSetFilterArc xlink:type="arc" xlink:arcrole="http://xbrl.org/arcrole/2008/variable-set-filter" xlink:from="formula_3" xlink:to="orFilter_3" xlink:title="formula_3 to orFilter_3" priority="0" order="1.0" complement="false"/>
    <variable:factVariable xlink:type="resource" xlink:label="factVariable_23" xlink:title="factVariable_23" id="factVariable_39" bindAsSequence="false" fallbackValue="0"/>
    <link:loc xlink:type="locator" xlink:href="#conceptName_3" xlink:label="conceptName_3_7" xlink:title="conceptName_3_7"/>
    <variable:variableFilterArc xlink:type="arc" xlink:arcrole="http://xbrl.org/arcrole/2008/variable-filter" xlink:from="factVariable_23" xlink:to="conceptName_3_7" xlink:title="factVariable_23 to conceptName_3_7" priority="0" order="1.0" cover="true" complement="false"/>
    <link:loc xlink:type="locator" xlink:href="#explicitDimension_7" xlink:label="explicitDimension_4" xlink:title="explicitDimension_4"/>
    <variable:variableFilterArc xlink:type="arc" xlink:arcrole="http://xbrl.org/arcrole/2008/variable-filter" xlink:from="factVariable_23" xlink:to="explicitDimension_4" xlink:title="factVariable_23 to explicitDimension_4" priority="0" order="2.0" cover="true" complement="false"/>
    <cf:conceptName xlink:type="resource" xlink:label="conceptName_11" xlink:title="conceptName_11" id="conceptName_9">
      <cf:concept>
        <cf:qname>siconfi-cor:OperacoesDeCreditoArt167IncisoIII</cf:qname>
      </cf:concept>
    </cf:conceptName>
  </gen:link>
</link:linkbase>
