<?xml version="1.0" encoding="UTF-8"?>
<!-- Generated by Fujitsu Interstage XWand B0196 -->
<link:linkbase xmlns:xsi="http://www.w3.org/2001/XMLSchema-instance" xsi:schemaLocation="http://www.xbrl.org/2003/linkbase http://www.xbrl.org/2003/xbrl-linkbase-2003-12-31.xsd" xmlns:link="http://www.xbrl.org/2003/linkbase" xmlns:siconfi-rreo-anexo9="http://fazenda.gov.br/siconfi/rep/rreo/anexo9/siconfi-rreo-anexo9uniao_2020-12-31" xmlns:xbrldt="http://xbrl.org/2005/xbrldt" xmlns:xlink="http://www.w3.org/1999/xlink" xmlns:xbrli="http://www.xbrl.org/2003/instance">
  <link:roleRef roleURI="http://fazenda.gov.br/siconfi/rep/rreo/anexo9uniao/siconfi-rreo-anexo9uniao-tabela9.0" xlink:type="simple" xlink:href="siconfi-rreo-anexo9uniao_2020-12-31.xsd#siconfi-rreo-anexo9uniao-tabela9.0"/>
  <link:presentationLink xlink:type="extended" xlink:role="http://fazenda.gov.br/siconfi/rep/rreo/anexo9uniao/siconfi-rreo-anexo9uniao-tabela9.0">
    <link:loc xlink:type="locator" xlink:href="siconfi-rreo-anexo9uniao_2020-12-31.xsd#siconfi-rreo-anexo9uniao_DemonstrativoAnexo9Abstract" xlink:label="DemonstrativoAnexo9Abstract" xlink:title="DemonstrativoAnexo9Abstract"/>
    <link:loc xlink:type="locator" xlink:href="siconfi-rreo-anexo9uniao_2020-12-31.xsd#siconfi-rreo-anexo9_FonteAnexo9Tabela9.0Abstract" xlink:label="FonteAnexo9Tabela9.0Abstract" xlink:title="FonteAnexo9Tabela9.0Abstract"/>
    <link:presentationArc xlink:type="arc" xlink:arcrole="http://www.xbrl.org/2003/arcrole/parent-child" xlink:from="DemonstrativoAnexo9Abstract" xlink:to="FonteAnexo9Tabela9.0Abstract" xlink:title="presentation: DemonstrativoAnexo9Abstract to FonteAnexo9Tabela9.0Abstract" order="4.0"/>
    <link:loc xlink:type="locator" xlink:href="siconfi-rreo-anexo9uniao_2020-12-31.xsd#siconfi-rreo-anexo9_FonteAnexo9Tabela9.0LineItems" xlink:label="FonteAnexo9Tabela9.0LineItems" xlink:title="FonteAnexo9Tabela9.0LineItems"/>
    <link:presentationArc xlink:type="arc" xlink:arcrole="http://www.xbrl.org/2003/arcrole/parent-child" xlink:from="FonteAnexo9Tabela9.0Abstract" xlink:to="FonteAnexo9Tabela9.0LineItems" xlink:title="presentation: FonteAnexo9Tabela9.0Abstract to FonteAnexo9Tabela9.0LineItems" order="1.0"/>
    <link:loc xlink:type="locator" xlink:href="../../../cor/ic/siconfi-cor_2020-12-31.xsd#siconfi-cor_FonteAnexo9Tabela9.0RREO" xlink:label="FonteAnexo9Tabela9.0RREO" xlink:title="FonteAnexo9Tabela9.0RREO"/>
    <link:presentationArc xlink:type="arc" xlink:arcrole="http://www.xbrl.org/2003/arcrole/parent-child" xlink:from="FonteAnexo9Tabela9.0LineItems" xlink:to="FonteAnexo9Tabela9.0RREO" xlink:title="presentation: FonteAnexo9Tabela9.0LineItems to FonteAnexo9Tabela9.0RREO" order="1.0"/>
    <link:loc xlink:type="locator" xlink:href="siconfi-rreo-anexo9uniao_2020-12-31.xsd#siconfi-rreo-anexo9uniao_DespesasAbstract" xlink:label="DespesasAbstract" xlink:title="DespesasAbstract"/>
    <link:presentationArc xlink:type="arc" xlink:arcrole="http://www.xbrl.org/2003/arcrole/parent-child" xlink:from="DemonstrativoAnexo9Abstract" xlink:to="DespesasAbstract" xlink:title="presentation: DemonstrativoAnexo9Abstract to DespesasAbstract" order="2.0"/>
    <link:loc xlink:type="locator" xlink:href="siconfi-rreo-anexo9uniao_2020-12-31.xsd#siconfi-rreo-anexo9uniao_DespesasLineItems" xlink:label="DespesasLineItems" xlink:title="DespesasLineItems"/>
    <link:presentationArc xlink:type="arc" xlink:arcrole="http://www.xbrl.org/2003/arcrole/parent-child" xlink:from="DespesasAbstract" xlink:to="DespesasLineItems" xlink:title="presentation: DespesasAbstract to DespesasLineItems" order="1.0"/>
    <link:loc xlink:type="locator" xlink:href="../../../cor/ic/siconfi-cor_2020-12-31.xsd#siconfi-cor_RREO9DespesasDeCapital" xlink:label="RREO9DespesasDeCapital" xlink:title="RREO9DespesasDeCapital"/>
    <link:presentationArc xlink:type="arc" xlink:arcrole="http://www.xbrl.org/2003/arcrole/parent-child" xlink:from="DespesasLineItems" xlink:to="RREO9DespesasDeCapital" xlink:title="presentation: DespesasLineItems to RREO9DespesasDeCapital" order="1.0"/>
    <link:loc xlink:type="locator" xlink:href="../../../cor/ic/siconfi-cor_2020-12-31.xsd#siconfi-cor_Investimentos" xlink:label="Investimentos" xlink:title="Investimentos"/>
    <link:presentationArc xlink:type="arc" xlink:arcrole="http://www.xbrl.org/2003/arcrole/parent-child" xlink:from="RREO9DespesasDeCapital" xlink:to="Investimentos" xlink:title="presentation: RREO9DespesasDeCapital to Investimentos" order="1.0"/>
    <link:loc xlink:type="locator" xlink:href="../../../cor/ic/siconfi-cor_2020-12-31.xsd#siconfi-cor_InversoesFinanceiras" xlink:label="InversoesFinanceiras" xlink:title="InversoesFinanceiras"/>
    <link:presentationArc xlink:type="arc" xlink:arcrole="http://www.xbrl.org/2003/arcrole/parent-child" xlink:from="RREO9DespesasDeCapital" xlink:to="InversoesFinanceiras" xlink:title="presentation: RREO9DespesasDeCapital to InversoesFinanceiras" order="2.0"/>
    <link:loc xlink:type="locator" xlink:href="../../../cor/ic/siconfi-cor_2020-12-31.xsd#siconfi-cor_AmortizacaoDaDivida" xlink:label="AmortizacaoDaDivida" xlink:title="AmortizacaoDaDivida"/>
    <link:presentationArc xlink:type="arc" xlink:arcrole="http://www.xbrl.org/2003/arcrole/parent-child" xlink:from="RREO9DespesasDeCapital" xlink:to="AmortizacaoDaDivida" xlink:title="presentation: RREO9DespesasDeCapital to AmortizacaoDaDivida" order="3.0"/>
    <link:loc xlink:type="locator" xlink:href="../../../cor/ic/siconfi-cor_2020-12-31.xsd#siconfi-cor_IncentivosFiscaisAContribuinte" xlink:label="IncentivosFiscaisAContribuinte" xlink:title="IncentivosFiscaisAContribuinte"/>
    <link:presentationArc xlink:type="arc" xlink:arcrole="http://www.xbrl.org/2003/arcrole/parent-child" xlink:from="DespesasLineItems" xlink:to="IncentivosFiscaisAContribuinte" xlink:title="presentation: DespesasLineItems to IncentivosFiscaisAContribuinte" order="2.0"/>
    <link:loc xlink:type="locator" xlink:href="../../../cor/ic/siconfi-cor_2020-12-31.xsd#siconfi-cor_IncentivosFiscaisAContribuintePorInstituicoesFinanceiras" xlink:label="IncentivosFiscaisAContribuintePorInstituicoesFinanceiras" xlink:title="IncentivosFiscaisAContribuintePorInstituicoesFinanceiras"/>
    <link:presentationArc xlink:type="arc" xlink:arcrole="http://www.xbrl.org/2003/arcrole/parent-child" xlink:from="DespesasLineItems" xlink:to="IncentivosFiscaisAContribuintePorInstituicoesFinanceiras" xlink:title="presentation: DespesasLineItems to IncentivosFiscaisAContribuintePorInstituicoesFinanceiras" order="3.0"/>
    <link:loc xlink:type="locator" xlink:href="../../../cor/ic/siconfi-cor_2020-12-31.xsd#siconfi-cor_DespesaDeCapitalLiquida" xlink:label="DespesaDeCapitalLiquida" xlink:title="DespesaDeCapitalLiquida"/>
    <link:presentationArc xlink:type="arc" xlink:arcrole="http://www.xbrl.org/2003/arcrole/parent-child" xlink:from="DespesasLineItems" xlink:to="DespesaDeCapitalLiquida" xlink:title="presentation: DespesasLineItems to DespesaDeCapitalLiquida" order="4.0"/>
    <link:loc xlink:type="locator" xlink:href="siconfi-rreo-anexo9uniao_2020-12-31.xsd#siconfi-rreo-anexo9uniao_DespesasTable" xlink:label="DespesasTable" xlink:title="DespesasTable"/>
    <link:presentationArc xlink:type="arc" xlink:arcrole="http://www.xbrl.org/2003/arcrole/parent-child" xlink:from="DespesasAbstract" xlink:to="DespesasTable" xlink:title="presentation: DespesasAbstract to DespesasTable" order="2.0" xbrldt:contextElement="segment" xbrldt:closed="true"/>
    <link:loc xlink:type="locator" xlink:href="../../../cor/dim/siconfi-dim_2020-12-31.xsd#siconfi-dim_ExecucaoDaDespesaDeCapitalAxis" xlink:label="ExecucaoDaDespesaDeCapitalAxis" xlink:title="ExecucaoDaDespesaDeCapitalAxis"/>
    <link:presentationArc xlink:type="arc" xlink:arcrole="http://www.xbrl.org/2003/arcrole/parent-child" xlink:from="DespesasTable" xlink:to="ExecucaoDaDespesaDeCapitalAxis" xlink:title="presentation: DespesasTable to ExecucaoDaDespesaDeCapitalAxis" order="1.0"/>
    <link:loc xlink:type="locator" xlink:href="../../../cor/dim/siconfi-dim_2020-12-31.xsd#siconfi-dim_DespesasEmpenhadasMember" xlink:label="DespesasEmpenhadasMember" xlink:title="DespesasEmpenhadasMember"/>
    <link:presentationArc xlink:type="arc" xlink:arcrole="http://www.xbrl.org/2003/arcrole/parent-child" xlink:from="ExecucaoDaDespesaDeCapitalAxis" xlink:to="DespesasEmpenhadasMember" xlink:title="presentation: ExecucaoDaDespesaDeCapitalAxis to DespesasEmpenhadasMember" order="1.0"/>
    <link:loc xlink:type="locator" xlink:href="siconfi-rreo-anexo9uniao_2020-12-31.xsd#siconfi-rreo-anexo9uniao_ReceitasAbstract" xlink:label="ReceitasAbstract" xlink:title="ReceitasAbstract"/>
    <link:presentationArc xlink:type="arc" xlink:arcrole="http://www.xbrl.org/2003/arcrole/parent-child" xlink:from="DemonstrativoAnexo9Abstract" xlink:to="ReceitasAbstract" xlink:title="presentation: DemonstrativoAnexo9Abstract to ReceitasAbstract" order="1.0"/>
    <link:loc xlink:type="locator" xlink:href="siconfi-rreo-anexo9uniao_2020-12-31.xsd#siconfi-rreo-anexo9uniao_ReceitasLineItems" xlink:label="ReceitasLineItems" xlink:title="ReceitasLineItems"/>
    <link:presentationArc xlink:type="arc" xlink:arcrole="http://www.xbrl.org/2003/arcrole/parent-child" xlink:from="ReceitasAbstract" xlink:to="ReceitasLineItems" xlink:title="presentation: ReceitasAbstract to ReceitasLineItems" order="1.0"/>
    <link:loc xlink:type="locator" xlink:href="../../../cor/ic/siconfi-cor_2020-12-31.xsd#siconfi-cor_RREO9ReceitasDeOperacoesDeCredito" xlink:label="RREO9ReceitasDeOperacoesDeCredito" xlink:title="RREO9ReceitasDeOperacoesDeCredito"/>
    <link:presentationArc xlink:type="arc" xlink:arcrole="http://www.xbrl.org/2003/arcrole/parent-child" xlink:from="ReceitasLineItems" xlink:to="RREO9ReceitasDeOperacoesDeCredito" xlink:title="presentation: ReceitasLineItems to RREO9ReceitasDeOperacoesDeCredito" order="1.0"/>
    <link:loc xlink:type="locator" xlink:href="../../../cor/ic/siconfi-cor_2020-12-31.xsd#siconfi-cor_VariacaoSaldoDaDividaPublicaDaContaUnicaUniao" xlink:label="VariacaoSaldoDaDividaPublicaDaContaUnicaUniao" xlink:title="VariacaoSaldoDaDividaPublicaDaContaUnicaUniao"/>
    <link:presentationArc xlink:type="arc" xlink:arcrole="http://www.xbrl.org/2003/arcrole/parent-child" xlink:from="ReceitasLineItems" xlink:to="VariacaoSaldoDaDividaPublicaDaContaUnicaUniao" xlink:title="presentation: ReceitasLineItems to VariacaoSaldoDaDividaPublicaDaContaUnicaUniao" order="2.0"/>
    <link:loc xlink:type="locator" xlink:href="../../../cor/ic/siconfi-cor_2020-12-31.xsd#siconfi-cor_ReceitasDeOperacoesDeCreditoRegraDeOuro" xlink:label="ReceitasDeOperacoesDeCreditoRegraDeOuro" xlink:title="ReceitasDeOperacoesDeCreditoRegraDeOuro"/>
    <link:presentationArc xlink:type="arc" xlink:arcrole="http://www.xbrl.org/2003/arcrole/parent-child" xlink:from="ReceitasLineItems" xlink:to="ReceitasDeOperacoesDeCreditoRegraDeOuro" xlink:title="presentation: ReceitasLineItems to ReceitasDeOperacoesDeCreditoRegraDeOuro" order="3.0"/>
    <link:loc xlink:type="locator" xlink:href="siconfi-rreo-anexo9uniao_2020-12-31.xsd#siconfi-rreo-anexo9uniao_ReceitasTable" xlink:label="ReceitasTable" xlink:title="ReceitasTable"/>
    <link:presentationArc xlink:type="arc" xlink:arcrole="http://www.xbrl.org/2003/arcrole/parent-child" xlink:from="ReceitasAbstract" xlink:to="ReceitasTable" xlink:title="presentation: ReceitasAbstract to ReceitasTable" order="2.0" xbrldt:contextElement="segment" xbrldt:closed="true"/>
    <link:loc xlink:type="locator" xlink:href="../../../cor/dim/siconfi-dim_2020-12-31.xsd#siconfi-dim_ExecucaoDaReceitaAxis" xlink:label="ExecucaoDaReceitaAxis" xlink:title="ExecucaoDaReceitaAxis"/>
    <link:presentationArc xlink:type="arc" xlink:arcrole="http://www.xbrl.org/2003/arcrole/parent-child" xlink:from="ReceitasTable" xlink:to="ExecucaoDaReceitaAxis" xlink:title="presentation: ReceitasTable to ExecucaoDaReceitaAxis" order="1.0"/>
    <link:loc xlink:type="locator" xlink:href="../../../cor/dim/siconfi-dim_2020-12-31.xsd#siconfi-dim_ReceitasRealizadasAteOBimestreMember" xlink:label="ReceitasRealizadasAteOBimestreMember" xlink:title="ReceitasRealizadasAteOBimestreMember"/>
    <link:presentationArc xlink:type="arc" xlink:arcrole="http://www.xbrl.org/2003/arcrole/parent-child" xlink:from="ExecucaoDaReceitaAxis" xlink:to="ReceitasRealizadasAteOBimestreMember" xlink:title="presentation: ExecucaoDaReceitaAxis to ReceitasRealizadasAteOBimestreMember" order="1.0"/>
    <link:loc xlink:type="locator" xlink:href="siconfi-rreo-anexo9uniao_2020-12-31.xsd#siconfi-rreo-anexo9uniao_RegraDeOuroAbstract" xlink:label="RegraDeOuroAbstract" xlink:title="RegraDeOuroAbstract"/>
    <link:presentationArc xlink:type="arc" xlink:arcrole="http://www.xbrl.org/2003/arcrole/parent-child" xlink:from="DemonstrativoAnexo9Abstract" xlink:to="RegraDeOuroAbstract" xlink:title="presentation: DemonstrativoAnexo9Abstract to RegraDeOuroAbstract" order="3.0"/>
    <link:loc xlink:type="locator" xlink:href="siconfi-rreo-anexo9uniao_2020-12-31.xsd#siconfi-rreo-anexo9uniao_RegraDeOuroLineItems" xlink:label="RegraDeOuroLineItems" xlink:title="RegraDeOuroLineItems"/>
    <link:presentationArc xlink:type="arc" xlink:arcrole="http://www.xbrl.org/2003/arcrole/parent-child" xlink:from="RegraDeOuroAbstract" xlink:to="RegraDeOuroLineItems" xlink:title="presentation: RegraDeOuroAbstract to RegraDeOuroLineItems" order="1.0"/>
    <link:loc xlink:type="locator" xlink:href="../../../cor/ic/siconfi-cor_2020-12-31.xsd#siconfi-cor_ResultadoAntesDaRessalvaConstitucional" xlink:label="ResultadoAntesDaRessalvaConstitucional" xlink:title="ResultadoAntesDaRessalvaConstitucional"/>
    <link:presentationArc xlink:type="arc" xlink:arcrole="http://www.xbrl.org/2003/arcrole/parent-child" xlink:from="RegraDeOuroLineItems" xlink:to="ResultadoAntesDaRessalvaConstitucional" xlink:title="presentation: RegraDeOuroLineItems to ResultadoAntesDaRessalvaConstitucional" order="1.0"/>
    <link:loc xlink:type="locator" xlink:href="../../../cor/ic/siconfi-cor_2020-12-31.xsd#siconfi-cor_OperacoesDeCreditoArt167IncisoIII" xlink:label="OperacoesDeCreditoArt167IncisoIII" xlink:title="OperacoesDeCreditoArt167IncisoIII"/>
    <link:presentationArc xlink:type="arc" xlink:arcrole="http://www.xbrl.org/2003/arcrole/parent-child" xlink:from="RegraDeOuroLineItems" xlink:to="OperacoesDeCreditoArt167IncisoIII" xlink:title="presentation: RegraDeOuroLineItems to OperacoesDeCreditoArt167IncisoIII" order="2.0"/>
    <link:loc xlink:type="locator" xlink:href="../../../cor/ic/siconfi-cor_2020-12-31.xsd#siconfi-cor_ResultadoParaApuracaoDaRegraDeOuro" xlink:label="ResultadoParaApuracaoDaRegraDeOuro" xlink:title="ResultadoParaApuracaoDaRegraDeOuro"/>
    <link:presentationArc xlink:type="arc" xlink:arcrole="http://www.xbrl.org/2003/arcrole/parent-child" xlink:from="RegraDeOuroLineItems" xlink:to="ResultadoParaApuracaoDaRegraDeOuro" xlink:title="presentation: RegraDeOuroLineItems to ResultadoParaApuracaoDaRegraDeOuro" order="3.0"/>
    <link:loc xlink:type="locator" xlink:href="siconfi-rreo-anexo9uniao_2020-12-31.xsd#siconfi-rreo-anexo9uniao_RegraDeOuroTable" xlink:label="RegraDeOuroTable" xlink:title="RegraDeOuroTable"/>
    <link:presentationArc xlink:type="arc" xlink:arcrole="http://www.xbrl.org/2003/arcrole/parent-child" xlink:from="RegraDeOuroAbstract" xlink:to="RegraDeOuroTable" xlink:title="presentation: RegraDeOuroAbstract to RegraDeOuroTable" order="2.0" xbrldt:contextElement="segment" xbrldt:closed="true"/>
    <link:loc xlink:type="locator" xlink:href="../../../cor/dim/siconfi-dim_2020-12-31.xsd#siconfi-dim_ApuracaoRegraDeOuroAxis" xlink:label="ApuracaoRegraDeOuroAxis" xlink:title="ApuracaoRegraDeOuroAxis"/>
    <link:presentationArc xlink:type="arc" xlink:arcrole="http://www.xbrl.org/2003/arcrole/parent-child" xlink:from="RegraDeOuroTable" xlink:to="ApuracaoRegraDeOuroAxis" xlink:title="presentation: RegraDeOuroTable to ApuracaoRegraDeOuroAxis" order="1.0"/>
    <link:loc xlink:type="locator" xlink:href="../../../cor/dim/siconfi-dim_2020-12-31.xsd#siconfi-dim_ApuracaoDaRegraDeOuroUmMember" xlink:label="ApuracaoDaRegraDeOuroUmMember" xlink:title="ApuracaoDaRegraDeOuroUmMember"/>
    <link:presentationArc xlink:type="arc" xlink:arcrole="http://www.xbrl.org/2003/arcrole/parent-child" xlink:from="ApuracaoRegraDeOuroAxis" xlink:to="ApuracaoDaRegraDeOuroUmMember" xlink:title="presentation: ApuracaoRegraDeOuroAxis to ApuracaoDaRegraDeOuroUmMember" order="1.0"/>
  </link:presentationLink>
</link:linkbase>
