<?xml version="1.0" encoding="UTF-8"?>
<!-- (c) XBRL International.  See http://www.xbrl.org/legal -->
<linkbase xmlns="http://www.xbrl.org/2003/linkbase" xmlns:xlink="http://www.w3.org/1999/xlink" xmlns:xsi="http://www.w3.org/2001/XMLSchema-instance" xsi:schemaLocation="http://www.xbrl.org/2003/linkbase http://www.xbrl.org/2003/xbrl-linkbase-2003-12-31.xsd">
  <presentationLink xlink:type="extended" xlink:role="http://www.xbrl.org/2003/role/link">
    <loc xlink:type="locator" xlink:href="../cor/gl-cor-2015-03-25.xsd#gl-cor_entryDetail" xlink:label="entryDetail_1109969275653_0" xlink:title="entryDetail"/>
    <loc xlink:type="locator" xlink:href="gl-taf-2015-03-25.xsd#gl-taf_tickingField" xlink:label="tickingField_1109969275653_1" xlink:title="tickingField"/>
    <presentationArc xlink:type="arc" xlink:arcrole="http://www.xbrl.org/2003/arcrole/parent-child" xlink:from="entryDetail_1109969275653_0" xlink:to="tickingField_1109969275653_1" xlink:title="presentation: entryDetail to tickingField" order="301.0"/>
    <loc xlink:type="locator" xlink:href="gl-taf-2015-03-25.xsd#gl-taf_uniqueConsignmentReference" xlink:label="uniqueConsignmentReference_1109969289633_0" xlink:title="uniqueConsignmentReference"/>
    <presentationArc xlink:type="arc" xlink:arcrole="http://www.xbrl.org/2003/arcrole/parent-child" xlink:from="entryDetail_1109969275653_0" xlink:to="uniqueConsignmentReference_1109969289633_0" xlink:title="presentation: entryDetail to uniqueConsignmentReference" order="303.0"/>
    <loc xlink:type="locator" xlink:href="gl-taf-2015-03-25.xsd#gl-taf_originatingDocumentStructure" xlink:label="originatingDocumentStructure_1109969512894_0" xlink:title="originatingDocumentStructure"/>
    <presentationArc xlink:type="arc" xlink:arcrole="http://www.xbrl.org/2003/arcrole/parent-child" xlink:from="entryDetail_1109969275653_0" xlink:to="originatingDocumentStructure_1109969512894_0" xlink:title="presentation: entryDetail to originatingDocumentStructure" order="304.0"/>
    <loc xlink:type="locator" xlink:href="gl-taf-2015-03-25.xsd#gl-taf_originatingDocumentType" xlink:label="originatingDocumentType_1109969527395_0" xlink:title="originatingDocumentType"/>
    <presentationArc xlink:type="arc" xlink:arcrole="http://www.xbrl.org/2003/arcrole/parent-child" xlink:from="originatingDocumentStructure_1109969512894_0" xlink:to="originatingDocumentType_1109969527395_0" xlink:title="presentation: originatingDocumentStructure to originatingDocumentType" order="1.0"/>
    <loc xlink:type="locator" xlink:href="gl-taf-2015-03-25.xsd#gl-taf_originatingDocumentNumber" xlink:label="originatingDocumentNumber_1109969527395_1" xlink:title="originatingDocumentNumber"/>
    <presentationArc xlink:type="arc" xlink:arcrole="http://www.xbrl.org/2003/arcrole/parent-child" xlink:from="originatingDocumentStructure_1109969512894_0" xlink:to="originatingDocumentNumber_1109969527395_1" xlink:title="presentation: originatingDocumentStructure to originatingDocumentNumber" order="2.0"/>
    <loc xlink:type="locator" xlink:href="gl-taf-2015-03-25.xsd#gl-taf_originatingDocumentDate" xlink:label="originatingDocumentDate_1109969527395_2" xlink:title="originatingDocumentDate"/>
    <presentationArc xlink:type="arc" xlink:arcrole="http://www.xbrl.org/2003/arcrole/parent-child" xlink:from="originatingDocumentStructure_1109969512894_0" xlink:to="originatingDocumentDate_1109969527395_2" xlink:title="presentation: originatingDocumentStructure to originatingDocumentDate" order="3.0"/>
    <loc xlink:type="locator" xlink:href="gl-taf-2015-03-25.xsd#gl-taf_originatingDocumentIdentifierType" xlink:label="originatingDocumentIdentifierType_1109969527395_3" xlink:title="originatingDocumentIdentifierType"/>
    <presentationArc xlink:type="arc" xlink:arcrole="http://www.xbrl.org/2003/arcrole/parent-child" xlink:from="originatingDocumentStructure_1109969512894_0" xlink:to="originatingDocumentIdentifierType_1109969527395_3" xlink:title="presentation: originatingDocumentStructure to originatingDocumentIdentifierType" order="4.0"/>
    <loc xlink:type="locator" xlink:href="gl-taf-2015-03-25.xsd#gl-taf_originatingDocumentIdentifierCode" xlink:label="originatingDocumentIdentifierCode_1109969584557_0" xlink:title="originatingDocumentIdentifierCode"/>
    <presentationArc xlink:type="arc" xlink:arcrole="http://www.xbrl.org/2003/arcrole/parent-child" xlink:from="originatingDocumentStructure_1109969512894_0" xlink:to="originatingDocumentIdentifierCode_1109969584557_0" xlink:title="presentation: originatingDocumentStructure to originatingDocumentIdentifierCode" order="5.0"/>
    <loc xlink:type="locator" xlink:href="gl-taf-2015-03-25.xsd#gl-taf_originatingDocumentIdentifierTaxCode" xlink:label="originatingDocumentIdentifierTaxCode_1109969584557_1" xlink:title="originatingDocumentIdentifierTaxCode"/>
    <presentationArc xlink:type="arc" xlink:arcrole="http://www.xbrl.org/2003/arcrole/parent-child" xlink:from="originatingDocumentStructure_1109969512894_0" xlink:to="originatingDocumentIdentifierTaxCode_1109969584557_1" xlink:title="presentation: originatingDocumentStructure to originatingDocumentIdentifierTaxCode" order="6.0"/>
    <loc xlink:type="locator" xlink:href="gl-taf-2015-03-25.xsd#gl-taf_documentRemainingBalance" xlink:label="documentRemainingBalance_1130123290259_0" xlink:title="documentRemainingBalance"/>
    <presentationArc xlink:type="arc" xlink:arcrole="http://www.xbrl.org/2003/arcrole/parent-child" xlink:from="entryDetail_1109969275653_0" xlink:to="documentRemainingBalance_1130123290259_0" xlink:title="presentation: entryDetail to documentRemainingBalance" order="302.0"/>
  </presentationLink>
</linkbase>
