<?xml version="1.0" encoding="UTF-8"?>
<!-- Generated by Fujitsu Interstage XWand B0196 -->
<link:linkbase xmlns:xsi="http://www.w3.org/2001/XMLSchema-instance" xsi:schemaLocation="http://www.xbrl.org/2003/linkbase http://www.xbrl.org/2003/xbrl-linkbase-2003-12-31.xsd" xmlns:link="http://www.xbrl.org/2003/linkbase" xmlns:xlink="http://www.w3.org/1999/xlink" xmlns:xbrli="http://www.xbrl.org/2003/instance">
  <link:roleRef roleURI="http://fazenda.gov.br/siconfi/rep/indicadores/siconfi-indicadores-rgf" xlink:type="simple" xlink:href="siconfi-indicadores-rgf_2020-12-31.xsd#siconfi-indicadores-rgf"/>
  <link:labelLink xlink:type="extended" xlink:role="http://www.xbrl.org/2003/role/link">
    <link:loc xlink:type="locator" xlink:href="siconfi-indicadores-rgf_2020-12-31.xsd#siconfi-indicadores-rgf_IndicadoresDeDisponibilidadeDeCaixaRGFTable" xlink:label="IndicadoresDeDisponibilidadeDeCaixaRGFTable" xlink:title="IndicadoresDeDisponibilidadeDeCaixaRGFTable"/>
    <link:label xlink:type="resource" xlink:label="label_IndicadoresDeDisponibilidadeDeCaixaRGFTable" xlink:role="http://www.xbrl.org/2003/role/label" xlink:title="label_IndicadoresDeDisponibilidadeDeCaixaRGFTable" xml:lang="pt-br" id="label_IndicadoresDeDisponibilidadeDeCaixaRGFTable">Indicadores de Disponibilidade de Caixa RGF [table]</link:label>
    <link:labelArc xlink:type="arc" xlink:arcrole="http://www.xbrl.org/2003/arcrole/concept-label" xlink:from="IndicadoresDeDisponibilidadeDeCaixaRGFTable" xlink:to="label_IndicadoresDeDisponibilidadeDeCaixaRGFTable" xlink:title="label: IndicadoresDeDisponibilidadeDeCaixaRGFTable to label_IndicadoresDeDisponibilidadeDeCaixaRGFTable"/>
  </link:labelLink>
  <link:labelLink xlink:type="extended" xlink:role="http://fazenda.gov.br/siconfi/rep/indicadores/siconfi-indicadores-rgf">
    <link:loc xlink:type="locator" xlink:href="siconfi-indicadores-rgf_2020-12-31.xsd#siconfi-indicadores-rgf_IndicadoresDeDisponibilidadeDeCaixaRGFTable" xlink:label="IndicadoresDeDisponibilidadeDeCaixaRGFTable" xlink:title="IndicadoresDeDisponibilidadeDeCaixaRGFTable"/>
    <link:label xlink:type="resource" xlink:label="label_IndicadoresDeDisponibilidadeDeCaixaRGFTable" xlink:role="http://www.xbrl.org/2003/role/label" xlink:title="label_IndicadoresDeDisponibilidadeDeCaixaRGFTable" xml:lang="pt-br" id="label_IndicadoresDeDisponibilidadeDeCaixaRGFTable_2">Indicadores de Disponibilidade de Caixa RGF [table]</link:label>
    <link:labelArc xlink:type="arc" xlink:arcrole="http://www.xbrl.org/2003/arcrole/concept-label" xlink:from="IndicadoresDeDisponibilidadeDeCaixaRGFTable" xlink:to="label_IndicadoresDeDisponibilidadeDeCaixaRGFTable" xlink:title="label: IndicadoresDeDisponibilidadeDeCaixaRGFTable to label_IndicadoresDeDisponibilidadeDeCaixaRGFTable"/>
    <link:loc xlink:type="locator" xlink:href="siconfi-indicadores-rgf_2020-12-31.xsd#siconfi-indicadores-rgf_IndicadoresRGFAbstract" xlink:label="IndicadoresRGFAbstract" xlink:title="IndicadoresRGFAbstract"/>
    <link:label xlink:type="resource" xlink:label="label_IndicadoresRGFAbstract" xlink:role="http://www.xbrl.org/2003/role/label" xlink:title="label_IndicadoresRGFAbstract" xml:lang="pt-br" id="label_IndicadoresRGFAbstract">Indicadores do Relatório de Gestão Fiscal - RGF</link:label>
    <link:labelArc xlink:type="arc" xlink:arcrole="http://www.xbrl.org/2003/arcrole/concept-label" xlink:from="IndicadoresRGFAbstract" xlink:to="label_IndicadoresRGFAbstract" xlink:title="label: IndicadoresRGFAbstract to label_IndicadoresRGFAbstract"/>
    <link:loc xlink:type="locator" xlink:href="siconfi-indicadores-rgf_2020-12-31.xsd#siconfi-indicadores-rgf_IndicadoresDividaRGFTable" xlink:label="IndicadoresDoRGFTable" xlink:title="IndicadoresDoRGFTable"/>
    <link:label xlink:type="resource" xlink:label="label_IndicadoresDoRGFTable" xlink:role="http://www.xbrl.org/2003/role/label" xlink:title="label_IndicadoresDoRGFTable" xml:lang="pt-br" id="label_IndicadoresDoRGFTable_2">Indicadores da Dívida RGF [table]</link:label>
    <link:labelArc xlink:type="arc" xlink:arcrole="http://www.xbrl.org/2003/arcrole/concept-label" xlink:from="IndicadoresDoRGFTable" xlink:to="label_IndicadoresDoRGFTable" xlink:title="label: IndicadoresDoRGFTable to label_IndicadoresDoRGFTable"/>
    <link:loc xlink:type="locator" xlink:href="siconfi-indicadores-rgf_2020-12-31.xsd#siconfi-indicadores-rgf_IndicadoresDividaLineItems" xlink:label="IndicadoresLineItems" xlink:title="IndicadoresLineItems"/>
    <link:label xlink:type="resource" xlink:label="label_IndicadoresLineItems" xlink:role="http://www.xbrl.org/2003/role/label" xlink:title="label_IndicadoresLineItems" xml:lang="pt-br" id="label_IndicadoresLineItems">Indicadores RGF Dívida [Line Items]</link:label>
    <link:labelArc xlink:type="arc" xlink:arcrole="http://www.xbrl.org/2003/arcrole/concept-label" xlink:from="IndicadoresLineItems" xlink:to="label_IndicadoresLineItems" xlink:title="label: IndicadoresLineItems to label_IndicadoresLineItems"/>
    <link:loc xlink:type="locator" xlink:href="siconfi-indicadores-rgf_2020-12-31.xsd#siconfi-indicadores-rgf_IndicadoresPessoalAbstract" xlink:label="IndicadoresPessoalAbstract" xlink:title="IndicadoresPessoalAbstract"/>
    <link:label xlink:type="resource" xlink:label="label_IndicadoresPessoalAbstract" xlink:role="http://www.xbrl.org/2003/role/label" xlink:title="label_IndicadoresPessoalAbstract" xml:lang="pt-br" id="label_IndicadoresPessoalAbstract">Indicadores do RGF Pessoal</link:label>
    <link:labelArc xlink:type="arc" xlink:arcrole="http://www.xbrl.org/2003/arcrole/concept-label" xlink:from="IndicadoresPessoalAbstract" xlink:to="label_IndicadoresPessoalAbstract" xlink:title="label: IndicadoresPessoalAbstract to label_IndicadoresPessoalAbstract"/>
    <link:loc xlink:type="locator" xlink:href="siconfi-indicadores-rgf_2020-12-31.xsd#siconfi-indicadores-rgf_IndicadoresDividaAbstract" xlink:label="IndicadoresDividaAbstract" xlink:title="IndicadoresDividaAbstract"/>
    <link:label xlink:type="resource" xlink:label="label_IndicadoresDividaAbstract" xlink:role="http://www.xbrl.org/2003/role/label" xlink:title="label_IndicadoresDividaAbstract" xml:lang="pt-br" id="label_IndicadoresDividaAbstract">Indicadores do RGF Dívida</link:label>
    <link:labelArc xlink:type="arc" xlink:arcrole="http://www.xbrl.org/2003/arcrole/concept-label" xlink:from="IndicadoresDividaAbstract" xlink:to="label_IndicadoresDividaAbstract" xlink:title="label: IndicadoresDividaAbstract to label_IndicadoresDividaAbstract"/>
    <link:loc xlink:type="locator" xlink:href="siconfi-indicadores-rgf_2020-12-31.xsd#siconfi-indicadores-rgf_IndicadoresPessoalLineItems" xlink:label="IndicadoresPessoalLineItems" xlink:title="IndicadoresPessoalLineItems"/>
    <link:label xlink:type="resource" xlink:label="label_IndicadoresPessoalLineItems" xlink:role="http://www.xbrl.org/2003/role/label" xlink:title="label_IndicadoresPessoalLineItems" xml:lang="pt-br" id="label_IndicadoresPessoalLineItems">Indicadores RGF Pessoal [Line Items]</link:label>
    <link:labelArc xlink:type="arc" xlink:arcrole="http://www.xbrl.org/2003/arcrole/concept-label" xlink:from="IndicadoresPessoalLineItems" xlink:to="label_IndicadoresPessoalLineItems" xlink:title="label: IndicadoresPessoalLineItems to label_IndicadoresPessoalLineItems"/>
    <link:loc xlink:type="locator" xlink:href="siconfi-indicadores-rgf_2020-12-31.xsd#siconfi-indicadores-rgf_IndicadoresPessoalRGFTable" xlink:label="IndicadoresPessoalRGFTable" xlink:title="IndicadoresPessoalRGFTable"/>
    <link:label xlink:type="resource" xlink:label="label_IndicadoresPessoalRGFTable" xlink:role="http://www.xbrl.org/2003/role/label" xlink:title="label_IndicadoresPessoalRGFTable" xml:lang="pt-br" id="label_IndicadoresPessoalRGFTable">Indicadores de Pessoal RGF [table]</link:label>
    <link:labelArc xlink:type="arc" xlink:arcrole="http://www.xbrl.org/2003/arcrole/concept-label" xlink:from="IndicadoresPessoalRGFTable" xlink:to="label_IndicadoresPessoalRGFTable" xlink:title="label: IndicadoresPessoalRGFTable to label_IndicadoresPessoalRGFTable"/>
    <link:loc xlink:type="locator" xlink:href="siconfi-indicadores-rgf_2020-12-31.xsd#siconfi-indicadores-rgf_IndicadoresOperacoesDeCreditoAbstract" xlink:label="IndicadoresRGFEmFocoAbstract" xlink:title="IndicadoresRGFEmFocoAbstract"/>
    <link:label xlink:type="resource" xlink:label="label_IndicadoresRGFEmFocoAbstract" xlink:role="http://www.xbrl.org/2003/role/label" xlink:title="label_IndicadoresRGFEmFocoAbstract" xml:lang="pt-br" id="label_IndicadoresRGFEmFocoAbstract">Indicadores do RGF Operações de Crédito</link:label>
    <link:labelArc xlink:type="arc" xlink:arcrole="http://www.xbrl.org/2003/arcrole/concept-label" xlink:from="IndicadoresRGFEmFocoAbstract" xlink:to="label_IndicadoresRGFEmFocoAbstract" xlink:title="label: IndicadoresRGFEmFocoAbstract to label_IndicadoresRGFEmFocoAbstract"/>
    <link:loc xlink:type="locator" xlink:href="siconfi-indicadores-rgf_2020-12-31.xsd#siconfi-indicadores-rgf_IndicadoresOperacoesDeCreditoLineItems" xlink:label="IndicadoresRGFEmFocoLineItems" xlink:title="IndicadoresRGFEmFocoLineItems"/>
    <link:label xlink:type="resource" xlink:label="label_IndicadoresRGFEmFocoLineItems" xlink:role="http://www.xbrl.org/2003/role/label" xlink:title="label_IndicadoresRGFEmFocoLineItems" xml:lang="pt-br" id="label_IndicadoresRGFEmFocoLineItems">Indicadores do RGF Operações de Crédito [Line Items]</link:label>
    <link:labelArc xlink:type="arc" xlink:arcrole="http://www.xbrl.org/2003/arcrole/concept-label" xlink:from="IndicadoresRGFEmFocoLineItems" xlink:to="label_IndicadoresRGFEmFocoLineItems" xlink:title="label: IndicadoresRGFEmFocoLineItems to label_IndicadoresRGFEmFocoLineItems"/>
    <link:loc xlink:type="locator" xlink:href="siconfi-indicadores-rgf_2020-12-31.xsd#siconfi-indicadores-rgf_IndicadoresOperacoesDeCreditoRGFTable" xlink:label="IndicadoresRGFEmFocoTable" xlink:title="IndicadoresRGFEmFocoTable"/>
    <link:label xlink:type="resource" xlink:label="label_IndicadoresRGFEmFocoTable" xlink:role="http://www.xbrl.org/2003/role/label" xlink:title="label_IndicadoresRGFEmFocoTable" xml:lang="pt-br" id="label_IndicadoresRGFEmFocoTable_2">Indicadores de Operações de Crédito RGF [table]</link:label>
    <link:labelArc xlink:type="arc" xlink:arcrole="http://www.xbrl.org/2003/arcrole/concept-label" xlink:from="IndicadoresRGFEmFocoTable" xlink:to="label_IndicadoresRGFEmFocoTable" xlink:title="label: IndicadoresRGFEmFocoTable to label_IndicadoresRGFEmFocoTable"/>
    <link:loc xlink:type="locator" xlink:href="siconfi-indicadores-rgf_2020-12-31.xsd#siconfi-indicadores-rgf_IndicadoresDisponibilidadeDeCaixaAbstract" xlink:label="IndicadoresDisponibilidadeDeCaixaAbstract" xlink:title="IndicadoresDisponibilidadeDeCaixaAbstract"/>
    <link:label xlink:type="resource" xlink:label="label_IndicadoresDisponibilidadeDeCaixaAbstract" xlink:role="http://www.xbrl.org/2003/role/label" xlink:title="label_IndicadoresDisponibilidadeDeCaixaAbstract" xml:lang="pt-br" id="label_IndicadoresDisponibilidadeDeCaixaAbstract">Indicadores do RGF Disponibilidade de Caixa</link:label>
    <link:labelArc xlink:type="arc" xlink:arcrole="http://www.xbrl.org/2003/arcrole/concept-label" xlink:from="IndicadoresDisponibilidadeDeCaixaAbstract" xlink:to="label_IndicadoresDisponibilidadeDeCaixaAbstract" xlink:title="label: IndicadoresDisponibilidadeDeCaixaAbstract to label_IndicadoresDisponibilidadeDeCaixaAbstract"/>
    <link:loc xlink:type="locator" xlink:href="siconfi-indicadores-rgf_2020-12-31.xsd#siconfi-indicadores-rgf_IndicadoresDisponibilidadeDeCaixaLineItems" xlink:label="IndicadoresDisponibilidadeDeCaixaLineItems" xlink:title="IndicadoresDisponibilidadeDeCaixaLineItems"/>
    <link:label xlink:type="resource" xlink:label="label_IndicadoresDisponibilidadeDeCaixaLineItems" xlink:role="http://www.xbrl.org/2003/role/label" xlink:title="label_IndicadoresDisponibilidadeDeCaixaLineItems" xml:lang="pt-br" id="label_IndicadoresDisponibilidadeDeCaixaLineItems">Indicadores RGF Disponibilidade de Caixa [Line Items]</link:label>
    <link:labelArc xlink:type="arc" xlink:arcrole="http://www.xbrl.org/2003/arcrole/concept-label" xlink:from="IndicadoresDisponibilidadeDeCaixaLineItems" xlink:to="label_IndicadoresDisponibilidadeDeCaixaLineItems" xlink:title="label: IndicadoresDisponibilidadeDeCaixaLineItems to label_IndicadoresDisponibilidadeDeCaixaLineItems"/>
  </link:labelLink>
</link:linkbase>
