<?xml version="1.0" encoding="UTF-8"?>
<!-- Generated by Fujitsu Interstage XWand B0196 -->
<link:linkbase xmlns:xsi="http://www.w3.org/2001/XMLSchema-instance" xsi:schemaLocation="http://www.xbrl.org/2003/linkbase http://www.xbrl.org/2003/xbrl-linkbase-2003-12-31.xsd" xmlns:link="http://www.xbrl.org/2003/linkbase" xmlns:xlink="http://www.w3.org/1999/xlink" xmlns:xbrli="http://www.xbrl.org/2003/instance" xmlns:xbrldt="http://xbrl.org/2005/xbrldt">
  <link:roleRef roleURI="http://fazenda.gov.br/siconfi/rep/indicadores/siconfi-indicadores-rgf" xlink:type="simple" xlink:href="siconfi-indicadores-rgf_2020-12-31.xsd#siconfi-indicadores-rgf"/>
  <link:presentationLink xlink:type="extended" xlink:role="http://fazenda.gov.br/siconfi/rep/indicadores/siconfi-indicadores-rgf">
    <link:loc xlink:type="locator" xlink:href="siconfi-indicadores-rgf_2020-12-31.xsd#siconfi-indicadores-rgf_IndicadoresRGFAbstract" xlink:label="IndicadoresRGFAbstract" xlink:title="IndicadoresRGFAbstract"/>
    <link:loc xlink:type="locator" xlink:href="siconfi-indicadores-rgf_2020-12-31.xsd#siconfi-indicadores-rgf_IndicadoresDividaAbstract" xlink:label="IndicadoresDividaAbstract" xlink:title="IndicadoresDividaAbstract"/>
    <link:presentationArc xlink:type="arc" xlink:arcrole="http://www.xbrl.org/2003/arcrole/parent-child" xlink:from="IndicadoresRGFAbstract" xlink:to="IndicadoresDividaAbstract" xlink:title="presentation: IndicadoresRGFAbstract to IndicadoresDividaAbstract" order="1.0"/>
    <link:loc xlink:type="locator" xlink:href="siconfi-indicadores-rgf_2020-12-31.xsd#siconfi-indicadores-rgf_IndicadoresDividaLineItems" xlink:label="IndicadoresDividaLineItems" xlink:title="IndicadoresLineItems"/>
    <link:presentationArc xlink:type="arc" xlink:arcrole="http://www.xbrl.org/2003/arcrole/parent-child" xlink:from="IndicadoresDividaAbstract" xlink:to="IndicadoresDividaLineItems" xlink:title="presentation: IndicadoresDividaAbstract to IndicadoresDividaLineItems" order="1.0"/>
    <link:loc xlink:type="locator" xlink:href="../../../cor/ic/siconfi-cor_2020-12-31.xsd#siconfi-cor_KPIPercentualDividaRCL" xlink:label="KPIPercentualDividaRCL" xlink:title="KPIPercentualDividaRCL"/>
    <link:presentationArc xlink:type="arc" xlink:arcrole="http://www.xbrl.org/2003/arcrole/parent-child" xlink:from="IndicadoresDividaLineItems" xlink:to="KPIPercentualDividaRCL" xlink:title="presentation: IndicadoresDividaLineItems to KPIPercentualDividaRCL" order="5.0"/>
    <link:loc xlink:type="locator" xlink:href="../../../cor/ic/siconfi-cor_2020-12-31.xsd#siconfi-cor_KPICumprimentoLimiteDivida" xlink:label="KPICumprimentoLimiteDivida" xlink:title="KPICumprimentoLimiteDivida"/>
    <link:presentationArc xlink:type="arc" xlink:arcrole="http://www.xbrl.org/2003/arcrole/parent-child" xlink:from="IndicadoresDividaLineItems" xlink:to="KPICumprimentoLimiteDivida" xlink:title="presentation: IndicadoresDividaLineItems to KPICumprimentoLimiteDivida" order="6.0"/>
    <link:loc xlink:type="locator" xlink:href="../../../cor/ic/siconfi-cor_2020-12-31.xsd#siconfi-cor_KPIPercentualPrecatoriosRCL" xlink:label="KPIPercentualPrecatoriosRCL" xlink:title="KPIPercentualPrecatoriosRCL"/>
    <link:presentationArc xlink:type="arc" xlink:arcrole="http://www.xbrl.org/2003/arcrole/parent-child" xlink:from="IndicadoresDividaLineItems" xlink:to="KPIPercentualPrecatoriosRCL" xlink:title="presentation: IndicadoresDividaLineItems to KPIPercentualPrecatoriosRCL" order="8.0"/>
    <link:loc xlink:type="locator" xlink:href="../../../cor/ic/siconfi-cor_2020-12-31.xsd#siconfi-cor_KPICumprimentoLimiteAlertaDivida" xlink:label="KPICumprimentoLimiteAlertaDivida" xlink:title="KPICumprimentoLimiteAlertaDivida"/>
    <link:presentationArc xlink:type="arc" xlink:arcrole="http://www.xbrl.org/2003/arcrole/parent-child" xlink:from="IndicadoresDividaLineItems" xlink:to="KPICumprimentoLimiteAlertaDivida" xlink:title="presentation: IndicadoresDividaLineItems to KPICumprimentoLimiteAlertaDivida" order="7.0"/>
    <link:loc xlink:type="locator" xlink:href="../../../cor/ic/siconfi-cor_2020-12-31.xsd#siconfi-cor_KPIDividaConsolidada" xlink:label="KPIDividaConsolidada" xlink:title="KPIDividaConsolidada"/>
    <link:presentationArc xlink:type="arc" xlink:arcrole="http://www.xbrl.org/2003/arcrole/parent-child" xlink:from="IndicadoresDividaLineItems" xlink:to="KPIDividaConsolidada" xlink:title="presentation: IndicadoresDividaLineItems to KPIDividaConsolidada" order="1.0"/>
    <link:loc xlink:type="locator" xlink:href="../../../cor/ic/siconfi-cor_2020-12-31.xsd#siconfi-cor_KPIDeducoesDaDividaConsolidada" xlink:label="KPIDeducoesDaDividaConsolidada" xlink:title="KPIDeducoesDaDividaConsolidada"/>
    <link:presentationArc xlink:type="arc" xlink:arcrole="http://www.xbrl.org/2003/arcrole/parent-child" xlink:from="IndicadoresDividaLineItems" xlink:to="KPIDeducoesDaDividaConsolidada" xlink:title="presentation: IndicadoresDividaLineItems to KPIDeducoesDaDividaConsolidada" order="2.0"/>
    <link:loc xlink:type="locator" xlink:href="../../../cor/ic/siconfi-cor_2020-12-31.xsd#siconfi-cor_KPIDividaConsolidadaLiquida" xlink:label="KPIDividaConsolidadaLiquida" xlink:title="KPIDividaConsolidadaLiquida"/>
    <link:presentationArc xlink:type="arc" xlink:arcrole="http://www.xbrl.org/2003/arcrole/parent-child" xlink:from="IndicadoresDividaLineItems" xlink:to="KPIDividaConsolidadaLiquida" xlink:title="presentation: IndicadoresDividaLineItems to KPIDividaConsolidadaLiquida" order="3.0"/>
    <link:loc xlink:type="locator" xlink:href="../../../cor/ic/siconfi-cor_2020-12-31.xsd#siconfi-cor_KPILimiteDefinidoPorResolucaoDoSenadoFederal" xlink:label="KPILimiteDefinidoPorResolucaoDoSenadoFederal" xlink:title="KPILimiteDefinidoPorResolucaoDoSenadoFederal"/>
    <link:presentationArc xlink:type="arc" xlink:arcrole="http://www.xbrl.org/2003/arcrole/parent-child" xlink:from="IndicadoresDividaLineItems" xlink:to="KPILimiteDefinidoPorResolucaoDoSenadoFederal" xlink:title="presentation: IndicadoresDividaLineItems to KPILimiteDefinidoPorResolucaoDoSenadoFederal" order="4.0"/>
    <link:loc xlink:type="locator" xlink:href="../../../cor/ic/siconfi-cor_2020-12-31.xsd#siconfi-cor_RGFEmFocoPercentualDCLRCL" xlink:label="RGFEmFocoPercentualDCLRCL" xlink:title="RGFEmFocoPercentualDCLRCL"/>
    <link:presentationArc xlink:type="arc" xlink:arcrole="http://www.xbrl.org/2003/arcrole/parent-child" xlink:from="IndicadoresDividaLineItems" xlink:to="RGFEmFocoPercentualDCLRCL" xlink:title="presentation: IndicadoresDividaLineItems to RGFEmFocoPercentualDCLRCL" order="9.0"/>
    <link:loc xlink:type="locator" xlink:href="../../../cor/ic/siconfi-cor_2020-12-31.xsd#siconfi-cor_RGFEmFocoPercentualDividaMobiliariaRCL" xlink:label="RGFEmFocoPercentualDividaMobiliariaRCL" xlink:title="RGFEmFocoPercentualDividaMobiliariaRCL"/>
    <link:presentationArc xlink:type="arc" xlink:arcrole="http://www.xbrl.org/2003/arcrole/parent-child" xlink:from="IndicadoresDividaLineItems" xlink:to="RGFEmFocoPercentualDividaMobiliariaRCL" xlink:title="presentation: IndicadoresDividaLineItems to RGFEmFocoPercentualDividaMobiliariaRCL" order="10.0"/>
    <link:loc xlink:type="locator" xlink:href="../../../cor/ic/siconfi-cor_2020-12-31.xsd#siconfi-cor_RGFEmFocoPercentualDividaContratualRCL" xlink:label="RGFEmFocoPercentualDividaContratualRCL" xlink:title="RGFEmFocoPercentualDividaContratualRCL"/>
    <link:presentationArc xlink:type="arc" xlink:arcrole="http://www.xbrl.org/2003/arcrole/parent-child" xlink:from="IndicadoresDividaLineItems" xlink:to="RGFEmFocoPercentualDividaContratualRCL" xlink:title="presentation: IndicadoresDividaLineItems to RGFEmFocoPercentualDividaContratualRCL" order="11.0"/>
    <link:loc xlink:type="locator" xlink:href="../../../cor/ic/siconfi-cor_2020-12-31.xsd#siconfi-cor_RGFEmFocoPercentualPrecatoriosPosterioresNaoPagosRCL" xlink:label="RGFEmFocoPercentualPrecatoriosPosterioresNaoPagosRCL" xlink:title="RGFEmFocoPercentualPrecatoriosPosterioresNaoPagosRCL"/>
    <link:presentationArc xlink:type="arc" xlink:arcrole="http://www.xbrl.org/2003/arcrole/parent-child" xlink:from="IndicadoresDividaLineItems" xlink:to="RGFEmFocoPercentualPrecatoriosPosterioresNaoPagosRCL" xlink:title="presentation: IndicadoresDividaLineItems to RGFEmFocoPercentualPrecatoriosPosterioresNaoPagosRCL" order="12.0"/>
    <link:loc xlink:type="locator" xlink:href="../../../cor/ic/siconfi-cor_2020-12-31.xsd#siconfi-cor_RGFEmFocoPercentualOutrasDividasRCL" xlink:label="RGFEmFocoPercentualOutrasDividasRCL" xlink:title="RGFEmFocoPercentualOutrasDividasRCL"/>
    <link:presentationArc xlink:type="arc" xlink:arcrole="http://www.xbrl.org/2003/arcrole/parent-child" xlink:from="IndicadoresDividaLineItems" xlink:to="RGFEmFocoPercentualOutrasDividasRCL" xlink:title="presentation: IndicadoresDividaLineItems to RGFEmFocoPercentualOutrasDividasRCL" order="13.0"/>
    <link:loc xlink:type="locator" xlink:href="../../../cor/ic/siconfi-cor_2020-12-31.xsd#siconfi-cor_RGFEmFocoPercentualDeducoesDC" xlink:label="RGFEmFocoPercentualDeducoesDC" xlink:title="RGFEmFocoPercentualDeducoesDC"/>
    <link:presentationArc xlink:type="arc" xlink:arcrole="http://www.xbrl.org/2003/arcrole/parent-child" xlink:from="IndicadoresDividaLineItems" xlink:to="RGFEmFocoPercentualDeducoesDC" xlink:title="presentation: IndicadoresDividaLineItems to RGFEmFocoPercentualDeducoesDC" order="14.0"/>
    <link:loc xlink:type="locator" xlink:href="../../../cor/ic/siconfi-cor_2020-12-31.xsd#siconfi-cor_RGFEmFocoPercentualDCLDC" xlink:label="RGFEmFocoPercentualDCLDC" xlink:title="RGFEmFocoPercentualDCLDC"/>
    <link:presentationArc xlink:type="arc" xlink:arcrole="http://www.xbrl.org/2003/arcrole/parent-child" xlink:from="IndicadoresDividaLineItems" xlink:to="RGFEmFocoPercentualDCLDC" xlink:title="presentation: IndicadoresDividaLineItems to RGFEmFocoPercentualDCLDC" order="15.0"/>
    <link:loc xlink:type="locator" xlink:href="../../../cor/ic/siconfi-cor_2020-12-31.xsd#siconfi-cor_RGFEmFocoRCL" xlink:label="RGFEmFocoRCL" xlink:title="RGFEmFocoRCL"/>
    <link:presentationArc xlink:type="arc" xlink:arcrole="http://www.xbrl.org/2003/arcrole/parent-child" xlink:from="IndicadoresDividaLineItems" xlink:to="RGFEmFocoRCL" xlink:title="presentation: IndicadoresDividaLineItems to RGFEmFocoRCL" order="16.0"/>
    <link:loc xlink:type="locator" xlink:href="../../../cor/ic/siconfi-cor_2020-12-31.xsd#siconfi-cor_RGFEmFocoPercentualEmprestimosDC" xlink:label="RGFEmFocoPercentualEmprestimosDC" xlink:title="RGFEmFocoPercentualEmprestimosDC"/>
    <link:presentationArc xlink:type="arc" xlink:arcrole="http://www.xbrl.org/2003/arcrole/parent-child" xlink:from="IndicadoresDividaLineItems" xlink:to="RGFEmFocoPercentualEmprestimosDC" xlink:title="presentation: IndicadoresDividaLineItems to RGFEmFocoPercentualEmprestimosDC" order="17.0"/>
    <link:loc xlink:type="locator" xlink:href="../../../cor/ic/siconfi-cor_2020-12-31.xsd#siconfi-cor_RGFEmFocoPercentualReestruturacaoDividaDC" xlink:label="RGFEmFocoPercentualReestruturacaoDividaDC" xlink:title="RGFEmFocoPercentualReestruturacaoDividaDC"/>
    <link:presentationArc xlink:type="arc" xlink:arcrole="http://www.xbrl.org/2003/arcrole/parent-child" xlink:from="IndicadoresDividaLineItems" xlink:to="RGFEmFocoPercentualReestruturacaoDividaDC" xlink:title="presentation: IndicadoresDividaLineItems to RGFEmFocoPercentualReestruturacaoDividaDC" order="18.0"/>
    <link:loc xlink:type="locator" xlink:href="../../../cor/ic/siconfi-cor_2020-12-31.xsd#siconfi-cor_RGFEmFocoPercentualFinanciamentosDC" xlink:label="RGFEmFocoPercentualFinanciamentosDC" xlink:title="RGFEmFocoPercentualFinanciamentosDC"/>
    <link:presentationArc xlink:type="arc" xlink:arcrole="http://www.xbrl.org/2003/arcrole/parent-child" xlink:from="IndicadoresDividaLineItems" xlink:to="RGFEmFocoPercentualFinanciamentosDC" xlink:title="presentation: IndicadoresDividaLineItems to RGFEmFocoPercentualFinanciamentosDC" order="19.0"/>
    <link:loc xlink:type="locator" xlink:href="../../../cor/ic/siconfi-cor_2020-12-31.xsd#siconfi-cor_RGFEmFocoPercentualParcelamentoRenegociacaoDC" xlink:label="RGFEmFocoPercentualParcelamentoRenegociacaoDC" xlink:title="RGFEmFocoPercentualParcelamentoRenegociacaoDC"/>
    <link:presentationArc xlink:type="arc" xlink:arcrole="http://www.xbrl.org/2003/arcrole/parent-child" xlink:from="IndicadoresDividaLineItems" xlink:to="RGFEmFocoPercentualParcelamentoRenegociacaoDC" xlink:title="presentation: IndicadoresDividaLineItems to RGFEmFocoPercentualParcelamentoRenegociacaoDC" order="20.0"/>
    <link:loc xlink:type="locator" xlink:href="../../../cor/ic/siconfi-cor_2020-12-31.xsd#siconfi-cor_RGFEmFocoPercentualDemaisDividasContratuaisDC" xlink:label="RGFEmFocoPercentualDemaisDividasContratuaisDC" xlink:title="RGFEmFocoPercentualDemaisDividasContratuaisDC"/>
    <link:presentationArc xlink:type="arc" xlink:arcrole="http://www.xbrl.org/2003/arcrole/parent-child" xlink:from="IndicadoresDividaLineItems" xlink:to="RGFEmFocoPercentualDemaisDividasContratuaisDC" xlink:title="presentation: IndicadoresDividaLineItems to RGFEmFocoPercentualDemaisDividasContratuaisDC" order="21.0"/>
    <link:loc xlink:type="locator" xlink:href="../../../cor/ic/siconfi-cor_2020-12-31.xsd#siconfi-cor_RGFEmFocoPercentualPrecatoriosRCL" xlink:label="RGFEmFocoPercentualPrecatoriosRCL" xlink:title="RGFEmFocoPercentualPrecatoriosRCL"/>
    <link:presentationArc xlink:type="arc" xlink:arcrole="http://www.xbrl.org/2003/arcrole/parent-child" xlink:from="IndicadoresDividaLineItems" xlink:to="RGFEmFocoPercentualPrecatoriosRCL" xlink:title="presentation: IndicadoresDividaLineItems to RGFEmFocoPercentualPrecatoriosRCL" order="22.0"/>
    <link:loc xlink:type="locator" xlink:href="siconfi-indicadores-rgf_2020-12-31.xsd#siconfi-indicadores-rgf_IndicadoresDividaRGFTable" xlink:label="IndicadoresDividaRGFTable" xlink:title="IndicadoresDoRGFTable"/>
    <link:presentationArc xlink:type="arc" xlink:arcrole="http://www.xbrl.org/2003/arcrole/parent-child" xlink:from="IndicadoresDividaAbstract" xlink:to="IndicadoresDividaRGFTable" xlink:title="presentation: IndicadoresDividaAbstract to IndicadoresDividaRGFTable" order="2.0" xbrldt:contextElement="segment" xbrldt:closed="true"/>
    <link:loc xlink:type="locator" xlink:href="../../../cor/dim/siconfi-dim_2020-12-31.xsd#siconfi-dim_ComparativoSaldoDividaAxis" xlink:label="ComparativoSaldoDividaAxis" xlink:title="ComparativoSaldoDividaAxis"/>
    <link:presentationArc xlink:type="arc" xlink:arcrole="http://www.xbrl.org/2003/arcrole/parent-child" xlink:from="IndicadoresDividaRGFTable" xlink:to="ComparativoSaldoDividaAxis" xlink:title="presentation: IndicadoresDividaRGFTable to ComparativoSaldoDividaAxis" order="1.0"/>
    <link:loc xlink:type="locator" xlink:href="../../../cor/dim/siconfi-dim_2020-12-31.xsd#siconfi-dim_SaldoExercicioAtePrimeiroQuadrimestreMember" xlink:label="SaldoExercicioAtePrimeiroQuadrimestreMember" xlink:title="SaldoExercicioAtePrimeiroQuadrimestreMember"/>
    <link:presentationArc xlink:type="arc" xlink:arcrole="http://www.xbrl.org/2003/arcrole/parent-child" xlink:from="ComparativoSaldoDividaAxis" xlink:to="SaldoExercicioAtePrimeiroQuadrimestreMember" xlink:title="presentation: ComparativoSaldoDividaAxis to SaldoExercicioAtePrimeiroQuadrimestreMember" order="2.0"/>
    <link:loc xlink:type="locator" xlink:href="../../../cor/dim/siconfi-dim_2020-12-31.xsd#siconfi-dim_SaldoExercicioAteSegundoQuadrimestreMember" xlink:label="SaldoExercicioAteSegundoQuadrimestreMember" xlink:title="SaldoExercicioAteSegundoQuadrimestreMember"/>
    <link:presentationArc xlink:type="arc" xlink:arcrole="http://www.xbrl.org/2003/arcrole/parent-child" xlink:from="ComparativoSaldoDividaAxis" xlink:to="SaldoExercicioAteSegundoQuadrimestreMember" xlink:title="presentation: ComparativoSaldoDividaAxis to SaldoExercicioAteSegundoQuadrimestreMember" order="3.0"/>
    <link:loc xlink:type="locator" xlink:href="../../../cor/dim/siconfi-dim_2020-12-31.xsd#siconfi-dim_SaldoExercicioAteTerceiroQuadrimestreMember" xlink:label="SaldoExercicioAteTerceiroQuadrimestreMember" xlink:title="SaldoExercicioAteTerceiroQuadrimestreMember"/>
    <link:presentationArc xlink:type="arc" xlink:arcrole="http://www.xbrl.org/2003/arcrole/parent-child" xlink:from="ComparativoSaldoDividaAxis" xlink:to="SaldoExercicioAteTerceiroQuadrimestreMember" xlink:title="presentation: ComparativoSaldoDividaAxis to SaldoExercicioAteTerceiroQuadrimestreMember" order="4.0"/>
    <link:loc xlink:type="locator" xlink:href="../../../cor/dim/siconfi-dim_2020-12-31.xsd#siconfi-dim_SaldoExercicioAtePrimeiroSemestreMember" xlink:label="SaldoExercicioAtePrimeiroSemestreMember" xlink:title="SaldoExercicioAtePrimeiroSemestreMember"/>
    <link:presentationArc xlink:type="arc" xlink:arcrole="http://www.xbrl.org/2003/arcrole/parent-child" xlink:from="ComparativoSaldoDividaAxis" xlink:to="SaldoExercicioAtePrimeiroSemestreMember" xlink:title="presentation: ComparativoSaldoDividaAxis to SaldoExercicioAtePrimeiroSemestreMember" order="5.0"/>
    <link:loc xlink:type="locator" xlink:href="../../../cor/dim/siconfi-dim_2020-12-31.xsd#siconfi-dim_SaldoExercicioAnteriorMember" xlink:label="SaldoExercicioAnteriorMember" xlink:title="SaldoExercicioAnteriorMember"/>
    <link:presentationArc xlink:type="arc" xlink:arcrole="http://www.xbrl.org/2003/arcrole/parent-child" xlink:from="ComparativoSaldoDividaAxis" xlink:to="SaldoExercicioAnteriorMember" xlink:title="presentation: ComparativoSaldoDividaAxis to SaldoExercicioAnteriorMember" order="1.0"/>
    <link:loc xlink:type="locator" xlink:href="siconfi-indicadores-rgf_2020-12-31.xsd#siconfi-indicadores-rgf_IndicadoresPessoalAbstract" xlink:label="IndicadoresPessoalAbstract" xlink:title="IndicadoresPessoalAbstract"/>
    <link:presentationArc xlink:type="arc" xlink:arcrole="http://www.xbrl.org/2003/arcrole/parent-child" xlink:from="IndicadoresRGFAbstract" xlink:to="IndicadoresPessoalAbstract" xlink:title="presentation: IndicadoresRGFAbstract to IndicadoresPessoalAbstract" order="2.0"/>
    <link:loc xlink:type="locator" xlink:href="siconfi-indicadores-rgf_2020-12-31.xsd#siconfi-indicadores-rgf_IndicadoresPessoalLineItems" xlink:label="IndicadoresPessoalLineItems" xlink:title="IndicadoresPessoalLineItems"/>
    <link:presentationArc xlink:type="arc" xlink:arcrole="http://www.xbrl.org/2003/arcrole/parent-child" xlink:from="IndicadoresPessoalAbstract" xlink:to="IndicadoresPessoalLineItems" xlink:title="presentation: IndicadoresPessoalAbstract to IndicadoresPessoalLineItems" order="1.0"/>
    <link:loc xlink:type="locator" xlink:href="../../../cor/ic/siconfi-cor_2020-12-31.xsd#siconfi-cor_KPIFolgaExcedente" xlink:label="KPIFolgaExcedente" xlink:title="KPIFolgaExcedente"/>
    <link:presentationArc xlink:type="arc" xlink:arcrole="http://www.xbrl.org/2003/arcrole/parent-child" xlink:from="IndicadoresPessoalLineItems" xlink:to="KPIFolgaExcedente" xlink:title="presentation: IndicadoresPessoalLineItems to KPIFolgaExcedente" order="4.0"/>
    <link:loc xlink:type="locator" xlink:href="../../../cor/ic/siconfi-cor_2020-12-31.xsd#siconfi-cor_KPICumprimentoLimitePessoal" xlink:label="KPICumprimentoLimitePessoal" xlink:title="KPICumprimentoLimitePessoal"/>
    <link:presentationArc xlink:type="arc" xlink:arcrole="http://www.xbrl.org/2003/arcrole/parent-child" xlink:from="IndicadoresPessoalLineItems" xlink:to="KPICumprimentoLimitePessoal" xlink:title="presentation: IndicadoresPessoalLineItems to KPICumprimentoLimitePessoal" order="5.0"/>
    <link:loc xlink:type="locator" xlink:href="../../../cor/ic/siconfi-cor_2020-12-31.xsd#siconfi-cor_KPICumprimentoLimitePrudencialPessoal" xlink:label="KPICumprimentoLimitePrudencialPessoal" xlink:title="KPICumprimentoLimitePrudencialPessoal"/>
    <link:presentationArc xlink:type="arc" xlink:arcrole="http://www.xbrl.org/2003/arcrole/parent-child" xlink:from="IndicadoresPessoalLineItems" xlink:to="KPICumprimentoLimitePrudencialPessoal" xlink:title="presentation: IndicadoresPessoalLineItems to KPICumprimentoLimitePrudencialPessoal" order="6.0"/>
    <link:loc xlink:type="locator" xlink:href="../../../cor/ic/siconfi-cor_2020-12-31.xsd#siconfi-cor_KPICumprimentoLimiteAlertaPessoal" xlink:label="KPICumprimentoLimiteAlertaPessoal" xlink:title="KPICumprimentoLimiteAlertaPessoal"/>
    <link:presentationArc xlink:type="arc" xlink:arcrole="http://www.xbrl.org/2003/arcrole/parent-child" xlink:from="IndicadoresPessoalLineItems" xlink:to="KPICumprimentoLimiteAlertaPessoal" xlink:title="presentation: IndicadoresPessoalLineItems to KPICumprimentoLimiteAlertaPessoal" order="7.0"/>
    <link:loc xlink:type="locator" xlink:href="../../../cor/ic/siconfi-cor_2020-12-31.xsd#siconfi-cor_KPIPercentualInativosBruto" xlink:label="KPIPercentualInativosBruto" xlink:title="KPIPercentualInativosBruto"/>
    <link:presentationArc xlink:type="arc" xlink:arcrole="http://www.xbrl.org/2003/arcrole/parent-child" xlink:from="IndicadoresPessoalLineItems" xlink:to="KPIPercentualInativosBruto" xlink:title="presentation: IndicadoresPessoalLineItems to KPIPercentualInativosBruto" order="8.0"/>
    <link:loc xlink:type="locator" xlink:href="../../../cor/ic/siconfi-cor_2020-12-31.xsd#siconfi-cor_KPIPercentualInativosLiquido" xlink:label="KPIPercentualInativosLiquido" xlink:title="KPIPercentualInativosLiquido"/>
    <link:presentationArc xlink:type="arc" xlink:arcrole="http://www.xbrl.org/2003/arcrole/parent-child" xlink:from="IndicadoresPessoalLineItems" xlink:to="KPIPercentualInativosLiquido" xlink:title="presentation: IndicadoresPessoalLineItems to KPIPercentualInativosLiquido" order="9.0"/>
    <link:loc xlink:type="locator" xlink:href="../../../cor/ic/siconfi-cor_2020-12-31.xsd#siconfi-cor_KPICumprimentoLimites" xlink:label="KPICumprimentoLimites" xlink:title="KPICumprimentoLimites"/>
    <link:presentationArc xlink:type="arc" xlink:arcrole="http://www.xbrl.org/2003/arcrole/parent-child" xlink:from="IndicadoresPessoalLineItems" xlink:to="KPICumprimentoLimites" xlink:title="presentation: IndicadoresPessoalLineItems to KPICumprimentoLimites" order="10.0"/>
    <link:loc xlink:type="locator" xlink:href="../../../cor/ic/siconfi-cor_2020-12-31.xsd#siconfi-cor_KPIDespesaComPessoalBruta" xlink:label="KPIDespesaComPessoalBruta" xlink:title="KPIDespesaComPessoalBruta"/>
    <link:presentationArc xlink:type="arc" xlink:arcrole="http://www.xbrl.org/2003/arcrole/parent-child" xlink:from="IndicadoresPessoalLineItems" xlink:to="KPIDespesaComPessoalBruta" xlink:title="presentation: IndicadoresPessoalLineItems to KPIDespesaComPessoalBruta" order="1.0"/>
    <link:loc xlink:type="locator" xlink:href="../../../cor/ic/siconfi-cor_2020-12-31.xsd#siconfi-cor_KPIDespesasComPessoalNaoComputadas" xlink:label="KPIDespesasComPessoalNaoComputadas" xlink:title="KPIDespesasComPessoalNaoComputadas"/>
    <link:presentationArc xlink:type="arc" xlink:arcrole="http://www.xbrl.org/2003/arcrole/parent-child" xlink:from="IndicadoresPessoalLineItems" xlink:to="KPIDespesasComPessoalNaoComputadas" xlink:title="presentation: IndicadoresPessoalLineItems to KPIDespesasComPessoalNaoComputadas" order="2.0"/>
    <link:loc xlink:type="locator" xlink:href="../../../cor/ic/siconfi-cor_2020-12-31.xsd#siconfi-cor_KPIDespesaComPessoalTotal" xlink:label="KPIDespesaComPessoalTotal" xlink:title="KPIDespesaComPessoalTotal"/>
    <link:presentationArc xlink:type="arc" xlink:arcrole="http://www.xbrl.org/2003/arcrole/parent-child" xlink:from="IndicadoresPessoalLineItems" xlink:to="KPIDespesaComPessoalTotal" xlink:title="presentation: IndicadoresPessoalLineItems to KPIDespesaComPessoalTotal" order="3.0"/>
    <link:loc xlink:type="locator" xlink:href="../../../cor/ic/siconfi-cor_2020-12-31.xsd#siconfi-cor_RGFEmFocoPercentualPessoalBrutaRCL" xlink:label="RGFEmFocoPercentualPessoalBrutaRCL" xlink:title="RGFEmFocoPercentualPessoalBrutaRCL"/>
    <link:presentationArc xlink:type="arc" xlink:arcrole="http://www.xbrl.org/2003/arcrole/parent-child" xlink:from="IndicadoresPessoalLineItems" xlink:to="RGFEmFocoPercentualPessoalBrutaRCL" xlink:title="presentation: IndicadoresPessoalLineItems to RGFEmFocoPercentualPessoalBrutaRCL" order="11.0"/>
    <link:loc xlink:type="locator" xlink:href="../../../cor/ic/siconfi-cor_2020-12-31.xsd#siconfi-cor_RGFEmFocoPercentualPessoalNaoComputadasRCL" xlink:label="RGFEmFocoPercentualPessoalNaoComputadasRCL" xlink:title="RGFEmFocoPercentualPessoalNaoComputadasRCL"/>
    <link:presentationArc xlink:type="arc" xlink:arcrole="http://www.xbrl.org/2003/arcrole/parent-child" xlink:from="IndicadoresPessoalLineItems" xlink:to="RGFEmFocoPercentualPessoalNaoComputadasRCL" xlink:title="presentation: IndicadoresPessoalLineItems to RGFEmFocoPercentualPessoalNaoComputadasRCL" order="12.0"/>
    <link:loc xlink:type="locator" xlink:href="../../../cor/ic/siconfi-cor_2020-12-31.xsd#siconfi-cor_RGFEmFocoPercentualAtivoPessoalBruta" xlink:label="RGFEmFocoPercentualAtivoPessoalBruta" xlink:title="RGFEmFocoPercentualAtivoPessoalBruta"/>
    <link:presentationArc xlink:type="arc" xlink:arcrole="http://www.xbrl.org/2003/arcrole/parent-child" xlink:from="IndicadoresPessoalLineItems" xlink:to="RGFEmFocoPercentualAtivoPessoalBruta" xlink:title="presentation: IndicadoresPessoalLineItems to RGFEmFocoPercentualAtivoPessoalBruta" order="13.0"/>
    <link:loc xlink:type="locator" xlink:href="../../../cor/ic/siconfi-cor_2020-12-31.xsd#siconfi-cor_RGFEmFocoPercentualInativosPensionistasPessoalBruta" xlink:label="RGFEmFocoPercentualInativosPensionistasPessoalBruta" xlink:title="RGFEmFocoPercentualInativosPensionistasPessoalBruta"/>
    <link:presentationArc xlink:type="arc" xlink:arcrole="http://www.xbrl.org/2003/arcrole/parent-child" xlink:from="IndicadoresPessoalLineItems" xlink:to="RGFEmFocoPercentualInativosPensionistasPessoalBruta" xlink:title="presentation: IndicadoresPessoalLineItems to RGFEmFocoPercentualInativosPensionistasPessoalBruta" order="14.0"/>
    <link:loc xlink:type="locator" xlink:href="../../../cor/ic/siconfi-cor_2020-12-31.xsd#siconfi-cor_RGFEmFocoPercentualTerceirzacaoPessoalBruta" xlink:label="RGFEmFocoPercentualTerceirzacaoPessoalBruta" xlink:title="RGFEmFocoPercentualTerceirzacaoPessoalBruta"/>
    <link:presentationArc xlink:type="arc" xlink:arcrole="http://www.xbrl.org/2003/arcrole/parent-child" xlink:from="IndicadoresPessoalLineItems" xlink:to="RGFEmFocoPercentualTerceirzacaoPessoalBruta" xlink:title="presentation: IndicadoresPessoalLineItems to RGFEmFocoPercentualTerceirzacaoPessoalBruta" order="15.0"/>
    <link:loc xlink:type="locator" xlink:href="../../../cor/ic/siconfi-cor_2020-12-31.xsd#siconfi-cor_RGFEmFocoPercentualInativosPensionistasVinculadosPessoalBruta" xlink:label="RGFEmFocoPercentualInativosPensionistasVinculadosPessoalBruta" xlink:title="RGFEmFocoPercentualInativosPensionistasVinculadosPessoalBruta"/>
    <link:presentationArc xlink:type="arc" xlink:arcrole="http://www.xbrl.org/2003/arcrole/parent-child" xlink:from="IndicadoresPessoalLineItems" xlink:to="RGFEmFocoPercentualInativosPensionistasVinculadosPessoalBruta" xlink:title="presentation: IndicadoresPessoalLineItems to RGFEmFocoPercentualInativosPensionistasVinculadosPessoalBruta" order="16.0"/>
    <link:loc xlink:type="locator" xlink:href="../../../cor/ic/siconfi-cor_2020-12-31.xsd#siconfi-cor_RGFEmFocoDespesaComPessoalTotalEmMilhoes" xlink:label="RGFEmFocoDespesaComPessoalTotalEmMilhoes" xlink:title="RGFEmFocoDespesaComPessoalTotalEmMilhoes"/>
    <link:presentationArc xlink:type="arc" xlink:arcrole="http://www.xbrl.org/2003/arcrole/parent-child" xlink:from="IndicadoresPessoalLineItems" xlink:to="RGFEmFocoDespesaComPessoalTotalEmMilhoes" xlink:title="presentation: IndicadoresPessoalLineItems to RGFEmFocoDespesaComPessoalTotalEmMilhoes" order="17.0"/>
    <link:loc xlink:type="locator" xlink:href="../../../cor/ic/siconfi-cor_2020-12-31.xsd#siconfi-cor_RGFEmFocoPercentualPessoalTotal" xlink:label="RGFEmFocoPercentualPessoalTotal" xlink:title="RGFEmFocoPercentualPessoalTotal"/>
    <link:presentationArc xlink:type="arc" xlink:arcrole="http://www.xbrl.org/2003/arcrole/parent-child" xlink:from="IndicadoresPessoalLineItems" xlink:to="RGFEmFocoPercentualPessoalTotal" xlink:title="presentation: IndicadoresPessoalLineItems to RGFEmFocoPercentualPessoalTotal" order="18.0"/>
    <link:loc xlink:type="locator" xlink:href="../../../cor/ic/siconfi-cor_2020-12-31.xsd#siconfi-cor_RGFEmFocoPercentualInativosPensionistasVinculadosRCL" xlink:label="RGFEmFocoPercentualInativosPensionistasVinculadosRCL" xlink:title="RGFEmFocoPercentualInativosPensionistasVinculadosRCL"/>
    <link:presentationArc xlink:type="arc" xlink:arcrole="http://www.xbrl.org/2003/arcrole/parent-child" xlink:from="IndicadoresPessoalLineItems" xlink:to="RGFEmFocoPercentualInativosPensionistasVinculadosRCL" xlink:title="presentation: IndicadoresPessoalLineItems to RGFEmFocoPercentualInativosPensionistasVinculadosRCL" order="19.0"/>
    <link:loc xlink:type="locator" xlink:href="../../../cor/ic/siconfi-cor_2020-12-31.xsd#siconfi-cor_RGFEmFocoPercentualDespesasExerciciosAnterioresRCL" xlink:label="RGFEmFocoPercentualDespesasExerciciosAnterioresRCL" xlink:title="RGFEmFocoPercentualDespesasExerciciosAnterioresRCL"/>
    <link:presentationArc xlink:type="arc" xlink:arcrole="http://www.xbrl.org/2003/arcrole/parent-child" xlink:from="IndicadoresPessoalLineItems" xlink:to="RGFEmFocoPercentualDespesasExerciciosAnterioresRCL" xlink:title="presentation: IndicadoresPessoalLineItems to RGFEmFocoPercentualDespesasExerciciosAnterioresRCL" order="20.0"/>
    <link:loc xlink:type="locator" xlink:href="../../../cor/ic/siconfi-cor_2020-12-31.xsd#siconfi-cor_RGFEmFocoPercentualDespesasDecorrentesDecisaoJudicialRCL" xlink:label="RGFEmFocoPercentualDespesasDecorrentesDecisaoJudicialRCL" xlink:title="RGFEmFocoPercentualDespesasDecorrentesDecisaoJudicialRCL"/>
    <link:presentationArc xlink:type="arc" xlink:arcrole="http://www.xbrl.org/2003/arcrole/parent-child" xlink:from="IndicadoresPessoalLineItems" xlink:to="RGFEmFocoPercentualDespesasDecorrentesDecisaoJudicialRCL" xlink:title="presentation: IndicadoresPessoalLineItems to RGFEmFocoPercentualDespesasDecorrentesDecisaoJudicialRCL" order="21.0"/>
    <link:loc xlink:type="locator" xlink:href="../../../cor/ic/siconfi-cor_2020-12-31.xsd#siconfi-cor_RGFEmFocoPercentualIndenizacoesDemissaoIncentivosDemissaoVoluntariaRCL" xlink:label="RGFEmFocoPercentualIndenizacoesDemissaoIncentivosDemissaoVoluntariaRCL" xlink:title="RGFEmFocoPercentualIndenizacoesDemissaoIncentivosDemissaoVoluntariaRCL"/>
    <link:presentationArc xlink:type="arc" xlink:arcrole="http://www.xbrl.org/2003/arcrole/parent-child" xlink:from="IndicadoresPessoalLineItems" xlink:to="RGFEmFocoPercentualIndenizacoesDemissaoIncentivosDemissaoVoluntariaRCL" xlink:title="presentation: IndicadoresPessoalLineItems to RGFEmFocoPercentualIndenizacoesDemissaoIncentivosDemissaoVoluntariaRCL" order="22.0"/>
    <link:loc xlink:type="locator" xlink:href="siconfi-indicadores-rgf_2020-12-31.xsd#siconfi-indicadores-rgf_IndicadoresPessoalRGFTable" xlink:label="IndicadoresPessoalRGFTable" xlink:title="IndicadoresPessoalRGFTable"/>
    <link:presentationArc xlink:type="arc" xlink:arcrole="http://www.xbrl.org/2003/arcrole/parent-child" xlink:from="IndicadoresPessoalAbstract" xlink:to="IndicadoresPessoalRGFTable" xlink:title="presentation: IndicadoresPessoalAbstract to IndicadoresPessoalRGFTable" order="2.0" xbrldt:contextElement="segment" xbrldt:closed="true"/>
    <link:loc xlink:type="locator" xlink:href="../../../cor/dim/siconfi-dim_2020-12-31.xsd#siconfi-dim_ValorRealizadoPeriodoAxis" xlink:label="ValorRealizadoPeriodoAxis" xlink:title="ValorRealizadoPeriodoAxis"/>
    <link:presentationArc xlink:type="arc" xlink:arcrole="http://www.xbrl.org/2003/arcrole/parent-child" xlink:from="IndicadoresPessoalRGFTable" xlink:to="ValorRealizadoPeriodoAxis" xlink:title="presentation: IndicadoresPessoalRGFTable to ValorRealizadoPeriodoAxis" order="1.0"/>
    <link:loc xlink:type="locator" xlink:href="../../../cor/dim/siconfi-dim_2020-12-31.xsd#siconfi-dim_ApuracaoValorMember" xlink:label="ApuracaoValorMember" xlink:title="ApuracaoValorMember"/>
    <link:presentationArc xlink:type="arc" xlink:arcrole="http://www.xbrl.org/2003/arcrole/parent-child" xlink:from="ValorRealizadoPeriodoAxis" xlink:to="ApuracaoValorMember" xlink:title="presentation: ValorRealizadoPeriodoAxis to ApuracaoValorMember" order="1.0"/>
    <link:loc xlink:type="locator" xlink:href="siconfi-indicadores-rgf_2020-12-31.xsd#siconfi-indicadores-rgf_IndicadoresOperacoesDeCreditoAbstract" xlink:label="IndicadoresOperacoesDeCreditoAbstract" xlink:title="IndicadoresOperacoesDeCreditoAbstract"/>
    <link:presentationArc xlink:type="arc" xlink:arcrole="http://www.xbrl.org/2003/arcrole/parent-child" xlink:from="IndicadoresRGFAbstract" xlink:to="IndicadoresOperacoesDeCreditoAbstract" xlink:title="presentation: IndicadoresRGFAbstract to IndicadoresOperacoesDeCreditoAbstract" order="3.0"/>
    <link:loc xlink:type="locator" xlink:href="siconfi-indicadores-rgf_2020-12-31.xsd#siconfi-indicadores-rgf_IndicadoresOperacoesDeCreditoLineItems" xlink:label="IndicadoresOperacoesDeCreditoLineItems" xlink:title="IndicadoresOperacoesDeCreditoLineItems"/>
    <link:presentationArc xlink:type="arc" xlink:arcrole="http://www.xbrl.org/2003/arcrole/parent-child" xlink:from="IndicadoresOperacoesDeCreditoAbstract" xlink:to="IndicadoresOperacoesDeCreditoLineItems" xlink:title="presentation: IndicadoresOperacoesDeCreditoAbstract to IndicadoresOperacoesDeCreditoLineItems" order="1.0"/>
    <link:loc xlink:type="locator" xlink:href="../../../cor/ic/siconfi-cor_2020-12-31.xsd#siconfi-cor_RGFEmFocoPercentualOperacoesCreditoMobiliariaRCL" xlink:label="RGFEmFocoPercentualOperacoesCreditoMobiliariaRCL" xlink:title="RGFEmFocoPercentualOperacoesCreditoMobiliariaRCL"/>
    <link:presentationArc xlink:type="arc" xlink:arcrole="http://www.xbrl.org/2003/arcrole/parent-child" xlink:from="IndicadoresOperacoesDeCreditoLineItems" xlink:to="RGFEmFocoPercentualOperacoesCreditoMobiliariaRCL" xlink:title="presentation: IndicadoresOperacoesDeCreditoLineItems to RGFEmFocoPercentualOperacoesCreditoMobiliariaRCL" order="1.0"/>
    <link:loc xlink:type="locator" xlink:href="../../../cor/ic/siconfi-cor_2020-12-31.xsd#siconfi-cor_RGFEmFocoPercentualOperacoesCreditoContratualInternaRCL" xlink:label="RGFEmFocoPercentualOperacoesCreditoContratualInternaRCL" xlink:title="RGFEmFocoPercentualOperacoesCreditoContratualInternaRCL"/>
    <link:presentationArc xlink:type="arc" xlink:arcrole="http://www.xbrl.org/2003/arcrole/parent-child" xlink:from="IndicadoresOperacoesDeCreditoLineItems" xlink:to="RGFEmFocoPercentualOperacoesCreditoContratualInternaRCL" xlink:title="presentation: IndicadoresOperacoesDeCreditoLineItems to RGFEmFocoPercentualOperacoesCreditoContratualInternaRCL" order="2.0"/>
    <link:loc xlink:type="locator" xlink:href="../../../cor/ic/siconfi-cor_2020-12-31.xsd#siconfi-cor_RGFEmFocoPercentualOperacoesCreditoContratualExternaRCL" xlink:label="RGFEmFocoPercentualOperacoesCreditoContratualExternaRCL" xlink:title="RGFEmFocoPercentualOperacoesCreditoContratualExternaRCL"/>
    <link:presentationArc xlink:type="arc" xlink:arcrole="http://www.xbrl.org/2003/arcrole/parent-child" xlink:from="IndicadoresOperacoesDeCreditoLineItems" xlink:to="RGFEmFocoPercentualOperacoesCreditoContratualExternaRCL" xlink:title="presentation: IndicadoresOperacoesDeCreditoLineItems to RGFEmFocoPercentualOperacoesCreditoContratualExternaRCL" order="3.0"/>
    <link:loc xlink:type="locator" xlink:href="../../../cor/ic/siconfi-cor_2020-12-31.xsd#siconfi-cor_KPILimiteOperacoesDeCredito" xlink:label="KPILimiteOperacoesDeCredito" xlink:title="KPILimiteOperacoesDeCredito"/>
    <link:presentationArc xlink:type="arc" xlink:arcrole="http://www.xbrl.org/2003/arcrole/parent-child" xlink:from="IndicadoresOperacoesDeCreditoLineItems" xlink:to="KPILimiteOperacoesDeCredito" xlink:title="presentation: IndicadoresOperacoesDeCreditoLineItems to KPILimiteOperacoesDeCredito" order="4.0"/>
    <link:loc xlink:type="locator" xlink:href="../../../cor/ic/siconfi-cor_2020-12-31.xsd#siconfi-cor_KPILimiteAntecipacaoDeReceitaOrcamentaria" xlink:label="KPILimiteAntecipacaoDeReceitaOrcamentaria" xlink:title="KPILimiteAntecipacaoDeReceitaOrcamentaria"/>
    <link:presentationArc xlink:type="arc" xlink:arcrole="http://www.xbrl.org/2003/arcrole/parent-child" xlink:from="IndicadoresOperacoesDeCreditoLineItems" xlink:to="KPILimiteAntecipacaoDeReceitaOrcamentaria" xlink:title="presentation: IndicadoresOperacoesDeCreditoLineItems to KPILimiteAntecipacaoDeReceitaOrcamentaria" order="5.0"/>
    <link:loc xlink:type="locator" xlink:href="siconfi-indicadores-rgf_2020-12-31.xsd#siconfi-indicadores-rgf_IndicadoresOperacoesDeCreditoRGFTable" xlink:label="IndicadoresOperacoesDeCreditoRGFTable" xlink:title="IndicadoresOperacoesDeCreditoRGFTable"/>
    <link:presentationArc xlink:type="arc" xlink:arcrole="http://www.xbrl.org/2003/arcrole/parent-child" xlink:from="IndicadoresOperacoesDeCreditoAbstract" xlink:to="IndicadoresOperacoesDeCreditoRGFTable" xlink:title="presentation: IndicadoresOperacoesDeCreditoAbstract to IndicadoresOperacoesDeCreditoRGFTable" order="2.0"/>
    <link:presentationArc xlink:type="arc" xlink:arcrole="http://www.xbrl.org/2003/arcrole/parent-child" xlink:from="IndicadoresOperacoesDeCreditoRGFTable" xlink:to="ValorRealizadoPeriodoAxis" xlink:title="presentation: IndicadoresOperacoesDeCreditoRGFTable to ValorRealizadoPeriodoAxis" order="1.0"/>
    <link:loc xlink:type="locator" xlink:href="siconfi-indicadores-rgf_2020-12-31.xsd#siconfi-indicadores-rgf_IndicadoresDisponibilidadeDeCaixaAbstract" xlink:label="IndicadoresDisponibilidadeDeCaixaAbstract" xlink:title="IndicadoresDisponibilidadeDeCaixaAbstract"/>
    <link:presentationArc xlink:type="arc" xlink:arcrole="http://www.xbrl.org/2003/arcrole/parent-child" xlink:from="IndicadoresRGFAbstract" xlink:to="IndicadoresDisponibilidadeDeCaixaAbstract" xlink:title="presentation: IndicadoresRGFAbstract to IndicadoresDisponibilidadeDeCaixaAbstract" order="4.0"/>
    <link:loc xlink:type="locator" xlink:href="siconfi-indicadores-rgf_2020-12-31.xsd#siconfi-indicadores-rgf_IndicadoresDisponibilidadeDeCaixaLineItems" xlink:label="IndicadoresDisponibilidadeDeCaixaLineItems" xlink:title="IndicadoresDisponibilidadeDeCaixaLineItems"/>
    <link:presentationArc xlink:type="arc" xlink:arcrole="http://www.xbrl.org/2003/arcrole/parent-child" xlink:from="IndicadoresDisponibilidadeDeCaixaAbstract" xlink:to="IndicadoresDisponibilidadeDeCaixaLineItems" xlink:title="presentation: IndicadoresDisponibilidadeDeCaixaAbstract to IndicadoresDisponibilidadeDeCaixaLineItems" order="1.0"/>
    <link:loc xlink:type="locator" xlink:href="../../../cor/ic/siconfi-cor_2020-12-31.xsd#siconfi-cor_RGFEmFocoPercentualTotalDosRecursosVinculadosRCL" xlink:label="RGFEmFocoPercentualTotalDosRecursosVinculadosRCL" xlink:title="RGFEmFocoPercentualTotalDosRecursosVinculadosRCL"/>
    <link:presentationArc xlink:type="arc" xlink:arcrole="http://www.xbrl.org/2003/arcrole/parent-child" xlink:from="IndicadoresDisponibilidadeDeCaixaLineItems" xlink:to="RGFEmFocoPercentualTotalDosRecursosVinculadosRCL" xlink:title="presentation: IndicadoresDisponibilidadeDeCaixaLineItems to RGFEmFocoPercentualTotalDosRecursosVinculadosRCL" order="1.0"/>
    <link:loc xlink:type="locator" xlink:href="../../../cor/ic/siconfi-cor_2020-12-31.xsd#siconfi-cor_RGFEmFocoPercentualTotalDosRecursosNaoVinculadosRCL" xlink:label="RGFEmFocoPercentualTotalDosRecursosNaoVinculadosRCL" xlink:title="RGFEmFocoPercentualTotalDosRecursosNaoVinculadosRCL"/>
    <link:presentationArc xlink:type="arc" xlink:arcrole="http://www.xbrl.org/2003/arcrole/parent-child" xlink:from="IndicadoresDisponibilidadeDeCaixaLineItems" xlink:to="RGFEmFocoPercentualTotalDosRecursosNaoVinculadosRCL" xlink:title="presentation: IndicadoresDisponibilidadeDeCaixaLineItems to RGFEmFocoPercentualTotalDosRecursosNaoVinculadosRCL" order="2.0"/>
    <link:loc xlink:type="locator" xlink:href="siconfi-indicadores-rgf_2020-12-31.xsd#siconfi-indicadores-rgf_IndicadoresDeDisponibilidadeDeCaixaRGFTable" xlink:label="IndicadoresDeDisponibilidadeDeCaixaRGFTable" xlink:title="IndicadoresDeDisponibilidadeDeCaixaRGFTable"/>
    <link:presentationArc xlink:type="arc" xlink:arcrole="http://www.xbrl.org/2003/arcrole/parent-child" xlink:from="IndicadoresDisponibilidadeDeCaixaAbstract" xlink:to="IndicadoresDeDisponibilidadeDeCaixaRGFTable" xlink:title="presentation: IndicadoresDisponibilidadeDeCaixaAbstract to IndicadoresDeDisponibilidadeDeCaixaRGFTable" order="2.0"/>
    <link:presentationArc xlink:type="arc" xlink:arcrole="http://www.xbrl.org/2003/arcrole/parent-child" xlink:from="IndicadoresDeDisponibilidadeDeCaixaRGFTable" xlink:to="ValorRealizadoPeriodoAxis" xlink:title="presentation: IndicadoresDeDisponibilidadeDeCaixaRGFTable to ValorRealizadoPeriodoAxis" order="1.0"/>
  </link:presentationLink>
</link:linkbase>
