<?xml version="1.0" encoding="UTF-8"?>
<!-- Generated by Fujitsu Interstage XWand B0196 -->
<link:linkbase xmlns:xsi="http://www.w3.org/2001/XMLSchema-instance" xsi:schemaLocation="http://www.xbrl.org/2003/linkbase http://www.xbrl.org/2003/xbrl-linkbase-2003-12-31.xsd" xmlns:siconfi-rgf-anexo6uniao="http://fazenda.gov.br/siconfi/rep/rgf/anexo6uniao/siconfi-rgf-anexo6uniao_2020-12-31" xmlns:link="http://www.xbrl.org/2003/linkbase" xmlns:xbrli="http://www.xbrl.org/2003/instance" xmlns:xlink="http://www.w3.org/1999/xlink" xmlns:xbrldt="http://xbrl.org/2005/xbrldt">
  <link:roleRef roleURI="http://fazenda.gov.br/siconfi/rep/rgf/anexo6uniao/siconfi-rgf-anexo6-tabela6.5A" xlink:type="simple" xlink:href="siconfi-rgf-anexo6uniao_2020-12-31.xsd#siconfi-rgf-anexo6-tabela6.5A"/>
  <link:roleRef roleURI="http://fazenda.gov.br/siconfi/rep/rgf/anexo6uniao/siconfi-rgf-anexo6-tabela6.5B" xlink:type="simple" xlink:href="siconfi-rgf-anexo6uniao_2020-12-31.xsd#siconfi-rgf-anexo6-tabela6.5B"/>
  <link:roleRef roleURI="http://fazenda.gov.br/siconfi/rep/rgf/anexo6uniao/siconfi-rgf-anexo6-tabela6.5C" xlink:type="simple" xlink:href="siconfi-rgf-anexo6uniao_2020-12-31.xsd#siconfi-rgf-anexo6-tabela6.5C"/>
  <link:roleRef roleURI="http://fazenda.gov.br/siconfi/rep/rgf/anexo6uniao/siconfi-rgf-anexo6-tabela6.5D" xlink:type="simple" xlink:href="siconfi-rgf-anexo6uniao_2020-12-31.xsd#siconfi-rgf-anexo6-tabela6.5D"/>
  <link:roleRef roleURI="http://fazenda.gov.br/siconfi/rep/rgf/anexo6uniao/siconfi-rgf-anexo6-tabela6.5E" xlink:type="simple" xlink:href="siconfi-rgf-anexo6uniao_2020-12-31.xsd#siconfi-rgf-anexo6-tabela6.5E"/>
  <link:roleRef roleURI="http://fazenda.gov.br/siconfi/rep/rgf/anexo6uniao/siconfi-rgf-anexo6-tabela6.5F" xlink:type="simple" xlink:href="siconfi-rgf-anexo6uniao_2020-12-31.xsd#siconfi-rgf-anexo6-tabela6.5F"/>
  <link:arcroleRef arcroleURI="http://xbrl.org/int/dim/arcrole/all" xlink:type="simple" xlink:href="http://www.xbrl.org/2005/xbrldt-2005.xsd#all"/>
  <link:arcroleRef arcroleURI="http://xbrl.org/int/dim/arcrole/domain-member" xlink:type="simple" xlink:href="http://www.xbrl.org/2005/xbrldt-2005.xsd#domain-member"/>
  <link:arcroleRef arcroleURI="http://xbrl.org/int/dim/arcrole/hypercube-dimension" xlink:type="simple" xlink:href="http://www.xbrl.org/2005/xbrldt-2005.xsd#hypercube-dimension"/>
  <link:arcroleRef arcroleURI="http://xbrl.org/int/dim/arcrole/dimension-domain" xlink:type="simple" xlink:href="http://www.xbrl.org/2005/xbrldt-2005.xsd#dimension-domain"/>
  <link:arcroleRef arcroleURI="http://xbrl.org/int/dim/arcrole/notAll" xlink:type="simple" xlink:href="http://www.xbrl.org/2005/xbrldt-2005.xsd#notAll"/>
  <link:definitionLink xlink:type="extended" xlink:role="http://fazenda.gov.br/siconfi/rep/rgf/anexo6uniao/siconfi-rgf-anexo6-tabela6.5A">
    <link:loc xlink:type="locator" xlink:href="siconfi-rgf-anexo6uniao_2020-12-31.xsd#siconfi-rgf-anexo6uniao_DespesaComPessoalAbstract" xlink:label="DespesaComPessoalAbstract" xlink:title="DespesaComPessoalAbstract"/>
    <link:loc xlink:type="locator" xlink:href="siconfi-rgf-anexo6uniao_2020-12-31.xsd#siconfi-rgf-anexo6uniao_DespesaComPessoalLineItems" xlink:label="DespesaComPessoalLineItems" xlink:title="DespesaComPessoalLineItems"/>
    <link:definitionArc xlink:type="arc" xlink:arcrole="http://xbrl.org/int/dim/arcrole/domain-member" xlink:from="DespesaComPessoalAbstract" xlink:to="DespesaComPessoalLineItems" xlink:title="definition: DespesaComPessoalAbstract to DespesaComPessoalLineItems" order="1.0"/>
    <link:loc xlink:type="locator" xlink:href="../../../cor/ic/siconfi-cor_2020-12-31.xsd#siconfi-cor_RGF6DespesaTotalComPessoalDemonstrativoSimplificado" xlink:label="RGF6DespesaTotalComPessoalDemonstrativoSimplificado" xlink:title="RGF6DespesaTotalComPessoalDemonstrativoSimplificado"/>
    <link:definitionArc xlink:type="arc" xlink:arcrole="http://xbrl.org/int/dim/arcrole/domain-member" xlink:from="DespesaComPessoalLineItems" xlink:to="RGF6DespesaTotalComPessoalDemonstrativoSimplificado" xlink:title="definition: DespesaComPessoalLineItems to RGF6DespesaTotalComPessoalDemonstrativoSimplificado" order="1.0"/>
    <link:loc xlink:type="locator" xlink:href="../../../cor/ic/siconfi-cor_2020-12-31.xsd#siconfi-cor_RGF6LimiteMaximoDespesaComPessoalDemonstrativoSimplificado" xlink:label="RGF6LimiteMaximoDespesaComPessoalDemonstrativoSimplificado" xlink:title="RGF6LimiteMaximoDespesaComPessoalDemonstrativoSimplificado"/>
    <link:definitionArc xlink:type="arc" xlink:arcrole="http://xbrl.org/int/dim/arcrole/domain-member" xlink:from="DespesaComPessoalLineItems" xlink:to="RGF6LimiteMaximoDespesaComPessoalDemonstrativoSimplificado" xlink:title="definition: DespesaComPessoalLineItems to RGF6LimiteMaximoDespesaComPessoalDemonstrativoSimplificado" order="2.0"/>
    <link:loc xlink:type="locator" xlink:href="../../../cor/ic/siconfi-cor_2020-12-31.xsd#siconfi-cor_RGF6LimitePrudencialDespesaComPessoalDemonstrativoSimplificado" xlink:label="RGF6LimitePrudencialDespesaComPessoalDemonstrativoSimplificado" xlink:title="RGF6LimitePrudencialDespesaComPessoalDemonstrativoSimplificado"/>
    <link:definitionArc xlink:type="arc" xlink:arcrole="http://xbrl.org/int/dim/arcrole/domain-member" xlink:from="DespesaComPessoalLineItems" xlink:to="RGF6LimitePrudencialDespesaComPessoalDemonstrativoSimplificado" xlink:title="definition: DespesaComPessoalLineItems to RGF6LimitePrudencialDespesaComPessoalDemonstrativoSimplificado" order="3.0"/>
    <link:loc xlink:type="locator" xlink:href="../../../cor/ic/siconfi-cor_2020-12-31.xsd#siconfi-cor_LimiteDeAlertaDespesaComPessoalDemonstrativoSimplificado" xlink:label="LimiteDeAlertaDespesaComPessoalDemonstrativoSimplificado" xlink:title="LimiteDeAlertaDespesaComPessoalDemonstrativoSimplificado"/>
    <link:definitionArc xlink:type="arc" xlink:arcrole="http://xbrl.org/int/dim/arcrole/domain-member" xlink:from="DespesaComPessoalLineItems" xlink:to="LimiteDeAlertaDespesaComPessoalDemonstrativoSimplificado" xlink:title="definition: DespesaComPessoalLineItems to LimiteDeAlertaDespesaComPessoalDemonstrativoSimplificado" order="4.0"/>
    <link:loc xlink:type="locator" xlink:href="siconfi-rgf-anexo6uniao_2020-12-31.xsd#siconfi-rgf-anexo6uniao_ApuracaoPercentualSobreRCLDespesaComPessoalTable" xlink:label="ApuracaoPercentualSobreRCLDespesaComPessoalTable" xlink:title="ApuracaoPercentualSobreRCLDespesaComPessoalTable"/>
    <link:definitionArc xlink:type="arc" xlink:arcrole="http://xbrl.org/int/dim/arcrole/all" xlink:from="DespesaComPessoalAbstract" xlink:to="ApuracaoPercentualSobreRCLDespesaComPessoalTable" xlink:title="definition: DespesaComPessoalAbstract to ApuracaoPercentualSobreRCLDespesaComPessoalTable" order="2.0" xbrldt:contextElement="segment" xbrldt:closed="true"/>
    <link:loc xlink:type="locator" xlink:href="../../../cor/dim/siconfi-dim_2020-12-31.xsd#siconfi-dim_ValorRealizadoPeriodoAxis" xlink:label="ValorRealizadoPeriodoAxis" xlink:title="ValorRealizadoPeriodoAxis"/>
    <link:definitionArc xlink:type="arc" xlink:arcrole="http://xbrl.org/int/dim/arcrole/hypercube-dimension" xlink:from="ApuracaoPercentualSobreRCLDespesaComPessoalTable" xlink:to="ValorRealizadoPeriodoAxis" xlink:title="definition: ApuracaoPercentualSobreRCLDespesaComPessoalTable to ValorRealizadoPeriodoAxis" order="1.0"/>
    <link:loc xlink:type="locator" xlink:href="../../../cor/dim/siconfi-dim_2020-12-31.xsd#siconfi-dim_ApuracaoValorMember" xlink:label="ApuracaoValorMember" xlink:title="ApuracaoValorMember"/>
    <link:definitionArc xlink:type="arc" xlink:arcrole="http://xbrl.org/int/dim/arcrole/dimension-domain" xlink:from="ValorRealizadoPeriodoAxis" xlink:to="ApuracaoValorMember" xlink:title="definition: ValorRealizadoPeriodoAxis to ApuracaoValorMember" order="1.0"/>
    <link:loc xlink:type="locator" xlink:href="../../../cor/dim/siconfi-dim_2020-12-31.xsd#siconfi-dim_ApuracaoPercentualSobreARCLMember" xlink:label="ApuracaoPercentualSobreARCLMember" xlink:title="ApuracaoPercentualSobreARCLMember"/>
    <link:definitionArc xlink:type="arc" xlink:arcrole="http://xbrl.org/int/dim/arcrole/dimension-domain" xlink:from="ValorRealizadoPeriodoAxis" xlink:to="ApuracaoPercentualSobreARCLMember" xlink:title="definition: ValorRealizadoPeriodoAxis to ApuracaoPercentualSobreARCLMember" order="2.0"/>
    <link:loc xlink:type="locator" xlink:href="../../../cor/dim/siconfi-dim_2020-12-31.xsd#siconfi-dim_CoberturaInstitucionalAxis" xlink:label="CoberturaInstitucionalAxis" xlink:title="CoberturaInstitucionalAxis"/>
    <link:definitionArc xlink:type="arc" xlink:arcrole="http://xbrl.org/int/dim/arcrole/hypercube-dimension" xlink:from="ApuracaoPercentualSobreRCLDespesaComPessoalTable" xlink:to="CoberturaInstitucionalAxis" xlink:title="definition: ApuracaoPercentualSobreRCLDespesaComPessoalTable to CoberturaInstitucionalAxis" order="2.0"/>
    <link:loc xlink:type="locator" xlink:href="../../../cor/dim/siconfi-dim_2020-12-31.xsd#siconfi-dim_AmapaMember" xlink:label="AmapaMember" xlink:title="AmapaMember"/>
    <link:definitionArc xlink:type="arc" xlink:arcrole="http://xbrl.org/int/dim/arcrole/dimension-domain" xlink:from="CoberturaInstitucionalAxis" xlink:to="AmapaMember" xlink:title="definition: CoberturaInstitucionalAxis to AmapaMember" order="2.0"/>
    <link:loc xlink:type="locator" xlink:href="../../../cor/dim/siconfi-dim_2020-12-31.xsd#siconfi-dim_DistritoFederalMember" xlink:label="DistritoFederalMember" xlink:title="DistritoFederalMember"/>
    <link:definitionArc xlink:type="arc" xlink:arcrole="http://xbrl.org/int/dim/arcrole/dimension-domain" xlink:from="CoberturaInstitucionalAxis" xlink:to="DistritoFederalMember" xlink:title="definition: CoberturaInstitucionalAxis to DistritoFederalMember" order="4.0"/>
    <link:loc xlink:type="locator" xlink:href="../../../cor/dim/siconfi-dim_2020-12-31.xsd#siconfi-dim_RoraimaMember" xlink:label="RoraimaMember" xlink:title="RoraimaMember"/>
    <link:definitionArc xlink:type="arc" xlink:arcrole="http://xbrl.org/int/dim/arcrole/dimension-domain" xlink:from="CoberturaInstitucionalAxis" xlink:to="RoraimaMember" xlink:title="definition: CoberturaInstitucionalAxis to RoraimaMember" order="3.0"/>
    <link:loc xlink:type="locator" xlink:href="../../../cor/dim/siconfi-dim_2020-12-31.xsd#siconfi-dim_UniaoMember" xlink:label="UniaoMember" xlink:title="UniaoMember"/>
    <link:definitionArc xlink:type="arc" xlink:arcrole="http://xbrl.org/int/dim/arcrole/dimension-domain" xlink:from="CoberturaInstitucionalAxis" xlink:to="UniaoMember" xlink:title="definition: CoberturaInstitucionalAxis to UniaoMember" order="1.0"/>
  </link:definitionLink>
  <link:definitionLink xlink:type="extended" xlink:role="http://fazenda.gov.br/siconfi/rep/rgf/anexo6uniao/siconfi-rgf-anexo6-tabela6.5B">
    <link:loc xlink:type="locator" xlink:href="../../../cor/dim/siconfi-dim_2020-12-31.xsd#siconfi-dim_ValorRealizadoPeriodoAxis" xlink:label="ValorRealizadoPeriodoAxis" xlink:title="ValorRealizadoPeriodoAxis"/>
    <link:loc xlink:type="locator" xlink:href="../../../cor/dim/siconfi-dim_2020-12-31.xsd#siconfi-dim_ApuracaoValorMember" xlink:label="ApuracaoValorMember" xlink:title="ApuracaoValorMember"/>
    <link:definitionArc xlink:type="arc" xlink:arcrole="http://xbrl.org/int/dim/arcrole/dimension-domain" xlink:from="ValorRealizadoPeriodoAxis" xlink:to="ApuracaoValorMember" xlink:title="definition: ValorRealizadoPeriodoAxis to ApuracaoValorMember" order="1.0"/>
    <link:loc xlink:type="locator" xlink:href="../../../cor/dim/siconfi-dim_2020-12-31.xsd#siconfi-dim_ApuracaoPercentualSobreARCLMember" xlink:label="ApuracaoPercentualSobreARCLMember" xlink:title="ApuracaoPercentualSobreARCLMember"/>
    <link:definitionArc xlink:type="arc" xlink:arcrole="http://xbrl.org/int/dim/arcrole/dimension-domain" xlink:from="ValorRealizadoPeriodoAxis" xlink:to="ApuracaoPercentualSobreARCLMember" xlink:title="definition: ValorRealizadoPeriodoAxis to ApuracaoPercentualSobreARCLMember" order="2.0"/>
    <link:loc xlink:type="locator" xlink:href="siconfi-rgf-anexo6uniao_2020-12-31.xsd#siconfi-rgf-anexo6uniao_OperacoesDeCreditoAbstract" xlink:label="OperacoesDeCreditoAbstract" xlink:title="OperacoesDeCreditoAbstract"/>
    <link:loc xlink:type="locator" xlink:href="siconfi-rgf-anexo6uniao_2020-12-31.xsd#siconfi-rgf-anexo6uniao_OperacoesDeCreditoLineItems" xlink:label="OperacoesDeCreditoLineItems" xlink:title="OperacoesDeCreditoLineItems"/>
    <link:definitionArc xlink:type="arc" xlink:arcrole="http://xbrl.org/int/dim/arcrole/domain-member" xlink:from="OperacoesDeCreditoAbstract" xlink:to="OperacoesDeCreditoLineItems" xlink:title="definition: OperacoesDeCreditoAbstract to OperacoesDeCreditoLineItems" order="1.0"/>
    <link:loc xlink:type="locator" xlink:href="../../../cor/ic/siconfi-cor_2020-12-31.xsd#siconfi-cor_OperacoesDeCreditoInternasEExternasDemonstrativoSimplificado" xlink:label="OperacoesDeCreditoInternasEExternasDemonstrativoSimplificado" xlink:title="OperacoesDeCreditoInternasEExternasDemonstrativoSimplificado"/>
    <link:definitionArc xlink:type="arc" xlink:arcrole="http://xbrl.org/int/dim/arcrole/domain-member" xlink:from="OperacoesDeCreditoLineItems" xlink:to="OperacoesDeCreditoInternasEExternasDemonstrativoSimplificado" xlink:title="definition: OperacoesDeCreditoLineItems to OperacoesDeCreditoInternasEExternasDemonstrativoSimplificado" order="1.0"/>
    <link:loc xlink:type="locator" xlink:href="../../../cor/ic/siconfi-cor_2020-12-31.xsd#siconfi-cor_OperacoesDeCreditoPorAntecipacaoDaReceitaDemonstrativoSimplificado" xlink:label="OperacoesDeCreditoPorAntecipacaoDaReceitaDemonstrativoSimplificado" xlink:title="OperacoesDeCreditoPorAntecipacaoDaReceitaDemonstrativoSimplificado"/>
    <link:definitionArc xlink:type="arc" xlink:arcrole="http://xbrl.org/int/dim/arcrole/domain-member" xlink:from="OperacoesDeCreditoLineItems" xlink:to="OperacoesDeCreditoPorAntecipacaoDaReceitaDemonstrativoSimplificado" xlink:title="definition: OperacoesDeCreditoLineItems to OperacoesDeCreditoPorAntecipacaoDaReceitaDemonstrativoSimplificado" order="3.0"/>
    <link:loc xlink:type="locator" xlink:href="../../../cor/ic/siconfi-cor_2020-12-31.xsd#siconfi-cor_LimiteDefinidoPeloSenadoFederalParaOperacoesDeCreditoExternasEInternasDemonstrativoSimplificado" xlink:label="LimiteDefinidoPeloSenadoFederalParaOperacoesDeCreditoExternasEInternasDemonstrativoSimplificado" xlink:title="LimiteDefinidoPeloSenadoFederalParaOperacoesDeCreditoExternasEInternasDemonstrativoSimplificado"/>
    <link:definitionArc xlink:type="arc" xlink:arcrole="http://xbrl.org/int/dim/arcrole/domain-member" xlink:from="OperacoesDeCreditoLineItems" xlink:to="LimiteDefinidoPeloSenadoFederalParaOperacoesDeCreditoExternasEInternasDemonstrativoSimplificado" xlink:title="definition: OperacoesDeCreditoLineItems to LimiteDefinidoPeloSenadoFederalParaOperacoesDeCreditoExternasEInternasDemonstrativoSimplificado" order="2.0"/>
    <link:loc xlink:type="locator" xlink:href="../../../cor/ic/siconfi-cor_2020-12-31.xsd#siconfi-cor_LimiteDefinidoPeloSenadoFederalParaOperacoesDeCreditoPorAntecipacaoDaReceitaDemonstrativoSimplificado" xlink:label="LimiteDefinidoPeloSenadoFederalParaOperacoesDeCreditoPorAntecipacaoDaReceitaDemonstrativoSimplificado" xlink:title="LimiteDefinidoPeloSenadoFederalParaOperacoesDeCreditoPorAntecipacaoDaReceitaDemonstrativoSimplificado"/>
    <link:definitionArc xlink:type="arc" xlink:arcrole="http://xbrl.org/int/dim/arcrole/domain-member" xlink:from="OperacoesDeCreditoLineItems" xlink:to="LimiteDefinidoPeloSenadoFederalParaOperacoesDeCreditoPorAntecipacaoDaReceitaDemonstrativoSimplificado" xlink:title="definition: OperacoesDeCreditoLineItems to LimiteDefinidoPeloSenadoFederalParaOperacoesDeCreditoPorAntecipacaoDaReceitaDemonstrativoSimplificado" order="4.0"/>
    <link:loc xlink:type="locator" xlink:href="siconfi-rgf-anexo6uniao_2020-12-31.xsd#siconfi-rgf-anexo6uniao_ApuracaoPercentualSobreARCLTable" xlink:label="ApuracaoPercentualSobreARCLTable" xlink:title="ApuracaoPercentualSobreARCLTable"/>
    <link:definitionArc xlink:type="arc" xlink:arcrole="http://xbrl.org/int/dim/arcrole/all" xlink:from="OperacoesDeCreditoAbstract" xlink:to="ApuracaoPercentualSobreARCLTable" xlink:title="definition: OperacoesDeCreditoAbstract to ApuracaoPercentualSobreARCLTable" order="2.0" xbrldt:contextElement="segment" xbrldt:closed="true"/>
    <link:definitionArc xlink:type="arc" xlink:arcrole="http://xbrl.org/int/dim/arcrole/hypercube-dimension" xlink:from="ApuracaoPercentualSobreARCLTable" xlink:to="ValorRealizadoPeriodoAxis" xlink:title="definition: ApuracaoPercentualSobreARCLTable to ValorRealizadoPeriodoAxis" order="1.0"/>
  </link:definitionLink>
  <link:definitionLink xlink:type="extended" xlink:role="http://fazenda.gov.br/siconfi/rep/rgf/anexo6uniao/siconfi-rgf-anexo6-tabela6.5C">
    <link:loc xlink:type="locator" xlink:href="siconfi-rgf-anexo6uniao_2020-12-31.xsd#siconfi-rgf-anexo6uniao_ApuracaoSobreRestosAPagarAbstract" xlink:label="ApuracaoSobreRestosAPagarAbstract" xlink:title="ApuracaoSobreRestosAPagarAbstract"/>
    <link:loc xlink:type="locator" xlink:href="siconfi-rgf-anexo6uniao_2020-12-31.xsd#siconfi-rgf-anexo6uniao_ApuracaoSobreRestosAPagarLineItems" xlink:label="ApuracaoSobreRestosAPagarLineItems" xlink:title="ApuracaoSobreRestosAPagarLineItems"/>
    <link:definitionArc xlink:type="arc" xlink:arcrole="http://xbrl.org/int/dim/arcrole/domain-member" xlink:from="ApuracaoSobreRestosAPagarAbstract" xlink:to="ApuracaoSobreRestosAPagarLineItems" xlink:title="definition: ApuracaoSobreRestosAPagarAbstract to ApuracaoSobreRestosAPagarLineItems" order="1.0"/>
    <link:loc xlink:type="locator" xlink:href="../../../cor/ic/siconfi-cor_2020-12-31.xsd#siconfi-cor_ValorTotalRestosAPagarDemonstrativoSimplificado" xlink:label="ValorTotalRestosAPagarDemonstrativoSimplificado" xlink:title="ValorTotalRestosAPagarDemonstrativoSimplificado"/>
    <link:definitionArc xlink:type="arc" xlink:arcrole="http://xbrl.org/int/dim/arcrole/domain-member" xlink:from="ApuracaoSobreRestosAPagarLineItems" xlink:to="ValorTotalRestosAPagarDemonstrativoSimplificado" xlink:title="definition: ApuracaoSobreRestosAPagarLineItems to ValorTotalRestosAPagarDemonstrativoSimplificado" order="1.0"/>
    <link:loc xlink:type="locator" xlink:href="siconfi-rgf-anexo6uniao_2020-12-31.xsd#siconfi-rgf-anexo6uniao_ApuracaoSobreRestosAPagarTable" xlink:label="ApuracaoSobreRestosAPagarTable" xlink:title="ApuracaoSobreRestosAPagarTable"/>
    <link:definitionArc xlink:type="arc" xlink:arcrole="http://xbrl.org/int/dim/arcrole/all" xlink:from="ApuracaoSobreRestosAPagarAbstract" xlink:to="ApuracaoSobreRestosAPagarTable" xlink:title="definition: ApuracaoSobreRestosAPagarAbstract to ApuracaoSobreRestosAPagarTable" order="2.0" xbrldt:contextElement="segment" xbrldt:closed="true"/>
    <link:loc xlink:type="locator" xlink:href="../../../cor/dim/siconfi-dim_2020-12-31.xsd#siconfi-dim_ConfrontoDeRestosAPagarComDisponibilidadeDeCaixaAxis" xlink:label="ConfrontoDeRestosAPagarComDisponibilidadeDeCaixaAxis" xlink:title="ConfrontoDeRestosAPagarComDisponibilidadeDeCaixaAxis"/>
    <link:definitionArc xlink:type="arc" xlink:arcrole="http://xbrl.org/int/dim/arcrole/hypercube-dimension" xlink:from="ApuracaoSobreRestosAPagarTable" xlink:to="ConfrontoDeRestosAPagarComDisponibilidadeDeCaixaAxis" xlink:title="definition: ApuracaoSobreRestosAPagarTable to ConfrontoDeRestosAPagarComDisponibilidadeDeCaixaAxis" order="1.0"/>
    <link:loc xlink:type="locator" xlink:href="../../../cor/dim/siconfi-dim_2020-12-31.xsd#siconfi-dim_RestosAPagarEmpenhadosENaoLiquidadosDoExerciciosMember" xlink:label="RestosAPagarEmpenhadosENaoLiquidadosDoExerciciosMember" xlink:title="RestosAPagarEmpenhadosENaoLiquidadosDoExerciciosMember"/>
    <link:definitionArc xlink:type="arc" xlink:arcrole="http://xbrl.org/int/dim/arcrole/dimension-domain" xlink:from="ConfrontoDeRestosAPagarComDisponibilidadeDeCaixaAxis" xlink:to="RestosAPagarEmpenhadosENaoLiquidadosDoExerciciosMember" xlink:title="definition: ConfrontoDeRestosAPagarComDisponibilidadeDeCaixaAxis to RestosAPagarEmpenhadosENaoLiquidadosDoExerciciosMember" order="1.0"/>
    <link:loc xlink:type="locator" xlink:href="../../../cor/dim/siconfi-dim_2020-12-31.xsd#siconfi-dim_DisponibilidadeDeCaixaLiquidaAposInscricaoEmRPNaoProcessadosDoExercicioMember" xlink:label="DisponibilidadeDeCaixaLiquidaAposInscricaoEmRPNaoProcessadosDoExercicioMember" xlink:title="DisponibilidadeDeCaixaLiquidaAposInscricaoEmRPNaoProcessadosDoExercicioMember"/>
    <link:definitionArc xlink:type="arc" xlink:arcrole="http://xbrl.org/int/dim/arcrole/dimension-domain" xlink:from="ConfrontoDeRestosAPagarComDisponibilidadeDeCaixaAxis" xlink:to="DisponibilidadeDeCaixaLiquidaAposInscricaoEmRPNaoProcessadosDoExercicioMember" xlink:title="definition: ConfrontoDeRestosAPagarComDisponibilidadeDeCaixaAxis to DisponibilidadeDeCaixaLiquidaAposInscricaoEmRPNaoProcessadosDoExercicioMember" order="2.0"/>
  </link:definitionLink>
  <link:definitionLink xlink:type="extended" xlink:role="http://fazenda.gov.br/siconfi/rep/rgf/anexo6uniao/siconfi-rgf-anexo6-tabela6.5D">
    <link:loc xlink:type="locator" xlink:href="siconfi-rgf-anexo6uniao_2020-12-31.xsd#siconfi-rgf-anexo6uniao_ReceitaCorrenteLiquidaAbstract" xlink:label="ReceitaCorrenteLiquidaAbstract" xlink:title="ReceitaCorrenteLiquidaAbstract"/>
    <link:loc xlink:type="locator" xlink:href="siconfi-rgf-anexo6uniao_2020-12-31.xsd#siconfi-rgf-anexo6uniao_ReceitaCorrenteLiquidaLineItems" xlink:label="ReceitaCorrenteLiquidaLineItems" xlink:title="ReceitaCorrenteLiquidaLineItems"/>
    <link:definitionArc xlink:type="arc" xlink:arcrole="http://xbrl.org/int/dim/arcrole/domain-member" xlink:from="ReceitaCorrenteLiquidaAbstract" xlink:to="ReceitaCorrenteLiquidaLineItems" xlink:title="definition: ReceitaCorrenteLiquidaAbstract to ReceitaCorrenteLiquidaLineItems" order="1.0"/>
    <link:loc xlink:type="locator" xlink:href="../../../cor/ic/siconfi-cor_2020-12-31.xsd#siconfi-cor_ReceitaCorrenteLiquida" xlink:label="ReceitaCorrenteLiquida" xlink:title="ReceitaCorrenteLiquida"/>
    <link:definitionArc xlink:type="arc" xlink:arcrole="http://xbrl.org/int/dim/arcrole/domain-member" xlink:from="ReceitaCorrenteLiquidaLineItems" xlink:to="ReceitaCorrenteLiquida" xlink:title="definition: ReceitaCorrenteLiquidaLineItems to ReceitaCorrenteLiquida" order="1.0"/>
    <link:loc xlink:type="locator" xlink:href="siconfi-rgf-anexo6uniao_2020-12-31.xsd#siconfi-rgf-anexo6uniao_ReceitaCorrenteLiquidaTable" xlink:label="ReceitaCorrenteLiquidaTable" xlink:title="ReceitaCorrenteLiquidaTable"/>
    <link:definitionArc xlink:type="arc" xlink:arcrole="http://xbrl.org/int/dim/arcrole/all" xlink:from="ReceitaCorrenteLiquidaAbstract" xlink:to="ReceitaCorrenteLiquidaTable" xlink:title="definition: ReceitaCorrenteLiquidaAbstract to ReceitaCorrenteLiquidaTable" order="2.0" xbrldt:contextElement="segment" xbrldt:closed="true"/>
    <link:loc xlink:type="locator" xlink:href="../../../cor/dim/siconfi-dim_2020-12-31.xsd#siconfi-dim_ValorAteOBimestreAxis" xlink:label="ValorAteOBimestreAxis" xlink:title="ValorAteOBimestreAxis"/>
    <link:definitionArc xlink:type="arc" xlink:arcrole="http://xbrl.org/int/dim/arcrole/hypercube-dimension" xlink:from="ReceitaCorrenteLiquidaTable" xlink:to="ValorAteOBimestreAxis" xlink:title="definition: ReceitaCorrenteLiquidaTable to ValorAteOBimestreAxis" order="1.0"/>
    <link:loc xlink:type="locator" xlink:href="../../../cor/dim/siconfi-dim_2020-12-31.xsd#siconfi-dim_AteOQuadrimestreDeReferenciaMember" xlink:label="AteOQuadrimestreDeReferenciaMember" xlink:title="AteOQuadrimestreDeReferenciaMember"/>
    <link:definitionArc xlink:type="arc" xlink:arcrole="http://xbrl.org/int/dim/arcrole/dimension-domain" xlink:from="ValorAteOBimestreAxis" xlink:to="AteOQuadrimestreDeReferenciaMember" xlink:title="definition: ValorAteOBimestreAxis to AteOQuadrimestreDeReferenciaMember" order="1.0"/>
  </link:definitionLink>
  <link:definitionLink xlink:type="extended" xlink:role="http://fazenda.gov.br/siconfi/rep/rgf/anexo6uniao/siconfi-rgf-anexo6-tabela6.5E">
    <link:loc xlink:type="locator" xlink:href="siconfi-rgf-anexo6uniao_2020-12-31.xsd#siconfi-rgf-anexo6uniao_DividaConsolidadaAbstract" xlink:label="DividaConsolidadaAbstract" xlink:title="DividaConsolidadaAbstract"/>
    <link:loc xlink:type="locator" xlink:href="siconfi-rgf-anexo6uniao_2020-12-31.xsd#siconfi-rgf-anexo6uniao_DividaConsolidadaLineItems" xlink:label="DividaConsolidadaLineItems" xlink:title="DividaConsolidadaLineItems"/>
    <link:definitionArc xlink:type="arc" xlink:arcrole="http://xbrl.org/int/dim/arcrole/domain-member" xlink:from="DividaConsolidadaAbstract" xlink:to="DividaConsolidadaLineItems" xlink:title="definition: DividaConsolidadaAbstract to DividaConsolidadaLineItems" order="1.0"/>
    <link:loc xlink:type="locator" xlink:href="../../../cor/ic/siconfi-cor_2020-12-31.xsd#siconfi-cor_DividaConsolidadaLiquidaDemonstrativoSimplificado" xlink:label="DividaConsolidadaLiquidaDemonstrativoSimplificado" xlink:title="DividaConsolidadaLiquidaDemonstrativoSimplificado"/>
    <link:definitionArc xlink:type="arc" xlink:arcrole="http://xbrl.org/int/dim/arcrole/domain-member" xlink:from="DividaConsolidadaLineItems" xlink:to="DividaConsolidadaLiquidaDemonstrativoSimplificado" xlink:title="definition: DividaConsolidadaLineItems to DividaConsolidadaLiquidaDemonstrativoSimplificado" order="1.0"/>
    <link:loc xlink:type="locator" xlink:href="../../../cor/ic/siconfi-cor_2020-12-31.xsd#siconfi-cor_LimiteDefinidoPorResolucaoDoSenadoFederalDividaConsolidadaDemonstrativoSimplificado" xlink:label="LimiteDefinidoPorResolucaoDoSenadoFederalDividaConsolidadaDemonstrativoSimplificado" xlink:title="LimiteDefinidoPorResolucaoDoSenadoFederalDividaConsolidadaDemonstrativoSimplificado"/>
    <link:definitionArc xlink:type="arc" xlink:arcrole="http://xbrl.org/int/dim/arcrole/domain-member" xlink:from="DividaConsolidadaLineItems" xlink:to="LimiteDefinidoPorResolucaoDoSenadoFederalDividaConsolidadaDemonstrativoSimplificado" xlink:title="definition: DividaConsolidadaLineItems to LimiteDefinidoPorResolucaoDoSenadoFederalDividaConsolidadaDemonstrativoSimplificado" order="2.0"/>
    <link:loc xlink:type="locator" xlink:href="siconfi-rgf-anexo6uniao_2020-12-31.xsd#siconfi-rgf-anexo6uniao_ResumoDividaConsolidadaTable" xlink:label="ResumoDividaConsolidadaTable" xlink:title="ResumoDividaConsolidadaTable"/>
    <link:definitionArc xlink:type="arc" xlink:arcrole="http://xbrl.org/int/dim/arcrole/all" xlink:from="DividaConsolidadaAbstract" xlink:to="ResumoDividaConsolidadaTable" xlink:title="definition: DividaConsolidadaAbstract to ResumoDividaConsolidadaTable" order="2.0" xbrldt:contextElement="segment" xbrldt:closed="true"/>
    <link:loc xlink:type="locator" xlink:href="../../../cor/dim/siconfi-dim_2020-12-31.xsd#siconfi-dim_ComparativoSaldoDividaAxis" xlink:label="ComparativoSaldoDividaAxis" xlink:title="ComparativoSaldoDividaAxis"/>
    <link:definitionArc xlink:type="arc" xlink:arcrole="http://xbrl.org/int/dim/arcrole/hypercube-dimension" xlink:from="ResumoDividaConsolidadaTable" xlink:to="ComparativoSaldoDividaAxis" xlink:title="definition: ResumoDividaConsolidadaTable to ComparativoSaldoDividaAxis" order="1.0"/>
    <link:loc xlink:type="locator" xlink:href="../../../cor/dim/siconfi-dim_2020-12-31.xsd#siconfi-dim_ApuracaoValorMember" xlink:label="ApuracaoValorMember" xlink:title="ApuracaoValorMember"/>
    <link:definitionArc xlink:type="arc" xlink:arcrole="http://xbrl.org/int/dim/arcrole/dimension-domain" xlink:from="ComparativoSaldoDividaAxis" xlink:to="ApuracaoValorMember" xlink:title="definition: ComparativoSaldoDividaAxis to ApuracaoValorMember" order="1.0"/>
    <link:loc xlink:type="locator" xlink:href="../../../cor/dim/siconfi-dim_2020-12-31.xsd#siconfi-dim_ApuracaoPercentualSobreARCLMember" xlink:label="ApuracaoPercentualSobreARCLMember" xlink:title="ApuracaoPercentualSobreARCLMember"/>
    <link:definitionArc xlink:type="arc" xlink:arcrole="http://xbrl.org/int/dim/arcrole/dimension-domain" xlink:from="ComparativoSaldoDividaAxis" xlink:to="ApuracaoPercentualSobreARCLMember" xlink:title="definition: ComparativoSaldoDividaAxis to ApuracaoPercentualSobreARCLMember" order="2.0"/>
  </link:definitionLink>
  <link:definitionLink xlink:type="extended" xlink:role="http://fazenda.gov.br/siconfi/rep/rgf/anexo6uniao/siconfi-rgf-anexo6-tabela6.5F">
    <link:loc xlink:type="locator" xlink:href="siconfi-rgf-anexo6uniao_2020-12-31.xsd#siconfi-rgf-anexo6uniao_GarantiasDeValoresAbstract" xlink:label="GarantiasDeValoresAbstract" xlink:title="GarantiasDeValoresAbstract"/>
    <link:loc xlink:type="locator" xlink:href="siconfi-rgf-anexo6uniao_2020-12-31.xsd#siconfi-rgf-anexo6uniao_GarantiasDeValoresLineItems" xlink:label="GarantiasDeValoresLineItems" xlink:title="GarantiasDeValoresLineItems"/>
    <link:definitionArc xlink:type="arc" xlink:arcrole="http://xbrl.org/int/dim/arcrole/domain-member" xlink:from="GarantiasDeValoresAbstract" xlink:to="GarantiasDeValoresLineItems" xlink:title="definition: GarantiasDeValoresAbstract to GarantiasDeValoresLineItems" order="1.0"/>
    <link:loc xlink:type="locator" xlink:href="../../../cor/ic/siconfi-cor_2020-12-31.xsd#siconfi-cor_TotalDasGarantiasConcedidasDemonstrativoSimplificado" xlink:label="TotalDasGarantiasConcedidasDemonstrativoSimplificado" xlink:title="TotalDasGarantiasConcedidasDemonstrativoSimplificado"/>
    <link:definitionArc xlink:type="arc" xlink:arcrole="http://xbrl.org/int/dim/arcrole/domain-member" xlink:from="GarantiasDeValoresLineItems" xlink:to="TotalDasGarantiasConcedidasDemonstrativoSimplificado" xlink:title="definition: GarantiasDeValoresLineItems to TotalDasGarantiasConcedidasDemonstrativoSimplificado" order="1.0"/>
    <link:loc xlink:type="locator" xlink:href="../../../cor/ic/siconfi-cor_2020-12-31.xsd#siconfi-cor_LimiteDefinidoPorResolucaoDoSenadoFederalGarantiasDemonstrativoSimplificado" xlink:label="LimiteDefinidoPorResolucaoDoSenadoFederalGarantiasDemonstrativoSimplificado" xlink:title="LimiteDefinidoPorResolucaoDoSenadoFederalGarantiasDemonstrativoSimplificado"/>
    <link:definitionArc xlink:type="arc" xlink:arcrole="http://xbrl.org/int/dim/arcrole/domain-member" xlink:from="GarantiasDeValoresLineItems" xlink:to="LimiteDefinidoPorResolucaoDoSenadoFederalGarantiasDemonstrativoSimplificado" xlink:title="definition: GarantiasDeValoresLineItems to LimiteDefinidoPorResolucaoDoSenadoFederalGarantiasDemonstrativoSimplificado" order="2.0"/>
    <link:loc xlink:type="locator" xlink:href="siconfi-rgf-anexo6uniao_2020-12-31.xsd#siconfi-rgf-anexo6uniao_ResumoGarantiasDeValoresTable" xlink:label="ResumoGarantiasDeValoresTable" xlink:title="ResumoGarantiasDeValoresTable"/>
    <link:definitionArc xlink:type="arc" xlink:arcrole="http://xbrl.org/int/dim/arcrole/all" xlink:from="GarantiasDeValoresAbstract" xlink:to="ResumoGarantiasDeValoresTable" xlink:title="definition: GarantiasDeValoresAbstract to ResumoGarantiasDeValoresTable" order="2.0" xbrldt:contextElement="segment" xbrldt:closed="true"/>
    <link:loc xlink:type="locator" xlink:href="../../../cor/dim/siconfi-dim_2020-12-31.xsd#siconfi-dim_ComparativoSaldoGarantiaAxis" xlink:label="ComparativoSaldoGarantiaAxis" xlink:title="ComparativoSaldoGarantiaAxis"/>
    <link:definitionArc xlink:type="arc" xlink:arcrole="http://xbrl.org/int/dim/arcrole/hypercube-dimension" xlink:from="ResumoGarantiasDeValoresTable" xlink:to="ComparativoSaldoGarantiaAxis" xlink:title="definition: ResumoGarantiasDeValoresTable to ComparativoSaldoGarantiaAxis" order="1.0"/>
    <link:loc xlink:type="locator" xlink:href="../../../cor/dim/siconfi-dim_2020-12-31.xsd#siconfi-dim_ApuracaoValorMember" xlink:label="ApuracaoValorMember" xlink:title="ApuracaoValorMember"/>
    <link:definitionArc xlink:type="arc" xlink:arcrole="http://xbrl.org/int/dim/arcrole/dimension-domain" xlink:from="ComparativoSaldoGarantiaAxis" xlink:to="ApuracaoValorMember" xlink:title="definition: ComparativoSaldoGarantiaAxis to ApuracaoValorMember" order="1.0"/>
    <link:loc xlink:type="locator" xlink:href="../../../cor/dim/siconfi-dim_2020-12-31.xsd#siconfi-dim_ApuracaoPercentualSobreARCLMember" xlink:label="ApuracaoPercentualSobreARCLMember" xlink:title="ApuracaoPercentualSobreARCLMember"/>
    <link:definitionArc xlink:type="arc" xlink:arcrole="http://xbrl.org/int/dim/arcrole/dimension-domain" xlink:from="ComparativoSaldoGarantiaAxis" xlink:to="ApuracaoPercentualSobreARCLMember" xlink:title="definition: ComparativoSaldoGarantiaAxis to ApuracaoPercentualSobreARCLMember" order="2.0"/>
  </link:definitionLink>
</link:linkbase>
