<?xml version="1.0" encoding="UTF-8"?>
<!-- Generated by Fujitsu Interstage XWand B0196 -->
<link:linkbase xmlns:xsi="http://www.w3.org/2001/XMLSchema-instance" xsi:schemaLocation="http://www.xbrl.org/2003/linkbase http://www.xbrl.org/2003/xbrl-linkbase-2003-12-31.xsd http://xbrl.org/2008/generic http://www.xbrl.org/2008/generic-link.xsd http://xbrl.org/2008/formula http://www.xbrl.org/2008/formula.xsd http://xbrl.org/2008/label http://www.xbrl.org/2008/generic-label.xsd http://xbrl.org/2008/reference http://www.xbrl.org/2008/generic-reference.xsd http://xbrl.org/2008/assertion/consistency http://www.xbrl.org/2008/consistency-assertion.xsd http://xbrl.org/2008/assertion/existence http://www.xbrl.org/2008/existence-assertion.xsd http://xbrl.org/2008/assertion/value http://www.xbrl.org/2008/value-assertion.xsd http://xbrl.org/2008/filter/dimension http://www.xbrl.org/2008/dimension-filter.xsd" xmlns:link="http://www.xbrl.org/2003/linkbase" xmlns:gen="http://xbrl.org/2008/generic" xmlns:va="http://xbrl.org/2008/assertion/value" xmlns:xfi="http://www.xbrl.org/2008/function/instance" xmlns:ca="http://xbrl.org/2008/assertion/consistency" xmlns:variable="http://xbrl.org/2008/variable" xmlns:label="http://xbrl.org/2008/label" xmlns:df="http://xbrl.org/2008/filter/dimension" xmlns:ea="http://xbrl.org/2008/assertion/existence" xmlns:siconfi-dim="http://fazenda.gov.br/siconfi/cor/dim/siconfi-dim_2020-12-31" xmlns:fn="http://www.w3.org/2005/xpath-functions" xmlns:xs="http://www.w3.org/2001/XMLSchema" xmlns:validation="http://xbrl.org/2008/validation" xmlns:formula="http://xbrl.org/2008/formula" xmlns:xlink="http://www.w3.org/1999/xlink">
  <link:roleRef roleURI="http://www.xbrl.org/2008/role/link" xlink:type="simple" xlink:href="http://www.xbrl.org/2008/generic-link.xsd#standard-link-role"/>
  <gen:link xlink:type="extended" xlink:role="http://www.xbrl.org/2008/role/link">
    <df:explicitDimension xlink:type="resource" xlink:label="explicitDimension" xlink:title="explicitDimension" id="explicitDimension">
      <df:dimension>
        <df:qname>siconfi-dim:ValorRealizadoPeriodoAxis</df:qname>
      </df:dimension>
      <df:member>
        <df:qname>siconfi-dim:ValorMember</df:qname>
      </df:member>
    </df:explicitDimension>
    <df:explicitDimension xlink:type="resource" xlink:label="explicitDimension_2" xlink:title="explicitDimension_2" id="explicitDimension_2">
      <df:dimension>
        <df:qname>siconfi-dim:ConfrontoDeRestosAPagarComDisponibilidadeDeCaixaAxis</df:qname>
      </df:dimension>
      <df:member>
        <df:qname>siconfi-dim:RestosAPagarEmpenhadosENaoLiquidadosDoExerciciosMember</df:qname>
      </df:member>
    </df:explicitDimension>
    <df:explicitDimension xlink:type="resource" xlink:label="explicitDimension_3" xlink:title="explicitDimension_3" id="explicitDimension_3">
      <df:dimension>
        <df:qname>siconfi-dim:ValorRealizadoPeriodoAxis</df:qname>
      </df:dimension>
      <df:member>
        <df:qname>siconfi-dim:ApuracaoPercentualSobreARCLMember</df:qname>
      </df:member>
    </df:explicitDimension>
  </gen:link>
</link:linkbase>
