<?xml version="1.0" encoding="UTF-8"?>
<!-- Generated by Fujitsu Interstage XWand B0196 -->
<link:linkbase xmlns:xsi="http://www.w3.org/2001/XMLSchema-instance" xsi:schemaLocation="http://www.xbrl.org/2003/linkbase http://www.xbrl.org/2003/xbrl-linkbase-2003-12-31.xsd" xmlns:link="http://www.xbrl.org/2003/linkbase" xmlns:xlink="http://www.w3.org/1999/xlink" xmlns:xbrli="http://www.xbrl.org/2003/instance">
  <link:roleRef roleURI="http://fazenda.gov.br/siconfi/rep/rgf/anexo6mpu/siconfi-rgf-anexo6mpu-tabela6.3" xlink:type="simple" xlink:href="siconfi-rgf-anexo6mpu_2020-12-31.xsd#siconfi-rgf-anexo6mpu-tabela6.3"/>
  <link:labelLink xlink:type="extended" xlink:role="http://www.xbrl.org/2003/role/link">
    <link:loc xlink:type="locator" xlink:href="siconfi-rgf-anexo6mpu_2020-12-31.xsd#siconfi-rgf-anexo6mpu_ResumoDividaConsolidadaTable" xlink:label="ResumoDividaConsolidadaTable" xlink:title="ResumoDividaConsolidadaTable"/>
    <link:label xlink:type="resource" xlink:label="label_ResumoDividaConsolidadaTable" xlink:role="http://www.xbrl.org/2003/role/label" xlink:title="label_ResumoDividaConsolidadaTable" xml:lang="pt-br" id="label_ResumoDividaConsolidadaTable">Resumo Dívida Consolidada [table]</link:label>
    <link:labelArc xlink:type="arc" xlink:arcrole="http://www.xbrl.org/2003/arcrole/concept-label" xlink:from="ResumoDividaConsolidadaTable" xlink:to="label_ResumoDividaConsolidadaTable" xlink:title="label: ResumoDividaConsolidadaTable to label_ResumoDividaConsolidadaTable"/>
    <link:loc xlink:type="locator" xlink:href="siconfi-rgf-anexo6mpu_2020-12-31.xsd#siconfi-rgf-anexo6mpu_ResumoGarantiasDeValoresTable" xlink:label="ResumoGarantiasDeValoresTable" xlink:title="ResumoGarantiasDeValoresTable"/>
    <link:label xlink:type="resource" xlink:label="label_ResumoGarantiasDeValoresTable" xlink:role="http://www.xbrl.org/2003/role/label" xlink:title="label_ResumoGarantiasDeValoresTable" xml:lang="pt-br" id="label_ResumoGarantiasDeValoresTable">Resumo Garantias de Valores [table]</link:label>
    <link:labelArc xlink:type="arc" xlink:arcrole="http://www.xbrl.org/2003/arcrole/concept-label" xlink:from="ResumoGarantiasDeValoresTable" xlink:to="label_ResumoGarantiasDeValoresTable" xlink:title="label: ResumoGarantiasDeValoresTable to label_ResumoGarantiasDeValoresTable"/>
    <link:loc xlink:type="locator" xlink:href="siconfi-rgf-anexo6mpu_2020-12-31.xsd#siconfi-rgf-anexo6mpu_ResumoOperacoesDeCreditoTable" xlink:label="ResumoOperacoesDeCreditoTable" xlink:title="ResumoOperacoesDeCreditoTable"/>
    <link:label xlink:type="resource" xlink:label="label_ResumoOperacoesDeCreditoTable" xlink:role="http://www.xbrl.org/2003/role/label" xlink:title="label_ResumoOperacoesDeCreditoTable" xml:lang="pt-br" id="label_ResumoOperacoesDeCreditoTable">Resumo Operações de Crédito [table]</link:label>
    <link:labelArc xlink:type="arc" xlink:arcrole="http://www.xbrl.org/2003/arcrole/concept-label" xlink:from="ResumoOperacoesDeCreditoTable" xlink:to="label_ResumoOperacoesDeCreditoTable" xlink:title="label: ResumoOperacoesDeCreditoTable to label_ResumoOperacoesDeCreditoTable"/>
  </link:labelLink>
  <link:labelLink xlink:type="extended" xlink:role="http://fazenda.gov.br/siconfi/rep/rgf/anexo6mpu/siconfi-rgf-anexo6mpu-tabela6.3">
    <link:loc xlink:type="locator" xlink:href="../../../cor/dim/siconfi-dim_2020-12-31.xsd#siconfi-dim_ApuracaoOperacoesDeCreditoAxis" xlink:label="ApuracaoOperacoesDeCreditoAxis" xlink:title="ApuracaoOperacoesDeCreditoAxis"/>
    <link:label xlink:type="resource" xlink:label="label_ApuracaoOperacoesDeCreditoAxis" xlink:role="http://www.xbrl.org/2003/role/label" xlink:title="label_ApuracaoOperacoesDeCreditoAxis" xml:lang="pt-br" id="label_ApuracaoOperacoesDeCreditoAxis">Apuração das Operações de Crédito [axis]</link:label>
    <link:labelArc xlink:type="arc" xlink:arcrole="http://www.xbrl.org/2003/arcrole/concept-label" xlink:from="ApuracaoOperacoesDeCreditoAxis" xlink:to="label_ApuracaoOperacoesDeCreditoAxis" xlink:title="label: ApuracaoOperacoesDeCreditoAxis to label_ApuracaoOperacoesDeCreditoAxis"/>
    <link:loc xlink:type="locator" xlink:href="../../../cor/dim/siconfi-dim_2020-12-31.xsd#siconfi-dim_CoberturaInstitucionalAxis" xlink:label="CoberturaInstitucionalAxis" xlink:title="CoberturaInstitucionalAxis"/>
    <link:label xlink:type="resource" xlink:label="label_CoberturaInstitucionalAxis" xlink:role="http://www.xbrl.org/2003/role/label" xlink:title="label_CoberturaInstitucionalAxis" xml:lang="pt-br" id="label_CoberturaInstitucionalAxis">Cobertura Institucional [axis][orientacao=externa]</link:label>
    <link:labelArc xlink:type="arc" xlink:arcrole="http://www.xbrl.org/2003/arcrole/concept-label" xlink:from="CoberturaInstitucionalAxis" xlink:to="label_CoberturaInstitucionalAxis" xlink:title="label: CoberturaInstitucionalAxis to label_CoberturaInstitucionalAxis"/>
    <link:loc xlink:type="locator" xlink:href="../../../cor/dim/siconfi-dim_2020-12-31.xsd#siconfi-dim_ComparativoSaldoDividaAxis" xlink:label="ComparativoSaldoDividaAxis" xlink:title="ComparativoSaldoDividaAxis"/>
    <link:label xlink:type="resource" xlink:label="label_ComparativoSaldoDividaAxis" xlink:role="http://www.xbrl.org/2003/role/label" xlink:title="label_ComparativoSaldoDividaAxis" xml:lang="pt-br" id="label_ComparativoSaldoDividaAxis">Comparativo do Saldo da Dívida [axis]</link:label>
    <link:labelArc xlink:type="arc" xlink:arcrole="http://www.xbrl.org/2003/arcrole/concept-label" xlink:from="ComparativoSaldoDividaAxis" xlink:to="label_ComparativoSaldoDividaAxis" xlink:title="label: ComparativoSaldoDividaAxis to label_ComparativoSaldoDividaAxis"/>
    <link:loc xlink:type="locator" xlink:href="../../../cor/dim/siconfi-dim_2020-12-31.xsd#siconfi-dim_ComparativoSaldoGarantiaAxis" xlink:label="ComparativoSaldoGarantiaAxis" xlink:title="ComparativoSaldoGarantiaAxis"/>
    <link:label xlink:type="resource" xlink:label="label_ComparativoSaldoGarantiaAxis" xlink:role="http://www.xbrl.org/2003/role/label" xlink:title="label_ComparativoSaldoGarantiaAxis" xml:lang="pt-br" id="label_ComparativoSaldoGarantiaAxis">Comparativo do Saldo de Garantia [axis]</link:label>
    <link:labelArc xlink:type="arc" xlink:arcrole="http://www.xbrl.org/2003/arcrole/concept-label" xlink:from="ComparativoSaldoGarantiaAxis" xlink:to="label_ComparativoSaldoGarantiaAxis" xlink:title="label: ComparativoSaldoGarantiaAxis to label_ComparativoSaldoGarantiaAxis"/>
    <link:loc xlink:type="locator" xlink:href="../../../cor/dim/siconfi-dim_2020-12-31.xsd#siconfi-dim_ConfrontoDeRestosAPagarComDisponibilidadeDeCaixaAxis" xlink:label="ConfrontoDeRestosAPagarComDisponibilidadeDeCaixaAxis" xlink:title="ConfrontoDeRestosAPagarComDisponibilidadeDeCaixaAxis"/>
    <link:label xlink:type="resource" xlink:label="label_ConfrontoDeRestosAPagarComDisponibilidadeDeCaixaAxis" xlink:role="http://www.xbrl.org/2003/role/label" xlink:title="label_ConfrontoDeRestosAPagarComDisponibilidadeDeCaixaAxis" xml:lang="pt-br" id="label_ConfrontoDeRestosAPagarComDisponibilidadeDeCaixaAxis">Restos a Pagar e Disponibilidade de Caixa [axis][orientacao=horizontal]</link:label>
    <link:labelArc xlink:type="arc" xlink:arcrole="http://www.xbrl.org/2003/arcrole/concept-label" xlink:from="ConfrontoDeRestosAPagarComDisponibilidadeDeCaixaAxis" xlink:to="label_ConfrontoDeRestosAPagarComDisponibilidadeDeCaixaAxis" xlink:title="label: ConfrontoDeRestosAPagarComDisponibilidadeDeCaixaAxis to label_ConfrontoDeRestosAPagarComDisponibilidadeDeCaixaAxis"/>
    <link:loc xlink:type="locator" xlink:href="../../../cor/dim/siconfi-dim_2020-12-31.xsd#siconfi-dim_ValorRealizadoPeriodoAxis" xlink:label="ValorRealizadoPeriodoAxis" xlink:title="ValorRealizadoPeriodoAxis"/>
    <link:label xlink:type="resource" xlink:label="label_ValorRealizadoPeriodoAxis" xlink:role="http://www.xbrl.org/2003/role/label" xlink:title="label_ValorRealizadoPeriodoAxis" xml:lang="pt-br" id="label_ValorRealizadoPeriodoAxis">Valor Realizado no Período [axis][orientacao=horizontal]</link:label>
    <link:labelArc xlink:type="arc" xlink:arcrole="http://www.xbrl.org/2003/arcrole/concept-label" xlink:from="ValorRealizadoPeriodoAxis" xlink:to="label_ValorRealizadoPeriodoAxis" xlink:title="label: ValorRealizadoPeriodoAxis to label_ValorRealizadoPeriodoAxis"/>
    <link:loc xlink:type="locator" xlink:href="../../../cor/dim/siconfi-dim_2020-12-31.xsd#siconfi-dim_ApuracaoPercentualSobreARCLMember" xlink:label="ApuracaoPercentualSobreARCLMember" xlink:title="ApuracaoPercentualSobreARCLMember"/>
    <link:label xlink:type="resource" xlink:label="label_ApuracaoPercentualSobreARCLMember" xlink:role="http://www.xbrl.org/2003/role/label" xlink:title="label_ApuracaoPercentualSobreARCLMember" xml:lang="pt-br" id="label_ApuracaoPercentualSobreARCLMember">% SOBRE A RCL [member]</link:label>
    <link:labelArc xlink:type="arc" xlink:arcrole="http://www.xbrl.org/2003/arcrole/concept-label" xlink:from="ApuracaoPercentualSobreARCLMember" xlink:to="label_ApuracaoPercentualSobreARCLMember" xlink:title="label: ApuracaoPercentualSobreARCLMember to label_ApuracaoPercentualSobreARCLMember"/>
    <link:loc xlink:type="locator" xlink:href="../../../cor/dim/siconfi-dim_2020-12-31.xsd#siconfi-dim_AteOQuadrimestreDeReferenciaMember" xlink:label="AteOQuadrimestreDeReferenciaMember" xlink:title="AteOQuadrimestreDeReferenciaMember"/>
    <link:label xlink:type="resource" xlink:label="label_AteOQuadrimestreDeReferenciaMember" xlink:role="http://www.xbrl.org/2003/role/label" xlink:title="label_AteOQuadrimestreDeReferenciaMember" xml:lang="pt-br" id="label_AteOQuadrimestreDeReferenciaMember">Valor Até o Quadrimestre [member]</link:label>
    <link:labelArc xlink:type="arc" xlink:arcrole="http://www.xbrl.org/2003/arcrole/concept-label" xlink:from="AteOQuadrimestreDeReferenciaMember" xlink:to="label_AteOQuadrimestreDeReferenciaMember" xlink:title="label: AteOQuadrimestreDeReferenciaMember to label_AteOQuadrimestreDeReferenciaMember"/>
    <link:loc xlink:type="locator" xlink:href="../../../cor/dim/siconfi-dim_2020-12-31.xsd#siconfi-dim_DisponibilidadeDeCaixaLiquidaMember" xlink:label="DisponibilidadeDeCaixaLiquidaMember" xlink:title="DisponibilidadeDeCaixaLiquidaMember"/>
    <link:label xlink:type="resource" xlink:label="label_DisponibilidadeDeCaixaLiquidaMember" xlink:role="http://www.xbrl.org/2003/role/label" xlink:title="label_DisponibilidadeDeCaixaLiquidaMember" xml:lang="pt-br" id="label_DisponibilidadeDeCaixaLiquidaMember">DISPONIBILIDADE DE CAIXA LÍQUIDA (ANTES DA INSCRIÇÃO EM RESTOS A PAGAR NÃO PROCESSADOS DO EXERCÍCIO)  [member]</link:label>
    <link:labelArc xlink:type="arc" xlink:arcrole="http://www.xbrl.org/2003/arcrole/concept-label" xlink:from="DisponibilidadeDeCaixaLiquidaMember" xlink:to="label_DisponibilidadeDeCaixaLiquidaMember" xlink:title="label: DisponibilidadeDeCaixaLiquidaMember to label_DisponibilidadeDeCaixaLiquidaMember"/>
    <link:loc xlink:type="locator" xlink:href="../../../cor/dim/siconfi-dim_2020-12-31.xsd#siconfi-dim_MinisterioPublicoDaUniaoMember" xlink:label="MinisterioPublicoDaUniaoMember" xlink:title="MinisterioPublicoDaUniaoMember"/>
    <link:label xlink:type="resource" xlink:label="label_MinisterioPublicoDaUniaoMember" xlink:role="http://www.xbrl.org/2003/role/label" xlink:title="label_MinisterioPublicoDaUniaoMember" xml:lang="pt-br" id="label_MinisterioPublicoDaUniaoMember">Ministério Público da União [member]</link:label>
    <link:labelArc xlink:type="arc" xlink:arcrole="http://www.xbrl.org/2003/arcrole/concept-label" xlink:from="MinisterioPublicoDaUniaoMember" xlink:to="label_MinisterioPublicoDaUniaoMember" xlink:title="label: MinisterioPublicoDaUniaoMember to label_MinisterioPublicoDaUniaoMember"/>
    <link:loc xlink:type="locator" xlink:href="../../../cor/dim/siconfi-dim_2020-12-31.xsd#siconfi-dim_MinisterioPublicoDoDistritoFederalETerritoriosMember" xlink:label="MinisterioPublicoDoDistritoFederalETerritoriosMember" xlink:title="MinisterioPublicoDoDistritoFederalETerritoriosMember"/>
    <link:label xlink:type="resource" xlink:label="label_MinisterioPublicoDoDistritoFederalETerritoriosMember" xlink:role="http://www.xbrl.org/2003/role/label" xlink:title="label_MinisterioPublicoDoDistritoFederalETerritoriosMember" xml:lang="pt-br" id="label_MinisterioPublicoDoDistritoFederalETerritoriosMember">Ministério Público do Distrito Federal e Territórios [member]</link:label>
    <link:labelArc xlink:type="arc" xlink:arcrole="http://www.xbrl.org/2003/arcrole/concept-label" xlink:from="MinisterioPublicoDoDistritoFederalETerritoriosMember" xlink:to="label_MinisterioPublicoDoDistritoFederalETerritoriosMember" xlink:title="label: MinisterioPublicoDoDistritoFederalETerritoriosMember to label_MinisterioPublicoDoDistritoFederalETerritoriosMember"/>
    <link:loc xlink:type="locator" xlink:href="../../../cor/dim/siconfi-dim_2020-12-31.xsd#siconfi-dim_RestosAPagarEmpenhadosENaoLiquidadosDoExerciciosMember" xlink:label="RestosAPagarEmpenhadosENaoLiquidadosDoExerciciosMember" xlink:title="RestosAPagarEmpenhadosENaoLiquidadosDoExerciciosMember"/>
    <link:label xlink:type="resource" xlink:label="label_RestosAPagarEmpenhadosENaoLiquidadosDoExerciciosMember" xlink:role="http://www.xbrl.org/2003/role/label" xlink:title="label_RestosAPagarEmpenhadosENaoLiquidadosDoExerciciosMember" xml:lang="pt-br" id="label_RestosAPagarEmpenhadosENaoLiquidadosDoExerciciosMember">RESTOS A PAGAR EMPENHADOS E NÃO LIQUIDADOS DO EXERCÍCIO [member]</link:label>
    <link:labelArc xlink:type="arc" xlink:arcrole="http://www.xbrl.org/2003/arcrole/concept-label" xlink:from="RestosAPagarEmpenhadosENaoLiquidadosDoExerciciosMember" xlink:to="label_RestosAPagarEmpenhadosENaoLiquidadosDoExerciciosMember" xlink:title="label: RestosAPagarEmpenhadosENaoLiquidadosDoExerciciosMember to label_RestosAPagarEmpenhadosENaoLiquidadosDoExerciciosMember"/>
    <link:loc xlink:type="locator" xlink:href="../../../cor/dim/siconfi-dim_2020-12-31.xsd#siconfi-dim_SaldoExercicioAtePrimeiroQuadrimestreMember" xlink:label="SaldoExercicioAtePrimeiroQuadrimestreMember" xlink:title="SaldoExercicioAtePrimeiroQuadrimestreMember"/>
    <link:label xlink:type="resource" xlink:label="label_SaldoExercicioAtePrimeiroQuadrimestreMember" xlink:role="http://www.xbrl.org/2003/role/label" xlink:title="label_SaldoExercicioAtePrimeiroQuadrimestreMember" xml:lang="pt-br" id="label_SaldoExercicioAtePrimeiroQuadrimestreMember">Até o Primeiro Quadrimestre [member]</link:label>
    <link:labelArc xlink:type="arc" xlink:arcrole="http://www.xbrl.org/2003/arcrole/concept-label" xlink:from="SaldoExercicioAtePrimeiroQuadrimestreMember" xlink:to="label_SaldoExercicioAtePrimeiroQuadrimestreMember" xlink:title="label: SaldoExercicioAtePrimeiroQuadrimestreMember to label_SaldoExercicioAtePrimeiroQuadrimestreMember"/>
    <link:loc xlink:type="locator" xlink:href="../../../cor/dim/siconfi-dim_2020-12-31.xsd#siconfi-dim_SaldoExercicioAteSegundoQuadrimestreMember" xlink:label="SaldoExercicioAteSegundoQuadrimestreMember" xlink:title="SaldoExercicioAteSegundoQuadrimestreMember"/>
    <link:label xlink:type="resource" xlink:label="label_SaldoExercicioAteSegundoQuadrimestreMember" xlink:role="http://www.xbrl.org/2003/role/label" xlink:title="label_SaldoExercicioAteSegundoQuadrimestreMember" xml:lang="pt-br" id="label_SaldoExercicioAteSegundoQuadrimestreMember">Até o Segundo Quadrimestre [member]</link:label>
    <link:labelArc xlink:type="arc" xlink:arcrole="http://www.xbrl.org/2003/arcrole/concept-label" xlink:from="SaldoExercicioAteSegundoQuadrimestreMember" xlink:to="label_SaldoExercicioAteSegundoQuadrimestreMember" xlink:title="label: SaldoExercicioAteSegundoQuadrimestreMember to label_SaldoExercicioAteSegundoQuadrimestreMember"/>
    <link:loc xlink:type="locator" xlink:href="../../../cor/dim/siconfi-dim_2020-12-31.xsd#siconfi-dim_SaldoExercicioAteTerceiroQuadrimestreMember" xlink:label="SaldoExercicioAteTerceiroQuadrimestreMember" xlink:title="SaldoExercicioAteTerceiroQuadrimestreMember"/>
    <link:label xlink:type="resource" xlink:label="label_SaldoExercicioAteTerceiroQuadrimestreMember" xlink:role="http://www.xbrl.org/2003/role/label" xlink:title="label_SaldoExercicioAteTerceiroQuadrimestreMember" xml:lang="pt-br" id="label_SaldoExercicioAteTerceiroQuadrimestreMember">Até o Terceiro Quadrimestre [member]</link:label>
    <link:labelArc xlink:type="arc" xlink:arcrole="http://www.xbrl.org/2003/arcrole/concept-label" xlink:from="SaldoExercicioAteTerceiroQuadrimestreMember" xlink:to="label_SaldoExercicioAteTerceiroQuadrimestreMember" xlink:title="label: SaldoExercicioAteTerceiroQuadrimestreMember to label_SaldoExercicioAteTerceiroQuadrimestreMember"/>
    <link:loc xlink:type="locator" xlink:href="../../../cor/dim/siconfi-dim_2020-12-31.xsd#siconfi-dim_SaldoMember" xlink:label="SaldoMember" xlink:title="SaldoMember"/>
    <link:label xlink:type="resource" xlink:label="label_SaldoMember" xlink:role="http://www.xbrl.org/2003/role/label" xlink:title="label_SaldoMember" xml:lang="pt-br" id="label_SaldoMember">SALDO DO EXERCÍCIO DE 2020 [member]</link:label>
    <link:labelArc xlink:type="arc" xlink:arcrole="http://www.xbrl.org/2003/arcrole/concept-label" xlink:from="SaldoMember" xlink:to="label_SaldoMember" xlink:title="label: SaldoMember to label_SaldoMember"/>
    <link:loc xlink:type="locator" xlink:href="../../../cor/dim/siconfi-dim_2020-12-31.xsd#siconfi-dim_ValorApuradoAteOBimestreEnsinoMember" xlink:label="ValorApuradoAteOBimestreEnsinoMember" xlink:title="ValorApuradoAteOBimestreEnsinoMember"/>
    <link:label xlink:type="resource" xlink:label="label_ValorApuradoAteOBimestreEnsinoMember" xlink:role="http://www.xbrl.org/2003/role/label" xlink:title="label_ValorApuradoAteOBimestreEnsinoMember" xml:lang="pt-br" id="label_ValorApuradoAteOBimestreEnsinoMember">VALOR ATÉ O QUADRIMESTRE [member]</link:label>
    <link:labelArc xlink:type="arc" xlink:arcrole="http://www.xbrl.org/2003/arcrole/concept-label" xlink:from="ValorApuradoAteOBimestreEnsinoMember" xlink:to="label_ValorApuradoAteOBimestreEnsinoMember" xlink:title="label: ValorApuradoAteOBimestreEnsinoMember to label_ValorApuradoAteOBimestreEnsinoMember"/>
    <link:loc xlink:type="locator" xlink:href="../../../cor/dim/siconfi-dim_2020-12-31.xsd#siconfi-dim_ValorMember" xlink:label="ValorMember" xlink:title="ValorMember"/>
    <link:label xlink:type="resource" xlink:label="label_ValorMember" xlink:role="http://www.xbrl.org/2003/role/label" xlink:title="label_ValorMember" xml:lang="pt-br" id="label_ValorMember">VALOR [member]</link:label>
    <link:labelArc xlink:type="arc" xlink:arcrole="http://www.xbrl.org/2003/arcrole/concept-label" xlink:from="ValorMember" xlink:to="label_ValorMember" xlink:title="label: ValorMember to label_ValorMember"/>
    <link:loc xlink:type="locator" xlink:href="../../../cor/dim/siconfi-dim_2020-12-31.xsd#siconfi-dim_ValorAteOBimestreAxis" xlink:label="ValorAteOBimestreAxis" xlink:title="ValorAteOBimestreAxis"/>
    <link:label xlink:type="resource" xlink:label="label_ValorAteOBimestreAxis" xlink:role="http://www.xbrl.org/2003/role/label" xlink:title="label_ValorAteOBimestreAxis" xml:lang="pt-br" id="label_ValorAteOBimestreAxis">Valor Até o Quadrimestre [axis][orientacao=horizontal]</link:label>
    <link:labelArc xlink:type="arc" xlink:arcrole="http://www.xbrl.org/2003/arcrole/concept-label" xlink:from="ValorAteOBimestreAxis" xlink:to="label_ValorAteOBimestreAxis" xlink:title="label: ValorAteOBimestreAxis to label_ValorAteOBimestreAxis"/>
    <link:loc xlink:type="locator" xlink:href="../../../cor/dim/siconfi-dim_2020-12-31.xsd#siconfi-dim_DisponibilidadeDeCaixaLiquidaAposInscricaoEmRPNaoProcessadosDoExercicioMember" xlink:label="DisponibilidadeDeCaixaLiquidaAposInscricaoEmRPNaoProcessadosDoExercicioMember" xlink:title="DisponibilidadeDeCaixaLiquidaAposInscricaoEmRPNaoProcessadosDoExercicioMember"/>
    <link:label xlink:type="resource" xlink:label="label_DisponibilidadeDeCaixaLiquidaAposInscricaoEmRPNaoProcessadosDoExercicioMember" xlink:role="http://www.xbrl.org/2003/role/label" xlink:title="label_DisponibilidadeDeCaixaLiquidaAposInscricaoEmRPNaoProcessadosDoExercicioMember" xml:lang="pt-br" id="label_DisponibilidadeDeCaixaLiquidaAposInscricaoEmRPNaoProcessadosDoExercicioMember">DISPONIBILIDADE DE CAIXA LÍQUIDA (APÓS A INSCRIÇÃO EM RESTOS A PAGAR NÃO PROCESSADOS DO EXERCÍCIO)</link:label>
    <link:labelArc xlink:type="arc" xlink:arcrole="http://www.xbrl.org/2003/arcrole/concept-label" xlink:from="DisponibilidadeDeCaixaLiquidaAposInscricaoEmRPNaoProcessadosDoExercicioMember" xlink:to="label_DisponibilidadeDeCaixaLiquidaAposInscricaoEmRPNaoProcessadosDoExercicioMember" xlink:title="label: DisponibilidadeDeCaixaLiquidaAposInscricaoEmRPNaoProcessadosDoExercicioMember to label_DisponibilidadeDeCaixaLiquidaAposInscricaoEmRPNaoProcessadosDoExercicioMember"/>
    <link:loc xlink:type="locator" xlink:href="../../../cor/ic/siconfi-cor_2020-12-31.xsd#siconfi-cor_DividaConsolidadaLiquidaDemonstrativoSimplificado" xlink:label="DividaConsolidadaLiquidaDemonstrativoSimplificado" xlink:title="DividaConsolidadaLiquidaDemonstrativoSimplificado"/>
    <link:label xlink:type="resource" xlink:label="label_DividaConsolidadaLiquidaDemonstrativoSimplificado" xlink:role="http://www.xbrl.org/2003/role/label" xlink:title="label_DividaConsolidadaLiquidaDemonstrativoSimplificado" xml:lang="pt-br" id="label_DividaConsolidadaLiquidaDemonstrativoSimplificado">Dívida Consolidada Líquida</link:label>
    <link:labelArc xlink:type="arc" xlink:arcrole="http://www.xbrl.org/2003/arcrole/concept-label" xlink:from="DividaConsolidadaLiquidaDemonstrativoSimplificado" xlink:to="label_DividaConsolidadaLiquidaDemonstrativoSimplificado" xlink:title="label: DividaConsolidadaLiquidaDemonstrativoSimplificado to label_DividaConsolidadaLiquidaDemonstrativoSimplificado"/>
    <link:loc xlink:type="locator" xlink:href="../../../cor/ic/siconfi-cor_2020-12-31.xsd#siconfi-cor_LimiteDefinidoPorResolucaoDoSenadoFederalDividaConsolidadaDemonstrativoSimplificado" xlink:label="LimiteDefinidoPorResolucaoDoSenadoFederalDividaConsolidadaDemonstrativoSimplificado" xlink:title="LimiteDefinidoPorResolucaoDoSenadoFederalDividaConsolidadaDemonstrativoSimplificado"/>
    <link:label xlink:type="resource" xlink:label="label_LimiteDefinidoPorResolucaoDoSenadoFederalDividaConsolidadaDemonstrativoSimplificado" xlink:role="http://www.xbrl.org/2003/role/label" xlink:title="label_LimiteDefinidoPorResolucaoDoSenadoFederalDividaConsolidadaDemonstrativoSimplificado" xml:lang="pt-br" id="label_LimiteDefinidoPorResolucaoDoSenadoFederalDividaConsolidadaDemonstrativoSimplificado">Limite Definido por Resolução do Senado Federal</link:label>
    <link:labelArc xlink:type="arc" xlink:arcrole="http://www.xbrl.org/2003/arcrole/concept-label" xlink:from="LimiteDefinidoPorResolucaoDoSenadoFederalDividaConsolidadaDemonstrativoSimplificado" xlink:to="label_LimiteDefinidoPorResolucaoDoSenadoFederalDividaConsolidadaDemonstrativoSimplificado" xlink:title="label: LimiteDefinidoPorResolucaoDoSenadoFederalDividaConsolidadaDemonstrativoSimplificado to label_LimiteDefinidoPorResolucaoDoSenadoFederalDividaConsolidadaDemonstrativoSimplificado"/>
    <link:loc xlink:type="locator" xlink:href="../../../cor/ic/siconfi-cor_2020-12-31.xsd#siconfi-cor_TotalDasGarantiasConcedidasDemonstrativoSimplificado" xlink:label="TotalDasGarantiasConcedidasDemonstrativoSimplificado" xlink:title="TotalDasGarantiasConcedidasDemonstrativoSimplificado"/>
    <link:label xlink:type="resource" xlink:label="label_TotalDasGarantiasConcedidasDemonstrativoSimplificado" xlink:role="http://www.xbrl.org/2003/role/label" xlink:title="label_TotalDasGarantiasConcedidasDemonstrativoSimplificado" xml:lang="pt-br" id="label_TotalDasGarantiasConcedidasDemonstrativoSimplificado">Total das Garantias Concedidas</link:label>
    <link:labelArc xlink:type="arc" xlink:arcrole="http://www.xbrl.org/2003/arcrole/concept-label" xlink:from="TotalDasGarantiasConcedidasDemonstrativoSimplificado" xlink:to="label_TotalDasGarantiasConcedidasDemonstrativoSimplificado" xlink:title="label: TotalDasGarantiasConcedidasDemonstrativoSimplificado to label_TotalDasGarantiasConcedidasDemonstrativoSimplificado"/>
    <link:loc xlink:type="locator" xlink:href="../../../cor/ic/siconfi-cor_2020-12-31.xsd#siconfi-cor_ValorTotalRestosAPagarDemonstrativoSimplificado" xlink:label="ValorTotalRestosAPagarDemonstrativoSimplificado" xlink:title="ValorTotalRestosAPagarDemonstrativoSimplificado"/>
    <link:label xlink:type="resource" xlink:label="label_ValorTotalRestosAPagarDemonstrativoSimplificado" xlink:role="http://www.xbrl.org/2003/role/label" xlink:title="label_ValorTotalRestosAPagarDemonstrativoSimplificado" xml:lang="pt-br" id="label_ValorTotalRestosAPagarDemonstrativoSimplificado">Valor Total</link:label>
    <link:labelArc xlink:type="arc" xlink:arcrole="http://www.xbrl.org/2003/arcrole/concept-label" xlink:from="ValorTotalRestosAPagarDemonstrativoSimplificado" xlink:to="label_ValorTotalRestosAPagarDemonstrativoSimplificado" xlink:title="label: ValorTotalRestosAPagarDemonstrativoSimplificado to label_ValorTotalRestosAPagarDemonstrativoSimplificado"/>
    <link:loc xlink:type="locator" xlink:href="../../../cor/ic/siconfi-cor_2020-12-31.xsd#siconfi-cor_FonteAnexo6Tabela6.0RGF" xlink:label="FonteAnexo6Tabela6.0RGF" xlink:title="FonteAnexo6Tabela6.0RGF"/>
    <link:label xlink:type="resource" xlink:label="label_FonteAnexo6Tabela6.0RGF" xlink:role="http://www.xbrl.org/2003/role/label" xlink:title="label_FonteAnexo6Tabela6.0RGF" xml:lang="pt-br" id="label_FonteAnexo6Tabela6.0RGF">Notas Explicativas</link:label>
    <link:labelArc xlink:type="arc" xlink:arcrole="http://www.xbrl.org/2003/arcrole/concept-label" xlink:from="FonteAnexo6Tabela6.0RGF" xlink:to="label_FonteAnexo6Tabela6.0RGF" xlink:title="label: FonteAnexo6Tabela6.0RGF to label_FonteAnexo6Tabela6.0RGF"/>
    <link:loc xlink:type="locator" xlink:href="../../../cor/ic/siconfi-cor_2020-12-31.xsd#siconfi-cor_RGF6DespesaTotalComPessoalDemonstrativoSimplificado" xlink:label="RGF6DespesaTotalComPessoalDemonstrativoSimplificado" xlink:title="RGF6DespesaTotalComPessoalDemonstrativoSimplificado"/>
    <link:label xlink:type="resource" xlink:label="label_RGF6DespesaTotalComPessoalDemonstrativoSimplificado" xlink:role="http://www.xbrl.org/2003/role/label" xlink:title="label_RGF6DespesaTotalComPessoalDemonstrativoSimplificado" xml:lang="pt-br" id="label_RGF6DespesaTotalComPessoalDemonstrativoSimplificado">Despesa Total com Pessoal - DTP</link:label>
    <link:labelArc xlink:type="arc" xlink:arcrole="http://www.xbrl.org/2003/arcrole/concept-label" xlink:from="RGF6DespesaTotalComPessoalDemonstrativoSimplificado" xlink:to="label_RGF6DespesaTotalComPessoalDemonstrativoSimplificado" xlink:title="label: RGF6DespesaTotalComPessoalDemonstrativoSimplificado to label_RGF6DespesaTotalComPessoalDemonstrativoSimplificado"/>
    <link:loc xlink:type="locator" xlink:href="../../../cor/ic/siconfi-cor_2020-12-31.xsd#siconfi-cor_RGF6FonteAnexo6Tabela6.0RGF" xlink:label="RGF6FonteAnexo6Tabela6.0RGF" xlink:title="RGF6FonteAnexo6Tabela6.0RGF"/>
    <link:label xlink:type="resource" xlink:label="label_RGF6FonteAnexo6Tabela6.0RGF" xlink:role="http://www.xbrl.org/2003/role/label" xlink:title="label_RGF6FonteAnexo6Tabela6.0RGF" xml:lang="pt-br" id="label_RGF6FonteAnexo6Tabela6.0RGF">Notas Explicativas</link:label>
    <link:labelArc xlink:type="arc" xlink:arcrole="http://www.xbrl.org/2003/arcrole/concept-label" xlink:from="RGF6FonteAnexo6Tabela6.0RGF" xlink:to="label_RGF6FonteAnexo6Tabela6.0RGF" xlink:title="label: RGF6FonteAnexo6Tabela6.0RGF to label_RGF6FonteAnexo6Tabela6.0RGF"/>
    <link:loc xlink:type="locator" xlink:href="../../../cor/ic/siconfi-cor_2020-12-31.xsd#siconfi-cor_RGF6LimiteDefinidoPorResolucaoDoSenadoFederalGarantiasDemonstrativoSimplificado" xlink:label="RGF6LimiteDefinidoPorResolucaoDoSenadoFederalGarantiasDemonstrativoSimplificado" xlink:title="RGF6LimiteDefinidoPorResolucaoDoSenadoFederalGarantiasDemonstrativoSimplificado"/>
    <link:label xlink:type="resource" xlink:label="label_RGF6LimiteDefinidoPorResolucaoDoSenadoFederalGarantiasDemonstrativoSimplificado" xlink:role="http://www.xbrl.org/2003/role/label" xlink:title="label_RGF6LimiteDefinidoPorResolucaoDoSenadoFederalGarantiasDemonstrativoSimplificado" xml:lang="pt-br" id="label_RGF6LimiteDefinidoPorResolucaoDoSenadoFederalGarantiasDemonstrativoSimplificado">Limite Definido por Resolução do Senado Federal</link:label>
    <link:labelArc xlink:type="arc" xlink:arcrole="http://www.xbrl.org/2003/arcrole/concept-label" xlink:from="RGF6LimiteDefinidoPorResolucaoDoSenadoFederalGarantiasDemonstrativoSimplificado" xlink:to="label_RGF6LimiteDefinidoPorResolucaoDoSenadoFederalGarantiasDemonstrativoSimplificado" xlink:title="label: RGF6LimiteDefinidoPorResolucaoDoSenadoFederalGarantiasDemonstrativoSimplificado to label_RGF6LimiteDefinidoPorResolucaoDoSenadoFederalGarantiasDemonstrativoSimplificado"/>
    <link:loc xlink:type="locator" xlink:href="siconfi-rgf-anexo6mpu_2020-12-31.xsd#siconfi-rgf-anexo6mpu_ApuracaoSimplificadaSobreRCLTable" xlink:label="ApuracaoSimplificadaSobreRCLTable" xlink:title="ApuracaoSimplificadaSobreRCLTable"/>
    <link:label xlink:type="resource" xlink:label="label_ApuracaoSimplificadaSobreRCLTable_2" xlink:role="http://www.xbrl.org/2003/role/label" xlink:title="label_ApuracaoSimplificadaSobreRCLTable" xml:lang="pt-br" id="label_ApuracaoSimplificadaSobreRCLTable">Apuração Simplificada sobre a RCL [table]</link:label>
    <link:labelArc xlink:type="arc" xlink:arcrole="http://www.xbrl.org/2003/arcrole/concept-label" xlink:from="ApuracaoSimplificadaSobreRCLTable" xlink:to="label_ApuracaoSimplificadaSobreRCLTable_2" xlink:title="label: ApuracaoSimplificadaSobreRCLTable to label_ApuracaoSimplificadaSobreRCLTable"/>
    <link:loc xlink:type="locator" xlink:href="siconfi-rgf-anexo6mpu_2020-12-31.xsd#siconfi-rgf-anexo6mpu_ReceitaCorrenteLiquidaTable" xlink:label="ReceitaCorrenteLiquidaTable" xlink:title="ReceitaCorrenteLiquidaTable"/>
    <link:label xlink:type="resource" xlink:label="label_ReceitaCorrenteLiquidaTable_2" xlink:role="http://www.xbrl.org/2003/role/label" xlink:title="label_ReceitaCorrenteLiquidaTable" xml:lang="pt-br" id="label_ReceitaCorrenteLiquidaTable">Receita Corrente Liquida [table]</link:label>
    <link:labelArc xlink:type="arc" xlink:arcrole="http://www.xbrl.org/2003/arcrole/concept-label" xlink:from="ReceitaCorrenteLiquidaTable" xlink:to="label_ReceitaCorrenteLiquidaTable_2" xlink:title="label: ReceitaCorrenteLiquidaTable to label_ReceitaCorrenteLiquidaTable"/>
    <link:loc xlink:type="locator" xlink:href="siconfi-rgf-anexo6mpu_2020-12-31.xsd#siconfi-rgf-anexo6mpu_ApuracaoPercentualSobreRCL-DespesaComPessoalTable" xlink:label="ApuracaoPercentualSobreRCL-DespesaComPessoalTable" xlink:title="ApuracaoPercentualSobreRCL-DespesaComPessoalTable"/>
    <link:label xlink:type="resource" xlink:label="label_ApuracaoPercentualSobreRCL-DespesaComPessoalTable_2" xlink:role="http://www.xbrl.org/2003/role/label" xlink:title="label_ApuracaoPercentualSobreRCL-DespesaComPessoalTable" xml:lang="pt-br" id="label_ApuracaoPercentualSobreRCL-DespesaComPessoalTable">Apuração Percentual sobre a RCL - Despesa com Pessoal [table]</link:label>
    <link:labelArc xlink:type="arc" xlink:arcrole="http://www.xbrl.org/2003/arcrole/concept-label" xlink:from="ApuracaoPercentualSobreRCL-DespesaComPessoalTable" xlink:to="label_ApuracaoPercentualSobreRCL-DespesaComPessoalTable_2" xlink:title="label: ApuracaoPercentualSobreRCL-DespesaComPessoalTable to label_ApuracaoPercentualSobreRCL-DespesaComPessoalTable"/>
    <link:loc xlink:type="locator" xlink:href="siconfi-rgf-anexo6mpu_2020-12-31.xsd#siconfi-rgf-anexo6mpu_ApuracaoSimplificadaSobreRestosPagarTable" xlink:label="ApuracaoSimplificadaSobreRestosPagarTable" xlink:title="ApuracaoSimplificadaSobreRestosPagarTable"/>
    <link:label xlink:type="resource" xlink:label="label_ApuracaoSimplificadaSobreRestosPagarTable_2" xlink:role="http://www.xbrl.org/2003/role/label" xlink:title="label_ApuracaoSimplificadaSobreRestosPagarTable" xml:lang="pt-br" id="label_ApuracaoSimplificadaSobreRestosPagarTable">Apuração Simplificada sobre Restos a Pagar [table]</link:label>
    <link:labelArc xlink:type="arc" xlink:arcrole="http://www.xbrl.org/2003/arcrole/concept-label" xlink:from="ApuracaoSimplificadaSobreRestosPagarTable" xlink:to="label_ApuracaoSimplificadaSobreRestosPagarTable_2" xlink:title="label: ApuracaoSimplificadaSobreRestosPagarTable to label_ApuracaoSimplificadaSobreRestosPagarTable"/>
    <link:loc xlink:type="locator" xlink:href="siconfi-rgf-anexo6mpu_2020-12-31.xsd#siconfi-rgf-anexo6mpu_DemonstrativoAnexo6Abstract" xlink:label="DemonstrativoAnexo6Abstract" xlink:title="DemonstrativoAnexo6Abstract"/>
    <link:label xlink:type="resource" xlink:label="label_DemonstrativoAnexo6Abstract_2" xlink:role="http://www.xbrl.org/2003/role/label" xlink:title="label_DemonstrativoAnexo6Abstract" xml:lang="pt-br" id="label_DemonstrativoAnexo6Abstract_2">RGF - Anexo 6 (LRF, art. 48) [abstract]</link:label>
    <link:labelArc xlink:type="arc" xlink:arcrole="http://www.xbrl.org/2003/arcrole/concept-label" xlink:from="DemonstrativoAnexo6Abstract" xlink:to="label_DemonstrativoAnexo6Abstract_2" xlink:title="label: DemonstrativoAnexo6Abstract to label_DemonstrativoAnexo6Abstract"/>
    <link:loc xlink:type="locator" xlink:href="siconfi-rgf-anexo6mpu_2020-12-31.xsd#siconfi-rgf-anexo6mpu_ReceitaCorrenteLiquidaAbstract" xlink:label="ReceitaCorrenteLiquidaAbstract" xlink:title="ReceitaCorrenteLiquidaAbstract"/>
    <link:label xlink:type="resource" xlink:label="label_ReceitaCorrenteLiquidaAbstract_2" xlink:role="http://www.xbrl.org/2003/role/label" xlink:title="label_ReceitaCorrenteLiquidaAbstract" xml:lang="pt-br" id="label_ReceitaCorrenteLiquidaAbstract_2">[001] Receita Corrente Líquida [abstract]</link:label>
    <link:labelArc xlink:type="arc" xlink:arcrole="http://www.xbrl.org/2003/arcrole/concept-label" xlink:from="ReceitaCorrenteLiquidaAbstract" xlink:to="label_ReceitaCorrenteLiquidaAbstract_2" xlink:title="label: ReceitaCorrenteLiquidaAbstract to label_ReceitaCorrenteLiquidaAbstract"/>
    <link:loc xlink:type="locator" xlink:href="siconfi-rgf-anexo6mpu_2020-12-31.xsd#siconfi-rgf-anexo6mpu_ReceitaCorrenteLiquidaLineItems" xlink:label="ReceitaCorrenteLiquidaLineItems" xlink:title="ReceitaCorrenteLiquidaLineItems"/>
    <link:label xlink:type="resource" xlink:label="label_ReceitaCorrenteLiquidaLineItems_2" xlink:role="http://www.xbrl.org/2003/role/label" xlink:title="label_ReceitaCorrenteLiquidaLineItems" xml:lang="pt-br" id="label_ReceitaCorrenteLiquidaLineItems_2">[002] Receita Corrente Líquida [line items]</link:label>
    <link:labelArc xlink:type="arc" xlink:arcrole="http://www.xbrl.org/2003/arcrole/concept-label" xlink:from="ReceitaCorrenteLiquidaLineItems" xlink:to="label_ReceitaCorrenteLiquidaLineItems_2" xlink:title="label: ReceitaCorrenteLiquidaLineItems to label_ReceitaCorrenteLiquidaLineItems"/>
    <link:loc xlink:type="locator" xlink:href="siconfi-rgf-anexo6mpu_2020-12-31.xsd#siconfi-rgf-anexo6mpu_DespesaComPessoalAbstract" xlink:label="DespesaComPessoalAbstract" xlink:title="DespesaComPessoalAbstract"/>
    <link:label xlink:type="resource" xlink:label="label_DespesaComPessoalAbstract_2" xlink:role="http://www.xbrl.org/2003/role/label" xlink:title="label_DespesaComPessoalAbstract" xml:lang="pt-br" id="label_DespesaComPessoalAbstract_2">[003] Despesa com Pessoal [abstract]</link:label>
    <link:labelArc xlink:type="arc" xlink:arcrole="http://www.xbrl.org/2003/arcrole/concept-label" xlink:from="DespesaComPessoalAbstract" xlink:to="label_DespesaComPessoalAbstract_2" xlink:title="label: DespesaComPessoalAbstract to label_DespesaComPessoalAbstract"/>
    <link:loc xlink:type="locator" xlink:href="siconfi-rgf-anexo6mpu_2020-12-31.xsd#siconfi-rgf-anexo6mpu_DespesaComPessoalLineItems" xlink:label="DespesaComPessoalLineItems" xlink:title="DespesaComPessoalLineItems"/>
    <link:label xlink:type="resource" xlink:label="label_DespesaComPessoalLineItems_2" xlink:role="http://www.xbrl.org/2003/role/label" xlink:title="label_DespesaComPessoalLineItems" xml:lang="pt-br" id="label_DespesaComPessoalLineItems_2">[004] Despesa com Pessoal [line items]</link:label>
    <link:labelArc xlink:type="arc" xlink:arcrole="http://www.xbrl.org/2003/arcrole/concept-label" xlink:from="DespesaComPessoalLineItems" xlink:to="label_DespesaComPessoalLineItems_2" xlink:title="label: DespesaComPessoalLineItems to label_DespesaComPessoalLineItems"/>
    <link:loc xlink:type="locator" xlink:href="siconfi-rgf-anexo6mpu_2020-12-31.xsd#siconfi-rgf-anexo6mpu_DividasGarantiasEOperacoesDeCreditoAbstract" xlink:label="DividasGarantiasEOperacoesDeCreditoAbstract" xlink:title="DividasGarantiasEOperacoesDeCreditoAbstract"/>
    <link:label xlink:type="resource" xlink:label="label_DividasGarantiasEOperacoesDeCreditoAbstract_2" xlink:role="http://www.xbrl.org/2003/role/label" xlink:title="label_DividasGarantiasEOperacoesDeCreditoAbstract" xml:lang="pt-br" id="label_DividasGarantiasEOperacoesDeCreditoAbstract_2">[005] Resumo dos Limites [abstract]</link:label>
    <link:labelArc xlink:type="arc" xlink:arcrole="http://www.xbrl.org/2003/arcrole/concept-label" xlink:from="DividasGarantiasEOperacoesDeCreditoAbstract" xlink:to="label_DividasGarantiasEOperacoesDeCreditoAbstract_2" xlink:title="label: DividasGarantiasEOperacoesDeCreditoAbstract to label_DividasGarantiasEOperacoesDeCreditoAbstract"/>
    <link:loc xlink:type="locator" xlink:href="siconfi-rgf-anexo6mpu_2020-12-31.xsd#siconfi-rgf-anexo6mpu_DividasGarantiasEOperacoesDeCreditoLineItems" xlink:label="DividasGarantiasEOperacoesDeCreditoLineItems" xlink:title="DividasGarantiasEOperacoesDeCreditoLineItems"/>
    <link:label xlink:type="resource" xlink:label="label_DividasGarantiasEOperacoesDeCreditoLineItems_2" xlink:role="http://www.xbrl.org/2003/role/label" xlink:title="label_DividasGarantiasEOperacoesDeCreditoLineItems" xml:lang="pt-br" id="label_DividasGarantiasEOperacoesDeCreditoLineItems_2">[006] Resumo dos Limites [line items]</link:label>
    <link:labelArc xlink:type="arc" xlink:arcrole="http://www.xbrl.org/2003/arcrole/concept-label" xlink:from="DividasGarantiasEOperacoesDeCreditoLineItems" xlink:to="label_DividasGarantiasEOperacoesDeCreditoLineItems_2" xlink:title="label: DividasGarantiasEOperacoesDeCreditoLineItems to label_DividasGarantiasEOperacoesDeCreditoLineItems"/>
    <link:loc xlink:type="locator" xlink:href="siconfi-rgf-anexo6mpu_2020-12-31.xsd#siconfi-rgf-anexo6mpu_DividaConsolidadaAbstract" xlink:label="DividaConsolidadaAbstract" xlink:title="DividaConsolidadaAbstract"/>
    <link:label xlink:type="resource" xlink:label="label_DividaConsolidadaAbstract_2" xlink:role="http://www.xbrl.org/2003/role/label" xlink:title="label_DividaConsolidadaAbstract" xml:lang="pt-br" id="label_DividaConsolidadaAbstract_2">[005] Dívida Consolidada [abstract]</link:label>
    <link:labelArc xlink:type="arc" xlink:arcrole="http://www.xbrl.org/2003/arcrole/concept-label" xlink:from="DividaConsolidadaAbstract" xlink:to="label_DividaConsolidadaAbstract_2" xlink:title="label: DividaConsolidadaAbstract to label_DividaConsolidadaAbstract"/>
    <link:loc xlink:type="locator" xlink:href="siconfi-rgf-anexo6mpu_2020-12-31.xsd#siconfi-rgf-anexo6mpu_DividaConsolidadaLineItems" xlink:label="DividaConsolidadaLineItems" xlink:title="DividaConsolidadaLineItems"/>
    <link:label xlink:type="resource" xlink:label="label_DividaConsolidadaLineItems_2" xlink:role="http://www.xbrl.org/2003/role/label" xlink:title="label_DividaConsolidadaLineItems" xml:lang="pt-br" id="label_DividaConsolidadaLineItems_2">[006] Dívida Consolidada [line items]</link:label>
    <link:labelArc xlink:type="arc" xlink:arcrole="http://www.xbrl.org/2003/arcrole/concept-label" xlink:from="DividaConsolidadaLineItems" xlink:to="label_DividaConsolidadaLineItems_2" xlink:title="label: DividaConsolidadaLineItems to label_DividaConsolidadaLineItems"/>
    <link:loc xlink:type="locator" xlink:href="siconfi-rgf-anexo6mpu_2020-12-31.xsd#siconfi-rgf-anexo6mpu_GarantiasDeValoresAbstract" xlink:label="GarantiasDeValoresAbstract" xlink:title="GarantiasDeValoresAbstract"/>
    <link:label xlink:type="resource" xlink:label="label_GarantiasDeValoresAbstract_2" xlink:role="http://www.xbrl.org/2003/role/label" xlink:title="label_GarantiasDeValoresAbstract" xml:lang="pt-br" id="label_GarantiasDeValoresAbstract_2">[007] Garantias de Valores [abstract]</link:label>
    <link:labelArc xlink:type="arc" xlink:arcrole="http://www.xbrl.org/2003/arcrole/concept-label" xlink:from="GarantiasDeValoresAbstract" xlink:to="label_GarantiasDeValoresAbstract_2" xlink:title="label: GarantiasDeValoresAbstract to label_GarantiasDeValoresAbstract"/>
    <link:loc xlink:type="locator" xlink:href="siconfi-rgf-anexo6mpu_2020-12-31.xsd#siconfi-rgf-anexo6mpu_GarantiasDeValoresLineItems" xlink:label="GarantiasDeValoresLineItems" xlink:title="GarantiasDeValoresLineItems"/>
    <link:label xlink:type="resource" xlink:label="label_GarantiasDeValoresLineItems_2" xlink:role="http://www.xbrl.org/2003/role/label" xlink:title="label_GarantiasDeValoresLineItems" xml:lang="pt-br" id="label_GarantiasDeValoresLineItems_2">[008] Garantias de Valores [line items]</link:label>
    <link:labelArc xlink:type="arc" xlink:arcrole="http://www.xbrl.org/2003/arcrole/concept-label" xlink:from="GarantiasDeValoresLineItems" xlink:to="label_GarantiasDeValoresLineItems_2" xlink:title="label: GarantiasDeValoresLineItems to label_GarantiasDeValoresLineItems"/>
    <link:loc xlink:type="locator" xlink:href="siconfi-rgf-anexo6mpu_2020-12-31.xsd#siconfi-rgf-anexo6mpu_OperacoesDeCreditoAbstract" xlink:label="OperacoesDeCreditoAbstract" xlink:title="OperacoesDeCreditoAbstract"/>
    <link:label xlink:type="resource" xlink:label="label_OperacoesDeCreditoAbstract_2" xlink:role="http://www.xbrl.org/2003/role/label" xlink:title="label_OperacoesDeCreditoAbstract" xml:lang="pt-br" id="label_OperacoesDeCreditoAbstract_2">[009] Operações de Crédito [abstract]</link:label>
    <link:labelArc xlink:type="arc" xlink:arcrole="http://www.xbrl.org/2003/arcrole/concept-label" xlink:from="OperacoesDeCreditoAbstract" xlink:to="label_OperacoesDeCreditoAbstract_2" xlink:title="label: OperacoesDeCreditoAbstract to label_OperacoesDeCreditoAbstract"/>
    <link:loc xlink:type="locator" xlink:href="siconfi-rgf-anexo6mpu_2020-12-31.xsd#siconfi-rgf-anexo6mpu_OperacoesDeCreditoLineItems" xlink:label="OperacoesDeCreditoLineItems" xlink:title="OperacoesDeCreditoLineItems"/>
    <link:label xlink:type="resource" xlink:label="label_OperacoesDeCreditoLineItems_2" xlink:role="http://www.xbrl.org/2003/role/label" xlink:title="label_OperacoesDeCreditoLineItems" xml:lang="pt-br" id="label_OperacoesDeCreditoLineItems_2">[010] Operações de Crédito [line items]</link:label>
    <link:labelArc xlink:type="arc" xlink:arcrole="http://www.xbrl.org/2003/arcrole/concept-label" xlink:from="OperacoesDeCreditoLineItems" xlink:to="label_OperacoesDeCreditoLineItems_2" xlink:title="label: OperacoesDeCreditoLineItems to label_OperacoesDeCreditoLineItems"/>
    <link:loc xlink:type="locator" xlink:href="siconfi-rgf-anexo6mpu_2020-12-31.xsd#siconfi-rgf-anexo6mpu_ApuracaoSobreRestosAPagarAbstract" xlink:label="ApuracaoSobreRestosAPagarAbstract" xlink:title="ApuracaoSobreRestosAPagarAbstract"/>
    <link:label xlink:type="resource" xlink:label="label_ApuracaoSobreRestosAPagarAbstract_2" xlink:role="http://www.xbrl.org/2003/role/label" xlink:title="label_ApuracaoSobreRestosAPagarAbstract" xml:lang="pt-br" id="label_ApuracaoSobreRestosAPagarAbstract_2">[011] Restos a Pagar [abstract]</link:label>
    <link:labelArc xlink:type="arc" xlink:arcrole="http://www.xbrl.org/2003/arcrole/concept-label" xlink:from="ApuracaoSobreRestosAPagarAbstract" xlink:to="label_ApuracaoSobreRestosAPagarAbstract_2" xlink:title="label: ApuracaoSobreRestosAPagarAbstract to label_ApuracaoSobreRestosAPagarAbstract"/>
    <link:loc xlink:type="locator" xlink:href="siconfi-rgf-anexo6mpu_2020-12-31.xsd#siconfi-rgf-anexo6mpu_ApuracaoSobreRestosAPagarLineItems" xlink:label="ApuracaoSobreRestosAPagarLineItems" xlink:title="ApuracaoSobreRestosAPagarLineItems"/>
    <link:label xlink:type="resource" xlink:label="label_ApuracaoSobreRestosAPagarLineItems_2" xlink:role="http://www.xbrl.org/2003/role/label" xlink:title="label_ApuracaoSobreRestosAPagarLineItems" xml:lang="pt-br" id="label_ApuracaoSobreRestosAPagarLineItems_2">[012] Restos a Pagar [line items]</link:label>
    <link:labelArc xlink:type="arc" xlink:arcrole="http://www.xbrl.org/2003/arcrole/concept-label" xlink:from="ApuracaoSobreRestosAPagarLineItems" xlink:to="label_ApuracaoSobreRestosAPagarLineItems_2" xlink:title="label: ApuracaoSobreRestosAPagarLineItems to label_ApuracaoSobreRestosAPagarLineItems"/>
    <link:loc xlink:type="locator" xlink:href="siconfi-rgf-anexo6mpu_2020-12-31.xsd#siconfi-rgf-anexo6mpu_FonteAnexo6Tabela6.0Abstract" xlink:label="FonteAnexo6Tabela6.0Abstract" xlink:title="FonteAnexo6Tabela6.0Abstract"/>
    <link:label xlink:type="resource" xlink:label="label_FonteAnexo6Tabela6.0Abstract_2" xlink:role="http://www.xbrl.org/2003/role/label" xlink:title="label_FonteAnexo6Tabela6.0Abstract" xml:lang="pt-br" id="label_FonteAnexo6Tabela6.0Abstract_2">[013] Notas Explicativas [abstract] [NOTA]</link:label>
    <link:labelArc xlink:type="arc" xlink:arcrole="http://www.xbrl.org/2003/arcrole/concept-label" xlink:from="FonteAnexo6Tabela6.0Abstract" xlink:to="label_FonteAnexo6Tabela6.0Abstract_2" xlink:title="label: FonteAnexo6Tabela6.0Abstract to label_FonteAnexo6Tabela6.0Abstract"/>
    <link:loc xlink:type="locator" xlink:href="siconfi-rgf-anexo6mpu_2020-12-31.xsd#siconfi-rgf-anexo6mpu_FonteAnexo6Tabela6.0LineItems" xlink:label="FonteAnexo6Tabela6.0LineItems" xlink:title="FonteAnexo6Tabela6.0LineItems"/>
    <link:label xlink:type="resource" xlink:label="label_FonteAnexo6Tabela6.0LineItems_2" xlink:role="http://www.xbrl.org/2003/role/label" xlink:title="label_FonteAnexo6Tabela6.0LineItems" xml:lang="pt-br" id="label_FonteAnexo6Tabela6.0LineItems_2">[014] Notas Explicativas [line items]</link:label>
    <link:labelArc xlink:type="arc" xlink:arcrole="http://www.xbrl.org/2003/arcrole/concept-label" xlink:from="FonteAnexo6Tabela6.0LineItems" xlink:to="label_FonteAnexo6Tabela6.0LineItems_2" xlink:title="label: FonteAnexo6Tabela6.0LineItems to label_FonteAnexo6Tabela6.0LineItems"/>
  </link:labelLink>
</link:linkbase>
