<?xml version="1.0" encoding="UTF-8"?>
<!-- Generated by Fujitsu Interstage XWand B0196 -->
<link:linkbase xmlns:xsi="http://www.w3.org/2001/XMLSchema-instance" xsi:schemaLocation="http://www.xbrl.org/2003/linkbase http://www.xbrl.org/2003/xbrl-linkbase-2003-12-31.xsd" xmlns:siconfi-rreo-anexo4rppsuniao="http://fazenda.gov.br/siconfi/rep/rreo/anexo4rppsuniao/siconfi-rreo-anexo4rppsuniao_2019-12-31" xmlns:link="http://www.xbrl.org/2003/linkbase" xmlns:xbrldt="http://xbrl.org/2005/xbrldt" xmlns:xlink="http://www.w3.org/1999/xlink" xmlns:xbrli="http://www.xbrl.org/2003/instance">
  <link:roleRef roleURI="http://fazenda.gov.br/siconfi/rep/rreo/anexo4rppsuniao/siconfi-rreo-anexo4rppsuniao-tabela4.1" xlink:type="simple" xlink:href="siconfi-rreo-anexo4rppsuniao_2019-12-31.xsd#siconfi-rreo-anexo4rppsuniao-tabela4.1"/>
  <link:roleRef roleURI="http://fazenda.gov.br/siconfi/rep/rreo/anexo4rppsuniao/siconfi-rreo-anexo4rppsuniao-tabela4.1H" xlink:type="simple" xlink:href="siconfi-rreo-anexo4rppsuniao_2019-12-31.xsd#siconfi-rreo-anexo4rppsuniao-tabela4.1H"/>
  <link:roleRef roleURI="http://fazenda.gov.br/siconfi/rep/rreo/anexo4rppsuniao/siconfi-rreo-anexo4rppsuniao-tabela4.1I" xlink:type="simple" xlink:href="siconfi-rreo-anexo4rppsuniao_2019-12-31.xsd#siconfi-rreo-anexo4rppsuniao-tabela4.1I"/>
  <link:roleRef roleURI="http://fazenda.gov.br/siconfi/rep/rreo/anexo4rppsuniao/siconfi-rreo-anexo4rppsuniao-tabela4.1M" xlink:type="simple" xlink:href="siconfi-rreo-anexo4rppsuniao_2019-12-31.xsd#siconfi-rreo-anexo4rppsuniao-tabela4.1M"/>
  <link:roleRef roleURI="http://fazenda.gov.br/siconfi/rep/rreo/anexo4rppsuniao/siconfi-rreo-anexo4rppsuniao-tabela4.1N" xlink:type="simple" xlink:href="siconfi-rreo-anexo4rppsuniao_2019-12-31.xsd#siconfi-rreo-anexo4rppsuniao-tabela4.1N"/>
  <link:roleRef roleURI="http://fazenda.gov.br/siconfi/rep/rreo/anexo4rppsuniao/siconfi-rreo-anexo4rppsuniao-tabela4.1K" xlink:type="simple" xlink:href="siconfi-rreo-anexo4rppsuniao_2019-12-31.xsd#siconfi-rreo-anexo4rppsuniao-tabela4.1K"/>
  <link:roleRef roleURI="http://fazenda.gov.br/siconfi/rep/rreo/anexo4rppsuniao/siconfi-rreo-anexo4rppsuniao-tabela4.1J" xlink:type="simple" xlink:href="siconfi-rreo-anexo4rppsuniao_2019-12-31.xsd#siconfi-rreo-anexo4rppsuniao-tabela4.1J"/>
  <link:roleRef roleURI="http://fazenda.gov.br/siconfi/rep/rreo/anexo4rppsuniao/siconfi-rreo-anexo4rppsuniao-tabela4.1O" xlink:type="simple" xlink:href="siconfi-rreo-anexo4rppsuniao_2019-12-31.xsd#siconfi-rreo-anexo4rppsuniao-tabela4.1O"/>
  <link:roleRef roleURI="http://fazenda.gov.br/siconfi/rep/rreo/anexo4rppsuniao/siconfi-rreo-anexo4rppsuniao-tabela4.1P" xlink:type="simple" xlink:href="siconfi-rreo-anexo4rppsuniao_2019-12-31.xsd#siconfi-rreo-anexo4rppsuniao-tabela4.1P"/>
  <link:arcroleRef arcroleURI="http://xbrl.org/int/dim/arcrole/all" xlink:type="simple" xlink:href="http://www.xbrl.org/2005/xbrldt-2005.xsd#all"/>
  <link:arcroleRef arcroleURI="http://xbrl.org/int/dim/arcrole/dimension-domain" xlink:type="simple" xlink:href="http://www.xbrl.org/2005/xbrldt-2005.xsd#dimension-domain"/>
  <link:arcroleRef arcroleURI="http://xbrl.org/int/dim/arcrole/domain-member" xlink:type="simple" xlink:href="http://www.xbrl.org/2005/xbrldt-2005.xsd#domain-member"/>
  <link:arcroleRef arcroleURI="http://xbrl.org/int/dim/arcrole/hypercube-dimension" xlink:type="simple" xlink:href="http://www.xbrl.org/2005/xbrldt-2005.xsd#hypercube-dimension"/>
  <link:definitionLink xlink:type="extended" xlink:role="http://fazenda.gov.br/siconfi/rep/rreo/anexo4rppsuniao/siconfi-rreo-anexo4rppsuniao-tabela4.1M">
    <link:loc xlink:type="locator" xlink:href="siconfi-rreo-anexo4rppsuniao_2019-12-31.xsd#siconfi-rreo-anexo4rppsuniao_AportesDeRecursosParaPlanoPrevidenciarioRPPSCivisAbstract" xlink:label="AportesDeRecursosParaPlanoPrevidenciarioRPPSCivisAbstract" xlink:title="AportesDeRecursosParaPlanoPrevidenciarioRPPSCivisAbstract"/>
    <link:loc xlink:type="locator" xlink:href="siconfi-rreo-anexo4rppsuniao_2019-12-31.xsd#siconfi-rreo-anexo4rppsuniao_AportesDeRecursosParaPlanoPrevidenciarioRPPSCivisLineItems" xlink:label="AportesDeRecursosParaPlanoPrevidenciarioRPPSCivisLineItems" xlink:title="AportesDeRecursosLineItems"/>
    <link:definitionArc xlink:type="arc" xlink:arcrole="http://xbrl.org/int/dim/arcrole/domain-member" xlink:from="AportesDeRecursosParaPlanoPrevidenciarioRPPSCivisAbstract" xlink:to="AportesDeRecursosParaPlanoPrevidenciarioRPPSCivisLineItems" xlink:title="definition: AportesDeRecursosParaPlanoPrevidenciarioRPPSCivisAbstract to AportesDeRecursosParaPlanoPrevidenciarioRPPSCivisLineItems" order="1.0"/>
    <link:loc xlink:type="locator" xlink:href="../../../cor/ic/siconfi-cor_2019-12-31.xsd#siconfi-cor_AportesParaAPrevidenciaPlanoPrevidenciarioContribuicaoPatronalSuplementar" xlink:label="AportesParaAPrevidenciaPlanoPrevidenciarioContribuicaoPatronalSuplementar" xlink:title="AportesParaAPrevidenciaPlanoPrevidenciarioContribuicaoPatronalSuplementar"/>
    <link:definitionArc xlink:type="arc" xlink:arcrole="http://xbrl.org/int/dim/arcrole/domain-member" xlink:from="AportesDeRecursosParaPlanoPrevidenciarioRPPSCivisLineItems" xlink:to="AportesParaAPrevidenciaPlanoPrevidenciarioContribuicaoPatronalSuplementar" xlink:title="definition: AportesDeRecursosParaPlanoPrevidenciarioRPPSCivisLineItems to AportesParaAPrevidenciaPlanoPrevidenciarioContribuicaoPatronalSuplementar" order="1.0"/>
    <link:loc xlink:type="locator" xlink:href="../../../cor/ic/siconfi-cor_2019-12-31.xsd#siconfi-cor_AportesParaAPrevidenciaPlanoPrevidenciarioAportePeriodicoDeValoresPredefinidos" xlink:label="AportesParaAPrevidenciaPlanoPrevidenciarioAportePeriodicoDeValoresPredefinidos" xlink:title="AportesParaAPrevidenciaPlanoPrevidenciarioAportePeriodicoDeValoresPredefinidos"/>
    <link:definitionArc xlink:type="arc" xlink:arcrole="http://xbrl.org/int/dim/arcrole/domain-member" xlink:from="AportesDeRecursosParaPlanoPrevidenciarioRPPSCivisLineItems" xlink:to="AportesParaAPrevidenciaPlanoPrevidenciarioAportePeriodicoDeValoresPredefinidos" xlink:title="definition: AportesDeRecursosParaPlanoPrevidenciarioRPPSCivisLineItems to AportesParaAPrevidenciaPlanoPrevidenciarioAportePeriodicoDeValoresPredefinidos" order="2.0"/>
    <link:loc xlink:type="locator" xlink:href="../../../cor/ic/siconfi-cor_2019-12-31.xsd#siconfi-cor_AportesParaORPPSPlanoFinanceiroOutrosAportesPrevidenciario" xlink:label="AportesParaORPPSPlanoFinanceiroOutrosAportesPrevidenciario" xlink:title="AportesParaORPPSPlanoFinanceiroOutrosAportesPrevidenciario"/>
    <link:definitionArc xlink:type="arc" xlink:arcrole="http://xbrl.org/int/dim/arcrole/domain-member" xlink:from="AportesDeRecursosParaPlanoPrevidenciarioRPPSCivisLineItems" xlink:to="AportesParaORPPSPlanoFinanceiroOutrosAportesPrevidenciario" xlink:title="definition: AportesDeRecursosParaPlanoPrevidenciarioRPPSCivisLineItems to AportesParaORPPSPlanoFinanceiroOutrosAportesPrevidenciario" order="3.0"/>
    <link:loc xlink:type="locator" xlink:href="../../../cor/ic/siconfi-cor_2019-12-31.xsd#siconfi-cor_AportesParaAPrevidenciaPlanoPrevidenciarioDeficitFinanceiroPrevidenciario" xlink:label="AportesParaAPrevidenciaPlanoPrevidenciarioDeficitFinanceiroPrevidenciario" xlink:title="AportesParaAPrevidenciaPlanoPrevidenciarioDeficitFinanceiroPrevidenciario"/>
    <link:definitionArc xlink:type="arc" xlink:arcrole="http://xbrl.org/int/dim/arcrole/domain-member" xlink:from="AportesDeRecursosParaPlanoPrevidenciarioRPPSCivisLineItems" xlink:to="AportesParaAPrevidenciaPlanoPrevidenciarioDeficitFinanceiroPrevidenciario" xlink:title="definition: AportesDeRecursosParaPlanoPrevidenciarioRPPSCivisLineItems to AportesParaAPrevidenciaPlanoPrevidenciarioDeficitFinanceiroPrevidenciario" order="4.0"/>
    <link:loc xlink:type="locator" xlink:href="siconfi-rreo-anexo4rppsuniao_2019-12-31.xsd#siconfi-rreo-anexo4rppsuniao_AportesDeRecursosParaPlanoPrevidenciarioRPPSTable" xlink:label="AportesDeRecursosParaPlanoPrevidenciarioRPPSTable" xlink:title="AportesRealizadosTable"/>
    <link:definitionArc xlink:type="arc" xlink:arcrole="http://xbrl.org/int/dim/arcrole/all" xlink:from="AportesDeRecursosParaPlanoPrevidenciarioRPPSCivisAbstract" xlink:to="AportesDeRecursosParaPlanoPrevidenciarioRPPSTable" xlink:title="definition: AportesDeRecursosParaPlanoPrevidenciarioRPPSCivisAbstract to AportesDeRecursosParaPlanoPrevidenciarioRPPSTable" order="2.0" xbrldt:contextElement="segment" xbrldt:closed="true"/>
    <link:loc xlink:type="locator" xlink:href="../../../cor/dim/siconfi-dim_2019-12-31.xsd#siconfi-dim_AportesDeRecursosAxis" xlink:label="AportesDeRecursosAxis" xlink:title="AportesDeRecursosAxis"/>
    <link:definitionArc xlink:type="arc" xlink:arcrole="http://xbrl.org/int/dim/arcrole/hypercube-dimension" xlink:from="AportesDeRecursosParaPlanoPrevidenciarioRPPSTable" xlink:to="AportesDeRecursosAxis" xlink:title="definition: AportesDeRecursosParaPlanoPrevidenciarioRPPSTable to AportesDeRecursosAxis" order="1.0"/>
    <link:loc xlink:type="locator" xlink:href="../../../cor/dim/siconfi-dim_2019-12-31.xsd#siconfi-dim_AportesRealizadosMember" xlink:label="AportesRealizadosMember" xlink:title="AportesRealizadosMember"/>
    <link:definitionArc xlink:type="arc" xlink:arcrole="http://xbrl.org/int/dim/arcrole/dimension-domain" xlink:from="AportesDeRecursosAxis" xlink:to="AportesRealizadosMember" xlink:title="definition: AportesDeRecursosAxis to AportesRealizadosMember" order="1.0"/>
  </link:definitionLink>
  <link:definitionLink xlink:type="extended" xlink:role="http://fazenda.gov.br/siconfi/rep/rreo/anexo4rppsuniao/siconfi-rreo-anexo4rppsuniao-tabela4.1K">
    <link:loc xlink:type="locator" xlink:href="siconfi-rreo-anexo4rppsuniao_2019-12-31.xsd#siconfi-rreo-anexo4rppsuniao_ReservaOrcamentariaDoRPPSAbstract" xlink:label="ReservaOrcamentariaDoRPPSAbstract" xlink:title="ReservaOrcamentariaDoRPPSAbstract"/>
    <link:loc xlink:type="locator" xlink:href="siconfi-rreo-anexo4rppsuniao_2019-12-31.xsd#siconfi-rreo-anexo4rppsuniao_ReservaOrcamentariaDoRPPSLineItems" xlink:label="ReservaOrcamentariaDoRPPSLineItems" xlink:title="ReservaOrcamentariaLineItems"/>
    <link:definitionArc xlink:type="arc" xlink:arcrole="http://xbrl.org/int/dim/arcrole/domain-member" xlink:from="ReservaOrcamentariaDoRPPSAbstract" xlink:to="ReservaOrcamentariaDoRPPSLineItems" xlink:title="definition: ReservaOrcamentariaDoRPPSAbstract to ReservaOrcamentariaDoRPPSLineItems" order="1.0"/>
    <link:loc xlink:type="locator" xlink:href="../../../cor/ic/siconfi-cor_2019-12-31.xsd#siconfi-cor_ReservaOrcamentariaDoRPPSPrevidenciario" xlink:label="ReservaOrcamentariaDoRPPSPrevidenciario" xlink:title="ReservaOrcamentariaDoRPPSPrevidenciario"/>
    <link:definitionArc xlink:type="arc" xlink:arcrole="http://xbrl.org/int/dim/arcrole/domain-member" xlink:from="ReservaOrcamentariaDoRPPSLineItems" xlink:to="ReservaOrcamentariaDoRPPSPrevidenciario" xlink:title="definition: ReservaOrcamentariaDoRPPSLineItems to ReservaOrcamentariaDoRPPSPrevidenciario" order="1.0"/>
    <link:loc xlink:type="locator" xlink:href="siconfi-rreo-anexo4rppsuniao_2019-12-31.xsd#siconfi-rreo-anexo4rppsuniao_ReservaOrcamentariaDoRPPSTable" xlink:label="ReservaOrcamentariaDoRPPSTable" xlink:title="ReservaOrcamentariaTable"/>
    <link:definitionArc xlink:type="arc" xlink:arcrole="http://xbrl.org/int/dim/arcrole/all" xlink:from="ReservaOrcamentariaDoRPPSAbstract" xlink:to="ReservaOrcamentariaDoRPPSTable" xlink:title="definition: ReservaOrcamentariaDoRPPSAbstract to ReservaOrcamentariaDoRPPSTable" order="2.0" xbrldt:contextElement="segment" xbrldt:closed="true"/>
    <link:loc xlink:type="locator" xlink:href="../../../cor/dim/siconfi-dim_2019-12-31.xsd#siconfi-dim_PrevisaoOrcamentariaPrevidenciariaAxis" xlink:label="PrevisaoOrcamentariaPrevidenciariaAxis" xlink:title="PrevisaoOrcamentariaPrevidenciariaAxis"/>
    <link:definitionArc xlink:type="arc" xlink:arcrole="http://xbrl.org/int/dim/arcrole/hypercube-dimension" xlink:from="ReservaOrcamentariaDoRPPSTable" xlink:to="PrevisaoOrcamentariaPrevidenciariaAxis" xlink:title="definition: ReservaOrcamentariaDoRPPSTable to PrevisaoOrcamentariaPrevidenciariaAxis" order="1.0"/>
    <link:loc xlink:type="locator" xlink:href="../../../cor/dim/siconfi-dim_2019-12-31.xsd#siconfi-dim_PrevisaoOrcamentariaMember" xlink:label="PrevisaoOrcamentariaMember" xlink:title="PrevisaoOrcamentariaMember"/>
    <link:definitionArc xlink:type="arc" xlink:arcrole="http://xbrl.org/int/dim/arcrole/dimension-domain" xlink:from="PrevisaoOrcamentariaPrevidenciariaAxis" xlink:to="PrevisaoOrcamentariaMember" xlink:title="definition: PrevisaoOrcamentariaPrevidenciariaAxis to PrevisaoOrcamentariaMember" order="1.0"/>
  </link:definitionLink>
  <link:definitionLink xlink:type="extended" xlink:role="http://fazenda.gov.br/siconfi/rep/rreo/anexo4rppsuniao/siconfi-rreo-anexo4rppsuniao-tabela4.1I">
    <link:loc xlink:type="locator" xlink:href="siconfi-rreo-anexo4rppsuniao_2019-12-31.xsd#siconfi-rreo-anexo4rppsuniao_DespesasPrevidenciariasRPPSCivisAbstract" xlink:label="DespesasPrevidenciariasRPPSCivisAbstract" xlink:title="DespesasPrevidenciariasRPPSCivisAbstract"/>
    <link:loc xlink:type="locator" xlink:href="siconfi-rreo-anexo4rppsuniao_2019-12-31.xsd#siconfi-rreo-anexo4rppsuniao_DespesasPrevidenciariasRPPSCivisLineItems" xlink:label="DespesasPrevidenciariasRPPSCivisLineItems" xlink:title="DespesasOrcamentariasLineItems"/>
    <link:definitionArc xlink:type="arc" xlink:arcrole="http://xbrl.org/int/dim/arcrole/domain-member" xlink:from="DespesasPrevidenciariasRPPSCivisAbstract" xlink:to="DespesasPrevidenciariasRPPSCivisLineItems" xlink:title="definition: DespesasPrevidenciariasRPPSCivisAbstract to DespesasPrevidenciariasRPPSCivisLineItems" order="1.0"/>
    <link:loc xlink:type="locator" xlink:href="../../../cor/ic/siconfi-cor_2019-12-31.xsd#siconfi-cor_TotalDasDespesasRPPSPrevidenciario" xlink:label="TotalDasDespesasRPPSPrevidenciario" xlink:title="TotalDasDespesasRPPSPrevidenciario"/>
    <link:definitionArc xlink:type="arc" xlink:arcrole="http://xbrl.org/int/dim/arcrole/domain-member" xlink:from="DespesasPrevidenciariasRPPSCivisLineItems" xlink:to="TotalDasDespesasRPPSPrevidenciario" xlink:title="definition: DespesasPrevidenciariasRPPSCivisLineItems to TotalDasDespesasRPPSPrevidenciario" order="3.0"/>
    <link:loc xlink:type="locator" xlink:href="../../../cor/ic/siconfi-cor_2019-12-31.xsd#siconfi-cor_RREO4ResultadoRPPSPrevidenciario" xlink:label="RREO4ResultadoRPPSPrevidenciario" xlink:title="RREO4ResultadoRPPSPrevidenciario"/>
    <link:definitionArc xlink:type="arc" xlink:arcrole="http://xbrl.org/int/dim/arcrole/domain-member" xlink:from="DespesasPrevidenciariasRPPSCivisLineItems" xlink:to="RREO4ResultadoRPPSPrevidenciario" xlink:title="definition: DespesasPrevidenciariasRPPSCivisLineItems to RREO4ResultadoRPPSPrevidenciario" order="4.0"/>
    <link:loc xlink:type="locator" xlink:href="../../../cor/ic/siconfi-cor_2019-12-31.xsd#siconfi-cor_DespesasPrevidenciariasExcetoIntraOrcamentariasBeneficiosPrevidenciario" xlink:label="DespesasPrevidenciariasExcetoIntraOrcamentariasBeneficiosPrevidenciario" xlink:title="DespesasPrevidenciariasExcetoIntraOrcamentariasBeneficiosPrevidenciario"/>
    <link:definitionArc xlink:type="arc" xlink:arcrole="http://xbrl.org/int/dim/arcrole/domain-member" xlink:from="DespesasPrevidenciariasRPPSCivisLineItems" xlink:to="DespesasPrevidenciariasExcetoIntraOrcamentariasBeneficiosPrevidenciario" xlink:title="definition: DespesasPrevidenciariasRPPSCivisLineItems to DespesasPrevidenciariasExcetoIntraOrcamentariasBeneficiosPrevidenciario" order="1.0"/>
    <link:loc xlink:type="locator" xlink:href="../../../cor/ic/siconfi-cor_2019-12-31.xsd#siconfi-cor_DespesasExcetoIntraOrcamentariasPessoalCivilOutrosBeneficiosPrevidenciariosRPPSPrevidenciario" xlink:label="DespesasExcetoIntraOrcamentariasPessoalCivilOutrosBeneficiosPrevidenciariosRPPSPrevidenciario" xlink:title="DespesasExcetoIntraOrcamentariasPessoalCivilOutrosBeneficiosPrevidenciariosRPPSPrevidenciario"/>
    <link:definitionArc xlink:type="arc" xlink:arcrole="http://xbrl.org/int/dim/arcrole/domain-member" xlink:from="DespesasPrevidenciariasExcetoIntraOrcamentariasBeneficiosPrevidenciario" xlink:to="DespesasExcetoIntraOrcamentariasPessoalCivilOutrosBeneficiosPrevidenciariosRPPSPrevidenciario" xlink:title="definition: DespesasPrevidenciariasExcetoIntraOrcamentariasBeneficiosPrevidenciario to DespesasExcetoIntraOrcamentariasPessoalCivilOutrosBeneficiosPrevidenciariosRPPSPrevidenciario" order="3.0"/>
    <link:loc xlink:type="locator" xlink:href="../../../cor/ic/siconfi-cor_2019-12-31.xsd#siconfi-cor_DespesasExcetoIntraOrcamentariasPessoalCivilPensoesRPPSPrevidenciario" xlink:label="DespesasExcetoIntraOrcamentariasPessoalCivilPensoesRPPSPrevidenciario" xlink:title="DespesasExcetoIntraOrcamentariasPessoalCivilPensoesRPPSPrevidenciario"/>
    <link:definitionArc xlink:type="arc" xlink:arcrole="http://xbrl.org/int/dim/arcrole/domain-member" xlink:from="DespesasPrevidenciariasExcetoIntraOrcamentariasBeneficiosPrevidenciario" xlink:to="DespesasExcetoIntraOrcamentariasPessoalCivilPensoesRPPSPrevidenciario" xlink:title="definition: DespesasPrevidenciariasExcetoIntraOrcamentariasBeneficiosPrevidenciario to DespesasExcetoIntraOrcamentariasPessoalCivilPensoesRPPSPrevidenciario" order="2.0"/>
    <link:loc xlink:type="locator" xlink:href="../../../cor/ic/siconfi-cor_2019-12-31.xsd#siconfi-cor_DespesasPrevidenciariasExcetoIntraOrcamentariasAposentadoriasReformasPrevidenciario" xlink:label="DespesasPrevidenciariasExcetoIntraOrcamentariasAposentadoriasReformasPrevidenciario" xlink:title="DespesasPrevidenciariasExcetoIntraOrcamentariasAposentadoriasReformasPrevidenciario"/>
    <link:definitionArc xlink:type="arc" xlink:arcrole="http://xbrl.org/int/dim/arcrole/domain-member" xlink:from="DespesasPrevidenciariasExcetoIntraOrcamentariasBeneficiosPrevidenciario" xlink:to="DespesasPrevidenciariasExcetoIntraOrcamentariasAposentadoriasReformasPrevidenciario" xlink:title="definition: DespesasPrevidenciariasExcetoIntraOrcamentariasBeneficiosPrevidenciario to DespesasPrevidenciariasExcetoIntraOrcamentariasAposentadoriasReformasPrevidenciario" order="1.0"/>
    <link:loc xlink:type="locator" xlink:href="../../../cor/ic/siconfi-cor_2019-12-31.xsd#siconfi-cor_DespesasExcetoIntraOrcamentariasOutrasDepesasRPPSPrevidenciario" xlink:label="DespesasExcetoIntraOrcamentariasOutrasDepesasRPPSPrevidenciario" xlink:title="DespesasExcetoIntraOrcamentariasOutrasDepesasRPPSPrevidenciario"/>
    <link:definitionArc xlink:type="arc" xlink:arcrole="http://xbrl.org/int/dim/arcrole/domain-member" xlink:from="DespesasPrevidenciariasRPPSCivisLineItems" xlink:to="DespesasExcetoIntraOrcamentariasOutrasDepesasRPPSPrevidenciario" xlink:title="definition: DespesasPrevidenciariasRPPSCivisLineItems to DespesasExcetoIntraOrcamentariasOutrasDepesasRPPSPrevidenciario" order="2.0"/>
    <link:loc xlink:type="locator" xlink:href="../../../cor/ic/siconfi-cor_2019-12-31.xsd#siconfi-cor_DespesasExcetoIntraOrcamentariasDemaisDespesasRPPSPrevidenciario" xlink:label="DespesasExcetoIntraOrcamentariasDemaisDespesasRPPSPrevidenciario" xlink:title="DespesasExcetoIntraOrcamentariasDemaisDespesasRPPSPrevidenciario"/>
    <link:definitionArc xlink:type="arc" xlink:arcrole="http://xbrl.org/int/dim/arcrole/domain-member" xlink:from="DespesasExcetoIntraOrcamentariasOutrasDepesasRPPSPrevidenciario" xlink:to="DespesasExcetoIntraOrcamentariasDemaisDespesasRPPSPrevidenciario" xlink:title="definition: DespesasExcetoIntraOrcamentariasOutrasDepesasRPPSPrevidenciario to DespesasExcetoIntraOrcamentariasDemaisDespesasRPPSPrevidenciario" order="3.0"/>
    <link:loc xlink:type="locator" xlink:href="../../../cor/ic/siconfi-cor_2019-12-31.xsd#siconfi-cor_ExtintoInstitutoDePrevidenciaDosCongressistas" xlink:label="ExtintoInstitutoDePrevidenciaDosCongressistas" xlink:title="ExtintoInstitutoDePrevidenciaDosCongressistas"/>
    <link:definitionArc xlink:type="arc" xlink:arcrole="http://xbrl.org/int/dim/arcrole/domain-member" xlink:from="DespesasExcetoIntraOrcamentariasOutrasDepesasRPPSPrevidenciario" xlink:to="ExtintoInstitutoDePrevidenciaDosCongressistas" xlink:title="definition: DespesasExcetoIntraOrcamentariasOutrasDepesasRPPSPrevidenciario to ExtintoInstitutoDePrevidenciaDosCongressistas" order="2.0"/>
    <link:loc xlink:type="locator" xlink:href="../../../cor/ic/siconfi-cor_2019-12-31.xsd#siconfi-cor_DespesasExcetoIntraOrcamentariasCompensacoesDoRPPSParaORGPSPrevidenciario" xlink:label="DespesasExcetoIntraOrcamentariasCompensacoesDoRPPSParaORGPSPrevidenciario" xlink:title="DespesasExcetoIntraOrcamentariasCompensacoesDoRPPSParaORGPSPrevidenciario"/>
    <link:definitionArc xlink:type="arc" xlink:arcrole="http://xbrl.org/int/dim/arcrole/domain-member" xlink:from="DespesasExcetoIntraOrcamentariasOutrasDepesasRPPSPrevidenciario" xlink:to="DespesasExcetoIntraOrcamentariasCompensacoesDoRPPSParaORGPSPrevidenciario" xlink:title="definition: DespesasExcetoIntraOrcamentariasOutrasDepesasRPPSPrevidenciario to DespesasExcetoIntraOrcamentariasCompensacoesDoRPPSParaORGPSPrevidenciario" order="1.0"/>
    <link:loc xlink:type="locator" xlink:href="siconfi-rreo-anexo4rppsuniao_2019-12-31.xsd#siconfi-rreo-anexo4rppsuniao_DespesasPrevidenciariasRPPSTable" xlink:label="DespesasPrevidenciariasRPPSTable" xlink:title="DespesasOrcamentariasTable"/>
    <link:definitionArc xlink:type="arc" xlink:arcrole="http://xbrl.org/int/dim/arcrole/all" xlink:from="DespesasPrevidenciariasRPPSCivisAbstract" xlink:to="DespesasPrevidenciariasRPPSTable" xlink:title="definition: DespesasPrevidenciariasRPPSCivisAbstract to DespesasPrevidenciariasRPPSTable" order="2.0" xbrldt:contextElement="segment" xbrldt:closed="true"/>
    <link:loc xlink:type="locator" xlink:href="../../../cor/dim/siconfi-dim_2019-12-31.xsd#siconfi-dim_ExecucaoDaDespesaPrevidenciariaAxis" xlink:label="ExecucaoDaDespesaPrevidenciariaAxis" xlink:title="ExecucaoDaDespesaPrevidenciariaAxis"/>
    <link:definitionArc xlink:type="arc" xlink:arcrole="http://xbrl.org/int/dim/arcrole/hypercube-dimension" xlink:from="DespesasPrevidenciariasRPPSTable" xlink:to="ExecucaoDaDespesaPrevidenciariaAxis" xlink:title="definition: DespesasPrevidenciariasRPPSTable to ExecucaoDaDespesaPrevidenciariaAxis" order="1.0"/>
    <link:loc xlink:type="locator" xlink:href="../../../cor/dim/siconfi-dim_2019-12-31.xsd#siconfi-dim_DotacaoInicialMember" xlink:label="DotacaoInicialMember" xlink:title="DotacaoInicialMember"/>
    <link:definitionArc xlink:type="arc" xlink:arcrole="http://xbrl.org/int/dim/arcrole/dimension-domain" xlink:from="ExecucaoDaDespesaPrevidenciariaAxis" xlink:to="DotacaoInicialMember" xlink:title="definition: ExecucaoDaDespesaPrevidenciariaAxis to DotacaoInicialMember" order="1.0"/>
    <link:loc xlink:type="locator" xlink:href="../../../cor/dim/siconfi-dim_2019-12-31.xsd#siconfi-dim_DotacaoAtualizadaMember" xlink:label="DotacaoAtualizadaMember" xlink:title="DotacaoAtualizadaMember"/>
    <link:definitionArc xlink:type="arc" xlink:arcrole="http://xbrl.org/int/dim/arcrole/dimension-domain" xlink:from="ExecucaoDaDespesaPrevidenciariaAxis" xlink:to="DotacaoAtualizadaMember" xlink:title="definition: ExecucaoDaDespesaPrevidenciariaAxis to DotacaoAtualizadaMember" order="2.0"/>
    <link:loc xlink:type="locator" xlink:href="../../../cor/dim/siconfi-dim_2019-12-31.xsd#siconfi-dim_DespesasInscritasEmRestosAPagarNaoProcessadosMember" xlink:label="DespesasInscritasEmRestosAPagarNaoProcessadosMember" xlink:title="DespesasInscritasEmRestosAPagarNaoProcessadosMember"/>
    <link:definitionArc xlink:type="arc" xlink:arcrole="http://xbrl.org/int/dim/arcrole/dimension-domain" xlink:from="ExecucaoDaDespesaPrevidenciariaAxis" xlink:to="DespesasInscritasEmRestosAPagarNaoProcessadosMember" xlink:title="definition: ExecucaoDaDespesaPrevidenciariaAxis to DespesasInscritasEmRestosAPagarNaoProcessadosMember" order="7.0" xbrldt:usable="false"/>
    <link:loc xlink:type="locator" xlink:href="../../../cor/dim/siconfi-dim_2019-12-31.xsd#siconfi-dim_DespesasInscritasEmRestosPagarNaoProcessadosExercicioAtualMember" xlink:label="DespesasInscritasEmRestosPagarNaoProcessadosExercicioAtualMember" xlink:title="DespesasInscritasEmRestosPagarNaoProcessadosExercicioAtualMember"/>
    <link:definitionArc xlink:type="arc" xlink:arcrole="http://xbrl.org/int/dim/arcrole/domain-member" xlink:from="DespesasInscritasEmRestosAPagarNaoProcessadosMember" xlink:to="DespesasInscritasEmRestosPagarNaoProcessadosExercicioAtualMember" xlink:title="definition: DespesasInscritasEmRestosAPagarNaoProcessadosMember to DespesasInscritasEmRestosPagarNaoProcessadosExercicioAtualMember" order="1.0"/>
    <link:loc xlink:type="locator" xlink:href="../../../cor/dim/siconfi-dim_2019-12-31.xsd#siconfi-dim_DespesasInscritasEmRestosPagarNaoProcessadosExercicioAnteriorMember" xlink:label="DespesasInscritasEmRestosPagarNaoProcessadosExercicioAnteriorMember" xlink:title="DespesasInscritasEmRestosPagarNaoProcessadosExercicioAnteriorMember"/>
    <link:definitionArc xlink:type="arc" xlink:arcrole="http://xbrl.org/int/dim/arcrole/domain-member" xlink:from="DespesasInscritasEmRestosAPagarNaoProcessadosMember" xlink:to="DespesasInscritasEmRestosPagarNaoProcessadosExercicioAnteriorMember" xlink:title="definition: DespesasInscritasEmRestosAPagarNaoProcessadosMember to DespesasInscritasEmRestosPagarNaoProcessadosExercicioAnteriorMember" order="2.0"/>
    <link:loc xlink:type="locator" xlink:href="../../../cor/dim/siconfi-dim_2019-12-31.xsd#siconfi-dim_DespesasEmpenhadasAteOBimestreMember" xlink:label="DespesasEmpenhadasAteOBimestreMember" xlink:title="DespesasEmpenhadasAteOBimestreMember"/>
    <link:definitionArc xlink:type="arc" xlink:arcrole="http://xbrl.org/int/dim/arcrole/dimension-domain" xlink:from="ExecucaoDaDespesaPrevidenciariaAxis" xlink:to="DespesasEmpenhadasAteOBimestreMember" xlink:title="definition: ExecucaoDaDespesaPrevidenciariaAxis to DespesasEmpenhadasAteOBimestreMember" order="3.0"/>
    <link:loc xlink:type="locator" xlink:href="../../../cor/dim/siconfi-dim_2019-12-31.xsd#siconfi-dim_DespesasEmpenhadasAteOBimestreExercicioAnteriorMember" xlink:label="DespesasEmpenhadasAteOBimestreExercicioAnteriorMember" xlink:title="DespesasEmpenhadasAteOBimestreExercicioAnteriorMember"/>
    <link:definitionArc xlink:type="arc" xlink:arcrole="http://xbrl.org/int/dim/arcrole/dimension-domain" xlink:from="ExecucaoDaDespesaPrevidenciariaAxis" xlink:to="DespesasEmpenhadasAteOBimestreExercicioAnteriorMember" xlink:title="definition: ExecucaoDaDespesaPrevidenciariaAxis to DespesasEmpenhadasAteOBimestreExercicioAnteriorMember" order="4.0"/>
    <link:loc xlink:type="locator" xlink:href="../../../cor/dim/siconfi-dim_2019-12-31.xsd#siconfi-dim_DespesasLiquidadasAteOBimestreMember" xlink:label="DespesasLiquidadasAteOBimestreMember" xlink:title="DespesasLiquidadasAteOBimestreMember"/>
    <link:definitionArc xlink:type="arc" xlink:arcrole="http://xbrl.org/int/dim/arcrole/dimension-domain" xlink:from="ExecucaoDaDespesaPrevidenciariaAxis" xlink:to="DespesasLiquidadasAteOBimestreMember" xlink:title="definition: ExecucaoDaDespesaPrevidenciariaAxis to DespesasLiquidadasAteOBimestreMember" order="5.0"/>
    <link:loc xlink:type="locator" xlink:href="../../../cor/dim/siconfi-dim_2019-12-31.xsd#siconfi-dim_DespesasLiquidadasAteOBimestreExercicioAnteriorMember" xlink:label="DespesasLiquidadasAteOBimestreExercicioAnteriorMember" xlink:title="DespesasLiquidadasAteOBimestreExercicioAnteriorMember"/>
    <link:definitionArc xlink:type="arc" xlink:arcrole="http://xbrl.org/int/dim/arcrole/dimension-domain" xlink:from="ExecucaoDaDespesaPrevidenciariaAxis" xlink:to="DespesasLiquidadasAteOBimestreExercicioAnteriorMember" xlink:title="definition: ExecucaoDaDespesaPrevidenciariaAxis to DespesasLiquidadasAteOBimestreExercicioAnteriorMember" order="6.0"/>
  </link:definitionLink>
  <link:definitionLink xlink:type="extended" xlink:role="http://fazenda.gov.br/siconfi/rep/rreo/anexo4rppsuniao/siconfi-rreo-anexo4rppsuniao-tabela4.1H">
    <link:loc xlink:type="locator" xlink:href="siconfi-rreo-anexo4rppsuniao_2019-12-31.xsd#siconfi-rreo-anexo4rppsuniao_ReceitasPrevidenciariasRPPSCivisAbstract" xlink:label="ReceitasPrevidenciariasRPPSCivisAbstract" xlink:title="ReceitasPrevidenciariasRPPSCivisAbstract"/>
    <link:loc xlink:type="locator" xlink:href="siconfi-rreo-anexo4rppsuniao_2019-12-31.xsd#siconfi-rreo-anexo4rppsuniao_ReceitasPrevidenciariasRPPSCivisLineItems" xlink:label="ReceitasPrevidenciariasRPPSCivisLineItems" xlink:title="ReceitasOrcamentariasLineItems"/>
    <link:definitionArc xlink:type="arc" xlink:arcrole="http://xbrl.org/int/dim/arcrole/domain-member" xlink:from="ReceitasPrevidenciariasRPPSCivisAbstract" xlink:to="ReceitasPrevidenciariasRPPSCivisLineItems" xlink:title="definition: ReceitasPrevidenciariasRPPSCivisAbstract to ReceitasPrevidenciariasRPPSCivisLineItems" order="1.0"/>
    <link:loc xlink:type="locator" xlink:href="../../../cor/ic/siconfi-cor_2019-12-31.xsd#siconfi-cor_ReceitasCorrentesRPPSBrutasPrevidenciario" xlink:label="ReceitasCorrentesRPPSBrutasPrevidenciario" xlink:title="ReceitasCorrentesRPPSBrutasPrevidenciario"/>
    <link:definitionArc xlink:type="arc" xlink:arcrole="http://xbrl.org/int/dim/arcrole/domain-member" xlink:from="ReceitasPrevidenciariasRPPSCivisLineItems" xlink:to="ReceitasCorrentesRPPSBrutasPrevidenciario" xlink:title="definition: ReceitasPrevidenciariasRPPSCivisLineItems to ReceitasCorrentesRPPSBrutasPrevidenciario" order="1.0"/>
    <link:loc xlink:type="locator" xlink:href="../../../cor/ic/siconfi-cor_2019-12-31.xsd#siconfi-cor_ReceitaDeContribuicoesDosSeguradosBrutaPrevidenciario" xlink:label="ReceitaDeContribuicoesDosSeguradosBrutaPrevidenciario" xlink:title="ReceitaDeContribuicoesDosSeguradosBrutaPrevidenciario"/>
    <link:definitionArc xlink:type="arc" xlink:arcrole="http://xbrl.org/int/dim/arcrole/domain-member" xlink:from="ReceitasCorrentesRPPSBrutasPrevidenciario" xlink:to="ReceitaDeContribuicoesDosSeguradosBrutaPrevidenciario" xlink:title="definition: ReceitasCorrentesRPPSBrutasPrevidenciario to ReceitaDeContribuicoesDosSeguradosBrutaPrevidenciario" order="1.0"/>
    <link:loc xlink:type="locator" xlink:href="../../../cor/ic/siconfi-cor_2019-12-31.xsd#siconfi-cor_ReceitaDeContribuicoesDosSeguradosPrevidenciario" xlink:label="ReceitaDeContribuicoesDosSeguradosPrevidenciario" xlink:title="ReceitaDeContribuicoesDosSeguradosPrevidenciario"/>
    <link:definitionArc xlink:type="arc" xlink:arcrole="http://xbrl.org/int/dim/arcrole/domain-member" xlink:from="ReceitaDeContribuicoesDosSeguradosBrutaPrevidenciario" xlink:to="ReceitaDeContribuicoesDosSeguradosPrevidenciario" xlink:title="definition: ReceitaDeContribuicoesDosSeguradosBrutaPrevidenciario to ReceitaDeContribuicoesDosSeguradosPrevidenciario" order="1.0"/>
    <link:loc xlink:type="locator" xlink:href="../../../cor/ic/siconfi-cor_2019-12-31.xsd#siconfi-cor_ReceitaDeContribuicoesDosSeguradoslAtivoPrevidenciario" xlink:label="ReceitaDeContribuicoesDosSeguradoslAtivoPrevidenciario" xlink:title="ReceitaDeContribuicoesDosSeguradoslAtivoPrevidenciario"/>
    <link:definitionArc xlink:type="arc" xlink:arcrole="http://xbrl.org/int/dim/arcrole/domain-member" xlink:from="ReceitaDeContribuicoesDosSeguradosPrevidenciario" xlink:to="ReceitaDeContribuicoesDosSeguradoslAtivoPrevidenciario" xlink:title="definition: ReceitaDeContribuicoesDosSeguradosPrevidenciario to ReceitaDeContribuicoesDosSeguradoslAtivoPrevidenciario" order="1.0"/>
    <link:loc xlink:type="locator" xlink:href="../../../cor/ic/siconfi-cor_2019-12-31.xsd#siconfi-cor_ReceitaDeContribuicoesDosSeguradosInativoPrevidenciario" xlink:label="ReceitaDeContribuicoesDosSeguradosInativoPrevidenciario" xlink:title="ReceitaDeContribuicoesDosSeguradosInativoPrevidenciario"/>
    <link:definitionArc xlink:type="arc" xlink:arcrole="http://xbrl.org/int/dim/arcrole/domain-member" xlink:from="ReceitaDeContribuicoesDosSeguradosPrevidenciario" xlink:to="ReceitaDeContribuicoesDosSeguradosInativoPrevidenciario" xlink:title="definition: ReceitaDeContribuicoesDosSeguradosPrevidenciario to ReceitaDeContribuicoesDosSeguradosInativoPrevidenciario" order="3.0"/>
    <link:loc xlink:type="locator" xlink:href="../../../cor/ic/siconfi-cor_2019-12-31.xsd#siconfi-cor_ReceitaDeContribuicoesDosSeguradosPensionistaPrevidenciario" xlink:label="ReceitaDeContribuicoesDosSeguradosPensionistaPrevidenciario" xlink:title="ReceitaDeContribuicoesDosSeguradosPensionistaPrevidenciario"/>
    <link:definitionArc xlink:type="arc" xlink:arcrole="http://xbrl.org/int/dim/arcrole/domain-member" xlink:from="ReceitaDeContribuicoesDosSeguradosPrevidenciario" xlink:to="ReceitaDeContribuicoesDosSeguradosPensionistaPrevidenciario" xlink:title="definition: ReceitaDeContribuicoesDosSeguradosPrevidenciario to ReceitaDeContribuicoesDosSeguradosPensionistaPrevidenciario" order="5.0"/>
    <link:loc xlink:type="locator" xlink:href="../../../cor/ic/siconfi-cor_2019-12-31.xsd#siconfi-cor_ReceitaDeContribuicoesPatronalPrevidenciario" xlink:label="ReceitaDeContribuicoesPatronalPrevidenciario" xlink:title="ReceitaDeContribuicoesPatronalPrevidenciario"/>
    <link:definitionArc xlink:type="arc" xlink:arcrole="http://xbrl.org/int/dim/arcrole/domain-member" xlink:from="ReceitaDeContribuicoesDosSeguradosBrutaPrevidenciario" xlink:to="ReceitaDeContribuicoesPatronalPrevidenciario" xlink:title="definition: ReceitaDeContribuicoesDosSeguradosBrutaPrevidenciario to ReceitaDeContribuicoesPatronalPrevidenciario" order="2.0"/>
    <link:loc xlink:type="locator" xlink:href="../../../cor/ic/siconfi-cor_2019-12-31.xsd#siconfi-cor_ReceitaDeContribuicoesPatronalAtivoPrevidenciario" xlink:label="ReceitaDeContribuicoesPatronalAtivoPrevidenciario" xlink:title="ReceitaDeContribuicoesPatronalAtivoPrevidenciario"/>
    <link:definitionArc xlink:type="arc" xlink:arcrole="http://xbrl.org/int/dim/arcrole/domain-member" xlink:from="ReceitaDeContribuicoesPatronalPrevidenciario" xlink:to="ReceitaDeContribuicoesPatronalAtivoPrevidenciario" xlink:title="definition: ReceitaDeContribuicoesPatronalPrevidenciario to ReceitaDeContribuicoesPatronalAtivoPrevidenciario" order="1.0"/>
    <link:loc xlink:type="locator" xlink:href="../../../cor/ic/siconfi-cor_2019-12-31.xsd#siconfi-cor_ReceitaDeContribuicoesPatronalInativoPrevidenciario" xlink:label="ReceitaDeContribuicoesPatronalInativoPrevidenciario" xlink:title="ReceitaDeContribuicoesPatronalInativoPrevidenciario"/>
    <link:definitionArc xlink:type="arc" xlink:arcrole="http://xbrl.org/int/dim/arcrole/domain-member" xlink:from="ReceitaDeContribuicoesPatronalPrevidenciario" xlink:to="ReceitaDeContribuicoesPatronalInativoPrevidenciario" xlink:title="definition: ReceitaDeContribuicoesPatronalPrevidenciario to ReceitaDeContribuicoesPatronalInativoPrevidenciario" order="2.0"/>
    <link:loc xlink:type="locator" xlink:href="../../../cor/ic/siconfi-cor_2019-12-31.xsd#siconfi-cor_ReceitaDeContribuicoesPatronalPensionistaPrevidenciario" xlink:label="ReceitaDeContribuicoesPatronalPensionistaPrevidenciario" xlink:title="ReceitaDeContribuicoesPatronalPensionistaPrevidenciario"/>
    <link:definitionArc xlink:type="arc" xlink:arcrole="http://xbrl.org/int/dim/arcrole/domain-member" xlink:from="ReceitaDeContribuicoesPatronalPrevidenciario" xlink:to="ReceitaDeContribuicoesPatronalPensionistaPrevidenciario" xlink:title="definition: ReceitaDeContribuicoesPatronalPrevidenciario to ReceitaDeContribuicoesPatronalPensionistaPrevidenciario" order="3.0"/>
    <link:loc xlink:type="locator" xlink:href="../../../cor/ic/siconfi-cor_2019-12-31.xsd#siconfi-cor_ReceitaPatrimonialRPPSBrutaPrevidenciario" xlink:label="ReceitaPatrimonialRPPSBrutaPrevidenciario" xlink:title="ReceitaPatrimonialRPPSBrutaPrevidenciario"/>
    <link:definitionArc xlink:type="arc" xlink:arcrole="http://xbrl.org/int/dim/arcrole/domain-member" xlink:from="ReceitasCorrentesRPPSBrutasPrevidenciario" xlink:to="ReceitaPatrimonialRPPSBrutaPrevidenciario" xlink:title="definition: ReceitasCorrentesRPPSBrutasPrevidenciario to ReceitaPatrimonialRPPSBrutaPrevidenciario" order="2.0"/>
    <link:loc xlink:type="locator" xlink:href="../../../cor/ic/siconfi-cor_2019-12-31.xsd#siconfi-cor_ReceitasImobiliariasPrevidenciariasBrutasPrevidenciario" xlink:label="ReceitasImobiliariasPrevidenciariasBrutasPrevidenciario" xlink:title="ReceitasImobiliariasPrevidenciariasBrutasPrevidenciario"/>
    <link:definitionArc xlink:type="arc" xlink:arcrole="http://xbrl.org/int/dim/arcrole/domain-member" xlink:from="ReceitaPatrimonialRPPSBrutaPrevidenciario" xlink:to="ReceitasImobiliariasPrevidenciariasBrutasPrevidenciario" xlink:title="definition: ReceitaPatrimonialRPPSBrutaPrevidenciario to ReceitasImobiliariasPrevidenciariasBrutasPrevidenciario" order="1.0"/>
    <link:loc xlink:type="locator" xlink:href="../../../cor/ic/siconfi-cor_2019-12-31.xsd#siconfi-cor_ReceitasDeValoresMobiliariosPrevidenciariasBrutasPrevidenciario" xlink:label="ReceitasDeValoresMobiliariosPrevidenciariasBrutasPrevidenciario" xlink:title="ReceitasDeValoresMobiliariosPrevidenciariasBrutasPrevidenciario"/>
    <link:definitionArc xlink:type="arc" xlink:arcrole="http://xbrl.org/int/dim/arcrole/domain-member" xlink:from="ReceitaPatrimonialRPPSBrutaPrevidenciario" xlink:to="ReceitasDeValoresMobiliariosPrevidenciariasBrutasPrevidenciario" xlink:title="definition: ReceitaPatrimonialRPPSBrutaPrevidenciario to ReceitasDeValoresMobiliariosPrevidenciariasBrutasPrevidenciario" order="2.0"/>
    <link:loc xlink:type="locator" xlink:href="../../../cor/ic/siconfi-cor_2019-12-31.xsd#siconfi-cor_OutrasReceitasPatrimoniaisPrevidenciariasBrutasPrevidenciario" xlink:label="OutrasReceitasPatrimoniaisPrevidenciariasBrutasPrevidenciario" xlink:title="OutrasReceitasPatrimoniaisPrevidenciariasBrutasPrevidenciario"/>
    <link:definitionArc xlink:type="arc" xlink:arcrole="http://xbrl.org/int/dim/arcrole/domain-member" xlink:from="ReceitaPatrimonialRPPSBrutaPrevidenciario" xlink:to="OutrasReceitasPatrimoniaisPrevidenciariasBrutasPrevidenciario" xlink:title="definition: ReceitaPatrimonialRPPSBrutaPrevidenciario to OutrasReceitasPatrimoniaisPrevidenciariasBrutasPrevidenciario" order="3.0"/>
    <link:loc xlink:type="locator" xlink:href="../../../cor/ic/siconfi-cor_2019-12-31.xsd#siconfi-cor_OutrasReceitasCorrentesRPPSBrutasPrevidenciario" xlink:label="OutrasReceitasCorrentesRPPSBrutasPrevidenciario" xlink:title="OutrasReceitasCorrentesRPPSBrutasPrevidenciario"/>
    <link:definitionArc xlink:type="arc" xlink:arcrole="http://xbrl.org/int/dim/arcrole/domain-member" xlink:from="ReceitasCorrentesRPPSBrutasPrevidenciario" xlink:to="OutrasReceitasCorrentesRPPSBrutasPrevidenciario" xlink:title="definition: ReceitasCorrentesRPPSBrutasPrevidenciario to OutrasReceitasCorrentesRPPSBrutasPrevidenciario" order="3.0"/>
    <link:loc xlink:type="locator" xlink:href="../../../cor/ic/siconfi-cor_2019-12-31.xsd#siconfi-cor_CompensacaoPrevidenciariaDoRGPSParaORPPSBrutaPrevidenciario" xlink:label="CompensacaoPrevidenciariaDoRGPSParaORPPSBrutaPrevidenciario" xlink:title="CompensacaoPrevidenciariaDoRGPSParaORPPSBrutaPrevidenciario"/>
    <link:definitionArc xlink:type="arc" xlink:arcrole="http://xbrl.org/int/dim/arcrole/domain-member" xlink:from="OutrasReceitasCorrentesRPPSBrutasPrevidenciario" xlink:to="CompensacaoPrevidenciariaDoRGPSParaORPPSBrutaPrevidenciario" xlink:title="definition: OutrasReceitasCorrentesRPPSBrutasPrevidenciario to CompensacaoPrevidenciariaDoRGPSParaORPPSBrutaPrevidenciario" order="1.0"/>
    <link:loc xlink:type="locator" xlink:href="../../../cor/ic/siconfi-cor_2019-12-31.xsd#siconfi-cor_DemaisReceitasCorrentesRPPSBrutasPrevidenciario" xlink:label="DemaisReceitasCorrentesRPPSBrutasPrevidenciario" xlink:title="DemaisReceitasCorrentesRPPSBrutasPrevidenciario"/>
    <link:definitionArc xlink:type="arc" xlink:arcrole="http://xbrl.org/int/dim/arcrole/domain-member" xlink:from="OutrasReceitasCorrentesRPPSBrutasPrevidenciario" xlink:to="DemaisReceitasCorrentesRPPSBrutasPrevidenciario" xlink:title="definition: OutrasReceitasCorrentesRPPSBrutasPrevidenciario to DemaisReceitasCorrentesRPPSBrutasPrevidenciario" order="2.0"/>
    <link:loc xlink:type="locator" xlink:href="../../../cor/ic/siconfi-cor_2019-12-31.xsd#siconfi-cor_ReceitasDeCapitalRPPSBrutasPrevidenciario" xlink:label="ReceitasDeCapitalRPPSBrutasPrevidenciario" xlink:title="ReceitasDeCapitalRPPSBrutasPrevidenciario"/>
    <link:definitionArc xlink:type="arc" xlink:arcrole="http://xbrl.org/int/dim/arcrole/domain-member" xlink:from="ReceitasPrevidenciariasRPPSCivisLineItems" xlink:to="ReceitasDeCapitalRPPSBrutasPrevidenciario" xlink:title="definition: ReceitasPrevidenciariasRPPSCivisLineItems to ReceitasDeCapitalRPPSBrutasPrevidenciario" order="2.0"/>
    <link:loc xlink:type="locator" xlink:href="../../../cor/ic/siconfi-cor_2019-12-31.xsd#siconfi-cor_AlienacaoDeBensDireitosEAtivosRPPSBrutaPrevidenciario" xlink:label="AlienacaoDeBensDireitosEAtivosRPPSBrutaPrevidenciario" xlink:title="AlienacaoDeBensDireitosEAtivosRPPSBrutaPrevidenciario"/>
    <link:definitionArc xlink:type="arc" xlink:arcrole="http://xbrl.org/int/dim/arcrole/domain-member" xlink:from="ReceitasDeCapitalRPPSBrutasPrevidenciario" xlink:to="AlienacaoDeBensDireitosEAtivosRPPSBrutaPrevidenciario" xlink:title="definition: ReceitasDeCapitalRPPSBrutasPrevidenciario to AlienacaoDeBensDireitosEAtivosRPPSBrutaPrevidenciario" order="1.0"/>
    <link:loc xlink:type="locator" xlink:href="../../../cor/ic/siconfi-cor_2019-12-31.xsd#siconfi-cor_AmortizacaoDeEmprestimosPrevidenciariaBrutaPrevidenciario" xlink:label="AmortizacaoDeEmprestimosPrevidenciariaBrutaPrevidenciario" xlink:title="AmortizacaoDeEmprestimosPrevidenciariaBrutaPrevidenciario"/>
    <link:definitionArc xlink:type="arc" xlink:arcrole="http://xbrl.org/int/dim/arcrole/domain-member" xlink:from="ReceitasDeCapitalRPPSBrutasPrevidenciario" xlink:to="AmortizacaoDeEmprestimosPrevidenciariaBrutaPrevidenciario" xlink:title="definition: ReceitasDeCapitalRPPSBrutasPrevidenciario to AmortizacaoDeEmprestimosPrevidenciariaBrutaPrevidenciario" order="2.0"/>
    <link:loc xlink:type="locator" xlink:href="../../../cor/ic/siconfi-cor_2019-12-31.xsd#siconfi-cor_OutrasReceitasDeCapitalRPPSBrutasPrevidenciario" xlink:label="OutrasReceitasDeCapitalRPPSBrutasPrevidenciario" xlink:title="OutrasReceitasDeCapitalRPPSBrutasPrevidenciario"/>
    <link:definitionArc xlink:type="arc" xlink:arcrole="http://xbrl.org/int/dim/arcrole/domain-member" xlink:from="ReceitasDeCapitalRPPSBrutasPrevidenciario" xlink:to="OutrasReceitasDeCapitalRPPSBrutasPrevidenciario" xlink:title="definition: ReceitasDeCapitalRPPSBrutasPrevidenciario to OutrasReceitasDeCapitalRPPSBrutasPrevidenciario" order="3.0"/>
    <link:loc xlink:type="locator" xlink:href="../../../cor/ic/siconfi-cor_2019-12-31.xsd#siconfi-cor_TotalReceitasRPPSPrevidenciario" xlink:label="TotalReceitasRPPSPrevidenciario" xlink:title="TotalReceitasRPPSPrevidenciario"/>
    <link:definitionArc xlink:type="arc" xlink:arcrole="http://xbrl.org/int/dim/arcrole/domain-member" xlink:from="ReceitasPrevidenciariasRPPSCivisLineItems" xlink:to="TotalReceitasRPPSPrevidenciario" xlink:title="definition: ReceitasPrevidenciariasRPPSCivisLineItems to TotalReceitasRPPSPrevidenciario" order="3.0"/>
    <link:loc xlink:type="locator" xlink:href="siconfi-rreo-anexo4rppsuniao_2019-12-31.xsd#siconfi-rreo-anexo4rppsuniao_ReceitasPrevidenciariasRPPSTable" xlink:label="ReceitasPrevidenciariasRPPSTable" xlink:title="ReceitasOrcamentariasTable"/>
    <link:definitionArc xlink:type="arc" xlink:arcrole="http://xbrl.org/int/dim/arcrole/all" xlink:from="ReceitasPrevidenciariasRPPSCivisAbstract" xlink:to="ReceitasPrevidenciariasRPPSTable" xlink:title="definition: ReceitasPrevidenciariasRPPSCivisAbstract to ReceitasPrevidenciariasRPPSTable" order="2.0" xbrldt:contextElement="segment" xbrldt:closed="true"/>
    <link:loc xlink:type="locator" xlink:href="../../../cor/dim/siconfi-dim_2019-12-31.xsd#siconfi-dim_ExecucaoDaReceitaPrevidenciariaAxis" xlink:label="ExecucaoDaReceitaPrevidenciariaAxis" xlink:title="ExecucaoDaReceitaPrevidenciariaAxis"/>
    <link:definitionArc xlink:type="arc" xlink:arcrole="http://xbrl.org/int/dim/arcrole/hypercube-dimension" xlink:from="ReceitasPrevidenciariasRPPSTable" xlink:to="ExecucaoDaReceitaPrevidenciariaAxis" xlink:title="definition: ReceitasPrevidenciariasRPPSTable to ExecucaoDaReceitaPrevidenciariaAxis" order="1.0"/>
    <link:loc xlink:type="locator" xlink:href="../../../cor/dim/siconfi-dim_2019-12-31.xsd#siconfi-dim_PrevisaoInicialMember" xlink:label="PrevisaoInicialMember" xlink:title="PrevisaoInicialMember"/>
    <link:definitionArc xlink:type="arc" xlink:arcrole="http://xbrl.org/int/dim/arcrole/dimension-domain" xlink:from="ExecucaoDaReceitaPrevidenciariaAxis" xlink:to="PrevisaoInicialMember" xlink:title="definition: ExecucaoDaReceitaPrevidenciariaAxis to PrevisaoInicialMember" order="1.0"/>
    <link:loc xlink:type="locator" xlink:href="../../../cor/dim/siconfi-dim_2019-12-31.xsd#siconfi-dim_PrevisaoAtualizadaMember" xlink:label="PrevisaoAtualizadaMember" xlink:title="PrevisaoAtualizadaMember"/>
    <link:definitionArc xlink:type="arc" xlink:arcrole="http://xbrl.org/int/dim/arcrole/dimension-domain" xlink:from="ExecucaoDaReceitaPrevidenciariaAxis" xlink:to="PrevisaoAtualizadaMember" xlink:title="definition: ExecucaoDaReceitaPrevidenciariaAxis to PrevisaoAtualizadaMember" order="2.0"/>
    <link:loc xlink:type="locator" xlink:href="../../../cor/dim/siconfi-dim_2019-12-31.xsd#siconfi-dim_ReceitasRealizadasMember" xlink:label="ReceitasRealizadasMember" xlink:title="ReceitasRealizadasMember"/>
    <link:definitionArc xlink:type="arc" xlink:arcrole="http://xbrl.org/int/dim/arcrole/dimension-domain" xlink:from="ExecucaoDaReceitaPrevidenciariaAxis" xlink:to="ReceitasRealizadasMember" xlink:title="definition: ExecucaoDaReceitaPrevidenciariaAxis to ReceitasRealizadasMember" order="3.0" xbrldt:usable="false"/>
    <link:loc xlink:type="locator" xlink:href="../../../cor/dim/siconfi-dim_2019-12-31.xsd#siconfi-dim_ReceitasRealizadasAteOBimestreMember" xlink:label="ReceitasRealizadasAteOBimestreMember" xlink:title="ReceitasRealizadasAteOBimestreMember"/>
    <link:definitionArc xlink:type="arc" xlink:arcrole="http://xbrl.org/int/dim/arcrole/domain-member" xlink:from="ReceitasRealizadasMember" xlink:to="ReceitasRealizadasAteOBimestreMember" xlink:title="definition: ReceitasRealizadasMember to ReceitasRealizadasAteOBimestreMember" order="1.0"/>
    <link:loc xlink:type="locator" xlink:href="../../../cor/dim/siconfi-dim_2019-12-31.xsd#siconfi-dim_ReceitasRealizadasAteOBimestreExercicioAnteriorMember" xlink:label="ReceitasRealizadasAteOBimestreExercicioAnteriorMember" xlink:title="ReceitasRealizadasAteOBimestreExercicioAnteriorMember"/>
    <link:definitionArc xlink:type="arc" xlink:arcrole="http://xbrl.org/int/dim/arcrole/domain-member" xlink:from="ReceitasRealizadasMember" xlink:to="ReceitasRealizadasAteOBimestreExercicioAnteriorMember" xlink:title="definition: ReceitasRealizadasMember to ReceitasRealizadasAteOBimestreExercicioAnteriorMember" order="2.0"/>
  </link:definitionLink>
  <link:definitionLink xlink:type="extended" xlink:role="http://fazenda.gov.br/siconfi/rep/rreo/anexo4rppsuniao/siconfi-rreo-anexo4rppsuniao-tabela4.1N">
    <link:loc xlink:type="locator" xlink:href="siconfi-rreo-anexo4rppsuniao_2019-12-31.xsd#siconfi-rreo-anexo4rppsuniao_BensEDireitosDoRPPSCivisAbstract" xlink:label="BensEDireitosDoRPPSCivisAbstract" xlink:title="BensEDireitosDoRPPSCivisAbstract"/>
    <link:loc xlink:type="locator" xlink:href="siconfi-rreo-anexo4rppsuniao_2019-12-31.xsd#siconfi-rreo-anexo4rppsuniao_BensEDireitosDoRPPSCivisLineItems" xlink:label="BensEDireitosDoRPPSCivisLineItems" xlink:title="BensEDireitosDoRPPSLineItems"/>
    <link:definitionArc xlink:type="arc" xlink:arcrole="http://xbrl.org/int/dim/arcrole/domain-member" xlink:from="BensEDireitosDoRPPSCivisAbstract" xlink:to="BensEDireitosDoRPPSCivisLineItems" xlink:title="definition: BensEDireitosDoRPPSCivisAbstract to BensEDireitosDoRPPSCivisLineItems" order="1.0"/>
    <link:loc xlink:type="locator" xlink:href="../../../cor/ic/siconfi-cor_2019-12-31.xsd#siconfi-cor_RREO4CaixaDoRPPSPrevidenciario" xlink:label="RREO4CaixaDoRPPSPrevidenciario" xlink:title="RREO4CaixaDoRPPSPrevidenciario"/>
    <link:definitionArc xlink:type="arc" xlink:arcrole="http://xbrl.org/int/dim/arcrole/domain-member" xlink:from="BensEDireitosDoRPPSCivisLineItems" xlink:to="RREO4CaixaDoRPPSPrevidenciario" xlink:title="definition: BensEDireitosDoRPPSCivisLineItems to RREO4CaixaDoRPPSPrevidenciario" order="1.0"/>
    <link:loc xlink:type="locator" xlink:href="../../../cor/ic/siconfi-cor_2019-12-31.xsd#siconfi-cor_InvestimentosDoRPPSPrevidenciario" xlink:label="InvestimentosDoRPPSPrevidenciario" xlink:title="InvestimentosDoRPPSPrevidenciario"/>
    <link:definitionArc xlink:type="arc" xlink:arcrole="http://xbrl.org/int/dim/arcrole/domain-member" xlink:from="BensEDireitosDoRPPSCivisLineItems" xlink:to="InvestimentosDoRPPSPrevidenciario" xlink:title="definition: BensEDireitosDoRPPSCivisLineItems to InvestimentosDoRPPSPrevidenciario" order="2.0"/>
    <link:loc xlink:type="locator" xlink:href="../../../cor/ic/siconfi-cor_2019-12-31.xsd#siconfi-cor_OutrosBensEDireitosDoRPPSPrevidenciario" xlink:label="OutrosBensEDireitosDoRPPSPrevidenciario" xlink:title="OutrosBensEDireitosDoRPPSPrevidenciario"/>
    <link:definitionArc xlink:type="arc" xlink:arcrole="http://xbrl.org/int/dim/arcrole/domain-member" xlink:from="BensEDireitosDoRPPSCivisLineItems" xlink:to="OutrosBensEDireitosDoRPPSPrevidenciario" xlink:title="definition: BensEDireitosDoRPPSCivisLineItems to OutrosBensEDireitosDoRPPSPrevidenciario" order="3.0"/>
    <link:loc xlink:type="locator" xlink:href="siconfi-rreo-anexo4rppsuniao_2019-12-31.xsd#siconfi-rreo-anexo4rppsuniao_BensEDireitosDoRPPSTable" xlink:label="BensEDireitosDoRPPSTable" xlink:title="BensEDireitosDoRPPSTable"/>
    <link:definitionArc xlink:type="arc" xlink:arcrole="http://xbrl.org/int/dim/arcrole/all" xlink:from="BensEDireitosDoRPPSCivisAbstract" xlink:to="BensEDireitosDoRPPSTable" xlink:title="definition: BensEDireitosDoRPPSCivisAbstract to BensEDireitosDoRPPSTable" order="2.0" xbrldt:contextElement="segment" xbrldt:closed="true"/>
    <link:loc xlink:type="locator" xlink:href="../../../cor/dim/siconfi-dim_2019-12-31.xsd#siconfi-dim_PeriodoDeReferenciaPrevidenciariaAxis" xlink:label="PeriodoDeReferenciaPrevidenciariaAxis" xlink:title="PeriodoDeReferenciaPrevidenciariaAxis"/>
    <link:definitionArc xlink:type="arc" xlink:arcrole="http://xbrl.org/int/dim/arcrole/hypercube-dimension" xlink:from="BensEDireitosDoRPPSTable" xlink:to="PeriodoDeReferenciaPrevidenciariaAxis" xlink:title="definition: BensEDireitosDoRPPSTable to PeriodoDeReferenciaPrevidenciariaAxis" order="1.0"/>
    <link:loc xlink:type="locator" xlink:href="../../../cor/dim/siconfi-dim_2019-12-31.xsd#siconfi-dim_PeriodoDeReferenciaMember" xlink:label="PeriodoDeReferenciaMember" xlink:title="PeriodoDeReferenciaMember"/>
    <link:definitionArc xlink:type="arc" xlink:arcrole="http://xbrl.org/int/dim/arcrole/dimension-domain" xlink:from="PeriodoDeReferenciaPrevidenciariaAxis" xlink:to="PeriodoDeReferenciaMember" xlink:title="definition: PeriodoDeReferenciaPrevidenciariaAxis to PeriodoDeReferenciaMember" order="1.0" xbrldt:usable="false"/>
    <link:loc xlink:type="locator" xlink:href="../../../cor/dim/siconfi-dim_2019-12-31.xsd#siconfi-dim_AteOPeriodoExercicioAtualMember" xlink:label="AteOPeriodoExercicioAtualMember" xlink:title="AteOPeriodoExercicioAtualMember"/>
    <link:definitionArc xlink:type="arc" xlink:arcrole="http://xbrl.org/int/dim/arcrole/domain-member" xlink:from="PeriodoDeReferenciaMember" xlink:to="AteOPeriodoExercicioAtualMember" xlink:title="definition: PeriodoDeReferenciaMember to AteOPeriodoExercicioAtualMember" order="1.0"/>
    <link:loc xlink:type="locator" xlink:href="../../../cor/dim/siconfi-dim_2019-12-31.xsd#siconfi-dim_AteOPeriodoExercicioAnteriorMember" xlink:label="AteOPeriodoExercicioAnteriorMember" xlink:title="AteOPeriodoExercicioAnteriorMember"/>
    <link:definitionArc xlink:type="arc" xlink:arcrole="http://xbrl.org/int/dim/arcrole/domain-member" xlink:from="PeriodoDeReferenciaMember" xlink:to="AteOPeriodoExercicioAnteriorMember" xlink:title="definition: PeriodoDeReferenciaMember to AteOPeriodoExercicioAnteriorMember" order="2.0"/>
  </link:definitionLink>
  <link:definitionLink xlink:type="extended" xlink:role="http://fazenda.gov.br/siconfi/rep/rreo/anexo4rppsuniao/siconfi-rreo-anexo4rppsuniao-tabela4.1J">
    <link:loc xlink:type="locator" xlink:href="siconfi-rreo-anexo4rppsuniao_2019-12-31.xsd#siconfi-rreo-anexo4rppsuniao_ReservaOrcamentariaDoRPPSTable" xlink:label="ReservaOrcamentariaDoRPPSTable" xlink:title="ReservaOrcamentariaTable"/>
    <link:loc xlink:type="locator" xlink:href="../../../cor/dim/siconfi-dim_2019-12-31.xsd#siconfi-dim_PrevisaoOrcamentariaPrevidenciariaAxis" xlink:label="PrevisaoOrcamentariaPrevidenciariaAxis" xlink:title="PrevisaoOrcamentariaPrevidenciariaAxis"/>
    <link:definitionArc xlink:type="arc" xlink:arcrole="http://xbrl.org/int/dim/arcrole/hypercube-dimension" xlink:from="ReservaOrcamentariaDoRPPSTable" xlink:to="PrevisaoOrcamentariaPrevidenciariaAxis" xlink:title="definition: ReservaOrcamentariaDoRPPSTable to PrevisaoOrcamentariaPrevidenciariaAxis" order="1.0"/>
    <link:loc xlink:type="locator" xlink:href="../../../cor/dim/siconfi-dim_2019-12-31.xsd#siconfi-dim_PrevisaoOrcamentariaMember" xlink:label="PrevisaoOrcamentariaMember" xlink:title="PrevisaoOrcamentariaMember"/>
    <link:definitionArc xlink:type="arc" xlink:arcrole="http://xbrl.org/int/dim/arcrole/dimension-domain" xlink:from="PrevisaoOrcamentariaPrevidenciariaAxis" xlink:to="PrevisaoOrcamentariaMember" xlink:title="definition: PrevisaoOrcamentariaPrevidenciariaAxis to PrevisaoOrcamentariaMember" order="1.0"/>
    <link:loc xlink:type="locator" xlink:href="siconfi-rreo-anexo4rppsuniao_2019-12-31.xsd#siconfi-rreo-anexo4rppsprevidenciario_RecursosRPPSArrecadadosEmExerciciosAnterioresAbstract" xlink:label="RecursosRPPSArrecadadosEmExerciciosAnterioresAbstract" xlink:title="RecursosRPPSArrecadadosEmExerciciosAnterioresAbstract"/>
    <link:loc xlink:type="locator" xlink:href="siconfi-rreo-anexo4rppsuniao_2019-12-31.xsd#siconfi-rreo-anexo4rppsprevidenciario_RecursosRPPSArrecadadosEmExerciciosAnterioresLineItems" xlink:label="RecursosRPPSArrecadadosEmExerciciosAnterioresLineItems" xlink:title="RecursosRPPSArrecadadosEmExerciciosAnterioresLineItems"/>
    <link:definitionArc xlink:type="arc" xlink:arcrole="http://xbrl.org/int/dim/arcrole/domain-member" xlink:from="RecursosRPPSArrecadadosEmExerciciosAnterioresAbstract" xlink:to="RecursosRPPSArrecadadosEmExerciciosAnterioresLineItems" xlink:title="definition: RecursosRPPSArrecadadosEmExerciciosAnterioresAbstract to RecursosRPPSArrecadadosEmExerciciosAnterioresLineItems" order="1.0"/>
    <link:loc xlink:type="locator" xlink:href="../../../cor/ic/siconfi-cor_2019-12-31.xsd#siconfi-cor_RecursosRPPSArrecadadosEmExerciciosAnterioresPrevidenciario" xlink:label="RecursosRPPSArrecadadosEmExerciciosAnterioresPrevidenciario" xlink:title="RecursosRPPSArrecadadosEmExerciciosAnterioresPrevidenciario"/>
    <link:definitionArc xlink:type="arc" xlink:arcrole="http://xbrl.org/int/dim/arcrole/domain-member" xlink:from="RecursosRPPSArrecadadosEmExerciciosAnterioresLineItems" xlink:to="RecursosRPPSArrecadadosEmExerciciosAnterioresPrevidenciario" xlink:title="definition: RecursosRPPSArrecadadosEmExerciciosAnterioresLineItems to RecursosRPPSArrecadadosEmExerciciosAnterioresPrevidenciario" order="1.0"/>
    <link:definitionArc xlink:type="arc" xlink:arcrole="http://xbrl.org/int/dim/arcrole/all" xlink:from="RecursosRPPSArrecadadosEmExerciciosAnterioresAbstract" xlink:to="ReservaOrcamentariaDoRPPSTable" xlink:title="definition: RecursosRPPSArrecadadosEmExerciciosAnterioresAbstract to ReservaOrcamentariaDoRPPSTable" order="2.0" xbrldt:contextElement="segment" xbrldt:closed="true"/>
  </link:definitionLink>
  <link:definitionLink xlink:type="extended" xlink:role="http://fazenda.gov.br/siconfi/rep/rreo/anexo4rppsuniao/siconfi-rreo-anexo4rppsuniao-tabela4.1O">
    <link:loc xlink:type="locator" xlink:href="siconfi-rreo-anexo4rppsuniao_2019-12-31.xsd#siconfi-rreo-anexo4rppsuniao_ReceitasPrevidenciariasRPPSTable" xlink:label="ReceitasPrevidenciariasRPPSTable" xlink:title="ReceitasOrcamentariasTable"/>
    <link:loc xlink:type="locator" xlink:href="../../../cor/dim/siconfi-dim_2019-12-31.xsd#siconfi-dim_ExecucaoDaReceitaPrevidenciariaAxis" xlink:label="ExecucaoDaReceitaPrevidenciariaAxis" xlink:title="ExecucaoDaReceitaPrevidenciariaAxis"/>
    <link:definitionArc xlink:type="arc" xlink:arcrole="http://xbrl.org/int/dim/arcrole/hypercube-dimension" xlink:from="ReceitasPrevidenciariasRPPSTable" xlink:to="ExecucaoDaReceitaPrevidenciariaAxis" xlink:title="definition: ReceitasPrevidenciariasRPPSTable to ExecucaoDaReceitaPrevidenciariaAxis" order="1.0"/>
    <link:loc xlink:type="locator" xlink:href="../../../cor/dim/siconfi-dim_2019-12-31.xsd#siconfi-dim_PrevisaoInicialMember" xlink:label="PrevisaoInicialMember" xlink:title="PrevisaoInicialMember"/>
    <link:definitionArc xlink:type="arc" xlink:arcrole="http://xbrl.org/int/dim/arcrole/dimension-domain" xlink:from="ExecucaoDaReceitaPrevidenciariaAxis" xlink:to="PrevisaoInicialMember" xlink:title="definition: ExecucaoDaReceitaPrevidenciariaAxis to PrevisaoInicialMember" order="1.0"/>
    <link:loc xlink:type="locator" xlink:href="../../../cor/dim/siconfi-dim_2019-12-31.xsd#siconfi-dim_PrevisaoAtualizadaMember" xlink:label="PrevisaoAtualizadaMember" xlink:title="PrevisaoAtualizadaMember"/>
    <link:definitionArc xlink:type="arc" xlink:arcrole="http://xbrl.org/int/dim/arcrole/dimension-domain" xlink:from="ExecucaoDaReceitaPrevidenciariaAxis" xlink:to="PrevisaoAtualizadaMember" xlink:title="definition: ExecucaoDaReceitaPrevidenciariaAxis to PrevisaoAtualizadaMember" order="2.0"/>
    <link:loc xlink:type="locator" xlink:href="../../../cor/dim/siconfi-dim_2019-12-31.xsd#siconfi-dim_ReceitasRealizadasMember" xlink:label="ReceitasRealizadasMember" xlink:title="ReceitasRealizadasMember"/>
    <link:definitionArc xlink:type="arc" xlink:arcrole="http://xbrl.org/int/dim/arcrole/dimension-domain" xlink:from="ExecucaoDaReceitaPrevidenciariaAxis" xlink:to="ReceitasRealizadasMember" xlink:title="definition: ExecucaoDaReceitaPrevidenciariaAxis to ReceitasRealizadasMember" order="3.0" xbrldt:usable="false"/>
    <link:loc xlink:type="locator" xlink:href="../../../cor/dim/siconfi-dim_2019-12-31.xsd#siconfi-dim_ReceitasRealizadasAteOBimestreMember" xlink:label="ReceitasRealizadasAteOBimestreMember" xlink:title="ReceitasRealizadasAteOBimestreMember"/>
    <link:definitionArc xlink:type="arc" xlink:arcrole="http://xbrl.org/int/dim/arcrole/domain-member" xlink:from="ReceitasRealizadasMember" xlink:to="ReceitasRealizadasAteOBimestreMember" xlink:title="definition: ReceitasRealizadasMember to ReceitasRealizadasAteOBimestreMember" order="1.0"/>
    <link:loc xlink:type="locator" xlink:href="../../../cor/dim/siconfi-dim_2019-12-31.xsd#siconfi-dim_ReceitasRealizadasAteOBimestreExercicioAnteriorMember" xlink:label="ReceitasRealizadasAteOBimestreExercicioAnteriorMember" xlink:title="ReceitasRealizadasAteOBimestreExercicioAnteriorMember"/>
    <link:definitionArc xlink:type="arc" xlink:arcrole="http://xbrl.org/int/dim/arcrole/domain-member" xlink:from="ReceitasRealizadasMember" xlink:to="ReceitasRealizadasAteOBimestreExercicioAnteriorMember" xlink:title="definition: ReceitasRealizadasMember to ReceitasRealizadasAteOBimestreExercicioAnteriorMember" order="2.0"/>
    <link:loc xlink:type="locator" xlink:href="siconfi-rreo-anexo4rppsuniao_2019-12-31.xsd#siconfi-rreo-anexo4rppsuniao_ReceitasPrevidenciariasFCDFAbstract" xlink:label="ReceitasPrevidenciariasFCDFAbstract" xlink:title="ReceitasPrevidenciariasFCDFAbstract"/>
    <link:loc xlink:type="locator" xlink:href="siconfi-rreo-anexo4rppsuniao_2019-12-31.xsd#siconfi-rreo-anexo4rppsuniao_ReceitasPrevidenciariasFCDFLineItems" xlink:label="ReceitasPrevidenciariasFCDFLineItems" xlink:title="ReceitasPrevidenciariasFCDFLineItems"/>
    <link:definitionArc xlink:type="arc" xlink:arcrole="http://xbrl.org/int/dim/arcrole/domain-member" xlink:from="ReceitasPrevidenciariasFCDFAbstract" xlink:to="ReceitasPrevidenciariasFCDFLineItems" xlink:title="definition: ReceitasPrevidenciariasFCDFAbstract to ReceitasPrevidenciariasFCDFLineItems" order="1.0"/>
    <link:loc xlink:type="locator" xlink:href="../../../cor/ic/siconfi-cor_2019-12-31.xsd#siconfi-cor_TotalReceitasRPPSPrevidenciarioFCDF" xlink:label="TotalReceitasRPPSPrevidenciarioFCDF" xlink:title="TotalReceitasRPPSPrevidenciarioFCDF"/>
    <link:definitionArc xlink:type="arc" xlink:arcrole="http://xbrl.org/int/dim/arcrole/domain-member" xlink:from="ReceitasPrevidenciariasFCDFLineItems" xlink:to="TotalReceitasRPPSPrevidenciarioFCDF" xlink:title="definition: ReceitasPrevidenciariasFCDFLineItems to TotalReceitasRPPSPrevidenciarioFCDF" order="2.0"/>
    <link:loc xlink:type="locator" xlink:href="../../../cor/ic/siconfi-cor_2019-12-31.xsd#siconfi-cor_ReceitaDeContribuicoesDosSeguradosBrutaPrevidenciarioFCDF" xlink:label="ReceitaDeContribuicoesDosSeguradosBrutaPrevidenciarioFCDF" xlink:title="ReceitaDeContribuicoesDosSeguradosBrutaPrevidenciarioFCDF"/>
    <link:definitionArc xlink:type="arc" xlink:arcrole="http://xbrl.org/int/dim/arcrole/domain-member" xlink:from="ReceitasPrevidenciariasFCDFLineItems" xlink:to="ReceitaDeContribuicoesDosSeguradosBrutaPrevidenciarioFCDF" xlink:title="definition: ReceitasPrevidenciariasFCDFLineItems to ReceitaDeContribuicoesDosSeguradosBrutaPrevidenciarioFCDF" order="1.0"/>
    <link:loc xlink:type="locator" xlink:href="../../../cor/ic/siconfi-cor_2019-12-31.xsd#siconfi-cor_ReceitaDeContribuicoesPatronalPrevidenciarioFCDF" xlink:label="ReceitaDeContribuicoesPatronalPrevidenciarioFCDF" xlink:title="ReceitaDeContribuicoesPatronalPrevidenciarioFCDF"/>
    <link:definitionArc xlink:type="arc" xlink:arcrole="http://xbrl.org/int/dim/arcrole/domain-member" xlink:from="ReceitaDeContribuicoesDosSeguradosBrutaPrevidenciarioFCDF" xlink:to="ReceitaDeContribuicoesPatronalPrevidenciarioFCDF" xlink:title="definition: ReceitaDeContribuicoesDosSeguradosBrutaPrevidenciarioFCDF to ReceitaDeContribuicoesPatronalPrevidenciarioFCDF" order="2.0"/>
    <link:loc xlink:type="locator" xlink:href="../../../cor/ic/siconfi-cor_2019-12-31.xsd#siconfi-cor_ReceitaDeContribuicoesPatronalPensionistaPrevidenciarioFCDF" xlink:label="ReceitaDeContribuicoesPatronalPensionistaPrevidenciarioFCDF" xlink:title="ReceitaDeContribuicoesPatronalPensionistaPrevidenciarioFCDF"/>
    <link:definitionArc xlink:type="arc" xlink:arcrole="http://xbrl.org/int/dim/arcrole/domain-member" xlink:from="ReceitaDeContribuicoesPatronalPrevidenciarioFCDF" xlink:to="ReceitaDeContribuicoesPatronalPensionistaPrevidenciarioFCDF" xlink:title="definition: ReceitaDeContribuicoesPatronalPrevidenciarioFCDF to ReceitaDeContribuicoesPatronalPensionistaPrevidenciarioFCDF" order="3.0"/>
    <link:loc xlink:type="locator" xlink:href="../../../cor/ic/siconfi-cor_2019-12-31.xsd#siconfi-cor_ReceitaDeContribuicoesPatronalInativoPrevidenciarioFCDF" xlink:label="ReceitaDeContribuicoesPatronalInativoPrevidenciarioFCDF" xlink:title="ReceitaDeContribuicoesPatronalInativoPrevidenciarioFCDF"/>
    <link:definitionArc xlink:type="arc" xlink:arcrole="http://xbrl.org/int/dim/arcrole/domain-member" xlink:from="ReceitaDeContribuicoesPatronalPrevidenciarioFCDF" xlink:to="ReceitaDeContribuicoesPatronalInativoPrevidenciarioFCDF" xlink:title="definition: ReceitaDeContribuicoesPatronalPrevidenciarioFCDF to ReceitaDeContribuicoesPatronalInativoPrevidenciarioFCDF" order="2.0"/>
    <link:loc xlink:type="locator" xlink:href="../../../cor/ic/siconfi-cor_2019-12-31.xsd#siconfi-cor_ReceitaDeContribuicoesPatronalAtivoPrevidenciarioFCDF" xlink:label="ReceitaDeContribuicoesPatronalAtivoPrevidenciarioFCDF" xlink:title="ReceitaDeContribuicoesPatronalAtivoPrevidenciarioFCDF"/>
    <link:definitionArc xlink:type="arc" xlink:arcrole="http://xbrl.org/int/dim/arcrole/domain-member" xlink:from="ReceitaDeContribuicoesPatronalPrevidenciarioFCDF" xlink:to="ReceitaDeContribuicoesPatronalAtivoPrevidenciarioFCDF" xlink:title="definition: ReceitaDeContribuicoesPatronalPrevidenciarioFCDF to ReceitaDeContribuicoesPatronalAtivoPrevidenciarioFCDF" order="1.0"/>
    <link:loc xlink:type="locator" xlink:href="../../../cor/ic/siconfi-cor_2019-12-31.xsd#siconfi-cor_ReceitaDeContribuicoesDosSeguradosPrevidenciarioFCDF" xlink:label="ReceitaDeContribuicoesDosSeguradosPrevidenciarioFCDF" xlink:title="ReceitaDeContribuicoesDosSeguradosPrevidenciarioFCDF"/>
    <link:definitionArc xlink:type="arc" xlink:arcrole="http://xbrl.org/int/dim/arcrole/domain-member" xlink:from="ReceitaDeContribuicoesDosSeguradosBrutaPrevidenciarioFCDF" xlink:to="ReceitaDeContribuicoesDosSeguradosPrevidenciarioFCDF" xlink:title="definition: ReceitaDeContribuicoesDosSeguradosBrutaPrevidenciarioFCDF to ReceitaDeContribuicoesDosSeguradosPrevidenciarioFCDF" order="1.0"/>
    <link:loc xlink:type="locator" xlink:href="../../../cor/ic/siconfi-cor_2019-12-31.xsd#siconfi-cor_ReceitaDeContribuicoesDosSeguradosPensionistaPrevidenciarioFCDF" xlink:label="ReceitaDeContribuicoesDosSeguradosPensionistaPrevidenciarioFCDF" xlink:title="ReceitaDeContribuicoesDosSeguradosPensionistaPrevidenciarioFCDF"/>
    <link:definitionArc xlink:type="arc" xlink:arcrole="http://xbrl.org/int/dim/arcrole/domain-member" xlink:from="ReceitaDeContribuicoesDosSeguradosPrevidenciarioFCDF" xlink:to="ReceitaDeContribuicoesDosSeguradosPensionistaPrevidenciarioFCDF" xlink:title="definition: ReceitaDeContribuicoesDosSeguradosPrevidenciarioFCDF to ReceitaDeContribuicoesDosSeguradosPensionistaPrevidenciarioFCDF" order="3.0"/>
    <link:loc xlink:type="locator" xlink:href="../../../cor/ic/siconfi-cor_2019-12-31.xsd#siconfi-cor_ReceitaDeContribuicoesDosSeguradosInativoPrevidenciarioFCDF" xlink:label="ReceitaDeContribuicoesDosSeguradosInativoPrevidenciarioFCDF" xlink:title="ReceitaDeContribuicoesDosSeguradosInativoPrevidenciarioFCDF"/>
    <link:definitionArc xlink:type="arc" xlink:arcrole="http://xbrl.org/int/dim/arcrole/domain-member" xlink:from="ReceitaDeContribuicoesDosSeguradosPrevidenciarioFCDF" xlink:to="ReceitaDeContribuicoesDosSeguradosInativoPrevidenciarioFCDF" xlink:title="definition: ReceitaDeContribuicoesDosSeguradosPrevidenciarioFCDF to ReceitaDeContribuicoesDosSeguradosInativoPrevidenciarioFCDF" order="2.0"/>
    <link:loc xlink:type="locator" xlink:href="../../../cor/ic/siconfi-cor_2019-12-31.xsd#siconfi-cor_ReceitaDeContribuicoesDosSeguradoslAtivoPrevidenciarioFCDF" xlink:label="ReceitaDeContribuicoesDosSeguradoslAtivoPrevidenciarioFCDF" xlink:title="ReceitaDeContribuicoesDosSeguradoslAtivoPrevidenciarioFCDF"/>
    <link:definitionArc xlink:type="arc" xlink:arcrole="http://xbrl.org/int/dim/arcrole/domain-member" xlink:from="ReceitaDeContribuicoesDosSeguradosPrevidenciarioFCDF" xlink:to="ReceitaDeContribuicoesDosSeguradoslAtivoPrevidenciarioFCDF" xlink:title="definition: ReceitaDeContribuicoesDosSeguradosPrevidenciarioFCDF to ReceitaDeContribuicoesDosSeguradoslAtivoPrevidenciarioFCDF" order="1.0"/>
    <link:definitionArc xlink:type="arc" xlink:arcrole="http://xbrl.org/int/dim/arcrole/all" xlink:from="ReceitasPrevidenciariasFCDFAbstract" xlink:to="ReceitasPrevidenciariasRPPSTable" xlink:title="definition: ReceitasPrevidenciariasFCDFAbstract to ReceitasPrevidenciariasRPPSTable" order="2.0" xbrldt:contextElement="segment" xbrldt:closed="true"/>
  </link:definitionLink>
  <link:definitionLink xlink:type="extended" xlink:role="http://fazenda.gov.br/siconfi/rep/rreo/anexo4rppsuniao/siconfi-rreo-anexo4rppsuniao-tabela4.1P">
    <link:loc xlink:type="locator" xlink:href="siconfi-rreo-anexo4rppsuniao_2019-12-31.xsd#siconfi-rreo-anexo4rppsuniao_DespesasPrevidenciariasRPPSTable" xlink:label="DespesasPrevidenciariasRPPSTable" xlink:title="DespesasOrcamentariasTable"/>
    <link:loc xlink:type="locator" xlink:href="../../../cor/dim/siconfi-dim_2019-12-31.xsd#siconfi-dim_ExecucaoDaDespesaPrevidenciariaAxis" xlink:label="ExecucaoDaDespesaPrevidenciariaAxis" xlink:title="ExecucaoDaDespesaPrevidenciariaAxis"/>
    <link:definitionArc xlink:type="arc" xlink:arcrole="http://xbrl.org/int/dim/arcrole/hypercube-dimension" xlink:from="DespesasPrevidenciariasRPPSTable" xlink:to="ExecucaoDaDespesaPrevidenciariaAxis" xlink:title="definition: DespesasPrevidenciariasRPPSTable to ExecucaoDaDespesaPrevidenciariaAxis" order="1.0"/>
    <link:loc xlink:type="locator" xlink:href="../../../cor/dim/siconfi-dim_2019-12-31.xsd#siconfi-dim_DotacaoInicialMember" xlink:label="DotacaoInicialMember" xlink:title="DotacaoInicialMember"/>
    <link:definitionArc xlink:type="arc" xlink:arcrole="http://xbrl.org/int/dim/arcrole/dimension-domain" xlink:from="ExecucaoDaDespesaPrevidenciariaAxis" xlink:to="DotacaoInicialMember" xlink:title="definition: ExecucaoDaDespesaPrevidenciariaAxis to DotacaoInicialMember" order="1.0"/>
    <link:loc xlink:type="locator" xlink:href="../../../cor/dim/siconfi-dim_2019-12-31.xsd#siconfi-dim_DotacaoAtualizadaMember" xlink:label="DotacaoAtualizadaMember" xlink:title="DotacaoAtualizadaMember"/>
    <link:definitionArc xlink:type="arc" xlink:arcrole="http://xbrl.org/int/dim/arcrole/dimension-domain" xlink:from="ExecucaoDaDespesaPrevidenciariaAxis" xlink:to="DotacaoAtualizadaMember" xlink:title="definition: ExecucaoDaDespesaPrevidenciariaAxis to DotacaoAtualizadaMember" order="2.0"/>
    <link:loc xlink:type="locator" xlink:href="../../../cor/dim/siconfi-dim_2019-12-31.xsd#siconfi-dim_DespesasInscritasEmRestosAPagarNaoProcessadosMember" xlink:label="DespesasInscritasEmRestosAPagarNaoProcessadosMember" xlink:title="DespesasInscritasEmRestosAPagarNaoProcessadosMember"/>
    <link:definitionArc xlink:type="arc" xlink:arcrole="http://xbrl.org/int/dim/arcrole/dimension-domain" xlink:from="ExecucaoDaDespesaPrevidenciariaAxis" xlink:to="DespesasInscritasEmRestosAPagarNaoProcessadosMember" xlink:title="definition: ExecucaoDaDespesaPrevidenciariaAxis to DespesasInscritasEmRestosAPagarNaoProcessadosMember" order="7.0" xbrldt:usable="false"/>
    <link:loc xlink:type="locator" xlink:href="../../../cor/dim/siconfi-dim_2019-12-31.xsd#siconfi-dim_DespesasInscritasEmRestosPagarNaoProcessadosExercicioAtualMember" xlink:label="DespesasInscritasEmRestosPagarNaoProcessadosExercicioAtualMember" xlink:title="DespesasInscritasEmRestosPagarNaoProcessadosExercicioAtualMember"/>
    <link:definitionArc xlink:type="arc" xlink:arcrole="http://xbrl.org/int/dim/arcrole/domain-member" xlink:from="DespesasInscritasEmRestosAPagarNaoProcessadosMember" xlink:to="DespesasInscritasEmRestosPagarNaoProcessadosExercicioAtualMember" xlink:title="definition: DespesasInscritasEmRestosAPagarNaoProcessadosMember to DespesasInscritasEmRestosPagarNaoProcessadosExercicioAtualMember" order="1.0"/>
    <link:loc xlink:type="locator" xlink:href="../../../cor/dim/siconfi-dim_2019-12-31.xsd#siconfi-dim_DespesasInscritasEmRestosPagarNaoProcessadosExercicioAnteriorMember" xlink:label="DespesasInscritasEmRestosPagarNaoProcessadosExercicioAnteriorMember" xlink:title="DespesasInscritasEmRestosPagarNaoProcessadosExercicioAnteriorMember"/>
    <link:definitionArc xlink:type="arc" xlink:arcrole="http://xbrl.org/int/dim/arcrole/domain-member" xlink:from="DespesasInscritasEmRestosAPagarNaoProcessadosMember" xlink:to="DespesasInscritasEmRestosPagarNaoProcessadosExercicioAnteriorMember" xlink:title="definition: DespesasInscritasEmRestosAPagarNaoProcessadosMember to DespesasInscritasEmRestosPagarNaoProcessadosExercicioAnteriorMember" order="2.0"/>
    <link:loc xlink:type="locator" xlink:href="../../../cor/dim/siconfi-dim_2019-12-31.xsd#siconfi-dim_DespesasEmpenhadasAteOBimestreMember" xlink:label="DespesasEmpenhadasAteOBimestreMember" xlink:title="DespesasEmpenhadasAteOBimestreMember"/>
    <link:definitionArc xlink:type="arc" xlink:arcrole="http://xbrl.org/int/dim/arcrole/dimension-domain" xlink:from="ExecucaoDaDespesaPrevidenciariaAxis" xlink:to="DespesasEmpenhadasAteOBimestreMember" xlink:title="definition: ExecucaoDaDespesaPrevidenciariaAxis to DespesasEmpenhadasAteOBimestreMember" order="3.0"/>
    <link:loc xlink:type="locator" xlink:href="../../../cor/dim/siconfi-dim_2019-12-31.xsd#siconfi-dim_DespesasEmpenhadasAteOBimestreExercicioAnteriorMember" xlink:label="DespesasEmpenhadasAteOBimestreExercicioAnteriorMember" xlink:title="DespesasEmpenhadasAteOBimestreExercicioAnteriorMember"/>
    <link:definitionArc xlink:type="arc" xlink:arcrole="http://xbrl.org/int/dim/arcrole/dimension-domain" xlink:from="ExecucaoDaDespesaPrevidenciariaAxis" xlink:to="DespesasEmpenhadasAteOBimestreExercicioAnteriorMember" xlink:title="definition: ExecucaoDaDespesaPrevidenciariaAxis to DespesasEmpenhadasAteOBimestreExercicioAnteriorMember" order="4.0"/>
    <link:loc xlink:type="locator" xlink:href="../../../cor/dim/siconfi-dim_2019-12-31.xsd#siconfi-dim_DespesasLiquidadasAteOBimestreMember" xlink:label="DespesasLiquidadasAteOBimestreMember" xlink:title="DespesasLiquidadasAteOBimestreMember"/>
    <link:definitionArc xlink:type="arc" xlink:arcrole="http://xbrl.org/int/dim/arcrole/dimension-domain" xlink:from="ExecucaoDaDespesaPrevidenciariaAxis" xlink:to="DespesasLiquidadasAteOBimestreMember" xlink:title="definition: ExecucaoDaDespesaPrevidenciariaAxis to DespesasLiquidadasAteOBimestreMember" order="5.0"/>
    <link:loc xlink:type="locator" xlink:href="../../../cor/dim/siconfi-dim_2019-12-31.xsd#siconfi-dim_DespesasLiquidadasAteOBimestreExercicioAnteriorMember" xlink:label="DespesasLiquidadasAteOBimestreExercicioAnteriorMember" xlink:title="DespesasLiquidadasAteOBimestreExercicioAnteriorMember"/>
    <link:definitionArc xlink:type="arc" xlink:arcrole="http://xbrl.org/int/dim/arcrole/dimension-domain" xlink:from="ExecucaoDaDespesaPrevidenciariaAxis" xlink:to="DespesasLiquidadasAteOBimestreExercicioAnteriorMember" xlink:title="definition: ExecucaoDaDespesaPrevidenciariaAxis to DespesasLiquidadasAteOBimestreExercicioAnteriorMember" order="6.0"/>
    <link:loc xlink:type="locator" xlink:href="siconfi-rreo-anexo4rppsuniao_2019-12-31.xsd#siconfi-rreo-anexo4rppsuniao_DespesasPrevidenciariasFCDFAbstract" xlink:label="DespesasPrevidenciariasFCDFAbstract" xlink:title="DespesasPrevidenciariasFCDFAbstract"/>
    <link:loc xlink:type="locator" xlink:href="siconfi-rreo-anexo4rppsuniao_2019-12-31.xsd#siconfi-rreo-anexo4rppsuniao_DespesasPrevidenciariasFCDFLineItems" xlink:label="DespesasPrevidenciariasFCDFLineItems" xlink:title="DespesasPrevidenciariasFCDFLineItems"/>
    <link:definitionArc xlink:type="arc" xlink:arcrole="http://xbrl.org/int/dim/arcrole/domain-member" xlink:from="DespesasPrevidenciariasFCDFAbstract" xlink:to="DespesasPrevidenciariasFCDFLineItems" xlink:title="definition: DespesasPrevidenciariasFCDFAbstract to DespesasPrevidenciariasFCDFLineItems" order="1.0"/>
    <link:loc xlink:type="locator" xlink:href="../../../cor/ic/siconfi-cor_2019-12-31.xsd#siconfi-cor_DespesasPrevidenciariasExcetoIntraBeneficiosPrevidenciarioFCDF" xlink:label="DespesasPrevidenciariasExcetoIntraBeneficiosPrevidenciarioFCDF" xlink:title="DespesasPrevidenciariasExcetoIntraBeneficiosPrevidenciarioFCDF"/>
    <link:definitionArc xlink:type="arc" xlink:arcrole="http://xbrl.org/int/dim/arcrole/domain-member" xlink:from="DespesasPrevidenciariasFCDFLineItems" xlink:to="DespesasPrevidenciariasExcetoIntraBeneficiosPrevidenciarioFCDF" xlink:title="definition: DespesasPrevidenciariasFCDFLineItems to DespesasPrevidenciariasExcetoIntraBeneficiosPrevidenciarioFCDF" order="1.0"/>
    <link:loc xlink:type="locator" xlink:href="../../../cor/ic/siconfi-cor_2019-12-31.xsd#siconfi-cor_DespesasPrevidenciariasExcetoIntraAposentadoriasPrevidenciarioFCDF" xlink:label="DespesasPrevidenciariasExcetoIntraAposentadoriasPrevidenciarioFCDF" xlink:title="DespesasPrevidenciariasExcetoIntraAposentadoriasPrevidenciarioFCDF"/>
    <link:definitionArc xlink:type="arc" xlink:arcrole="http://xbrl.org/int/dim/arcrole/domain-member" xlink:from="DespesasPrevidenciariasExcetoIntraBeneficiosPrevidenciarioFCDF" xlink:to="DespesasPrevidenciariasExcetoIntraAposentadoriasPrevidenciarioFCDF" xlink:title="definition: DespesasPrevidenciariasExcetoIntraBeneficiosPrevidenciarioFCDF to DespesasPrevidenciariasExcetoIntraAposentadoriasPrevidenciarioFCDF" order="1.0"/>
    <link:loc xlink:type="locator" xlink:href="../../../cor/ic/siconfi-cor_2019-12-31.xsd#siconfi-cor_DespesasPrevidenciariasExcetoIntraPensoesPrevidenciarioFCDF" xlink:label="DespesasPrevidenciariasExcetoIntraPensoesPrevidenciarioFCDF" xlink:title="DespesasPrevidenciariasExcetoIntraPensoesPrevidenciarioFCDF"/>
    <link:definitionArc xlink:type="arc" xlink:arcrole="http://xbrl.org/int/dim/arcrole/domain-member" xlink:from="DespesasPrevidenciariasExcetoIntraBeneficiosPrevidenciarioFCDF" xlink:to="DespesasPrevidenciariasExcetoIntraPensoesPrevidenciarioFCDF" xlink:title="definition: DespesasPrevidenciariasExcetoIntraBeneficiosPrevidenciarioFCDF to DespesasPrevidenciariasExcetoIntraPensoesPrevidenciarioFCDF" order="2.0"/>
    <link:loc xlink:type="locator" xlink:href="../../../cor/ic/siconfi-cor_2019-12-31.xsd#siconfi-cor_DespesasPrevidenciariasExcetoIntraOutrosBeneficiosPrevidenciariosPrevidenciarioFCDF" xlink:label="DespesasPrevidenciariasExcetoIntraOutrosBeneficiosPrevidenciariosPrevidenciarioFCDF" xlink:title="DespesasPrevidenciariasExcetoIntraOutrosBeneficiosPrevidenciariosPrevidenciarioFCDF"/>
    <link:definitionArc xlink:type="arc" xlink:arcrole="http://xbrl.org/int/dim/arcrole/domain-member" xlink:from="DespesasPrevidenciariasExcetoIntraBeneficiosPrevidenciarioFCDF" xlink:to="DespesasPrevidenciariasExcetoIntraOutrosBeneficiosPrevidenciariosPrevidenciarioFCDF" xlink:title="definition: DespesasPrevidenciariasExcetoIntraBeneficiosPrevidenciarioFCDF to DespesasPrevidenciariasExcetoIntraOutrosBeneficiosPrevidenciariosPrevidenciarioFCDF" order="3.0"/>
    <link:loc xlink:type="locator" xlink:href="../../../cor/ic/siconfi-cor_2019-12-31.xsd#siconfi-cor_DespesasPrevidenciariasExcetoIntraOutrasDespesasPrevidenciariasPrevidenciarioFCDF" xlink:label="DespesasPrevidenciariasExcetoIntraOutrasDespesasPrevidenciariasPrevidenciarioFCDF" xlink:title="DespesasPrevidenciariasExcetoIntraOutrasDespesasPrevidenciariasPrevidenciarioFCDF"/>
    <link:definitionArc xlink:type="arc" xlink:arcrole="http://xbrl.org/int/dim/arcrole/domain-member" xlink:from="DespesasPrevidenciariasFCDFLineItems" xlink:to="DespesasPrevidenciariasExcetoIntraOutrasDespesasPrevidenciariasPrevidenciarioFCDF" xlink:title="definition: DespesasPrevidenciariasFCDFLineItems to DespesasPrevidenciariasExcetoIntraOutrasDespesasPrevidenciariasPrevidenciarioFCDF" order="2.0"/>
    <link:loc xlink:type="locator" xlink:href="../../../cor/ic/siconfi-cor_2019-12-31.xsd#siconfi-cor_TotalDasDespesasRPPSPrevidenciarioFCDF" xlink:label="TotalDasDespesasRPPSPrevidenciarioFCDF" xlink:title="TotalDasDespesasRPPSPrevidenciarioFCDF"/>
    <link:definitionArc xlink:type="arc" xlink:arcrole="http://xbrl.org/int/dim/arcrole/domain-member" xlink:from="DespesasPrevidenciariasFCDFLineItems" xlink:to="TotalDasDespesasRPPSPrevidenciarioFCDF" xlink:title="definition: DespesasPrevidenciariasFCDFLineItems to TotalDasDespesasRPPSPrevidenciarioFCDF" order="3.0"/>
    <link:loc xlink:type="locator" xlink:href="../../../cor/ic/siconfi-cor_2019-12-31.xsd#siconfi-cor_ResultadoRPPSPrevidenciarioFCDF" xlink:label="ResultadoRPPSPrevidenciarioFCDF" xlink:title="ResultadoRPPSPrevidenciarioFCDF"/>
    <link:definitionArc xlink:type="arc" xlink:arcrole="http://xbrl.org/int/dim/arcrole/domain-member" xlink:from="DespesasPrevidenciariasFCDFLineItems" xlink:to="ResultadoRPPSPrevidenciarioFCDF" xlink:title="definition: DespesasPrevidenciariasFCDFLineItems to ResultadoRPPSPrevidenciarioFCDF" order="4.0"/>
    <link:definitionArc xlink:type="arc" xlink:arcrole="http://xbrl.org/int/dim/arcrole/all" xlink:from="DespesasPrevidenciariasFCDFAbstract" xlink:to="DespesasPrevidenciariasRPPSTable" xlink:title="definition: DespesasPrevidenciariasFCDFAbstract to DespesasPrevidenciariasRPPSTable" order="2.0" xbrldt:contextElement="segment" xbrldt:closed="true"/>
  </link:definitionLink>
</link:linkbase>
