<?xml version="1.0" encoding="UTF-8"?>
<!-- Generated by Fujitsu Interstage XWand B0196 -->
<link:linkbase xmlns:xsi="http://www.w3.org/2001/XMLSchema-instance" xsi:schemaLocation="http://www.xbrl.org/2003/linkbase http://www.xbrl.org/2003/xbrl-linkbase-2003-12-31.xsd" xmlns:siconfi-rreo-anexo4rppsuniao="http://fazenda.gov.br/siconfi/rep/rreo/anexo4rppsuniao/siconfi-rreo-anexo4rppsuniao_2019-12-31" xmlns:link="http://www.xbrl.org/2003/linkbase" xmlns:xbrldt="http://xbrl.org/2005/xbrldt" xmlns:xbrli="http://www.xbrl.org/2003/instance" xmlns:xlink="http://www.w3.org/1999/xlink">
  <link:roleRef roleURI="http://fazenda.gov.br/siconfi/rep/rreo/anexo4rppsuniao/siconfi-rreo-anexo4rppsuniao-tabela4.1" xlink:type="simple" xlink:href="siconfi-rreo-anexo4rppsuniao_2019-12-31.xsd#siconfi-rreo-anexo4rppsuniao-tabela4.1"/>
  <link:presentationLink xlink:type="extended" xlink:role="http://fazenda.gov.br/siconfi/rep/rreo/anexo4rppsuniao/siconfi-rreo-anexo4rppsuniao-tabela4.1">
    <link:loc xlink:type="locator" xlink:href="siconfi-rreo-anexo4rppsuniao_2019-12-31.xsd#siconfi-rreo-anexo4rpps_Anexo4RPPSAbstract" xlink:label="Anexo4Abstract" xlink:title="Anexo4Abstract"/>
    <link:loc xlink:type="locator" xlink:href="siconfi-rreo-anexo4rppsuniao_2019-12-31.xsd#siconfi-rreo-anexo4rppsprevidenciario_RecursosRPPSArrecadadosEmExerciciosAnterioresAbstract" xlink:label="RecursosRPPSArrecadadosEmExerciciosAnterioresAbstract" xlink:title="RecursosRPPSArrecadadosEmExerciciosAnterioresAbstract"/>
    <link:presentationArc xlink:type="arc" xlink:arcrole="http://www.xbrl.org/2003/arcrole/parent-child" xlink:from="Anexo4Abstract" xlink:to="RecursosRPPSArrecadadosEmExerciciosAnterioresAbstract" xlink:title="presentation: Anexo4RPPSAbstract to RecursosRPPSArrecadadosEmExerciciosAnterioresAbstract" order="3.0"/>
    <link:loc xlink:type="locator" xlink:href="siconfi-rreo-anexo4rppsuniao_2019-12-31.xsd#siconfi-rreo-anexo4rppsuniao_ReservaOrcamentariaDoRPPSTable" xlink:label="ReservaOrcamentariaTable" xlink:title="ReservaOrcamentariaTable"/>
    <link:presentationArc xlink:type="arc" xlink:arcrole="http://www.xbrl.org/2003/arcrole/parent-child" xlink:from="RecursosRPPSArrecadadosEmExerciciosAnterioresAbstract" xlink:to="ReservaOrcamentariaTable" xlink:title="presentation: RecursosRPPSArrecadadosEmExerciciosAnterioresAbstract to ReservaOrcamentariaPrevidenciarioTable" order="2.0"/>
    <link:loc xlink:type="locator" xlink:href="../../../cor/dim/siconfi-dim_2019-12-31.xsd#siconfi-dim_PrevisaoOrcamentariaPrevidenciariaAxis" xlink:label="PrevisaoOrcamentariaPrevidenciariaAxis" xlink:title="PrevisaoOrcamentariaPrevidenciariaAxis"/>
    <link:presentationArc xlink:type="arc" xlink:arcrole="http://www.xbrl.org/2003/arcrole/parent-child" xlink:from="ReservaOrcamentariaTable" xlink:to="PrevisaoOrcamentariaPrevidenciariaAxis" xlink:title="presentation: ReservaOrcamentariaTable to PrevisaoOrcamentariaPrevidenciariaAxis" order="1.0"/>
    <link:loc xlink:type="locator" xlink:href="../../../cor/dim/siconfi-dim_2019-12-31.xsd#siconfi-dim_PrevisaoOrcamentariaMember" xlink:label="PrevisaoOrcamentariaMember" xlink:title="PrevisaoOrcamentariaMember"/>
    <link:presentationArc xlink:type="arc" xlink:arcrole="http://www.xbrl.org/2003/arcrole/parent-child" xlink:from="PrevisaoOrcamentariaPrevidenciariaAxis" xlink:to="PrevisaoOrcamentariaMember" xlink:title="presentation: PrevisaoOrcamentariaPrevidenciariaAxis to PrevisaoOrcamentariaMember" order="1.0"/>
    <link:loc xlink:type="locator" xlink:href="siconfi-rreo-anexo4rppsuniao_2019-12-31.xsd#siconfi-rreo-anexo4rppsprevidenciario_RecursosRPPSArrecadadosEmExerciciosAnterioresLineItems" xlink:label="RecursosRPPSArrecadadosEmExerciciosAnterioresLineItems" xlink:title="RecursosRPPSArrecadadosEmExerciciosAnterioresLineItems"/>
    <link:presentationArc xlink:type="arc" xlink:arcrole="http://www.xbrl.org/2003/arcrole/parent-child" xlink:from="RecursosRPPSArrecadadosEmExerciciosAnterioresAbstract" xlink:to="RecursosRPPSArrecadadosEmExerciciosAnterioresLineItems" xlink:title="presentation: RecursosRPPSArrecadadosEmExerciciosAnterioresAbstract to RecursosRPPSArrecadadosEmExerciciosAnterioresLineItems" order="1.0"/>
    <link:loc xlink:type="locator" xlink:href="../../../cor/ic/siconfi-cor_2019-12-31.xsd#siconfi-cor_RecursosRPPSArrecadadosEmExerciciosAnterioresPrevidenciario" xlink:label="RecursosRPPSArrecadadosEmExerciciosAnterioresPrevidenciario" xlink:title="RecursosRPPSArrecadadosEmExerciciosAnterioresPrevidenciario"/>
    <link:presentationArc xlink:type="arc" xlink:arcrole="http://www.xbrl.org/2003/arcrole/parent-child" xlink:from="RecursosRPPSArrecadadosEmExerciciosAnterioresLineItems" xlink:to="RecursosRPPSArrecadadosEmExerciciosAnterioresPrevidenciario" xlink:title="presentation: RecursosRPPSArrecadadosEmExerciciosAnterioresLineItems to RecursosRPPSArrecadadosEmExerciciosAnterioresPrevidenciario" order="1.0"/>
    <link:loc xlink:type="locator" xlink:href="siconfi-rreo-anexo4rppsuniao_2019-12-31.xsd#siconfi-rreo-anexo4rppsuniao_ReservaOrcamentariaDoRPPSAbstract" xlink:label="ReservaOrcamentariaAbstract" xlink:title="ReservaOrcamentariaAbstract"/>
    <link:presentationArc xlink:type="arc" xlink:arcrole="http://www.xbrl.org/2003/arcrole/parent-child" xlink:from="Anexo4Abstract" xlink:to="ReservaOrcamentariaAbstract" xlink:title="presentation: Anexo4RPPSAbstract to ReservaOrcamentariaDoRPPSAbstract" order="4.0"/>
    <link:presentationArc xlink:type="arc" xlink:arcrole="http://www.xbrl.org/2003/arcrole/parent-child" xlink:from="ReservaOrcamentariaAbstract" xlink:to="ReservaOrcamentariaTable" xlink:title="presentation: ReservaOrcamentariaAbstract to ReservaOrcamentariaTable" order="2.0"/>
    <link:loc xlink:type="locator" xlink:href="siconfi-rreo-anexo4rppsuniao_2019-12-31.xsd#siconfi-rreo-anexo4rppsuniao_ReservaOrcamentariaDoRPPSLineItems" xlink:label="ReservaOrcamentariaLineItems" xlink:title="ReservaOrcamentariaLineItems"/>
    <link:presentationArc xlink:type="arc" xlink:arcrole="http://www.xbrl.org/2003/arcrole/parent-child" xlink:from="ReservaOrcamentariaAbstract" xlink:to="ReservaOrcamentariaLineItems" xlink:title="presentation: ReservaOrcamentariaAbstract to ReservaOrcamentariaLineItems" order="1.0"/>
    <link:loc xlink:type="locator" xlink:href="../../../cor/ic/siconfi-cor_2019-12-31.xsd#siconfi-cor_ReservaOrcamentariaDoRPPSPrevidenciario" xlink:label="ReservaOrcamentariaDoRPPSPrevidenciario" xlink:title="ReservaOrcamentariaDoRPPSPrevidenciario"/>
    <link:presentationArc xlink:type="arc" xlink:arcrole="http://www.xbrl.org/2003/arcrole/parent-child" xlink:from="ReservaOrcamentariaLineItems" xlink:to="ReservaOrcamentariaDoRPPSPrevidenciario" xlink:title="presentation: ReservaOrcamentariaLineItems to ReservaOrcamentariaDoRPPSPrevidenciario" order="1.0"/>
    <link:loc xlink:type="locator" xlink:href="siconfi-rreo-anexo4rppsuniao_2019-12-31.xsd#siconfi-rreo-anexo4rppsuniao_AportesDeRecursosParaPlanoPrevidenciarioRPPSCivisAbstract" xlink:label="AportesDeRecursosAbstract" xlink:title="AportesDeRecursosAbstract"/>
    <link:presentationArc xlink:type="arc" xlink:arcrole="http://www.xbrl.org/2003/arcrole/parent-child" xlink:from="Anexo4Abstract" xlink:to="AportesDeRecursosAbstract" xlink:title="presentation: Anexo4RPPSAbstract to AportesDeRecursosParaPlanoPrevidenciarioRPPSCivisAbstract" order="5.0"/>
    <link:loc xlink:type="locator" xlink:href="siconfi-rreo-anexo4rppsuniao_2019-12-31.xsd#siconfi-rreo-anexo4rppsuniao_AportesDeRecursosParaPlanoPrevidenciarioRPPSTable" xlink:label="AportesRealizadosTable" xlink:title="AportesRealizadosTable"/>
    <link:presentationArc xlink:type="arc" xlink:arcrole="http://www.xbrl.org/2003/arcrole/parent-child" xlink:from="AportesDeRecursosAbstract" xlink:to="AportesRealizadosTable" xlink:title="presentation: AportesDeRecursosAbstract to AportesRealizadosTable" order="2.0"/>
    <link:loc xlink:type="locator" xlink:href="../../../cor/dim/siconfi-dim_2019-12-31.xsd#siconfi-dim_AportesDeRecursosAxis" xlink:label="AportesDeRecursosAxis" xlink:title="AportesDeRecursosAxis"/>
    <link:presentationArc xlink:type="arc" xlink:arcrole="http://www.xbrl.org/2003/arcrole/parent-child" xlink:from="AportesRealizadosTable" xlink:to="AportesDeRecursosAxis" xlink:title="presentation: AportesDeRecursosParaPlanoPrevidenciarioRPPSTable to AportesDeRecursosAxis" order="1.0"/>
    <link:loc xlink:type="locator" xlink:href="../../../cor/dim/siconfi-dim_2019-12-31.xsd#siconfi-dim_AportesRealizadosMember" xlink:label="AportesRealizadosMember" xlink:title="AportesRealizadosMember"/>
    <link:presentationArc xlink:type="arc" xlink:arcrole="http://www.xbrl.org/2003/arcrole/parent-child" xlink:from="AportesDeRecursosAxis" xlink:to="AportesRealizadosMember" xlink:title="presentation: AportesDeRecursosAxis to AportesRealizadosMember" order="1.0"/>
    <link:loc xlink:type="locator" xlink:href="siconfi-rreo-anexo4rppsuniao_2019-12-31.xsd#siconfi-rreo-anexo4rppsuniao_AportesDeRecursosParaPlanoPrevidenciarioRPPSCivisLineItems" xlink:label="AportesDeRecursosLineItems" xlink:title="AportesDeRecursosLineItems"/>
    <link:presentationArc xlink:type="arc" xlink:arcrole="http://www.xbrl.org/2003/arcrole/parent-child" xlink:from="AportesDeRecursosAbstract" xlink:to="AportesDeRecursosLineItems" xlink:title="presentation: AportesDeRecursosAbstract to AportesDeRecursosLineItems" order="1.0"/>
    <link:loc xlink:type="locator" xlink:href="../../../cor/ic/siconfi-cor_2019-12-31.xsd#siconfi-cor_AportesParaAPrevidenciaPlanoPrevidenciarioDeficitFinanceiroPrevidenciario" xlink:label="AportesParaAPrevidenciaPlanoPrevidenciarioDeficitFinanceiroPrevidenciario" xlink:title="AportesParaAPrevidenciaPlanoPrevidenciarioDeficitFinanceiroPrevidenciario"/>
    <link:presentationArc xlink:type="arc" xlink:arcrole="http://www.xbrl.org/2003/arcrole/parent-child" xlink:from="AportesDeRecursosLineItems" xlink:to="AportesParaAPrevidenciaPlanoPrevidenciarioDeficitFinanceiroPrevidenciario" xlink:title="presentation: AportesDeRecursosPrevidenciarioLineItems to AportesParaAPrevidenciaPlanoPrevidenciarioDeficitFinanceiroPrevidenciario" order="4.0"/>
    <link:loc xlink:type="locator" xlink:href="../../../cor/ic/siconfi-cor_2019-12-31.xsd#siconfi-cor_AportesParaORPPSPlanoFinanceiroOutrosAportesPrevidenciario" xlink:label="AportesParaORPPSPlanoFinanceiroOutrosAportesPrevidenciario" xlink:title="AportesParaORPPSPlanoFinanceiroOutrosAportesPrevidenciario"/>
    <link:presentationArc xlink:type="arc" xlink:arcrole="http://www.xbrl.org/2003/arcrole/parent-child" xlink:from="AportesDeRecursosLineItems" xlink:to="AportesParaORPPSPlanoFinanceiroOutrosAportesPrevidenciario" xlink:title="presentation: AportesDeRecursosPrevidenciarioLineItems to AportesParaORPPSPlanoFinanceiroOutrosAportesPrevidenciario" order="3.0"/>
    <link:loc xlink:type="locator" xlink:href="../../../cor/ic/siconfi-cor_2019-12-31.xsd#siconfi-cor_AportesParaAPrevidenciaPlanoPrevidenciarioAportePeriodicoDeValoresPredefinidos" xlink:label="AportesParaAPrevidenciaPlanoPrevidenciarioAportePeriodicoDeValoresPredefinidos" xlink:title="AportesParaAPrevidenciaPlanoPrevidenciarioAportePeriodicoDeValoresPredefinidos"/>
    <link:presentationArc xlink:type="arc" xlink:arcrole="http://www.xbrl.org/2003/arcrole/parent-child" xlink:from="AportesDeRecursosLineItems" xlink:to="AportesParaAPrevidenciaPlanoPrevidenciarioAportePeriodicoDeValoresPredefinidos" xlink:title="presentation: AportesDeRecursosPrevidenciarioLineItems to AportesParaAPrevidenciaPlanoPrevidenciarioAportePeriodicoDeValoresPredefinidos" order="2.0"/>
    <link:loc xlink:type="locator" xlink:href="../../../cor/ic/siconfi-cor_2019-12-31.xsd#siconfi-cor_AportesParaAPrevidenciaPlanoPrevidenciarioContribuicaoPatronalSuplementar" xlink:label="AportesParaAPrevidenciaPlanoPrevidenciarioContribuicaoPatronalSuplementar" xlink:title="AportesParaAPrevidenciaPlanoPrevidenciarioContribuicaoPatronalSuplementar"/>
    <link:presentationArc xlink:type="arc" xlink:arcrole="http://www.xbrl.org/2003/arcrole/parent-child" xlink:from="AportesDeRecursosLineItems" xlink:to="AportesParaAPrevidenciaPlanoPrevidenciarioContribuicaoPatronalSuplementar" xlink:title="presentation: AportesDeRecursosPrevidenciarioLineItems to AportesParaAPrevidenciaPlanoPrevidenciarioContribuicaoPatronalSuplementar" order="1.0"/>
    <link:loc xlink:type="locator" xlink:href="siconfi-rreo-anexo4rppsuniao_2019-12-31.xsd#siconfi-rreo-anexo4rppsuniao_BensEDireitosDoRPPSCivisAbstract" xlink:label="BensEDireitosDoRPPSAbstract" xlink:title="BensEDireitosDoRPPSAbstract"/>
    <link:presentationArc xlink:type="arc" xlink:arcrole="http://www.xbrl.org/2003/arcrole/parent-child" xlink:from="Anexo4Abstract" xlink:to="BensEDireitosDoRPPSAbstract" xlink:title="presentation: Anexo4RPPSAbstract to BensEDireitosDoRPPSCivisAbstract" order="6.0"/>
    <link:loc xlink:type="locator" xlink:href="siconfi-rreo-anexo4rppsuniao_2019-12-31.xsd#siconfi-rreo-anexo4rppsuniao_BensEDireitosDoRPPSTable" xlink:label="BensEDireitosDoRPPSTable" xlink:title="BensEDireitosDoRPPSTable"/>
    <link:presentationArc xlink:type="arc" xlink:arcrole="http://www.xbrl.org/2003/arcrole/parent-child" xlink:from="BensEDireitosDoRPPSAbstract" xlink:to="BensEDireitosDoRPPSTable" xlink:title="presentation: BensEDireitosDoRPPSAbstract to BensEDireitosDoRPPSTable" order="2.0"/>
    <link:loc xlink:type="locator" xlink:href="../../../cor/dim/siconfi-dim_2019-12-31.xsd#siconfi-dim_PeriodoDeReferenciaPrevidenciariaAxis" xlink:label="PeriodoDeReferenciaPrevidenciariaAxis" xlink:title="PeriodoDeReferenciaPrevidenciariaAxis"/>
    <link:presentationArc xlink:type="arc" xlink:arcrole="http://www.xbrl.org/2003/arcrole/parent-child" xlink:from="BensEDireitosDoRPPSTable" xlink:to="PeriodoDeReferenciaPrevidenciariaAxis" xlink:title="presentation: BensEDireitosDoRPPSTable to PeriodoDeReferenciaPrevidenciariaAxis" order="1.0"/>
    <link:loc xlink:type="locator" xlink:href="../../../cor/dim/siconfi-dim_2019-12-31.xsd#siconfi-dim_PeriodoDeReferenciaMember" xlink:label="PeriodoDeReferenciaMember" xlink:title="PeriodoDeReferenciaMember"/>
    <link:presentationArc xlink:type="arc" xlink:arcrole="http://www.xbrl.org/2003/arcrole/parent-child" xlink:from="PeriodoDeReferenciaPrevidenciariaAxis" xlink:to="PeriodoDeReferenciaMember" xlink:title="presentation: PeriodoDeReferenciaPrevidenciariaAxis to PeriodoDeReferenciaMember" order="1.0" xbrldt:usable="false"/>
    <link:loc xlink:type="locator" xlink:href="../../../cor/dim/siconfi-dim_2019-12-31.xsd#siconfi-dim_AteOPeriodoExercicioAnteriorMember" xlink:label="AteOPeriodoExercicioAnteriorMember" xlink:title="AteOPeriodoExercicioAnteriorMember"/>
    <link:presentationArc xlink:type="arc" xlink:arcrole="http://www.xbrl.org/2003/arcrole/parent-child" xlink:from="PeriodoDeReferenciaMember" xlink:to="AteOPeriodoExercicioAnteriorMember" xlink:title="presentation: PeriodoDeReferenciaMember to AteOPeriodoExercicioAnteriorMember" order="2.0"/>
    <link:loc xlink:type="locator" xlink:href="../../../cor/dim/siconfi-dim_2019-12-31.xsd#siconfi-dim_AteOPeriodoExercicioAtualMember" xlink:label="AteOPeriodoExercicioAtualMember" xlink:title="AteOPeriodoExercicioAtualMember"/>
    <link:presentationArc xlink:type="arc" xlink:arcrole="http://www.xbrl.org/2003/arcrole/parent-child" xlink:from="PeriodoDeReferenciaMember" xlink:to="AteOPeriodoExercicioAtualMember" xlink:title="presentation: PeriodoDeReferenciaMember to AteOPeriodoExercicioAtualMember" order="1.0"/>
    <link:loc xlink:type="locator" xlink:href="siconfi-rreo-anexo4rppsuniao_2019-12-31.xsd#siconfi-rreo-anexo4rppsuniao_BensEDireitosDoRPPSCivisLineItems" xlink:label="BensEDireitosDoRPPSLineItems" xlink:title="BensEDireitosDoRPPSLineItems"/>
    <link:presentationArc xlink:type="arc" xlink:arcrole="http://www.xbrl.org/2003/arcrole/parent-child" xlink:from="BensEDireitosDoRPPSAbstract" xlink:to="BensEDireitosDoRPPSLineItems" xlink:title="presentation: BensEDireitosDoRPPSAbstract to BensEDireitosDoRPPSLineItems" order="1.0"/>
    <link:loc xlink:type="locator" xlink:href="../../../cor/ic/siconfi-cor_2019-12-31.xsd#siconfi-cor_OutrosBensEDireitosDoRPPSPrevidenciario" xlink:label="OutrosBensEDireitosDoRPPSPrevidenciario" xlink:title="OutrosBensEDireitosDoRPPSPrevidenciario"/>
    <link:presentationArc xlink:type="arc" xlink:arcrole="http://www.xbrl.org/2003/arcrole/parent-child" xlink:from="BensEDireitosDoRPPSLineItems" xlink:to="OutrosBensEDireitosDoRPPSPrevidenciario" xlink:title="presentation: BensEDireitosDoRPPSLineItems to OutrosBensEDireitosDoRPPSPrevidenciario" order="3.0"/>
    <link:loc xlink:type="locator" xlink:href="../../../cor/ic/siconfi-cor_2019-12-31.xsd#siconfi-cor_InvestimentosDoRPPSPrevidenciario" xlink:label="InvestimentosDoRPPSPrevidenciario" xlink:title="InvestimentosDoRPPSPrevidenciario"/>
    <link:presentationArc xlink:type="arc" xlink:arcrole="http://www.xbrl.org/2003/arcrole/parent-child" xlink:from="BensEDireitosDoRPPSLineItems" xlink:to="InvestimentosDoRPPSPrevidenciario" xlink:title="presentation: BensEDireitosDoRPPSLineItems to InvestimentosDoRPPSPrevidenciario" order="2.0"/>
    <link:loc xlink:type="locator" xlink:href="../../../cor/ic/siconfi-cor_2019-12-31.xsd#siconfi-cor_RREO4CaixaDoRPPSPrevidenciario" xlink:label="RREO4CaixaDoRPPSPrevidenciario" xlink:title="RREO4CaixaDoRPPSPrevidenciario"/>
    <link:presentationArc xlink:type="arc" xlink:arcrole="http://www.xbrl.org/2003/arcrole/parent-child" xlink:from="BensEDireitosDoRPPSLineItems" xlink:to="RREO4CaixaDoRPPSPrevidenciario" xlink:title="presentation: BensEDireitosDoRPPSLineItems to RREO4CaixaDoRPPSPrevidenciario" order="1.0"/>
    <link:loc xlink:type="locator" xlink:href="siconfi-rreo-anexo4rppsuniao_2019-12-31.xsd#siconfi-rreo-anexo4rpps_FonteAnexo4Tabela4.0Abstract" xlink:label="FonteAnexo4Tabela4.1Abstract" xlink:title="FonteAnexo4Tabela4.1Abstract"/>
    <link:presentationArc xlink:type="arc" xlink:arcrole="http://www.xbrl.org/2003/arcrole/parent-child" xlink:from="Anexo4Abstract" xlink:to="FonteAnexo4Tabela4.1Abstract" xlink:title="presentation: Anexo4Abstract to FonteAnexo4Tabela4.1Abstract" order="9.0"/>
    <link:loc xlink:type="locator" xlink:href="siconfi-rreo-anexo4rppsuniao_2019-12-31.xsd#siconfi-rreo-anexo4rpps_FonteAnexo4Tabela4.0LineItems" xlink:label="FonteAnexo4Tabela4.1LineItems" xlink:title="FonteAnexo4Tabela4.1LineItems"/>
    <link:presentationArc xlink:type="arc" xlink:arcrole="http://www.xbrl.org/2003/arcrole/parent-child" xlink:from="FonteAnexo4Tabela4.1Abstract" xlink:to="FonteAnexo4Tabela4.1LineItems" xlink:title="presentation: FonteAnexo4Tabela4.1Abstract to FonteAnexo4Tabela4.1LineItems" order="1.0"/>
    <link:loc xlink:type="locator" xlink:href="../../../cor/ic/siconfi-cor_2019-12-31.xsd#siconfi-cor_RREO4FonteAnexo4Tabela4.0RREO" xlink:label="RREO4FonteAnexo4Tabela4.0RREO" xlink:title="RREO4FonteAnexo4Tabela4.0RREO"/>
    <link:presentationArc xlink:type="arc" xlink:arcrole="http://www.xbrl.org/2003/arcrole/parent-child" xlink:from="FonteAnexo4Tabela4.1LineItems" xlink:to="RREO4FonteAnexo4Tabela4.0RREO" xlink:title="presentation: FonteAnexo4Tabela4.0LineItems to RREO4FonteAnexo4Tabela4.0RREO" order="1.0"/>
    <link:loc xlink:type="locator" xlink:href="siconfi-rreo-anexo4rppsuniao_2019-12-31.xsd#siconfi-rreo-anexo4rppsuniao_ReceitasPrevidenciariasRPPSCivisAbstract" xlink:label="ReceitasPrevidenciariasRPPSCivisAbstract" xlink:title="ReceitasPrevidenciariasRPPSCivisAbstract"/>
    <link:presentationArc xlink:type="arc" xlink:arcrole="http://www.xbrl.org/2003/arcrole/parent-child" xlink:from="Anexo4Abstract" xlink:to="ReceitasPrevidenciariasRPPSCivisAbstract" xlink:title="presentation: Anexo4RPPSAbstract to ReceitasPrevidenciariasRPPSCivisAbstract" order="1.0"/>
    <link:loc xlink:type="locator" xlink:href="siconfi-rreo-anexo4rppsuniao_2019-12-31.xsd#siconfi-rreo-anexo4rppsuniao_ReceitasPrevidenciariasRPPSCivisLineItems" xlink:label="ReceitasPrevidenciariasRPPSCivisLineItems" xlink:title="ReceitasOrcamentariasLineItems"/>
    <link:presentationArc xlink:type="arc" xlink:arcrole="http://www.xbrl.org/2003/arcrole/parent-child" xlink:from="ReceitasPrevidenciariasRPPSCivisAbstract" xlink:to="ReceitasPrevidenciariasRPPSCivisLineItems" xlink:title="presentation: ReceitasPrevidenciariasRPPSCivisAbstract to ReceitasPrevidenciariasRPPSCivisLineItems" order="1.0"/>
    <link:loc xlink:type="locator" xlink:href="../../../cor/ic/siconfi-cor_2019-12-31.xsd#siconfi-cor_ReceitasCorrentesRPPSBrutasPrevidenciario" xlink:label="ReceitasCorrentesRPPSBrutasPrevidenciario" xlink:title="ReceitasCorrentesRPPSBrutasPrevidenciario"/>
    <link:presentationArc xlink:type="arc" xlink:arcrole="http://www.xbrl.org/2003/arcrole/parent-child" xlink:from="ReceitasPrevidenciariasRPPSCivisLineItems" xlink:to="ReceitasCorrentesRPPSBrutasPrevidenciario" xlink:title="presentation: ReceitasPrevidenciariasRPPSCivisLineItems to ReceitasCorrentesRPPSBrutasPrevidenciario" order="1.0"/>
    <link:loc xlink:type="locator" xlink:href="../../../cor/ic/siconfi-cor_2019-12-31.xsd#siconfi-cor_ReceitaDeContribuicoesDosSeguradosBrutaPrevidenciario" xlink:label="ReceitaDeContribuicoesDosSeguradosBrutaPrevidenciario" xlink:title="ReceitaDeContribuicoesDosSeguradosBrutaPrevidenciario"/>
    <link:presentationArc xlink:type="arc" xlink:arcrole="http://www.xbrl.org/2003/arcrole/parent-child" xlink:from="ReceitasCorrentesRPPSBrutasPrevidenciario" xlink:to="ReceitaDeContribuicoesDosSeguradosBrutaPrevidenciario" xlink:title="presentation: ReceitasCorrentesRPPSBrutasPrevidenciario to ReceitaDeContribuicoesDosSeguradosBrutaPrevidenciario" order="1.0"/>
    <link:loc xlink:type="locator" xlink:href="../../../cor/ic/siconfi-cor_2019-12-31.xsd#siconfi-cor_ReceitaDeContribuicoesDosSeguradosPrevidenciario" xlink:label="ReceitaDeContribuicoesDosSeguradosPrevidenciario" xlink:title="ReceitaDeContribuicoesDosSeguradosPrevidenciario"/>
    <link:presentationArc xlink:type="arc" xlink:arcrole="http://www.xbrl.org/2003/arcrole/parent-child" xlink:from="ReceitaDeContribuicoesDosSeguradosBrutaPrevidenciario" xlink:to="ReceitaDeContribuicoesDosSeguradosPrevidenciario" xlink:title="presentation: ReceitaDeContribuicoesDosSeguradosBrutaPrevidenciario to ReceitaDeContribuicoesDosSeguradosPrevidenciario" order="1.0"/>
    <link:loc xlink:type="locator" xlink:href="../../../cor/ic/siconfi-cor_2019-12-31.xsd#siconfi-cor_ReceitaDeContribuicoesDosSeguradoslAtivoPrevidenciario" xlink:label="ReceitaDeContribuicoesDosSeguradoslAtivoPrevidenciario" xlink:title="ReceitaDeContribuicoesDosSeguradoslAtivoPrevidenciario"/>
    <link:presentationArc xlink:type="arc" xlink:arcrole="http://www.xbrl.org/2003/arcrole/parent-child" xlink:from="ReceitaDeContribuicoesDosSeguradosPrevidenciario" xlink:to="ReceitaDeContribuicoesDosSeguradoslAtivoPrevidenciario" xlink:title="presentation: ReceitaDeContribuicoesDosSeguradosPrevidenciario to ReceitaDeContribuicoesDosSeguradoslAtivoPrevidenciario" order="1.0"/>
    <link:loc xlink:type="locator" xlink:href="../../../cor/ic/siconfi-cor_2019-12-31.xsd#siconfi-cor_ReceitaDeContribuicoesDosSeguradosInativoPrevidenciario" xlink:label="ReceitaDeContribuicoesDosSeguradosInativoPrevidenciario" xlink:title="ReceitaDeContribuicoesDosSeguradosInativoPrevidenciario"/>
    <link:presentationArc xlink:type="arc" xlink:arcrole="http://www.xbrl.org/2003/arcrole/parent-child" xlink:from="ReceitaDeContribuicoesDosSeguradosPrevidenciario" xlink:to="ReceitaDeContribuicoesDosSeguradosInativoPrevidenciario" xlink:title="presentation: ReceitaDeContribuicoesDosSeguradosPrevidenciario to ReceitaDeContribuicoesDosSeguradosInativoPrevidenciario" order="3.0"/>
    <link:loc xlink:type="locator" xlink:href="../../../cor/ic/siconfi-cor_2019-12-31.xsd#siconfi-cor_ReceitaDeContribuicoesDosSeguradosPensionistaPrevidenciario" xlink:label="ReceitaDeContribuicoesDosSeguradosPensionistaPrevidenciario" xlink:title="ReceitaDeContribuicoesDosSeguradosPensionistaPrevidenciario"/>
    <link:presentationArc xlink:type="arc" xlink:arcrole="http://www.xbrl.org/2003/arcrole/parent-child" xlink:from="ReceitaDeContribuicoesDosSeguradosPrevidenciario" xlink:to="ReceitaDeContribuicoesDosSeguradosPensionistaPrevidenciario" xlink:title="presentation: ReceitaDeContribuicoesDosSeguradosPrevidenciario to ReceitaDeContribuicoesDosSeguradosPensionistaPrevidenciario" order="5.0"/>
    <link:loc xlink:type="locator" xlink:href="../../../cor/ic/siconfi-cor_2019-12-31.xsd#siconfi-cor_ReceitaDeContribuicoesPatronalPrevidenciario" xlink:label="ReceitaDeContribuicoesPatronalPrevidenciario" xlink:title="ReceitaDeContribuicoesPatronalPrevidenciario"/>
    <link:presentationArc xlink:type="arc" xlink:arcrole="http://www.xbrl.org/2003/arcrole/parent-child" xlink:from="ReceitaDeContribuicoesDosSeguradosBrutaPrevidenciario" xlink:to="ReceitaDeContribuicoesPatronalPrevidenciario" xlink:title="presentation: ReceitaDeContribuicoesDosSeguradosBrutaPrevidenciario to ReceitaDeContribuicoesPatronalPrevidenciario" order="2.0"/>
    <link:loc xlink:type="locator" xlink:href="../../../cor/ic/siconfi-cor_2019-12-31.xsd#siconfi-cor_ReceitaDeContribuicoesPatronalAtivoPrevidenciario" xlink:label="ReceitaDeContribuicoesPatronalAtivoPrevidenciario" xlink:title="ReceitaDeContribuicoesPatronalAtivoPrevidenciario"/>
    <link:presentationArc xlink:type="arc" xlink:arcrole="http://www.xbrl.org/2003/arcrole/parent-child" xlink:from="ReceitaDeContribuicoesPatronalPrevidenciario" xlink:to="ReceitaDeContribuicoesPatronalAtivoPrevidenciario" xlink:title="presentation: ReceitaDeContribuicoesPatronalPrevidenciario to ReceitaDeContribuicoesPatronalAtivoPrevidenciario" order="1.0"/>
    <link:loc xlink:type="locator" xlink:href="../../../cor/ic/siconfi-cor_2019-12-31.xsd#siconfi-cor_ReceitaDeContribuicoesPatronalInativoPrevidenciario" xlink:label="ReceitaDeContribuicoesPatronalInativoPrevidenciario" xlink:title="ReceitaDeContribuicoesPatronalInativoPrevidenciario"/>
    <link:presentationArc xlink:type="arc" xlink:arcrole="http://www.xbrl.org/2003/arcrole/parent-child" xlink:from="ReceitaDeContribuicoesPatronalPrevidenciario" xlink:to="ReceitaDeContribuicoesPatronalInativoPrevidenciario" xlink:title="presentation: ReceitaDeContribuicoesPatronalPrevidenciario to ReceitaDeContribuicoesPatronalInativoPrevidenciario" order="2.0"/>
    <link:loc xlink:type="locator" xlink:href="../../../cor/ic/siconfi-cor_2019-12-31.xsd#siconfi-cor_ReceitaDeContribuicoesPatronalPensionistaPrevidenciario" xlink:label="ReceitaDeContribuicoesPatronalPensionistaPrevidenciario" xlink:title="ReceitaDeContribuicoesPatronalPensionistaPrevidenciario"/>
    <link:presentationArc xlink:type="arc" xlink:arcrole="http://www.xbrl.org/2003/arcrole/parent-child" xlink:from="ReceitaDeContribuicoesPatronalPrevidenciario" xlink:to="ReceitaDeContribuicoesPatronalPensionistaPrevidenciario" xlink:title="presentation: ReceitaDeContribuicoesPatronalPrevidenciario to ReceitaDeContribuicoesPatronalPensionistaPrevidenciario" order="3.0"/>
    <link:loc xlink:type="locator" xlink:href="../../../cor/ic/siconfi-cor_2019-12-31.xsd#siconfi-cor_ReceitaPatrimonialRPPSBrutaPrevidenciario" xlink:label="ReceitaPatrimonialRPPSBrutaPrevidenciario" xlink:title="ReceitaPatrimonialRPPSBrutaPrevidenciario"/>
    <link:presentationArc xlink:type="arc" xlink:arcrole="http://www.xbrl.org/2003/arcrole/parent-child" xlink:from="ReceitasCorrentesRPPSBrutasPrevidenciario" xlink:to="ReceitaPatrimonialRPPSBrutaPrevidenciario" xlink:title="presentation: ReceitasCorrentesRPPSBrutasPrevidenciario to ReceitaPatrimonialRPPSBrutaPrevidenciario" order="2.0"/>
    <link:loc xlink:type="locator" xlink:href="../../../cor/ic/siconfi-cor_2019-12-31.xsd#siconfi-cor_ReceitasImobiliariasPrevidenciariasBrutasPrevidenciario" xlink:label="ReceitasImobiliariasPrevidenciariasBrutasPrevidenciario" xlink:title="ReceitasImobiliariasPrevidenciariasBrutasPrevidenciario"/>
    <link:presentationArc xlink:type="arc" xlink:arcrole="http://www.xbrl.org/2003/arcrole/parent-child" xlink:from="ReceitaPatrimonialRPPSBrutaPrevidenciario" xlink:to="ReceitasImobiliariasPrevidenciariasBrutasPrevidenciario" xlink:title="presentation: ReceitaPatrimonialRPPSBrutaPrevidenciario to ReceitasImobiliariasPrevidenciariasBrutasPrevidenciario" order="1.0"/>
    <link:loc xlink:type="locator" xlink:href="../../../cor/ic/siconfi-cor_2019-12-31.xsd#siconfi-cor_ReceitasDeValoresMobiliariosPrevidenciariasBrutasPrevidenciario" xlink:label="ReceitasDeValoresMobiliariosPrevidenciariasBrutasPrevidenciario" xlink:title="ReceitasDeValoresMobiliariosPrevidenciariasBrutasPrevidenciario"/>
    <link:presentationArc xlink:type="arc" xlink:arcrole="http://www.xbrl.org/2003/arcrole/parent-child" xlink:from="ReceitaPatrimonialRPPSBrutaPrevidenciario" xlink:to="ReceitasDeValoresMobiliariosPrevidenciariasBrutasPrevidenciario" xlink:title="presentation: ReceitaPatrimonialRPPSBrutaPrevidenciario to ReceitasDeValoresMobiliariosPrevidenciariasBrutasPrevidenciario" order="2.0"/>
    <link:loc xlink:type="locator" xlink:href="../../../cor/ic/siconfi-cor_2019-12-31.xsd#siconfi-cor_OutrasReceitasPatrimoniaisPrevidenciariasBrutasPrevidenciario" xlink:label="OutrasReceitasPatrimoniaisPrevidenciariasBrutasPrevidenciario" xlink:title="OutrasReceitasPatrimoniaisPrevidenciariasBrutasPrevidenciario"/>
    <link:presentationArc xlink:type="arc" xlink:arcrole="http://www.xbrl.org/2003/arcrole/parent-child" xlink:from="ReceitaPatrimonialRPPSBrutaPrevidenciario" xlink:to="OutrasReceitasPatrimoniaisPrevidenciariasBrutasPrevidenciario" xlink:title="presentation: ReceitaPatrimonialRPPSBrutaPrevidenciario to OutrasReceitasPatrimoniaisPrevidenciariasBrutasPrevidenciario" order="3.0"/>
    <link:loc xlink:type="locator" xlink:href="../../../cor/ic/siconfi-cor_2019-12-31.xsd#siconfi-cor_OutrasReceitasCorrentesRPPSBrutasPrevidenciario" xlink:label="OutrasReceitasCorrentesRPPSBrutasPrevidenciario" xlink:title="OutrasReceitasCorrentesRPPSBrutasPrevidenciario"/>
    <link:presentationArc xlink:type="arc" xlink:arcrole="http://www.xbrl.org/2003/arcrole/parent-child" xlink:from="ReceitasCorrentesRPPSBrutasPrevidenciario" xlink:to="OutrasReceitasCorrentesRPPSBrutasPrevidenciario" xlink:title="presentation: ReceitasCorrentesRPPSBrutasPrevidenciario to OutrasReceitasCorrentesRPPSBrutasPrevidenciario" order="3.0"/>
    <link:loc xlink:type="locator" xlink:href="../../../cor/ic/siconfi-cor_2019-12-31.xsd#siconfi-cor_CompensacaoPrevidenciariaDoRGPSParaORPPSBrutaPrevidenciario" xlink:label="CompensacaoPrevidenciariaDoRGPSParaORPPSBrutaPrevidenciario" xlink:title="CompensacaoPrevidenciariaDoRGPSParaORPPSBrutaPrevidenciario"/>
    <link:presentationArc xlink:type="arc" xlink:arcrole="http://www.xbrl.org/2003/arcrole/parent-child" xlink:from="OutrasReceitasCorrentesRPPSBrutasPrevidenciario" xlink:to="CompensacaoPrevidenciariaDoRGPSParaORPPSBrutaPrevidenciario" xlink:title="presentation: OutrasReceitasCorrentesRPPSBrutasPrevidenciario to CompensacaoPrevidenciariaDoRGPSParaORPPSBrutaPrevidenciario" order="1.0"/>
    <link:loc xlink:type="locator" xlink:href="../../../cor/ic/siconfi-cor_2019-12-31.xsd#siconfi-cor_DemaisReceitasCorrentesRPPSBrutasPrevidenciario" xlink:label="DemaisReceitasCorrentesRPPSBrutasPrevidenciario" xlink:title="DemaisReceitasCorrentesRPPSBrutasPrevidenciario"/>
    <link:presentationArc xlink:type="arc" xlink:arcrole="http://www.xbrl.org/2003/arcrole/parent-child" xlink:from="OutrasReceitasCorrentesRPPSBrutasPrevidenciario" xlink:to="DemaisReceitasCorrentesRPPSBrutasPrevidenciario" xlink:title="presentation: OutrasReceitasCorrentesRPPSBrutasPrevidenciario to DemaisReceitasCorrentesRPPSBrutasPrevidenciario" order="2.0"/>
    <link:loc xlink:type="locator" xlink:href="../../../cor/ic/siconfi-cor_2019-12-31.xsd#siconfi-cor_ReceitasDeCapitalRPPSBrutasPrevidenciario" xlink:label="ReceitasDeCapitalRPPSBrutasPrevidenciario" xlink:title="ReceitasDeCapitalRPPSBrutasPrevidenciario"/>
    <link:presentationArc xlink:type="arc" xlink:arcrole="http://www.xbrl.org/2003/arcrole/parent-child" xlink:from="ReceitasPrevidenciariasRPPSCivisLineItems" xlink:to="ReceitasDeCapitalRPPSBrutasPrevidenciario" xlink:title="presentation: ReceitasPrevidenciariasRPPSCivisLineItems to ReceitasDeCapitalRPPSBrutasPrevidenciario" order="2.0"/>
    <link:loc xlink:type="locator" xlink:href="../../../cor/ic/siconfi-cor_2019-12-31.xsd#siconfi-cor_AlienacaoDeBensDireitosEAtivosRPPSBrutaPrevidenciario" xlink:label="AlienacaoDeBensDireitosEAtivosRPPSBrutaPrevidenciario" xlink:title="AlienacaoDeBensDireitosEAtivosRPPSBrutaPrevidenciario"/>
    <link:presentationArc xlink:type="arc" xlink:arcrole="http://www.xbrl.org/2003/arcrole/parent-child" xlink:from="ReceitasDeCapitalRPPSBrutasPrevidenciario" xlink:to="AlienacaoDeBensDireitosEAtivosRPPSBrutaPrevidenciario" xlink:title="presentation: ReceitasDeCapitalRPPSBrutasPrevidenciario to AlienacaoDeBensDireitosEAtivosRPPSBrutaPrevidenciario" order="1.0"/>
    <link:loc xlink:type="locator" xlink:href="../../../cor/ic/siconfi-cor_2019-12-31.xsd#siconfi-cor_AmortizacaoDeEmprestimosPrevidenciariaBrutaPrevidenciario" xlink:label="AmortizacaoDeEmprestimosPrevidenciariaBrutaPrevidenciario" xlink:title="AmortizacaoDeEmprestimosPrevidenciariaBrutaPrevidenciario"/>
    <link:presentationArc xlink:type="arc" xlink:arcrole="http://www.xbrl.org/2003/arcrole/parent-child" xlink:from="ReceitasDeCapitalRPPSBrutasPrevidenciario" xlink:to="AmortizacaoDeEmprestimosPrevidenciariaBrutaPrevidenciario" xlink:title="presentation: ReceitasDeCapitalRPPSBrutasPrevidenciario to AmortizacaoDeEmprestimosPrevidenciariaBrutaPrevidenciario" order="2.0"/>
    <link:loc xlink:type="locator" xlink:href="../../../cor/ic/siconfi-cor_2019-12-31.xsd#siconfi-cor_OutrasReceitasDeCapitalRPPSBrutasPrevidenciario" xlink:label="OutrasReceitasDeCapitalRPPSBrutasPrevidenciario" xlink:title="OutrasReceitasDeCapitalRPPSBrutasPrevidenciario"/>
    <link:presentationArc xlink:type="arc" xlink:arcrole="http://www.xbrl.org/2003/arcrole/parent-child" xlink:from="ReceitasDeCapitalRPPSBrutasPrevidenciario" xlink:to="OutrasReceitasDeCapitalRPPSBrutasPrevidenciario" xlink:title="presentation: ReceitasDeCapitalRPPSBrutasPrevidenciario to OutrasReceitasDeCapitalRPPSBrutasPrevidenciario" order="3.0"/>
    <link:loc xlink:type="locator" xlink:href="../../../cor/ic/siconfi-cor_2019-12-31.xsd#siconfi-cor_TotalReceitasRPPSPrevidenciario" xlink:label="TotalReceitasRPPSPrevidenciario" xlink:title="TotalReceitasRPPSPrevidenciario"/>
    <link:presentationArc xlink:type="arc" xlink:arcrole="http://www.xbrl.org/2003/arcrole/parent-child" xlink:from="ReceitasPrevidenciariasRPPSCivisLineItems" xlink:to="TotalReceitasRPPSPrevidenciario" xlink:title="presentation: ReceitasPrevidenciariasRPPSCivisLineItems to TotalReceitasRPPSPrevidenciario" order="3.0"/>
    <link:loc xlink:type="locator" xlink:href="siconfi-rreo-anexo4rppsuniao_2019-12-31.xsd#siconfi-rreo-anexo4rppsuniao_ReceitasPrevidenciariasRPPSTable" xlink:label="ReceitasPrevidenciariasRPPSTable" xlink:title="ReceitasOrcamentariasTable"/>
    <link:presentationArc xlink:type="arc" xlink:arcrole="http://www.xbrl.org/2003/arcrole/parent-child" xlink:from="ReceitasPrevidenciariasRPPSCivisAbstract" xlink:to="ReceitasPrevidenciariasRPPSTable" xlink:title="presentation: ReceitasPrevidenciariasRPPSCivisAbstract to ReceitasPrevidenciariasRPPSTable" order="2.0" xbrldt:contextElement="segment" xbrldt:closed="true"/>
    <link:loc xlink:type="locator" xlink:href="../../../cor/dim/siconfi-dim_2019-12-31.xsd#siconfi-dim_ExecucaoDaReceitaPrevidenciariaAxis" xlink:label="ExecucaoDaReceitaPrevidenciariaAxis" xlink:title="ExecucaoDaReceitaPrevidenciariaAxis"/>
    <link:presentationArc xlink:type="arc" xlink:arcrole="http://www.xbrl.org/2003/arcrole/parent-child" xlink:from="ReceitasPrevidenciariasRPPSTable" xlink:to="ExecucaoDaReceitaPrevidenciariaAxis" xlink:title="presentation: ReceitasPrevidenciariasRPPSTable to ExecucaoDaReceitaPrevidenciariaAxis" order="1.0"/>
    <link:loc xlink:type="locator" xlink:href="../../../cor/dim/siconfi-dim_2019-12-31.xsd#siconfi-dim_PrevisaoInicialMember" xlink:label="PrevisaoInicialMember" xlink:title="PrevisaoInicialMember"/>
    <link:presentationArc xlink:type="arc" xlink:arcrole="http://www.xbrl.org/2003/arcrole/parent-child" xlink:from="ExecucaoDaReceitaPrevidenciariaAxis" xlink:to="PrevisaoInicialMember" xlink:title="presentation: ExecucaoDaReceitaPrevidenciariaAxis to PrevisaoInicialMember" order="1.0"/>
    <link:loc xlink:type="locator" xlink:href="../../../cor/dim/siconfi-dim_2019-12-31.xsd#siconfi-dim_PrevisaoAtualizadaMember" xlink:label="PrevisaoAtualizadaMember" xlink:title="PrevisaoAtualizadaMember"/>
    <link:presentationArc xlink:type="arc" xlink:arcrole="http://www.xbrl.org/2003/arcrole/parent-child" xlink:from="ExecucaoDaReceitaPrevidenciariaAxis" xlink:to="PrevisaoAtualizadaMember" xlink:title="presentation: ExecucaoDaReceitaPrevidenciariaAxis to PrevisaoAtualizadaMember" order="2.0"/>
    <link:loc xlink:type="locator" xlink:href="../../../cor/dim/siconfi-dim_2019-12-31.xsd#siconfi-dim_ReceitasRealizadasMember" xlink:label="ReceitasRealizadasMember" xlink:title="ReceitasRealizadasMember"/>
    <link:presentationArc xlink:type="arc" xlink:arcrole="http://www.xbrl.org/2003/arcrole/parent-child" xlink:from="ExecucaoDaReceitaPrevidenciariaAxis" xlink:to="ReceitasRealizadasMember" xlink:title="presentation: ExecucaoDaReceitaPrevidenciariaAxis to ReceitasRealizadasMember" order="3.0" xbrldt:usable="false"/>
    <link:loc xlink:type="locator" xlink:href="../../../cor/dim/siconfi-dim_2019-12-31.xsd#siconfi-dim_ReceitasRealizadasAteOBimestreMember" xlink:label="ReceitasRealizadasAteOBimestreMember" xlink:title="ReceitasRealizadasAteOBimestreMember"/>
    <link:presentationArc xlink:type="arc" xlink:arcrole="http://www.xbrl.org/2003/arcrole/parent-child" xlink:from="ReceitasRealizadasMember" xlink:to="ReceitasRealizadasAteOBimestreMember" xlink:title="presentation: ReceitasRealizadasMember to ReceitasRealizadasAteOBimestreMember" order="1.0"/>
    <link:loc xlink:type="locator" xlink:href="../../../cor/dim/siconfi-dim_2019-12-31.xsd#siconfi-dim_ReceitasRealizadasAteOBimestreExercicioAnteriorMember" xlink:label="ReceitasRealizadasAteOBimestreExercicioAnteriorMember" xlink:title="ReceitasRealizadasAteOBimestreExercicioAnteriorMember"/>
    <link:presentationArc xlink:type="arc" xlink:arcrole="http://www.xbrl.org/2003/arcrole/parent-child" xlink:from="ReceitasRealizadasMember" xlink:to="ReceitasRealizadasAteOBimestreExercicioAnteriorMember" xlink:title="presentation: ReceitasRealizadasMember to ReceitasRealizadasAteOBimestreExercicioAnteriorMember" order="2.0"/>
    <link:loc xlink:type="locator" xlink:href="siconfi-rreo-anexo4rppsuniao_2019-12-31.xsd#siconfi-rreo-anexo4rppsuniao_DespesasPrevidenciariasFCDFAbstract" xlink:label="DespesasPrevidenciariasFCDFAbstract" xlink:title="DespesasPrevidenciariasFCDFAbstract"/>
    <link:presentationArc xlink:type="arc" xlink:arcrole="http://www.xbrl.org/2003/arcrole/parent-child" xlink:from="Anexo4Abstract" xlink:to="DespesasPrevidenciariasFCDFAbstract" xlink:title="presentation: Anexo4RPPSAbstract to DespesasPrevidenciariasFCDFAbstract" order="8.0"/>
    <link:loc xlink:type="locator" xlink:href="siconfi-rreo-anexo4rppsuniao_2019-12-31.xsd#siconfi-rreo-anexo4rppsuniao_DespesasPrevidenciariasFCDFLineItems" xlink:label="DespesasPrevidenciariasFCDFLineItems" xlink:title="DespesasPrevidenciariasFCDFLineItems"/>
    <link:presentationArc xlink:type="arc" xlink:arcrole="http://www.xbrl.org/2003/arcrole/parent-child" xlink:from="DespesasPrevidenciariasFCDFAbstract" xlink:to="DespesasPrevidenciariasFCDFLineItems" xlink:title="presentation: DespesasPrevidenciariasFCDFAbstract to DespesasPrevidenciariasFCDFLineItems" order="1.0"/>
    <link:loc xlink:type="locator" xlink:href="../../../cor/ic/siconfi-cor_2019-12-31.xsd#siconfi-cor_DespesasPrevidenciariasExcetoIntraBeneficiosPrevidenciarioFCDF" xlink:label="DespesasPrevidenciariasExcetoIntraBeneficiosPrevidenciarioFCDF" xlink:title="DespesasPrevidenciariasExcetoIntraBeneficiosPrevidenciarioFCDF"/>
    <link:presentationArc xlink:type="arc" xlink:arcrole="http://www.xbrl.org/2003/arcrole/parent-child" xlink:from="DespesasPrevidenciariasFCDFLineItems" xlink:to="DespesasPrevidenciariasExcetoIntraBeneficiosPrevidenciarioFCDF" xlink:title="presentation: DespesasPrevidenciariasFCDFLineItems to DespesasPrevidenciariasExcetoIntraBeneficiosPrevidenciarioFCDF" order="1.0"/>
    <link:loc xlink:type="locator" xlink:href="../../../cor/ic/siconfi-cor_2019-12-31.xsd#siconfi-cor_DespesasPrevidenciariasExcetoIntraAposentadoriasPrevidenciarioFCDF" xlink:label="DespesasPrevidenciariasExcetoIntraAposentadoriasPrevidenciarioFCDF" xlink:title="DespesasPrevidenciariasExcetoIntraAposentadoriasPrevidenciarioFCDF"/>
    <link:presentationArc xlink:type="arc" xlink:arcrole="http://www.xbrl.org/2003/arcrole/parent-child" xlink:from="DespesasPrevidenciariasExcetoIntraBeneficiosPrevidenciarioFCDF" xlink:to="DespesasPrevidenciariasExcetoIntraAposentadoriasPrevidenciarioFCDF" xlink:title="presentation: DespesasPrevidenciariasExcetoIntraBeneficiosPrevidenciarioFCDF to DespesasPrevidenciariasExcetoIntraAposentadoriasPrevidenciarioFCDF" order="1.0"/>
    <link:loc xlink:type="locator" xlink:href="../../../cor/ic/siconfi-cor_2019-12-31.xsd#siconfi-cor_DespesasPrevidenciariasExcetoIntraPensoesPrevidenciarioFCDF" xlink:label="DespesasPrevidenciariasExcetoIntraPensoesPrevidenciarioFCDF" xlink:title="DespesasPrevidenciariasExcetoIntraPensoesPrevidenciarioFCDF"/>
    <link:presentationArc xlink:type="arc" xlink:arcrole="http://www.xbrl.org/2003/arcrole/parent-child" xlink:from="DespesasPrevidenciariasExcetoIntraBeneficiosPrevidenciarioFCDF" xlink:to="DespesasPrevidenciariasExcetoIntraPensoesPrevidenciarioFCDF" xlink:title="presentation: DespesasPrevidenciariasExcetoIntraBeneficiosPrevidenciarioFCDF to DespesasPrevidenciariasExcetoIntraPensoesPrevidenciarioFCDF" order="2.0"/>
    <link:loc xlink:type="locator" xlink:href="../../../cor/ic/siconfi-cor_2019-12-31.xsd#siconfi-cor_DespesasPrevidenciariasExcetoIntraOutrosBeneficiosPrevidenciariosPrevidenciarioFCDF" xlink:label="DespesasPrevidenciariasExcetoIntraOutrosBeneficiosPrevidenciariosPrevidenciarioFCDF" xlink:title="DespesasPrevidenciariasExcetoIntraOutrosBeneficiosPrevidenciariosPrevidenciarioFCDF"/>
    <link:presentationArc xlink:type="arc" xlink:arcrole="http://www.xbrl.org/2003/arcrole/parent-child" xlink:from="DespesasPrevidenciariasExcetoIntraBeneficiosPrevidenciarioFCDF" xlink:to="DespesasPrevidenciariasExcetoIntraOutrosBeneficiosPrevidenciariosPrevidenciarioFCDF" xlink:title="presentation: DespesasPrevidenciariasExcetoIntraBeneficiosPrevidenciarioFCDF to DespesasPrevidenciariasExcetoIntraOutrosBeneficiosPrevidenciariosPrevidenciarioFCDF" order="3.0"/>
    <link:loc xlink:type="locator" xlink:href="../../../cor/ic/siconfi-cor_2019-12-31.xsd#siconfi-cor_DespesasPrevidenciariasExcetoIntraOutrasDespesasPrevidenciariasPrevidenciarioFCDF" xlink:label="DespesasPrevidenciariasExcetoIntraOutrasDespesasPrevidenciariasPrevidenciarioFCDF" xlink:title="DespesasPrevidenciariasExcetoIntraOutrasDespesasPrevidenciariasPrevidenciarioFCDF"/>
    <link:presentationArc xlink:type="arc" xlink:arcrole="http://www.xbrl.org/2003/arcrole/parent-child" xlink:from="DespesasPrevidenciariasFCDFLineItems" xlink:to="DespesasPrevidenciariasExcetoIntraOutrasDespesasPrevidenciariasPrevidenciarioFCDF" xlink:title="presentation: DespesasPrevidenciariasFCDFLineItems to DespesasPrevidenciariasExcetoIntraOutrasDespesasPrevidenciariasPrevidenciarioFCDF" order="2.0"/>
    <link:loc xlink:type="locator" xlink:href="../../../cor/ic/siconfi-cor_2019-12-31.xsd#siconfi-cor_TotalDasDespesasRPPSPrevidenciarioFCDF" xlink:label="TotalDasDespesasRPPSPrevidenciarioFCDF" xlink:title="TotalDasDespesasRPPSPrevidenciarioFCDF"/>
    <link:presentationArc xlink:type="arc" xlink:arcrole="http://www.xbrl.org/2003/arcrole/parent-child" xlink:from="DespesasPrevidenciariasFCDFLineItems" xlink:to="TotalDasDespesasRPPSPrevidenciarioFCDF" xlink:title="presentation: DespesasPrevidenciariasFCDFLineItems to TotalDasDespesasRPPSPrevidenciarioFCDF" order="3.0"/>
    <link:loc xlink:type="locator" xlink:href="../../../cor/ic/siconfi-cor_2019-12-31.xsd#siconfi-cor_ResultadoRPPSPrevidenciarioFCDF" xlink:label="ResultadoRPPSPrevidenciarioFCDF" xlink:title="ResultadoRPPSPrevidenciarioFCDF"/>
    <link:presentationArc xlink:type="arc" xlink:arcrole="http://www.xbrl.org/2003/arcrole/parent-child" xlink:from="DespesasPrevidenciariasFCDFLineItems" xlink:to="ResultadoRPPSPrevidenciarioFCDF" xlink:title="presentation: DespesasPrevidenciariasFCDFLineItems to ResultadoRPPSPrevidenciarioFCDF" order="4.0"/>
    <link:loc xlink:type="locator" xlink:href="siconfi-rreo-anexo4rppsuniao_2019-12-31.xsd#siconfi-rreo-anexo4rppsuniao_DespesasPrevidenciariasRPPSTable" xlink:label="DespesasPrevidenciariasRPPSTable" xlink:title="DespesasOrcamentariasTable"/>
    <link:presentationArc xlink:type="arc" xlink:arcrole="http://www.xbrl.org/2003/arcrole/parent-child" xlink:from="DespesasPrevidenciariasFCDFAbstract" xlink:to="DespesasPrevidenciariasRPPSTable" xlink:title="presentation: DespesasPrevidenciariasFCDFAbstract to DespesasPrevidenciariasRPPSTable" order="2.0" xbrldt:contextElement="segment" xbrldt:closed="true"/>
    <link:loc xlink:type="locator" xlink:href="../../../cor/dim/siconfi-dim_2019-12-31.xsd#siconfi-dim_ExecucaoDaDespesaPrevidenciariaAxis" xlink:label="ExecucaoDaDespesaPrevidenciariaAxis" xlink:title="ExecucaoDaDespesaPrevidenciariaAxis"/>
    <link:presentationArc xlink:type="arc" xlink:arcrole="http://www.xbrl.org/2003/arcrole/parent-child" xlink:from="DespesasPrevidenciariasRPPSTable" xlink:to="ExecucaoDaDespesaPrevidenciariaAxis" xlink:title="presentation: DespesasPrevidenciariasRPPSTable to ExecucaoDaDespesaPrevidenciariaAxis" order="1.0"/>
    <link:loc xlink:type="locator" xlink:href="../../../cor/dim/siconfi-dim_2019-12-31.xsd#siconfi-dim_DotacaoInicialMember" xlink:label="DotacaoInicialMember" xlink:title="DotacaoInicialMember"/>
    <link:presentationArc xlink:type="arc" xlink:arcrole="http://www.xbrl.org/2003/arcrole/parent-child" xlink:from="ExecucaoDaDespesaPrevidenciariaAxis" xlink:to="DotacaoInicialMember" xlink:title="presentation: ExecucaoDaDespesaPrevidenciariaAxis to DotacaoInicialMember" order="1.0"/>
    <link:loc xlink:type="locator" xlink:href="../../../cor/dim/siconfi-dim_2019-12-31.xsd#siconfi-dim_DotacaoAtualizadaMember" xlink:label="DotacaoAtualizadaMember" xlink:title="DotacaoAtualizadaMember"/>
    <link:presentationArc xlink:type="arc" xlink:arcrole="http://www.xbrl.org/2003/arcrole/parent-child" xlink:from="ExecucaoDaDespesaPrevidenciariaAxis" xlink:to="DotacaoAtualizadaMember" xlink:title="presentation: ExecucaoDaDespesaPrevidenciariaAxis to DotacaoAtualizadaMember" order="2.0"/>
    <link:loc xlink:type="locator" xlink:href="../../../cor/dim/siconfi-dim_2019-12-31.xsd#siconfi-dim_DespesasEmpenhadasAteOBimestreMember" xlink:label="DespesasEmpenhadasAteOBimestreMember" xlink:title="DespesasEmpenhadasAteOBimestreMember"/>
    <link:presentationArc xlink:type="arc" xlink:arcrole="http://www.xbrl.org/2003/arcrole/parent-child" xlink:from="ExecucaoDaDespesaPrevidenciariaAxis" xlink:to="DespesasEmpenhadasAteOBimestreMember" xlink:title="presentation: ExecucaoDaDespesaPrevidenciariaAxis to DespesasEmpenhadasAteOBimestreMember" order="3.0"/>
    <link:loc xlink:type="locator" xlink:href="../../../cor/dim/siconfi-dim_2019-12-31.xsd#siconfi-dim_DespesasEmpenhadasAteOBimestreExercicioAnteriorMember" xlink:label="DespesasEmpenhadasAteOBimestreExercicioAnteriorMember" xlink:title="DespesasEmpenhadasAteOBimestreExercicioAnteriorMember"/>
    <link:presentationArc xlink:type="arc" xlink:arcrole="http://www.xbrl.org/2003/arcrole/parent-child" xlink:from="ExecucaoDaDespesaPrevidenciariaAxis" xlink:to="DespesasEmpenhadasAteOBimestreExercicioAnteriorMember" xlink:title="presentation: ExecucaoDaDespesaPrevidenciariaAxis to DespesasEmpenhadasAteOBimestreExercicioAnteriorMember" order="4.0"/>
    <link:loc xlink:type="locator" xlink:href="../../../cor/dim/siconfi-dim_2019-12-31.xsd#siconfi-dim_DespesasLiquidadasAteOBimestreMember" xlink:label="DespesasLiquidadasAteOBimestreMember" xlink:title="DespesasLiquidadasAteOBimestreMember"/>
    <link:presentationArc xlink:type="arc" xlink:arcrole="http://www.xbrl.org/2003/arcrole/parent-child" xlink:from="ExecucaoDaDespesaPrevidenciariaAxis" xlink:to="DespesasLiquidadasAteOBimestreMember" xlink:title="presentation: ExecucaoDaDespesaPrevidenciariaAxis to DespesasLiquidadasAteOBimestreMember" order="5.0"/>
    <link:loc xlink:type="locator" xlink:href="../../../cor/dim/siconfi-dim_2019-12-31.xsd#siconfi-dim_DespesasLiquidadasAteOBimestreExercicioAnteriorMember" xlink:label="DespesasLiquidadasAteOBimestreExercicioAnteriorMember" xlink:title="DespesasLiquidadasAteOBimestreExercicioAnteriorMember"/>
    <link:presentationArc xlink:type="arc" xlink:arcrole="http://www.xbrl.org/2003/arcrole/parent-child" xlink:from="ExecucaoDaDespesaPrevidenciariaAxis" xlink:to="DespesasLiquidadasAteOBimestreExercicioAnteriorMember" xlink:title="presentation: ExecucaoDaDespesaPrevidenciariaAxis to DespesasLiquidadasAteOBimestreExercicioAnteriorMember" order="6.0"/>
    <link:loc xlink:type="locator" xlink:href="../../../cor/dim/siconfi-dim_2019-12-31.xsd#siconfi-dim_DespesasInscritasEmRestosAPagarNaoProcessadosMember" xlink:label="DespesasInscritasEmRestosAPagarNaoProcessadosMember" xlink:title="DespesasInscritasEmRestosAPagarNaoProcessadosMember"/>
    <link:presentationArc xlink:type="arc" xlink:arcrole="http://www.xbrl.org/2003/arcrole/parent-child" xlink:from="ExecucaoDaDespesaPrevidenciariaAxis" xlink:to="DespesasInscritasEmRestosAPagarNaoProcessadosMember" xlink:title="presentation: ExecucaoDaDespesaPrevidenciariaAxis to DespesasInscritasEmRestosAPagarNaoProcessadosMember" order="7.0" xbrldt:usable="false"/>
    <link:loc xlink:type="locator" xlink:href="../../../cor/dim/siconfi-dim_2019-12-31.xsd#siconfi-dim_DespesasInscritasEmRestosPagarNaoProcessadosExercicioAtualMember" xlink:label="DespesasInscritasEmRestosPagarNaoProcessadosExercicioAtualMember" xlink:title="DespesasInscritasEmRestosPagarNaoProcessadosExercicioAtualMember"/>
    <link:presentationArc xlink:type="arc" xlink:arcrole="http://www.xbrl.org/2003/arcrole/parent-child" xlink:from="DespesasInscritasEmRestosAPagarNaoProcessadosMember" xlink:to="DespesasInscritasEmRestosPagarNaoProcessadosExercicioAtualMember" xlink:title="presentation: DespesasInscritasEmRestosAPagarNaoProcessadosMember to DespesasInscritasEmRestosPagarNaoProcessadosExercicioAtualMember" order="1.0"/>
    <link:loc xlink:type="locator" xlink:href="../../../cor/dim/siconfi-dim_2019-12-31.xsd#siconfi-dim_DespesasInscritasEmRestosPagarNaoProcessadosExercicioAnteriorMember" xlink:label="DespesasInscritasEmRestosPagarNaoProcessadosExercicioAnteriorMember" xlink:title="DespesasInscritasEmRestosPagarNaoProcessadosExercicioAnteriorMember"/>
    <link:presentationArc xlink:type="arc" xlink:arcrole="http://www.xbrl.org/2003/arcrole/parent-child" xlink:from="DespesasInscritasEmRestosAPagarNaoProcessadosMember" xlink:to="DespesasInscritasEmRestosPagarNaoProcessadosExercicioAnteriorMember" xlink:title="presentation: DespesasInscritasEmRestosAPagarNaoProcessadosMember to DespesasInscritasEmRestosPagarNaoProcessadosExercicioAnteriorMember" order="2.0"/>
    <link:loc xlink:type="locator" xlink:href="siconfi-rreo-anexo4rppsuniao_2019-12-31.xsd#siconfi-rreo-anexo4rppsuniao_ReceitasPrevidenciariasFCDFAbstract" xlink:label="ReceitasPrevidenciariasFCDFAbstract" xlink:title="ReceitasPrevidenciariasFCDFAbstract"/>
    <link:presentationArc xlink:type="arc" xlink:arcrole="http://www.xbrl.org/2003/arcrole/parent-child" xlink:from="Anexo4Abstract" xlink:to="ReceitasPrevidenciariasFCDFAbstract" xlink:title="presentation: Anexo4RPPSAbstract to ReceitasPrevidenciariasFCDFAbstract" order="7.0"/>
    <link:loc xlink:type="locator" xlink:href="siconfi-rreo-anexo4rppsuniao_2019-12-31.xsd#siconfi-rreo-anexo4rppsuniao_ReceitasPrevidenciariasFCDFLineItems" xlink:label="ReceitasPrevidenciariasFCDFLineItems" xlink:title="ReceitasPrevidenciariasFCDFLineItems"/>
    <link:presentationArc xlink:type="arc" xlink:arcrole="http://www.xbrl.org/2003/arcrole/parent-child" xlink:from="ReceitasPrevidenciariasFCDFAbstract" xlink:to="ReceitasPrevidenciariasFCDFLineItems" xlink:title="presentation: ReceitasPrevidenciariasFCDFAbstract to ReceitasPrevidenciariasFCDFLineItems" order="1.0"/>
    <link:loc xlink:type="locator" xlink:href="../../../cor/ic/siconfi-cor_2019-12-31.xsd#siconfi-cor_ReceitaDeContribuicoesDosSeguradosBrutaPrevidenciarioFCDF" xlink:label="ReceitaDeContribuicoesDosSeguradosBrutaPrevidenciarioFCDF" xlink:title="ReceitaDeContribuicoesDosSeguradosBrutaPrevidenciarioFCDF"/>
    <link:presentationArc xlink:type="arc" xlink:arcrole="http://www.xbrl.org/2003/arcrole/parent-child" xlink:from="ReceitasPrevidenciariasFCDFLineItems" xlink:to="ReceitaDeContribuicoesDosSeguradosBrutaPrevidenciarioFCDF" xlink:title="presentation: ReceitasPrevidenciariasFCDFLineItems to ReceitaDeContribuicoesDosSeguradosBrutaPrevidenciarioFCDF" order="1.0"/>
    <link:loc xlink:type="locator" xlink:href="../../../cor/ic/siconfi-cor_2019-12-31.xsd#siconfi-cor_ReceitaDeContribuicoesDosSeguradosPrevidenciarioFCDF" xlink:label="ReceitaDeContribuicoesDosSeguradosPrevidenciarioFCDF" xlink:title="ReceitaDeContribuicoesDosSeguradosPrevidenciarioFCDF"/>
    <link:presentationArc xlink:type="arc" xlink:arcrole="http://www.xbrl.org/2003/arcrole/parent-child" xlink:from="ReceitaDeContribuicoesDosSeguradosBrutaPrevidenciarioFCDF" xlink:to="ReceitaDeContribuicoesDosSeguradosPrevidenciarioFCDF" xlink:title="presentation: ReceitaDeContribuicoesDosSeguradosBrutaPrevidenciarioFCDF to ReceitaDeContribuicoesDosSeguradosPrevidenciarioFCDF" order="1.0"/>
    <link:loc xlink:type="locator" xlink:href="../../../cor/ic/siconfi-cor_2019-12-31.xsd#siconfi-cor_ReceitaDeContribuicoesDosSeguradoslAtivoPrevidenciarioFCDF" xlink:label="ReceitaDeContribuicoesDosSeguradoslAtivoPrevidenciarioFCDF" xlink:title="ReceitaDeContribuicoesDosSeguradoslAtivoPrevidenciarioFCDF"/>
    <link:presentationArc xlink:type="arc" xlink:arcrole="http://www.xbrl.org/2003/arcrole/parent-child" xlink:from="ReceitaDeContribuicoesDosSeguradosPrevidenciarioFCDF" xlink:to="ReceitaDeContribuicoesDosSeguradoslAtivoPrevidenciarioFCDF" xlink:title="presentation: ReceitaDeContribuicoesDosSeguradosPrevidenciarioFCDF to ReceitaDeContribuicoesDosSeguradoslAtivoPrevidenciarioFCDF" order="1.0"/>
    <link:loc xlink:type="locator" xlink:href="../../../cor/ic/siconfi-cor_2019-12-31.xsd#siconfi-cor_ReceitaDeContribuicoesDosSeguradosInativoPrevidenciarioFCDF" xlink:label="ReceitaDeContribuicoesDosSeguradosInativoPrevidenciarioFCDF" xlink:title="ReceitaDeContribuicoesDosSeguradosInativoPrevidenciarioFCDF"/>
    <link:presentationArc xlink:type="arc" xlink:arcrole="http://www.xbrl.org/2003/arcrole/parent-child" xlink:from="ReceitaDeContribuicoesDosSeguradosPrevidenciarioFCDF" xlink:to="ReceitaDeContribuicoesDosSeguradosInativoPrevidenciarioFCDF" xlink:title="presentation: ReceitaDeContribuicoesDosSeguradosPrevidenciarioFCDF to ReceitaDeContribuicoesDosSeguradosInativoPrevidenciarioFCDF" order="2.0"/>
    <link:loc xlink:type="locator" xlink:href="../../../cor/ic/siconfi-cor_2019-12-31.xsd#siconfi-cor_ReceitaDeContribuicoesDosSeguradosPensionistaPrevidenciarioFCDF" xlink:label="ReceitaDeContribuicoesDosSeguradosPensionistaPrevidenciarioFCDF" xlink:title="ReceitaDeContribuicoesDosSeguradosPensionistaPrevidenciarioFCDF"/>
    <link:presentationArc xlink:type="arc" xlink:arcrole="http://www.xbrl.org/2003/arcrole/parent-child" xlink:from="ReceitaDeContribuicoesDosSeguradosPrevidenciarioFCDF" xlink:to="ReceitaDeContribuicoesDosSeguradosPensionistaPrevidenciarioFCDF" xlink:title="presentation: ReceitaDeContribuicoesDosSeguradosPrevidenciarioFCDF to ReceitaDeContribuicoesDosSeguradosPensionistaPrevidenciarioFCDF" order="3.0"/>
    <link:loc xlink:type="locator" xlink:href="../../../cor/ic/siconfi-cor_2019-12-31.xsd#siconfi-cor_ReceitaDeContribuicoesPatronalPrevidenciarioFCDF" xlink:label="ReceitaDeContribuicoesPatronalPrevidenciarioFCDF" xlink:title="ReceitaDeContribuicoesPatronalPrevidenciarioFCDF"/>
    <link:presentationArc xlink:type="arc" xlink:arcrole="http://www.xbrl.org/2003/arcrole/parent-child" xlink:from="ReceitaDeContribuicoesDosSeguradosBrutaPrevidenciarioFCDF" xlink:to="ReceitaDeContribuicoesPatronalPrevidenciarioFCDF" xlink:title="presentation: ReceitaDeContribuicoesDosSeguradosBrutaPrevidenciarioFCDF to ReceitaDeContribuicoesPatronalPrevidenciarioFCDF" order="2.0"/>
    <link:loc xlink:type="locator" xlink:href="../../../cor/ic/siconfi-cor_2019-12-31.xsd#siconfi-cor_ReceitaDeContribuicoesPatronalAtivoPrevidenciarioFCDF" xlink:label="ReceitaDeContribuicoesPatronalAtivoPrevidenciarioFCDF" xlink:title="ReceitaDeContribuicoesPatronalAtivoPrevidenciarioFCDF"/>
    <link:presentationArc xlink:type="arc" xlink:arcrole="http://www.xbrl.org/2003/arcrole/parent-child" xlink:from="ReceitaDeContribuicoesPatronalPrevidenciarioFCDF" xlink:to="ReceitaDeContribuicoesPatronalAtivoPrevidenciarioFCDF" xlink:title="presentation: ReceitaDeContribuicoesPatronalPrevidenciarioFCDF to ReceitaDeContribuicoesPatronalAtivoPrevidenciarioFCDF" order="1.0"/>
    <link:loc xlink:type="locator" xlink:href="../../../cor/ic/siconfi-cor_2019-12-31.xsd#siconfi-cor_ReceitaDeContribuicoesPatronalInativoPrevidenciarioFCDF" xlink:label="ReceitaDeContribuicoesPatronalInativoPrevidenciarioFCDF" xlink:title="ReceitaDeContribuicoesPatronalInativoPrevidenciarioFCDF"/>
    <link:presentationArc xlink:type="arc" xlink:arcrole="http://www.xbrl.org/2003/arcrole/parent-child" xlink:from="ReceitaDeContribuicoesPatronalPrevidenciarioFCDF" xlink:to="ReceitaDeContribuicoesPatronalInativoPrevidenciarioFCDF" xlink:title="presentation: ReceitaDeContribuicoesPatronalPrevidenciarioFCDF to ReceitaDeContribuicoesPatronalInativoPrevidenciarioFCDF" order="2.0"/>
    <link:loc xlink:type="locator" xlink:href="../../../cor/ic/siconfi-cor_2019-12-31.xsd#siconfi-cor_ReceitaDeContribuicoesPatronalPensionistaPrevidenciarioFCDF" xlink:label="ReceitaDeContribuicoesPatronalPensionistaPrevidenciarioFCDF" xlink:title="ReceitaDeContribuicoesPatronalPensionistaPrevidenciarioFCDF"/>
    <link:presentationArc xlink:type="arc" xlink:arcrole="http://www.xbrl.org/2003/arcrole/parent-child" xlink:from="ReceitaDeContribuicoesPatronalPrevidenciarioFCDF" xlink:to="ReceitaDeContribuicoesPatronalPensionistaPrevidenciarioFCDF" xlink:title="presentation: ReceitaDeContribuicoesPatronalPrevidenciarioFCDF to ReceitaDeContribuicoesPatronalPensionistaPrevidenciarioFCDF" order="3.0"/>
    <link:loc xlink:type="locator" xlink:href="../../../cor/ic/siconfi-cor_2019-12-31.xsd#siconfi-cor_TotalReceitasRPPSPrevidenciarioFCDF" xlink:label="TotalReceitasRPPSPrevidenciarioFCDF" xlink:title="TotalReceitasRPPSPrevidenciarioFCDF"/>
    <link:presentationArc xlink:type="arc" xlink:arcrole="http://www.xbrl.org/2003/arcrole/parent-child" xlink:from="ReceitasPrevidenciariasFCDFLineItems" xlink:to="TotalReceitasRPPSPrevidenciarioFCDF" xlink:title="presentation: ReceitasPrevidenciariasFCDFLineItems to TotalReceitasRPPSPrevidenciarioFCDF" order="2.0"/>
    <link:presentationArc xlink:type="arc" xlink:arcrole="http://www.xbrl.org/2003/arcrole/parent-child" xlink:from="ReceitasPrevidenciariasFCDFAbstract" xlink:to="ReceitasPrevidenciariasRPPSTable" xlink:title="presentation: ReceitasPrevidenciariasFCDFAbstract to ReceitasPrevidenciariasRPPSTable" order="2.0" xbrldt:contextElement="segment" xbrldt:closed="true"/>
    <link:loc xlink:type="locator" xlink:href="siconfi-rreo-anexo4rppsuniao_2019-12-31.xsd#siconfi-rreo-anexo4rppsuniao_DespesasPrevidenciariasRPPSCivisAbstract" xlink:label="DespesasPrevidenciariasRPPSCivisAbstract" xlink:title="DespesasPrevidenciariasRPPSCivisAbstract"/>
    <link:presentationArc xlink:type="arc" xlink:arcrole="http://www.xbrl.org/2003/arcrole/parent-child" xlink:from="Anexo4Abstract" xlink:to="DespesasPrevidenciariasRPPSCivisAbstract" xlink:title="presentation: Anexo4RPPSAbstract to DespesasPrevidenciariasRPPSCivisAbstract" order="2.0"/>
    <link:loc xlink:type="locator" xlink:href="siconfi-rreo-anexo4rppsuniao_2019-12-31.xsd#siconfi-rreo-anexo4rppsuniao_DespesasPrevidenciariasRPPSCivisLineItems" xlink:label="DespesasPrevidenciariasRPPSCivisLineItems" xlink:title="DespesasOrcamentariasLineItems"/>
    <link:presentationArc xlink:type="arc" xlink:arcrole="http://www.xbrl.org/2003/arcrole/parent-child" xlink:from="DespesasPrevidenciariasRPPSCivisAbstract" xlink:to="DespesasPrevidenciariasRPPSCivisLineItems" xlink:title="presentation: DespesasPrevidenciariasRPPSCivisAbstract to DespesasPrevidenciariasRPPSCivisLineItems" order="1.0"/>
    <link:loc xlink:type="locator" xlink:href="../../../cor/ic/siconfi-cor_2019-12-31.xsd#siconfi-cor_DespesasPrevidenciariasExcetoIntraOrcamentariasBeneficiosPrevidenciario" xlink:label="DespesasPrevidenciariasExcetoIntraOrcamentariasBeneficiosPrevidenciario" xlink:title="DespesasPrevidenciariasExcetoIntraOrcamentariasBeneficiosPrevidenciario"/>
    <link:presentationArc xlink:type="arc" xlink:arcrole="http://www.xbrl.org/2003/arcrole/parent-child" xlink:from="DespesasPrevidenciariasRPPSCivisLineItems" xlink:to="DespesasPrevidenciariasExcetoIntraOrcamentariasBeneficiosPrevidenciario" xlink:title="presentation: DespesasPrevidenciariasRPPSCivisLineItems to DespesasPrevidenciariasExcetoIntraOrcamentariasBeneficiosPrevidenciario" order="1.0"/>
    <link:loc xlink:type="locator" xlink:href="../../../cor/ic/siconfi-cor_2019-12-31.xsd#siconfi-cor_DespesasPrevidenciariasExcetoIntraOrcamentariasAposentadoriasReformasPrevidenciario" xlink:label="DespesasPrevidenciariasExcetoIntraOrcamentariasAposentadoriasReformasPrevidenciario" xlink:title="DespesasPrevidenciariasExcetoIntraOrcamentariasAposentadoriasReformasPrevidenciario"/>
    <link:presentationArc xlink:type="arc" xlink:arcrole="http://www.xbrl.org/2003/arcrole/parent-child" xlink:from="DespesasPrevidenciariasExcetoIntraOrcamentariasBeneficiosPrevidenciario" xlink:to="DespesasPrevidenciariasExcetoIntraOrcamentariasAposentadoriasReformasPrevidenciario" xlink:title="presentation: DespesasPrevidenciariasExcetoIntraOrcamentariasBeneficiosPrevidenciario to DespesasPrevidenciariasExcetoIntraOrcamentariasAposentadoriasReformasPrevidenciario" order="1.0"/>
    <link:loc xlink:type="locator" xlink:href="../../../cor/ic/siconfi-cor_2019-12-31.xsd#siconfi-cor_DespesasExcetoIntraOrcamentariasPessoalCivilPensoesRPPSPrevidenciario" xlink:label="DespesasExcetoIntraOrcamentariasPessoalCivilPensoesRPPSPrevidenciario" xlink:title="DespesasExcetoIntraOrcamentariasPessoalCivilPensoesRPPSPrevidenciario"/>
    <link:presentationArc xlink:type="arc" xlink:arcrole="http://www.xbrl.org/2003/arcrole/parent-child" xlink:from="DespesasPrevidenciariasExcetoIntraOrcamentariasBeneficiosPrevidenciario" xlink:to="DespesasExcetoIntraOrcamentariasPessoalCivilPensoesRPPSPrevidenciario" xlink:title="presentation: DespesasPrevidenciariasExcetoIntraOrcamentariasBeneficiosPrevidenciario to DespesasExcetoIntraOrcamentariasPessoalCivilPensoesRPPSPrevidenciario" order="2.0"/>
    <link:loc xlink:type="locator" xlink:href="../../../cor/ic/siconfi-cor_2019-12-31.xsd#siconfi-cor_DespesasExcetoIntraOrcamentariasPessoalCivilOutrosBeneficiosPrevidenciariosRPPSPrevidenciario" xlink:label="DespesasExcetoIntraOrcamentariasPessoalCivilOutrosBeneficiosPrevidenciariosRPPSPrevidenciario" xlink:title="DespesasExcetoIntraOrcamentariasPessoalCivilOutrosBeneficiosPrevidenciariosRPPSPrevidenciario"/>
    <link:presentationArc xlink:type="arc" xlink:arcrole="http://www.xbrl.org/2003/arcrole/parent-child" xlink:from="DespesasPrevidenciariasExcetoIntraOrcamentariasBeneficiosPrevidenciario" xlink:to="DespesasExcetoIntraOrcamentariasPessoalCivilOutrosBeneficiosPrevidenciariosRPPSPrevidenciario" xlink:title="presentation: DespesasPrevidenciariasExcetoIntraOrcamentariasBeneficiosPrevidenciario to DespesasExcetoIntraOrcamentariasPessoalCivilOutrosBeneficiosPrevidenciariosRPPSPrevidenciario" order="3.0"/>
    <link:loc xlink:type="locator" xlink:href="../../../cor/ic/siconfi-cor_2019-12-31.xsd#siconfi-cor_DespesasExcetoIntraOrcamentariasOutrasDepesasRPPSPrevidenciario" xlink:label="DespesasExcetoIntraOrcamentariasOutrasDepesasRPPSPrevidenciario" xlink:title="DespesasExcetoIntraOrcamentariasOutrasDepesasRPPSPrevidenciario"/>
    <link:presentationArc xlink:type="arc" xlink:arcrole="http://www.xbrl.org/2003/arcrole/parent-child" xlink:from="DespesasPrevidenciariasRPPSCivisLineItems" xlink:to="DespesasExcetoIntraOrcamentariasOutrasDepesasRPPSPrevidenciario" xlink:title="presentation: DespesasPrevidenciariasRPPSCivisLineItems to DespesasExcetoIntraOrcamentariasOutrasDepesasRPPSPrevidenciario" order="2.0"/>
    <link:loc xlink:type="locator" xlink:href="../../../cor/ic/siconfi-cor_2019-12-31.xsd#siconfi-cor_DespesasExcetoIntraOrcamentariasCompensacoesDoRPPSParaORGPSPrevidenciario" xlink:label="DespesasExcetoIntraOrcamentariasCompensacoesDoRPPSParaORGPSPrevidenciario" xlink:title="DespesasExcetoIntraOrcamentariasCompensacoesDoRPPSParaORGPSPrevidenciario"/>
    <link:presentationArc xlink:type="arc" xlink:arcrole="http://www.xbrl.org/2003/arcrole/parent-child" xlink:from="DespesasExcetoIntraOrcamentariasOutrasDepesasRPPSPrevidenciario" xlink:to="DespesasExcetoIntraOrcamentariasCompensacoesDoRPPSParaORGPSPrevidenciario" xlink:title="presentation: DespesasExcetoIntraOrcamentariasOutrasDepesasRPPSPrevidenciario to DespesasExcetoIntraOrcamentariasCompensacoesDoRPPSParaORGPSPrevidenciario" order="1.0"/>
    <link:loc xlink:type="locator" xlink:href="../../../cor/ic/siconfi-cor_2019-12-31.xsd#siconfi-cor_ExtintoInstitutoDePrevidenciaDosCongressistas" xlink:label="ExtintoInstitutoDePrevidenciaDosCongressistas" xlink:title="ExtintoInstitutoDePrevidenciaDosCongressistas"/>
    <link:presentationArc xlink:type="arc" xlink:arcrole="http://www.xbrl.org/2003/arcrole/parent-child" xlink:from="DespesasExcetoIntraOrcamentariasOutrasDepesasRPPSPrevidenciario" xlink:to="ExtintoInstitutoDePrevidenciaDosCongressistas" xlink:title="presentation: DespesasExcetoIntraOrcamentariasOutrasDepesasRPPSPrevidenciario to ExtintoInstitutoDePrevidenciaDosCongressistas" order="2.0"/>
    <link:loc xlink:type="locator" xlink:href="../../../cor/ic/siconfi-cor_2019-12-31.xsd#siconfi-cor_DespesasExcetoIntraOrcamentariasDemaisDespesasRPPSPrevidenciario" xlink:label="DespesasExcetoIntraOrcamentariasDemaisDespesasRPPSPrevidenciario" xlink:title="DespesasExcetoIntraOrcamentariasDemaisDespesasRPPSPrevidenciario"/>
    <link:presentationArc xlink:type="arc" xlink:arcrole="http://www.xbrl.org/2003/arcrole/parent-child" xlink:from="DespesasExcetoIntraOrcamentariasOutrasDepesasRPPSPrevidenciario" xlink:to="DespesasExcetoIntraOrcamentariasDemaisDespesasRPPSPrevidenciario" xlink:title="presentation: DespesasExcetoIntraOrcamentariasOutrasDepesasRPPSPrevidenciario to DespesasExcetoIntraOrcamentariasDemaisDespesasRPPSPrevidenciario" order="3.0"/>
    <link:loc xlink:type="locator" xlink:href="../../../cor/ic/siconfi-cor_2019-12-31.xsd#siconfi-cor_TotalDasDespesasRPPSPrevidenciario" xlink:label="TotalDasDespesasRPPSPrevidenciario" xlink:title="TotalDasDespesasRPPSPrevidenciario"/>
    <link:presentationArc xlink:type="arc" xlink:arcrole="http://www.xbrl.org/2003/arcrole/parent-child" xlink:from="DespesasPrevidenciariasRPPSCivisLineItems" xlink:to="TotalDasDespesasRPPSPrevidenciario" xlink:title="presentation: DespesasPrevidenciariasRPPSCivisLineItems to TotalDasDespesasRPPSPrevidenciario" order="3.0"/>
    <link:loc xlink:type="locator" xlink:href="../../../cor/ic/siconfi-cor_2019-12-31.xsd#siconfi-cor_RREO4ResultadoRPPSPrevidenciario" xlink:label="RREO4ResultadoRPPSPrevidenciario" xlink:title="RREO4ResultadoRPPSPrevidenciario"/>
    <link:presentationArc xlink:type="arc" xlink:arcrole="http://www.xbrl.org/2003/arcrole/parent-child" xlink:from="DespesasPrevidenciariasRPPSCivisLineItems" xlink:to="RREO4ResultadoRPPSPrevidenciario" xlink:title="presentation: DespesasPrevidenciariasRPPSCivisLineItems to RREO4ResultadoRPPSPrevidenciario" order="4.0"/>
    <link:presentationArc xlink:type="arc" xlink:arcrole="http://www.xbrl.org/2003/arcrole/parent-child" xlink:from="DespesasPrevidenciariasRPPSCivisAbstract" xlink:to="DespesasPrevidenciariasRPPSTable" xlink:title="presentation: DespesasPrevidenciariasRPPSCivisAbstract to DespesasPrevidenciariasRPPSTable" order="2.0" xbrldt:contextElement="segment" xbrldt:closed="true"/>
  </link:presentationLink>
</link:linkbase>
