<?xml version="1.0" encoding="UTF-8"?>
<!-- Generated by Fujitsu Interstage XWand B0196 -->
<link:linkbase xmlns:xsi="http://www.w3.org/2001/XMLSchema-instance" xsi:schemaLocation="http://www.xbrl.org/2003/linkbase http://www.xbrl.org/2003/xbrl-linkbase-2003-12-31.xsd" xmlns:siconfi-rgf-anexo4estadosmunicipios="http://fazenda.gov.br/siconfi/rep/rgf/anexo4estadosmunicipios/siconfi-rgf-anexo4estadosmunicipios_2020-12-31" xmlns:link="http://www.xbrl.org/2003/linkbase" xmlns:xbrli="http://www.xbrl.org/2003/instance" xmlns:xlink="http://www.w3.org/1999/xlink" xmlns:xbrldt="http://xbrl.org/2005/xbrldt">
  <link:roleRef roleURI="http://fazenda.gov.br/siconfi/rep/rgf/anexo4estadosmunicipios/siconfi-rgf-anexo4-tabela4.0A" xlink:type="simple" xlink:href="siconfi-rgf-anexo4estadosmunicipios_2020-12-31.xsd#siconfi-rgf-anexo4-tabela4.0A"/>
  <link:roleRef roleURI="http://fazenda.gov.br/siconfi/rep/rgf/anexo4estadosmunicipios/siconfi-rgf-anexo4-tabela4.0" xlink:type="simple" xlink:href="siconfi-rgf-anexo4estadosmunicipios_2020-12-31.xsd#siconfi-rgf-anexo4-tabela4.0"/>
  <link:roleRef roleURI="http://fazenda.gov.br/siconfi/rep/rgf/anexo4estadosmunicipios/siconfi-rgf-anexo4-tabela4.0B" xlink:type="simple" xlink:href="siconfi-rgf-anexo4estadosmunicipios_2020-12-31.xsd#siconfi-rgf-anexo4-tabela4.0B"/>
  <link:presentationLink xlink:type="extended" xlink:role="http://fazenda.gov.br/siconfi/rep/rgf/anexo4estadosmunicipios/siconfi-rgf-anexo4-tabela4.0">
    <link:loc xlink:type="locator" xlink:href="siconfi-rgf-anexo4estadosmunicipios_2020-12-31.xsd#siconfi-rgf-anexo4estados_DemonstrativoAnexo4Abstract" xlink:label="DemonstrativoAnexo4Abstract" xlink:title="DemonstrativoAnexo4Abstract"/>
    <link:loc xlink:type="locator" xlink:href="siconfi-rgf-anexo4estadosmunicipios_2020-12-31.xsd#siconfi-rgf-anexo4estados_OperacoesDeCreditoAbstract" xlink:label="OperacoesDeCreditoAbstract" xlink:title="OperacoesDeCreditoAbstract"/>
    <link:presentationArc xlink:type="arc" xlink:arcrole="http://www.xbrl.org/2003/arcrole/parent-child" xlink:from="DemonstrativoAnexo4Abstract" xlink:to="OperacoesDeCreditoAbstract" xlink:title="presentation: DemonstrativoAnexo4Abstract to OperacoesDeCreditoAbstract" order="1.0"/>
    <link:loc xlink:type="locator" xlink:href="siconfi-rgf-anexo4estadosmunicipios_2020-12-31.xsd#siconfi-rgf-anexo4estados_OperacoesDeCreditoLineItems" xlink:label="OperacoesDeCreditoLineItems" xlink:title="OperacoesDeCreditoLineItems"/>
    <link:presentationArc xlink:type="arc" xlink:arcrole="http://www.xbrl.org/2003/arcrole/parent-child" xlink:from="OperacoesDeCreditoAbstract" xlink:to="OperacoesDeCreditoLineItems" xlink:title="presentation: OperacoesDeCreditoAbstract to OperacoesDeCreditoLineItems" order="1.0"/>
    <link:loc xlink:type="locator" xlink:href="../../../cor/ic/siconfi-cor_2020-12-31.xsd#siconfi-cor_OperacoesDeCreditoMobiliaria" xlink:label="OperacoesDeCreditoMobiliaria" xlink:title="OperacoesDeCreditoMobiliaria"/>
    <link:presentationArc xlink:type="arc" xlink:arcrole="http://www.xbrl.org/2003/arcrole/parent-child" xlink:from="OperacoesDeCreditoLineItems" xlink:to="OperacoesDeCreditoMobiliaria" xlink:title="presentation: OperacoesDeCreditoLineItems to OperacoesDeCreditoMobiliaria" order="3.0"/>
    <link:loc xlink:type="locator" xlink:href="../../../cor/ic/siconfi-cor_2020-12-31.xsd#siconfi-cor_OperacoesDeCreditoMobiliariaInterna" xlink:label="OperacoesDeCreditoMobiliariaInterna" xlink:title="OperacoesDeCreditoMobiliariaInterna"/>
    <link:presentationArc xlink:type="arc" xlink:arcrole="http://www.xbrl.org/2003/arcrole/parent-child" xlink:from="OperacoesDeCreditoMobiliaria" xlink:to="OperacoesDeCreditoMobiliariaInterna" xlink:title="presentation: OperacoesDeCreditoMobiliaria to OperacoesDeCreditoMobiliariaInterna" order="1.0"/>
    <link:loc xlink:type="locator" xlink:href="../../../cor/ic/siconfi-cor_2020-12-31.xsd#siconfi-cor_OperacoesDeCreditoMobiliariaExterna" xlink:label="OperacoesDeCreditoMobiliariaExterna" xlink:title="OperacoesDeCreditoMobiliariaExterna"/>
    <link:presentationArc xlink:type="arc" xlink:arcrole="http://www.xbrl.org/2003/arcrole/parent-child" xlink:from="OperacoesDeCreditoMobiliaria" xlink:to="OperacoesDeCreditoMobiliariaExterna" xlink:title="presentation: OperacoesDeCreditoMobiliaria to OperacoesDeCreditoMobiliariaExterna" order="2.0"/>
    <link:loc xlink:type="locator" xlink:href="../../../cor/ic/siconfi-cor_2020-12-31.xsd#siconfi-cor_OperacoesDeCreditoContratual" xlink:label="OperacoesDeCreditoContratual" xlink:title="OperacoesDeCreditoContratual"/>
    <link:presentationArc xlink:type="arc" xlink:arcrole="http://www.xbrl.org/2003/arcrole/parent-child" xlink:from="OperacoesDeCreditoLineItems" xlink:to="OperacoesDeCreditoContratual" xlink:title="presentation: OperacoesDeCreditoLineItems to OperacoesDeCreditoContratual" order="4.0"/>
    <link:loc xlink:type="locator" xlink:href="../../../cor/ic/siconfi-cor_2020-12-31.xsd#siconfi-cor_OperacoesDeCreditoContratualInterna" xlink:label="OperacoesDeCreditoContratualInterna" xlink:title="OperacoesDeCreditoContratualInterna"/>
    <link:presentationArc xlink:type="arc" xlink:arcrole="http://www.xbrl.org/2003/arcrole/parent-child" xlink:from="OperacoesDeCreditoContratual" xlink:to="OperacoesDeCreditoContratualInterna" xlink:title="presentation: OperacoesDeCreditoContratual to OperacoesDeCreditoContratualInterna" order="1.0"/>
    <link:loc xlink:type="locator" xlink:href="../../../cor/ic/siconfi-cor_2020-12-31.xsd#siconfi-cor_OperacoesDeCreditoContratualInternaAssuncaoReconhecimentoEConfissaoDeDividas" xlink:label="OperacoesDeCreditoContratualInternaAssuncaoReconhecimentoEConfissaoDeDividas" xlink:title="OperacoesDeCreditoContratualInternaAssuncaoReconhecimentoEConfissaoDeDividas"/>
    <link:presentationArc xlink:type="arc" xlink:arcrole="http://www.xbrl.org/2003/arcrole/parent-child" xlink:from="OperacoesDeCreditoContratualInterna" xlink:to="OperacoesDeCreditoContratualInternaAssuncaoReconhecimentoEConfissaoDeDividas" xlink:title="presentation: OperacoesDeCreditoContratualInterna to OperacoesDeCreditoContratualInternaAssuncaoReconhecimentoEConfissaoDeDividas" order="5.0"/>
    <link:loc xlink:type="locator" xlink:href="../../../cor/ic/siconfi-cor_2020-12-31.xsd#siconfi-cor_OperacoesDeCreditoContratualInternaAntecipacaoDeReceitaPelaVendaATermoDeBensEServicos" xlink:label="OperacoesDeCreditoContratualInternaAntecipacaoDeReceitaPelaVendaATermoDeBensEServicos" xlink:title="OperacoesDeCreditoContratualInternaAntecipacaoDeReceitaPelaVendaATermoDeBensEServicos"/>
    <link:presentationArc xlink:type="arc" xlink:arcrole="http://www.xbrl.org/2003/arcrole/parent-child" xlink:from="OperacoesDeCreditoContratualInterna" xlink:to="OperacoesDeCreditoContratualInternaAntecipacaoDeReceitaPelaVendaATermoDeBensEServicos" xlink:title="presentation: OperacoesDeCreditoContratualInterna to OperacoesDeCreditoContratualInternaAntecipacaoDeReceitaPelaVendaATermoDeBensEServicos" order="4.0"/>
    <link:loc xlink:type="locator" xlink:href="../../../cor/ic/siconfi-cor_2020-12-31.xsd#siconfi-cor_RGF4OperacoesDeCreditoContratualInternaEmprestimos" xlink:label="RGF4OperacoesDeCreditoContratualInternaEmprestimos" xlink:title="RGF4OperacoesDeCreditoContratualInternaEmprestimos"/>
    <link:presentationArc xlink:type="arc" xlink:arcrole="http://www.xbrl.org/2003/arcrole/parent-child" xlink:from="OperacoesDeCreditoContratualInterna" xlink:to="RGF4OperacoesDeCreditoContratualInternaEmprestimos" xlink:title="presentation: OperacoesDeCreditoContratualInterna to RGF4OperacoesDeCreditoContratualInternaEmprestimos" order="1.0"/>
    <link:loc xlink:type="locator" xlink:href="../../../cor/ic/siconfi-cor_2020-12-31.xsd#siconfi-cor_RGF4OperacoesDeCreditoContratualInternaOperacoesDeCreditoPrevistas" xlink:label="RGF4OperacoesDeCreditoContratualInternaOperacoesDeCreditoPrevistas" xlink:title="RGF4OperacoesDeCreditoContratualInternaOperacoesDeCreditoPrevistas"/>
    <link:presentationArc xlink:type="arc" xlink:arcrole="http://www.xbrl.org/2003/arcrole/parent-child" xlink:from="OperacoesDeCreditoContratualInterna" xlink:to="RGF4OperacoesDeCreditoContratualInternaOperacoesDeCreditoPrevistas" xlink:title="presentation: OperacoesDeCreditoContratualInterna to RGF4OperacoesDeCreditoContratualInternaOperacoesDeCreditoPrevistas" order="5.0"/>
    <link:loc xlink:type="locator" xlink:href="../../../cor/ic/siconfi-cor_2020-12-31.xsd#siconfi-cor_OperacoesDeCreditoContratualInternaAquisicaoFinanciadaDeBensEArrendamentoMercantilFinanceiro" xlink:label="OperacoesDeCreditoContratualInternaAquisicaoFinanciadaDeBensEArrendamentoMercantilFinanceiro" xlink:title="OperacoesDeCreditoContratualInternaAquisicaoFinanciadaDeBensEArrendamentoMercantilFinanceiro"/>
    <link:presentationArc xlink:type="arc" xlink:arcrole="http://www.xbrl.org/2003/arcrole/parent-child" xlink:from="OperacoesDeCreditoContratualInterna" xlink:to="OperacoesDeCreditoContratualInternaAquisicaoFinanciadaDeBensEArrendamentoMercantilFinanceiro" xlink:title="presentation: OperacoesDeCreditoContratualInterna to OperacoesDeCreditoContratualInternaAquisicaoFinanciadaDeBensEArrendamentoMercantilFinanceiro" order="2.0"/>
    <link:loc xlink:type="locator" xlink:href="../../../cor/ic/siconfi-cor_2020-12-31.xsd#siconfi-cor_OperacoesDeCreditoContratualExterna" xlink:label="OperacoesDeCreditoContratualExterna" xlink:title="OperacoesDeCreditoContratualExterna"/>
    <link:presentationArc xlink:type="arc" xlink:arcrole="http://www.xbrl.org/2003/arcrole/parent-child" xlink:from="OperacoesDeCreditoContratual" xlink:to="OperacoesDeCreditoContratualExterna" xlink:title="presentation: OperacoesDeCreditoContratual to OperacoesDeCreditoContratualExterna" order="2.0"/>
    <link:loc xlink:type="locator" xlink:href="../../../cor/ic/siconfi-cor_2020-12-31.xsd#siconfi-cor_RGF4OperacoesDeCreditoContratualExternaEmprestimos" xlink:label="RGF4OperacoesDeCreditoContratualExternaEmprestimos" xlink:title="RGF4OperacoesDeCreditoContratualExternaEmprestimos"/>
    <link:presentationArc xlink:type="arc" xlink:arcrole="http://www.xbrl.org/2003/arcrole/parent-child" xlink:from="OperacoesDeCreditoContratualExterna" xlink:to="RGF4OperacoesDeCreditoContratualExternaEmprestimos" xlink:title="presentation: OperacoesDeCreditoContratualExterna to RGF4OperacoesDeCreditoContratualExternaEmprestimos" order="1.0"/>
    <link:loc xlink:type="locator" xlink:href="../../../cor/ic/siconfi-cor_2020-12-31.xsd#siconfi-cor_RGF4OperacoesDeCreditoContratualExternaAntecipacoesDeReceitasPelaVendaATermoDeBensEServicos" xlink:label="RGF4OperacoesDeCreditoContratualExternaAntecipacoesDeReceitasPelaVendaATermoDeBensEServicos" xlink:title="RGF4OperacoesDeCreditoContratualExternaAntecipacoesDeReceitasPelaVendaATermoDeBensEServicos"/>
    <link:presentationArc xlink:type="arc" xlink:arcrole="http://www.xbrl.org/2003/arcrole/parent-child" xlink:from="OperacoesDeCreditoContratualExterna" xlink:to="RGF4OperacoesDeCreditoContratualExternaAntecipacoesDeReceitasPelaVendaATermoDeBensEServicos" xlink:title="presentation: OperacoesDeCreditoContratualExterna to RGF4OperacoesDeCreditoContratualExternaAntecipacoesDeReceitasPelaVendaATermoDeBensEServicos" order="3.0"/>
    <link:loc xlink:type="locator" xlink:href="../../../cor/ic/siconfi-cor_2020-12-31.xsd#siconfi-cor_RGF4OperacoesDeCreditoContratualExternaOperacoesDeCreditoPrevistas" xlink:label="RGF4OperacoesDeCreditoContratualExternaOperacoesDeCreditoPrevistas" xlink:title="RGF4OperacoesDeCreditoContratualExternaOperacoesDeCreditoPrevistas"/>
    <link:presentationArc xlink:type="arc" xlink:arcrole="http://www.xbrl.org/2003/arcrole/parent-child" xlink:from="OperacoesDeCreditoContratualExterna" xlink:to="RGF4OperacoesDeCreditoContratualExternaOperacoesDeCreditoPrevistas" xlink:title="presentation: OperacoesDeCreditoContratualExterna to RGF4OperacoesDeCreditoContratualExternaOperacoesDeCreditoPrevistas" order="5.0"/>
    <link:loc xlink:type="locator" xlink:href="../../../cor/ic/siconfi-cor_2020-12-31.xsd#siconfi-cor_OperacoesDeCreditoContratualExternaAssuncaoReconhecimentoEConfissaoDeDividas" xlink:label="OperacoesDeCreditoContratualExternaAssuncaoReconhecimentoEConfissaoDeDividas" xlink:title="OperacoesDeCreditoContratualExternaAssuncaoReconhecimentoEConfissaoDeDividas"/>
    <link:presentationArc xlink:type="arc" xlink:arcrole="http://www.xbrl.org/2003/arcrole/parent-child" xlink:from="OperacoesDeCreditoContratualExterna" xlink:to="OperacoesDeCreditoContratualExternaAssuncaoReconhecimentoEConfissaoDeDividas" xlink:title="presentation: OperacoesDeCreditoContratualExterna to OperacoesDeCreditoContratualExternaAssuncaoReconhecimentoEConfissaoDeDividas" order="4.0"/>
    <link:loc xlink:type="locator" xlink:href="../../../cor/ic/siconfi-cor_2020-12-31.xsd#siconfi-cor_OperacoesDeCreditoContratualExternaAquisicaoFinanciadaDeBensEArrendamentoMercantilFinanceiro" xlink:label="OperacoesDeCreditoContratualExternaAquisicaoFinanciadaDeBensEArrendamentoMercantilFinanceiro" xlink:title="OperacoesDeCreditoContratualExternaAquisicaoFinanciadaDeBensEArrendamentoMercantilFinanceiro"/>
    <link:presentationArc xlink:type="arc" xlink:arcrole="http://www.xbrl.org/2003/arcrole/parent-child" xlink:from="OperacoesDeCreditoContratualExterna" xlink:to="OperacoesDeCreditoContratualExternaAquisicaoFinanciadaDeBensEArrendamentoMercantilFinanceiro" xlink:title="presentation: OperacoesDeCreditoContratualExterna to OperacoesDeCreditoContratualExternaAquisicaoFinanciadaDeBensEArrendamentoMercantilFinanceiro" order="1.0"/>
    <link:loc xlink:type="locator" xlink:href="../../../cor/ic/siconfi-cor_2020-12-31.xsd#siconfi-cor_RGF4OperacoesDeCreditoTotal" xlink:label="RGF4OperacoesDeCreditoTotal" xlink:title="RGF4OperacoesDeCreditoTotal"/>
    <link:presentationArc xlink:type="arc" xlink:arcrole="http://www.xbrl.org/2003/arcrole/parent-child" xlink:from="OperacoesDeCreditoLineItems" xlink:to="RGF4OperacoesDeCreditoTotal" xlink:title="presentation: OperacoesDeCreditoLineItems to RGF4OperacoesDeCreditoTotal" order="5.0"/>
    <link:loc xlink:type="locator" xlink:href="siconfi-rgf-anexo4estadosmunicipios_2020-12-31.xsd#siconfi-rgf-anexo4estados_OperacoesDeCreditoTable" xlink:label="OperacoesDeCreditoTable" xlink:title="OperacoesDeCreditoTable"/>
    <link:presentationArc xlink:type="arc" xlink:arcrole="http://www.xbrl.org/2003/arcrole/parent-child" xlink:from="OperacoesDeCreditoAbstract" xlink:to="OperacoesDeCreditoTable" xlink:title="presentation: OperacoesDeCreditoAbstract to OperacoesDeCreditoTable" order="2.0" xbrldt:contextElement="segment"/>
    <link:loc xlink:type="locator" xlink:href="../../../cor/dim/siconfi-dim_2020-12-31.xsd#siconfi-dim_ValorRealizadoPeriodoAxis" xlink:label="ValorRealizadoPeriodoAxis" xlink:title="ValorRealizadoPeriodoAxis"/>
    <link:presentationArc xlink:type="arc" xlink:arcrole="http://www.xbrl.org/2003/arcrole/parent-child" xlink:from="OperacoesDeCreditoTable" xlink:to="ValorRealizadoPeriodoAxis" xlink:title="presentation: OperacoesDeCreditoTable to ValorRealizadoPeriodoAxis" order="1.0"/>
    <link:loc xlink:type="locator" xlink:href="../../../cor/dim/siconfi-dim_2020-12-31.xsd#siconfi-dim_ValorMember" xlink:label="ValorMember" xlink:title="ValorMember"/>
    <link:presentationArc xlink:type="arc" xlink:arcrole="http://www.xbrl.org/2003/arcrole/parent-child" xlink:from="ValorRealizadoPeriodoAxis" xlink:to="ValorMember" xlink:title="presentation: ValorRealizadoPeriodoAxis to ValorMember" order="1.0" xbrldt:usable="false"/>
    <link:loc xlink:type="locator" xlink:href="../../../cor/dim/siconfi-dim_2020-12-31.xsd#siconfi-dim_NoQuadrimestreDeReferenciaMember" xlink:label="NoQuadrimestreDeReferenciaMember" xlink:title="NoQuadrimestreDeReferenciaMember"/>
    <link:presentationArc xlink:type="arc" xlink:arcrole="http://www.xbrl.org/2003/arcrole/parent-child" xlink:from="ValorMember" xlink:to="NoQuadrimestreDeReferenciaMember" xlink:title="presentation: ValorMember to NoQuadrimestreDeReferenciaMember" order="1.0"/>
    <link:loc xlink:type="locator" xlink:href="../../../cor/dim/siconfi-dim_2020-12-31.xsd#siconfi-dim_AteOQuadrimestreDeReferenciaMember" xlink:label="AteOQuadrimestreDeReferenciaMember" xlink:title="AteOQuadrimestreDeReferenciaMember"/>
    <link:presentationArc xlink:type="arc" xlink:arcrole="http://www.xbrl.org/2003/arcrole/parent-child" xlink:from="ValorMember" xlink:to="AteOQuadrimestreDeReferenciaMember" xlink:title="presentation: ValorMember to AteOQuadrimestreDeReferenciaMember" order="2.0"/>
    <link:loc xlink:type="locator" xlink:href="siconfi-rgf-anexo4estadosmunicipios_2020-12-31.xsd#siconfi-rgf-anexo4estados_ApuracaoDoCumprimentoDosLimitesAbstract" xlink:label="ApuracaoDoCumprimentoDosLimitesAbstract" xlink:title="ApuracaoDoCumprimentoDosLimitesAbstract"/>
    <link:presentationArc xlink:type="arc" xlink:arcrole="http://www.xbrl.org/2003/arcrole/parent-child" xlink:from="DemonstrativoAnexo4Abstract" xlink:to="ApuracaoDoCumprimentoDosLimitesAbstract" xlink:title="presentation: DemonstrativoAnexo4Abstract to ApuracaoDoCumprimentoDosLimitesAbstract" order="2.0"/>
    <link:loc xlink:type="locator" xlink:href="siconfi-rgf-anexo4estadosmunicipios_2020-12-31.xsd#siconfi-rgf-anexo4estados_ApuracaoDoCumprimentoDosLimitesLineItems" xlink:label="ApuracaoDoCumprimentoDosLimitesLineItems" xlink:title="ApuracaoDoCumprimentoDosLimitesLineItems"/>
    <link:presentationArc xlink:type="arc" xlink:arcrole="http://www.xbrl.org/2003/arcrole/parent-child" xlink:from="ApuracaoDoCumprimentoDosLimitesAbstract" xlink:to="ApuracaoDoCumprimentoDosLimitesLineItems" xlink:title="presentation: ApuracaoDoCumprimentoDosLimitesAbstract to ApuracaoDoCumprimentoDosLimitesLineItems" order="1.0"/>
    <link:loc xlink:type="locator" xlink:href="../../../cor/ic/siconfi-cor_2020-12-31.xsd#siconfi-cor_OperacoesVedadas" xlink:label="OperacoesVedadas" xlink:title="OperacoesVedadas"/>
    <link:presentationArc xlink:type="arc" xlink:arcrole="http://www.xbrl.org/2003/arcrole/parent-child" xlink:from="ApuracaoDoCumprimentoDosLimitesLineItems" xlink:to="OperacoesVedadas" xlink:title="presentation: ApuracaoDoCumprimentoDosLimitesLineItems to OperacoesVedadas" order="4.0"/>
    <link:loc xlink:type="locator" xlink:href="../../../cor/ic/siconfi-cor_2020-12-31.xsd#siconfi-cor_TotalConsideradoParaFinsDaApuracaoDoCumprimentoDoLimiteOperacoesDeCredito" xlink:label="TotalConsideradoParaFinsDaApuracaoDoCumprimentoDoLimiteOperacoesDeCredito" xlink:title="TotalConsideradoParaFinsDaApuracaoDoCumprimentoDoLimiteOperacoesDeCredito"/>
    <link:presentationArc xlink:type="arc" xlink:arcrole="http://www.xbrl.org/2003/arcrole/parent-child" xlink:from="ApuracaoDoCumprimentoDosLimitesLineItems" xlink:to="TotalConsideradoParaFinsDaApuracaoDoCumprimentoDoLimiteOperacoesDeCredito" xlink:title="presentation: ApuracaoDoCumprimentoDosLimitesLineItems to TotalConsideradoParaFinsDaApuracaoDoCumprimentoDoLimiteOperacoesDeCredito" order="5.0"/>
    <link:loc xlink:type="locator" xlink:href="../../../cor/ic/siconfi-cor_2020-12-31.xsd#siconfi-cor_LimiteGeralDefinidoPorResolucaoDoSenadoFederalParaAsOperacoesDeCreditoInternasEExternas" xlink:label="LimiteGeralDefinidoPorResolucaoDoSenadoFederalParaAsOperacoesDeCreditoInternasEExternas" xlink:title="LimiteGeralDefinidoPorResolucaoDoSenadoFederalParaAsOperacoesDeCreditoInternasEExternas"/>
    <link:presentationArc xlink:type="arc" xlink:arcrole="http://www.xbrl.org/2003/arcrole/parent-child" xlink:from="ApuracaoDoCumprimentoDosLimitesLineItems" xlink:to="LimiteGeralDefinidoPorResolucaoDoSenadoFederalParaAsOperacoesDeCreditoInternasEExternas" xlink:title="presentation: ApuracaoDoCumprimentoDosLimitesLineItems to LimiteGeralDefinidoPorResolucaoDoSenadoFederalParaAsOperacoesDeCreditoInternasEExternas" order="6.0"/>
    <link:loc xlink:type="locator" xlink:href="../../../cor/ic/siconfi-cor_2020-12-31.xsd#siconfi-cor_LimiteDeAlertaOperacoesCredito" xlink:label="LimiteDeAlertaOperacoesCredito" xlink:title="LimiteDeAlertaOperacoesCredito"/>
    <link:presentationArc xlink:type="arc" xlink:arcrole="http://www.xbrl.org/2003/arcrole/parent-child" xlink:from="ApuracaoDoCumprimentoDosLimitesLineItems" xlink:to="LimiteDeAlertaOperacoesCredito" xlink:title="presentation: ApuracaoDoCumprimentoDosLimitesLineItems to LimiteDeAlertaOperacoesCredito" order="7.0"/>
    <link:loc xlink:type="locator" xlink:href="../../../cor/ic/siconfi-cor_2020-12-31.xsd#siconfi-cor_OperacoesDeCreditoPorAntecipacaoDaReceitaOrcamentaria" xlink:label="OperacoesDeCreditoPorAntecipacaoDaReceitaOrcamentaria" xlink:title="OperacoesDeCreditoPorAntecipacaoDaReceitaOrcamentaria"/>
    <link:presentationArc xlink:type="arc" xlink:arcrole="http://www.xbrl.org/2003/arcrole/parent-child" xlink:from="ApuracaoDoCumprimentoDosLimitesLineItems" xlink:to="OperacoesDeCreditoPorAntecipacaoDaReceitaOrcamentaria" xlink:title="presentation: ApuracaoDoCumprimentoDosLimitesLineItems to OperacoesDeCreditoPorAntecipacaoDaReceitaOrcamentaria" order="8.0"/>
    <link:loc xlink:type="locator" xlink:href="../../../cor/ic/siconfi-cor_2020-12-31.xsd#siconfi-cor_LimiteDefinidoPorResolucaoDoSenadoFederalParaAsOperacoesDeCreditoPorAntecipacaoDaReceitaOrcamentaria" xlink:label="LimiteDefinidoPorResolucaoDoSenadoFederalParaAsOperacoesDeCreditoPorAntecipacaoDaReceitaOrcamentaria" xlink:title="LimiteDefinidoPorResolucaoDoSenadoFederalParaAsOperacoesDeCreditoPorAntecipacaoDaReceitaOrcamentaria"/>
    <link:presentationArc xlink:type="arc" xlink:arcrole="http://www.xbrl.org/2003/arcrole/parent-child" xlink:from="ApuracaoDoCumprimentoDosLimitesLineItems" xlink:to="LimiteDefinidoPorResolucaoDoSenadoFederalParaAsOperacoesDeCreditoPorAntecipacaoDaReceitaOrcamentaria" xlink:title="presentation: ApuracaoDoCumprimentoDosLimitesLineItems to LimiteDefinidoPorResolucaoDoSenadoFederalParaAsOperacoesDeCreditoPorAntecipacaoDaReceitaOrcamentaria" order="9.0"/>
    <link:loc xlink:type="locator" xlink:href="../../../cor/ic/siconfi-cor_2020-12-31.xsd#siconfi-cor_RGF4ReceitaCorrenteLiquida" xlink:label="RGF4ReceitaCorrenteLiquida" xlink:title="RGF4ReceitaCorrenteLiquida"/>
    <link:presentationArc xlink:type="arc" xlink:arcrole="http://www.xbrl.org/2003/arcrole/parent-child" xlink:from="ApuracaoDoCumprimentoDosLimitesLineItems" xlink:to="RGF4ReceitaCorrenteLiquida" xlink:title="presentation: ApuracaoDoCumprimentoDosLimitesLineItems to RGF4ReceitaCorrenteLiquida" order="1.0"/>
    <link:loc xlink:type="locator" xlink:href="../../../cor/ic/siconfi-cor_2020-12-31.xsd#siconfi-cor_TransferenciasObrigatoriasDaUniaoRelativasAsEmendasIndividuais" xlink:label="TransferenciasObrigatoriasDaUniaoRelativasAsEmendasIndividuais" xlink:title="TransferenciasObrigatoriasDaUniaoRelativasAsEmendasIndividuais"/>
    <link:presentationArc xlink:type="arc" xlink:arcrole="http://www.xbrl.org/2003/arcrole/parent-child" xlink:from="ApuracaoDoCumprimentoDosLimitesLineItems" xlink:to="TransferenciasObrigatoriasDaUniaoRelativasAsEmendasIndividuais" xlink:title="presentation: ApuracaoDoCumprimentoDosLimitesLineItems to TransferenciasObrigatoriasDaUniaoRelativasAsEmendasIndividuais" order="2.0"/>
    <link:loc xlink:type="locator" xlink:href="../../../cor/ic/siconfi-cor_2020-12-31.xsd#siconfi-cor_ReceitaCorrenteLiquidaAjustadaParaCalculoDosLimitesDeEndividamento" xlink:label="ReceitaCorrenteLiquidaAjustadaParaCalculoDosLimitesDeEndividamento" xlink:title="ReceitaCorrenteLiquidaAjustadaParaCalculoDosLimitesDeEndividamento"/>
    <link:presentationArc xlink:type="arc" xlink:arcrole="http://www.xbrl.org/2003/arcrole/parent-child" xlink:from="ApuracaoDoCumprimentoDosLimitesLineItems" xlink:to="ReceitaCorrenteLiquidaAjustadaParaCalculoDosLimitesDeEndividamento" xlink:title="presentation: ApuracaoDoCumprimentoDosLimitesLineItems to ReceitaCorrenteLiquidaAjustadaParaCalculoDosLimitesDeEndividamento" order="3.0"/>
    <link:loc xlink:type="locator" xlink:href="siconfi-rgf-anexo4estadosmunicipios_2020-12-31.xsd#siconfi-rgf-anexo4estados_ApuracaoDoCumprimentoDosLimitesTable" xlink:label="ApuracaoDoCumprimentoDosLimitesTable" xlink:title="ApuracaoDoCumprimentoDosLimitesTable"/>
    <link:presentationArc xlink:type="arc" xlink:arcrole="http://www.xbrl.org/2003/arcrole/parent-child" xlink:from="ApuracaoDoCumprimentoDosLimitesAbstract" xlink:to="ApuracaoDoCumprimentoDosLimitesTable" xlink:title="presentation: ApuracaoDoCumprimentoDosLimitesAbstract to ApuracaoDoCumprimentoDosLimitesTable" order="2.0" xbrldt:contextElement="segment"/>
    <link:loc xlink:type="locator" xlink:href="../../../cor/dim/siconfi-dim_2020-12-31.xsd#siconfi-dim_ApuracaoOperacoesDeCreditoAxis" xlink:label="ApuracaoOperacoesDeCreditoAxis" xlink:title="ApuracaoOperacoesDeCreditoAxis"/>
    <link:presentationArc xlink:type="arc" xlink:arcrole="http://www.xbrl.org/2003/arcrole/parent-child" xlink:from="ApuracaoDoCumprimentoDosLimitesTable" xlink:to="ApuracaoOperacoesDeCreditoAxis" xlink:title="presentation: ApuracaoDoCumprimentoDosLimitesTable to ApuracaoOperacoesDeCreditoAxis" order="1.0"/>
    <link:loc xlink:type="locator" xlink:href="../../../cor/dim/siconfi-dim_2020-12-31.xsd#siconfi-dim_ApuracaoValorMember" xlink:label="ApuracaoValorMember" xlink:title="ApuracaoValorMember"/>
    <link:presentationArc xlink:type="arc" xlink:arcrole="http://www.xbrl.org/2003/arcrole/parent-child" xlink:from="ApuracaoOperacoesDeCreditoAxis" xlink:to="ApuracaoValorMember" xlink:title="presentation: ApuracaoOperacoesDeCreditoAxis to ApuracaoValorMember" order="1.0"/>
    <link:loc xlink:type="locator" xlink:href="../../../cor/dim/siconfi-dim_2020-12-31.xsd#siconfi-dim_ApuracaoPercentualSobreARCLMember" xlink:label="ApuracaoPercentualSobreARCLMember" xlink:title="ApuracaoPercentualSobreARCLMember"/>
    <link:presentationArc xlink:type="arc" xlink:arcrole="http://www.xbrl.org/2003/arcrole/parent-child" xlink:from="ApuracaoOperacoesDeCreditoAxis" xlink:to="ApuracaoPercentualSobreARCLMember" xlink:title="presentation: ApuracaoOperacoesDeCreditoAxis to ApuracaoPercentualSobreARCLMember" order="2.0"/>
    <link:loc xlink:type="locator" xlink:href="siconfi-rgf-anexo4estadosmunicipios_2020-12-31.xsd#siconfi-rgf-anexo4estadosmunicipios_FonteAnexo4Tabela4.0Abstract" xlink:label="FonteAnexo4Tabela4.0Abstract" xlink:title="FonteAnexo4Tabela4.0Abstract"/>
    <link:presentationArc xlink:type="arc" xlink:arcrole="http://www.xbrl.org/2003/arcrole/parent-child" xlink:from="DemonstrativoAnexo4Abstract" xlink:to="FonteAnexo4Tabela4.0Abstract" xlink:title="presentation: DemonstrativoAnexo4Abstract to FonteAnexo4Tabela4.0Abstract" order="4.0"/>
    <link:loc xlink:type="locator" xlink:href="siconfi-rgf-anexo4estadosmunicipios_2020-12-31.xsd#siconfi-rgf-anexo4estadosmunicipios_FonteAnexo4Tabela4.0LineItems" xlink:label="FonteAnexo4Tabela4.0LineItems" xlink:title="FonteAnexo4Tabela4.0LineItems"/>
    <link:presentationArc xlink:type="arc" xlink:arcrole="http://www.xbrl.org/2003/arcrole/parent-child" xlink:from="FonteAnexo4Tabela4.0Abstract" xlink:to="FonteAnexo4Tabela4.0LineItems" xlink:title="presentation: FonteAnexo4Tabela4.0Abstract to FonteAnexo4Tabela4.0LineItems" order="1.0"/>
    <link:loc xlink:type="locator" xlink:href="../../../cor/ic/siconfi-cor_2020-12-31.xsd#siconfi-cor_FonteAnexo4Tabela4.0RGF" xlink:label="FonteAnexo4Tabela4.0RGF" xlink:title="FonteAnexo4Tabela4.0RGF"/>
    <link:presentationArc xlink:type="arc" xlink:arcrole="http://www.xbrl.org/2003/arcrole/parent-child" xlink:from="FonteAnexo4Tabela4.0LineItems" xlink:to="FonteAnexo4Tabela4.0RGF" xlink:title="presentation: FonteAnexo4Tabela4.0LineItems to FonteAnexo4Tabela4.0RGF" order="1.0"/>
    <link:loc xlink:type="locator" xlink:href="siconfi-rgf-anexo4estadosmunicipios_2020-12-31.xsd#siconfi-rgf-anexo4estadosmunicipios_OutrasOperacoesQueIntegramADividaConsolidadaAbstract" xlink:label="OutrasOperacoesQueIntegramADividaConsolidadaAbstract" xlink:title="OutrasOperacoesQueIntegramADividaConsolidadaAbstract"/>
    <link:presentationArc xlink:type="arc" xlink:arcrole="http://www.xbrl.org/2003/arcrole/parent-child" xlink:from="DemonstrativoAnexo4Abstract" xlink:to="OutrasOperacoesQueIntegramADividaConsolidadaAbstract" xlink:title="presentation: DemonstrativoAnexo4Abstract to OutrasOperacoesQueIntegramADividaConsolidadaAbstract" order="3.0"/>
    <link:loc xlink:type="locator" xlink:href="siconfi-rgf-anexo4estadosmunicipios_2020-12-31.xsd#siconfi-rgf-anexo4estadosmunicipios_OutrasOperacoesQueIntegramADividaConsolidadaLineItems" xlink:label="OutrasOperacoesQueIntegramADividaConsolidadaLineItems" xlink:title="OutrasOperacoesQueIntegramADividaConsolidadaLineItems"/>
    <link:presentationArc xlink:type="arc" xlink:arcrole="http://www.xbrl.org/2003/arcrole/parent-child" xlink:from="OutrasOperacoesQueIntegramADividaConsolidadaAbstract" xlink:to="OutrasOperacoesQueIntegramADividaConsolidadaLineItems" xlink:title="presentation: OutrasOperacoesQueIntegramADividaConsolidadaAbstract to OutrasOperacoesQueIntegramADividaConsolidadaLineItems" order="1.0"/>
    <link:loc xlink:type="locator" xlink:href="../../../cor/ic/siconfi-cor_2020-12-31.xsd#siconfi-cor_OperacoesDeCreditoParcelamentosDeDividas" xlink:label="OperacoesDeCreditoParcelamentosDeDividas" xlink:title="OperacoesDeCreditoParcelamentosDeDividas"/>
    <link:presentationArc xlink:type="arc" xlink:arcrole="http://www.xbrl.org/2003/arcrole/parent-child" xlink:from="OutrasOperacoesQueIntegramADividaConsolidadaLineItems" xlink:to="OperacoesDeCreditoParcelamentosDeDividas" xlink:title="presentation: OutrasOperacoesQueIntegramADividaConsolidadaLineItems to OperacoesDeCreditoParcelamentosDeDividas" order="2.0"/>
    <link:loc xlink:type="locator" xlink:href="../../../cor/ic/siconfi-cor_2020-12-31.xsd#siconfi-cor_OperacoesDeCreditoParcelamentosDeDividasDeTributos" xlink:label="OperacoesDeCreditoParcelamentosDeDividasDeTributos" xlink:title="OperacoesDeCreditoParcelamentosDeDividasDeTributos"/>
    <link:presentationArc xlink:type="arc" xlink:arcrole="http://www.xbrl.org/2003/arcrole/parent-child" xlink:from="OperacoesDeCreditoParcelamentosDeDividas" xlink:to="OperacoesDeCreditoParcelamentosDeDividasDeTributos" xlink:title="presentation: OperacoesDeCreditoParcelamentosDeDividas to OperacoesDeCreditoParcelamentosDeDividasDeTributos" order="1.0"/>
    <link:loc xlink:type="locator" xlink:href="../../../cor/ic/siconfi-cor_2020-12-31.xsd#siconfi-cor_OperacoesDeCreditoParcelamentosDeDividasDoFGTS" xlink:label="OperacoesDeCreditoParcelamentosDeDividasDoFGTS" xlink:title="OperacoesDeCreditoParcelamentosDeDividasDoFGTS"/>
    <link:presentationArc xlink:type="arc" xlink:arcrole="http://www.xbrl.org/2003/arcrole/parent-child" xlink:from="OperacoesDeCreditoParcelamentosDeDividas" xlink:to="OperacoesDeCreditoParcelamentosDeDividasDoFGTS" xlink:title="presentation: OperacoesDeCreditoParcelamentosDeDividas to OperacoesDeCreditoParcelamentosDeDividasDoFGTS" order="4.0"/>
    <link:loc xlink:type="locator" xlink:href="../../../cor/ic/siconfi-cor_2020-12-31.xsd#siconfi-cor_OperacoesDeCreditoParcelamentosDeContribuicoesSociaisPrevidenciarias" xlink:label="OperacoesDeCreditoParcelamentosDeContribuicoesSociaisPrevidenciarias" xlink:title="OperacoesDeCreditoParcelamentosDeContribuicoesSociaisPrevidenciarias"/>
    <link:presentationArc xlink:type="arc" xlink:arcrole="http://www.xbrl.org/2003/arcrole/parent-child" xlink:from="OperacoesDeCreditoParcelamentosDeDividas" xlink:to="OperacoesDeCreditoParcelamentosDeContribuicoesSociaisPrevidenciarias" xlink:title="presentation: OperacoesDeCreditoParcelamentosDeDividas to OperacoesDeCreditoParcelamentosDeContribuicoesSociaisPrevidenciarias" order="2.0"/>
    <link:loc xlink:type="locator" xlink:href="../../../cor/ic/siconfi-cor_2020-12-31.xsd#siconfi-cor_RGF4OutrasOperacoesQueIntegramADividaConsolidadaOperacoesDeReestruturacaoERecomposicaoDoPrincipalDeDividas" xlink:label="RGF4OutrasOperacoesQueIntegramADividaConsolidadaOperacoesDeReestruturacaoERecomposicaoDoPrincipalDeDividas" xlink:title="RGF4OutrasOperacoesQueIntegramADividaConsolidadaOperacoesDeReestruturacaoERecomposicaoDoPrincipalDeDividas"/>
    <link:presentationArc xlink:type="arc" xlink:arcrole="http://www.xbrl.org/2003/arcrole/parent-child" xlink:from="OutrasOperacoesQueIntegramADividaConsolidadaLineItems" xlink:to="RGF4OutrasOperacoesQueIntegramADividaConsolidadaOperacoesDeReestruturacaoERecomposicaoDoPrincipalDeDividas" xlink:title="presentation: OutrasOperacoesQueIntegramADividaConsolidadaLineItems to RGF4OutrasOperacoesQueIntegramADividaConsolidadaOperacoesDeReestruturacaoERecomposicaoDoPrincipalDeDividas" order="3.0"/>
    <link:loc xlink:type="locator" xlink:href="siconfi-rgf-anexo4estadosmunicipios_2020-12-31.xsd#siconfi-rgf-anexo4estadosmunicipios_OutrasOperacoesQueIntegramDividaConsolidadaTable" xlink:label="OutrasOperacoesQueIntegramDividaConsolidadaTable" xlink:title="OutrasOperacoesQueIntegramDividaConsolidadaTable"/>
    <link:presentationArc xlink:type="arc" xlink:arcrole="http://www.xbrl.org/2003/arcrole/parent-child" xlink:from="OutrasOperacoesQueIntegramADividaConsolidadaAbstract" xlink:to="OutrasOperacoesQueIntegramDividaConsolidadaTable" xlink:title="presentation: OutrasOperacoesQueIntegramADividaConsolidadaAbstract to OutrasOperacoesQueIntegramDividaConsolidadaTable" order="2.0"/>
    <link:loc xlink:type="locator" xlink:href="../../../cor/dim/siconfi-dim_2020-12-31.xsd#siconfi-dim_ValorRealizadoNoPeriodoOutrasOperacoesAxis" xlink:label="ValorRealizadoNoPeriodoOutrasOperacoesAxis" xlink:title="ValorRealizadoNoPeriodoOutrasOperacoesAxis"/>
    <link:presentationArc xlink:type="arc" xlink:arcrole="http://www.xbrl.org/2003/arcrole/parent-child" xlink:from="OutrasOperacoesQueIntegramDividaConsolidadaTable" xlink:to="ValorRealizadoNoPeriodoOutrasOperacoesAxis" xlink:title="presentation: OutrasOperacoesQueIntegramDividaConsolidadaTable to ValorRealizadoNoPeriodoOutrasOperacoesAxis" order="1.0"/>
    <link:presentationArc xlink:type="arc" xlink:arcrole="http://www.xbrl.org/2003/arcrole/parent-child" xlink:from="ValorRealizadoNoPeriodoOutrasOperacoesAxis" xlink:to="ValorMember" xlink:title="presentation: ValorRealizadoNoPeriodoOutrasOperacoesAxis to ValorMember" order="1.0"/>
  </link:presentationLink>
</link:linkbase>
