<?xml version="1.0" encoding="UTF-8"?>
<!-- Generated by Fujitsu Interstage XWand B0196 -->
<link:linkbase xmlns:xsi="http://www.w3.org/2001/XMLSchema-instance" xsi:schemaLocation="http://www.xbrl.org/2003/linkbase http://www.xbrl.org/2003/xbrl-linkbase-2003-12-31.xsd" xmlns:link="http://www.xbrl.org/2003/linkbase" xmlns:xbrli="http://www.xbrl.org/2003/instance" xmlns:xlink="http://www.w3.org/1999/xlink" xmlns:xbrldt="http://xbrl.org/2005/xbrldt">
  <link:roleRef roleURI="http://fazenda.gov.br/siconfi/rep/rreo/anexo7uniao/siconfi-rreo-anexo7-tabela7.2" xlink:type="simple" xlink:href="siconfi-rreo-anexo7uniao_2020-12-31.xsd#siconfi-rreo-anexo7-tabela7.2"/>
  <link:roleRef roleURI="http://fazenda.gov.br/siconfi/rep/rreo/anexo7uniao/siconfi-rreo-anexo7-tabela7.2A" xlink:type="simple" xlink:href="siconfi-rreo-anexo7uniao_2020-12-31.xsd#siconfi-rreo-anexo7-tabela7.2A"/>
  <link:roleRef roleURI="http://fazenda.gov.br/siconfi/rep/rreo/anexo7uniao/siconfi-rreo-anexo7-tabela7.2B" xlink:type="simple" xlink:href="siconfi-rreo-anexo7uniao_2020-12-31.xsd#siconfi-rreo-anexo7-tabela7.2B"/>
  <link:arcroleRef arcroleURI="http://xbrl.org/int/dim/arcrole/all" xlink:type="simple" xlink:href="http://www.xbrl.org/2005/xbrldt-2005.xsd#all"/>
  <link:arcroleRef arcroleURI="http://xbrl.org/int/dim/arcrole/dimension-domain" xlink:type="simple" xlink:href="http://www.xbrl.org/2005/xbrldt-2005.xsd#dimension-domain"/>
  <link:arcroleRef arcroleURI="http://xbrl.org/int/dim/arcrole/domain-member" xlink:type="simple" xlink:href="http://www.xbrl.org/2005/xbrldt-2005.xsd#domain-member"/>
  <link:arcroleRef arcroleURI="http://xbrl.org/int/dim/arcrole/hypercube-dimension" xlink:type="simple" xlink:href="http://www.xbrl.org/2005/xbrldt-2005.xsd#hypercube-dimension"/>
  <link:definitionLink xlink:type="extended" xlink:role="http://fazenda.gov.br/siconfi/rep/rreo/anexo7uniao/siconfi-rreo-anexo7-tabela7.2A">
    <link:loc xlink:type="locator" xlink:href="siconfi-rreo-anexo7uniao_2020-12-31.xsd#siconfi-rreo-anexo7uniao_PoderOrgaoAbstract" xlink:label="PoderOrgaoAbstract" xlink:title="PoderOrgaoAbstract"/>
    <link:loc xlink:type="locator" xlink:href="siconfi-rreo-anexo7uniao_2020-12-31.xsd#siconfi-rreo-anexo7uniao_PoderOrgaoLineItems" xlink:label="PoderOrgaoLineItems" xlink:title="PoderOrgaoLineItems"/>
    <link:definitionArc xlink:type="arc" xlink:arcrole="http://xbrl.org/int/dim/arcrole/domain-member" xlink:from="PoderOrgaoAbstract" xlink:to="PoderOrgaoLineItems" xlink:title="definition: PoderOrgaoAbstract to PoderOrgaoLineItems" order="1.0"/>
    <link:loc xlink:type="locator" xlink:href="siconfi-rreo-anexo7uniao_2020-12-31.xsd#siconfi-rreo-anexo7uniao_RestosAPagarProcessadosAbstract" xlink:label="RestosAPagarProcessadosENaoProcessadosLiquidadosEmExerciciosAnterioresAbstract" xlink:title="RestosAPagarProcessadosENaoProcessadosLiquidadosEmExerciciosAnterioresAbstract"/>
    <link:definitionArc xlink:type="arc" xlink:arcrole="http://xbrl.org/int/dim/arcrole/domain-member" xlink:from="PoderOrgaoLineItems" xlink:to="RestosAPagarProcessadosENaoProcessadosLiquidadosEmExerciciosAnterioresAbstract" xlink:title="definition: PoderOrgaoLineItems to RestosAPagarProcessadosENaoProcessadosLiquidadosEmExerciciosAnterioresAbstract" order="1.0"/>
    <link:loc xlink:type="locator" xlink:href="siconfi-rreo-anexo7uniao_2020-12-31.xsd#siconfi-rreo-anexo7uniao_RestosAPagarProcessadosENaoProcessadosLiquidadosInscritosAbstract" xlink:label="RestosAPagarProcessadosENaoProcessadosLiquidadosInscritosAbstract" xlink:title="RestosAPagarProcessadosENaoProcessadosLiquidadosInscritosAbstract"/>
    <link:definitionArc xlink:type="arc" xlink:arcrole="http://xbrl.org/int/dim/arcrole/domain-member" xlink:from="RestosAPagarProcessadosENaoProcessadosLiquidadosEmExerciciosAnterioresAbstract" xlink:to="RestosAPagarProcessadosENaoProcessadosLiquidadosInscritosAbstract" xlink:title="definition: RestosAPagarProcessadosENaoProcessadosLiquidadosEmExerciciosAnterioresAbstract to RestosAPagarProcessadosENaoProcessadosLiquidadosInscritosAbstract" order="1.0"/>
    <link:loc xlink:type="locator" xlink:href="../../../cor/ic/siconfi-cor_2020-12-31.xsd#siconfi-cor_RestosAPagarProcessadosENaoProcessadosLiquidadosInscritosEmExerciciosAnteriores" xlink:label="RestosAPagarProcessadosENaoProcessadosLiquidadosInscritosEmExerciciosAnteriores" xlink:title="RestosAPagarProcessadosENaoProcessadosLiquidadosInscritosEmExerciciosAnteriores"/>
    <link:definitionArc xlink:type="arc" xlink:arcrole="http://xbrl.org/int/dim/arcrole/domain-member" xlink:from="RestosAPagarProcessadosENaoProcessadosLiquidadosInscritosAbstract" xlink:to="RestosAPagarProcessadosENaoProcessadosLiquidadosInscritosEmExerciciosAnteriores" xlink:title="definition: RestosAPagarProcessadosENaoProcessadosLiquidadosInscritosAbstract to RestosAPagarProcessadosENaoProcessadosLiquidadosInscritosEmExerciciosAnteriores" order="1.0"/>
    <link:loc xlink:type="locator" xlink:href="../../../cor/ic/siconfi-cor_2020-12-31.xsd#siconfi-cor_RestosAPagarProcessadosENaoProcessadosLiquidadosInscritosEmExercicioAnterior" xlink:label="RestosAPagarProcessadosENaoProcessadosLiquidadosInscritosEmExercicioAnterior" xlink:title="RestosAPagarProcessadosENaoProcessadosLiquidadosInscritosEmExercicioAnterior"/>
    <link:definitionArc xlink:type="arc" xlink:arcrole="http://xbrl.org/int/dim/arcrole/domain-member" xlink:from="RestosAPagarProcessadosENaoProcessadosLiquidadosInscritosAbstract" xlink:to="RestosAPagarProcessadosENaoProcessadosLiquidadosInscritosEmExercicioAnterior" xlink:title="definition: RestosAPagarProcessadosENaoProcessadosLiquidadosInscritosAbstract to RestosAPagarProcessadosENaoProcessadosLiquidadosInscritosEmExercicioAnterior" order="2.0"/>
    <link:loc xlink:type="locator" xlink:href="../../../cor/ic/siconfi-cor_2020-12-31.xsd#siconfi-cor_RestosAPagarProcessadosENaoProcessadosLiquidadosPagos" xlink:label="RestosAPagarProcessadosENaoProcessadosLiquidadosPagos" xlink:title="RestosAPagarProcessadosENaoProcessadosLiquidadosPagos"/>
    <link:definitionArc xlink:type="arc" xlink:arcrole="http://xbrl.org/int/dim/arcrole/domain-member" xlink:from="RestosAPagarProcessadosENaoProcessadosLiquidadosEmExerciciosAnterioresAbstract" xlink:to="RestosAPagarProcessadosENaoProcessadosLiquidadosPagos" xlink:title="definition: RestosAPagarProcessadosENaoProcessadosLiquidadosEmExerciciosAnterioresAbstract to RestosAPagarProcessadosENaoProcessadosLiquidadosPagos" order="2.0"/>
    <link:loc xlink:type="locator" xlink:href="../../../cor/ic/siconfi-cor_2020-12-31.xsd#siconfi-cor_RestosAPagarProcessadosENaoProcessadosLiquidadosCancelados" xlink:label="RestosAPagarProcessadosENaoProcessadosLiquidadosCancelados" xlink:title="RestosAPagarProcessadosENaoProcessadosLiquidadosCancelados"/>
    <link:definitionArc xlink:type="arc" xlink:arcrole="http://xbrl.org/int/dim/arcrole/domain-member" xlink:from="RestosAPagarProcessadosENaoProcessadosLiquidadosEmExerciciosAnterioresAbstract" xlink:to="RestosAPagarProcessadosENaoProcessadosLiquidadosCancelados" xlink:title="definition: RestosAPagarProcessadosENaoProcessadosLiquidadosEmExerciciosAnterioresAbstract to RestosAPagarProcessadosENaoProcessadosLiquidadosCancelados" order="3.0"/>
    <link:loc xlink:type="locator" xlink:href="../../../cor/ic/siconfi-cor_2020-12-31.xsd#siconfi-cor_RestosAPagarProcessadosENaoProcessadosLiquidadosAPagar" xlink:label="RestosAPagarProcessadosENaoProcessadosLiquidadosAPagar" xlink:title="RestosAPagarProcessadosENaoProcessadosLiquidadosAPagar"/>
    <link:definitionArc xlink:type="arc" xlink:arcrole="http://xbrl.org/int/dim/arcrole/domain-member" xlink:from="RestosAPagarProcessadosENaoProcessadosLiquidadosEmExerciciosAnterioresAbstract" xlink:to="RestosAPagarProcessadosENaoProcessadosLiquidadosAPagar" xlink:title="definition: RestosAPagarProcessadosENaoProcessadosLiquidadosEmExerciciosAnterioresAbstract to RestosAPagarProcessadosENaoProcessadosLiquidadosAPagar" order="4.0"/>
    <link:loc xlink:type="locator" xlink:href="siconfi-rreo-anexo7uniao_2020-12-31.xsd#siconfi-rreo-anexo7uniao_RestosAPagarNaoProcessadosAbstract" xlink:label="RestosAPagarNaoProcessadosAbstract" xlink:title="RestosAPagarNaoProcessadosAbstract"/>
    <link:definitionArc xlink:type="arc" xlink:arcrole="http://xbrl.org/int/dim/arcrole/domain-member" xlink:from="PoderOrgaoLineItems" xlink:to="RestosAPagarNaoProcessadosAbstract" xlink:title="definition: PoderOrgaoLineItems to RestosAPagarNaoProcessadosAbstract" order="2.0"/>
    <link:loc xlink:type="locator" xlink:href="siconfi-rreo-anexo7uniao_2020-12-31.xsd#siconfi-rreo-anexo7uniao_RestosAPagarNaoProcessadosInscritosAbstract" xlink:label="RestosAPagarNaoProcessadosInscritosAbstract" xlink:title="RestosAPagarNaoProcessadosInscritosAbstract"/>
    <link:definitionArc xlink:type="arc" xlink:arcrole="http://xbrl.org/int/dim/arcrole/domain-member" xlink:from="RestosAPagarNaoProcessadosAbstract" xlink:to="RestosAPagarNaoProcessadosInscritosAbstract" xlink:title="definition: RestosAPagarNaoProcessadosAbstract to RestosAPagarNaoProcessadosInscritosAbstract" order="1.0"/>
    <link:loc xlink:type="locator" xlink:href="../../../cor/ic/siconfi-cor_2020-12-31.xsd#siconfi-cor_RestosAPagarNaoProcessadosInscritosEmExerciciosAnteriores" xlink:label="RestosAPagarNaoProcessadosInscritosEmExerciciosAnteriores" xlink:title="RestosAPagarNaoProcessadosInscritosEmExerciciosAnteriores"/>
    <link:definitionArc xlink:type="arc" xlink:arcrole="http://xbrl.org/int/dim/arcrole/domain-member" xlink:from="RestosAPagarNaoProcessadosInscritosAbstract" xlink:to="RestosAPagarNaoProcessadosInscritosEmExerciciosAnteriores" xlink:title="definition: RestosAPagarNaoProcessadosInscritosAbstract to RestosAPagarNaoProcessadosInscritosEmExerciciosAnteriores" order="1.0"/>
    <link:loc xlink:type="locator" xlink:href="../../../cor/ic/siconfi-cor_2020-12-31.xsd#siconfi-cor_RestosAPagarNaoProcessadosInscritosEmExercicioAnterior" xlink:label="RestosAPagarNaoProcessadosInscritosEmExercicioAnterior" xlink:title="RestosAPagarNaoProcessadosInscritosEmExercicioAnterior"/>
    <link:definitionArc xlink:type="arc" xlink:arcrole="http://xbrl.org/int/dim/arcrole/domain-member" xlink:from="RestosAPagarNaoProcessadosInscritosAbstract" xlink:to="RestosAPagarNaoProcessadosInscritosEmExercicioAnterior" xlink:title="definition: RestosAPagarNaoProcessadosInscritosAbstract to RestosAPagarNaoProcessadosInscritosEmExercicioAnterior" order="2.0"/>
    <link:loc xlink:type="locator" xlink:href="../../../cor/ic/siconfi-cor_2020-12-31.xsd#siconfi-cor_RestosAPagarNaoProcessadosLiquidados" xlink:label="RestosAPagarNaoProcessadosLiquidados" xlink:title="RestosAPagarNaoProcessadosLiquidados"/>
    <link:definitionArc xlink:type="arc" xlink:arcrole="http://xbrl.org/int/dim/arcrole/domain-member" xlink:from="RestosAPagarNaoProcessadosAbstract" xlink:to="RestosAPagarNaoProcessadosLiquidados" xlink:title="definition: RestosAPagarNaoProcessadosAbstract to RestosAPagarNaoProcessadosLiquidados" order="2.0"/>
    <link:loc xlink:type="locator" xlink:href="../../../cor/ic/siconfi-cor_2020-12-31.xsd#siconfi-cor_RestosAPagarNaoProcessadosPagos" xlink:label="RestosAPagarNaoProcessadosPagos" xlink:title="RestosAPagarNaoProcessadosPagos"/>
    <link:definitionArc xlink:type="arc" xlink:arcrole="http://xbrl.org/int/dim/arcrole/domain-member" xlink:from="RestosAPagarNaoProcessadosAbstract" xlink:to="RestosAPagarNaoProcessadosPagos" xlink:title="definition: RestosAPagarNaoProcessadosAbstract to RestosAPagarNaoProcessadosPagos" order="3.0"/>
    <link:loc xlink:type="locator" xlink:href="../../../cor/ic/siconfi-cor_2020-12-31.xsd#siconfi-cor_RestosAPagarNaoProcessadosCancelados" xlink:label="RestosAPagarNaoProcessadosCancelados" xlink:title="RestosAPagarNaoProcessadosCancelados"/>
    <link:definitionArc xlink:type="arc" xlink:arcrole="http://xbrl.org/int/dim/arcrole/domain-member" xlink:from="RestosAPagarNaoProcessadosAbstract" xlink:to="RestosAPagarNaoProcessadosCancelados" xlink:title="definition: RestosAPagarNaoProcessadosAbstract to RestosAPagarNaoProcessadosCancelados" order="4.0"/>
    <link:loc xlink:type="locator" xlink:href="../../../cor/ic/siconfi-cor_2020-12-31.xsd#siconfi-cor_RestosAPagarNaoProcessadosAPagar" xlink:label="RestosAPagarNaoProcessadosAPagar" xlink:title="RestosAPagarNaoProcessadosAPagar"/>
    <link:definitionArc xlink:type="arc" xlink:arcrole="http://xbrl.org/int/dim/arcrole/domain-member" xlink:from="RestosAPagarNaoProcessadosAbstract" xlink:to="RestosAPagarNaoProcessadosAPagar" xlink:title="definition: RestosAPagarNaoProcessadosAbstract to RestosAPagarNaoProcessadosAPagar" order="5.0"/>
    <link:loc xlink:type="locator" xlink:href="../../../cor/ic/siconfi-cor_2020-12-31.xsd#siconfi-cor_SaldoTotal" xlink:label="SaldoTotal" xlink:title="SaldoTotal"/>
    <link:definitionArc xlink:type="arc" xlink:arcrole="http://xbrl.org/int/dim/arcrole/domain-member" xlink:from="PoderOrgaoLineItems" xlink:to="SaldoTotal" xlink:title="definition: PoderOrgaoLineItems to SaldoTotal" order="3.0"/>
    <link:loc xlink:type="locator" xlink:href="siconfi-rreo-anexo7uniao_2020-12-31.xsd#siconfi-rreo-anexo7uniao_PoderOrgaoTable" xlink:label="PoderOrgaoTable" xlink:title="PoderOrgaoTable"/>
    <link:definitionArc xlink:type="arc" xlink:arcrole="http://xbrl.org/int/dim/arcrole/all" xlink:from="PoderOrgaoAbstract" xlink:to="PoderOrgaoTable" xlink:title="definition: PoderOrgaoAbstract to PoderOrgaoTable" order="2.0" xbrldt:contextElement="segment" xbrldt:closed="true"/>
    <link:loc xlink:type="locator" xlink:href="../../../cor/dim/siconfi-dim_2020-12-31.xsd#siconfi-dim_PoderOrgaosAxis" xlink:label="PoderOrgaosAxis" xlink:title="PoderOrgaosAxis"/>
    <link:definitionArc xlink:type="arc" xlink:arcrole="http://xbrl.org/int/dim/arcrole/hypercube-dimension" xlink:from="PoderOrgaoTable" xlink:to="PoderOrgaosAxis" xlink:title="definition: PoderOrgaoTable to PoderOrgaosAxis" order="1.0"/>
    <link:loc xlink:type="locator" xlink:href="../../../cor/dim/siconfi-dim_2020-12-31.xsd#siconfi-dim_ExcetoIntraOrcamentarioMember" xlink:label="ExcetoIntraOrcamentarioMember" xlink:title="ExcetoIntraOrcamentarioMember"/>
    <link:definitionArc xlink:type="arc" xlink:arcrole="http://xbrl.org/int/dim/arcrole/dimension-domain" xlink:from="PoderOrgaosAxis" xlink:to="ExcetoIntraOrcamentarioMember" xlink:title="definition: PoderOrgaosAxis to ExcetoIntraOrcamentarioMember" order="1.0"/>
    <link:loc xlink:type="locator" xlink:href="../../../cor/dim/siconfi-dim_2020-12-31.xsd#siconfi-dim_ExecutivoMember" xlink:label="ExecutivoMember" xlink:title="ExecutivoMember"/>
    <link:definitionArc xlink:type="arc" xlink:arcrole="http://xbrl.org/int/dim/arcrole/domain-member" xlink:from="ExcetoIntraOrcamentarioMember" xlink:to="ExecutivoMember" xlink:title="definition: ExcetoIntraOrcamentarioMember to ExecutivoMember" order="1.0"/>
    <link:loc xlink:type="locator" xlink:href="../../../cor/dim/siconfi-dim_2020-12-31.xsd#siconfi-dim_LegislativoMember" xlink:label="LegislativoMember" xlink:title="LegislativoMember"/>
    <link:definitionArc xlink:type="arc" xlink:arcrole="http://xbrl.org/int/dim/arcrole/domain-member" xlink:from="ExcetoIntraOrcamentarioMember" xlink:to="LegislativoMember" xlink:title="definition: ExcetoIntraOrcamentarioMember to LegislativoMember" order="2.0"/>
    <link:loc xlink:type="locator" xlink:href="../../../cor/dim/siconfi-dim_2020-12-31.xsd#siconfi-dim_CamaraDosDeputadosMember" xlink:label="CamaraDosDeputadosMember" xlink:title="CamaraDosDeputadosMember"/>
    <link:definitionArc xlink:type="arc" xlink:arcrole="http://xbrl.org/int/dim/arcrole/domain-member" xlink:from="LegislativoMember" xlink:to="CamaraDosDeputadosMember" xlink:title="definition: LegislativoMember to CamaraDosDeputadosMember" order="1.0"/>
    <link:loc xlink:type="locator" xlink:href="../../../cor/dim/siconfi-dim_2020-12-31.xsd#siconfi-dim_SenadoFederalMember" xlink:label="SenadoFederalMember" xlink:title="SenadoFederalMember"/>
    <link:definitionArc xlink:type="arc" xlink:arcrole="http://xbrl.org/int/dim/arcrole/domain-member" xlink:from="LegislativoMember" xlink:to="SenadoFederalMember" xlink:title="definition: LegislativoMember to SenadoFederalMember" order="2.0"/>
    <link:loc xlink:type="locator" xlink:href="../../../cor/dim/siconfi-dim_2020-12-31.xsd#siconfi-dim_TribunalDeContasDaUniaoMember" xlink:label="TribunalDeContasDaUniaoMember" xlink:title="TribunalDeContasDaUniaoMember"/>
    <link:definitionArc xlink:type="arc" xlink:arcrole="http://xbrl.org/int/dim/arcrole/domain-member" xlink:from="LegislativoMember" xlink:to="TribunalDeContasDaUniaoMember" xlink:title="definition: LegislativoMember to TribunalDeContasDaUniaoMember" order="3.0"/>
    <link:loc xlink:type="locator" xlink:href="../../../cor/dim/siconfi-dim_2020-12-31.xsd#siconfi-dim_JudiciarioMember" xlink:label="JudiciarioMember" xlink:title="JudiciarioMember"/>
    <link:definitionArc xlink:type="arc" xlink:arcrole="http://xbrl.org/int/dim/arcrole/domain-member" xlink:from="ExcetoIntraOrcamentarioMember" xlink:to="JudiciarioMember" xlink:title="definition: ExcetoIntraOrcamentarioMember to JudiciarioMember" order="3.0"/>
    <link:loc xlink:type="locator" xlink:href="../../../cor/dim/siconfi-dim_2020-12-31.xsd#siconfi-dim_SupremoTribunalFederalMember" xlink:label="SupremoTribunalFederalMember" xlink:title="SupremoTribunalFederalMember"/>
    <link:definitionArc xlink:type="arc" xlink:arcrole="http://xbrl.org/int/dim/arcrole/domain-member" xlink:from="JudiciarioMember" xlink:to="SupremoTribunalFederalMember" xlink:title="definition: JudiciarioMember to SupremoTribunalFederalMember" order="1.0"/>
    <link:loc xlink:type="locator" xlink:href="../../../cor/dim/siconfi-dim_2020-12-31.xsd#siconfi-dim_SuperiorTribunalDeJusticaMember" xlink:label="SuperiorTribunalDeJusticaMember" xlink:title="SuperiorTribunalDeJusticaMember"/>
    <link:definitionArc xlink:type="arc" xlink:arcrole="http://xbrl.org/int/dim/arcrole/domain-member" xlink:from="JudiciarioMember" xlink:to="SuperiorTribunalDeJusticaMember" xlink:title="definition: JudiciarioMember to SuperiorTribunalDeJusticaMember" order="2.0"/>
    <link:loc xlink:type="locator" xlink:href="../../../cor/dim/siconfi-dim_2020-12-31.xsd#siconfi-dim_JusticaFederalMember" xlink:label="JusticaFederalMember" xlink:title="JusticaFederalMember"/>
    <link:definitionArc xlink:type="arc" xlink:arcrole="http://xbrl.org/int/dim/arcrole/domain-member" xlink:from="JudiciarioMember" xlink:to="JusticaFederalMember" xlink:title="definition: JudiciarioMember to JusticaFederalMember" order="3.0"/>
    <link:loc xlink:type="locator" xlink:href="../../../cor/dim/siconfi-dim_2020-12-31.xsd#siconfi-dim_JusticaMilitarMember" xlink:label="JusticaMilitarMember" xlink:title="JusticaMilitarMember"/>
    <link:definitionArc xlink:type="arc" xlink:arcrole="http://xbrl.org/int/dim/arcrole/domain-member" xlink:from="JudiciarioMember" xlink:to="JusticaMilitarMember" xlink:title="definition: JudiciarioMember to JusticaMilitarMember" order="4.0"/>
    <link:loc xlink:type="locator" xlink:href="../../../cor/dim/siconfi-dim_2020-12-31.xsd#siconfi-dim_JusticaEleitoralMember" xlink:label="JusticaEleitoralMember" xlink:title="JusticaEleitoralMember"/>
    <link:definitionArc xlink:type="arc" xlink:arcrole="http://xbrl.org/int/dim/arcrole/domain-member" xlink:from="JudiciarioMember" xlink:to="JusticaEleitoralMember" xlink:title="definition: JudiciarioMember to JusticaEleitoralMember" order="5.0"/>
    <link:loc xlink:type="locator" xlink:href="../../../cor/dim/siconfi-dim_2020-12-31.xsd#siconfi-dim_JusticaDoTrabalhoMember" xlink:label="JusticaDoTrabalhoMember" xlink:title="JusticaDoTrabalhoMember"/>
    <link:definitionArc xlink:type="arc" xlink:arcrole="http://xbrl.org/int/dim/arcrole/domain-member" xlink:from="JudiciarioMember" xlink:to="JusticaDoTrabalhoMember" xlink:title="definition: JudiciarioMember to JusticaDoTrabalhoMember" order="6.0"/>
    <link:loc xlink:type="locator" xlink:href="../../../cor/dim/siconfi-dim_2020-12-31.xsd#siconfi-dim_JusticaDoDistritoFederalETerritoriosMember" xlink:label="JusticaDoDistritoFederalETerritoriosMember" xlink:title="JusticaDoDistritoFederalETerritoriosMember"/>
    <link:definitionArc xlink:type="arc" xlink:arcrole="http://xbrl.org/int/dim/arcrole/domain-member" xlink:from="JudiciarioMember" xlink:to="JusticaDoDistritoFederalETerritoriosMember" xlink:title="definition: JudiciarioMember to JusticaDoDistritoFederalETerritoriosMember" order="7.0"/>
    <link:loc xlink:type="locator" xlink:href="../../../cor/dim/siconfi-dim_2020-12-31.xsd#siconfi-dim_ConselhoNacionalDeJusticaMember" xlink:label="ConselhoNacionalDeJusticaMember" xlink:title="ConselhoNacionalDeJusticaMember"/>
    <link:definitionArc xlink:type="arc" xlink:arcrole="http://xbrl.org/int/dim/arcrole/domain-member" xlink:from="JudiciarioMember" xlink:to="ConselhoNacionalDeJusticaMember" xlink:title="definition: JudiciarioMember to ConselhoNacionalDeJusticaMember" order="8.0"/>
    <link:loc xlink:type="locator" xlink:href="../../../cor/dim/siconfi-dim_2020-12-31.xsd#siconfi-dim_MinisterioPublicoMember" xlink:label="MinisterioPublicoMember" xlink:title="MinisterioPublicoMember"/>
    <link:definitionArc xlink:type="arc" xlink:arcrole="http://xbrl.org/int/dim/arcrole/domain-member" xlink:from="ExcetoIntraOrcamentarioMember" xlink:to="MinisterioPublicoMember" xlink:title="definition: ExcetoIntraOrcamentarioMember to MinisterioPublicoMember" order="4.0"/>
    <link:loc xlink:type="locator" xlink:href="../../../cor/dim/siconfi-dim_2020-12-31.xsd#siconfi-dim_MinisterioPublicoDaUniaoMember" xlink:label="MinisterioPublicoDaUniaoMember" xlink:title="MinisterioPublicoDaUniaoMember"/>
    <link:definitionArc xlink:type="arc" xlink:arcrole="http://xbrl.org/int/dim/arcrole/domain-member" xlink:from="MinisterioPublicoMember" xlink:to="MinisterioPublicoDaUniaoMember" xlink:title="definition: MinisterioPublicoMember to MinisterioPublicoDaUniaoMember" order="1.0"/>
    <link:loc xlink:type="locator" xlink:href="../../../cor/dim/siconfi-dim_2020-12-31.xsd#siconfi-dim_ConselhoNacionalDoMinisterioPublicoMember" xlink:label="ConselhoNacionalDoMinisterioPublicoMember" xlink:title="ConselhoNacionalDoMinisterioPublicoMember"/>
    <link:definitionArc xlink:type="arc" xlink:arcrole="http://xbrl.org/int/dim/arcrole/domain-member" xlink:from="MinisterioPublicoMember" xlink:to="ConselhoNacionalDoMinisterioPublicoMember" xlink:title="definition: MinisterioPublicoMember to ConselhoNacionalDoMinisterioPublicoMember" order="3.0"/>
    <link:loc xlink:type="locator" xlink:href="../../../cor/dim/siconfi-dim_2020-12-31.xsd#siconfi-dim_DefensoriaPublicaMember" xlink:label="DefensoriaPublicaMember" xlink:title="DefensoriaPublicaMember"/>
    <link:definitionArc xlink:type="arc" xlink:arcrole="http://xbrl.org/int/dim/arcrole/domain-member" xlink:from="ExcetoIntraOrcamentarioMember" xlink:to="DefensoriaPublicaMember" xlink:title="definition: ExcetoIntraOrcamentarioMember to DefensoriaPublicaMember" order="5.0"/>
    <link:loc xlink:type="locator" xlink:href="../../../cor/dim/siconfi-dim_2020-12-31.xsd#siconfi-dim_IntraOrcamentarioMember" xlink:label="IntraOrcamentarioMember" xlink:title="IntraOrcamentarioMember"/>
    <link:definitionArc xlink:type="arc" xlink:arcrole="http://xbrl.org/int/dim/arcrole/dimension-domain" xlink:from="PoderOrgaosAxis" xlink:to="IntraOrcamentarioMember" xlink:title="definition: PoderOrgaosAxis to IntraOrcamentarioMember" order="2.0"/>
    <link:loc xlink:type="locator" xlink:href="../../../cor/dim/siconfi-dim_2020-12-31.xsd#siconfi-dim_TotalMember" xlink:label="TotalMember" xlink:title="TotalMember"/>
    <link:definitionArc xlink:type="arc" xlink:arcrole="http://xbrl.org/int/dim/arcrole/dimension-domain" xlink:from="PoderOrgaosAxis" xlink:to="TotalMember" xlink:title="definition: PoderOrgaosAxis to TotalMember" order="3.0"/>
  </link:definitionLink>
  <link:definitionLink xlink:type="extended" xlink:role="http://fazenda.gov.br/siconfi/rep/rreo/anexo7uniao/siconfi-rreo-anexo7-tabela7.2B">
    <link:loc xlink:type="locator" xlink:href="siconfi-rreo-anexo7uniao_2020-12-31.xsd#siconfi-rreo-anexo7uniao_PoderOrgaoIntraAbstract" xlink:label="PoderOrgaoIntraAbstract" xlink:title="PoderOrgaoIntraAbstract"/>
    <link:loc xlink:type="locator" xlink:href="siconfi-rreo-anexo7uniao_2020-12-31.xsd#siconfi-rreo-anexo7uniao_PoderOrgaoLineIntraItems" xlink:label="PoderOrgaoLineIntraItems" xlink:title="PoderOrgaoLineIntraItems"/>
    <link:definitionArc xlink:type="arc" xlink:arcrole="http://xbrl.org/int/dim/arcrole/domain-member" xlink:from="PoderOrgaoIntraAbstract" xlink:to="PoderOrgaoLineIntraItems" xlink:title="definition: PoderOrgaoIntraAbstract to PoderOrgaoLineIntraItems" order="1.0"/>
    <link:loc xlink:type="locator" xlink:href="siconfi-rreo-anexo7uniao_2020-12-31.xsd#siconfi-rreo-anexo7uniao_RestosAPagarProcessadosIntraAbstract" xlink:label="RestosAPagarProcessadosENaoProcessadosLiquidadosEmExerciciosAnterioresIntraAbstract" xlink:title="RestosAPagarProcessadosENaoProcessadosLiquidadosEmExerciciosAnterioresIntraAbstract"/>
    <link:definitionArc xlink:type="arc" xlink:arcrole="http://xbrl.org/int/dim/arcrole/domain-member" xlink:from="PoderOrgaoLineIntraItems" xlink:to="RestosAPagarProcessadosENaoProcessadosLiquidadosEmExerciciosAnterioresIntraAbstract" xlink:title="definition: PoderOrgaoLineIntraItems to RestosAPagarProcessadosENaoProcessadosLiquidadosEmExerciciosAnterioresIntraAbstract" order="1.0"/>
    <link:loc xlink:type="locator" xlink:href="siconfi-rreo-anexo7uniao_2020-12-31.xsd#siconfi-rreo-anexo7uniao_RestosAPagarProcessadosENaoProcessadosLiquidadosInscritosIntraAbstract" xlink:label="RestosAPagarProcessadosENaoProcessadosLiquidadosInscritosIntraAbstract" xlink:title="RestosAPagarProcessadosENaoProcessadosLiquidadosInscritosIntraAbstract"/>
    <link:definitionArc xlink:type="arc" xlink:arcrole="http://xbrl.org/int/dim/arcrole/domain-member" xlink:from="RestosAPagarProcessadosENaoProcessadosLiquidadosEmExerciciosAnterioresIntraAbstract" xlink:to="RestosAPagarProcessadosENaoProcessadosLiquidadosInscritosIntraAbstract" xlink:title="definition: RestosAPagarProcessadosENaoProcessadosLiquidadosEmExerciciosAnterioresIntraAbstract to RestosAPagarProcessadosENaoProcessadosLiquidadosInscritosIntraAbstract" order="1.0"/>
    <link:loc xlink:type="locator" xlink:href="../../../cor/ic/siconfi-cor_2020-12-31.xsd#siconfi-cor_RestosAPagarProcessadosENaoProcessadosLiquidadosInscritosEmExerciciosAnterioresIntra" xlink:label="RestosAPagarProcessadosENaoProcessadosLiquidadosInscritosEmExerciciosAnterioresIntra" xlink:title="RestosAPagarProcessadosENaoProcessadosLiquidadosInscritosEmExerciciosAnterioresIntra"/>
    <link:definitionArc xlink:type="arc" xlink:arcrole="http://xbrl.org/int/dim/arcrole/domain-member" xlink:from="RestosAPagarProcessadosENaoProcessadosLiquidadosInscritosIntraAbstract" xlink:to="RestosAPagarProcessadosENaoProcessadosLiquidadosInscritosEmExerciciosAnterioresIntra" xlink:title="definition: RestosAPagarProcessadosENaoProcessadosLiquidadosInscritosIntraAbstract to RestosAPagarProcessadosENaoProcessadosLiquidadosInscritosEmExerciciosAnterioresIntra" order="1.0"/>
    <link:loc xlink:type="locator" xlink:href="../../../cor/ic/siconfi-cor_2020-12-31.xsd#siconfi-cor_RestosAPagarProcessadosENaoProcessadosLiquidadosInscritosEmExercicioAnteriorIntra" xlink:label="RestosAPagarProcessadosENaoProcessadosLiquidadosInscritosEmExercicioAnteriorIntra" xlink:title="RestosAPagarProcessadosENaoProcessadosLiquidadosInscritosEmExercicioAnteriorIntra"/>
    <link:definitionArc xlink:type="arc" xlink:arcrole="http://xbrl.org/int/dim/arcrole/domain-member" xlink:from="RestosAPagarProcessadosENaoProcessadosLiquidadosInscritosIntraAbstract" xlink:to="RestosAPagarProcessadosENaoProcessadosLiquidadosInscritosEmExercicioAnteriorIntra" xlink:title="definition: RestosAPagarProcessadosENaoProcessadosLiquidadosInscritosIntraAbstract to RestosAPagarProcessadosENaoProcessadosLiquidadosInscritosEmExercicioAnteriorIntra" order="2.0"/>
    <link:loc xlink:type="locator" xlink:href="../../../cor/ic/siconfi-cor_2020-12-31.xsd#siconfi-cor_RestosAPagarProcessadosENaoProcessadosLiquidadosPagosIntra" xlink:label="RestosAPagarProcessadosENaoProcessadosLiquidadosPagosIntra" xlink:title="RestosAPagarProcessadosENaoProcessadosLiquidadosPagosIntra"/>
    <link:definitionArc xlink:type="arc" xlink:arcrole="http://xbrl.org/int/dim/arcrole/domain-member" xlink:from="RestosAPagarProcessadosENaoProcessadosLiquidadosEmExerciciosAnterioresIntraAbstract" xlink:to="RestosAPagarProcessadosENaoProcessadosLiquidadosPagosIntra" xlink:title="definition: RestosAPagarProcessadosENaoProcessadosLiquidadosEmExerciciosAnterioresIntraAbstract to RestosAPagarProcessadosENaoProcessadosLiquidadosPagosIntra" order="2.0"/>
    <link:loc xlink:type="locator" xlink:href="../../../cor/ic/siconfi-cor_2020-12-31.xsd#siconfi-cor_RestosAPagarProcessadosENaoProcessadosLiquidadosCanceladosIntra" xlink:label="RestosAPagarProcessadosENaoProcessadosLiquidadosCanceladosIntra" xlink:title="RestosAPagarProcessadosENaoProcessadosLiquidadosCanceladosIntra"/>
    <link:definitionArc xlink:type="arc" xlink:arcrole="http://xbrl.org/int/dim/arcrole/domain-member" xlink:from="RestosAPagarProcessadosENaoProcessadosLiquidadosEmExerciciosAnterioresIntraAbstract" xlink:to="RestosAPagarProcessadosENaoProcessadosLiquidadosCanceladosIntra" xlink:title="definition: RestosAPagarProcessadosENaoProcessadosLiquidadosEmExerciciosAnterioresIntraAbstract to RestosAPagarProcessadosENaoProcessadosLiquidadosCanceladosIntra" order="3.0"/>
    <link:loc xlink:type="locator" xlink:href="../../../cor/ic/siconfi-cor_2020-12-31.xsd#siconfi-cor_RestosAPagarProcessadosENaoProcessadosLiquidadosAPagarIntra" xlink:label="RestosAPagarProcessadosENaoProcessadosLiquidadosAPagarIntra" xlink:title="RestosAPagarProcessadosENaoProcessadosLiquidadosAPagarIntra"/>
    <link:definitionArc xlink:type="arc" xlink:arcrole="http://xbrl.org/int/dim/arcrole/domain-member" xlink:from="RestosAPagarProcessadosENaoProcessadosLiquidadosEmExerciciosAnterioresIntraAbstract" xlink:to="RestosAPagarProcessadosENaoProcessadosLiquidadosAPagarIntra" xlink:title="definition: RestosAPagarProcessadosENaoProcessadosLiquidadosEmExerciciosAnterioresIntraAbstract to RestosAPagarProcessadosENaoProcessadosLiquidadosAPagarIntra" order="4.0"/>
    <link:loc xlink:type="locator" xlink:href="siconfi-rreo-anexo7uniao_2020-12-31.xsd#siconfi-rreo-anexo7uniao_RestosAPagarNaoProcessadosIntraAbstract" xlink:label="RestosAPagarNaoProcessadosIntraAbstract" xlink:title="RestosAPagarNaoProcessadosIntraAbstract"/>
    <link:definitionArc xlink:type="arc" xlink:arcrole="http://xbrl.org/int/dim/arcrole/domain-member" xlink:from="PoderOrgaoLineIntraItems" xlink:to="RestosAPagarNaoProcessadosIntraAbstract" xlink:title="definition: PoderOrgaoLineIntraItems to RestosAPagarNaoProcessadosIntraAbstract" order="2.0"/>
    <link:loc xlink:type="locator" xlink:href="siconfi-rreo-anexo7uniao_2020-12-31.xsd#siconfi-rreo-anexo7uniao_RestosAPagarNaoProcessadosInscritosIntraAbstract" xlink:label="RestosAPagarNaoProcessadosInscritosIntraAbstract" xlink:title="RestosAPagarNaoProcessadosInscritosIntraAbstract"/>
    <link:definitionArc xlink:type="arc" xlink:arcrole="http://xbrl.org/int/dim/arcrole/domain-member" xlink:from="RestosAPagarNaoProcessadosIntraAbstract" xlink:to="RestosAPagarNaoProcessadosInscritosIntraAbstract" xlink:title="definition: RestosAPagarNaoProcessadosIntraAbstract to RestosAPagarNaoProcessadosInscritosIntraAbstract" order="1.0"/>
    <link:loc xlink:type="locator" xlink:href="../../../cor/ic/siconfi-cor_2020-12-31.xsd#siconfi-cor_RestosAPagarNaoProcessadosInscritosEmExerciciosAnterioresIntra" xlink:label="RestosAPagarNaoProcessadosInscritosEmExerciciosAnterioresIntra" xlink:title="RestosAPagarNaoProcessadosInscritosEmExerciciosAnterioresIntra"/>
    <link:definitionArc xlink:type="arc" xlink:arcrole="http://xbrl.org/int/dim/arcrole/domain-member" xlink:from="RestosAPagarNaoProcessadosInscritosIntraAbstract" xlink:to="RestosAPagarNaoProcessadosInscritosEmExerciciosAnterioresIntra" xlink:title="definition: RestosAPagarNaoProcessadosInscritosIntraAbstract to RestosAPagarNaoProcessadosInscritosEmExerciciosAnterioresIntra" order="1.0"/>
    <link:loc xlink:type="locator" xlink:href="../../../cor/ic/siconfi-cor_2020-12-31.xsd#siconfi-cor_RestosAPagarNaoProcessadosInscritosEmExercicioAnteriorIntra" xlink:label="RestosAPagarNaoProcessadosInscritosEmExercicioAnteriorIntra" xlink:title="RestosAPagarNaoProcessadosInscritosEmExercicioAnteriorIntra"/>
    <link:definitionArc xlink:type="arc" xlink:arcrole="http://xbrl.org/int/dim/arcrole/domain-member" xlink:from="RestosAPagarNaoProcessadosInscritosIntraAbstract" xlink:to="RestosAPagarNaoProcessadosInscritosEmExercicioAnteriorIntra" xlink:title="definition: RestosAPagarNaoProcessadosInscritosIntraAbstract to RestosAPagarNaoProcessadosInscritosEmExercicioAnteriorIntra" order="2.0"/>
    <link:loc xlink:type="locator" xlink:href="../../../cor/ic/siconfi-cor_2020-12-31.xsd#siconfi-cor_RestosAPagarNaoProcessadosLiquidadosIntra" xlink:label="RestosAPagarNaoProcessadosLiquidadosIntra" xlink:title="RestosAPagarNaoProcessadosLiquidadosIntra"/>
    <link:definitionArc xlink:type="arc" xlink:arcrole="http://xbrl.org/int/dim/arcrole/domain-member" xlink:from="RestosAPagarNaoProcessadosIntraAbstract" xlink:to="RestosAPagarNaoProcessadosLiquidadosIntra" xlink:title="definition: RestosAPagarNaoProcessadosIntraAbstract to RestosAPagarNaoProcessadosLiquidadosIntra" order="2.0"/>
    <link:loc xlink:type="locator" xlink:href="../../../cor/ic/siconfi-cor_2020-12-31.xsd#siconfi-cor_RestosAPagarNaoProcessadosPagosIntra" xlink:label="RestosAPagarNaoProcessadosPagosIntra" xlink:title="RestosAPagarNaoProcessadosPagosIntra"/>
    <link:definitionArc xlink:type="arc" xlink:arcrole="http://xbrl.org/int/dim/arcrole/domain-member" xlink:from="RestosAPagarNaoProcessadosIntraAbstract" xlink:to="RestosAPagarNaoProcessadosPagosIntra" xlink:title="definition: RestosAPagarNaoProcessadosIntraAbstract to RestosAPagarNaoProcessadosPagosIntra" order="3.0"/>
    <link:loc xlink:type="locator" xlink:href="../../../cor/ic/siconfi-cor_2020-12-31.xsd#siconfi-cor_RestosAPagarNaoProcessadosCanceladosIntra" xlink:label="RestosAPagarNaoProcessadosCanceladosIntra" xlink:title="RestosAPagarNaoProcessadosCanceladosIntra"/>
    <link:definitionArc xlink:type="arc" xlink:arcrole="http://xbrl.org/int/dim/arcrole/domain-member" xlink:from="RestosAPagarNaoProcessadosIntraAbstract" xlink:to="RestosAPagarNaoProcessadosCanceladosIntra" xlink:title="definition: RestosAPagarNaoProcessadosIntraAbstract to RestosAPagarNaoProcessadosCanceladosIntra" order="4.0"/>
    <link:loc xlink:type="locator" xlink:href="../../../cor/ic/siconfi-cor_2020-12-31.xsd#siconfi-cor_RestosAPagarNaoProcessadosAPagarIntra" xlink:label="RestosAPagarNaoProcessadosAPagarIntra" xlink:title="RestosAPagarNaoProcessadosAPagarIntra"/>
    <link:definitionArc xlink:type="arc" xlink:arcrole="http://xbrl.org/int/dim/arcrole/domain-member" xlink:from="RestosAPagarNaoProcessadosIntraAbstract" xlink:to="RestosAPagarNaoProcessadosAPagarIntra" xlink:title="definition: RestosAPagarNaoProcessadosIntraAbstract to RestosAPagarNaoProcessadosAPagarIntra" order="5.0"/>
    <link:loc xlink:type="locator" xlink:href="../../../cor/ic/siconfi-cor_2020-12-31.xsd#siconfi-cor_SaldoTotalIntra" xlink:label="SaldoTotalIntra" xlink:title="SaldoTotalIntra"/>
    <link:definitionArc xlink:type="arc" xlink:arcrole="http://xbrl.org/int/dim/arcrole/domain-member" xlink:from="PoderOrgaoLineIntraItems" xlink:to="SaldoTotalIntra" xlink:title="definition: PoderOrgaoLineIntraItems to SaldoTotalIntra" order="3.0"/>
    <link:loc xlink:type="locator" xlink:href="siconfi-rreo-anexo7uniao_2020-12-31.xsd#siconfi-rreo-anexo7uniao_PoderOrgaoIntraTable" xlink:label="PoderOrgaoIntraTable" xlink:title="PoderOrgaoIntraTable"/>
    <link:definitionArc xlink:type="arc" xlink:arcrole="http://xbrl.org/int/dim/arcrole/all" xlink:from="PoderOrgaoIntraAbstract" xlink:to="PoderOrgaoIntraTable" xlink:title="definition: PoderOrgaoIntraAbstract to PoderOrgaoIntraTable" order="2.0" xbrldt:contextElement="segment" xbrldt:closed="true"/>
    <link:loc xlink:type="locator" xlink:href="../../../cor/dim/siconfi-dim_2020-12-31.xsd#siconfi-dim_PoderOrgaosIntraAxis" xlink:label="PoderOrgaosIntraAxis" xlink:title="PoderOrgaosIntraAxis"/>
    <link:definitionArc xlink:type="arc" xlink:arcrole="http://xbrl.org/int/dim/arcrole/hypercube-dimension" xlink:from="PoderOrgaoIntraTable" xlink:to="PoderOrgaosIntraAxis" xlink:title="definition: PoderOrgaoIntraTable to PoderOrgaosIntraAxis" order="1.0"/>
    <link:loc xlink:type="locator" xlink:href="../../../cor/dim/siconfi-dim_2020-12-31.xsd#siconfi-dim_IntraOrcamentario2Member" xlink:label="IntraOrcamentario2Member" xlink:title="IntraOrcamentario2Member"/>
    <link:definitionArc xlink:type="arc" xlink:arcrole="http://xbrl.org/int/dim/arcrole/dimension-domain" xlink:from="PoderOrgaosIntraAxis" xlink:to="IntraOrcamentario2Member" xlink:title="definition: PoderOrgaosIntraAxis to IntraOrcamentario2Member" order="1.0"/>
    <link:loc xlink:type="locator" xlink:href="../../../cor/dim/siconfi-dim_2020-12-31.xsd#siconfi-dim_ExecutivoIntraMember" xlink:label="ExecutivoIntraMember" xlink:title="ExecutivoIntraMember"/>
    <link:definitionArc xlink:type="arc" xlink:arcrole="http://xbrl.org/int/dim/arcrole/domain-member" xlink:from="IntraOrcamentario2Member" xlink:to="ExecutivoIntraMember" xlink:title="definition: IntraOrcamentario2Member to ExecutivoIntraMember" order="1.0"/>
    <link:loc xlink:type="locator" xlink:href="../../../cor/dim/siconfi-dim_2020-12-31.xsd#siconfi-dim_LegislativoIntraMember" xlink:label="LegislativoIntraMember" xlink:title="LegislativoIntraMember"/>
    <link:definitionArc xlink:type="arc" xlink:arcrole="http://xbrl.org/int/dim/arcrole/domain-member" xlink:from="IntraOrcamentario2Member" xlink:to="LegislativoIntraMember" xlink:title="definition: IntraOrcamentario2Member to LegislativoIntraMember" order="2.0"/>
    <link:loc xlink:type="locator" xlink:href="../../../cor/dim/siconfi-dim_2020-12-31.xsd#siconfi-dim_CamaraDosDeputadosIntraMember" xlink:label="CamaraDosDeputadosIntraMember" xlink:title="CamaraDosDeputadosIntraMember"/>
    <link:definitionArc xlink:type="arc" xlink:arcrole="http://xbrl.org/int/dim/arcrole/domain-member" xlink:from="LegislativoIntraMember" xlink:to="CamaraDosDeputadosIntraMember" xlink:title="definition: LegislativoIntraMember to CamaraDosDeputadosIntraMember" order="1.0"/>
    <link:loc xlink:type="locator" xlink:href="../../../cor/dim/siconfi-dim_2020-12-31.xsd#siconfi-dim_SenadoFederalIntraMember" xlink:label="SenadoFederalIntraMember" xlink:title="SenadoFederalIntraMember"/>
    <link:definitionArc xlink:type="arc" xlink:arcrole="http://xbrl.org/int/dim/arcrole/domain-member" xlink:from="LegislativoIntraMember" xlink:to="SenadoFederalIntraMember" xlink:title="definition: LegislativoIntraMember to SenadoFederalIntraMember" order="2.0"/>
    <link:loc xlink:type="locator" xlink:href="../../../cor/dim/siconfi-dim_2020-12-31.xsd#siconfi-dim_TribunalDeContasDaUniaoIntraMember" xlink:label="TribunalDeContasDaUniaoIntraMember" xlink:title="TribunalDeContasDaUniaoIntraMember"/>
    <link:definitionArc xlink:type="arc" xlink:arcrole="http://xbrl.org/int/dim/arcrole/domain-member" xlink:from="LegislativoIntraMember" xlink:to="TribunalDeContasDaUniaoIntraMember" xlink:title="definition: LegislativoIntraMember to TribunalDeContasDaUniaoIntraMember" order="3.0"/>
    <link:loc xlink:type="locator" xlink:href="../../../cor/dim/siconfi-dim_2020-12-31.xsd#siconfi-dim_JudiciarioIntraMember" xlink:label="JudiciarioIntraMember" xlink:title="JudiciarioIntraMember"/>
    <link:definitionArc xlink:type="arc" xlink:arcrole="http://xbrl.org/int/dim/arcrole/domain-member" xlink:from="IntraOrcamentario2Member" xlink:to="JudiciarioIntraMember" xlink:title="definition: IntraOrcamentario2Member to JudiciarioIntraMember" order="3.0"/>
    <link:loc xlink:type="locator" xlink:href="../../../cor/dim/siconfi-dim_2020-12-31.xsd#siconfi-dim_SupremoTribunalFederalIntraMember" xlink:label="SupremoTribunalFederalIntraMember" xlink:title="SupremoTribunalFederalIntraMember"/>
    <link:definitionArc xlink:type="arc" xlink:arcrole="http://xbrl.org/int/dim/arcrole/domain-member" xlink:from="JudiciarioIntraMember" xlink:to="SupremoTribunalFederalIntraMember" xlink:title="definition: JudiciarioIntraMember to SupremoTribunalFederalIntraMember" order="1.0"/>
    <link:loc xlink:type="locator" xlink:href="../../../cor/dim/siconfi-dim_2020-12-31.xsd#siconfi-dim_SuperiorTribunalDeJusticaIntraMember" xlink:label="SuperiorTribunalDeJusticaIntraMember" xlink:title="SuperiorTribunalDeJusticaIntraMember"/>
    <link:definitionArc xlink:type="arc" xlink:arcrole="http://xbrl.org/int/dim/arcrole/domain-member" xlink:from="JudiciarioIntraMember" xlink:to="SuperiorTribunalDeJusticaIntraMember" xlink:title="definition: JudiciarioIntraMember to SuperiorTribunalDeJusticaIntraMember" order="2.0"/>
    <link:loc xlink:type="locator" xlink:href="../../../cor/dim/siconfi-dim_2020-12-31.xsd#siconfi-dim_JusticaFederalIntraMember" xlink:label="JusticaFederalIntraMember" xlink:title="JusticaFederalIntraMember"/>
    <link:definitionArc xlink:type="arc" xlink:arcrole="http://xbrl.org/int/dim/arcrole/domain-member" xlink:from="JudiciarioIntraMember" xlink:to="JusticaFederalIntraMember" xlink:title="definition: JudiciarioIntraMember to JusticaFederalIntraMember" order="3.0"/>
    <link:loc xlink:type="locator" xlink:href="../../../cor/dim/siconfi-dim_2020-12-31.xsd#siconfi-dim_JusticaMilitarIntraMember" xlink:label="JusticaMilitarIntraMember" xlink:title="JusticaMilitarIntraMember"/>
    <link:definitionArc xlink:type="arc" xlink:arcrole="http://xbrl.org/int/dim/arcrole/domain-member" xlink:from="JudiciarioIntraMember" xlink:to="JusticaMilitarIntraMember" xlink:title="definition: JudiciarioIntraMember to JusticaMilitarIntraMember" order="4.0"/>
    <link:loc xlink:type="locator" xlink:href="../../../cor/dim/siconfi-dim_2020-12-31.xsd#siconfi-dim_JusticaEleitoralIntraMember" xlink:label="JusticaEleitoralIntraMember" xlink:title="JusticaEleitoralIntraMember"/>
    <link:definitionArc xlink:type="arc" xlink:arcrole="http://xbrl.org/int/dim/arcrole/domain-member" xlink:from="JudiciarioIntraMember" xlink:to="JusticaEleitoralIntraMember" xlink:title="definition: JudiciarioIntraMember to JusticaEleitoralIntraMember" order="5.0"/>
    <link:loc xlink:type="locator" xlink:href="../../../cor/dim/siconfi-dim_2020-12-31.xsd#siconfi-dim_JusticaDoTrabalhoIntraMember" xlink:label="JusticaDoTrabalhoIntraMember" xlink:title="JusticaDoTrabalhoIntraMember"/>
    <link:definitionArc xlink:type="arc" xlink:arcrole="http://xbrl.org/int/dim/arcrole/domain-member" xlink:from="JudiciarioIntraMember" xlink:to="JusticaDoTrabalhoIntraMember" xlink:title="definition: JudiciarioIntraMember to JusticaDoTrabalhoIntraMember" order="6.0"/>
    <link:loc xlink:type="locator" xlink:href="../../../cor/dim/siconfi-dim_2020-12-31.xsd#siconfi-dim_JusticaDoDistritoFederalETerritoriosIntraMember" xlink:label="JusticaDoDistritoFederalETerritoriosIntraMember" xlink:title="JusticaDoDistritoFederalETerritoriosIntraMember"/>
    <link:definitionArc xlink:type="arc" xlink:arcrole="http://xbrl.org/int/dim/arcrole/domain-member" xlink:from="JudiciarioIntraMember" xlink:to="JusticaDoDistritoFederalETerritoriosIntraMember" xlink:title="definition: JudiciarioIntraMember to JusticaDoDistritoFederalETerritoriosIntraMember" order="7.0"/>
    <link:loc xlink:type="locator" xlink:href="../../../cor/dim/siconfi-dim_2020-12-31.xsd#siconfi-dim_ConselhoNacionalDeJusticaIntraMember" xlink:label="ConselhoNacionalDeJusticaIntraMember" xlink:title="ConselhoNacionalDeJusticaIntraMember"/>
    <link:definitionArc xlink:type="arc" xlink:arcrole="http://xbrl.org/int/dim/arcrole/domain-member" xlink:from="JudiciarioIntraMember" xlink:to="ConselhoNacionalDeJusticaIntraMember" xlink:title="definition: JudiciarioIntraMember to ConselhoNacionalDeJusticaIntraMember" order="8.0"/>
    <link:loc xlink:type="locator" xlink:href="../../../cor/dim/siconfi-dim_2020-12-31.xsd#siconfi-dim_MinisterioPublicoIntraMember" xlink:label="MinisterioPublicoIntraMember" xlink:title="MinisterioPublicoIntraMember"/>
    <link:definitionArc xlink:type="arc" xlink:arcrole="http://xbrl.org/int/dim/arcrole/domain-member" xlink:from="IntraOrcamentario2Member" xlink:to="MinisterioPublicoIntraMember" xlink:title="definition: IntraOrcamentario2Member to MinisterioPublicoIntraMember" order="4.0"/>
    <link:loc xlink:type="locator" xlink:href="../../../cor/dim/siconfi-dim_2020-12-31.xsd#siconfi-dim_MinisterioPublicoDaUniaoIntraMember" xlink:label="MinisterioPublicoDaUniaoIntraMember" xlink:title="MinisterioPublicoDaUniaoIntraMember"/>
    <link:definitionArc xlink:type="arc" xlink:arcrole="http://xbrl.org/int/dim/arcrole/domain-member" xlink:from="MinisterioPublicoIntraMember" xlink:to="MinisterioPublicoDaUniaoIntraMember" xlink:title="definition: MinisterioPublicoIntraMember to MinisterioPublicoDaUniaoIntraMember" order="1.0"/>
    <link:loc xlink:type="locator" xlink:href="../../../cor/dim/siconfi-dim_2020-12-31.xsd#siconfi-dim_ConselhoNacionalDoMinisterioPublicoIntraMember" xlink:label="ConselhoNacionalDoMinisterioPublicoIntraMember" xlink:title="ConselhoNacionalDoMinisterioPublicoIntraMember"/>
    <link:definitionArc xlink:type="arc" xlink:arcrole="http://xbrl.org/int/dim/arcrole/domain-member" xlink:from="MinisterioPublicoIntraMember" xlink:to="ConselhoNacionalDoMinisterioPublicoIntraMember" xlink:title="definition: MinisterioPublicoIntraMember to ConselhoNacionalDoMinisterioPublicoIntraMember" order="3.0"/>
    <link:loc xlink:type="locator" xlink:href="../../../cor/dim/siconfi-dim_2020-12-31.xsd#siconfi-dim_DefensoriaPublicaIntraMember" xlink:label="DefensoriaPublicaIntraMember" xlink:title="DefensoriaPublicaIntraMember"/>
    <link:definitionArc xlink:type="arc" xlink:arcrole="http://xbrl.org/int/dim/arcrole/domain-member" xlink:from="IntraOrcamentario2Member" xlink:to="DefensoriaPublicaIntraMember" xlink:title="definition: IntraOrcamentario2Member to DefensoriaPublicaIntraMember" order="5.0"/>
  </link:definitionLink>
</link:linkbase>
