<?xml version="1.0" encoding="UTF-8"?>
<!-- Generated by Fujitsu Interstage XWand B0196 -->
<link:linkbase xmlns:xsi="http://www.w3.org/2001/XMLSchema-instance" xsi:schemaLocation="http://www.xbrl.org/2003/linkbase http://www.xbrl.org/2003/xbrl-linkbase-2003-12-31.xsd" xmlns:siconfi-rreo-anexo6uniao="http://fazenda.gov.br/siconfi/rep/rreo/anexo6uniao/siconfi-rreo-anexo6uniao_2020-12-31" xmlns:link="http://www.xbrl.org/2003/linkbase" xmlns:xbrldt="http://xbrl.org/2005/xbrldt" xmlns:xlink="http://www.w3.org/1999/xlink" xmlns:xbrli="http://www.xbrl.org/2003/instance">
  <link:roleRef roleURI="http://fazenda.gov.br/siconfi/rep/rreo/anexo6uniao/siconfi-rreo-anexo6-tabela6.1A" xlink:type="simple" xlink:href="siconfi-rreo-anexo6uniao_2020-12-31.xsd#siconfi-rreo-anexo6-tabela6.1A"/>
  <link:roleRef roleURI="http://fazenda.gov.br/siconfi/rep/rreo/anexo6uniao/siconfi-rreo-anexo6-tabela6.1B" xlink:type="simple" xlink:href="siconfi-rreo-anexo6uniao_2020-12-31.xsd#siconfi-rreo-anexo6-tabela6.1B"/>
  <link:roleRef roleURI="http://fazenda.gov.br/siconfi/rep/rreo/anexo6uniao/siconfi-rreo-anexo6-tabela6.1C" xlink:type="simple" xlink:href="siconfi-rreo-anexo6uniao_2020-12-31.xsd#siconfi-rreo-anexo6-tabela6.1C"/>
  <link:roleRef roleURI="http://fazenda.gov.br/siconfi/rep/rreo/anexo6uniao/siconfi-rreo-anexo6-tabela6.1D" xlink:type="simple" xlink:href="siconfi-rreo-anexo6uniao_2020-12-31.xsd#siconfi-rreo-anexo6-tabela6.1D"/>
  <link:roleRef roleURI="http://fazenda.gov.br/siconfi/rep/rreo/anexo6uniao/siconfi-rreo-anexo6-tabela6.1E" xlink:type="simple" xlink:href="siconfi-rreo-anexo6uniao_2020-12-31.xsd#siconfi-rreo-anexo6-tabela6.1E"/>
  <link:roleRef roleURI="http://fazenda.gov.br/siconfi/rep/rreo/anexo6uniao/siconfi-rreo-anexo6-tabela6.1F" xlink:type="simple" xlink:href="siconfi-rreo-anexo6uniao_2020-12-31.xsd#siconfi-rreo-anexo6-tabela6.1F"/>
  <link:roleRef roleURI="http://fazenda.gov.br/siconfi/rep/rreo/anexo6uniao/siconfi-rreo-anexo6-tabela6.1G" xlink:type="simple" xlink:href="siconfi-rreo-anexo6uniao_2020-12-31.xsd#siconfi-rreo-anexo6-tabela6.1G"/>
  <link:roleRef roleURI="http://fazenda.gov.br/siconfi/rep/rreo/anexo6uniao/siconfi-rreo-anexo6-tabela6.1H" xlink:type="simple" xlink:href="siconfi-rreo-anexo6uniao_2020-12-31.xsd#siconfi-rreo-anexo6-tabela6.1H"/>
  <link:roleRef roleURI="http://fazenda.gov.br/siconfi/rep/rreo/anexo6uniao/siconfi-rreo-anexo6-tabela6.1I" xlink:type="simple" xlink:href="siconfi-rreo-anexo6uniao_2020-12-31.xsd#siconfi-rreo-anexo6-tabela6.1I"/>
  <link:roleRef roleURI="http://fazenda.gov.br/siconfi/rep/rreo/anexo6uniao/siconfi-rreo-anexo6-tabela6.1J" xlink:type="simple" xlink:href="siconfi-rreo-anexo6uniao_2020-12-31.xsd#siconfi-rreo-anexo6-tabela6.1J"/>
  <link:arcroleRef arcroleURI="http://xbrl.org/int/dim/arcrole/all" xlink:type="simple" xlink:href="http://www.xbrl.org/2005/xbrldt-2005.xsd#all"/>
  <link:arcroleRef arcroleURI="http://xbrl.org/int/dim/arcrole/dimension-domain" xlink:type="simple" xlink:href="http://www.xbrl.org/2005/xbrldt-2005.xsd#dimension-domain"/>
  <link:arcroleRef arcroleURI="http://xbrl.org/int/dim/arcrole/domain-member" xlink:type="simple" xlink:href="http://www.xbrl.org/2005/xbrldt-2005.xsd#domain-member"/>
  <link:arcroleRef arcroleURI="http://xbrl.org/int/dim/arcrole/hypercube-dimension" xlink:type="simple" xlink:href="http://www.xbrl.org/2005/xbrldt-2005.xsd#hypercube-dimension"/>
  <link:definitionLink xlink:type="extended" xlink:role="http://fazenda.gov.br/siconfi/rep/rreo/anexo6uniao/siconfi-rreo-anexo6-tabela6.1E">
    <link:loc xlink:type="locator" xlink:href="siconfi-rreo-anexo6uniao_2020-12-31.xsd#siconfi-rreo-anexo6uniao_ResultadoNominalAcimaDaLinhaAbstract" xlink:label="ResultadoNominalAcimaDaLinhaAbstract" xlink:title="ResultadoNominalAcimaDaLinhaAbstract"/>
    <link:loc xlink:type="locator" xlink:href="siconfi-rreo-anexo6uniao_2020-12-31.xsd#siconfi-rreo-anexo6uniao_ResultadoNominalAcimaDaLinhaLineItems" xlink:label="ResultadoNominalAcimaDaLinhaLineItems" xlink:title="ResultadoNominalAcimaDaLinhaLineItems"/>
    <link:definitionArc xlink:type="arc" xlink:arcrole="http://xbrl.org/int/dim/arcrole/domain-member" xlink:from="ResultadoNominalAcimaDaLinhaAbstract" xlink:to="ResultadoNominalAcimaDaLinhaLineItems" xlink:title="definition: ResultadoNominalAcimaDaLinhaAbstract to ResultadoNominalAcimaDaLinhaLineItems" order="1.0"/>
    <link:loc xlink:type="locator" xlink:href="../../../cor/ic/siconfi-cor_2020-12-31.xsd#siconfi-cor_ResultadoNominalAcimaDaLinha" xlink:label="ResultadoNominalAcimaDaLinha" xlink:title="ResultadoNominalAcimaDaLinha"/>
    <link:definitionArc xlink:type="arc" xlink:arcrole="http://xbrl.org/int/dim/arcrole/domain-member" xlink:from="ResultadoNominalAcimaDaLinhaLineItems" xlink:to="ResultadoNominalAcimaDaLinha" xlink:title="definition: ResultadoNominalAcimaDaLinhaLineItems to ResultadoNominalAcimaDaLinha" order="1.0"/>
    <link:loc xlink:type="locator" xlink:href="siconfi-rreo-anexo6uniao_2020-12-31.xsd#siconfi-rreo-anexo6uniao_ResultadoNominalAcimaDaLinhaTable" xlink:label="ResultadoNominalAcimaDaLinhaTable" xlink:title="ResultadoNominalAcimaDaLinhaTable"/>
    <link:definitionArc xlink:type="arc" xlink:arcrole="http://xbrl.org/int/dim/arcrole/all" xlink:from="ResultadoNominalAcimaDaLinhaAbstract" xlink:to="ResultadoNominalAcimaDaLinhaTable" xlink:title="definition: ResultadoNominalAcimaDaLinhaAbstract to ResultadoNominalAcimaDaLinhaTable" order="2.0" xbrldt:contextElement="segment" xbrldt:closed="true"/>
    <link:loc xlink:type="locator" xlink:href="../../../cor/dim/siconfi-dim_2020-12-31.xsd#siconfi-dim_ResultadoNominalAcimaDaLinhaAxis" xlink:label="ResultadoNominalAcimaDaLinhaAxis" xlink:title="ResultadoNominalAcimaDaLinhaAxis"/>
    <link:definitionArc xlink:type="arc" xlink:arcrole="http://xbrl.org/int/dim/arcrole/hypercube-dimension" xlink:from="ResultadoNominalAcimaDaLinhaTable" xlink:to="ResultadoNominalAcimaDaLinhaAxis" xlink:title="definition: ResultadoNominalAcimaDaLinhaTable to ResultadoNominalAcimaDaLinhaAxis" order="1.0"/>
    <link:loc xlink:type="locator" xlink:href="../../../cor/dim/siconfi-dim_2020-12-31.xsd#siconfi-dim_ValorMember" xlink:label="ValorMember" xlink:title="ValorMember"/>
    <link:definitionArc xlink:type="arc" xlink:arcrole="http://xbrl.org/int/dim/arcrole/dimension-domain" xlink:from="ResultadoNominalAcimaDaLinhaAxis" xlink:to="ValorMember" xlink:title="definition: ResultadoNominalAcimaDaLinhaAxis to ValorMember" order="1.0"/>
  </link:definitionLink>
  <link:definitionLink xlink:type="extended" xlink:role="http://fazenda.gov.br/siconfi/rep/rreo/anexo6uniao/siconfi-rreo-anexo6-tabela6.1F">
    <link:loc xlink:type="locator" xlink:href="siconfi-rreo-anexo6uniao_2020-12-31.xsd#siconfi-rreo-anexo6uniao_DividaConsolidadaLiquidaAbstract" xlink:label="DividaConsolidadaLiquidaAbstract" xlink:title="DividaConsolidadaLiquidaAbstract"/>
    <link:loc xlink:type="locator" xlink:href="siconfi-rreo-anexo6uniao_2020-12-31.xsd#siconfi-rreo-anexo6uniao_DividaConsolidadaLiquidaLineItems" xlink:label="DividaConsolidadaLiquidaLineItems" xlink:title="DividaConsolidadaLiquidaLineItems"/>
    <link:definitionArc xlink:type="arc" xlink:arcrole="http://xbrl.org/int/dim/arcrole/domain-member" xlink:from="DividaConsolidadaLiquidaAbstract" xlink:to="DividaConsolidadaLiquidaLineItems" xlink:title="definition: DividaConsolidadaLiquidaAbstract to DividaConsolidadaLiquidaLineItems" order="1.0"/>
    <link:loc xlink:type="locator" xlink:href="../../../cor/ic/siconfi-cor_2020-12-31.xsd#siconfi-cor_DividaConsolidada" xlink:label="DividaConsolidada" xlink:title="DividaConsolidada"/>
    <link:definitionArc xlink:type="arc" xlink:arcrole="http://xbrl.org/int/dim/arcrole/domain-member" xlink:from="DividaConsolidadaLiquidaLineItems" xlink:to="DividaConsolidada" xlink:title="definition: DividaConsolidadaLiquidaLineItems to DividaConsolidada" order="1.0"/>
    <link:loc xlink:type="locator" xlink:href="../../../cor/ic/siconfi-cor_2020-12-31.xsd#siconfi-cor_DeducoesDaDividaConsolidada" xlink:label="DeducoesDaDividaConsolidada" xlink:title="DeducoesDaDividaConsolidada"/>
    <link:definitionArc xlink:type="arc" xlink:arcrole="http://xbrl.org/int/dim/arcrole/domain-member" xlink:from="DividaConsolidadaLiquidaLineItems" xlink:to="DeducoesDaDividaConsolidada" xlink:title="definition: DividaConsolidadaLiquidaLineItems to DeducoesDaDividaConsolidada" order="2.0"/>
    <link:loc xlink:type="locator" xlink:href="../../../cor/ic/siconfi-cor_2020-12-31.xsd#siconfi-cor_RREO5DisponibilidadeDeCaixa" xlink:label="RREO5DisponibilidadeDeCaixa" xlink:title="RREO5DisponibilidadeDeCaixa"/>
    <link:definitionArc xlink:type="arc" xlink:arcrole="http://xbrl.org/int/dim/arcrole/domain-member" xlink:from="DeducoesDaDividaConsolidada" xlink:to="RREO5DisponibilidadeDeCaixa" xlink:title="definition: DeducoesDaDividaConsolidada to RREO5DisponibilidadeDeCaixa" order="1.0"/>
    <link:loc xlink:type="locator" xlink:href="../../../cor/ic/siconfi-cor_2020-12-31.xsd#siconfi-cor_DisponibilidadeDeCaixaBruta" xlink:label="DisponibilidadeDeCaixaBruta" xlink:title="DisponibilidadeDeCaixaBruta"/>
    <link:definitionArc xlink:type="arc" xlink:arcrole="http://xbrl.org/int/dim/arcrole/domain-member" xlink:from="RREO5DisponibilidadeDeCaixa" xlink:to="DisponibilidadeDeCaixaBruta" xlink:title="definition: RREO5DisponibilidadeDeCaixa to DisponibilidadeDeCaixaBruta" order="1.0"/>
    <link:loc xlink:type="locator" xlink:href="../../../cor/ic/siconfi-cor_2020-12-31.xsd#siconfi-cor_RestosAPagarProcessadosExcetoPrecatorios" xlink:label="RestosAPagarProcessadosExcetoPrecatorios" xlink:title="RestosAPagarProcessadosExcetoPrecatorios"/>
    <link:definitionArc xlink:type="arc" xlink:arcrole="http://xbrl.org/int/dim/arcrole/domain-member" xlink:from="RREO5DisponibilidadeDeCaixa" xlink:to="RestosAPagarProcessadosExcetoPrecatorios" xlink:title="definition: RREO5DisponibilidadeDeCaixa to RestosAPagarProcessadosExcetoPrecatorios" order="2.0"/>
    <link:loc xlink:type="locator" xlink:href="../../../cor/ic/siconfi-cor_2020-12-31.xsd#siconfi-cor_DemaisHaveresFinanceiros" xlink:label="DemaisHaveresFinanceiros" xlink:title="DemaisHaveresFinanceiros"/>
    <link:definitionArc xlink:type="arc" xlink:arcrole="http://xbrl.org/int/dim/arcrole/domain-member" xlink:from="DeducoesDaDividaConsolidada" xlink:to="DemaisHaveresFinanceiros" xlink:title="definition: DeducoesDaDividaConsolidada to DemaisHaveresFinanceiros" order="2.0"/>
    <link:loc xlink:type="locator" xlink:href="../../../cor/ic/siconfi-cor_2020-12-31.xsd#siconfi-cor_DividaConsolidadaLiquida" xlink:label="DividaConsolidadaLiquida" xlink:title="DividaConsolidadaLiquida"/>
    <link:definitionArc xlink:type="arc" xlink:arcrole="http://xbrl.org/int/dim/arcrole/domain-member" xlink:from="DividaConsolidadaLiquidaLineItems" xlink:to="DividaConsolidadaLiquida" xlink:title="definition: DividaConsolidadaLiquidaLineItems to DividaConsolidadaLiquida" order="3.0"/>
    <link:loc xlink:type="locator" xlink:href="siconfi-rreo-anexo6uniao_2020-12-31.xsd#siconfi-rreo-anexo6uniao_DividaConsolidadaLiquidaTable" xlink:label="DividaConsolidadaLiquidaTable" xlink:title="DividaConsolidadaLiquidaTable"/>
    <link:definitionArc xlink:type="arc" xlink:arcrole="http://xbrl.org/int/dim/arcrole/all" xlink:from="DividaConsolidadaLiquidaAbstract" xlink:to="DividaConsolidadaLiquidaTable" xlink:title="definition: DividaConsolidadaLiquidaAbstract to DividaConsolidadaLiquidaTable" order="2.0" xbrldt:contextElement="segment" xbrldt:closed="true"/>
    <link:loc xlink:type="locator" xlink:href="../../../cor/dim/siconfi-dim_2020-12-31.xsd#siconfi-dim_SaldoResultadoNominalAxis" xlink:label="SaldoResultadoNominalAxis" xlink:title="SaldoResultadoNominalAxis"/>
    <link:definitionArc xlink:type="arc" xlink:arcrole="http://xbrl.org/int/dim/arcrole/hypercube-dimension" xlink:from="DividaConsolidadaLiquidaTable" xlink:to="SaldoResultadoNominalAxis" xlink:title="definition: DividaConsolidadaLiquidaTable to SaldoResultadoNominalAxis" order="1.0"/>
    <link:loc xlink:type="locator" xlink:href="../../../cor/dim/siconfi-dim_2020-12-31.xsd#siconfi-dim_ExercicioAnteriorMember" xlink:label="ExercicioAnteriorMember" xlink:title="ExercicioAnteriorMember"/>
    <link:definitionArc xlink:type="arc" xlink:arcrole="http://xbrl.org/int/dim/arcrole/dimension-domain" xlink:from="SaldoResultadoNominalAxis" xlink:to="ExercicioAnteriorMember" xlink:title="definition: SaldoResultadoNominalAxis to ExercicioAnteriorMember" order="1.0"/>
    <link:loc xlink:type="locator" xlink:href="../../../cor/dim/siconfi-dim_2020-12-31.xsd#siconfi-dim_ResultadoApuradoAteOBimestreMember" xlink:label="ResultadoApuradoAteOBimestreMember" xlink:title="ResultadoApuradoAteOBimestreMember"/>
    <link:definitionArc xlink:type="arc" xlink:arcrole="http://xbrl.org/int/dim/arcrole/dimension-domain" xlink:from="SaldoResultadoNominalAxis" xlink:to="ResultadoApuradoAteOBimestreMember" xlink:title="definition: SaldoResultadoNominalAxis to ResultadoApuradoAteOBimestreMember" order="2.0"/>
  </link:definitionLink>
  <link:definitionLink xlink:type="extended" xlink:role="http://fazenda.gov.br/siconfi/rep/rreo/anexo6uniao/siconfi-rreo-anexo6-tabela6.1G">
    <link:loc xlink:type="locator" xlink:href="siconfi-rreo-anexo6uniao_2020-12-31.xsd#siconfi-rreo-anexo6uniao_ResultadoNominalAbaixoDaLinhaAbstract" xlink:label="ResultadoNominalAbaixoDaLinhaAbstract" xlink:title="ResultadoNominalAbaixoDaLinhaAbstract"/>
    <link:loc xlink:type="locator" xlink:href="siconfi-rreo-anexo6uniao_2020-12-31.xsd#siconfi-rreo-anexo6uniao_ResultadoNominalAbaixoDaLinhaLineItems" xlink:label="ResultadoNominalAbaixoDaLinhaLineItems" xlink:title="ResultadoNominalAbaixoDaLinhaLineItems"/>
    <link:definitionArc xlink:type="arc" xlink:arcrole="http://xbrl.org/int/dim/arcrole/domain-member" xlink:from="ResultadoNominalAbaixoDaLinhaAbstract" xlink:to="ResultadoNominalAbaixoDaLinhaLineItems" xlink:title="definition: ResultadoNominalAbaixoDaLinhaAbstract to ResultadoNominalAbaixoDaLinhaLineItems" order="1.0"/>
    <link:loc xlink:type="locator" xlink:href="../../../cor/ic/siconfi-cor_2020-12-31.xsd#siconfi-cor_ResultadoNominalAbaixoDaLinha" xlink:label="ResultadoNominalAbaixoDaLinha" xlink:title="ResultadoNominalAbaixoDaLinha"/>
    <link:definitionArc xlink:type="arc" xlink:arcrole="http://xbrl.org/int/dim/arcrole/domain-member" xlink:from="ResultadoNominalAbaixoDaLinhaLineItems" xlink:to="ResultadoNominalAbaixoDaLinha" xlink:title="definition: ResultadoNominalAbaixoDaLinhaLineItems to ResultadoNominalAbaixoDaLinha" order="1.0"/>
    <link:loc xlink:type="locator" xlink:href="siconfi-rreo-anexo6uniao_2020-12-31.xsd#siconfi-rreo-anexo6uniao_ResultadoNominalAbaixoDaLinhaTable" xlink:label="ResultadoNominalAbaixoDaLinhaTable" xlink:title="ResultadoNominalAbaixoDaLinhaTable"/>
    <link:definitionArc xlink:type="arc" xlink:arcrole="http://xbrl.org/int/dim/arcrole/all" xlink:from="ResultadoNominalAbaixoDaLinhaAbstract" xlink:to="ResultadoNominalAbaixoDaLinhaTable" xlink:title="definition: ResultadoNominalAbaixoDaLinhaAbstract to ResultadoNominalAbaixoDaLinhaTable" order="2.0" xbrldt:contextElement="segment" xbrldt:closed="true"/>
    <link:loc xlink:type="locator" xlink:href="../../../cor/dim/siconfi-dim_2020-12-31.xsd#siconfi-dim_AteOBimestreDeReferenciaAxis" xlink:label="AteOBimestreDeReferenciaAxis" xlink:title="AteOBimestreDeReferenciaAxis"/>
    <link:definitionArc xlink:type="arc" xlink:arcrole="http://xbrl.org/int/dim/arcrole/hypercube-dimension" xlink:from="ResultadoNominalAbaixoDaLinhaTable" xlink:to="AteOBimestreDeReferenciaAxis" xlink:title="definition: ResultadoNominalAbaixoDaLinhaTable to AteOBimestreDeReferenciaAxis" order="1.0"/>
    <link:loc xlink:type="locator" xlink:href="../../../cor/dim/siconfi-dim_2020-12-31.xsd#siconfi-dim_SaldoMember" xlink:label="SaldoMember" xlink:title="SaldoMember"/>
    <link:definitionArc xlink:type="arc" xlink:arcrole="http://xbrl.org/int/dim/arcrole/dimension-domain" xlink:from="AteOBimestreDeReferenciaAxis" xlink:to="SaldoMember" xlink:title="definition: AteOBimestreDeReferenciaAxis to SaldoMember" order="1.0"/>
  </link:definitionLink>
  <link:definitionLink xlink:type="extended" xlink:role="http://fazenda.gov.br/siconfi/rep/rreo/anexo6uniao/siconfi-rreo-anexo6-tabela6.1H">
    <link:loc xlink:type="locator" xlink:href="siconfi-rreo-anexo6uniao_2020-12-31.xsd#siconfi-rreo-anexo6uniao_AjusteMetodologicoAbstract" xlink:label="AjusteMetodologicoAbstract" xlink:title="AjusteMetodologicoAbstract"/>
    <link:loc xlink:type="locator" xlink:href="siconfi-rreo-anexo6uniao_2020-12-31.xsd#siconfi-rreo-anexo6uniao_AjusteMetodologicoTable" xlink:label="AjusteMetodologicoTable" xlink:title="AjusteMetodologicoTable"/>
    <link:definitionArc xlink:type="arc" xlink:arcrole="http://xbrl.org/int/dim/arcrole/all" xlink:from="AjusteMetodologicoAbstract" xlink:to="AjusteMetodologicoTable" xlink:title="definition: AjusteMetodologicoAbstract to AjusteMetodologicoTable" order="2.0" xbrldt:contextElement="segment" xbrldt:closed="true"/>
    <link:loc xlink:type="locator" xlink:href="../../../cor/dim/siconfi-dim_2020-12-31.xsd#siconfi-dim_ValorAteOBimestreAxis" xlink:label="ValorAteOBimestreAxis" xlink:title="ValorAteOBimestreAxis"/>
    <link:definitionArc xlink:type="arc" xlink:arcrole="http://xbrl.org/int/dim/arcrole/hypercube-dimension" xlink:from="AjusteMetodologicoTable" xlink:to="ValorAteOBimestreAxis" xlink:title="definition: AjusteMetodologicoTable to ValorAteOBimestreAxis" order="1.0"/>
    <link:loc xlink:type="locator" xlink:href="../../../cor/dim/siconfi-dim_2020-12-31.xsd#siconfi-dim_ValorMember" xlink:label="ValorMember" xlink:title="ValorMember"/>
    <link:definitionArc xlink:type="arc" xlink:arcrole="http://xbrl.org/int/dim/arcrole/dimension-domain" xlink:from="ValorAteOBimestreAxis" xlink:to="ValorMember" xlink:title="definition: ValorAteOBimestreAxis to ValorMember" order="1.0"/>
    <link:loc xlink:type="locator" xlink:href="siconfi-rreo-anexo6uniao_2020-12-31.xsd#siconfi-rreo-anexo6uniao_AjusteMetodologicoLineItems" xlink:label="AjusteMetodologicoLineItems" xlink:title="AjusteMetodologicoLineItems"/>
    <link:definitionArc xlink:type="arc" xlink:arcrole="http://xbrl.org/int/dim/arcrole/domain-member" xlink:from="AjusteMetodologicoAbstract" xlink:to="AjusteMetodologicoLineItems" xlink:title="definition: AjusteMetodologicoAbstract to AjusteMetodologicoLineItems" order="1.0"/>
    <link:loc xlink:type="locator" xlink:href="../../../cor/ic/siconfi-cor_2020-12-31.xsd#siconfi-cor_VariacaoSaldoRPP" xlink:label="VariacaoSaldoRPP" xlink:title="VariacaoSaldoRPP"/>
    <link:definitionArc xlink:type="arc" xlink:arcrole="http://xbrl.org/int/dim/arcrole/domain-member" xlink:from="AjusteMetodologicoLineItems" xlink:to="VariacaoSaldoRPP" xlink:title="definition: AjusteMetodologicoLineItems to VariacaoSaldoRPP" order="1.0"/>
    <link:loc xlink:type="locator" xlink:href="../../../cor/ic/siconfi-cor_2020-12-31.xsd#siconfi-cor_ReceitaDeAlienacaoDeInvestimentosPermanentes" xlink:label="ReceitaDeAlienacaoDeInvestimentosPermanentes" xlink:title="ReceitaDeAlienacaoDeInvestimentosPermanentes"/>
    <link:definitionArc xlink:type="arc" xlink:arcrole="http://xbrl.org/int/dim/arcrole/domain-member" xlink:from="AjusteMetodologicoLineItems" xlink:to="ReceitaDeAlienacaoDeInvestimentosPermanentes" xlink:title="definition: AjusteMetodologicoLineItems to ReceitaDeAlienacaoDeInvestimentosPermanentes" order="2.0"/>
    <link:loc xlink:type="locator" xlink:href="../../../cor/ic/siconfi-cor_2020-12-31.xsd#siconfi-cor_PassivosReconhecidosNaDC" xlink:label="PassivosReconhecidosNaDC" xlink:title="PassivosReconhecidosNaDC"/>
    <link:definitionArc xlink:type="arc" xlink:arcrole="http://xbrl.org/int/dim/arcrole/domain-member" xlink:from="AjusteMetodologicoLineItems" xlink:to="PassivosReconhecidosNaDC" xlink:title="definition: AjusteMetodologicoLineItems to PassivosReconhecidosNaDC" order="3.0"/>
    <link:loc xlink:type="locator" xlink:href="../../../cor/ic/siconfi-cor_2020-12-31.xsd#siconfi-cor_ResultadoNominalAjustado" xlink:label="ResultadoNominalAjustado" xlink:title="ResultadoNominalAjustado"/>
    <link:definitionArc xlink:type="arc" xlink:arcrole="http://xbrl.org/int/dim/arcrole/domain-member" xlink:from="AjusteMetodologicoLineItems" xlink:to="ResultadoNominalAjustado" xlink:title="definition: AjusteMetodologicoLineItems to ResultadoNominalAjustado" order="9.0"/>
    <link:loc xlink:type="locator" xlink:href="../../../cor/ic/siconfi-cor_2020-12-31.xsd#siconfi-cor_OutrosAjustes" xlink:label="OutrosAjustes" xlink:title="OutrosAjustes"/>
    <link:definitionArc xlink:type="arc" xlink:arcrole="http://xbrl.org/int/dim/arcrole/domain-member" xlink:from="AjusteMetodologicoLineItems" xlink:to="OutrosAjustes" xlink:title="definition: AjusteMetodologicoLineItems to OutrosAjustes" order="8.0"/>
    <link:loc xlink:type="locator" xlink:href="../../../cor/ic/siconfi-cor_2020-12-31.xsd#siconfi-cor_VariacaoCambial" xlink:label="VariacaoCambial" xlink:title="VariacaoCambial"/>
    <link:definitionArc xlink:type="arc" xlink:arcrole="http://xbrl.org/int/dim/arcrole/domain-member" xlink:from="AjusteMetodologicoLineItems" xlink:to="VariacaoCambial" xlink:title="definition: AjusteMetodologicoLineItems to VariacaoCambial" order="4.0"/>
    <link:loc xlink:type="locator" xlink:href="../../../cor/ic/siconfi-cor_2020-12-31.xsd#siconfi-cor_PagamentoDePrecatoriosIntegrantesDaDC" xlink:label="PagamentoDePrecatoriosIntegrantesDaDC" xlink:title="PagamentoDePrecatoriosIntegrantesDaDC"/>
    <link:definitionArc xlink:type="arc" xlink:arcrole="http://xbrl.org/int/dim/arcrole/domain-member" xlink:from="AjusteMetodologicoLineItems" xlink:to="PagamentoDePrecatoriosIntegrantesDaDC" xlink:title="definition: AjusteMetodologicoLineItems to PagamentoDePrecatoriosIntegrantesDaDC" order="5.0"/>
    <link:loc xlink:type="locator" xlink:href="../../../cor/ic/siconfi-cor_2020-12-31.xsd#siconfi-cor_ResultadoDoBancoCentralDoBrasilOutrasReceitasDeCapital" xlink:label="ResultadoDoBancoCentralDoBrasilOutrasReceitasDeCapital" xlink:title="ResultadoDoBancoCentralDoBrasilOutrasReceitasDeCapital"/>
    <link:definitionArc xlink:type="arc" xlink:arcrole="http://xbrl.org/int/dim/arcrole/domain-member" xlink:from="AjusteMetodologicoLineItems" xlink:to="ResultadoDoBancoCentralDoBrasilOutrasReceitasDeCapital" xlink:title="definition: AjusteMetodologicoLineItems to ResultadoDoBancoCentralDoBrasilOutrasReceitasDeCapital" order="6.0"/>
    <link:loc xlink:type="locator" xlink:href="../../../cor/ic/siconfi-cor_2020-12-31.xsd#siconfi-cor_AjustesRelativosAoRPPS" xlink:label="AjustesRelativosAoRPPS" xlink:title="AjustesRelativosAoRPPS"/>
    <link:definitionArc xlink:type="arc" xlink:arcrole="http://xbrl.org/int/dim/arcrole/domain-member" xlink:from="AjusteMetodologicoLineItems" xlink:to="AjustesRelativosAoRPPS" xlink:title="definition: AjusteMetodologicoLineItems to AjustesRelativosAoRPPS" order="7.0"/>
  </link:definitionLink>
  <link:definitionLink xlink:type="extended" xlink:role="http://fazenda.gov.br/siconfi/rep/rreo/anexo6uniao/siconfi-rreo-anexo6-tabela6.1I">
    <link:loc xlink:type="locator" xlink:href="../../../cor/dim/siconfi-dim_2020-12-31.xsd#siconfi-dim_AteOBimestreDeReferenciaAxis" xlink:label="AteOBimestreDeReferenciaAxis" xlink:title="AteOBimestreDeReferenciaAxis"/>
    <link:loc xlink:type="locator" xlink:href="../../../cor/dim/siconfi-dim_2020-12-31.xsd#siconfi-dim_SaldoMember" xlink:label="SaldoMember" xlink:title="SaldoMember"/>
    <link:definitionArc xlink:type="arc" xlink:arcrole="http://xbrl.org/int/dim/arcrole/dimension-domain" xlink:from="AteOBimestreDeReferenciaAxis" xlink:to="SaldoMember" xlink:title="definition: AteOBimestreDeReferenciaAxis to SaldoMember" order="1.0"/>
    <link:loc xlink:type="locator" xlink:href="siconfi-rreo-anexo6uniao_2020-12-31.xsd#siconfi-rreo-anexo6uniao_ResultadoPrimarioAbaixoDaLinhaAbstract" xlink:label="ResultadoPrimarioAbaixoDaLinhaAbstract" xlink:title="ResultadoPrimarioAbaixoDaLinhaAbstract"/>
    <link:loc xlink:type="locator" xlink:href="siconfi-rreo-anexo6uniao_2020-12-31.xsd#siconfi-rreo-anexo6uniao_ResultadoPrimarioAbaixoDaLinhaLineItems" xlink:label="ResultadoPrimarioAbaixoDaLinhaLineItems" xlink:title="ResultadoPrimarioAbaixoDaLinhaLineItems"/>
    <link:definitionArc xlink:type="arc" xlink:arcrole="http://xbrl.org/int/dim/arcrole/domain-member" xlink:from="ResultadoPrimarioAbaixoDaLinhaAbstract" xlink:to="ResultadoPrimarioAbaixoDaLinhaLineItems" xlink:title="definition: ResultadoPrimarioAbaixoDaLinhaAbstract to ResultadoPrimarioAbaixoDaLinhaLineItems" order="1.0"/>
    <link:loc xlink:type="locator" xlink:href="../../../cor/ic/siconfi-cor_2020-12-31.xsd#siconfi-cor_ResultadoPrimarioAbaixoDaLinha" xlink:label="ResultadoPrimarioAbaixoDaLinha" xlink:title="ResultadoPrimarioAbaixoDaLinha"/>
    <link:definitionArc xlink:type="arc" xlink:arcrole="http://xbrl.org/int/dim/arcrole/domain-member" xlink:from="ResultadoPrimarioAbaixoDaLinhaLineItems" xlink:to="ResultadoPrimarioAbaixoDaLinha" xlink:title="definition: ResultadoPrimarioAbaixoDaLinhaLineItems to ResultadoPrimarioAbaixoDaLinha" order="1.0"/>
    <link:loc xlink:type="locator" xlink:href="siconfi-rreo-anexo6uniao_2020-12-31.xsd#siconfi-rreo-anexo6uniao_ResultadoPrimarioAbaixoDaLinhaTable" xlink:label="ResultadoPrimarioAbaixoDaLinhaTable" xlink:title="ResultadoPrimarioAbaixoDaLinhaTable"/>
    <link:definitionArc xlink:type="arc" xlink:arcrole="http://xbrl.org/int/dim/arcrole/all" xlink:from="ResultadoPrimarioAbaixoDaLinhaAbstract" xlink:to="ResultadoPrimarioAbaixoDaLinhaTable" xlink:title="definition: ResultadoPrimarioAbaixoDaLinhaAbstract to ResultadoPrimarioAbaixoDaLinhaTable" order="2.0" xbrldt:contextElement="segment" xbrldt:closed="true"/>
    <link:definitionArc xlink:type="arc" xlink:arcrole="http://xbrl.org/int/dim/arcrole/hypercube-dimension" xlink:from="ResultadoPrimarioAbaixoDaLinhaTable" xlink:to="AteOBimestreDeReferenciaAxis" xlink:title="definition: ResultadoPrimarioAbaixoDaLinhaTable to AteOBimestreDeReferenciaAxis" order="1.0"/>
  </link:definitionLink>
  <link:definitionLink xlink:type="extended" xlink:role="http://fazenda.gov.br/siconfi/rep/rreo/anexo6uniao/siconfi-rreo-anexo6-tabela6.1J">
    <link:loc xlink:type="locator" xlink:href="siconfi-rreo-anexo6uniao_2020-12-31.xsd#siconfi-rreo-anexo6uniao_InformacoesAdicionaisAbstract" xlink:label="InformacoesAdicionaisAbstract" xlink:title="InformacoesAdicionaisAbstract"/>
    <link:loc xlink:type="locator" xlink:href="siconfi-rreo-anexo6uniao_2020-12-31.xsd#siconfi-rreo-anexo6uniao_InformacoesAdicionaisLineItems" xlink:label="InformacoesAdicionaisLineItems" xlink:title="SaldoDeExerciciosAnterioresLineItems"/>
    <link:definitionArc xlink:type="arc" xlink:arcrole="http://xbrl.org/int/dim/arcrole/domain-member" xlink:from="InformacoesAdicionaisAbstract" xlink:to="InformacoesAdicionaisLineItems" xlink:title="definition: InformacoesAdicionaisAbstract to InformacoesAdicionaisLineItems" order="1.0"/>
    <link:loc xlink:type="locator" xlink:href="../../../cor/ic/siconfi-cor_2020-12-31.xsd#siconfi-cor_ReservaOrcamentariaDoRPPSPrevidenciario" xlink:label="ReservaOrcamentariaDoRPPSPrevidenciario" xlink:title="ReservaOrcamentariaDoRPPSPrevidenciario"/>
    <link:definitionArc xlink:type="arc" xlink:arcrole="http://xbrl.org/int/dim/arcrole/domain-member" xlink:from="InformacoesAdicionaisLineItems" xlink:to="ReservaOrcamentariaDoRPPSPrevidenciario" xlink:title="definition: InformacoesAdicionaisLineItems to ReservaOrcamentariaDoRPPSPrevidenciario" order="2.0"/>
    <link:loc xlink:type="locator" xlink:href="../../../cor/ic/siconfi-cor_2020-12-31.xsd#siconfi-cor_RREO6SaldoDeExerciciosAnteriores" xlink:label="RREO6SaldoDeExerciciosAnteriores" xlink:title="RREO6SaldoDeExerciciosAnteriores"/>
    <link:definitionArc xlink:type="arc" xlink:arcrole="http://xbrl.org/int/dim/arcrole/domain-member" xlink:from="InformacoesAdicionaisLineItems" xlink:to="RREO6SaldoDeExerciciosAnteriores" xlink:title="definition: InformacoesAdicionaisLineItems to RREO6SaldoDeExerciciosAnteriores" order="1.0"/>
    <link:loc xlink:type="locator" xlink:href="../../../cor/ic/siconfi-cor_2020-12-31.xsd#siconfi-cor_RecursosArrecadadosEmExerciciosAnteriores" xlink:label="RecursosArrecadadosEmExerciciosAnteriores" xlink:title="RecursosArrecadadosEmExerciciosAnteriores"/>
    <link:definitionArc xlink:type="arc" xlink:arcrole="http://xbrl.org/int/dim/arcrole/domain-member" xlink:from="RREO6SaldoDeExerciciosAnteriores" xlink:to="RecursosArrecadadosEmExerciciosAnteriores" xlink:title="definition: RREO6SaldoDeExerciciosAnteriores to RecursosArrecadadosEmExerciciosAnteriores" order="1.0"/>
    <link:loc xlink:type="locator" xlink:href="../../../cor/ic/siconfi-cor_2020-12-31.xsd#siconfi-cor_SuperavitFinanceiro" xlink:label="SuperavitFinanceiro" xlink:title="SuperavitFinanceiro"/>
    <link:definitionArc xlink:type="arc" xlink:arcrole="http://xbrl.org/int/dim/arcrole/domain-member" xlink:from="RREO6SaldoDeExerciciosAnteriores" xlink:to="SuperavitFinanceiro" xlink:title="definition: RREO6SaldoDeExerciciosAnteriores to SuperavitFinanceiro" order="2.0"/>
    <link:loc xlink:type="locator" xlink:href="siconfi-rreo-anexo6uniao_2020-12-31.xsd#siconfi-rreo-anexo6uniao_SaldoDeExerciciosAnterioresTable" xlink:label="SaldoDeExerciciosAnterioresTable" xlink:title="SaldoDeExerciciosAnterioresTable"/>
    <link:definitionArc xlink:type="arc" xlink:arcrole="http://xbrl.org/int/dim/arcrole/all" xlink:from="InformacoesAdicionaisAbstract" xlink:to="SaldoDeExerciciosAnterioresTable" xlink:title="definition: InformacoesAdicionaisAbstract to SaldoDeExerciciosAnterioresTable" order="2.0" xbrldt:contextElement="segment" xbrldt:closed="true"/>
    <link:loc xlink:type="locator" xlink:href="../../../cor/dim/siconfi-dim_2020-12-31.xsd#siconfi-dim_SaldoAxis" xlink:label="SaldoAxis" xlink:title="SaldoAxis"/>
    <link:definitionArc xlink:type="arc" xlink:arcrole="http://xbrl.org/int/dim/arcrole/hypercube-dimension" xlink:from="SaldoDeExerciciosAnterioresTable" xlink:to="SaldoAxis" xlink:title="definition: SaldoDeExerciciosAnterioresTable to SaldoAxis" order="1.0"/>
    <link:loc xlink:type="locator" xlink:href="../../../cor/dim/siconfi-dim_2020-12-31.xsd#siconfi-dim_PrevisaoOrcamentariaMember" xlink:label="PrevisaoOrcamentariaMember" xlink:title="PrevisaoOrcamentariaMember"/>
    <link:definitionArc xlink:type="arc" xlink:arcrole="http://xbrl.org/int/dim/arcrole/dimension-domain" xlink:from="SaldoAxis" xlink:to="PrevisaoOrcamentariaMember" xlink:title="definition: SaldoAxis to PrevisaoOrcamentariaMember" order="1.0"/>
  </link:definitionLink>
  <link:definitionLink xlink:type="extended" xlink:role="http://fazenda.gov.br/siconfi/rep/rreo/anexo6uniao/siconfi-rreo-anexo6-tabela6.1A">
    <link:loc xlink:type="locator" xlink:href="siconfi-rreo-anexo6uniao_2020-12-31.xsd#siconfi-rreo-anexo6uniao_ReceitasPrimariasAbstract" xlink:label="ReceitasPrimariasAbstract" xlink:title="ReceitasPrimariasAbstract"/>
    <link:loc xlink:type="locator" xlink:href="siconfi-rreo-anexo6uniao_2020-12-31.xsd#siconfi-rreo-anexo6uniao_ReceitasPrimariasLineItems" xlink:label="ReceitasPrimariasLineItems" xlink:title="ReceitasPrimariasLineItems"/>
    <link:definitionArc xlink:type="arc" xlink:arcrole="http://xbrl.org/int/dim/arcrole/domain-member" xlink:from="ReceitasPrimariasAbstract" xlink:to="ReceitasPrimariasLineItems" xlink:title="definition: ReceitasPrimariasAbstract to ReceitasPrimariasLineItems" order="1.0"/>
    <link:loc xlink:type="locator" xlink:href="../../../cor/ic/siconfi-cor_2020-12-31.xsd#siconfi-cor_RREO6ReceitasPrimariasDeCapital" xlink:label="RREO6ReceitasPrimariasDeCapital" xlink:title="RREO6ReceitasPrimariasDeCapital"/>
    <link:definitionArc xlink:type="arc" xlink:arcrole="http://xbrl.org/int/dim/arcrole/domain-member" xlink:from="ReceitasPrimariasLineItems" xlink:to="RREO6ReceitasPrimariasDeCapital" xlink:title="definition: ReceitasPrimariasLineItems to RREO6ReceitasPrimariasDeCapital" order="4.0"/>
    <link:loc xlink:type="locator" xlink:href="../../../cor/ic/siconfi-cor_2020-12-31.xsd#siconfi-cor_RREO6AlienacaoDeBens" xlink:label="RREO6AlienacaoDeBens" xlink:title="RREO6AlienacaoDeBens"/>
    <link:definitionArc xlink:type="arc" xlink:arcrole="http://xbrl.org/int/dim/arcrole/domain-member" xlink:from="RREO6ReceitasPrimariasDeCapital" xlink:to="RREO6AlienacaoDeBens" xlink:title="definition: RREO6ReceitasPrimariasDeCapital to RREO6AlienacaoDeBens" order="1.0"/>
    <link:loc xlink:type="locator" xlink:href="../../../cor/ic/siconfi-cor_2020-12-31.xsd#siconfi-cor_RREO6TransferenciasDeCapital" xlink:label="RREO6TransferenciasDeCapital" xlink:title="RREO6TransferenciasDeCapital"/>
    <link:definitionArc xlink:type="arc" xlink:arcrole="http://xbrl.org/int/dim/arcrole/domain-member" xlink:from="RREO6ReceitasPrimariasDeCapital" xlink:to="RREO6TransferenciasDeCapital" xlink:title="definition: RREO6ReceitasPrimariasDeCapital to RREO6TransferenciasDeCapital" order="2.0"/>
    <link:loc xlink:type="locator" xlink:href="../../../cor/ic/siconfi-cor_2020-12-31.xsd#siconfi-cor_RREO6ConveniosCapital" xlink:label="RREO6ConveniosCapital" xlink:title="RREO6ConveniosCapital"/>
    <link:definitionArc xlink:type="arc" xlink:arcrole="http://xbrl.org/int/dim/arcrole/domain-member" xlink:from="RREO6TransferenciasDeCapital" xlink:to="RREO6ConveniosCapital" xlink:title="definition: RREO6TransferenciasDeCapital to RREO6ConveniosCapital" order="1.0"/>
    <link:loc xlink:type="locator" xlink:href="../../../cor/ic/siconfi-cor_2020-12-31.xsd#siconfi-cor_RREO6OutrasTransferenciasDeCapital" xlink:label="RREO6OutrasTransferenciasDeCapital" xlink:title="RREO6OutrasTransferenciasDeCapital"/>
    <link:definitionArc xlink:type="arc" xlink:arcrole="http://xbrl.org/int/dim/arcrole/domain-member" xlink:from="RREO6TransferenciasDeCapital" xlink:to="RREO6OutrasTransferenciasDeCapital" xlink:title="definition: RREO6TransferenciasDeCapital to RREO6OutrasTransferenciasDeCapital" order="2.0"/>
    <link:loc xlink:type="locator" xlink:href="../../../cor/ic/siconfi-cor_2020-12-31.xsd#siconfi-cor_RREO6OutrasReceitasDeCapital" xlink:label="RREO6OutrasReceitasDeCapital" xlink:title="RREO6OutrasReceitasDeCapital"/>
    <link:definitionArc xlink:type="arc" xlink:arcrole="http://xbrl.org/int/dim/arcrole/domain-member" xlink:from="RREO6ReceitasPrimariasDeCapital" xlink:to="RREO6OutrasReceitasDeCapital" xlink:title="definition: RREO6ReceitasPrimariasDeCapital to RREO6OutrasReceitasDeCapital" order="3.0"/>
    <link:loc xlink:type="locator" xlink:href="../../../cor/ic/siconfi-cor_2020-12-31.xsd#siconfi-cor_RREO6TotalReceitaPrimaria" xlink:label="RREO6TotalReceitaPrimaria" xlink:title="RREO6TotalReceitaPrimaria"/>
    <link:definitionArc xlink:type="arc" xlink:arcrole="http://xbrl.org/int/dim/arcrole/domain-member" xlink:from="ReceitasPrimariasLineItems" xlink:to="RREO6TotalReceitaPrimaria" xlink:title="definition: ReceitasPrimariasLineItems to RREO6TotalReceitaPrimaria" order="5.0"/>
    <link:loc xlink:type="locator" xlink:href="../../../cor/ic/siconfi-cor_2020-12-31.xsd#siconfi-cor_ReceitasPrimariasCorrentes" xlink:label="ReceitasPrimariasCorrentes" xlink:title="ReceitasPrimariasCorrentes"/>
    <link:definitionArc xlink:type="arc" xlink:arcrole="http://xbrl.org/int/dim/arcrole/domain-member" xlink:from="ReceitasPrimariasLineItems" xlink:to="ReceitasPrimariasCorrentes" xlink:title="definition: ReceitasPrimariasLineItems to ReceitasPrimariasCorrentes" order="1.0"/>
    <link:loc xlink:type="locator" xlink:href="../../../cor/ic/siconfi-cor_2020-12-31.xsd#siconfi-cor_RREO6ReceitasTributarias" xlink:label="RREO6ReceitasTributarias" xlink:title="RREO6ReceitasTributarias"/>
    <link:definitionArc xlink:type="arc" xlink:arcrole="http://xbrl.org/int/dim/arcrole/domain-member" xlink:from="ReceitasPrimariasCorrentes" xlink:to="RREO6ReceitasTributarias" xlink:title="definition: ReceitasPrimariasCorrentes to RREO6ReceitasTributarias" order="1.0"/>
    <link:loc xlink:type="locator" xlink:href="../../../cor/ic/siconfi-cor_2020-12-31.xsd#siconfi-cor_RREO6ReceitasDeContribuicoes" xlink:label="RREO6ReceitasDeContribuicoes" xlink:title="RREO6ReceitasDeContribuicoes"/>
    <link:definitionArc xlink:type="arc" xlink:arcrole="http://xbrl.org/int/dim/arcrole/domain-member" xlink:from="ReceitasPrimariasCorrentes" xlink:to="RREO6ReceitasDeContribuicoes" xlink:title="definition: ReceitasPrimariasCorrentes to RREO6ReceitasDeContribuicoes" order="2.0"/>
    <link:loc xlink:type="locator" xlink:href="../../../cor/ic/siconfi-cor_2020-12-31.xsd#siconfi-cor_RREO6ReceitaPatrimonial" xlink:label="RREO6ReceitaPatrimonial" xlink:title="RREO6ReceitaPatrimonial"/>
    <link:definitionArc xlink:type="arc" xlink:arcrole="http://xbrl.org/int/dim/arcrole/domain-member" xlink:from="ReceitasPrimariasCorrentes" xlink:to="RREO6ReceitaPatrimonial" xlink:title="definition: ReceitasPrimariasCorrentes to RREO6ReceitaPatrimonial" order="3.0"/>
    <link:loc xlink:type="locator" xlink:href="../../../cor/ic/siconfi-cor_2020-12-31.xsd#siconfi-cor_RREO6TransferenciasCorrentes" xlink:label="RREO6TransferenciasCorrentes" xlink:title="RREO6TransferenciasCorrentes"/>
    <link:definitionArc xlink:type="arc" xlink:arcrole="http://xbrl.org/int/dim/arcrole/domain-member" xlink:from="ReceitasPrimariasCorrentes" xlink:to="RREO6TransferenciasCorrentes" xlink:title="definition: ReceitasPrimariasCorrentes to RREO6TransferenciasCorrentes" order="4.0"/>
    <link:loc xlink:type="locator" xlink:href="../../../cor/ic/siconfi-cor_2020-12-31.xsd#siconfi-cor_RREO6DemaisReceitasCorrentes" xlink:label="RREO6DemaisReceitasCorrentes" xlink:title="RREO6DemaisReceitasCorrentes"/>
    <link:definitionArc xlink:type="arc" xlink:arcrole="http://xbrl.org/int/dim/arcrole/domain-member" xlink:from="ReceitasPrimariasCorrentes" xlink:to="RREO6DemaisReceitasCorrentes" xlink:title="definition: ReceitasPrimariasCorrentes to RREO6DemaisReceitasCorrentes" order="5.0"/>
    <link:loc xlink:type="locator" xlink:href="siconfi-rreo-anexo6uniao_2020-12-31.xsd#siconfi-rreo-anexo6uniao_ReceitasPrimariasTable" xlink:label="ReceitasPrimariasTable" xlink:title="ReceitasPrimariasTable"/>
    <link:definitionArc xlink:type="arc" xlink:arcrole="http://xbrl.org/int/dim/arcrole/all" xlink:from="ReceitasPrimariasAbstract" xlink:to="ReceitasPrimariasTable" xlink:title="definition: ReceitasPrimariasAbstract to ReceitasPrimariasTable" order="2.0" xbrldt:contextElement="segment" xbrldt:closed="true"/>
    <link:loc xlink:type="locator" xlink:href="../../../cor/dim/siconfi-dim_2020-12-31.xsd#siconfi-dim_ExecucaoDaReceitaAxis" xlink:label="ExecucaoDaReceitaAxis" xlink:title="ExecucaoDaReceitaAxis"/>
    <link:definitionArc xlink:type="arc" xlink:arcrole="http://xbrl.org/int/dim/arcrole/hypercube-dimension" xlink:from="ReceitasPrimariasTable" xlink:to="ExecucaoDaReceitaAxis" xlink:title="definition: ReceitasPrimariasTable to ExecucaoDaReceitaAxis" order="1.0"/>
    <link:loc xlink:type="locator" xlink:href="../../../cor/dim/siconfi-dim_2020-12-31.xsd#siconfi-dim_PrevisaoAtualizadaMember" xlink:label="PrevisaoAtualizadaMember" xlink:title="PrevisaoAtualizadaMember"/>
    <link:definitionArc xlink:type="arc" xlink:arcrole="http://xbrl.org/int/dim/arcrole/dimension-domain" xlink:from="ExecucaoDaReceitaAxis" xlink:to="PrevisaoAtualizadaMember" xlink:title="definition: ExecucaoDaReceitaAxis to PrevisaoAtualizadaMember" order="1.0"/>
    <link:loc xlink:type="locator" xlink:href="../../../cor/dim/siconfi-dim_2020-12-31.xsd#siconfi-dim_ReceitasRealizadasAteOBimestreMember" xlink:label="ReceitasRealizadasAteOBimestreMember" xlink:title="ReceitasRealizadasAteOBimestreMember"/>
    <link:definitionArc xlink:type="arc" xlink:arcrole="http://xbrl.org/int/dim/arcrole/dimension-domain" xlink:from="ExecucaoDaReceitaAxis" xlink:to="ReceitasRealizadasAteOBimestreMember" xlink:title="definition: ExecucaoDaReceitaAxis to ReceitasRealizadasAteOBimestreMember" order="2.0" xbrldt:usable="false"/>
    <link:loc xlink:type="locator" xlink:href="../../../cor/dim/siconfi-dim_2020-12-31.xsd#siconfi-dim_ReceitasRealizadasMember" xlink:label="ReceitasRealizadasMember" xlink:title="ReceitasRealizadasMember"/>
    <link:definitionArc xlink:type="arc" xlink:arcrole="http://xbrl.org/int/dim/arcrole/domain-member" xlink:from="ReceitasRealizadasAteOBimestreMember" xlink:to="ReceitasRealizadasMember" xlink:title="definition: ReceitasRealizadasAteOBimestreMember to ReceitasRealizadasMember" order="1.0"/>
  </link:definitionLink>
  <link:definitionLink xlink:type="extended" xlink:role="http://fazenda.gov.br/siconfi/rep/rreo/anexo6uniao/siconfi-rreo-anexo6-tabela6.1D">
    <link:loc xlink:type="locator" xlink:href="../../../cor/dim/siconfi-dim_2020-12-31.xsd#siconfi-dim_ValorAteOBimestreAxis" xlink:label="ValorAteOBimestreAxis" xlink:title="ValorAteOBimestreAxis"/>
    <link:loc xlink:type="locator" xlink:href="../../../cor/dim/siconfi-dim_2020-12-31.xsd#siconfi-dim_ValorMember" xlink:label="ValorMember" xlink:title="ValorMember"/>
    <link:definitionArc xlink:type="arc" xlink:arcrole="http://xbrl.org/int/dim/arcrole/dimension-domain" xlink:from="ValorAteOBimestreAxis" xlink:to="ValorMember" xlink:title="definition: ValorAteOBimestreAxis to ValorMember" order="1.0"/>
    <link:loc xlink:type="locator" xlink:href="siconfi-rreo-anexo6uniao_2020-12-31.xsd#siconfi-rreo-anexo6uniao_JurosNominaisAbstract" xlink:label="JurosNominaisAbstract" xlink:title="JurosNominaisAbstract"/>
    <link:loc xlink:type="locator" xlink:href="siconfi-rreo-anexo6uniao_2020-12-31.xsd#siconfi-rreo-anexo6uniao_JurosNominaisLineItems" xlink:label="JurosNominaisLineItems" xlink:title="JurosNominaisLineItems"/>
    <link:definitionArc xlink:type="arc" xlink:arcrole="http://xbrl.org/int/dim/arcrole/domain-member" xlink:from="JurosNominaisAbstract" xlink:to="JurosNominaisLineItems" xlink:title="definition: JurosNominaisAbstract to JurosNominaisLineItems" order="1.0"/>
    <link:loc xlink:type="locator" xlink:href="../../../cor/ic/siconfi-cor_2020-12-31.xsd#siconfi-cor_JurosEEncargosAtivos" xlink:label="JurosEEncargosAtivos" xlink:title="JurosEEncargosAtivos"/>
    <link:definitionArc xlink:type="arc" xlink:arcrole="http://xbrl.org/int/dim/arcrole/domain-member" xlink:from="JurosNominaisLineItems" xlink:to="JurosEEncargosAtivos" xlink:title="definition: JurosNominaisLineItems to JurosEEncargosAtivos" order="1.0"/>
    <link:loc xlink:type="locator" xlink:href="../../../cor/ic/siconfi-cor_2020-12-31.xsd#siconfi-cor_JurosEEncargosPassivos" xlink:label="JurosEEncargosPassivos" xlink:title="JurosEEncargosPassivos"/>
    <link:definitionArc xlink:type="arc" xlink:arcrole="http://xbrl.org/int/dim/arcrole/domain-member" xlink:from="JurosNominaisLineItems" xlink:to="JurosEEncargosPassivos" xlink:title="definition: JurosNominaisLineItems to JurosEEncargosPassivos" order="2.0"/>
    <link:loc xlink:type="locator" xlink:href="siconfi-rreo-anexo6uniao_2020-12-31.xsd#siconfi-rreo-anexo6uniao_JurosNominaisTable" xlink:label="JurosNominaisTable" xlink:title="JurosNominaisTable"/>
    <link:definitionArc xlink:type="arc" xlink:arcrole="http://xbrl.org/int/dim/arcrole/all" xlink:from="JurosNominaisAbstract" xlink:to="JurosNominaisTable" xlink:title="definition: JurosNominaisAbstract to JurosNominaisTable" order="2.0" xbrldt:contextElement="segment" xbrldt:closed="true"/>
    <link:definitionArc xlink:type="arc" xlink:arcrole="http://xbrl.org/int/dim/arcrole/hypercube-dimension" xlink:from="JurosNominaisTable" xlink:to="ValorAteOBimestreAxis" xlink:title="definition: JurosNominaisTable to ValorAteOBimestreAxis" order="1.0"/>
  </link:definitionLink>
  <link:definitionLink xlink:type="extended" xlink:role="http://fazenda.gov.br/siconfi/rep/rreo/anexo6uniao/siconfi-rreo-anexo6-tabela6.1C">
    <link:loc xlink:type="locator" xlink:href="siconfi-rreo-anexo6uniao_2020-12-31.xsd#siconfi-rreo-anexo6uniao_ResultadoPrimarioAcimaDaLinhaAbstract" xlink:label="ResultadoPrimarioAcimaDaLinhaAbstract" xlink:title="ResultadoPrimarioAcimaDaLinhaAbstract"/>
    <link:loc xlink:type="locator" xlink:href="siconfi-rreo-anexo6uniao_2020-12-31.xsd#siconfi-rreo-anexo6uniao_ResultadoPrimarioAcimaDaLinhaLineItems" xlink:label="ResultadoPrimarioAcimaDaLinhaLineItems" xlink:title="ResultadoPrimarioAcimaDaLinhaLineItems"/>
    <link:definitionArc xlink:type="arc" xlink:arcrole="http://xbrl.org/int/dim/arcrole/domain-member" xlink:from="ResultadoPrimarioAcimaDaLinhaAbstract" xlink:to="ResultadoPrimarioAcimaDaLinhaLineItems" xlink:title="definition: ResultadoPrimarioAcimaDaLinhaAbstract to ResultadoPrimarioAcimaDaLinhaLineItems" order="1.0"/>
    <link:loc xlink:type="locator" xlink:href="../../../cor/ic/siconfi-cor_2020-12-31.xsd#siconfi-cor_RREO6ResultadoPrimarioEstadosMunicipios" xlink:label="RREO6ResultadoPrimarioEstadosMunicipios" xlink:title="RREO6ResultadoPrimarioEstadosMunicipios"/>
    <link:definitionArc xlink:type="arc" xlink:arcrole="http://xbrl.org/int/dim/arcrole/domain-member" xlink:from="ResultadoPrimarioAcimaDaLinhaLineItems" xlink:to="RREO6ResultadoPrimarioEstadosMunicipios" xlink:title="definition: ResultadoPrimarioAcimaDaLinhaLineItems to RREO6ResultadoPrimarioEstadosMunicipios" order="1.0"/>
    <link:loc xlink:type="locator" xlink:href="siconfi-rreo-anexo6uniao_2020-12-31.xsd#siconfi-rreo-anexo6uniao_ResultadoPrimarioAcimaDaLinhaTable" xlink:label="ResultadoPrimarioAcimaDaLinhaTable" xlink:title="ResultadoPrimarioAcimaDaLinhaTable"/>
    <link:definitionArc xlink:type="arc" xlink:arcrole="http://xbrl.org/int/dim/arcrole/all" xlink:from="ResultadoPrimarioAcimaDaLinhaAbstract" xlink:to="ResultadoPrimarioAcimaDaLinhaTable" xlink:title="definition: ResultadoPrimarioAcimaDaLinhaAbstract to ResultadoPrimarioAcimaDaLinhaTable" order="2.0" xbrldt:contextElement="segment" xbrldt:closed="true"/>
    <link:loc xlink:type="locator" xlink:href="../../../cor/dim/siconfi-dim_2020-12-31.xsd#siconfi-dim_VerificacaoMetasResultadosNominalPrimarioAxis" xlink:label="VerificacaoMetasResultadosNominalPrimarioAxis" xlink:title="VerificacaoMetasResultadosNominalPrimarioAxis"/>
    <link:definitionArc xlink:type="arc" xlink:arcrole="http://xbrl.org/int/dim/arcrole/hypercube-dimension" xlink:from="ResultadoPrimarioAcimaDaLinhaTable" xlink:to="VerificacaoMetasResultadosNominalPrimarioAxis" xlink:title="definition: ResultadoPrimarioAcimaDaLinhaTable to VerificacaoMetasResultadosNominalPrimarioAxis" order="1.0"/>
    <link:loc xlink:type="locator" xlink:href="../../../cor/dim/siconfi-dim_2020-12-31.xsd#siconfi-dim_ValorMember" xlink:label="ValorMember" xlink:title="ValorMember"/>
    <link:definitionArc xlink:type="arc" xlink:arcrole="http://xbrl.org/int/dim/arcrole/dimension-domain" xlink:from="VerificacaoMetasResultadosNominalPrimarioAxis" xlink:to="ValorMember" xlink:title="definition: VerificacaoMetasResultadosNominalPrimarioAxis to ValorMember" order="1.0"/>
  </link:definitionLink>
  <link:definitionLink xlink:type="extended" xlink:role="http://fazenda.gov.br/siconfi/rep/rreo/anexo6uniao/siconfi-rreo-anexo6-tabela6.1B">
    <link:loc xlink:type="locator" xlink:href="siconfi-rreo-anexo6uniao_2020-12-31.xsd#siconfi-rreo-anexo6uniao_DespesasPrimariasAbstract" xlink:label="DespesasPrimariasAbstract" xlink:title="DespesasPrimariasAbstract"/>
    <link:loc xlink:type="locator" xlink:href="siconfi-rreo-anexo6uniao_2020-12-31.xsd#siconfi-rreo-anexo6uniao_DespesasPrimariasLineItems" xlink:label="DespesasPrimariasLineItems" xlink:title="DespesasPrimariasLineItems"/>
    <link:definitionArc xlink:type="arc" xlink:arcrole="http://xbrl.org/int/dim/arcrole/domain-member" xlink:from="DespesasPrimariasAbstract" xlink:to="DespesasPrimariasLineItems" xlink:title="definition: DespesasPrimariasAbstract to DespesasPrimariasLineItems" order="1.0"/>
    <link:loc xlink:type="locator" xlink:href="../../../cor/ic/siconfi-cor_2020-12-31.xsd#siconfi-cor_RREO6DespesasPrimariasCorrentes" xlink:label="RREO6DespesasPrimariasCorrentes" xlink:title="RREO6DespesasPrimariasCorrentes"/>
    <link:definitionArc xlink:type="arc" xlink:arcrole="http://xbrl.org/int/dim/arcrole/domain-member" xlink:from="DespesasPrimariasLineItems" xlink:to="RREO6DespesasPrimariasCorrentes" xlink:title="definition: DespesasPrimariasLineItems to RREO6DespesasPrimariasCorrentes" order="2.0"/>
    <link:loc xlink:type="locator" xlink:href="../../../cor/ic/siconfi-cor_2020-12-31.xsd#siconfi-cor_RREO6PessoalEEncargosSociais" xlink:label="RREO6PessoalEEncargosSociais" xlink:title="RREO6PessoalEEncargosSociais"/>
    <link:definitionArc xlink:type="arc" xlink:arcrole="http://xbrl.org/int/dim/arcrole/domain-member" xlink:from="RREO6DespesasPrimariasCorrentes" xlink:to="RREO6PessoalEEncargosSociais" xlink:title="definition: RREO6DespesasPrimariasCorrentes to RREO6PessoalEEncargosSociais" order="1.0"/>
    <link:loc xlink:type="locator" xlink:href="../../../cor/ic/siconfi-cor_2020-12-31.xsd#siconfi-cor_RREO6OutrasDespesasCorrentes" xlink:label="RREO6OutrasDespesasCorrentes" xlink:title="RREO6OutrasDespesasCorrentes"/>
    <link:definitionArc xlink:type="arc" xlink:arcrole="http://xbrl.org/int/dim/arcrole/domain-member" xlink:from="RREO6DespesasPrimariasCorrentes" xlink:to="RREO6OutrasDespesasCorrentes" xlink:title="definition: RREO6DespesasPrimariasCorrentes to RREO6OutrasDespesasCorrentes" order="2.0"/>
    <link:loc xlink:type="locator" xlink:href="../../../cor/ic/siconfi-cor_2020-12-31.xsd#siconfi-cor_RREO6DemaisDespesasCorrentes" xlink:label="RREO6DemaisDespesasCorrentes" xlink:title="RREO6DemaisDespesasCorrentes"/>
    <link:definitionArc xlink:type="arc" xlink:arcrole="http://xbrl.org/int/dim/arcrole/domain-member" xlink:from="RREO6OutrasDespesasCorrentes" xlink:to="RREO6DemaisDespesasCorrentes" xlink:title="definition: RREO6OutrasDespesasCorrentes to RREO6DemaisDespesasCorrentes" order="2.0"/>
    <link:loc xlink:type="locator" xlink:href="../../../cor/ic/siconfi-cor_2020-12-31.xsd#siconfi-cor_RREO6TransferenciasConstitucionaisELegais" xlink:label="RREO6TransferenciasConstitucionaisELegais" xlink:title="RREO6TransferenciasConstitucionaisELegais"/>
    <link:definitionArc xlink:type="arc" xlink:arcrole="http://xbrl.org/int/dim/arcrole/domain-member" xlink:from="RREO6OutrasDespesasCorrentes" xlink:to="RREO6TransferenciasConstitucionaisELegais" xlink:title="definition: RREO6OutrasDespesasCorrentes to RREO6TransferenciasConstitucionaisELegais" order="1.0"/>
    <link:loc xlink:type="locator" xlink:href="../../../cor/ic/siconfi-cor_2020-12-31.xsd#siconfi-cor_RREO6DespesasPrimariasDeCapital" xlink:label="RREO6DespesasPrimariasDeCapital" xlink:title="RREO6DespesasPrimariasDeCapital"/>
    <link:definitionArc xlink:type="arc" xlink:arcrole="http://xbrl.org/int/dim/arcrole/domain-member" xlink:from="DespesasPrimariasLineItems" xlink:to="RREO6DespesasPrimariasDeCapital" xlink:title="definition: DespesasPrimariasLineItems to RREO6DespesasPrimariasDeCapital" order="4.0"/>
    <link:loc xlink:type="locator" xlink:href="../../../cor/ic/siconfi-cor_2020-12-31.xsd#siconfi-cor_RREO6Investimentos" xlink:label="RREO6Investimentos" xlink:title="RREO6Investimentos"/>
    <link:definitionArc xlink:type="arc" xlink:arcrole="http://xbrl.org/int/dim/arcrole/domain-member" xlink:from="RREO6DespesasPrimariasDeCapital" xlink:to="RREO6Investimentos" xlink:title="definition: RREO6DespesasPrimariasDeCapital to RREO6Investimentos" order="1.0"/>
    <link:loc xlink:type="locator" xlink:href="../../../cor/ic/siconfi-cor_2020-12-31.xsd#siconfi-cor_RREO6InversoesFinanceiras" xlink:label="RREO6InversoesFinanceiras" xlink:title="RREO6InversoesFinanceiras"/>
    <link:definitionArc xlink:type="arc" xlink:arcrole="http://xbrl.org/int/dim/arcrole/domain-member" xlink:from="RREO6DespesasPrimariasDeCapital" xlink:to="RREO6InversoesFinanceiras" xlink:title="definition: RREO6DespesasPrimariasDeCapital to RREO6InversoesFinanceiras" order="2.0"/>
    <link:loc xlink:type="locator" xlink:href="../../../cor/ic/siconfi-cor_2020-12-31.xsd#siconfi-cor_RREO6ReservaDeContingencia" xlink:label="RREO6ReservaDeContingencia" xlink:title="RREO6ReservaDeContingencia"/>
    <link:definitionArc xlink:type="arc" xlink:arcrole="http://xbrl.org/int/dim/arcrole/domain-member" xlink:from="DespesasPrimariasLineItems" xlink:to="RREO6ReservaDeContingencia" xlink:title="definition: DespesasPrimariasLineItems to RREO6ReservaDeContingencia" order="5.0"/>
    <link:loc xlink:type="locator" xlink:href="../../../cor/ic/siconfi-cor_2020-12-31.xsd#siconfi-cor_RREO6TotalDespesaPrimaria" xlink:label="RREO6TotalDespesaPrimaria" xlink:title="RREO6TotalDespesaPrimaria"/>
    <link:definitionArc xlink:type="arc" xlink:arcrole="http://xbrl.org/int/dim/arcrole/domain-member" xlink:from="DespesasPrimariasLineItems" xlink:to="RREO6TotalDespesaPrimaria" xlink:title="definition: DespesasPrimariasLineItems to RREO6TotalDespesaPrimaria" order="6.0"/>
    <link:loc xlink:type="locator" xlink:href="siconfi-rreo-anexo6uniao_2020-12-31.xsd#siconfi-rreo-anexo6uniao_DespesasPrimariasTable" xlink:label="DespesasPrimariasTable" xlink:title="DespesasPrimariasTable"/>
    <link:definitionArc xlink:type="arc" xlink:arcrole="http://xbrl.org/int/dim/arcrole/all" xlink:from="DespesasPrimariasAbstract" xlink:to="DespesasPrimariasTable" xlink:title="definition: DespesasPrimariasAbstract to DespesasPrimariasTable" order="2.0" xbrldt:contextElement="segment" xbrldt:closed="true"/>
    <link:loc xlink:type="locator" xlink:href="../../../cor/dim/siconfi-dim_2020-12-31.xsd#siconfi-dim_RREO06ExecucaoDaDespesaAxis" xlink:label="RREO06ExecucaoDaDespesaAxis" xlink:title="RREO06ExecucaoDaDespesaAxis"/>
    <link:definitionArc xlink:type="arc" xlink:arcrole="http://xbrl.org/int/dim/arcrole/hypercube-dimension" xlink:from="DespesasPrimariasTable" xlink:to="RREO06ExecucaoDaDespesaAxis" xlink:title="definition: DespesasPrimariasTable to RREO06ExecucaoDaDespesaAxis" order="1.0"/>
    <link:loc xlink:type="locator" xlink:href="../../../cor/dim/siconfi-dim_2020-12-31.xsd#siconfi-dim_DotacaoAtualizadaMember" xlink:label="DotacaoAtualizadaMember" xlink:title="DotacaoAtualizadaMember"/>
    <link:definitionArc xlink:type="arc" xlink:arcrole="http://xbrl.org/int/dim/arcrole/dimension-domain" xlink:from="RREO06ExecucaoDaDespesaAxis" xlink:to="DotacaoAtualizadaMember" xlink:title="definition: RREO06ExecucaoDaDespesaAxis to DotacaoAtualizadaMember" order="1.0"/>
    <link:loc xlink:type="locator" xlink:href="../../../cor/dim/siconfi-dim_2020-12-31.xsd#siconfi-dim_DespesasAteOBimestreMember" xlink:label="DespesasAteOBimestreMember" xlink:title="DespesasAteOBimestreMember"/>
    <link:definitionArc xlink:type="arc" xlink:arcrole="http://xbrl.org/int/dim/arcrole/dimension-domain" xlink:from="RREO06ExecucaoDaDespesaAxis" xlink:to="DespesasAteOBimestreMember" xlink:title="definition: RREO06ExecucaoDaDespesaAxis to DespesasAteOBimestreMember" order="2.0" xbrldt:usable="false"/>
    <link:loc xlink:type="locator" xlink:href="../../../cor/dim/siconfi-dim_2020-12-31.xsd#siconfi-dim_DespesasEmpenhadasMember" xlink:label="DespesasEmpenhadasMember" xlink:title="DespesasEmpenhadasMember"/>
    <link:definitionArc xlink:type="arc" xlink:arcrole="http://xbrl.org/int/dim/arcrole/domain-member" xlink:from="DespesasAteOBimestreMember" xlink:to="DespesasEmpenhadasMember" xlink:title="definition: DespesasAteOBimestreMember to DespesasEmpenhadasMember" order="1.0"/>
    <link:loc xlink:type="locator" xlink:href="../../../cor/dim/siconfi-dim_2020-12-31.xsd#siconfi-dim_DespesasLiquidadasMember" xlink:label="DespesasLiquidadasMember" xlink:title="DespesasLiquidadasMember"/>
    <link:definitionArc xlink:type="arc" xlink:arcrole="http://xbrl.org/int/dim/arcrole/domain-member" xlink:from="DespesasAteOBimestreMember" xlink:to="DespesasLiquidadasMember" xlink:title="definition: DespesasAteOBimestreMember to DespesasLiquidadasMember" order="2.0"/>
    <link:loc xlink:type="locator" xlink:href="../../../cor/dim/siconfi-dim_2020-12-31.xsd#siconfi-dim_DespesasPagasAteOBimestreMember" xlink:label="DespesasPagasAteOBimestreMember" xlink:title="DespesasPagasAteOBimestreMember"/>
    <link:definitionArc xlink:type="arc" xlink:arcrole="http://xbrl.org/int/dim/arcrole/domain-member" xlink:from="DespesasAteOBimestreMember" xlink:to="DespesasPagasAteOBimestreMember" xlink:title="definition: DespesasAteOBimestreMember to DespesasPagasAteOBimestreMember" order="3.0"/>
    <link:loc xlink:type="locator" xlink:href="../../../cor/dim/siconfi-dim_2020-12-31.xsd#siconfi-dim_RestosAPagarProcessadosPagosMember" xlink:label="RestosAPagarProcessadosPagosMember" xlink:title="RestosAPagarProcessadosPagosMember"/>
    <link:definitionArc xlink:type="arc" xlink:arcrole="http://xbrl.org/int/dim/arcrole/domain-member" xlink:from="DespesasAteOBimestreMember" xlink:to="RestosAPagarProcessadosPagosMember" xlink:title="definition: DespesasAteOBimestreMember to RestosAPagarProcessadosPagosMember" order="4.0"/>
    <link:loc xlink:type="locator" xlink:href="../../../cor/dim/siconfi-dim_2020-12-31.xsd#siconfi-dim_DespesasInscritasEmRestosAPagarNaoProcessadosMember" xlink:label="DespesasInscritasEmRestosAPagarNaoProcessadosMember" xlink:title="DespesasInscritasEmRestosAPagarNaoProcessadosMember"/>
    <link:definitionArc xlink:type="arc" xlink:arcrole="http://xbrl.org/int/dim/arcrole/domain-member" xlink:from="DespesasAteOBimestreMember" xlink:to="DespesasInscritasEmRestosAPagarNaoProcessadosMember" xlink:title="definition: DespesasAteOBimestreMember to DespesasInscritasEmRestosAPagarNaoProcessadosMember" order="5.0" xbrldt:usable="false"/>
    <link:loc xlink:type="locator" xlink:href="../../../cor/dim/siconfi-dim_2020-12-31.xsd#siconfi-dim_RestosAPagarNaoProcessadosLiquidadosMember" xlink:label="RestosAPagarNaoProcessadosLiquidadosMember" xlink:title="RestosAPagarNaoProcessadosLiquidadosMember"/>
    <link:definitionArc xlink:type="arc" xlink:arcrole="http://xbrl.org/int/dim/arcrole/domain-member" xlink:from="DespesasInscritasEmRestosAPagarNaoProcessadosMember" xlink:to="RestosAPagarNaoProcessadosLiquidadosMember" xlink:title="definition: DespesasInscritasEmRestosAPagarNaoProcessadosMember to RestosAPagarNaoProcessadosLiquidadosMember" order="1.0"/>
    <link:loc xlink:type="locator" xlink:href="../../../cor/dim/siconfi-dim_2020-12-31.xsd#siconfi-dim_RestosAPagarNaoProcessadosPagosMember" xlink:label="RestosAPagarNaoProcessadosPagosMember" xlink:title="RestosAPagarNaoProcessadosPagosMember"/>
    <link:definitionArc xlink:type="arc" xlink:arcrole="http://xbrl.org/int/dim/arcrole/domain-member" xlink:from="DespesasInscritasEmRestosAPagarNaoProcessadosMember" xlink:to="RestosAPagarNaoProcessadosPagosMember" xlink:title="definition: DespesasInscritasEmRestosAPagarNaoProcessadosMember to RestosAPagarNaoProcessadosPagosMember" order="2.0"/>
  </link:definitionLink>
</link:linkbase>
