<?xml version="1.0" encoding="UTF-8"?>
<!-- Generated by Fujitsu Interstage XWand B0196 -->
<link:linkbase xmlns:xsi="http://www.w3.org/2001/XMLSchema-instance" xsi:schemaLocation="http://www.xbrl.org/2003/linkbase http://www.xbrl.org/2003/xbrl-linkbase-2003-12-31.xsd" xmlns:siconfi-rreo-anexo9="http://fazenda.gov.br/siconfi/rep/rreo/anexo9/siconfi-rreo-anexo9_2019-12-31" xmlns:link="http://www.xbrl.org/2003/linkbase" xmlns:xbrli="http://www.xbrl.org/2003/instance" xmlns:xlink="http://www.w3.org/1999/xlink" xmlns:xbrldt="http://xbrl.org/2005/xbrldt">
  <link:roleRef roleURI="http://fazenda.gov.br/siconfi/rep/rreo/anexo9/siconfi-rreo-anexo9-tabela9.0" xlink:type="simple" xlink:href="siconfi-rreo-anexo9_2019-12-31.xsd#siconfi-rreo-anexo9-tabela9.0"/>
  <link:roleRef roleURI="http://fazenda.gov.br/siconfi/rep/rreo/anexo9/siconfi-rreo-anexo9-tabela9.0A" xlink:type="simple" xlink:href="siconfi-rreo-anexo9_2019-12-31.xsd#siconfi-rreo-anexo9-tabela9.0A"/>
  <link:roleRef roleURI="http://fazenda.gov.br/siconfi/rep/rreo/anexo9/siconfi-rreo-anexo9-tabela9.0B" xlink:type="simple" xlink:href="siconfi-rreo-anexo9_2019-12-31.xsd#siconfi-rreo-anexo9-tabela9.0B"/>
  <link:roleRef roleURI="http://fazenda.gov.br/siconfi/rep/rreo/anexo9/siconfi-rreo-anexo9-tabela9.0C" xlink:type="simple" xlink:href="siconfi-rreo-anexo9_2019-12-31.xsd#siconfi-rreo-anexo9-tabela9.0C"/>
  <link:arcroleRef arcroleURI="http://xbrl.org/int/dim/arcrole/all" xlink:type="simple" xlink:href="http://www.xbrl.org/2005/xbrldt-2005.xsd#all"/>
  <link:arcroleRef arcroleURI="http://xbrl.org/int/dim/arcrole/dimension-domain" xlink:type="simple" xlink:href="http://www.xbrl.org/2005/xbrldt-2005.xsd#dimension-domain"/>
  <link:arcroleRef arcroleURI="http://xbrl.org/int/dim/arcrole/domain-member" xlink:type="simple" xlink:href="http://www.xbrl.org/2005/xbrldt-2005.xsd#domain-member"/>
  <link:arcroleRef arcroleURI="http://xbrl.org/int/dim/arcrole/hypercube-dimension" xlink:type="simple" xlink:href="http://www.xbrl.org/2005/xbrldt-2005.xsd#hypercube-dimension"/>
  <link:definitionLink xlink:type="extended" xlink:role="http://fazenda.gov.br/siconfi/rep/rreo/anexo9/siconfi-rreo-anexo9-tabela9.0A">
    <link:loc xlink:type="locator" xlink:href="siconfi-rreo-anexo9_2019-12-31.xsd#siconfi-rreo-anexo9uniao_ReceitasAbstract" xlink:label="ReceitasAbstract" xlink:title="ReceitasAbstract"/>
    <link:loc xlink:type="locator" xlink:href="siconfi-rreo-anexo9_2019-12-31.xsd#siconfi-rreo-anexo9uniao_ReceitasLineItems" xlink:label="ReceitasLineItems" xlink:title="ReceitasLineItems"/>
    <link:definitionArc xlink:type="arc" xlink:arcrole="http://xbrl.org/int/dim/arcrole/domain-member" xlink:from="ReceitasAbstract" xlink:to="ReceitasLineItems" xlink:title="definition: ReceitasAbstract to ReceitasLineItems" order="1.0"/>
    <link:loc xlink:type="locator" xlink:href="../../../cor/ic/siconfi-cor_2019-12-31.xsd#siconfi-cor_RREO9ReceitasDeOperacoesDeCredito" xlink:label="RREO9ReceitasDeOperacoesDeCredito" xlink:title="RREO9ReceitasDeOperacoesDeCredito"/>
    <link:definitionArc xlink:type="arc" xlink:arcrole="http://xbrl.org/int/dim/arcrole/domain-member" xlink:from="ReceitasLineItems" xlink:to="RREO9ReceitasDeOperacoesDeCredito" xlink:title="definition: ReceitasLineItems to RREO9ReceitasDeOperacoesDeCredito" order="1.0"/>
    <link:loc xlink:type="locator" xlink:href="siconfi-rreo-anexo9_2019-12-31.xsd#siconfi-rreo-anexo9uniao_ReceitasTable" xlink:label="ReceitasTable" xlink:title="ReceitasTable"/>
    <link:definitionArc xlink:type="arc" xlink:arcrole="http://xbrl.org/int/dim/arcrole/all" xlink:from="ReceitasAbstract" xlink:to="ReceitasTable" xlink:title="definition: ReceitasAbstract to ReceitasTable" order="2.0" xbrldt:contextElement="segment" xbrldt:closed="true"/>
    <link:loc xlink:type="locator" xlink:href="../../../cor/dim/siconfi-dim_2019-12-31.xsd#siconfi-dim_ExecucaoDaReceitaAxis" xlink:label="ExecucaoDaReceitaAxis" xlink:title="ExecucaoDaReceitaAxis"/>
    <link:definitionArc xlink:type="arc" xlink:arcrole="http://xbrl.org/int/dim/arcrole/hypercube-dimension" xlink:from="ReceitasTable" xlink:to="ExecucaoDaReceitaAxis" xlink:title="definition: ReceitasTable to ExecucaoDaReceitaAxis" order="1.0"/>
    <link:loc xlink:type="locator" xlink:href="../../../cor/dim/siconfi-dim_2019-12-31.xsd#siconfi-dim_PrevisaoAtualizadaMember" xlink:label="PrevisaoAtualizadaMember" xlink:title="PrevisaoAtualizadaMember"/>
    <link:definitionArc xlink:type="arc" xlink:arcrole="http://xbrl.org/int/dim/arcrole/dimension-domain" xlink:from="ExecucaoDaReceitaAxis" xlink:to="PrevisaoAtualizadaMember" xlink:title="definition: ExecucaoDaReceitaAxis to PrevisaoAtualizadaMember" order="1.0"/>
    <link:loc xlink:type="locator" xlink:href="../../../cor/dim/siconfi-dim_2019-12-31.xsd#siconfi-dim_ReceitasRealizadasAteOBimestreMember" xlink:label="ReceitasRealizadasAteOBimestreMember" xlink:title="ReceitasRealizadasAteOBimestreMember"/>
    <link:definitionArc xlink:type="arc" xlink:arcrole="http://xbrl.org/int/dim/arcrole/dimension-domain" xlink:from="ExecucaoDaReceitaAxis" xlink:to="ReceitasRealizadasAteOBimestreMember" xlink:title="definition: ExecucaoDaReceitaAxis to ReceitasRealizadasAteOBimestreMember" order="2.0"/>
    <link:loc xlink:type="locator" xlink:href="../../../cor/dim/siconfi-dim_2019-12-31.xsd#siconfi-dim_SaldoReceitaMember" xlink:label="SaldoReceitaMember" xlink:title="SaldoReceitaMember"/>
    <link:definitionArc xlink:type="arc" xlink:arcrole="http://xbrl.org/int/dim/arcrole/dimension-domain" xlink:from="ExecucaoDaReceitaAxis" xlink:to="SaldoReceitaMember" xlink:title="definition: ExecucaoDaReceitaAxis to SaldoReceitaMember" order="3.0"/>
  </link:definitionLink>
  <link:definitionLink xlink:type="extended" xlink:role="http://fazenda.gov.br/siconfi/rep/rreo/anexo9/siconfi-rreo-anexo9-tabela9.0B">
    <link:loc xlink:type="locator" xlink:href="siconfi-rreo-anexo9_2019-12-31.xsd#siconfi-rreo-anexo9uniao_DespesasAbstract" xlink:label="DespesasAbstract" xlink:title="DespesasAbstract"/>
    <link:loc xlink:type="locator" xlink:href="siconfi-rreo-anexo9_2019-12-31.xsd#siconfi-rreo-anexo9uniao_DespesasLineItems" xlink:label="DespesasLineItems" xlink:title="DespesasLineItems"/>
    <link:definitionArc xlink:type="arc" xlink:arcrole="http://xbrl.org/int/dim/arcrole/domain-member" xlink:from="DespesasAbstract" xlink:to="DespesasLineItems" xlink:title="definition: DespesasAbstract to DespesasLineItems" order="1.0"/>
    <link:loc xlink:type="locator" xlink:href="../../../cor/ic/siconfi-cor_2019-12-31.xsd#siconfi-cor_IncentivosFiscaisAContribuinte" xlink:label="IncentivosFiscaisAContribuinte" xlink:title="IncentivosFiscaisAContribuinte"/>
    <link:definitionArc xlink:type="arc" xlink:arcrole="http://xbrl.org/int/dim/arcrole/domain-member" xlink:from="DespesasLineItems" xlink:to="IncentivosFiscaisAContribuinte" xlink:title="definition: DespesasLineItems to IncentivosFiscaisAContribuinte" order="2.0"/>
    <link:loc xlink:type="locator" xlink:href="../../../cor/ic/siconfi-cor_2019-12-31.xsd#siconfi-cor_IncentivosFiscaisAContribuintePorInstituicoesFinanceiras" xlink:label="IncentivosFiscaisAContribuintePorInstituicoesFinanceiras" xlink:title="IncentivosFiscaisAContribuintePorInstituicoesFinanceiras"/>
    <link:definitionArc xlink:type="arc" xlink:arcrole="http://xbrl.org/int/dim/arcrole/domain-member" xlink:from="DespesasLineItems" xlink:to="IncentivosFiscaisAContribuintePorInstituicoesFinanceiras" xlink:title="definition: DespesasLineItems to IncentivosFiscaisAContribuintePorInstituicoesFinanceiras" order="3.0"/>
    <link:loc xlink:type="locator" xlink:href="../../../cor/ic/siconfi-cor_2019-12-31.xsd#siconfi-cor_DespesaDeCapitalLiquida" xlink:label="DespesaDeCapitalLiquida" xlink:title="DespesaDeCapitalLiquida"/>
    <link:definitionArc xlink:type="arc" xlink:arcrole="http://xbrl.org/int/dim/arcrole/domain-member" xlink:from="DespesasLineItems" xlink:to="DespesaDeCapitalLiquida" xlink:title="definition: DespesasLineItems to DespesaDeCapitalLiquida" order="4.0"/>
    <link:loc xlink:type="locator" xlink:href="../../../cor/ic/siconfi-cor_2019-12-31.xsd#siconfi-cor_RREO9DespesasDeCapital" xlink:label="RREO9DespesasDeCapital" xlink:title="RREO9DespesasDeCapital"/>
    <link:definitionArc xlink:type="arc" xlink:arcrole="http://xbrl.org/int/dim/arcrole/domain-member" xlink:from="DespesasLineItems" xlink:to="RREO9DespesasDeCapital" xlink:title="definition: DespesasLineItems to RREO9DespesasDeCapital" order="1.0"/>
    <link:loc xlink:type="locator" xlink:href="../../../cor/ic/siconfi-cor_2019-12-31.xsd#siconfi-cor_Investimentos" xlink:label="Investimentos" xlink:title="Investimentos"/>
    <link:definitionArc xlink:type="arc" xlink:arcrole="http://xbrl.org/int/dim/arcrole/domain-member" xlink:from="RREO9DespesasDeCapital" xlink:to="Investimentos" xlink:title="definition: RREO9DespesasDeCapital to Investimentos" order="1.0"/>
    <link:loc xlink:type="locator" xlink:href="../../../cor/ic/siconfi-cor_2019-12-31.xsd#siconfi-cor_InversoesFinanceiras" xlink:label="InversoesFinanceiras" xlink:title="InversoesFinanceiras"/>
    <link:definitionArc xlink:type="arc" xlink:arcrole="http://xbrl.org/int/dim/arcrole/domain-member" xlink:from="RREO9DespesasDeCapital" xlink:to="InversoesFinanceiras" xlink:title="definition: RREO9DespesasDeCapital to InversoesFinanceiras" order="2.0"/>
    <link:loc xlink:type="locator" xlink:href="../../../cor/ic/siconfi-cor_2019-12-31.xsd#siconfi-cor_AmortizacaoDaDivida" xlink:label="AmortizacaoDaDivida" xlink:title="AmortizacaoDaDivida"/>
    <link:definitionArc xlink:type="arc" xlink:arcrole="http://xbrl.org/int/dim/arcrole/domain-member" xlink:from="RREO9DespesasDeCapital" xlink:to="AmortizacaoDaDivida" xlink:title="definition: RREO9DespesasDeCapital to AmortizacaoDaDivida" order="3.0"/>
    <link:loc xlink:type="locator" xlink:href="siconfi-rreo-anexo9_2019-12-31.xsd#siconfi-rreo-anexo9uniao_DespesasTable" xlink:label="DespesasTable" xlink:title="DespesasTable"/>
    <link:definitionArc xlink:type="arc" xlink:arcrole="http://xbrl.org/int/dim/arcrole/all" xlink:from="DespesasAbstract" xlink:to="DespesasTable" xlink:title="definition: DespesasAbstract to DespesasTable" order="2.0" xbrldt:contextElement="segment" xbrldt:closed="true"/>
    <link:loc xlink:type="locator" xlink:href="../../../cor/dim/siconfi-dim_2019-12-31.xsd#siconfi-dim_ExecucaoDaDespesaDeCapitalAxis" xlink:label="ExecucaoDaDespesaDeCapitalAxis" xlink:title="ExecucaoDaDespesaDeCapitalAxis"/>
    <link:definitionArc xlink:type="arc" xlink:arcrole="http://xbrl.org/int/dim/arcrole/hypercube-dimension" xlink:from="DespesasTable" xlink:to="ExecucaoDaDespesaDeCapitalAxis" xlink:title="definition: DespesasTable to ExecucaoDaDespesaDeCapitalAxis" order="1.0"/>
    <link:loc xlink:type="locator" xlink:href="../../../cor/dim/siconfi-dim_2019-12-31.xsd#siconfi-dim_DotacaoAtualizadaMember" xlink:label="DotacaoAtualizadaMember" xlink:title="DotacaoAtualizadaMember"/>
    <link:definitionArc xlink:type="arc" xlink:arcrole="http://xbrl.org/int/dim/arcrole/dimension-domain" xlink:from="ExecucaoDaDespesaDeCapitalAxis" xlink:to="DotacaoAtualizadaMember" xlink:title="definition: ExecucaoDaDespesaDeCapitalAxis to DotacaoAtualizadaMember" order="1.0"/>
    <link:loc xlink:type="locator" xlink:href="../../../cor/dim/siconfi-dim_2019-12-31.xsd#siconfi-dim_DespesasEmpenhadasMember" xlink:label="DespesasEmpenhadasMember" xlink:title="DespesasEmpenhadasMember"/>
    <link:definitionArc xlink:type="arc" xlink:arcrole="http://xbrl.org/int/dim/arcrole/dimension-domain" xlink:from="ExecucaoDaDespesaDeCapitalAxis" xlink:to="DespesasEmpenhadasMember" xlink:title="definition: ExecucaoDaDespesaDeCapitalAxis to DespesasEmpenhadasMember" order="2.0"/>
    <link:loc xlink:type="locator" xlink:href="../../../cor/dim/siconfi-dim_2019-12-31.xsd#siconfi-dim_SaldoDespesaMember" xlink:label="SaldoDespesaMember" xlink:title="SaldoDespesaMember"/>
    <link:definitionArc xlink:type="arc" xlink:arcrole="http://xbrl.org/int/dim/arcrole/dimension-domain" xlink:from="ExecucaoDaDespesaDeCapitalAxis" xlink:to="SaldoDespesaMember" xlink:title="definition: ExecucaoDaDespesaDeCapitalAxis to SaldoDespesaMember" order="5.0"/>
  </link:definitionLink>
  <link:definitionLink xlink:type="extended" xlink:role="http://fazenda.gov.br/siconfi/rep/rreo/anexo9/siconfi-rreo-anexo9-tabela9.0C">
    <link:loc xlink:type="locator" xlink:href="siconfi-rreo-anexo9_2019-12-31.xsd#siconfi-rreo-anexo9uniao_RegraDeOuroAbstract" xlink:label="RegraDeOuroAbstract" xlink:title="RegraDeOuroAbstract"/>
    <link:loc xlink:type="locator" xlink:href="siconfi-rreo-anexo9_2019-12-31.xsd#siconfi-rreo-anexo9uniao_RegraDeOuroLineItems" xlink:label="RegraDeOuroLineItems" xlink:title="RegraDeOuroLineItems"/>
    <link:definitionArc xlink:type="arc" xlink:arcrole="http://xbrl.org/int/dim/arcrole/domain-member" xlink:from="RegraDeOuroAbstract" xlink:to="RegraDeOuroLineItems" xlink:title="definition: RegraDeOuroAbstract to RegraDeOuroLineItems" order="1.0"/>
    <link:loc xlink:type="locator" xlink:href="../../../cor/ic/siconfi-cor_2019-12-31.xsd#siconfi-cor_ResultadoParaApuracaoDaRegraDeOuro" xlink:label="ResultadoParaApuracaoDaRegraDeOuro" xlink:title="ResultadoParaApuracaoDaRegraDeOuro"/>
    <link:definitionArc xlink:type="arc" xlink:arcrole="http://xbrl.org/int/dim/arcrole/domain-member" xlink:from="RegraDeOuroLineItems" xlink:to="ResultadoParaApuracaoDaRegraDeOuro" xlink:title="definition: RegraDeOuroLineItems to ResultadoParaApuracaoDaRegraDeOuro" order="1.0"/>
    <link:loc xlink:type="locator" xlink:href="siconfi-rreo-anexo9_2019-12-31.xsd#siconfi-rreo-anexo9uniao_RegraDeOuroTable" xlink:label="RegraDeOuroTable" xlink:title="RegraDeOuroTable"/>
    <link:definitionArc xlink:type="arc" xlink:arcrole="http://xbrl.org/int/dim/arcrole/all" xlink:from="RegraDeOuroAbstract" xlink:to="RegraDeOuroTable" xlink:title="definition: RegraDeOuroAbstract to RegraDeOuroTable" order="2.0" xbrldt:contextElement="segment" xbrldt:closed="true"/>
    <link:loc xlink:type="locator" xlink:href="../../../cor/dim/siconfi-dim_2019-12-31.xsd#siconfi-dim_ApuracaoRegraDeOuroAxis" xlink:label="ApuracaoRegraDeOuroAxis" xlink:title="ApuracaoRegraDeOuroAxis"/>
    <link:definitionArc xlink:type="arc" xlink:arcrole="http://xbrl.org/int/dim/arcrole/hypercube-dimension" xlink:from="RegraDeOuroTable" xlink:to="ApuracaoRegraDeOuroAxis" xlink:title="definition: RegraDeOuroTable to ApuracaoRegraDeOuroAxis" order="1.0"/>
    <link:loc xlink:type="locator" xlink:href="../../../cor/dim/siconfi-dim_2019-12-31.xsd#siconfi-dim_ApuracaoDaRegraDeOuroUmMember" xlink:label="ApuracaoDaRegraDeOuroUmMember" xlink:title="ApuracaoDaRegraDeOuroUmMember"/>
    <link:definitionArc xlink:type="arc" xlink:arcrole="http://xbrl.org/int/dim/arcrole/dimension-domain" xlink:from="ApuracaoRegraDeOuroAxis" xlink:to="ApuracaoDaRegraDeOuroUmMember" xlink:title="definition: ApuracaoRegraDeOuroAxis to ApuracaoDaRegraDeOuroUmMember" order="1.0"/>
    <link:loc xlink:type="locator" xlink:href="../../../cor/dim/siconfi-dim_2019-12-31.xsd#siconfi-dim_ApuracaoDaRegraDeOuroDoisMember" xlink:label="ApuracaoDaRegraDeOuroDoisMember" xlink:title="ApuracaoDaRegraDeOuroDoisMember"/>
    <link:definitionArc xlink:type="arc" xlink:arcrole="http://xbrl.org/int/dim/arcrole/dimension-domain" xlink:from="ApuracaoRegraDeOuroAxis" xlink:to="ApuracaoDaRegraDeOuroDoisMember" xlink:title="definition: ApuracaoRegraDeOuroAxis to ApuracaoDaRegraDeOuroDoisMember" order="2.0"/>
    <link:loc xlink:type="locator" xlink:href="../../../cor/dim/siconfi-dim_2019-12-31.xsd#siconfi-dim_ApuracaoDaRegraDeOuroTresMember" xlink:label="ApuracaoDaRegraDeOuroTresMember" xlink:title="ApuracaoDaRegraDeOuroTresMember"/>
    <link:definitionArc xlink:type="arc" xlink:arcrole="http://xbrl.org/int/dim/arcrole/dimension-domain" xlink:from="ApuracaoRegraDeOuroAxis" xlink:to="ApuracaoDaRegraDeOuroTresMember" xlink:title="definition: ApuracaoRegraDeOuroAxis to ApuracaoDaRegraDeOuroTresMember" order="3.0"/>
  </link:definitionLink>
</link:linkbase>
