<?xml version="1.0" encoding="UTF-8"?>
<!-- Generated by Fujitsu Interstage XWand B0196 -->
<link:linkbase xmlns:xsi="http://www.w3.org/2001/XMLSchema-instance" xsi:schemaLocation="http://www.xbrl.org/2003/linkbase http://www.xbrl.org/2003/xbrl-linkbase-2003-12-31.xsd" xmlns:siconfi-rgf-anexo4estadosmunicipios="http://fazenda.gov.br/siconfi/rep/rgf/anexo4estadosmunicipios/siconfi-rgf-anexo4estadosmunicipios_2019-12-31" xmlns:link="http://www.xbrl.org/2003/linkbase" xmlns:xbrldt="http://xbrl.org/2005/xbrldt" xmlns:xlink="http://www.w3.org/1999/xlink" xmlns:xbrli="http://www.xbrl.org/2003/instance">
  <link:roleRef roleURI="http://fazenda.gov.br/siconfi/rep/rgf/anexo4estadosmunicipios/siconfi-rgf-anexo4-tabela4.0A" xlink:type="simple" xlink:href="siconfi-rgf-anexo4estadosmunicipios_2019-12-31.xsd#siconfi-rgf-anexo4-tabela4.0A"/>
  <link:roleRef roleURI="http://fazenda.gov.br/siconfi/rep/rgf/anexo4estadosmunicipios/siconfi-rgf-anexo4-tabela4.0B" xlink:type="simple" xlink:href="siconfi-rgf-anexo4estadosmunicipios_2019-12-31.xsd#siconfi-rgf-anexo4-tabela4.0B"/>
  <link:roleRef roleURI="http://fazenda.gov.br/siconfi/rep/rgf/anexo4estadosmunicipios/siconfi-rgf-anexo4-tabela4.0C" xlink:type="simple" xlink:href="siconfi-rgf-anexo4estadosmunicipios_2019-12-31.xsd#siconfi-rgf-anexo4-tabela4.0C"/>
  <link:arcroleRef arcroleURI="http://xbrl.org/int/dim/arcrole/all" xlink:type="simple" xlink:href="http://www.xbrl.org/2005/xbrldt-2005.xsd#all"/>
  <link:arcroleRef arcroleURI="http://xbrl.org/int/dim/arcrole/domain-member" xlink:type="simple" xlink:href="http://www.xbrl.org/2005/xbrldt-2005.xsd#domain-member"/>
  <link:arcroleRef arcroleURI="http://xbrl.org/int/dim/arcrole/hypercube-dimension" xlink:type="simple" xlink:href="http://www.xbrl.org/2005/xbrldt-2005.xsd#hypercube-dimension"/>
  <link:arcroleRef arcroleURI="http://xbrl.org/int/dim/arcrole/dimension-domain" xlink:type="simple" xlink:href="http://www.xbrl.org/2005/xbrldt-2005.xsd#dimension-domain"/>
  <link:arcroleRef arcroleURI="http://xbrl.org/int/dim/arcrole/notAll" xlink:type="simple" xlink:href="http://www.xbrl.org/2005/xbrldt-2005.xsd#notAll"/>
  <link:definitionLink xlink:type="extended" xlink:role="http://fazenda.gov.br/siconfi/rep/rgf/anexo4estadosmunicipios/siconfi-rgf-anexo4-tabela4.0A">
    <link:loc xlink:type="locator" xlink:href="siconfi-rgf-anexo4estadosmunicipios_2019-12-31.xsd#siconfi-rgf-anexo4estados_OperacoesDeCreditoAbstract" xlink:label="OperacoesDeCreditoAbstract" xlink:title="OperacoesDeCreditoAbstract"/>
    <link:loc xlink:type="locator" xlink:href="siconfi-rgf-anexo4estadosmunicipios_2019-12-31.xsd#siconfi-rgf-anexo4estados_OperacoesDeCreditoLineItems" xlink:label="OperacoesDeCreditoLineItems" xlink:title="OperacoesDeCreditoLineItems"/>
    <link:definitionArc xlink:type="arc" xlink:arcrole="http://xbrl.org/int/dim/arcrole/domain-member" xlink:from="OperacoesDeCreditoAbstract" xlink:to="OperacoesDeCreditoLineItems" xlink:title="definition: OperacoesDeCreditoAbstract to OperacoesDeCreditoLineItems" order="1.0"/>
    <link:loc xlink:type="locator" xlink:href="../../../cor/ic/siconfi-cor_2019-12-31.xsd#siconfi-cor_OperacoesDeCreditoMobiliaria" xlink:label="OperacoesDeCreditoMobiliaria" xlink:title="OperacoesDeCreditoMobiliaria"/>
    <link:definitionArc xlink:type="arc" xlink:arcrole="http://xbrl.org/int/dim/arcrole/domain-member" xlink:from="OperacoesDeCreditoLineItems" xlink:to="OperacoesDeCreditoMobiliaria" xlink:title="definition: OperacoesDeCreditoLineItems to OperacoesDeCreditoMobiliaria" order="1.0"/>
    <link:loc xlink:type="locator" xlink:href="../../../cor/ic/siconfi-cor_2019-12-31.xsd#siconfi-cor_OperacoesDeCreditoMobiliariaInterna" xlink:label="OperacoesDeCreditoMobiliariaInterna" xlink:title="OperacoesDeCreditoMobiliariaInterna"/>
    <link:definitionArc xlink:type="arc" xlink:arcrole="http://xbrl.org/int/dim/arcrole/domain-member" xlink:from="OperacoesDeCreditoMobiliaria" xlink:to="OperacoesDeCreditoMobiliariaInterna" xlink:title="definition: OperacoesDeCreditoMobiliaria to OperacoesDeCreditoMobiliariaInterna" order="1.0"/>
    <link:loc xlink:type="locator" xlink:href="../../../cor/ic/siconfi-cor_2019-12-31.xsd#siconfi-cor_OperacoesDeCreditoMobiliariaExterna" xlink:label="OperacoesDeCreditoMobiliariaExterna" xlink:title="OperacoesDeCreditoMobiliariaExterna"/>
    <link:definitionArc xlink:type="arc" xlink:arcrole="http://xbrl.org/int/dim/arcrole/domain-member" xlink:from="OperacoesDeCreditoMobiliaria" xlink:to="OperacoesDeCreditoMobiliariaExterna" xlink:title="definition: OperacoesDeCreditoMobiliaria to OperacoesDeCreditoMobiliariaExterna" order="2.0"/>
    <link:loc xlink:type="locator" xlink:href="../../../cor/ic/siconfi-cor_2019-12-31.xsd#siconfi-cor_OperacoesDeCreditoContratual" xlink:label="OperacoesDeCreditoContratual" xlink:title="OperacoesDeCreditoContratual"/>
    <link:definitionArc xlink:type="arc" xlink:arcrole="http://xbrl.org/int/dim/arcrole/domain-member" xlink:from="OperacoesDeCreditoLineItems" xlink:to="OperacoesDeCreditoContratual" xlink:title="definition: OperacoesDeCreditoLineItems to OperacoesDeCreditoContratual" order="2.0"/>
    <link:loc xlink:type="locator" xlink:href="../../../cor/ic/siconfi-cor_2019-12-31.xsd#siconfi-cor_OperacoesDeCreditoContratualInterna" xlink:label="OperacoesDeCreditoContratualInterna" xlink:title="OperacoesDeCreditoContratualInterna"/>
    <link:definitionArc xlink:type="arc" xlink:arcrole="http://xbrl.org/int/dim/arcrole/domain-member" xlink:from="OperacoesDeCreditoContratual" xlink:to="OperacoesDeCreditoContratualInterna" xlink:title="definition: OperacoesDeCreditoContratual to OperacoesDeCreditoContratualInterna" order="1.0"/>
    <link:loc xlink:type="locator" xlink:href="../../../cor/ic/siconfi-cor_2019-12-31.xsd#siconfi-cor_RGF4OperacoesDeCreditoContratualInternaEmprestimos" xlink:label="RGF4OperacoesDeCreditoContratualInternaEmprestimos" xlink:title="RGF4OperacoesDeCreditoContratualInternaEmprestimos"/>
    <link:definitionArc xlink:type="arc" xlink:arcrole="http://xbrl.org/int/dim/arcrole/domain-member" xlink:from="OperacoesDeCreditoContratualInterna" xlink:to="RGF4OperacoesDeCreditoContratualInternaEmprestimos" xlink:title="definition: OperacoesDeCreditoContratualInterna to RGF4OperacoesDeCreditoContratualInternaEmprestimos" order="1.0"/>
    <link:loc xlink:type="locator" xlink:href="../../../cor/ic/siconfi-cor_2019-12-31.xsd#siconfi-cor_OperacoesDeCreditoContratualInternaAquisicaoFinanciadaDeBensEArrendamentoMercantilFinanceiro" xlink:label="OperacoesDeCreditoContratualInternaAquisicaoFinanciadaDeBensEArrendamentoMercantilFinanceiro" xlink:title="OperacoesDeCreditoContratualInternaAquisicaoFinanciadaDeBensEArrendamentoMercantilFinanceiro"/>
    <link:definitionArc xlink:type="arc" xlink:arcrole="http://xbrl.org/int/dim/arcrole/domain-member" xlink:from="OperacoesDeCreditoContratualInterna" xlink:to="OperacoesDeCreditoContratualInternaAquisicaoFinanciadaDeBensEArrendamentoMercantilFinanceiro" xlink:title="definition: OperacoesDeCreditoContratualInterna to OperacoesDeCreditoContratualInternaAquisicaoFinanciadaDeBensEArrendamentoMercantilFinanceiro" order="2.0"/>
    <link:loc xlink:type="locator" xlink:href="../../../cor/ic/siconfi-cor_2019-12-31.xsd#siconfi-cor_OperacoesDeCreditoContratualInternaAntecipacaoDeReceitaPelaVendaATermoDeBensEServicos" xlink:label="OperacoesDeCreditoContratualInternaAntecipacaoDeReceitaPelaVendaATermoDeBensEServicos" xlink:title="OperacoesDeCreditoContratualInternaAntecipacaoDeReceitaPelaVendaATermoDeBensEServicos"/>
    <link:definitionArc xlink:type="arc" xlink:arcrole="http://xbrl.org/int/dim/arcrole/domain-member" xlink:from="OperacoesDeCreditoContratualInterna" xlink:to="OperacoesDeCreditoContratualInternaAntecipacaoDeReceitaPelaVendaATermoDeBensEServicos" xlink:title="definition: OperacoesDeCreditoContratualInterna to OperacoesDeCreditoContratualInternaAntecipacaoDeReceitaPelaVendaATermoDeBensEServicos" order="3.0"/>
    <link:loc xlink:type="locator" xlink:href="../../../cor/ic/siconfi-cor_2019-12-31.xsd#siconfi-cor_OperacoesDeCreditoContratualInternaAssuncaoReconhecimentoEConfissaoDeDividas" xlink:label="OperacoesDeCreditoContratualInternaAssuncaoReconhecimentoEConfissaoDeDividas" xlink:title="OperacoesDeCreditoContratualInternaAssuncaoReconhecimentoEConfissaoDeDividas"/>
    <link:definitionArc xlink:type="arc" xlink:arcrole="http://xbrl.org/int/dim/arcrole/domain-member" xlink:from="OperacoesDeCreditoContratualInterna" xlink:to="OperacoesDeCreditoContratualInternaAssuncaoReconhecimentoEConfissaoDeDividas" xlink:title="definition: OperacoesDeCreditoContratualInterna to OperacoesDeCreditoContratualInternaAssuncaoReconhecimentoEConfissaoDeDividas" order="4.0"/>
    <link:loc xlink:type="locator" xlink:href="../../../cor/ic/siconfi-cor_2019-12-31.xsd#siconfi-cor_RGF4OperacoesDeCreditoContratualInternaOperacoesDeCreditoPrevistas" xlink:label="RGF4OperacoesDeCreditoContratualInternaOperacoesDeCreditoPrevistas" xlink:title="RGF4OperacoesDeCreditoContratualInternaOperacoesDeCreditoPrevistas"/>
    <link:definitionArc xlink:type="arc" xlink:arcrole="http://xbrl.org/int/dim/arcrole/domain-member" xlink:from="OperacoesDeCreditoContratualInterna" xlink:to="RGF4OperacoesDeCreditoContratualInternaOperacoesDeCreditoPrevistas" xlink:title="definition: OperacoesDeCreditoContratualInterna to RGF4OperacoesDeCreditoContratualInternaOperacoesDeCreditoPrevistas" order="5.0"/>
    <link:loc xlink:type="locator" xlink:href="../../../cor/ic/siconfi-cor_2019-12-31.xsd#siconfi-cor_OperacoesDeCreditoContratualExterna" xlink:label="OperacoesDeCreditoContratualExterna" xlink:title="OperacoesDeCreditoContratualExterna"/>
    <link:definitionArc xlink:type="arc" xlink:arcrole="http://xbrl.org/int/dim/arcrole/domain-member" xlink:from="OperacoesDeCreditoContratual" xlink:to="OperacoesDeCreditoContratualExterna" xlink:title="definition: OperacoesDeCreditoContratual to OperacoesDeCreditoContratualExterna" order="2.0"/>
    <link:loc xlink:type="locator" xlink:href="../../../cor/ic/siconfi-cor_2019-12-31.xsd#siconfi-cor_RGF4OperacoesDeCreditoContratualExternaEmprestimos" xlink:label="RGF4OperacoesDeCreditoContratualExternaEmprestimos" xlink:title="RGF4OperacoesDeCreditoContratualExternaEmprestimos"/>
    <link:definitionArc xlink:type="arc" xlink:arcrole="http://xbrl.org/int/dim/arcrole/domain-member" xlink:from="OperacoesDeCreditoContratualExterna" xlink:to="RGF4OperacoesDeCreditoContratualExternaEmprestimos" xlink:title="definition: OperacoesDeCreditoContratualExterna to RGF4OperacoesDeCreditoContratualExternaEmprestimos" order="1.0"/>
    <link:loc xlink:type="locator" xlink:href="../../../cor/ic/siconfi-cor_2019-12-31.xsd#siconfi-cor_OperacoesDeCreditoContratualExternaAquisicaoFinanciadaDeBensEArrendamentoMercantilFinanceiro" xlink:label="OperacoesDeCreditoContratualExternaAquisicaoFinanciadaDeBensEArrendamentoMercantilFinanceiro" xlink:title="OperacoesDeCreditoContratualExternaAquisicaoFinanciadaDeBensEArrendamentoMercantilFinanceiro"/>
    <link:definitionArc xlink:type="arc" xlink:arcrole="http://xbrl.org/int/dim/arcrole/domain-member" xlink:from="OperacoesDeCreditoContratualExterna" xlink:to="OperacoesDeCreditoContratualExternaAquisicaoFinanciadaDeBensEArrendamentoMercantilFinanceiro" xlink:title="definition: OperacoesDeCreditoContratualExterna to OperacoesDeCreditoContratualExternaAquisicaoFinanciadaDeBensEArrendamentoMercantilFinanceiro" order="2.0"/>
    <link:loc xlink:type="locator" xlink:href="../../../cor/ic/siconfi-cor_2019-12-31.xsd#siconfi-cor_RGF4OperacoesDeCreditoContratualExternaAntecipacoesDeReceitasPelaVendaATermoDeBensEServicos" xlink:label="RGF4OperacoesDeCreditoContratualExternaAntecipacoesDeReceitasPelaVendaATermoDeBensEServicos" xlink:title="RGF4OperacoesDeCreditoContratualExternaAntecipacoesDeReceitasPelaVendaATermoDeBensEServicos"/>
    <link:definitionArc xlink:type="arc" xlink:arcrole="http://xbrl.org/int/dim/arcrole/domain-member" xlink:from="OperacoesDeCreditoContratualExterna" xlink:to="RGF4OperacoesDeCreditoContratualExternaAntecipacoesDeReceitasPelaVendaATermoDeBensEServicos" xlink:title="definition: OperacoesDeCreditoContratualExterna to RGF4OperacoesDeCreditoContratualExternaAntecipacoesDeReceitasPelaVendaATermoDeBensEServicos" order="3.0"/>
    <link:loc xlink:type="locator" xlink:href="../../../cor/ic/siconfi-cor_2019-12-31.xsd#siconfi-cor_OperacoesDeCreditoContratualExternaAssuncaoReconhecimentoEConfissaoDeDividas" xlink:label="OperacoesDeCreditoContratualExternaAssuncaoReconhecimentoEConfissaoDeDividas" xlink:title="OperacoesDeCreditoContratualExternaAssuncaoReconhecimentoEConfissaoDeDividas"/>
    <link:definitionArc xlink:type="arc" xlink:arcrole="http://xbrl.org/int/dim/arcrole/domain-member" xlink:from="OperacoesDeCreditoContratualExterna" xlink:to="OperacoesDeCreditoContratualExternaAssuncaoReconhecimentoEConfissaoDeDividas" xlink:title="definition: OperacoesDeCreditoContratualExterna to OperacoesDeCreditoContratualExternaAssuncaoReconhecimentoEConfissaoDeDividas" order="4.0"/>
    <link:loc xlink:type="locator" xlink:href="../../../cor/ic/siconfi-cor_2019-12-31.xsd#siconfi-cor_RGF4OperacoesDeCreditoContratualExternaOperacoesDeCreditoPrevistas" xlink:label="RGF4OperacoesDeCreditoContratualExternaOperacoesDeCreditoPrevistas" xlink:title="RGF4OperacoesDeCreditoContratualExternaOperacoesDeCreditoPrevistas"/>
    <link:definitionArc xlink:type="arc" xlink:arcrole="http://xbrl.org/int/dim/arcrole/domain-member" xlink:from="OperacoesDeCreditoContratualExterna" xlink:to="RGF4OperacoesDeCreditoContratualExternaOperacoesDeCreditoPrevistas" xlink:title="definition: OperacoesDeCreditoContratualExterna to RGF4OperacoesDeCreditoContratualExternaOperacoesDeCreditoPrevistas" order="5.0"/>
    <link:loc xlink:type="locator" xlink:href="../../../cor/ic/siconfi-cor_2019-12-31.xsd#siconfi-cor_RGF4OperacoesDeCreditoTotal" xlink:label="RGF4OperacoesDeCreditoTotal" xlink:title="RGF4OperacoesDeCreditoTotal"/>
    <link:definitionArc xlink:type="arc" xlink:arcrole="http://xbrl.org/int/dim/arcrole/domain-member" xlink:from="OperacoesDeCreditoLineItems" xlink:to="RGF4OperacoesDeCreditoTotal" xlink:title="definition: OperacoesDeCreditoLineItems to RGF4OperacoesDeCreditoTotal" order="3.0"/>
    <link:loc xlink:type="locator" xlink:href="siconfi-rgf-anexo4estadosmunicipios_2019-12-31.xsd#siconfi-rgf-anexo4estados_OperacoesDeCreditoTable" xlink:label="OperacoesDeCreditoTable" xlink:title="OperacoesDeCreditoTable"/>
    <link:definitionArc xlink:type="arc" xlink:arcrole="http://xbrl.org/int/dim/arcrole/all" xlink:from="OperacoesDeCreditoAbstract" xlink:to="OperacoesDeCreditoTable" xlink:title="definition: OperacoesDeCreditoAbstract to OperacoesDeCreditoTable" order="2.0" xbrldt:contextElement="segment" xbrldt:closed="true"/>
    <link:loc xlink:type="locator" xlink:href="../../../cor/dim/siconfi-dim_2019-12-31.xsd#siconfi-dim_ValorRealizadoPeriodoAxis" xlink:label="ValorRealizadoPeriodoAxis" xlink:title="ValorRealizadoPeriodoAxis"/>
    <link:definitionArc xlink:type="arc" xlink:arcrole="http://xbrl.org/int/dim/arcrole/hypercube-dimension" xlink:from="OperacoesDeCreditoTable" xlink:to="ValorRealizadoPeriodoAxis" xlink:title="definition: OperacoesDeCreditoTable to ValorRealizadoPeriodoAxis" order="1.0"/>
    <link:loc xlink:type="locator" xlink:href="../../../cor/dim/siconfi-dim_2019-12-31.xsd#siconfi-dim_ValorMember" xlink:label="ValorMember" xlink:title="ValorMember"/>
    <link:definitionArc xlink:type="arc" xlink:arcrole="http://xbrl.org/int/dim/arcrole/dimension-domain" xlink:from="ValorRealizadoPeriodoAxis" xlink:to="ValorMember" xlink:title="definition: ValorRealizadoPeriodoAxis to ValorMember" order="1.0" xbrldt:usable="false"/>
    <link:loc xlink:type="locator" xlink:href="../../../cor/dim/siconfi-dim_2019-12-31.xsd#siconfi-dim_NoQuadrimestreDeReferenciaMember" xlink:label="NoQuadrimestreDeReferenciaMember" xlink:title="NoQuadrimestreDeReferenciaMember"/>
    <link:definitionArc xlink:type="arc" xlink:arcrole="http://xbrl.org/int/dim/arcrole/domain-member" xlink:from="ValorMember" xlink:to="NoQuadrimestreDeReferenciaMember" xlink:title="definition: ValorMember to NoQuadrimestreDeReferenciaMember" order="1.0"/>
    <link:loc xlink:type="locator" xlink:href="../../../cor/dim/siconfi-dim_2019-12-31.xsd#siconfi-dim_AteOQuadrimestreDeReferenciaMember" xlink:label="AteOQuadrimestreDeReferenciaMember" xlink:title="AteOQuadrimestreDeReferenciaMember"/>
    <link:definitionArc xlink:type="arc" xlink:arcrole="http://xbrl.org/int/dim/arcrole/domain-member" xlink:from="ValorMember" xlink:to="AteOQuadrimestreDeReferenciaMember" xlink:title="definition: ValorMember to AteOQuadrimestreDeReferenciaMember" order="2.0"/>
  </link:definitionLink>
  <link:definitionLink xlink:type="extended" xlink:role="http://fazenda.gov.br/siconfi/rep/rgf/anexo4estadosmunicipios/siconfi-rgf-anexo4-tabela4.0B">
    <link:loc xlink:type="locator" xlink:href="siconfi-rgf-anexo4estadosmunicipios_2019-12-31.xsd#siconfi-rgf-anexo4estados_ApuracaoDoCumprimentoDosLimitesAbstract" xlink:label="ApuracaoDoCumprimentoDosLimitesAbstract" xlink:title="ApuracaoDoCumprimentoDosLimitesAbstract"/>
    <link:loc xlink:type="locator" xlink:href="siconfi-rgf-anexo4estadosmunicipios_2019-12-31.xsd#siconfi-rgf-anexo4estados_ApuracaoDoCumprimentoDosLimitesLineItems" xlink:label="ApuracaoDoCumprimentoDosLimitesLineItems" xlink:title="ApuracaoDoCumprimentoDosLimitesLineItems"/>
    <link:definitionArc xlink:type="arc" xlink:arcrole="http://xbrl.org/int/dim/arcrole/domain-member" xlink:from="ApuracaoDoCumprimentoDosLimitesAbstract" xlink:to="ApuracaoDoCumprimentoDosLimitesLineItems" xlink:title="definition: ApuracaoDoCumprimentoDosLimitesAbstract to ApuracaoDoCumprimentoDosLimitesLineItems" order="1.0"/>
    <link:loc xlink:type="locator" xlink:href="../../../cor/ic/siconfi-cor_2019-12-31.xsd#siconfi-cor_RGF4ReceitaCorrenteLiquida" xlink:label="RGF4ReceitaCorrenteLiquida" xlink:title="RGF4ReceitaCorrenteLiquida"/>
    <link:definitionArc xlink:type="arc" xlink:arcrole="http://xbrl.org/int/dim/arcrole/domain-member" xlink:from="ApuracaoDoCumprimentoDosLimitesLineItems" xlink:to="RGF4ReceitaCorrenteLiquida" xlink:title="definition: ApuracaoDoCumprimentoDosLimitesLineItems to RGF4ReceitaCorrenteLiquida" order="1.0"/>
    <link:loc xlink:type="locator" xlink:href="../../../cor/ic/siconfi-cor_2019-12-31.xsd#siconfi-cor_OperacoesVedadas" xlink:label="OperacoesVedadas" xlink:title="OperacoesVedadas"/>
    <link:definitionArc xlink:type="arc" xlink:arcrole="http://xbrl.org/int/dim/arcrole/domain-member" xlink:from="ApuracaoDoCumprimentoDosLimitesLineItems" xlink:to="OperacoesVedadas" xlink:title="definition: ApuracaoDoCumprimentoDosLimitesLineItems to OperacoesVedadas" order="4.0"/>
    <link:loc xlink:type="locator" xlink:href="../../../cor/ic/siconfi-cor_2019-12-31.xsd#siconfi-cor_TotalConsideradoParaFinsDaApuracaoDoCumprimentoDoLimiteOperacoesDeCredito" xlink:label="TotalConsideradoParaFinsDaApuracaoDoCumprimentoDoLimiteOperacoesDeCredito" xlink:title="TotalConsideradoParaFinsDaApuracaoDoCumprimentoDoLimiteOperacoesDeCredito"/>
    <link:definitionArc xlink:type="arc" xlink:arcrole="http://xbrl.org/int/dim/arcrole/domain-member" xlink:from="ApuracaoDoCumprimentoDosLimitesLineItems" xlink:to="TotalConsideradoParaFinsDaApuracaoDoCumprimentoDoLimiteOperacoesDeCredito" xlink:title="definition: ApuracaoDoCumprimentoDosLimitesLineItems to TotalConsideradoParaFinsDaApuracaoDoCumprimentoDoLimiteOperacoesDeCredito" order="5.0"/>
    <link:loc xlink:type="locator" xlink:href="../../../cor/ic/siconfi-cor_2019-12-31.xsd#siconfi-cor_LimiteGeralDefinidoPorResolucaoDoSenadoFederalParaAsOperacoesDeCreditoInternasEExternas" xlink:label="LimiteGeralDefinidoPorResolucaoDoSenadoFederalParaAsOperacoesDeCreditoInternasEExternas" xlink:title="LimiteGeralDefinidoPorResolucaoDoSenadoFederalParaAsOperacoesDeCreditoInternasEExternas"/>
    <link:definitionArc xlink:type="arc" xlink:arcrole="http://xbrl.org/int/dim/arcrole/domain-member" xlink:from="ApuracaoDoCumprimentoDosLimitesLineItems" xlink:to="LimiteGeralDefinidoPorResolucaoDoSenadoFederalParaAsOperacoesDeCreditoInternasEExternas" xlink:title="definition: ApuracaoDoCumprimentoDosLimitesLineItems to LimiteGeralDefinidoPorResolucaoDoSenadoFederalParaAsOperacoesDeCreditoInternasEExternas" order="6.0"/>
    <link:loc xlink:type="locator" xlink:href="../../../cor/ic/siconfi-cor_2019-12-31.xsd#siconfi-cor_LimiteDeAlertaOperacoesCredito" xlink:label="LimiteDeAlertaOperacoesCredito" xlink:title="LimiteDeAlertaOperacoesCredito"/>
    <link:definitionArc xlink:type="arc" xlink:arcrole="http://xbrl.org/int/dim/arcrole/domain-member" xlink:from="ApuracaoDoCumprimentoDosLimitesLineItems" xlink:to="LimiteDeAlertaOperacoesCredito" xlink:title="definition: ApuracaoDoCumprimentoDosLimitesLineItems to LimiteDeAlertaOperacoesCredito" order="7.0"/>
    <link:loc xlink:type="locator" xlink:href="../../../cor/ic/siconfi-cor_2019-12-31.xsd#siconfi-cor_OperacoesDeCreditoPorAntecipacaoDaReceitaOrcamentaria" xlink:label="OperacoesDeCreditoPorAntecipacaoDaReceitaOrcamentaria" xlink:title="OperacoesDeCreditoPorAntecipacaoDaReceitaOrcamentaria"/>
    <link:definitionArc xlink:type="arc" xlink:arcrole="http://xbrl.org/int/dim/arcrole/domain-member" xlink:from="ApuracaoDoCumprimentoDosLimitesLineItems" xlink:to="OperacoesDeCreditoPorAntecipacaoDaReceitaOrcamentaria" xlink:title="definition: ApuracaoDoCumprimentoDosLimitesLineItems to OperacoesDeCreditoPorAntecipacaoDaReceitaOrcamentaria" order="8.0"/>
    <link:loc xlink:type="locator" xlink:href="../../../cor/ic/siconfi-cor_2019-12-31.xsd#siconfi-cor_LimiteDefinidoPorResolucaoDoSenadoFederalParaAsOperacoesDeCreditoPorAntecipacaoDaReceitaOrcamentaria" xlink:label="LimiteDefinidoPorResolucaoDoSenadoFederalParaAsOperacoesDeCreditoPorAntecipacaoDaReceitaOrcamentaria" xlink:title="LimiteDefinidoPorResolucaoDoSenadoFederalParaAsOperacoesDeCreditoPorAntecipacaoDaReceitaOrcamentaria"/>
    <link:definitionArc xlink:type="arc" xlink:arcrole="http://xbrl.org/int/dim/arcrole/domain-member" xlink:from="ApuracaoDoCumprimentoDosLimitesLineItems" xlink:to="LimiteDefinidoPorResolucaoDoSenadoFederalParaAsOperacoesDeCreditoPorAntecipacaoDaReceitaOrcamentaria" xlink:title="definition: ApuracaoDoCumprimentoDosLimitesLineItems to LimiteDefinidoPorResolucaoDoSenadoFederalParaAsOperacoesDeCreditoPorAntecipacaoDaReceitaOrcamentaria" order="9.0"/>
    <link:loc xlink:type="locator" xlink:href="../../../cor/ic/siconfi-cor_2019-12-31.xsd#siconfi-cor_TransferenciasObrigatoriasDaUniaoRelativasAsEmendasIndividuais" xlink:label="TransferenciasObrigatoriasDaUniaoRelativasAsEmendasIndividuais" xlink:title="TransferenciasObrigatoriasDaUniaoRelativasAsEmendasIndividuais"/>
    <link:definitionArc xlink:type="arc" xlink:arcrole="http://xbrl.org/int/dim/arcrole/domain-member" xlink:from="ApuracaoDoCumprimentoDosLimitesLineItems" xlink:to="TransferenciasObrigatoriasDaUniaoRelativasAsEmendasIndividuais" xlink:title="definition: ApuracaoDoCumprimentoDosLimitesLineItems to TransferenciasObrigatoriasDaUniaoRelativasAsEmendasIndividuais" order="2.0"/>
    <link:loc xlink:type="locator" xlink:href="../../../cor/ic/siconfi-cor_2019-12-31.xsd#siconfi-cor_ReceitaCorrenteLiquidaAjustadaParaCalculoDosLimitesDeEndividamento" xlink:label="ReceitaCorrenteLiquidaAjustadaParaCalculoDosLimitesDeEndividamento" xlink:title="ReceitaCorrenteLiquidaAjustadaParaCalculoDosLimitesDeEndividamento"/>
    <link:definitionArc xlink:type="arc" xlink:arcrole="http://xbrl.org/int/dim/arcrole/domain-member" xlink:from="ApuracaoDoCumprimentoDosLimitesLineItems" xlink:to="ReceitaCorrenteLiquidaAjustadaParaCalculoDosLimitesDeEndividamento" xlink:title="definition: ApuracaoDoCumprimentoDosLimitesLineItems to ReceitaCorrenteLiquidaAjustadaParaCalculoDosLimitesDeEndividamento" order="3.0"/>
    <link:loc xlink:type="locator" xlink:href="siconfi-rgf-anexo4estadosmunicipios_2019-12-31.xsd#siconfi-rgf-anexo4estados_ApuracaoDoCumprimentoDosLimitesTable" xlink:label="ApuracaoDoCumprimentoDosLimitesTable" xlink:title="ApuracaoDoCumprimentoDosLimitesTable"/>
    <link:definitionArc xlink:type="arc" xlink:arcrole="http://xbrl.org/int/dim/arcrole/all" xlink:from="ApuracaoDoCumprimentoDosLimitesAbstract" xlink:to="ApuracaoDoCumprimentoDosLimitesTable" xlink:title="definition: ApuracaoDoCumprimentoDosLimitesAbstract to ApuracaoDoCumprimentoDosLimitesTable" order="2.0" xbrldt:contextElement="segment" xbrldt:closed="true"/>
    <link:loc xlink:type="locator" xlink:href="../../../cor/dim/siconfi-dim_2019-12-31.xsd#siconfi-dim_ApuracaoOperacoesDeCreditoAxis" xlink:label="ApuracaoOperacoesDeCreditoAxis" xlink:title="ApuracaoOperacoesDeCreditoAxis"/>
    <link:definitionArc xlink:type="arc" xlink:arcrole="http://xbrl.org/int/dim/arcrole/hypercube-dimension" xlink:from="ApuracaoDoCumprimentoDosLimitesTable" xlink:to="ApuracaoOperacoesDeCreditoAxis" xlink:title="definition: ApuracaoDoCumprimentoDosLimitesTable to ApuracaoOperacoesDeCreditoAxis" order="1.0"/>
    <link:loc xlink:type="locator" xlink:href="../../../cor/dim/siconfi-dim_2019-12-31.xsd#siconfi-dim_ApuracaoValorMember" xlink:label="ApuracaoValorMember" xlink:title="ApuracaoValorMember"/>
    <link:definitionArc xlink:type="arc" xlink:arcrole="http://xbrl.org/int/dim/arcrole/dimension-domain" xlink:from="ApuracaoOperacoesDeCreditoAxis" xlink:to="ApuracaoValorMember" xlink:title="definition: ApuracaoOperacoesDeCreditoAxis to ApuracaoValorMember" order="1.0"/>
    <link:loc xlink:type="locator" xlink:href="../../../cor/dim/siconfi-dim_2019-12-31.xsd#siconfi-dim_ApuracaoPercentualSobreARCLMember" xlink:label="ApuracaoPercentualSobreARCLMember" xlink:title="ApuracaoPercentualSobreARCLMember"/>
    <link:definitionArc xlink:type="arc" xlink:arcrole="http://xbrl.org/int/dim/arcrole/dimension-domain" xlink:from="ApuracaoOperacoesDeCreditoAxis" xlink:to="ApuracaoPercentualSobreARCLMember" xlink:title="definition: ApuracaoOperacoesDeCreditoAxis to ApuracaoPercentualSobreARCLMember" order="2.0"/>
  </link:definitionLink>
  <link:definitionLink xlink:type="extended" xlink:role="http://fazenda.gov.br/siconfi/rep/rgf/anexo4estadosmunicipios/siconfi-rgf-anexo4-tabela4.0C">
    <link:loc xlink:type="locator" xlink:href="../../../cor/dim/siconfi-dim_2019-12-31.xsd#siconfi-dim_ValorMember" xlink:label="ValorMember" xlink:title="ValorMember"/>
    <link:loc xlink:type="locator" xlink:href="../../../cor/dim/siconfi-dim_2019-12-31.xsd#siconfi-dim_NoQuadrimestreDeReferenciaMember" xlink:label="NoQuadrimestreDeReferenciaMember" xlink:title="NoQuadrimestreDeReferenciaMember"/>
    <link:definitionArc xlink:type="arc" xlink:arcrole="http://xbrl.org/int/dim/arcrole/domain-member" xlink:from="ValorMember" xlink:to="NoQuadrimestreDeReferenciaMember" xlink:title="definition: ValorMember to NoQuadrimestreDeReferenciaMember" order="1.0"/>
    <link:loc xlink:type="locator" xlink:href="../../../cor/dim/siconfi-dim_2019-12-31.xsd#siconfi-dim_AteOQuadrimestreDeReferenciaMember" xlink:label="AteOQuadrimestreDeReferenciaMember" xlink:title="AteOQuadrimestreDeReferenciaMember"/>
    <link:definitionArc xlink:type="arc" xlink:arcrole="http://xbrl.org/int/dim/arcrole/domain-member" xlink:from="ValorMember" xlink:to="AteOQuadrimestreDeReferenciaMember" xlink:title="definition: ValorMember to AteOQuadrimestreDeReferenciaMember" order="2.0"/>
    <link:loc xlink:type="locator" xlink:href="siconfi-rgf-anexo4estadosmunicipios_2019-12-31.xsd#siconfi-rgf-anexo4estadosmunicipios_OutrasOperacoesQueIntegramADividaConsolidadaAbstract" xlink:label="OutrasOperacoesQueIntegramADividaConsolidadaAbstract" xlink:title="OutrasOperacoesQueIntegramADividaConsolidadaAbstract"/>
    <link:loc xlink:type="locator" xlink:href="siconfi-rgf-anexo4estadosmunicipios_2019-12-31.xsd#siconfi-rgf-anexo4estadosmunicipios_OutrasOperacoesQueIntegramADividaConsolidadaLineItems" xlink:label="OutrasOperacoesQueIntegramADividaConsolidadaLineItems" xlink:title="OutrasOperacoesQueIntegramADividaConsolidadaLineItems"/>
    <link:definitionArc xlink:type="arc" xlink:arcrole="http://xbrl.org/int/dim/arcrole/domain-member" xlink:from="OutrasOperacoesQueIntegramADividaConsolidadaAbstract" xlink:to="OutrasOperacoesQueIntegramADividaConsolidadaLineItems" xlink:title="definition: OutrasOperacoesQueIntegramADividaConsolidadaAbstract to OutrasOperacoesQueIntegramADividaConsolidadaLineItems" order="1.0"/>
    <link:loc xlink:type="locator" xlink:href="../../../cor/ic/siconfi-cor_2019-12-31.xsd#siconfi-cor_OperacoesDeCreditoParcelamentosDeDividas" xlink:label="OperacoesDeCreditoParcelamentosDeDividas" xlink:title="OperacoesDeCreditoParcelamentosDeDividas"/>
    <link:definitionArc xlink:type="arc" xlink:arcrole="http://xbrl.org/int/dim/arcrole/domain-member" xlink:from="OutrasOperacoesQueIntegramADividaConsolidadaLineItems" xlink:to="OperacoesDeCreditoParcelamentosDeDividas" xlink:title="definition: OutrasOperacoesQueIntegramADividaConsolidadaLineItems to OperacoesDeCreditoParcelamentosDeDividas" order="1.0"/>
    <link:loc xlink:type="locator" xlink:href="../../../cor/ic/siconfi-cor_2019-12-31.xsd#siconfi-cor_OperacoesDeCreditoParcelamentosDeDividasDeTributos" xlink:label="OperacoesDeCreditoParcelamentosDeDividasDeTributos" xlink:title="OperacoesDeCreditoParcelamentosDeDividasDeTributos"/>
    <link:definitionArc xlink:type="arc" xlink:arcrole="http://xbrl.org/int/dim/arcrole/domain-member" xlink:from="OperacoesDeCreditoParcelamentosDeDividas" xlink:to="OperacoesDeCreditoParcelamentosDeDividasDeTributos" xlink:title="definition: OperacoesDeCreditoParcelamentosDeDividas to OperacoesDeCreditoParcelamentosDeDividasDeTributos" order="1.0"/>
    <link:loc xlink:type="locator" xlink:href="../../../cor/ic/siconfi-cor_2019-12-31.xsd#siconfi-cor_OperacoesDeCreditoParcelamentosDeContribuicoesSociaisPrevidenciarias" xlink:label="OperacoesDeCreditoParcelamentosDeContribuicoesSociaisPrevidenciarias" xlink:title="OperacoesDeCreditoParcelamentosDeContribuicoesSociaisPrevidenciarias"/>
    <link:definitionArc xlink:type="arc" xlink:arcrole="http://xbrl.org/int/dim/arcrole/domain-member" xlink:from="OperacoesDeCreditoParcelamentosDeDividas" xlink:to="OperacoesDeCreditoParcelamentosDeContribuicoesSociaisPrevidenciarias" xlink:title="definition: OperacoesDeCreditoParcelamentosDeDividas to OperacoesDeCreditoParcelamentosDeContribuicoesSociaisPrevidenciarias" order="2.0"/>
    <link:loc xlink:type="locator" xlink:href="../../../cor/ic/siconfi-cor_2019-12-31.xsd#siconfi-cor_OperacoesDeCreditoParcelamentosDeDividasDoFGTS" xlink:label="OperacoesDeCreditoParcelamentosDeDividasDoFGTS" xlink:title="OperacoesDeCreditoParcelamentosDeDividasDoFGTS"/>
    <link:definitionArc xlink:type="arc" xlink:arcrole="http://xbrl.org/int/dim/arcrole/domain-member" xlink:from="OperacoesDeCreditoParcelamentosDeDividas" xlink:to="OperacoesDeCreditoParcelamentosDeDividasDoFGTS" xlink:title="definition: OperacoesDeCreditoParcelamentosDeDividas to OperacoesDeCreditoParcelamentosDeDividasDoFGTS" order="3.0"/>
    <link:loc xlink:type="locator" xlink:href="../../../cor/ic/siconfi-cor_2019-12-31.xsd#siconfi-cor_RGF4OutrasOperacoesQueIntegramADividaConsolidadaOperacoesDeReestruturacaoERecomposicaoDoPrincipalDeDividas" xlink:label="RGF4OutrasOperacoesQueIntegramADividaConsolidadaOperacoesDeReestruturacaoERecomposicaoDoPrincipalDeDividas" xlink:title="RGF4OutrasOperacoesQueIntegramADividaConsolidadaOperacoesDeReestruturacaoERecomposicaoDoPrincipalDeDividas"/>
    <link:definitionArc xlink:type="arc" xlink:arcrole="http://xbrl.org/int/dim/arcrole/domain-member" xlink:from="OutrasOperacoesQueIntegramADividaConsolidadaLineItems" xlink:to="RGF4OutrasOperacoesQueIntegramADividaConsolidadaOperacoesDeReestruturacaoERecomposicaoDoPrincipalDeDividas" xlink:title="definition: OutrasOperacoesQueIntegramADividaConsolidadaLineItems to RGF4OutrasOperacoesQueIntegramADividaConsolidadaOperacoesDeReestruturacaoERecomposicaoDoPrincipalDeDividas" order="2.0"/>
    <link:loc xlink:type="locator" xlink:href="siconfi-rgf-anexo4estadosmunicipios_2019-12-31.xsd#siconfi-rgf-anexo4estadosmunicipios_OutrasOperacoesQueIntegramDividaConsolidadaTable" xlink:label="OutrasOperacoesQueIntegramDividaConsolidadaTable" xlink:title="OutrasOperacoesQueIntegramDividaConsolidadaTable"/>
    <link:definitionArc xlink:type="arc" xlink:arcrole="http://xbrl.org/int/dim/arcrole/all" xlink:from="OutrasOperacoesQueIntegramADividaConsolidadaAbstract" xlink:to="OutrasOperacoesQueIntegramDividaConsolidadaTable" xlink:title="definition: OutrasOperacoesQueIntegramADividaConsolidadaAbstract to OutrasOperacoesQueIntegramDividaConsolidadaTable" order="2.0" xbrldt:contextElement="segment" xbrldt:closed="true"/>
    <link:loc xlink:type="locator" xlink:href="../../../cor/dim/siconfi-dim_2019-12-31.xsd#siconfi-dim_ValorRealizadoNoPeriodoOutrasOperacoesAxis" xlink:label="ValorRealizadoNoPeriodoOutrasOperacoesAxis" xlink:title="ValorRealizadoNoPeriodoOutrasOperacoesAxis"/>
    <link:definitionArc xlink:type="arc" xlink:arcrole="http://xbrl.org/int/dim/arcrole/hypercube-dimension" xlink:from="OutrasOperacoesQueIntegramDividaConsolidadaTable" xlink:to="ValorRealizadoNoPeriodoOutrasOperacoesAxis" xlink:title="definition: OutrasOperacoesQueIntegramDividaConsolidadaTable to ValorRealizadoNoPeriodoOutrasOperacoesAxis" order="1.0"/>
    <link:definitionArc xlink:type="arc" xlink:arcrole="http://xbrl.org/int/dim/arcrole/dimension-domain" xlink:from="ValorRealizadoNoPeriodoOutrasOperacoesAxis" xlink:to="ValorMember" xlink:title="definition: ValorRealizadoNoPeriodoOutrasOperacoesAxis to ValorMember" order="1.0" xbrldt:usable="false"/>
  </link:definitionLink>
</link:linkbase>
