<?xml version="1.0" encoding="UTF-8"?>
<!-- Generated by Fujitsu Interstage XWand B0196 -->
<link:linkbase xmlns:xsi="http://www.w3.org/2001/XMLSchema-instance" xsi:schemaLocation="http://www.xbrl.org/2003/linkbase http://www.xbrl.org/2003/xbrl-linkbase-2003-12-31.xsd" xmlns:siconfi-rgf-anexo4estadosmunicipios="http://fazenda.gov.br/siconfi/rep/rgf/anexo4estadosmunicipios/siconfi-rgf-anexo4estadosmunicipios_2019-12-31" xmlns:link="http://www.xbrl.org/2003/linkbase" xmlns:xlink="http://www.w3.org/1999/xlink" xmlns:xbrli="http://www.xbrl.org/2003/instance">
  <link:roleRef roleURI="http://fazenda.gov.br/siconfi/rep/rgf/anexo4estadosmunicipios/siconfi-rgf-anexo4-tabela4.0" xlink:type="simple" xlink:href="siconfi-rgf-anexo4estadosmunicipios_2019-12-31.xsd#siconfi-rgf-anexo4-tabela4.0"/>
  <link:labelLink xlink:type="extended" xlink:role="http://fazenda.gov.br/siconfi/rep/rgf/anexo4estadosmunicipios/siconfi-rgf-anexo4-tabela4.0">
    <link:loc xlink:type="locator" xlink:href="../../../cor/dim/siconfi-dim_2019-12-31.xsd#siconfi-dim_ApuracaoOperacoesDeCreditoAxis" xlink:label="ApuracaoOperacoesDeCreditoAxis" xlink:title="ApuracaoOperacoesDeCreditoAxis"/>
    <link:label xlink:type="resource" xlink:label="label_ApuracaoOperacoesDeCreditoAxis" xlink:role="http://www.xbrl.org/2003/role/label" xlink:title="label_ApuracaoOperacoesDeCreditoAxis" xml:lang="pt-br" id="label_ApuracaoOperacoesDeCreditoAxis">Apuração do Cumprimento dos Limites [axis] [orientacao=horizontal]</link:label>
    <link:labelArc xlink:type="arc" xlink:arcrole="http://www.xbrl.org/2003/arcrole/concept-label" xlink:from="ApuracaoOperacoesDeCreditoAxis" xlink:to="label_ApuracaoOperacoesDeCreditoAxis" xlink:title="label: ApuracaoOperacoesDeCreditoAxis to label_ApuracaoOperacoesDeCreditoAxis"/>
    <link:loc xlink:type="locator" xlink:href="../../../cor/dim/siconfi-dim_2019-12-31.xsd#siconfi-dim_ValorRealizadoPeriodoAxis" xlink:label="ValorRealizadoPeriodoAxis" xlink:title="ValorRealizadoPeriodoAxis"/>
    <link:label xlink:type="resource" xlink:label="label_ValorRealizadoPeriodoAxis" xlink:role="http://www.xbrl.org/2003/role/label" xlink:title="label_ValorRealizadoPeriodoAxis" xml:lang="pt-br" id="label_ValorRealizadoPeriodoAxis">Valor Realizado no Período [axis] [orientacao=horizontal]</link:label>
    <link:labelArc xlink:type="arc" xlink:arcrole="http://www.xbrl.org/2003/arcrole/concept-label" xlink:from="ValorRealizadoPeriodoAxis" xlink:to="label_ValorRealizadoPeriodoAxis" xlink:title="label: ValorRealizadoPeriodoAxis to label_ValorRealizadoPeriodoAxis"/>
    <link:loc xlink:type="locator" xlink:href="../../../cor/dim/siconfi-dim_2019-12-31.xsd#siconfi-dim_ApuracaoPercentualSobreARCLMember" xlink:label="ApuracaoPercentualSobreARCLMember" xlink:title="ApuracaoPercentualSobreARCLMember"/>
    <link:label xlink:type="resource" xlink:label="label_ApuracaoPercentualSobreARCLMember" xlink:role="http://www.xbrl.org/2003/role/label" xlink:title="label_ApuracaoPercentualSobreARCLMember" xml:lang="pt-br" id="label_ApuracaoPercentualSobreARCLMember">% SOBRE A RCL AJUSTADA [member]</link:label>
    <link:labelArc xlink:type="arc" xlink:arcrole="http://www.xbrl.org/2003/arcrole/concept-label" xlink:from="ApuracaoPercentualSobreARCLMember" xlink:to="label_ApuracaoPercentualSobreARCLMember" xlink:title="label: ApuracaoPercentualSobreARCLMember to label_ApuracaoPercentualSobreARCLMember"/>
    <link:loc xlink:type="locator" xlink:href="../../../cor/dim/siconfi-dim_2019-12-31.xsd#siconfi-dim_ApuracaoValorMember" xlink:label="ApuracaoValorMember" xlink:title="ApuracaoValorMember"/>
    <link:label xlink:type="resource" xlink:label="label_ApuracaoValorMember" xlink:role="http://www.xbrl.org/2003/role/label" xlink:title="label_ApuracaoValorMember" xml:lang="pt-br" id="label_ApuracaoValorMember">VALOR [member]</link:label>
    <link:labelArc xlink:type="arc" xlink:arcrole="http://www.xbrl.org/2003/arcrole/concept-label" xlink:from="ApuracaoValorMember" xlink:to="label_ApuracaoValorMember" xlink:title="label: ApuracaoValorMember to label_ApuracaoValorMember"/>
    <link:loc xlink:type="locator" xlink:href="../../../cor/dim/siconfi-dim_2019-12-31.xsd#siconfi-dim_AteOQuadrimestreDeReferenciaMember" xlink:label="AteOQuadrimestreDeReferenciaMember" xlink:title="AteOQuadrimestreDeReferenciaMember"/>
    <link:label xlink:type="resource" xlink:label="label_AteOQuadrimestreDeReferenciaMember" xlink:role="http://www.xbrl.org/2003/role/label" xlink:title="label_AteOQuadrimestreDeReferenciaMember" xml:lang="pt-br" id="label_AteOQuadrimestreDeReferenciaMember">Até o Quadrimestre de Referência (a) [member]</link:label>
    <link:labelArc xlink:type="arc" xlink:arcrole="http://www.xbrl.org/2003/arcrole/concept-label" xlink:from="AteOQuadrimestreDeReferenciaMember" xlink:to="label_AteOQuadrimestreDeReferenciaMember" xlink:title="label: AteOQuadrimestreDeReferenciaMember to label_AteOQuadrimestreDeReferenciaMember"/>
    <link:loc xlink:type="locator" xlink:href="../../../cor/dim/siconfi-dim_2019-12-31.xsd#siconfi-dim_NoQuadrimestreDeReferenciaMember" xlink:label="NoQuadrimestreDeReferenciaMember" xlink:title="NoQuadrimestreDeReferenciaMember"/>
    <link:label xlink:type="resource" xlink:label="label_NoQuadrimestreDeReferenciaMember" xlink:role="http://www.xbrl.org/2003/role/label" xlink:title="label_NoQuadrimestreDeReferenciaMember" xml:lang="pt-br" id="label_NoQuadrimestreDeReferenciaMember_2">No Quadrimestre de Referência [member]</link:label>
    <link:labelArc xlink:type="arc" xlink:arcrole="http://www.xbrl.org/2003/arcrole/concept-label" xlink:from="NoQuadrimestreDeReferenciaMember" xlink:to="label_NoQuadrimestreDeReferenciaMember" xlink:title="label: NoQuadrimestreDeReferenciaMember to label_NoQuadrimestreDeReferenciaMember"/>
    <link:loc xlink:type="locator" xlink:href="../../../cor/dim/siconfi-dim_2019-12-31.xsd#siconfi-dim_ValorMember" xlink:label="ValorMember" xlink:title="ValorMember"/>
    <link:label xlink:type="resource" xlink:label="label_ValorMember" xlink:role="http://www.xbrl.org/2003/role/label" xlink:title="label_ValorMember" xml:lang="pt-br" id="label_ValorMember">VALOR REALIZADO [member]</link:label>
    <link:labelArc xlink:type="arc" xlink:arcrole="http://www.xbrl.org/2003/arcrole/concept-label" xlink:from="ValorMember" xlink:to="label_ValorMember" xlink:title="label: ValorMember to label_ValorMember"/>
    <link:loc xlink:type="locator" xlink:href="../../../cor/dim/siconfi-dim_2019-12-31.xsd#siconfi-dim_ValorRealizadoNoPeriodoOutrasOperacoesAxis" xlink:label="ValorRealizadoNoPeriodoOutrasOperacoesAxis" xlink:title="ValorRealizadoNoPeriodoOutrasOperacoesAxis"/>
    <link:label xlink:type="resource" xlink:label="label_ValorRealizadoNoPeriodoOutrasOperacoesAxis" xlink:role="http://www.xbrl.org/2003/role/label" xlink:title="label_ValorRealizadoNoPeriodoOutrasOperacoesAxis" xml:lang="pt-br" id="label_ValorRealizadoNoPeriodoOutrasOperacoesAxis">Valor Realizado no Período [axis] [orientacao=horizontal]</link:label>
    <link:labelArc xlink:type="arc" xlink:arcrole="http://www.xbrl.org/2003/arcrole/concept-label" xlink:from="ValorRealizadoNoPeriodoOutrasOperacoesAxis" xlink:to="label_ValorRealizadoNoPeriodoOutrasOperacoesAxis" xlink:title="label: ValorRealizadoNoPeriodoOutrasOperacoesAxis to label_ValorRealizadoNoPeriodoOutrasOperacoesAxis"/>
    <link:loc xlink:type="locator" xlink:href="../../../cor/ic/siconfi-cor_2019-12-31.xsd#siconfi-cor_LimiteDeAlertaOperacoesCredito" xlink:label="LimiteDeAlertaOperacoesCredito" xlink:title="LimiteDeAlertaOperacoesCredito"/>
    <link:label xlink:type="resource" xlink:label="label_LimiteDeAlertaOperacoesCredito" xlink:role="http://www.xbrl.org/2003/role/label" xlink:title="label_LimiteDeAlertaOperacoesCredito" xml:lang="pt-br" id="label_LimiteDeAlertaOperacoesCredito">LIMITE DE ALERTA (inciso III do § 1º do art. 59 da LRF)</link:label>
    <link:labelArc xlink:type="arc" xlink:arcrole="http://www.xbrl.org/2003/arcrole/concept-label" xlink:from="LimiteDeAlertaOperacoesCredito" xlink:to="label_LimiteDeAlertaOperacoesCredito" xlink:title="label: LimiteDeAlertaOperacoesCredito to label_LimiteDeAlertaOperacoesCredito"/>
    <link:loc xlink:type="locator" xlink:href="../../../cor/ic/siconfi-cor_2019-12-31.xsd#siconfi-cor_LimiteDefinidoPorResolucaoDoSenadoFederalParaAsOperacoesDeCreditoPorAntecipacaoDaReceitaOrcamentaria" xlink:label="LimiteDefinidoPorResolucaoDoSenadoFederalParaAsOperacoesDeCreditoPorAntecipacaoDaReceitaOrcamentaria" xlink:title="LimiteDefinidoPorResolucaoDoSenadoFederalParaAsOperacoesDeCreditoPorAntecipacaoDaReceitaOrcamentaria"/>
    <link:label xlink:type="resource" xlink:label="label_LimiteDefinidoPorResolucaoDoSenadoFederalParaAsOperacoesDeCreditoPorAntecipacaoDaReceitaOrcamentaria" xlink:role="http://www.xbrl.org/2003/role/label" xlink:title="label_LimiteDefinidoPorResolucaoDoSenadoFederalParaAsOperacoesDeCreditoPorAntecipacaoDaReceitaOrcamentaria" xml:lang="pt-br" id="label_LimiteDefinidoPorResolucaoDoSenadoFederalParaAsOperacoesDeCreditoPorAntecipacaoDaReceitaOrcamentaria">LIMITE DEFINIDO POR RESOLUÇÃO DO SENADO FEDERAL PARA AS OPERAÇÕES DE CRÉDITO POR ANTECIPAÇÃO DA RECEITA ORÇAMENTÁRIA</link:label>
    <link:labelArc xlink:type="arc" xlink:arcrole="http://www.xbrl.org/2003/arcrole/concept-label" xlink:from="LimiteDefinidoPorResolucaoDoSenadoFederalParaAsOperacoesDeCreditoPorAntecipacaoDaReceitaOrcamentaria" xlink:to="label_LimiteDefinidoPorResolucaoDoSenadoFederalParaAsOperacoesDeCreditoPorAntecipacaoDaReceitaOrcamentaria" xlink:title="label: LimiteDefinidoPorResolucaoDoSenadoFederalParaAsOperacoesDeCreditoPorAntecipacaoDaReceitaOrcamentaria to label_LimiteDefinidoPorResolucaoDoSenadoFederalParaAsOperacoesDeCreditoPorAntecipacaoDaReceitaOrcamentaria"/>
    <link:loc xlink:type="locator" xlink:href="../../../cor/ic/siconfi-cor_2019-12-31.xsd#siconfi-cor_LimiteGeralDefinidoPorResolucaoDoSenadoFederalParaAsOperacoesDeCreditoInternasEExternas" xlink:label="LimiteGeralDefinidoPorResolucaoDoSenadoFederalParaAsOperacoesDeCreditoInternasEExternas" xlink:title="LimiteGeralDefinidoPorResolucaoDoSenadoFederalParaAsOperacoesDeCreditoInternasEExternas"/>
    <link:label xlink:type="resource" xlink:label="label_LimiteGeralDefinidoPorResolucaoDoSenadoFederalParaAsOperacoesDeCreditoInternasEExternas" xlink:role="http://www.xbrl.org/2003/role/label" xlink:title="label_LimiteGeralDefinidoPorResolucaoDoSenadoFederalParaAsOperacoesDeCreditoInternasEExternas" xml:lang="pt-br" id="label_LimiteGeralDefinidoPorResolucaoDoSenadoFederalParaAsOperacoesDeCreditoInternasEExternas">LIMITE GERAL DEFINIDO POR RESOLUÇÃO DO SENADO FEDERAL PARA AS OPERAÇÕES DE CRÉDITO INTERNAS E EXTERNAS</link:label>
    <link:labelArc xlink:type="arc" xlink:arcrole="http://www.xbrl.org/2003/arcrole/concept-label" xlink:from="LimiteGeralDefinidoPorResolucaoDoSenadoFederalParaAsOperacoesDeCreditoInternasEExternas" xlink:to="label_LimiteGeralDefinidoPorResolucaoDoSenadoFederalParaAsOperacoesDeCreditoInternasEExternas" xlink:title="label: LimiteGeralDefinidoPorResolucaoDoSenadoFederalParaAsOperacoesDeCreditoInternasEExternas to label_LimiteGeralDefinidoPorResolucaoDoSenadoFederalParaAsOperacoesDeCreditoInternasEExternas"/>
    <link:loc xlink:type="locator" xlink:href="../../../cor/ic/siconfi-cor_2019-12-31.xsd#siconfi-cor_OperacoesDeCreditoContratualExterna" xlink:label="OperacoesDeCreditoContratualExterna" xlink:title="OperacoesDeCreditoContratualExterna"/>
    <link:label xlink:type="resource" xlink:label="label_OperacoesDeCreditoContratualExterna" xlink:role="http://www.xbrl.org/2003/role/label" xlink:title="label_OperacoesDeCreditoContratualExterna" xml:lang="pt-br" id="label_OperacoesDeCreditoContratualExterna">Externa</link:label>
    <link:labelArc xlink:type="arc" xlink:arcrole="http://www.xbrl.org/2003/arcrole/concept-label" xlink:from="OperacoesDeCreditoContratualExterna" xlink:to="label_OperacoesDeCreditoContratualExterna" xlink:title="label: OperacoesDeCreditoContratualExterna to label_OperacoesDeCreditoContratualExterna"/>
    <link:loc xlink:type="locator" xlink:href="../../../cor/ic/siconfi-cor_2019-12-31.xsd#siconfi-cor_OperacoesDeCreditoContratualExternaAquisicaoFinanciadaDeBensEArrendamentoMercantilFinanceiro" xlink:label="OperacoesDeCreditoContratualExternaAquisicaoFinanciadaDeBensEArrendamentoMercantilFinanceiro" xlink:title="OperacoesDeCreditoContratualExternaAquisicaoFinanciadaDeBensEArrendamentoMercantilFinanceiro"/>
    <link:label xlink:type="resource" xlink:label="label_OperacoesDeCreditoContratualExternaAquisicaoFinanciadaDeBensEArrendamentoMercantilFinanceiro" xlink:role="http://www.xbrl.org/2003/role/label" xlink:title="label_OperacoesDeCreditoContratualExternaAquisicaoFinanciadaDeBensEArrendamentoMercantilFinanceiro" xml:lang="pt-br" id="label_OperacoesDeCreditoContratualExternaAquisicaoFinanciadaDeBensEArrendamentoMercantilFinanceiro">Aquisição Financiada de Bens e Arrendamento Mercantil Financeiro</link:label>
    <link:labelArc xlink:type="arc" xlink:arcrole="http://www.xbrl.org/2003/arcrole/concept-label" xlink:from="OperacoesDeCreditoContratualExternaAquisicaoFinanciadaDeBensEArrendamentoMercantilFinanceiro" xlink:to="label_OperacoesDeCreditoContratualExternaAquisicaoFinanciadaDeBensEArrendamentoMercantilFinanceiro" xlink:title="label: OperacoesDeCreditoContratualExternaAquisicaoFinanciadaDeBensEArrendamentoMercantilFinanceiro to label_OperacoesDeCreditoContratualExternaAquisicaoFinanciadaDeBensEArrendamentoMercantilFinanceiro"/>
    <link:loc xlink:type="locator" xlink:href="../../../cor/ic/siconfi-cor_2019-12-31.xsd#siconfi-cor_OperacoesDeCreditoContratualExternaAssuncaoReconhecimentoEConfissaoDeDividas" xlink:label="OperacoesDeCreditoContratualExternaAssuncaoReconhecimentoEConfissaoDeDividas" xlink:title="OperacoesDeCreditoContratualExternaAssuncaoReconhecimentoEConfissaoDeDividas"/>
    <link:label xlink:type="resource" xlink:label="label_OperacoesDeCreditoContratualExternaAssuncaoReconhecimentoEConfissaoDeDividas" xlink:role="http://www.xbrl.org/2003/role/label" xlink:title="label_OperacoesDeCreditoContratualExternaAssuncaoReconhecimentoEConfissaoDeDividas" xml:lang="pt-br" id="label_OperacoesDeCreditoContratualExternaAssuncaoReconhecimentoEConfissaoDeDividas">Assunção, Reconhecimento e Confissão de Dívidas (LRF, art. 29, § 1º)</link:label>
    <link:labelArc xlink:type="arc" xlink:arcrole="http://www.xbrl.org/2003/arcrole/concept-label" xlink:from="OperacoesDeCreditoContratualExternaAssuncaoReconhecimentoEConfissaoDeDividas" xlink:to="label_OperacoesDeCreditoContratualExternaAssuncaoReconhecimentoEConfissaoDeDividas" xlink:title="label: OperacoesDeCreditoContratualExternaAssuncaoReconhecimentoEConfissaoDeDividas to label_OperacoesDeCreditoContratualExternaAssuncaoReconhecimentoEConfissaoDeDividas"/>
    <link:loc xlink:type="locator" xlink:href="../../../cor/ic/siconfi-cor_2019-12-31.xsd#siconfi-cor_OperacoesDeCreditoContratualInterna" xlink:label="OperacoesDeCreditoContratualInterna" xlink:title="OperacoesDeCreditoContratualInterna"/>
    <link:label xlink:type="resource" xlink:label="label_OperacoesDeCreditoContratualInterna" xlink:role="http://www.xbrl.org/2003/role/label" xlink:title="label_OperacoesDeCreditoContratualInterna" xml:lang="pt-br" id="label_OperacoesDeCreditoContratualInterna">Interna</link:label>
    <link:labelArc xlink:type="arc" xlink:arcrole="http://www.xbrl.org/2003/arcrole/concept-label" xlink:from="OperacoesDeCreditoContratualInterna" xlink:to="label_OperacoesDeCreditoContratualInterna" xlink:title="label: OperacoesDeCreditoContratualInterna to label_OperacoesDeCreditoContratualInterna"/>
    <link:loc xlink:type="locator" xlink:href="../../../cor/ic/siconfi-cor_2019-12-31.xsd#siconfi-cor_OperacoesDeCreditoContratualInternaAntecipacaoDeReceitaPelaVendaATermoDeBensEServicos" xlink:label="OperacoesDeCreditoContratualInternaAntecipacaoDeReceitaPelaVendaATermoDeBensEServicos" xlink:title="OperacoesDeCreditoContratualInternaAntecipacaoDeReceitaPelaVendaATermoDeBensEServicos"/>
    <link:label xlink:type="resource" xlink:label="label_OperacoesDeCreditoContratualInternaAntecipacaoDeReceitaPelaVendaATermoDeBensEServicos" xlink:role="http://www.xbrl.org/2003/role/label" xlink:title="label_OperacoesDeCreditoContratualInternaAntecipacaoDeReceitaPelaVendaATermoDeBensEServicos" xml:lang="pt-br" id="label_OperacoesDeCreditoContratualInternaAntecipacaoDeReceitaPelaVendaATermoDeBensEServicos">Antecipação de Receita pela Venda a Termo de Bens e Serviços</link:label>
    <link:labelArc xlink:type="arc" xlink:arcrole="http://www.xbrl.org/2003/arcrole/concept-label" xlink:from="OperacoesDeCreditoContratualInternaAntecipacaoDeReceitaPelaVendaATermoDeBensEServicos" xlink:to="label_OperacoesDeCreditoContratualInternaAntecipacaoDeReceitaPelaVendaATermoDeBensEServicos" xlink:title="label: OperacoesDeCreditoContratualInternaAntecipacaoDeReceitaPelaVendaATermoDeBensEServicos to label_OperacoesDeCreditoContratualInternaAntecipacaoDeReceitaPelaVendaATermoDeBensEServicos"/>
    <link:loc xlink:type="locator" xlink:href="../../../cor/ic/siconfi-cor_2019-12-31.xsd#siconfi-cor_OperacoesDeCreditoContratualInternaAquisicaoFinanciadaDeBensEArrendamentoMercantilFinanceiro" xlink:label="OperacoesDeCreditoContratualInternaAquisicaoFinanciadaDeBensEArrendamentoMercantilFinanceiro" xlink:title="OperacoesDeCreditoContratualInternaAquisicaoFinanciadaDeBensEArrendamentoMercantilFinanceiro"/>
    <link:label xlink:type="resource" xlink:label="label_OperacoesDeCreditoContratualInternaAquisicaoFinanciadaDeBensEArrendamentoMercantilFinanceiro" xlink:role="http://www.xbrl.org/2003/role/label" xlink:title="label_OperacoesDeCreditoContratualInternaAquisicaoFinanciadaDeBensEArrendamentoMercantilFinanceiro" xml:lang="pt-br" id="label_OperacoesDeCreditoContratualInternaAquisicaoFinanciadaDeBensEArrendamentoMercantilFinanceiro">Aquisição Financiada de Bens e Arrendamento Mercantil Financeiro</link:label>
    <link:labelArc xlink:type="arc" xlink:arcrole="http://www.xbrl.org/2003/arcrole/concept-label" xlink:from="OperacoesDeCreditoContratualInternaAquisicaoFinanciadaDeBensEArrendamentoMercantilFinanceiro" xlink:to="label_OperacoesDeCreditoContratualInternaAquisicaoFinanciadaDeBensEArrendamentoMercantilFinanceiro" xlink:title="label: OperacoesDeCreditoContratualInternaAquisicaoFinanciadaDeBensEArrendamentoMercantilFinanceiro to label_OperacoesDeCreditoContratualInternaAquisicaoFinanciadaDeBensEArrendamentoMercantilFinanceiro"/>
    <link:loc xlink:type="locator" xlink:href="../../../cor/ic/siconfi-cor_2019-12-31.xsd#siconfi-cor_OperacoesDeCreditoContratualInternaAssuncaoReconhecimentoEConfissaoDeDividas" xlink:label="OperacoesDeCreditoContratualInternaAssuncaoReconhecimentoEConfissaoDeDividas" xlink:title="OperacoesDeCreditoContratualInternaAssuncaoReconhecimentoEConfissaoDeDividas"/>
    <link:label xlink:type="resource" xlink:label="label_OperacoesDeCreditoContratualInternaAssuncaoReconhecimentoEConfissaoDeDividas" xlink:role="http://www.xbrl.org/2003/role/label" xlink:title="label_OperacoesDeCreditoContratualInternaAssuncaoReconhecimentoEConfissaoDeDividas" xml:lang="pt-br" id="label_OperacoesDeCreditoContratualInternaAssuncaoReconhecimentoEConfissaoDeDividas">Assunção Reconhecimento e Confissão de Dívidas (LRF, art. 29, § 1º)</link:label>
    <link:labelArc xlink:type="arc" xlink:arcrole="http://www.xbrl.org/2003/arcrole/concept-label" xlink:from="OperacoesDeCreditoContratualInternaAssuncaoReconhecimentoEConfissaoDeDividas" xlink:to="label_OperacoesDeCreditoContratualInternaAssuncaoReconhecimentoEConfissaoDeDividas" xlink:title="label: OperacoesDeCreditoContratualInternaAssuncaoReconhecimentoEConfissaoDeDividas to label_OperacoesDeCreditoContratualInternaAssuncaoReconhecimentoEConfissaoDeDividas"/>
    <link:loc xlink:type="locator" xlink:href="../../../cor/ic/siconfi-cor_2019-12-31.xsd#siconfi-cor_OperacoesDeCreditoContratualInternaOutrasOperacoesDeCredito" xlink:label="OperacoesDeCreditoContratualInternaOutrasOperacoesDeCredito" xlink:title="OperacoesDeCreditoContratualInternaOutrasOperacoesDeCredito"/>
    <link:label xlink:type="resource" xlink:label="label_OperacoesDeCreditoContratualInternaOutrasOperacoesDeCredito" xlink:role="http://www.xbrl.org/2003/role/label" xlink:title="label_OperacoesDeCreditoContratualInternaOutrasOperacoesDeCredito" xml:lang="pt-br" id="label_OperacoesDeCreditoContratualInternaOutrasOperacoesDeCredito">Outras Operações de Crédito</link:label>
    <link:labelArc xlink:type="arc" xlink:arcrole="http://www.xbrl.org/2003/arcrole/concept-label" xlink:from="OperacoesDeCreditoContratualInternaOutrasOperacoesDeCredito" xlink:to="label_OperacoesDeCreditoContratualInternaOutrasOperacoesDeCredito" xlink:title="label: OperacoesDeCreditoContratualInternaOutrasOperacoesDeCredito to label_OperacoesDeCreditoContratualInternaOutrasOperacoesDeCredito"/>
    <link:loc xlink:type="locator" xlink:href="../../../cor/ic/siconfi-cor_2019-12-31.xsd#siconfi-cor_OperacoesDeCreditoMobiliariaExterna" xlink:label="OperacoesDeCreditoMobiliariaExterna" xlink:title="OperacoesDeCreditoMobiliariaExterna"/>
    <link:label xlink:type="resource" xlink:label="label_OperacoesDeCreditoMobiliariaExterna" xlink:role="http://www.xbrl.org/2003/role/label" xlink:title="label_OperacoesDeCreditoMobiliariaExterna" xml:lang="pt-br" id="label_OperacoesDeCreditoMobiliariaExterna">Externa</link:label>
    <link:labelArc xlink:type="arc" xlink:arcrole="http://www.xbrl.org/2003/arcrole/concept-label" xlink:from="OperacoesDeCreditoMobiliariaExterna" xlink:to="label_OperacoesDeCreditoMobiliariaExterna" xlink:title="label: OperacoesDeCreditoMobiliariaExterna to label_OperacoesDeCreditoMobiliariaExterna"/>
    <link:loc xlink:type="locator" xlink:href="../../../cor/ic/siconfi-cor_2019-12-31.xsd#siconfi-cor_OperacoesDeCreditoMobiliariaInterna" xlink:label="OperacoesDeCreditoMobiliariaInterna" xlink:title="OperacoesDeCreditoMobiliariaInterna"/>
    <link:label xlink:type="resource" xlink:label="label_OperacoesDeCreditoMobiliariaInterna" xlink:role="http://www.xbrl.org/2003/role/label" xlink:title="label_OperacoesDeCreditoMobiliariaInterna" xml:lang="pt-br" id="label_OperacoesDeCreditoMobiliariaInterna">Interna</link:label>
    <link:labelArc xlink:type="arc" xlink:arcrole="http://www.xbrl.org/2003/arcrole/concept-label" xlink:from="OperacoesDeCreditoMobiliariaInterna" xlink:to="label_OperacoesDeCreditoMobiliariaInterna" xlink:title="label: OperacoesDeCreditoMobiliariaInterna to label_OperacoesDeCreditoMobiliariaInterna"/>
    <link:loc xlink:type="locator" xlink:href="../../../cor/ic/siconfi-cor_2019-12-31.xsd#siconfi-cor_OperacoesDeCreditoParcelamentosDeContribuicoesSociaisPrevidenciarias" xlink:label="OperacoesDeCreditoParcelamentosDeContribuicoesSociaisPrevidenciarias" xlink:title="OperacoesDeCreditoParcelamentosDeContribuicoesSociaisPrevidenciarias"/>
    <link:label xlink:type="resource" xlink:label="label_OperacoesDeCreditoParcelamentosDeContribuicoesSociaisPrevidenciarias" xlink:role="http://www.xbrl.org/2003/role/label" xlink:title="label_OperacoesDeCreditoParcelamentosDeContribuicoesSociaisPrevidenciarias" xml:lang="pt-br" id="label_OperacoesDeCreditoParcelamentosDeContribuicoesSociaisPrevidenciarias">Contribuições Previdenciárias</link:label>
    <link:labelArc xlink:type="arc" xlink:arcrole="http://www.xbrl.org/2003/arcrole/concept-label" xlink:from="OperacoesDeCreditoParcelamentosDeContribuicoesSociaisPrevidenciarias" xlink:to="label_OperacoesDeCreditoParcelamentosDeContribuicoesSociaisPrevidenciarias" xlink:title="label: OperacoesDeCreditoParcelamentosDeContribuicoesSociaisPrevidenciarias to label_OperacoesDeCreditoParcelamentosDeContribuicoesSociaisPrevidenciarias"/>
    <link:loc xlink:type="locator" xlink:href="../../../cor/ic/siconfi-cor_2019-12-31.xsd#siconfi-cor_OperacoesDeCreditoParcelamentosDeDividasDeTributos" xlink:label="OperacoesDeCreditoParcelamentosDeDividasDeTributos" xlink:title="OperacoesDeCreditoParcelamentosDeDividasDeTributos"/>
    <link:label xlink:type="resource" xlink:label="label_OperacoesDeCreditoParcelamentosDeDividasDeTributos" xlink:role="http://www.xbrl.org/2003/role/label" xlink:title="label_OperacoesDeCreditoParcelamentosDeDividasDeTributos" xml:lang="pt-br" id="label_OperacoesDeCreditoParcelamentosDeDividasDeTributos">Tributos</link:label>
    <link:labelArc xlink:type="arc" xlink:arcrole="http://www.xbrl.org/2003/arcrole/concept-label" xlink:from="OperacoesDeCreditoParcelamentosDeDividasDeTributos" xlink:to="label_OperacoesDeCreditoParcelamentosDeDividasDeTributos" xlink:title="label: OperacoesDeCreditoParcelamentosDeDividasDeTributos to label_OperacoesDeCreditoParcelamentosDeDividasDeTributos"/>
    <link:loc xlink:type="locator" xlink:href="../../../cor/ic/siconfi-cor_2019-12-31.xsd#siconfi-cor_OperacoesDeCreditoParcelamentosDeDividasDoFGTS" xlink:label="OperacoesDeCreditoParcelamentosDeDividasDoFGTS" xlink:title="OperacoesDeCreditoParcelamentosDeDividasDoFGTS"/>
    <link:label xlink:type="resource" xlink:label="label_OperacoesDeCreditoParcelamentosDeDividasDoFGTS" xlink:role="http://www.xbrl.org/2003/role/label" xlink:title="label_OperacoesDeCreditoParcelamentosDeDividasDoFGTS" xml:lang="pt-br" id="label_OperacoesDeCreditoParcelamentosDeDividasDoFGTS">FGTS</link:label>
    <link:labelArc xlink:type="arc" xlink:arcrole="http://www.xbrl.org/2003/arcrole/concept-label" xlink:from="OperacoesDeCreditoParcelamentosDeDividasDoFGTS" xlink:to="label_OperacoesDeCreditoParcelamentosDeDividasDoFGTS" xlink:title="label: OperacoesDeCreditoParcelamentosDeDividasDoFGTS to label_OperacoesDeCreditoParcelamentosDeDividasDoFGTS"/>
    <link:loc xlink:type="locator" xlink:href="../../../cor/ic/siconfi-cor_2019-12-31.xsd#siconfi-cor_OperacoesDeCreditoPorAntecipacaoDaReceitaOrcamentaria" xlink:label="OperacoesDeCreditoPorAntecipacaoDaReceitaOrcamentaria" xlink:title="OperacoesDeCreditoPorAntecipacaoDaReceitaOrcamentaria"/>
    <link:label xlink:type="resource" xlink:label="label_OperacoesDeCreditoPorAntecipacaoDaReceitaOrcamentaria" xlink:role="http://www.xbrl.org/2003/role/label" xlink:title="label_OperacoesDeCreditoPorAntecipacaoDaReceitaOrcamentaria" xml:lang="pt-br" id="label_OperacoesDeCreditoPorAntecipacaoDaReceitaOrcamentaria">OPERAÇÕES DE CRÉDITO POR ANTECIPAÇÃO DA RECEITA ORÇAMENTÁRIA</link:label>
    <link:labelArc xlink:type="arc" xlink:arcrole="http://www.xbrl.org/2003/arcrole/concept-label" xlink:from="OperacoesDeCreditoPorAntecipacaoDaReceitaOrcamentaria" xlink:to="label_OperacoesDeCreditoPorAntecipacaoDaReceitaOrcamentaria" xlink:title="label: OperacoesDeCreditoPorAntecipacaoDaReceitaOrcamentaria to label_OperacoesDeCreditoPorAntecipacaoDaReceitaOrcamentaria"/>
    <link:loc xlink:type="locator" xlink:href="../../../cor/ic/siconfi-cor_2019-12-31.xsd#siconfi-cor_OperacoesDeCreditoSujeitasAoLimiteParaFinsDeContratacao" xlink:label="OperacoesDeCreditoSujeitasAoLimiteParaFinsDeContratacao" xlink:title="OperacoesDeCreditoSujeitasAoLimiteParaFinsDeContratacao"/>
    <link:label xlink:type="resource" xlink:label="label_OperacoesDeCreditoSujeitasAoLimiteParaFinsDeContratacao" xlink:role="http://www.xbrl.org/2003/role/label" xlink:title="label_OperacoesDeCreditoSujeitasAoLimiteParaFinsDeContratacao" xml:lang="pt-br" id="label_OperacoesDeCreditoSujeitasAoLimiteParaFinsDeContratacao">SUJEITAS AO LIMITE PARA FINS DE CONTRATAÇÃO (I)</link:label>
    <link:labelArc xlink:type="arc" xlink:arcrole="http://www.xbrl.org/2003/arcrole/concept-label" xlink:from="OperacoesDeCreditoSujeitasAoLimiteParaFinsDeContratacao" xlink:to="label_OperacoesDeCreditoSujeitasAoLimiteParaFinsDeContratacao" xlink:title="label: OperacoesDeCreditoSujeitasAoLimiteParaFinsDeContratacao to label_OperacoesDeCreditoSujeitasAoLimiteParaFinsDeContratacao"/>
    <link:loc xlink:type="locator" xlink:href="../../../cor/ic/siconfi-cor_2019-12-31.xsd#siconfi-cor_OperacoesVedadas" xlink:label="OperacoesVedadas" xlink:title="OperacoesVedadas"/>
    <link:label xlink:type="resource" xlink:label="label_OperacoesVedadas" xlink:role="http://www.xbrl.org/2003/role/label" xlink:title="label_OperacoesVedadas" xml:lang="pt-br" id="label_OperacoesVedadas">OPERAÇÕES VEDADAS (VII)</link:label>
    <link:labelArc xlink:type="arc" xlink:arcrole="http://www.xbrl.org/2003/arcrole/concept-label" xlink:from="OperacoesVedadas" xlink:to="label_OperacoesVedadas" xlink:title="label: OperacoesVedadas to label_OperacoesVedadas"/>
    <link:loc xlink:type="locator" xlink:href="../../../cor/ic/siconfi-cor_2019-12-31.xsd#siconfi-cor_ReceitaCorrenteLiquida" xlink:label="ReceitaCorrenteLiquida" xlink:title="ReceitaCorrenteLiquida"/>
    <link:label xlink:type="resource" xlink:label="label_ReceitaCorrenteLiquida" xlink:role="http://www.xbrl.org/2003/role/label" xlink:title="label_ReceitaCorrenteLiquida" xml:lang="pt-br" id="label_ReceitaCorrenteLiquida">RECEITA CORRENTE LÍQUIDA - RCL</link:label>
    <link:labelArc xlink:type="arc" xlink:arcrole="http://www.xbrl.org/2003/arcrole/concept-label" xlink:from="ReceitaCorrenteLiquida" xlink:to="label_ReceitaCorrenteLiquida" xlink:title="label: ReceitaCorrenteLiquida to label_ReceitaCorrenteLiquida"/>
    <link:loc xlink:type="locator" xlink:href="../../../cor/ic/siconfi-cor_2019-12-31.xsd#siconfi-cor_TransferenciasObrigatoriasDaUniaoRelativasAsEmendasIndividuais" xlink:label="TransferenciasObrigatoriasDaUniaoRelativasAsEmendasIndividuais" xlink:title="TransferenciasObrigatoriasDaUniaoRelativasAsEmendasIndividuais"/>
    <link:label xlink:type="resource" xlink:label="label_TransferenciasObrigatoriasDaUniaoRelativasAsEmendasIndividuais" xlink:role="http://www.xbrl.org/2003/role/label" xlink:title="label_TransferenciasObrigatoriasDaUniaoRelativasAsEmendasIndividuais" xml:lang="pt-br" id="label_TransferenciasObrigatoriasDaUniaoRelativasAsEmendasIndividuais">(-) Transferências Obrigatórias da União relativas às Emendas Individuais (art. 166-A, § 1º, da CF) (V)</link:label>
    <link:labelArc xlink:type="arc" xlink:arcrole="http://www.xbrl.org/2003/arcrole/concept-label" xlink:from="TransferenciasObrigatoriasDaUniaoRelativasAsEmendasIndividuais" xlink:to="label_TransferenciasObrigatoriasDaUniaoRelativasAsEmendasIndividuais" xlink:title="label: TransferenciasObrigatoriasDaUniaoRelativasAsEmendasIndividuais to label_TransferenciasObrigatoriasDaUniaoRelativasAsEmendasIndividuais"/>
    <link:loc xlink:type="locator" xlink:href="../../../cor/ic/siconfi-cor_2019-12-31.xsd#siconfi-cor_TotalConsideradoParaFinsDaApuracaoDoCumprimentoDoLimiteOperacoesDeCredito" xlink:label="TotalConsideradoParaFinsDaApuracaoDoCumprimentoDoLimiteOperacoesDeCredito" xlink:title="TotalConsideradoParaFinsDaApuracaoDoCumprimentoDoLimiteOperacoesDeCredito"/>
    <link:label xlink:type="resource" xlink:label="label_TotalConsideradoParaFinsDaApuracaoDoCumprimentoDoLimiteOperacoesDeCredito" xlink:role="http://www.xbrl.org/2003/role/label" xlink:title="label_TotalConsideradoParaFinsDaApuracaoDoCumprimentoDoLimiteOperacoesDeCredito" xml:lang="pt-br" id="label_TotalConsideradoParaFinsDaApuracaoDoCumprimentoDoLimiteOperacoesDeCredito">TOTAL CONSIDERADO PARA FINS DA APURAÇÃO DO CUMPRIMENTO DO LIMITE (VIII) = (IIIa + VII - Ia - IIa)</link:label>
    <link:labelArc xlink:type="arc" xlink:arcrole="http://www.xbrl.org/2003/arcrole/concept-label" xlink:from="TotalConsideradoParaFinsDaApuracaoDoCumprimentoDoLimiteOperacoesDeCredito" xlink:to="label_TotalConsideradoParaFinsDaApuracaoDoCumprimentoDoLimiteOperacoesDeCredito" xlink:title="label: TotalConsideradoParaFinsDaApuracaoDoCumprimentoDoLimiteOperacoesDeCredito to label_TotalConsideradoParaFinsDaApuracaoDoCumprimentoDoLimiteOperacoesDeCredito"/>
    <link:loc xlink:type="locator" xlink:href="../../../cor/ic/siconfi-cor_2019-12-31.xsd#siconfi-cor_FonteAnexo4Tabela4.0RGF" xlink:label="FonteAnexo4Tabela4.0RGF" xlink:title="FonteAnexo4Tabela4.0RGF"/>
    <link:label xlink:type="resource" xlink:label="label_FonteAnexo4Tabela4.0RGF" xlink:role="http://www.xbrl.org/2003/role/label" xlink:title="label_FonteAnexo4Tabela4.0RGF" xml:lang="pt-br" id="label_FonteAnexo4Tabela4.0RGF">Notas Explicativas</link:label>
    <link:labelArc xlink:type="arc" xlink:arcrole="http://www.xbrl.org/2003/arcrole/concept-label" xlink:from="FonteAnexo4Tabela4.0RGF" xlink:to="label_FonteAnexo4Tabela4.0RGF" xlink:title="label: FonteAnexo4Tabela4.0RGF to label_FonteAnexo4Tabela4.0RGF"/>
    <link:loc xlink:type="locator" xlink:href="../../../cor/ic/siconfi-cor_2019-12-31.xsd#siconfi-cor_RGF4ReceitaCorrenteLiquida" xlink:label="RGF4ReceitaCorrenteLiquida" xlink:title="RGF4ReceitaCorrenteLiquida"/>
    <link:label xlink:type="resource" xlink:label="label_RGF4ReceitaCorrenteLiquida" xlink:role="http://www.xbrl.org/2003/role/label" xlink:title="label_RGF4ReceitaCorrenteLiquida" xml:lang="pt-br" id="label_RGF4ReceitaCorrenteLiquida">RECEITA CORRENTE LÍQUIDA - RCL (IV)</link:label>
    <link:labelArc xlink:type="arc" xlink:arcrole="http://www.xbrl.org/2003/arcrole/concept-label" xlink:from="RGF4ReceitaCorrenteLiquida" xlink:to="label_RGF4ReceitaCorrenteLiquida" xlink:title="label: RGF4ReceitaCorrenteLiquida to label_RGF4ReceitaCorrenteLiquida"/>
    <link:loc xlink:type="locator" xlink:href="../../../cor/ic/siconfi-cor_2019-12-31.xsd#siconfi-cor_RGF4OperacoesDeCreditoContratualInternaOperacoesDeCreditoPrevistas" xlink:label="RGF4OperacoesDeCreditoContratualInternaOperacoesDeCreditoPrevistas" xlink:title="RGF4OperacoesDeCreditoContratualInternaOperacoesDeCreditoPrevistas"/>
    <link:label xlink:type="resource" xlink:label="label_RGF4OperacoesDeCreditoContratualInternaOperacoesDeCreditoPrevistas" xlink:role="http://www.xbrl.org/2003/role/label" xlink:title="label_RGF4OperacoesDeCreditoContratualInternaOperacoesDeCreditoPrevistas" xml:lang="pt-br" id="label_RGF4OperacoesDeCreditoContratualInternaOperacoesDeCreditoPrevistas">Operações de Crédito não sujeitas ao limite para fins de contratação (I)</link:label>
    <link:labelArc xlink:type="arc" xlink:arcrole="http://www.xbrl.org/2003/arcrole/concept-label" xlink:from="RGF4OperacoesDeCreditoContratualInternaOperacoesDeCreditoPrevistas" xlink:to="label_RGF4OperacoesDeCreditoContratualInternaOperacoesDeCreditoPrevistas" xlink:title="label: RGF4OperacoesDeCreditoContratualInternaOperacoesDeCreditoPrevistas to label_RGF4OperacoesDeCreditoContratualInternaOperacoesDeCreditoPrevistas"/>
    <link:loc xlink:type="locator" xlink:href="../../../cor/ic/siconfi-cor_2019-12-31.xsd#siconfi-cor_RGF4OperacoesDeCreditoContratualExternaOperacoesDeCreditoPrevistas" xlink:label="RGF4OperacoesDeCreditoContratualExternaOperacoesDeCreditoPrevistas" xlink:title="RGF4OperacoesDeCreditoContratualExternaOperacoesDeCreditoPrevistas"/>
    <link:label xlink:type="resource" xlink:label="label_RGF4OperacoesDeCreditoContratualExternaOperacoesDeCreditoPrevistas" xlink:role="http://www.xbrl.org/2003/role/label" xlink:title="label_RGF4OperacoesDeCreditoContratualExternaOperacoesDeCreditoPrevistas" xml:lang="pt-br" id="label_RGF4OperacoesDeCreditoContratualExternaOperacoesDeCreditoPrevistas">Operações de crédito não sujeitas ao limite para fins de contratação (II)</link:label>
    <link:labelArc xlink:type="arc" xlink:arcrole="http://www.xbrl.org/2003/arcrole/concept-label" xlink:from="RGF4OperacoesDeCreditoContratualExternaOperacoesDeCreditoPrevistas" xlink:to="label_RGF4OperacoesDeCreditoContratualExternaOperacoesDeCreditoPrevistas" xlink:title="label: RGF4OperacoesDeCreditoContratualExternaOperacoesDeCreditoPrevistas to label_RGF4OperacoesDeCreditoContratualExternaOperacoesDeCreditoPrevistas"/>
    <link:loc xlink:type="locator" xlink:href="../../../cor/ic/siconfi-cor_2019-12-31.xsd#siconfi-cor_RGF4OperacoesDeCreditoTotal" xlink:label="RGF4OperacoesDeCreditoTotal" xlink:title="RGF4OperacoesDeCreditoTotal"/>
    <link:label xlink:type="resource" xlink:label="label_RGF4OperacoesDeCreditoTotal" xlink:role="http://www.xbrl.org/2003/role/label" xlink:title="label_RGF4OperacoesDeCreditoTotal" xml:lang="pt-br" id="label_RGF4OperacoesDeCreditoTotal">TOTAL (III)</link:label>
    <link:labelArc xlink:type="arc" xlink:arcrole="http://www.xbrl.org/2003/arcrole/concept-label" xlink:from="RGF4OperacoesDeCreditoTotal" xlink:to="label_RGF4OperacoesDeCreditoTotal" xlink:title="label: RGF4OperacoesDeCreditoTotal to label_RGF4OperacoesDeCreditoTotal"/>
    <link:loc xlink:type="locator" xlink:href="../../../cor/ic/siconfi-cor_2019-12-31.xsd#siconfi-cor_ReceitaCorrenteLiquidaAjustadaParaCalculoDosLimitesDeEndividamento" xlink:label="ReceitaCorrenteLiquidaAjustadaParaCalculoDosLimitesDeEndividamento" xlink:title="ReceitaCorrenteLiquidaAjustadaParaCalculoDosLimitesDeEndividamento"/>
    <link:label xlink:type="resource" xlink:label="label_ReceitaCorrenteLiquidaAjustadaParaCalculoDosLimitesDeEndividamento" xlink:role="http://www.xbrl.org/2003/role/label" xlink:title="label_ReceitaCorrenteLiquidaAjustadaParaCalculoDosLimitesDeEndividamento" xml:lang="pt-br" id="label_ReceitaCorrenteLiquidaAjustadaParaCalculoDosLimitesDeEndividamento">= RECEITA CORRENTE LÍQUIDA AJUSTADA PARA CÁLCULO DOS LIMITES DE ENDIVIDAMENTO (VI) = (IV - V)</link:label>
    <link:labelArc xlink:type="arc" xlink:arcrole="http://www.xbrl.org/2003/arcrole/concept-label" xlink:from="ReceitaCorrenteLiquidaAjustadaParaCalculoDosLimitesDeEndividamento" xlink:to="label_ReceitaCorrenteLiquidaAjustadaParaCalculoDosLimitesDeEndividamento" xlink:title="label: ReceitaCorrenteLiquidaAjustadaParaCalculoDosLimitesDeEndividamento to label_ReceitaCorrenteLiquidaAjustadaParaCalculoDosLimitesDeEndividamento"/>
    <link:loc xlink:type="locator" xlink:href="siconfi-rgf-anexo4estadosmunicipios_2019-12-31.xsd#siconfi-rgf-anexo4estados_DemonstrativoAnexo4Abstract" xlink:label="DemonstrativoAnexo4Abstract" xlink:title="DemonstrativoAnexo4Abstract"/>
    <link:label xlink:type="resource" xlink:label="label_DemonstrativoAnexo4Abstract" xlink:role="http://www.xbrl.org/2003/role/label" xlink:title="label_DemonstrativoAnexo4Abstract" xml:lang="pt-br" id="label_DemonstrativoAnexo4Abstract">RGF - Anexo 4 (LRF, art. 55, inciso I, alínea "d" e inciso III, alínea "c") [abstract]</link:label>
    <link:labelArc xlink:type="arc" xlink:arcrole="http://www.xbrl.org/2003/arcrole/concept-label" xlink:from="DemonstrativoAnexo4Abstract" xlink:to="label_DemonstrativoAnexo4Abstract" xlink:title="label: DemonstrativoAnexo4Abstract to label_DemonstrativoAnexo4Abstract"/>
    <link:loc xlink:type="locator" xlink:href="siconfi-rgf-anexo4estadosmunicipios_2019-12-31.xsd#siconfi-rgf-anexo4estados_OperacoesDeCreditoAbstract" xlink:label="OperacoesDeCreditoAbstract" xlink:title="OperacoesDeCreditoAbstract"/>
    <link:label xlink:type="resource" xlink:label="label_OperacoesDeCreditoAbstract" xlink:role="http://www.xbrl.org/2003/role/label" xlink:title="label_OperacoesDeCreditoAbstract" xml:lang="pt-br" id="label_OperacoesDeCreditoAbstract">[001] Operações de Crédito [abstract]</link:label>
    <link:labelArc xlink:type="arc" xlink:arcrole="http://www.xbrl.org/2003/arcrole/concept-label" xlink:from="OperacoesDeCreditoAbstract" xlink:to="label_OperacoesDeCreditoAbstract" xlink:title="label: OperacoesDeCreditoAbstract to label_OperacoesDeCreditoAbstract"/>
    <link:loc xlink:type="locator" xlink:href="siconfi-rgf-anexo4estadosmunicipios_2019-12-31.xsd#siconfi-rgf-anexo4estados_ApuracaoDoCumprimentoDosLimitesAbstract" xlink:label="ApuracaoDoCumprimentoDosLimitesAbstract" xlink:title="ApuracaoDoCumprimentoDosLimitesAbstract"/>
    <link:label xlink:type="resource" xlink:label="label_ApuracaoDoCumprimentoDosLimitesAbstract" xlink:role="http://www.xbrl.org/2003/role/label" xlink:title="label_ApuracaoDoCumprimentoDosLimitesAbstract" xml:lang="pt-br" id="label_ApuracaoDoCumprimentoDosLimitesAbstract">[003] Apuração do Cumprimento dos Limites [abstract]</link:label>
    <link:labelArc xlink:type="arc" xlink:arcrole="http://www.xbrl.org/2003/arcrole/concept-label" xlink:from="ApuracaoDoCumprimentoDosLimitesAbstract" xlink:to="label_ApuracaoDoCumprimentoDosLimitesAbstract" xlink:title="label: ApuracaoDoCumprimentoDosLimitesAbstract to label_ApuracaoDoCumprimentoDosLimitesAbstract"/>
    <link:loc xlink:type="locator" xlink:href="siconfi-rgf-anexo4estadosmunicipios_2019-12-31.xsd#siconfi-rgf-anexo4estados_OperacoesDeCreditoTable" xlink:label="OperacoesDeCreditoTable" xlink:title="OperacoesDeCreditoTable"/>
    <link:label xlink:type="resource" xlink:label="label_OperacoesDeCreditoTable" xlink:role="http://www.xbrl.org/2003/role/label" xlink:title="label_OperacoesDeCreditoTable" xml:lang="pt-br" id="label_OperacoesDeCreditoTable">Operações de Crédito [table]</link:label>
    <link:labelArc xlink:type="arc" xlink:arcrole="http://www.xbrl.org/2003/arcrole/concept-label" xlink:from="OperacoesDeCreditoTable" xlink:to="label_OperacoesDeCreditoTable" xlink:title="label: OperacoesDeCreditoTable to label_OperacoesDeCreditoTable"/>
    <link:loc xlink:type="locator" xlink:href="siconfi-rgf-anexo4estadosmunicipios_2019-12-31.xsd#siconfi-rgf-anexo4estados_ApuracaoDoCumprimentoDosLimitesTable" xlink:label="ApuracaoDoCumprimentoDosLimitesTable" xlink:title="ApuracaoDoCumprimentoDosLimitesTable"/>
    <link:label xlink:type="resource" xlink:label="label_ApuracaoDoCumprimentoDosLimitesTable" xlink:role="http://www.xbrl.org/2003/role/label" xlink:title="label_ApuracaoDoCumprimentoDosLimitesTable" xml:lang="pt-br" id="label_ApuracaoDoCumprimentoDosLimitesTable">Apuração do Cumprimento dos Limites [table]</link:label>
    <link:labelArc xlink:type="arc" xlink:arcrole="http://www.xbrl.org/2003/arcrole/concept-label" xlink:from="ApuracaoDoCumprimentoDosLimitesTable" xlink:to="label_ApuracaoDoCumprimentoDosLimitesTable" xlink:title="label: ApuracaoDoCumprimentoDosLimitesTable to label_ApuracaoDoCumprimentoDosLimitesTable"/>
    <link:loc xlink:type="locator" xlink:href="siconfi-rgf-anexo4estadosmunicipios_2019-12-31.xsd#siconfi-rgf-anexo4estados_OperacoesDeCreditoLineItems" xlink:label="OperacoesDeCreditoLineItems" xlink:title="OperacoesDeCreditoLineItems"/>
    <link:label xlink:type="resource" xlink:label="label_OperacoesDeCreditoLineItems" xlink:role="http://www.xbrl.org/2003/role/label" xlink:title="label_OperacoesDeCreditoLineItems" xml:lang="pt-br" id="label_OperacoesDeCreditoLineItems">[002] Operações de Crédito [line items]</link:label>
    <link:labelArc xlink:type="arc" xlink:arcrole="http://www.xbrl.org/2003/arcrole/concept-label" xlink:from="OperacoesDeCreditoLineItems" xlink:to="label_OperacoesDeCreditoLineItems" xlink:title="label: OperacoesDeCreditoLineItems to label_OperacoesDeCreditoLineItems"/>
    <link:loc xlink:type="locator" xlink:href="siconfi-rgf-anexo4estadosmunicipios_2019-12-31.xsd#siconfi-rgf-anexo4estados_ApuracaoDoCumprimentoDosLimitesLineItems" xlink:label="ApuracaoDoCumprimentoDosLimitesLineItems" xlink:title="ApuracaoDoCumprimentoDosLimitesLineItems"/>
    <link:label xlink:type="resource" xlink:label="label_ApuracaoDoCumprimentoDosLimitesLineItems" xlink:role="http://www.xbrl.org/2003/role/label" xlink:title="label_ApuracaoDoCumprimentoDosLimitesLineItems" xml:lang="pt-br" id="label_ApuracaoDoCumprimentoDosLimitesLineItems">[004] Apuração do Cumprimento dos Limites [line items]</link:label>
    <link:labelArc xlink:type="arc" xlink:arcrole="http://www.xbrl.org/2003/arcrole/concept-label" xlink:from="ApuracaoDoCumprimentoDosLimitesLineItems" xlink:to="label_ApuracaoDoCumprimentoDosLimitesLineItems" xlink:title="label: ApuracaoDoCumprimentoDosLimitesLineItems to label_ApuracaoDoCumprimentoDosLimitesLineItems"/>
    <link:loc xlink:type="locator" xlink:href="siconfi-rgf-anexo4estadosmunicipios_2019-12-31.xsd#siconfi-rgf-anexo4estadosmunicipios_FonteAnexo4Tabela4.0Abstract" xlink:label="FonteAnexo4Tabela4.0Abstract" xlink:title="FonteAnexo4Tabela4.0Abstract"/>
    <link:label xlink:type="resource" xlink:label="label_FonteAnexo4Tabela4.0Abstract" xlink:role="http://www.xbrl.org/2003/role/label" xlink:title="label_FonteAnexo4Tabela4.0Abstract" xml:lang="pt-br" id="label_FonteAnexo4Tabela4.0Abstract">[007] Notas Explicativas [abstract] [NOTA]</link:label>
    <link:labelArc xlink:type="arc" xlink:arcrole="http://www.xbrl.org/2003/arcrole/concept-label" xlink:from="FonteAnexo4Tabela4.0Abstract" xlink:to="label_FonteAnexo4Tabela4.0Abstract" xlink:title="label: FonteAnexo4Tabela4.0Abstract to label_FonteAnexo4Tabela4.0Abstract"/>
    <link:loc xlink:type="locator" xlink:href="siconfi-rgf-anexo4estadosmunicipios_2019-12-31.xsd#siconfi-rgf-anexo4estadosmunicipios_FonteAnexo4Tabela4.0LineItems" xlink:label="FonteAnexo4Tabela4.0LineItems" xlink:title="FonteAnexo4Tabela4.0LineItems"/>
    <link:label xlink:type="resource" xlink:label="label_FonteAnexo4Tabela4.0LineItems" xlink:role="http://www.xbrl.org/2003/role/label" xlink:title="label_FonteAnexo4Tabela4.0LineItems" xml:lang="pt-br" id="label_FonteAnexo4Tabela4.0LineItems">[008] Notas Explicativas [line items]</link:label>
    <link:labelArc xlink:type="arc" xlink:arcrole="http://www.xbrl.org/2003/arcrole/concept-label" xlink:from="FonteAnexo4Tabela4.0LineItems" xlink:to="label_FonteAnexo4Tabela4.0LineItems" xlink:title="label: FonteAnexo4Tabela4.0LineItems to label_FonteAnexo4Tabela4.0LineItems"/>
    <link:loc xlink:type="locator" xlink:href="siconfi-rgf-anexo4estadosmunicipios_2019-12-31.xsd#siconfi-rgf-anexo4estadosmunicipios_OutrasOperacoesQueIntegramADividaConsolidadaAbstract" xlink:label="OutrasOperacoesQueIntegramADividaConsolidadaAbstract" xlink:title="OutrasOperacoesQueIntegramADividaConsolidadaAbstract"/>
    <link:label xlink:type="resource" xlink:label="label_OutrasOperacoesQueIntegramADividaConsolidadaAbstract" xlink:role="http://www.xbrl.org/2003/role/label" xlink:title="label_OutrasOperacoesQueIntegramADividaConsolidadaAbstract" xml:lang="pt-br" id="label_OutrasOperacoesQueIntegramADividaConsolidadaAbstract">[005] Outras Operações Que Integram a Dívida Consolidada [abstract]</link:label>
    <link:labelArc xlink:type="arc" xlink:arcrole="http://www.xbrl.org/2003/arcrole/concept-label" xlink:from="OutrasOperacoesQueIntegramADividaConsolidadaAbstract" xlink:to="label_OutrasOperacoesQueIntegramADividaConsolidadaAbstract" xlink:title="label: OutrasOperacoesQueIntegramADividaConsolidadaAbstract to label_OutrasOperacoesQueIntegramADividaConsolidadaAbstract"/>
    <link:loc xlink:type="locator" xlink:href="siconfi-rgf-anexo4estadosmunicipios_2019-12-31.xsd#siconfi-rgf-anexo4estadosmunicipios_OutrasOperacoesQueIntegramADividaConsolidadaLineItems" xlink:label="OutrasOperacoesQueIntegramADividaConsolidadaLineItems" xlink:title="OutrasOperacoesQueIntegramADividaConsolidadaLineItems"/>
    <link:label xlink:type="resource" xlink:label="label_OutrasOperacoesQueIntegramADividaConsolidadaLineItems" xlink:role="http://www.xbrl.org/2003/role/label" xlink:title="label_OutrasOperacoesQueIntegramADividaConsolidadaLineItems" xml:lang="pt-br" id="label_OutrasOperacoesQueIntegramADividaConsolidadaLineItems">[006] Outras Operações Que Integram a Dívida Consolidada [line items]</link:label>
    <link:labelArc xlink:type="arc" xlink:arcrole="http://www.xbrl.org/2003/arcrole/concept-label" xlink:from="OutrasOperacoesQueIntegramADividaConsolidadaLineItems" xlink:to="label_OutrasOperacoesQueIntegramADividaConsolidadaLineItems" xlink:title="label: OutrasOperacoesQueIntegramADividaConsolidadaLineItems to label_OutrasOperacoesQueIntegramADividaConsolidadaLineItems"/>
    <link:loc xlink:type="locator" xlink:href="siconfi-rgf-anexo4estadosmunicipios_2019-12-31.xsd#siconfi-rgf-anexo4estadosmunicipios_OutrasOperacoesQueIntegramDividaConsolidadaTable" xlink:label="OutrasOperacoesQueIntegramDividaConsolidadaTable" xlink:title="OutrasOperacoesQueIntegramDividaConsolidadaTable"/>
    <link:label xlink:type="resource" xlink:label="label_OutrasOperacoesQueIntegramDividaConsolidadaTable" xlink:role="http://www.xbrl.org/2003/role/label" xlink:title="label_OutrasOperacoesQueIntegramDividaConsolidadaTable" xml:lang="pt-br" id="label_OutrasOperacoesQueIntegramDividaConsolidadaTable_2">Outras Operações Que Integram a Dívida Consolidada [table]</link:label>
    <link:labelArc xlink:type="arc" xlink:arcrole="http://www.xbrl.org/2003/arcrole/concept-label" xlink:from="OutrasOperacoesQueIntegramDividaConsolidadaTable" xlink:to="label_OutrasOperacoesQueIntegramDividaConsolidadaTable" xlink:title="label: OutrasOperacoesQueIntegramDividaConsolidadaTable to label_OutrasOperacoesQueIntegramDividaConsolidadaTable"/>
  </link:labelLink>
  <link:labelLink xlink:type="extended" xlink:role="http://www.xbrl.org/2003/role/link"/>
</link:linkbase>
