<?xml version="1.0" encoding="UTF-8"?>
<!-- Generated by Fujitsu Interstage XWand B0196 -->
<link:linkbase xmlns:xsi="http://www.w3.org/2001/XMLSchema-instance" xsi:schemaLocation="http://www.xbrl.org/2003/linkbase http://www.xbrl.org/2003/xbrl-linkbase-2003-12-31.xsd" xmlns:siconfi-rgf-anexo5uniao="http://fazenda.gov.br/siconfi/rep/rgf/anexo5uniao/siconfi-rgf-anexo5uniao_2020-12-31" xmlns:link="http://www.xbrl.org/2003/linkbase" xmlns:xbrli="http://www.xbrl.org/2003/instance" xmlns:xlink="http://www.w3.org/1999/xlink" xmlns:xbrldt="http://xbrl.org/2005/xbrldt">
  <link:roleRef roleURI="http://fazenda.gov.br/siconfi/rep/rgf/anexo5uniao/siconfi-rgf-anexo5uniao-tabela5.3A" xlink:type="simple" xlink:href="siconfi-rgf-anexo5uniao_2020-12-31.xsd#siconfi-rgf-anexo5uniao-tabela5.3A"/>
  <link:roleRef roleURI="http://fazenda.gov.br/siconfi/rep/rgf/anexo5uniao/siconfi-rgf-anexo5uniao-tabela5.3B" xlink:type="simple" xlink:href="siconfi-rgf-anexo5uniao_2020-12-31.xsd#siconfi-rgf-anexo5uniao-tabela5.3B"/>
  <link:roleRef roleURI="http://fazenda.gov.br/siconfi/rep/rgf/anexo5uniao/siconfi-rgf-anexo5uniao-tabela5.3C" xlink:type="simple" xlink:href="siconfi-rgf-anexo5uniao_2020-12-31.xsd#siconfi-rgf-anexo5uniao-tabela5.3C"/>
  <link:roleRef roleURI="http://fazenda.gov.br/siconfi/rep/rgf/anexo5uniao/siconfi-rgf-anexo5uniao-tabela5.3" xlink:type="simple" xlink:href="siconfi-rgf-anexo5uniao_2020-12-31.xsd#siconfi-rgf-anexo5uniao-tabela5.3"/>
  <link:arcroleRef arcroleURI="http://xbrl.org/int/dim/arcrole/all" xlink:type="simple" xlink:href="http://www.xbrl.org/2005/xbrldt-2005.xsd#all"/>
  <link:arcroleRef arcroleURI="http://xbrl.org/int/dim/arcrole/domain-member" xlink:type="simple" xlink:href="http://www.xbrl.org/2005/xbrldt-2005.xsd#domain-member"/>
  <link:arcroleRef arcroleURI="http://xbrl.org/int/dim/arcrole/hypercube-dimension" xlink:type="simple" xlink:href="http://www.xbrl.org/2005/xbrldt-2005.xsd#hypercube-dimension"/>
  <link:arcroleRef arcroleURI="http://xbrl.org/int/dim/arcrole/dimension-domain" xlink:type="simple" xlink:href="http://www.xbrl.org/2005/xbrldt-2005.xsd#dimension-domain"/>
  <link:arcroleRef arcroleURI="http://xbrl.org/int/dim/arcrole/notAll" xlink:type="simple" xlink:href="http://www.xbrl.org/2005/xbrldt-2005.xsd#notAll"/>
  <link:definitionLink xlink:type="extended" xlink:role="http://fazenda.gov.br/siconfi/rep/rgf/anexo5uniao/siconfi-rgf-anexo5uniao-tabela5.3">
    <link:loc xlink:type="locator" xlink:href="siconfi-rgf-anexo5uniao_2020-12-31.xsd#siconfi-rgf-anexo5uniao_DisponibilidadeDeCaixaAbstract" xlink:label="DisponibilidadeDeCaixaAbstract" xlink:title="DisponibilidadeDeCaixaAbstract"/>
    <link:loc xlink:type="locator" xlink:href="siconfi-rgf-anexo5uniao_2020-12-31.xsd#siconfi-rgf-anexo5uniao_DisponibilidadeDeCaixaLineItems" xlink:label="DisponibilidadeDeCaixasLineItems" xlink:title="RecursosVinculadosLineItems"/>
    <link:definitionArc xlink:type="arc" xlink:arcrole="http://xbrl.org/int/dim/arcrole/domain-member" xlink:from="DisponibilidadeDeCaixaAbstract" xlink:to="DisponibilidadeDeCaixasLineItems" xlink:title="definition: DisponibilidadeDeCaixaAbstract to DisponibilidadeDeCaixasLineItems" order="1.0"/>
    <link:loc xlink:type="locator" xlink:href="../../../cor/ic/siconfi-cor_2020-12-31.xsd#siconfi-cor_DisponibilidadeDeCaixaBruta" xlink:label="DisponibilidadeDeCaixaBruta" xlink:title="DisponibilidadeDeCaixaBruta"/>
    <link:definitionArc xlink:type="arc" xlink:arcrole="http://xbrl.org/int/dim/arcrole/domain-member" xlink:from="DisponibilidadeDeCaixasLineItems" xlink:to="DisponibilidadeDeCaixaBruta" xlink:title="definition: DisponibilidadeDeCaixasLineItems to DisponibilidadeDeCaixaBruta" order="1.0"/>
    <link:loc xlink:type="locator" xlink:href="siconfi-rgf-anexo5uniao_2020-12-31.xsd#siconfi-rgf-anexo5uniao_ObrigacoesFinanceirasAbstract" xlink:label="ObrigacoesFinanceirasAbstract" xlink:title="ObrigacoesFinanceirasAbstract"/>
    <link:definitionArc xlink:type="arc" xlink:arcrole="http://xbrl.org/int/dim/arcrole/domain-member" xlink:from="DisponibilidadeDeCaixasLineItems" xlink:to="ObrigacoesFinanceirasAbstract" xlink:title="definition: DisponibilidadeDeCaixasLineItems to ObrigacoesFinanceirasAbstract" order="2.0"/>
    <link:loc xlink:type="locator" xlink:href="siconfi-rgf-anexo5uniao_2020-12-31.xsd#siconfi-rgf-anexo5uniao_RestosAPagarLiquidadosENaoPagosAbstract" xlink:label="RestosAPagarLiquidadosENaoPagosAbstract" xlink:title="RestosAPagarLiquidadosENaoPagosAbstract"/>
    <link:definitionArc xlink:type="arc" xlink:arcrole="http://xbrl.org/int/dim/arcrole/domain-member" xlink:from="ObrigacoesFinanceirasAbstract" xlink:to="RestosAPagarLiquidadosENaoPagosAbstract" xlink:title="definition: ObrigacoesFinanceirasAbstract to RestosAPagarLiquidadosENaoPagosAbstract" order="1.0"/>
    <link:loc xlink:type="locator" xlink:href="../../../cor/ic/siconfi-cor_2020-12-31.xsd#siconfi-cor_RestosAPagarLiquidadosENaoPagosDeExerciciosAnteriores" xlink:label="RestosAPagarLiquidadosENaoPagosDeExerciciosAnteriores" xlink:title="RestosAPagarLiquidadosENaoPagosDeExerciciosAnteriores"/>
    <link:definitionArc xlink:type="arc" xlink:arcrole="http://xbrl.org/int/dim/arcrole/domain-member" xlink:from="RestosAPagarLiquidadosENaoPagosAbstract" xlink:to="RestosAPagarLiquidadosENaoPagosDeExerciciosAnteriores" xlink:title="definition: RestosAPagarLiquidadosENaoPagosAbstract to RestosAPagarLiquidadosENaoPagosDeExerciciosAnteriores" order="1.0"/>
    <link:loc xlink:type="locator" xlink:href="../../../cor/ic/siconfi-cor_2020-12-31.xsd#siconfi-cor_RestosAPagarLiquidadosENaoPagosDoExercicio" xlink:label="RestosAPagarLiquidadosENaoPagosDoExercicio" xlink:title="RestosAPagarLiquidadosENaoPagosDoExercicio"/>
    <link:definitionArc xlink:type="arc" xlink:arcrole="http://xbrl.org/int/dim/arcrole/domain-member" xlink:from="RestosAPagarLiquidadosENaoPagosAbstract" xlink:to="RestosAPagarLiquidadosENaoPagosDoExercicio" xlink:title="definition: RestosAPagarLiquidadosENaoPagosAbstract to RestosAPagarLiquidadosENaoPagosDoExercicio" order="2.0"/>
    <link:loc xlink:type="locator" xlink:href="../../../cor/ic/siconfi-cor_2020-12-31.xsd#siconfi-cor_RestosAPagarEmpenhadosENaoLiquidadosDeExerciciosAnteriores" xlink:label="RestosAPagarEmpenhadosENaoLiquidadosDeExerciciosAnteriores" xlink:title="RestosAPagarEmpenhadosENaoLiquidadosDeExerciciosAnteriores"/>
    <link:definitionArc xlink:type="arc" xlink:arcrole="http://xbrl.org/int/dim/arcrole/domain-member" xlink:from="ObrigacoesFinanceirasAbstract" xlink:to="RestosAPagarEmpenhadosENaoLiquidadosDeExerciciosAnteriores" xlink:title="definition: ObrigacoesFinanceirasAbstract to RestosAPagarEmpenhadosENaoLiquidadosDeExerciciosAnteriores" order="2.0"/>
    <link:loc xlink:type="locator" xlink:href="../../../cor/ic/siconfi-cor_2020-12-31.xsd#siconfi-cor_DemaisObrigacoesFinanceiras" xlink:label="DemaisObrigacoesFinanceiras" xlink:title="DemaisObrigacoesFinanceiras"/>
    <link:definitionArc xlink:type="arc" xlink:arcrole="http://xbrl.org/int/dim/arcrole/domain-member" xlink:from="ObrigacoesFinanceirasAbstract" xlink:to="DemaisObrigacoesFinanceiras" xlink:title="definition: ObrigacoesFinanceirasAbstract to DemaisObrigacoesFinanceiras" order="3.0"/>
    <link:loc xlink:type="locator" xlink:href="../../../cor/ic/siconfi-cor_2020-12-31.xsd#siconfi-cor_InsuficienciaFinanceiraVerificadaNoConsorcioPublico" xlink:label="InsuficienciaFinanceiraVerificadaNoConsorcioPublico" xlink:title="InsuficienciaFinanceiraVerificadaNoConsorcioPublico"/>
    <link:definitionArc xlink:type="arc" xlink:arcrole="http://xbrl.org/int/dim/arcrole/domain-member" xlink:from="DisponibilidadeDeCaixasLineItems" xlink:to="InsuficienciaFinanceiraVerificadaNoConsorcioPublico" xlink:title="definition: DisponibilidadeDeCaixasLineItems to InsuficienciaFinanceiraVerificadaNoConsorcioPublico" order="3.0"/>
    <link:loc xlink:type="locator" xlink:href="../../../cor/ic/siconfi-cor_2020-12-31.xsd#siconfi-cor_DisponibilidadeDeCaixaLiquida" xlink:label="DisponibilidadeDeCaixaLiquida" xlink:title="DisponibilidadeDeCaixaLiquida"/>
    <link:definitionArc xlink:type="arc" xlink:arcrole="http://xbrl.org/int/dim/arcrole/domain-member" xlink:from="DisponibilidadeDeCaixasLineItems" xlink:to="DisponibilidadeDeCaixaLiquida" xlink:title="definition: DisponibilidadeDeCaixasLineItems to DisponibilidadeDeCaixaLiquida" order="4.0"/>
    <link:loc xlink:type="locator" xlink:href="../../../cor/ic/siconfi-cor_2020-12-31.xsd#siconfi-cor_RestosAPagarEmpenhadosENaoLiquidadosDoExercicio" xlink:label="RestosAPagarEmpenhadosENaoLiquidadosDoExercicio" xlink:title="RestosAPagarEmpenhadosENaoLiquidadosDoExercicio"/>
    <link:definitionArc xlink:type="arc" xlink:arcrole="http://xbrl.org/int/dim/arcrole/domain-member" xlink:from="DisponibilidadeDeCaixasLineItems" xlink:to="RestosAPagarEmpenhadosENaoLiquidadosDoExercicio" xlink:title="definition: DisponibilidadeDeCaixasLineItems to RestosAPagarEmpenhadosENaoLiquidadosDoExercicio" order="5.0"/>
    <link:loc xlink:type="locator" xlink:href="../../../cor/ic/siconfi-cor_2020-12-31.xsd#siconfi-cor_EmpenhosNaoLiquidadosCanceladosNaoInscritosPorInsuficienciaFinanceira" xlink:label="EmpenhosNaoLiquidadosCanceladosNaoInscritosPorInsuficienciaFinanceira" xlink:title="EmpenhosNaoLiquidadosCanceladosNaoInscritosPorInsuficienciaFinanceira"/>
    <link:definitionArc xlink:type="arc" xlink:arcrole="http://xbrl.org/int/dim/arcrole/domain-member" xlink:from="DisponibilidadeDeCaixasLineItems" xlink:to="EmpenhosNaoLiquidadosCanceladosNaoInscritosPorInsuficienciaFinanceira" xlink:title="definition: DisponibilidadeDeCaixasLineItems to EmpenhosNaoLiquidadosCanceladosNaoInscritosPorInsuficienciaFinanceira" order="6.0"/>
    <link:loc xlink:type="locator" xlink:href="../../../cor/ic/siconfi-cor_2020-12-31.xsd#siconfi-cor_DisponibilidadeDeCaixaLiquidaAposRP" xlink:label="DisponibilidadeDeCaixaLiquidaAposRP" xlink:title="DisponibilidadeDeCaixaLiquidaAposRP"/>
    <link:definitionArc xlink:type="arc" xlink:arcrole="http://xbrl.org/int/dim/arcrole/domain-member" xlink:from="DisponibilidadeDeCaixasLineItems" xlink:to="DisponibilidadeDeCaixaLiquidaAposRP" xlink:title="definition: DisponibilidadeDeCaixaLineItems to DisponibilidadeDeCaixaLiquidaAposRP" order="7.0"/>
    <link:loc xlink:type="locator" xlink:href="siconfi-rgf-anexo5uniao_2020-12-31.xsd#siconfi-rgf-anexo5uniao_RecursosTable" xlink:label="RecursosTable" xlink:title="RecursosVinculadosTable"/>
    <link:definitionArc xlink:type="arc" xlink:arcrole="http://xbrl.org/int/dim/arcrole/all" xlink:from="DisponibilidadeDeCaixaAbstract" xlink:to="RecursosTable" xlink:title="definition: DisponibilidadeDeCaixaAbstract to RecursosTable" order="2.0" xbrldt:contextElement="segment" xbrldt:closed="true"/>
    <link:loc xlink:type="locator" xlink:href="../../../cor/dim/siconfi-dim_2020-12-31.xsd#siconfi-dim_IdentificacaoDosRecursosAxis" xlink:label="IdentificacaoDosRecursosAxis" xlink:title="IdentificacaoDosRecursosAxis"/>
    <link:definitionArc xlink:type="arc" xlink:arcrole="http://xbrl.org/int/dim/arcrole/hypercube-dimension" xlink:from="RecursosTable" xlink:to="IdentificacaoDosRecursosAxis" xlink:title="definition: RecursosTable to IdentificacaoDosRecursosAxis" order="1.0"/>
    <link:loc xlink:type="locator" xlink:href="../../../cor/dim/siconfi-dim_2020-12-31.xsd#siconfi-dim_TotalDosRecursosVinculadosMember" xlink:label="TotalDosRecursosVinculadosMember" xlink:title="TotalDosRecursosVinculadosMember"/>
    <link:definitionArc xlink:type="arc" xlink:arcrole="http://xbrl.org/int/dim/arcrole/dimension-domain" xlink:from="IdentificacaoDosRecursosAxis" xlink:to="TotalDosRecursosVinculadosMember" xlink:title="definition: IdentificacaoDosRecursosAxis to TotalDosRecursosVinculadosMember" order="2.0"/>
    <link:loc xlink:type="locator" xlink:href="../../../cor/dim/siconfi-dim_2020-12-31.xsd#siconfi-dim_RecursosDestinadosAoRGPSMember" xlink:label="RecursosDestinadosAoRGPSMember" xlink:title="RecursosDestinadosAoRGPSMember"/>
    <link:definitionArc xlink:type="arc" xlink:arcrole="http://xbrl.org/int/dim/arcrole/domain-member" xlink:from="TotalDosRecursosVinculadosMember" xlink:to="RecursosDestinadosAoRGPSMember" xlink:title="definition: TotalDosRecursosVinculadosMember to RecursosDestinadosAoRGPSMember" order="3.0"/>
    <link:loc xlink:type="locator" xlink:href="../../../cor/dim/siconfi-dim_2020-12-31.xsd#siconfi-dim_OutrasDestinacoesVinculadasDeRecursosMember" xlink:label="OutrasDestinacoesVinculadasDeRecursosMember" xlink:title="OutrasDestinacoesVinculadasDeRecursosMember"/>
    <link:definitionArc xlink:type="arc" xlink:arcrole="http://xbrl.org/int/dim/arcrole/domain-member" xlink:from="TotalDosRecursosVinculadosMember" xlink:to="OutrasDestinacoesVinculadasDeRecursosMember" xlink:title="definition: TotalDosRecursosVinculadosMember to OutrasDestinacoesVinculadasDeRecursosMember" order="10.0"/>
    <link:loc xlink:type="locator" xlink:href="../../../cor/dim/siconfi-dim_2020-12-31.xsd#siconfi-dim_RecursosDestinadosAoRPPSMember" xlink:label="RecursosDestinadosAoRPPSMember" xlink:title="RecursosDestinadosAoRPPSMember"/>
    <link:definitionArc xlink:type="arc" xlink:arcrole="http://xbrl.org/int/dim/arcrole/domain-member" xlink:from="TotalDosRecursosVinculadosMember" xlink:to="RecursosDestinadosAoRPPSMember" xlink:title="definition: TotalDosRecursosVinculadosMember to RecursosDestinadosAoRPPSMember" order="2.0"/>
    <link:loc xlink:type="locator" xlink:href="../../../cor/dim/siconfi-dim_2020-12-31.xsd#siconfi-dim_RecursosDeTransferenciasConstitucionaisELegaisAosEntesInclusiveFundosMember" xlink:label="RecursosDeTransferenciasConstitucionaisELegaisAosEntesInclusiveFundosMember" xlink:title="RecursosDeTransferenciasConstitucionaisELegaisAosEntesInclusiveFundosMember"/>
    <link:definitionArc xlink:type="arc" xlink:arcrole="http://xbrl.org/int/dim/arcrole/domain-member" xlink:from="TotalDosRecursosVinculadosMember" xlink:to="RecursosDeTransferenciasConstitucionaisELegaisAosEntesInclusiveFundosMember" xlink:title="definition: TotalDosRecursosVinculadosMember to RecursosDeTransferenciasConstitucionaisELegaisAosEntesInclusiveFundosMember" order="5.0"/>
    <link:loc xlink:type="locator" xlink:href="../../../cor/dim/siconfi-dim_2020-12-31.xsd#siconfi-dim_RecursosVinculadosAFundosOrgaosEProgramasMember" xlink:label="RecursosVinculadosAFundosOrgaosEProgramasMember" xlink:title="RecursosVinculadosAFundosOrgaosEProgramasMember"/>
    <link:definitionArc xlink:type="arc" xlink:arcrole="http://xbrl.org/int/dim/arcrole/domain-member" xlink:from="TotalDosRecursosVinculadosMember" xlink:to="RecursosVinculadosAFundosOrgaosEProgramasMember" xlink:title="definition: TotalDosRecursosVinculadosMember to RecursosVinculadosAFundosOrgaosEProgramasMember" order="6.0"/>
    <link:loc xlink:type="locator" xlink:href="../../../cor/dim/siconfi-dim_2020-12-31.xsd#siconfi-dim_RecursosVinculadosASeguridadeSocialExcetoPrevidenciaMember" xlink:label="RecursosVinculadosASeguridadeSocialExcetoPrevidenciaMember" xlink:title="RecursosVinculadosASeguridadeSocialExcetoPrevidenciaMember"/>
    <link:definitionArc xlink:type="arc" xlink:arcrole="http://xbrl.org/int/dim/arcrole/domain-member" xlink:from="TotalDosRecursosVinculadosMember" xlink:to="RecursosVinculadosASeguridadeSocialExcetoPrevidenciaMember" xlink:title="definition: TotalDosRecursosVinculadosMember to RecursosVinculadosASeguridadeSocialExcetoPrevidenciaMember" order="1.0"/>
    <link:loc xlink:type="locator" xlink:href="../../../cor/dim/siconfi-dim_2020-12-31.xsd#siconfi-dim_RecursosVinculadosAEducacaoMember" xlink:label="RecursosVinculadosAEducacaoMember" xlink:title="RecursosVinculadosAEducacaoMember"/>
    <link:definitionArc xlink:type="arc" xlink:arcrole="http://xbrl.org/int/dim/arcrole/domain-member" xlink:from="TotalDosRecursosVinculadosMember" xlink:to="RecursosVinculadosAEducacaoMember" xlink:title="definition: TotalDosRecursosVinculadosMember to RecursosVinculadosAEducacaoMember" order="4.0"/>
    <link:loc xlink:type="locator" xlink:href="../../../cor/dim/siconfi-dim_2020-12-31.xsd#siconfi-dim_RecursosDeAlienacaoDeBensEDireitosMember" xlink:label="RecursosDeAlienacaoDeBensEDireitosMember" xlink:title="RecursosDeAlienacaoDeBensEDireitosMember"/>
    <link:definitionArc xlink:type="arc" xlink:arcrole="http://xbrl.org/int/dim/arcrole/domain-member" xlink:from="TotalDosRecursosVinculadosMember" xlink:to="RecursosDeAlienacaoDeBensEDireitosMember" xlink:title="definition: TotalDosRecursosVinculadosMember to RecursosDeAlienacaoDeBensEDireitosMember" order="7.0"/>
    <link:loc xlink:type="locator" xlink:href="../../../cor/dim/siconfi-dim_2020-12-31.xsd#siconfi-dim_RecursosDeReceitasFinanceirasMember" xlink:label="RecursosDeReceitasFinanceirasMember" xlink:title="RecursosDeReceitasFinanceirasMember"/>
    <link:definitionArc xlink:type="arc" xlink:arcrole="http://xbrl.org/int/dim/arcrole/domain-member" xlink:from="TotalDosRecursosVinculadosMember" xlink:to="RecursosDeReceitasFinanceirasMember" xlink:title="definition: TotalDosRecursosVinculadosMember to RecursosDeReceitasFinanceirasMember" order="9.0"/>
    <link:loc xlink:type="locator" xlink:href="../../../cor/dim/siconfi-dim_2020-12-31.xsd#siconfi-dim_RecursosDeOperacoesDeCreditoMember" xlink:label="RecursosDeOperacoesDeCreditoMember" xlink:title="RecursosDeOperacoesDeCreditoMember"/>
    <link:definitionArc xlink:type="arc" xlink:arcrole="http://xbrl.org/int/dim/arcrole/domain-member" xlink:from="TotalDosRecursosVinculadosMember" xlink:to="RecursosDeOperacoesDeCreditoMember" xlink:title="definition: TotalDosRecursosVinculadosMember to RecursosDeOperacoesDeCreditoMember" order="8.0"/>
    <link:loc xlink:type="locator" xlink:href="../../../cor/dim/siconfi-dim_2020-12-31.xsd#siconfi-dim_TotalDosRecursosNaoVinculadosMember" xlink:label="TotalDosRecursosNaoVinculadosMember" xlink:title="TotalDosRecursosNaoVinculadosMember"/>
    <link:definitionArc xlink:type="arc" xlink:arcrole="http://xbrl.org/int/dim/arcrole/dimension-domain" xlink:from="IdentificacaoDosRecursosAxis" xlink:to="TotalDosRecursosNaoVinculadosMember" xlink:title="definition: IdentificacaoDosRecursosAxis to TotalDosRecursosNaoVinculadosMember" order="1.0"/>
    <link:loc xlink:type="locator" xlink:href="../../../cor/dim/siconfi-dim_2020-12-31.xsd#siconfi-dim_RecursosOrdinariosMember" xlink:label="RecursosOrdinariosMember" xlink:title="RecursosOrdinariosMember"/>
    <link:definitionArc xlink:type="arc" xlink:arcrole="http://xbrl.org/int/dim/arcrole/domain-member" xlink:from="TotalDosRecursosNaoVinculadosMember" xlink:to="RecursosOrdinariosMember" xlink:title="definition: TotalDosRecursosNaoVinculadosMember to RecursosOrdinariosMember" order="1.0"/>
    <link:loc xlink:type="locator" xlink:href="../../../cor/dim/siconfi-dim_2020-12-31.xsd#siconfi-dim_TotalDosRecursosMember" xlink:label="TotalDosRecursosMember" xlink:title="TotalDosRecursosMember"/>
    <link:definitionArc xlink:type="arc" xlink:arcrole="http://xbrl.org/int/dim/arcrole/dimension-domain" xlink:from="IdentificacaoDosRecursosAxis" xlink:to="TotalDosRecursosMember" xlink:title="definition: IdentificacaoDosRecursosAxis to TotalDosRecursosMember" order="3.0"/>
  </link:definitionLink>
</link:linkbase>
