<?xml version="1.0" encoding="UTF-8"?>
<!-- Generated by Fujitsu Interstage XWand B0196 -->
<link:linkbase xmlns:xsi="http://www.w3.org/2001/XMLSchema-instance" xsi:schemaLocation="http://www.xbrl.org/2003/linkbase http://www.xbrl.org/2003/xbrl-linkbase-2003-12-31.xsd" xmlns:link="http://www.xbrl.org/2003/linkbase" xmlns:xlink="http://www.w3.org/1999/xlink" xmlns:xbrli="http://www.xbrl.org/2003/instance">
  <link:roleRef roleURI="http://fazenda.gov.br/siconfi/rep/rreo/anexo3estados/siconfi-rreo-anexo3-tabela3.1" xlink:type="simple" xlink:href="siconfi-rreo-anexo3estados_2019-12-31.xsd#siconfi-rreo-anexo3-tabela3.1"/>
  <link:labelLink xlink:type="extended" xlink:role="http://www.xbrl.org/2003/role/link"/>
  <link:labelLink xlink:type="extended" xlink:role="http://fazenda.gov.br/siconfi/rep/rreo/anexo3estados/siconfi-rreo-anexo3-tabela3.1">
    <link:loc xlink:type="locator" xlink:href="../../../cor/dim/siconfi-dim_2019-12-31.xsd#siconfi-dim_EvolucaoReceitaCorrenteLiquidaAxis" xlink:label="EvolucaoReceitaCorrenteLiquidaAxis" xlink:title="EvolucaoReceitaCorrenteLiquidaAxis"/>
    <link:label xlink:type="resource" xlink:label="label_EvolucaoReceitaCorrenteLiquidaAxis" xlink:role="http://www.xbrl.org/2003/role/label" xlink:title="label_EvolucaoReceitaCorrenteLiquidaAxis" xml:lang="pt-br" id="label_EvolucaoReceitaCorrenteLiquidaAxis">Evolução da Receita Corrente Líquida [axis] [orientacao=horizontal]</link:label>
    <link:labelArc xlink:type="arc" xlink:arcrole="http://www.xbrl.org/2003/arcrole/concept-label" xlink:from="EvolucaoReceitaCorrenteLiquidaAxis" xlink:to="label_EvolucaoReceitaCorrenteLiquidaAxis" xlink:title="label: EvolucaoReceitaCorrenteLiquidaAxis to label_EvolucaoReceitaCorrenteLiquidaAxis"/>
    <link:loc xlink:type="locator" xlink:href="../../../cor/dim/siconfi-dim_2019-12-31.xsd#siconfi-dim_EvolucaoReceitaRealizadaMember" xlink:label="EvolucaoReceitaRealizadaMember" xlink:title="EvolucaoReceitaRealizadaMember"/>
    <link:label xlink:type="resource" xlink:label="label_EvolucaoReceitaRealizadaMember" xlink:role="http://www.xbrl.org/2003/role/label" xlink:title="label_EvolucaoReceitaRealizadaMember" xml:lang="pt-br" id="label_EvolucaoReceitaRealizadaMember">EVOLUÇÃO DA RECEITA REALIZADA NOS ÚLTIMOS 12 MESES [member]</link:label>
    <link:labelArc xlink:type="arc" xlink:arcrole="http://www.xbrl.org/2003/arcrole/concept-label" xlink:from="EvolucaoReceitaRealizadaMember" xlink:to="label_EvolucaoReceitaRealizadaMember" xlink:title="label: EvolucaoReceitaRealizadaMember to label_EvolucaoReceitaRealizadaMember"/>
    <link:loc xlink:type="locator" xlink:href="../../../cor/dim/siconfi-dim_2019-12-31.xsd#siconfi-dim_PeriodoDeReferenciaCincoMember" xlink:label="PeriodoDeReferenciaCincoMember" xlink:title="PeriodoDeReferenciaCincoMember"/>
    <link:label xlink:type="resource" xlink:label="label_PeriodoDeReferenciaCincoMember" xlink:role="http://www.xbrl.org/2003/role/label" xlink:title="label_PeriodoDeReferenciaCincoMember" xml:lang="pt-br" id="label_PeriodoDeReferenciaCincoMember">&lt;MR-5&gt; [member]</link:label>
    <link:labelArc xlink:type="arc" xlink:arcrole="http://www.xbrl.org/2003/arcrole/concept-label" xlink:from="PeriodoDeReferenciaCincoMember" xlink:to="label_PeriodoDeReferenciaCincoMember" xlink:title="label: PeriodoDeReferenciaCincoMember to label_PeriodoDeReferenciaCincoMember"/>
    <link:loc xlink:type="locator" xlink:href="../../../cor/dim/siconfi-dim_2019-12-31.xsd#siconfi-dim_PeriodoDeReferenciaDezMember" xlink:label="PeriodoDeReferenciaDezMember" xlink:title="PeriodoDeReferenciaDezMember"/>
    <link:label xlink:type="resource" xlink:label="label_PeriodoDeReferenciaDezMember" xlink:role="http://www.xbrl.org/2003/role/label" xlink:title="label_PeriodoDeReferenciaDezMember" xml:lang="pt-br" id="label_PeriodoDeReferenciaDezMember">&lt;MR-10&gt; [member]</link:label>
    <link:labelArc xlink:type="arc" xlink:arcrole="http://www.xbrl.org/2003/arcrole/concept-label" xlink:from="PeriodoDeReferenciaDezMember" xlink:to="label_PeriodoDeReferenciaDezMember" xlink:title="label: PeriodoDeReferenciaDezMember to label_PeriodoDeReferenciaDezMember"/>
    <link:loc xlink:type="locator" xlink:href="../../../cor/dim/siconfi-dim_2019-12-31.xsd#siconfi-dim_PeriodoDeReferenciaDoisMember" xlink:label="PeriodoDeReferenciaDoisMember" xlink:title="PeriodoDeReferenciaDoisMember"/>
    <link:label xlink:type="resource" xlink:label="label_PeriodoDeReferenciaDoisMember" xlink:role="http://www.xbrl.org/2003/role/label" xlink:title="label_PeriodoDeReferenciaDoisMember" xml:lang="pt-br" id="label_PeriodoDeReferenciaDoisMember">&lt;MR-2&gt; [member]</link:label>
    <link:labelArc xlink:type="arc" xlink:arcrole="http://www.xbrl.org/2003/arcrole/concept-label" xlink:from="PeriodoDeReferenciaDoisMember" xlink:to="label_PeriodoDeReferenciaDoisMember" xlink:title="label: PeriodoDeReferenciaDoisMember to label_PeriodoDeReferenciaDoisMember"/>
    <link:loc xlink:type="locator" xlink:href="../../../cor/dim/siconfi-dim_2019-12-31.xsd#siconfi-dim_PeriodoDeReferenciaNoveMember" xlink:label="PeriodoDeReferenciaNoveMember" xlink:title="PeriodoDeReferenciaNoveMember"/>
    <link:label xlink:type="resource" xlink:label="label_PeriodoDeReferenciaNoveMember" xlink:role="http://www.xbrl.org/2003/role/label" xlink:title="label_PeriodoDeReferenciaNoveMember" xml:lang="pt-br" id="label_PeriodoDeReferenciaNoveMember">&lt;MR-9&gt; [member]</link:label>
    <link:labelArc xlink:type="arc" xlink:arcrole="http://www.xbrl.org/2003/arcrole/concept-label" xlink:from="PeriodoDeReferenciaNoveMember" xlink:to="label_PeriodoDeReferenciaNoveMember" xlink:title="label: PeriodoDeReferenciaNoveMember to label_PeriodoDeReferenciaNoveMember"/>
    <link:loc xlink:type="locator" xlink:href="../../../cor/dim/siconfi-dim_2019-12-31.xsd#siconfi-dim_PeriodoDeReferenciaOitoMember" xlink:label="PeriodoDeReferenciaOitoMember" xlink:title="PeriodoDeReferenciaOitoMember"/>
    <link:label xlink:type="resource" xlink:label="label_PeriodoDeReferenciaOitoMember" xlink:role="http://www.xbrl.org/2003/role/label" xlink:title="label_PeriodoDeReferenciaOitoMember" xml:lang="pt-br" id="label_PeriodoDeReferenciaOitoMember">&lt;MR-8&gt; [member]</link:label>
    <link:labelArc xlink:type="arc" xlink:arcrole="http://www.xbrl.org/2003/arcrole/concept-label" xlink:from="PeriodoDeReferenciaOitoMember" xlink:to="label_PeriodoDeReferenciaOitoMember" xlink:title="label: PeriodoDeReferenciaOitoMember to label_PeriodoDeReferenciaOitoMember"/>
    <link:loc xlink:type="locator" xlink:href="../../../cor/dim/siconfi-dim_2019-12-31.xsd#siconfi-dim_PeriodoDeReferenciaOnzeMember" xlink:label="PeriodoDeReferenciaOnzeMember" xlink:title="PeriodoDeReferenciaOnzeMember"/>
    <link:label xlink:type="resource" xlink:label="label_PeriodoDeReferenciaOnzeMember" xlink:role="http://www.xbrl.org/2003/role/label" xlink:title="label_PeriodoDeReferenciaOnzeMember" xml:lang="pt-br" id="label_PeriodoDeReferenciaOnzeMember">&lt;MR-11&gt; [member]</link:label>
    <link:labelArc xlink:type="arc" xlink:arcrole="http://www.xbrl.org/2003/arcrole/concept-label" xlink:from="PeriodoDeReferenciaOnzeMember" xlink:to="label_PeriodoDeReferenciaOnzeMember" xlink:title="label: PeriodoDeReferenciaOnzeMember to label_PeriodoDeReferenciaOnzeMember"/>
    <link:loc xlink:type="locator" xlink:href="../../../cor/dim/siconfi-dim_2019-12-31.xsd#siconfi-dim_PeriodoDeReferenciaQuatroMember" xlink:label="PeriodoDeReferenciaQuatroMember" xlink:title="PeriodoDeReferenciaQuatroMember"/>
    <link:label xlink:type="resource" xlink:label="label_PeriodoDeReferenciaQuatroMember" xlink:role="http://www.xbrl.org/2003/role/label" xlink:title="label_PeriodoDeReferenciaQuatroMember" xml:lang="pt-br" id="label_PeriodoDeReferenciaQuatroMember">&lt;MR-4&gt; [member]</link:label>
    <link:labelArc xlink:type="arc" xlink:arcrole="http://www.xbrl.org/2003/arcrole/concept-label" xlink:from="PeriodoDeReferenciaQuatroMember" xlink:to="label_PeriodoDeReferenciaQuatroMember" xlink:title="label: PeriodoDeReferenciaQuatroMember to label_PeriodoDeReferenciaQuatroMember"/>
    <link:loc xlink:type="locator" xlink:href="../../../cor/dim/siconfi-dim_2019-12-31.xsd#siconfi-dim_PeriodoDeReferenciaSeisMember" xlink:label="PeriodoDeReferenciaSeisMember" xlink:title="PeriodoDeReferenciaSeisMember"/>
    <link:label xlink:type="resource" xlink:label="label_PeriodoDeReferenciaSeisMember" xlink:role="http://www.xbrl.org/2003/role/label" xlink:title="label_PeriodoDeReferenciaSeisMember" xml:lang="pt-br" id="label_PeriodoDeReferenciaSeisMember">&lt;MR-6&gt; [member]</link:label>
    <link:labelArc xlink:type="arc" xlink:arcrole="http://www.xbrl.org/2003/arcrole/concept-label" xlink:from="PeriodoDeReferenciaSeisMember" xlink:to="label_PeriodoDeReferenciaSeisMember" xlink:title="label: PeriodoDeReferenciaSeisMember to label_PeriodoDeReferenciaSeisMember"/>
    <link:loc xlink:type="locator" xlink:href="../../../cor/dim/siconfi-dim_2019-12-31.xsd#siconfi-dim_PeriodoDeReferenciaSeteMember" xlink:label="PeriodoDeReferenciaSeteMember" xlink:title="PeriodoDeReferenciaSeteMember"/>
    <link:label xlink:type="resource" xlink:label="label_PeriodoDeReferenciaSeteMember" xlink:role="http://www.xbrl.org/2003/role/label" xlink:title="label_PeriodoDeReferenciaSeteMember" xml:lang="pt-br" id="label_PeriodoDeReferenciaSeteMember">&lt;MR-7&gt; [member]</link:label>
    <link:labelArc xlink:type="arc" xlink:arcrole="http://www.xbrl.org/2003/arcrole/concept-label" xlink:from="PeriodoDeReferenciaSeteMember" xlink:to="label_PeriodoDeReferenciaSeteMember" xlink:title="label: PeriodoDeReferenciaSeteMember to label_PeriodoDeReferenciaSeteMember"/>
    <link:loc xlink:type="locator" xlink:href="../../../cor/dim/siconfi-dim_2019-12-31.xsd#siconfi-dim_PeriodoDeReferenciaTresMember" xlink:label="PeriodoDeReferenciaTresMember" xlink:title="PeriodoDeReferenciaTresMember"/>
    <link:label xlink:type="resource" xlink:label="label_PeriodoDeReferenciaTresMember" xlink:role="http://www.xbrl.org/2003/role/label" xlink:title="label_PeriodoDeReferenciaTresMember" xml:lang="pt-br" id="label_PeriodoDeReferenciaTresMember">&lt;MR-3&gt; [member]</link:label>
    <link:labelArc xlink:type="arc" xlink:arcrole="http://www.xbrl.org/2003/arcrole/concept-label" xlink:from="PeriodoDeReferenciaTresMember" xlink:to="label_PeriodoDeReferenciaTresMember" xlink:title="label: PeriodoDeReferenciaTresMember to label_PeriodoDeReferenciaTresMember"/>
    <link:loc xlink:type="locator" xlink:href="../../../cor/dim/siconfi-dim_2019-12-31.xsd#siconfi-dim_PeriodoDeReferenciaUmMember" xlink:label="PeriodoDeReferenciaUmMember" xlink:title="PeriodoDeReferenciaUmMember"/>
    <link:label xlink:type="resource" xlink:label="label_PeriodoDeReferenciaUmMember" xlink:role="http://www.xbrl.org/2003/role/label" xlink:title="label_PeriodoDeReferenciaUmMember" xml:lang="pt-br" id="label_PeriodoDeReferenciaUmMember">&lt;MR-1&gt; [member]</link:label>
    <link:labelArc xlink:type="arc" xlink:arcrole="http://www.xbrl.org/2003/arcrole/concept-label" xlink:from="PeriodoDeReferenciaUmMember" xlink:to="label_PeriodoDeReferenciaUmMember" xlink:title="label: PeriodoDeReferenciaUmMember to label_PeriodoDeReferenciaUmMember"/>
    <link:loc xlink:type="locator" xlink:href="../../../cor/dim/siconfi-dim_2019-12-31.xsd#siconfi-dim_PeriodoDeReferenciaZeroMember" xlink:label="PeriodoDeReferenciaZeroMember" xlink:title="PeriodoDeReferenciaZeroMember"/>
    <link:label xlink:type="resource" xlink:label="label_PeriodoDeReferenciaZeroMember" xlink:role="http://www.xbrl.org/2003/role/label" xlink:title="label_PeriodoDeReferenciaZeroMember" xml:lang="pt-br" id="label_PeriodoDeReferenciaZeroMember">&lt;MR&gt; [member]</link:label>
    <link:labelArc xlink:type="arc" xlink:arcrole="http://www.xbrl.org/2003/arcrole/concept-label" xlink:from="PeriodoDeReferenciaZeroMember" xlink:to="label_PeriodoDeReferenciaZeroMember" xlink:title="label: PeriodoDeReferenciaZeroMember to label_PeriodoDeReferenciaZeroMember"/>
    <link:loc xlink:type="locator" xlink:href="../../../cor/dim/siconfi-dim_2019-12-31.xsd#siconfi-dim_PrevisaoAtualizadaMember" xlink:label="PrevisaoAtualizadaMember" xlink:title="PrevisaoAtualizadaMember"/>
    <link:label xlink:type="resource" xlink:label="label_PrevisaoAtualizadaMember" xlink:role="http://www.xbrl.org/2003/role/label" xlink:title="label_PrevisaoAtualizadaMember" xml:lang="pt-br" id="label_PrevisaoAtualizadaMember">PREVISÃO ATUALIZADA 2020 [member]</link:label>
    <link:labelArc xlink:type="arc" xlink:arcrole="http://www.xbrl.org/2003/arcrole/concept-label" xlink:from="PrevisaoAtualizadaMember" xlink:to="label_PrevisaoAtualizadaMember" xlink:title="label: PrevisaoAtualizadaMember to label_PrevisaoAtualizadaMember"/>
    <link:loc xlink:type="locator" xlink:href="../../../cor/dim/siconfi-dim_2019-12-31.xsd#siconfi-dim_TotalMember" xlink:label="TotalMember" xlink:title="TotalMember"/>
    <link:label xlink:type="resource" xlink:label="label_TotalMember" xlink:role="http://www.xbrl.org/2003/role/label" xlink:title="label_TotalMember" xml:lang="pt-br" id="label_TotalMember">TOTAL (ÚLTIMOS 12 MESES) [member]</link:label>
    <link:labelArc xlink:type="arc" xlink:arcrole="http://www.xbrl.org/2003/arcrole/concept-label" xlink:from="TotalMember" xlink:to="label_TotalMember" xlink:title="label: TotalMember to label_TotalMember"/>
    <link:loc xlink:type="locator" xlink:href="../../../cor/ic/siconfi-cor_2019-12-31.xsd#siconfi-cor_CompensacaoFinanceiraEntreRegimesPrevidencia" xlink:label="CompensacaoFinanceiraEntreRegimesPrevidencia" xlink:title="CompensacaoFinanceiraEntreRegimesPrevidencia"/>
    <link:label xlink:type="resource" xlink:label="label_CompensacaoFinanceiraEntreRegimesPrevidencia" xlink:role="http://www.xbrl.org/2003/role/label" xlink:title="label_CompensacaoFinanceiraEntreRegimesPrevidencia" xml:lang="pt-br" id="label_CompensacaoFinanceiraEntreRegimesPrevidencia">Compensações Financ. entre Regimes Previdência</link:label>
    <link:labelArc xlink:type="arc" xlink:arcrole="http://www.xbrl.org/2003/arcrole/concept-label" xlink:from="CompensacaoFinanceiraEntreRegimesPrevidencia" xlink:to="label_CompensacaoFinanceiraEntreRegimesPrevidencia" xlink:title="label: CompensacaoFinanceiraEntreRegimesPrevidencia to label_CompensacaoFinanceiraEntreRegimesPrevidencia"/>
    <link:loc xlink:type="locator" xlink:href="../../../cor/ic/siconfi-cor_2019-12-31.xsd#siconfi-cor_ContribuicaoDoServidorParaOPlanoDePrevidencia" xlink:label="ContribuicaoDoServidorParaOPlanoDePrevidencia" xlink:title="ContribuicaoDoServidorParaOPlanoDePrevidencia"/>
    <link:label xlink:type="resource" xlink:label="label_ContribuicaoDoServidorParaOPlanoDePrevidencia" xlink:role="http://www.xbrl.org/2003/role/label" xlink:title="label_ContribuicaoDoServidorParaOPlanoDePrevidencia" xml:lang="pt-br" id="label_ContribuicaoDoServidorParaOPlanoDePrevidencia">Contrib. do Servidor para o Plano de Previdência</link:label>
    <link:labelArc xlink:type="arc" xlink:arcrole="http://www.xbrl.org/2003/arcrole/concept-label" xlink:from="ContribuicaoDoServidorParaOPlanoDePrevidencia" xlink:to="label_ContribuicaoDoServidorParaOPlanoDePrevidencia" xlink:title="label: ContribuicaoDoServidorParaOPlanoDePrevidencia to label_ContribuicaoDoServidorParaOPlanoDePrevidencia"/>
    <link:loc xlink:type="locator" xlink:href="../../../cor/ic/siconfi-cor_2019-12-31.xsd#siconfi-cor_ContribuicaoEmpregadoresETrabalhadoresParaSeguridadeSocial" xlink:label="ContribuicaoEmpregadoresETrabalhadoresParaSeguridadeSocial" xlink:title="ContribuicaoEmpregadoresETrabalhadoresParaSeguridadeSocial"/>
    <link:label xlink:type="resource" xlink:label="label_ContribuicaoEmpregadoresETrabalhadoresParaSeguridadeSocial" xlink:role="http://www.xbrl.org/2003/role/label" xlink:title="label_ContribuicaoEmpregadoresETrabalhadoresParaSeguridadeSocial" xml:lang="pt-br" id="label_ContribuicaoEmpregadoresETrabalhadoresParaSeguridadeSocial">Contrib. Empregadores e Trab. para Seg. Social</link:label>
    <link:labelArc xlink:type="arc" xlink:arcrole="http://www.xbrl.org/2003/arcrole/concept-label" xlink:from="ContribuicaoEmpregadoresETrabalhadoresParaSeguridadeSocial" xlink:to="label_ContribuicaoEmpregadoresETrabalhadoresParaSeguridadeSocial" xlink:title="label: ContribuicaoEmpregadoresETrabalhadoresParaSeguridadeSocial to label_ContribuicaoEmpregadoresETrabalhadoresParaSeguridadeSocial"/>
    <link:loc xlink:type="locator" xlink:href="../../../cor/ic/siconfi-cor_2019-12-31.xsd#siconfi-cor_ContribuicaoParaOCusteioDasPensoesMilitares" xlink:label="ContribuicaoParaOCusteioDasPensoesMilitares" xlink:title="ContribuicaoParaOCusteioDasPensoesMilitares"/>
    <link:label xlink:type="resource" xlink:label="label_ContribuicaoParaOCusteioDasPensoesMilitares" xlink:role="http://www.xbrl.org/2003/role/label" xlink:title="label_ContribuicaoParaOCusteioDasPensoesMilitares" xml:lang="pt-br" id="label_ContribuicaoParaOCusteioDasPensoesMilitares">Contrib. dos Militares para o Custeio das Pensões</link:label>
    <link:labelArc xlink:type="arc" xlink:arcrole="http://www.xbrl.org/2003/arcrole/concept-label" xlink:from="ContribuicaoParaOCusteioDasPensoesMilitares" xlink:to="label_ContribuicaoParaOCusteioDasPensoesMilitares" xlink:title="label: ContribuicaoParaOCusteioDasPensoesMilitares to label_ContribuicaoParaOCusteioDasPensoesMilitares"/>
    <link:loc xlink:type="locator" xlink:href="../../../cor/ic/siconfi-cor_2019-12-31.xsd#siconfi-cor_ContribuicoesParaPISPASEP" xlink:label="ContribuicoesParaPISPASEP" xlink:title="ContribuicoesParaPISPASEP"/>
    <link:label xlink:type="resource" xlink:label="label_ContribuicoesParaPISPASEP" xlink:role="http://www.xbrl.org/2003/role/label" xlink:title="label_ContribuicoesParaPISPASEP" xml:lang="pt-br" id="label_ContribuicoesParaPISPASEP">Contribuições para PIS/PASEP</link:label>
    <link:labelArc xlink:type="arc" xlink:arcrole="http://www.xbrl.org/2003/arcrole/concept-label" xlink:from="ContribuicoesParaPISPASEP" xlink:to="label_ContribuicoesParaPISPASEP" xlink:title="label: ContribuicoesParaPISPASEP to label_ContribuicoesParaPISPASEP"/>
    <link:loc xlink:type="locator" xlink:href="../../../cor/ic/siconfi-cor_2019-12-31.xsd#siconfi-cor_DeducaoDeReceitaParaFormacaoDoFUNDEB" xlink:label="DeducaoDeReceitaParaFormacaoDoFUNDEB" xlink:title="DeducaoDeReceitaParaFormacaoDoFUNDEB"/>
    <link:label xlink:type="resource" xlink:label="label_DeducaoDeReceitaParaFormacaoDoFUNDEB" xlink:role="http://www.xbrl.org/2003/role/label" xlink:title="label_DeducaoDeReceitaParaFormacaoDoFUNDEB" xml:lang="pt-br" id="label_DeducaoDeReceitaParaFormacaoDoFUNDEB">Dedução de Receita para Formação do FUNDEB</link:label>
    <link:labelArc xlink:type="arc" xlink:arcrole="http://www.xbrl.org/2003/arcrole/concept-label" xlink:from="DeducaoDeReceitaParaFormacaoDoFUNDEB" xlink:to="label_DeducaoDeReceitaParaFormacaoDoFUNDEB" xlink:title="label: DeducaoDeReceitaParaFormacaoDoFUNDEB to label_DeducaoDeReceitaParaFormacaoDoFUNDEB"/>
    <link:loc xlink:type="locator" xlink:href="../../../cor/ic/siconfi-cor_2019-12-31.xsd#siconfi-cor_DeducoesDaReceitaCorrenteLiquida" xlink:label="DeducoesDaReceitaCorrenteLiquida" xlink:title="DeducoesDaReceitaCorrenteLiquida"/>
    <link:label xlink:type="resource" xlink:label="label_DeducoesDaReceitaCorrenteLiquida" xlink:role="http://www.xbrl.org/2003/role/label" xlink:title="label_DeducoesDaReceitaCorrenteLiquida" xml:lang="pt-br" id="label_DeducoesDaReceitaCorrenteLiquida">DEDUÇÕES (II)</link:label>
    <link:labelArc xlink:type="arc" xlink:arcrole="http://www.xbrl.org/2003/arcrole/concept-label" xlink:from="DeducoesDaReceitaCorrenteLiquida" xlink:to="label_DeducoesDaReceitaCorrenteLiquida" xlink:title="label: DeducoesDaReceitaCorrenteLiquida to label_DeducoesDaReceitaCorrenteLiquida"/>
    <link:loc xlink:type="locator" xlink:href="../../../cor/ic/siconfi-cor_2019-12-31.xsd#siconfi-cor_ICMSLiquidoExcetoTransferenciasEFUNDEB" xlink:label="ICMSLiquidoExcetoTransferenciasEFUNDEB" xlink:title="ICMSLiquidoExcetoTransferenciasEFUNDEB"/>
    <link:label xlink:type="resource" xlink:label="label_ICMSLiquidoExcetoTransferenciasEFUNDEB" xlink:role="http://www.xbrl.org/2003/role/label" xlink:title="label_ICMSLiquidoExcetoTransferenciasEFUNDEB" xml:lang="pt-br" id="label_ICMSLiquidoExcetoTransferenciasEFUNDEB">ICMS</link:label>
    <link:labelArc xlink:type="arc" xlink:arcrole="http://www.xbrl.org/2003/arcrole/concept-label" xlink:from="ICMSLiquidoExcetoTransferenciasEFUNDEB" xlink:to="label_ICMSLiquidoExcetoTransferenciasEFUNDEB" xlink:title="label: ICMSLiquidoExcetoTransferenciasEFUNDEB to label_ICMSLiquidoExcetoTransferenciasEFUNDEB"/>
    <link:loc xlink:type="locator" xlink:href="../../../cor/ic/siconfi-cor_2019-12-31.xsd#siconfi-cor_IPVALiquidoExcetoTransferenciasEFUNDEB" xlink:label="IPVALiquidoExcetoTransferenciasEFUNDEB" xlink:title="IPVALiquidoExcetoTransferenciasEFUNDEB"/>
    <link:label xlink:type="resource" xlink:label="label_IPVALiquidoExcetoTransferenciasEFUNDEB" xlink:role="http://www.xbrl.org/2003/role/label" xlink:title="label_IPVALiquidoExcetoTransferenciasEFUNDEB" xml:lang="pt-br" id="label_IPVALiquidoExcetoTransferenciasEFUNDEB">IPVA</link:label>
    <link:labelArc xlink:type="arc" xlink:arcrole="http://www.xbrl.org/2003/arcrole/concept-label" xlink:from="IPVALiquidoExcetoTransferenciasEFUNDEB" xlink:to="label_IPVALiquidoExcetoTransferenciasEFUNDEB" xlink:title="label: IPVALiquidoExcetoTransferenciasEFUNDEB to label_IPVALiquidoExcetoTransferenciasEFUNDEB"/>
    <link:loc xlink:type="locator" xlink:href="../../../cor/ic/siconfi-cor_2019-12-31.xsd#siconfi-cor_IRRFLiquidoExcetoTransferenciasEFUNDEB" xlink:label="IRRFLiquidoExcetoTransferenciasEFUNDEB" xlink:title="IRRFLiquidoExcetoTransferenciasEFUNDEB"/>
    <link:label xlink:type="resource" xlink:label="label_IRRFLiquidoExcetoTransferenciasEFUNDEB" xlink:role="http://www.xbrl.org/2003/role/label" xlink:title="label_IRRFLiquidoExcetoTransferenciasEFUNDEB" xml:lang="pt-br" id="label_IRRFLiquidoExcetoTransferenciasEFUNDEB">IRRF</link:label>
    <link:labelArc xlink:type="arc" xlink:arcrole="http://www.xbrl.org/2003/arcrole/concept-label" xlink:from="IRRFLiquidoExcetoTransferenciasEFUNDEB" xlink:to="label_IRRFLiquidoExcetoTransferenciasEFUNDEB" xlink:title="label: IRRFLiquidoExcetoTransferenciasEFUNDEB to label_IRRFLiquidoExcetoTransferenciasEFUNDEB"/>
    <link:loc xlink:type="locator" xlink:href="../../../cor/ic/siconfi-cor_2019-12-31.xsd#siconfi-cor_ITCDLiquidoExcetoTransferenciasEFUNDEB" xlink:label="ITCDLiquidoExcetoTransferenciasEFUNDEB" xlink:title="ITCDLiquidoExcetoTransferenciasEFUNDEB"/>
    <link:label xlink:type="resource" xlink:label="label_ITCDLiquidoExcetoTransferenciasEFUNDEB" xlink:role="http://www.xbrl.org/2003/role/label" xlink:title="label_ITCDLiquidoExcetoTransferenciasEFUNDEB" xml:lang="pt-br" id="label_ITCDLiquidoExcetoTransferenciasEFUNDEB">ITCD</link:label>
    <link:labelArc xlink:type="arc" xlink:arcrole="http://www.xbrl.org/2003/arcrole/concept-label" xlink:from="ITCDLiquidoExcetoTransferenciasEFUNDEB" xlink:to="label_ITCDLiquidoExcetoTransferenciasEFUNDEB" xlink:title="label: ITCDLiquidoExcetoTransferenciasEFUNDEB to label_ITCDLiquidoExcetoTransferenciasEFUNDEB"/>
    <link:loc xlink:type="locator" xlink:href="../../../cor/ic/siconfi-cor_2019-12-31.xsd#siconfi-cor_OutrasReceitasCorrentes" xlink:label="OutrasReceitasCorrentes" xlink:title="OutrasReceitasCorrentes"/>
    <link:label xlink:type="resource" xlink:label="label_OutrasReceitasCorrentes" xlink:role="http://www.xbrl.org/2003/role/label" xlink:title="label_OutrasReceitasCorrentes" xml:lang="pt-br" id="label_OutrasReceitasCorrentes">Outras Receitas Correntes</link:label>
    <link:labelArc xlink:type="arc" xlink:arcrole="http://www.xbrl.org/2003/arcrole/concept-label" xlink:from="OutrasReceitasCorrentes" xlink:to="label_OutrasReceitasCorrentes" xlink:title="label: OutrasReceitasCorrentes to label_OutrasReceitasCorrentes"/>
    <link:loc xlink:type="locator" xlink:href="../../../cor/ic/siconfi-cor_2019-12-31.xsd#siconfi-cor_OutrasReceitasTributarias" xlink:label="OutrasReceitasTributarias" xlink:title="OutrasReceitasTributarias"/>
    <link:label xlink:type="resource" xlink:label="label_OutrasReceitasTributarias" xlink:role="http://www.xbrl.org/2003/role/label" xlink:title="label_OutrasReceitasTributarias" xml:lang="pt-br" id="label_OutrasReceitasTributarias">Outros Impostos, Taxas e Contribuições de Melhoria</link:label>
    <link:labelArc xlink:type="arc" xlink:arcrole="http://www.xbrl.org/2003/arcrole/concept-label" xlink:from="OutrasReceitasTributarias" xlink:to="label_OutrasReceitasTributarias" xlink:title="label: OutrasReceitasTributarias to label_OutrasReceitasTributarias"/>
    <link:loc xlink:type="locator" xlink:href="../../../cor/ic/siconfi-cor_2019-12-31.xsd#siconfi-cor_ReceitaAgropecuaria" xlink:label="ReceitaAgropecuaria" xlink:title="ReceitaAgropecuaria"/>
    <link:label xlink:type="resource" xlink:label="label_ReceitaAgropecuaria" xlink:role="http://www.xbrl.org/2003/role/label" xlink:title="label_ReceitaAgropecuaria" xml:lang="pt-br" id="label_ReceitaAgropecuaria">Receita Agropecuária</link:label>
    <link:labelArc xlink:type="arc" xlink:arcrole="http://www.xbrl.org/2003/arcrole/concept-label" xlink:from="ReceitaAgropecuaria" xlink:to="label_ReceitaAgropecuaria" xlink:title="label: ReceitaAgropecuaria to label_ReceitaAgropecuaria"/>
    <link:loc xlink:type="locator" xlink:href="../../../cor/ic/siconfi-cor_2019-12-31.xsd#siconfi-cor_ReceitaCorrenteLiquida" xlink:label="ReceitaCorrenteLiquida" xlink:title="ReceitaCorrenteLiquida"/>
    <link:label xlink:type="resource" xlink:label="label_ReceitaCorrenteLiquida" xlink:role="http://www.xbrl.org/2003/role/label" xlink:title="label_ReceitaCorrenteLiquida" xml:lang="pt-br" id="label_ReceitaCorrenteLiquida">RECEITA CORRENTE LÍQUIDA (III) = (I - II)</link:label>
    <link:labelArc xlink:type="arc" xlink:arcrole="http://www.xbrl.org/2003/arcrole/concept-label" xlink:from="ReceitaCorrenteLiquida" xlink:to="label_ReceitaCorrenteLiquida" xlink:title="label: ReceitaCorrenteLiquida to label_ReceitaCorrenteLiquida"/>
    <link:loc xlink:type="locator" xlink:href="../../../cor/ic/siconfi-cor_2019-12-31.xsd#siconfi-cor_ReceitaDeContribuicoes" xlink:label="ReceitaDeContribuicoes" xlink:title="ReceitaDeContribuicoes"/>
    <link:label xlink:type="resource" xlink:label="label_ReceitaDeContribuicoes" xlink:role="http://www.xbrl.org/2003/role/label" xlink:title="label_ReceitaDeContribuicoes" xml:lang="pt-br" id="label_ReceitaDeContribuicoes">Receita de Contribuições</link:label>
    <link:labelArc xlink:type="arc" xlink:arcrole="http://www.xbrl.org/2003/arcrole/concept-label" xlink:from="ReceitaDeContribuicoes" xlink:to="label_ReceitaDeContribuicoes" xlink:title="label: ReceitaDeContribuicoes to label_ReceitaDeContribuicoes"/>
    <link:loc xlink:type="locator" xlink:href="../../../cor/ic/siconfi-cor_2019-12-31.xsd#siconfi-cor_ReceitaDeServicos" xlink:label="ReceitaDeServicos" xlink:title="ReceitaDeServicos"/>
    <link:label xlink:type="resource" xlink:label="label_ReceitaDeServicos" xlink:role="http://www.xbrl.org/2003/role/label" xlink:title="label_ReceitaDeServicos" xml:lang="pt-br" id="label_ReceitaDeServicos">Receita de Serviços</link:label>
    <link:labelArc xlink:type="arc" xlink:arcrole="http://www.xbrl.org/2003/arcrole/concept-label" xlink:from="ReceitaDeServicos" xlink:to="label_ReceitaDeServicos" xlink:title="label: ReceitaDeServicos to label_ReceitaDeServicos"/>
    <link:loc xlink:type="locator" xlink:href="../../../cor/ic/siconfi-cor_2019-12-31.xsd#siconfi-cor_ReceitaDeTransferenciasConstitucionaisELegais" xlink:label="ReceitaDeTransferenciasConstitucionaisELegais" xlink:title="ReceitaDeTransferenciasConstitucionaisELegais"/>
    <link:label xlink:type="resource" xlink:label="label_ReceitaDeTransferenciasConstitucionaisELegais" xlink:role="http://www.xbrl.org/2003/role/label" xlink:title="label_ReceitaDeTransferenciasConstitucionaisELegais" xml:lang="pt-br" id="label_ReceitaDeTransferenciasConstitucionaisELegais">Transferências Constitucionais e Legais</link:label>
    <link:labelArc xlink:type="arc" xlink:arcrole="http://www.xbrl.org/2003/arcrole/concept-label" xlink:from="ReceitaDeTransferenciasConstitucionaisELegais" xlink:to="label_ReceitaDeTransferenciasConstitucionaisELegais" xlink:title="label: ReceitaDeTransferenciasConstitucionaisELegais to label_ReceitaDeTransferenciasConstitucionaisELegais"/>
    <link:loc xlink:type="locator" xlink:href="../../../cor/ic/siconfi-cor_2019-12-31.xsd#siconfi-cor_ReceitaIndustrial" xlink:label="ReceitaIndustrial" xlink:title="ReceitaIndustrial"/>
    <link:label xlink:type="resource" xlink:label="label_ReceitaIndustrial" xlink:role="http://www.xbrl.org/2003/role/label" xlink:title="label_ReceitaIndustrial" xml:lang="pt-br" id="label_ReceitaIndustrial">Receita Industrial</link:label>
    <link:labelArc xlink:type="arc" xlink:arcrole="http://www.xbrl.org/2003/arcrole/concept-label" xlink:from="ReceitaIndustrial" xlink:to="label_ReceitaIndustrial" xlink:title="label: ReceitaIndustrial to label_ReceitaIndustrial"/>
    <link:loc xlink:type="locator" xlink:href="../../../cor/ic/siconfi-cor_2019-12-31.xsd#siconfi-cor_ReceitaPatrimonial" xlink:label="ReceitaPatrimonial" xlink:title="ReceitaPatrimonial"/>
    <link:label xlink:type="resource" xlink:label="label_ReceitaPatrimonial" xlink:role="http://www.xbrl.org/2003/role/label" xlink:title="label_ReceitaPatrimonial" xml:lang="pt-br" id="label_ReceitaPatrimonial">Receita Patrimonial</link:label>
    <link:labelArc xlink:type="arc" xlink:arcrole="http://www.xbrl.org/2003/arcrole/concept-label" xlink:from="ReceitaPatrimonial" xlink:to="label_ReceitaPatrimonial" xlink:title="label: ReceitaPatrimonial to label_ReceitaPatrimonial"/>
    <link:loc xlink:type="locator" xlink:href="../../../cor/ic/siconfi-cor_2019-12-31.xsd#siconfi-cor_ReceitasCorrentesLiquidasExcetoTransferenciasEFUNDEB" xlink:label="ReceitasCorrentesLiquidasExcetoTransferenciasEFUNDEB" xlink:title="ReceitasCorrentesLiquidasExcetoTransferenciasEFUNDEB"/>
    <link:label xlink:type="resource" xlink:label="label_ReceitasCorrentesLiquidasExcetoTransferenciasEFUNDEB" xlink:role="http://www.xbrl.org/2003/role/label" xlink:title="label_ReceitasCorrentesLiquidasExcetoTransferenciasEFUNDEB" xml:lang="pt-br" id="label_ReceitasCorrentesLiquidasExcetoTransferenciasEFUNDEB">RECEITAS CORRENTES (I)</link:label>
    <link:labelArc xlink:type="arc" xlink:arcrole="http://www.xbrl.org/2003/arcrole/concept-label" xlink:from="ReceitasCorrentesLiquidasExcetoTransferenciasEFUNDEB" xlink:to="label_ReceitasCorrentesLiquidasExcetoTransferenciasEFUNDEB" xlink:title="label: ReceitasCorrentesLiquidasExcetoTransferenciasEFUNDEB to label_ReceitasCorrentesLiquidasExcetoTransferenciasEFUNDEB"/>
    <link:loc xlink:type="locator" xlink:href="../../../cor/ic/siconfi-cor_2019-12-31.xsd#siconfi-cor_ReceitaTributariaLiquidaExcetoTransferenciasEFUNDEB" xlink:label="ReceitaTributariaLiquidaExcetoTransferenciasEFUNDEB" xlink:title="ReceitaTributariaLiquidaExcetoTransferenciasEFUNDEB"/>
    <link:label xlink:type="resource" xlink:label="label_ReceitaTributariaLiquidaExcetoTransferenciasEFUNDEB" xlink:role="http://www.xbrl.org/2003/role/label" xlink:title="label_ReceitaTributariaLiquidaExcetoTransferenciasEFUNDEB" xml:lang="pt-br" id="label_ReceitaTributariaLiquidaExcetoTransferenciasEFUNDEB">Impostos, Taxas e Contribuições de Melhoria</link:label>
    <link:labelArc xlink:type="arc" xlink:arcrole="http://www.xbrl.org/2003/arcrole/concept-label" xlink:from="ReceitaTributariaLiquidaExcetoTransferenciasEFUNDEB" xlink:to="label_ReceitaTributariaLiquidaExcetoTransferenciasEFUNDEB" xlink:title="label: ReceitaTributariaLiquidaExcetoTransferenciasEFUNDEB to label_ReceitaTributariaLiquidaExcetoTransferenciasEFUNDEB"/>
    <link:loc xlink:type="locator" xlink:href="../../../cor/ic/siconfi-cor_2019-12-31.xsd#siconfi-cor_TransferenciasCorrentes" xlink:label="TransferenciasCorrentes" xlink:title="TransferenciasCorrentes"/>
    <link:label xlink:type="resource" xlink:label="label_TransferenciasCorrentes" xlink:role="http://www.xbrl.org/2003/role/label" xlink:title="label_TransferenciasCorrentes" xml:lang="pt-br" id="label_TransferenciasCorrentes">Transferências Correntes</link:label>
    <link:labelArc xlink:type="arc" xlink:arcrole="http://www.xbrl.org/2003/arcrole/concept-label" xlink:from="TransferenciasCorrentes" xlink:to="label_TransferenciasCorrentes" xlink:title="label: TransferenciasCorrentes to label_TransferenciasCorrentes"/>
    <link:loc xlink:type="locator" xlink:href="../../../cor/ic/siconfi-cor_2019-12-31.xsd#siconfi-cor_FonteAnexo3Tabela3.0RREO" xlink:label="FonteAnexo3Tabela3.0RREO" xlink:title="FonteAnexo3Tabela3.0RREO"/>
    <link:label xlink:type="resource" xlink:label="label_FonteAnexo3Tabela3.0RREO" xlink:role="http://www.xbrl.org/2003/role/label" xlink:title="label_FonteAnexo3Tabela3.0RREO" xml:lang="pt-br" id="label_FonteAnexo3Tabela3.0RREO">Notas Explicativas</link:label>
    <link:labelArc xlink:type="arc" xlink:arcrole="http://www.xbrl.org/2003/arcrole/concept-label" xlink:from="FonteAnexo3Tabela3.0RREO" xlink:to="label_FonteAnexo3Tabela3.0RREO" xlink:title="label: FonteAnexo3Tabela3.0RREO to label_FonteAnexo3Tabela3.0RREO"/>
    <link:loc xlink:type="locator" xlink:href="../../../cor/ic/siconfi-cor_2019-12-31.xsd#siconfi-cor_RREO3CotaParteDoFPE" xlink:label="RREO3CotaParteDoFPE" xlink:title="RREO3CotaParteDoFPE"/>
    <link:label xlink:type="resource" xlink:label="label_RREO3CotaParteDoFPE" xlink:role="http://www.xbrl.org/2003/role/label" xlink:title="label_RREO3CotaParteDoFPE" xml:lang="pt-br" id="label_RREO3CotaParteDoFPE">Cota-Parte do FPE</link:label>
    <link:labelArc xlink:type="arc" xlink:arcrole="http://www.xbrl.org/2003/arcrole/concept-label" xlink:from="RREO3CotaParteDoFPE" xlink:to="label_RREO3CotaParteDoFPE" xlink:title="label: RREO3CotaParteDoFPE to label_RREO3CotaParteDoFPE"/>
    <link:loc xlink:type="locator" xlink:href="../../../cor/ic/siconfi-cor_2019-12-31.xsd#siconfi-cor_RREO3CotaParteDoFPM" xlink:label="RREO3CotaParteDoFPM" xlink:title="RREO3CotaParteDoFPM"/>
    <link:label xlink:type="resource" xlink:label="label_RREO3CotaParteDoFPM" xlink:role="http://www.xbrl.org/2003/role/label" xlink:title="label_RREO3CotaParteDoFPM" xml:lang="pt-br" id="label_RREO3CotaParteDoFPM">Cota-Parte do FPM</link:label>
    <link:labelArc xlink:type="arc" xlink:arcrole="http://www.xbrl.org/2003/arcrole/concept-label" xlink:from="RREO3CotaParteDoFPM" xlink:to="label_RREO3CotaParteDoFPM" xlink:title="label: RREO3CotaParteDoFPM to label_RREO3CotaParteDoFPM"/>
    <link:loc xlink:type="locator" xlink:href="../../../cor/ic/siconfi-cor_2019-12-31.xsd#siconfi-cor_RREO3CotaParteDoICMS" xlink:label="RREO3CotaParteDoICMS" xlink:title="RREO3CotaParteDoICMS"/>
    <link:label xlink:type="resource" xlink:label="label_RREO3CotaParteDoICMS" xlink:role="http://www.xbrl.org/2003/role/label" xlink:title="label_RREO3CotaParteDoICMS" xml:lang="pt-br" id="label_RREO3CotaParteDoICMS">Cota-Parte do ICMS</link:label>
    <link:labelArc xlink:type="arc" xlink:arcrole="http://www.xbrl.org/2003/arcrole/concept-label" xlink:from="RREO3CotaParteDoICMS" xlink:to="label_RREO3CotaParteDoICMS" xlink:title="label: RREO3CotaParteDoICMS to label_RREO3CotaParteDoICMS"/>
    <link:loc xlink:type="locator" xlink:href="../../../cor/ic/siconfi-cor_2019-12-31.xsd#siconfi-cor_RREO3CotaParteDoIPVA" xlink:label="RREO3CotaParteDoIPVA" xlink:title="RREO3CotaParteDoIPVA"/>
    <link:label xlink:type="resource" xlink:label="label_RREO3CotaParteDoIPVA" xlink:role="http://www.xbrl.org/2003/role/label" xlink:title="label_RREO3CotaParteDoIPVA" xml:lang="pt-br" id="label_RREO3CotaParteDoIPVA">Cota-Parte do IPVA</link:label>
    <link:labelArc xlink:type="arc" xlink:arcrole="http://www.xbrl.org/2003/arcrole/concept-label" xlink:from="RREO3CotaParteDoIPVA" xlink:to="label_RREO3CotaParteDoIPVA" xlink:title="label: RREO3CotaParteDoIPVA to label_RREO3CotaParteDoIPVA"/>
    <link:loc xlink:type="locator" xlink:href="../../../cor/ic/siconfi-cor_2019-12-31.xsd#siconfi-cor_RREO3CotaParteDoITR" xlink:label="RREO3CotaParteDoITR" xlink:title="RREO3CotaParteDoITR"/>
    <link:label xlink:type="resource" xlink:label="label_RREO3CotaParteDoITR" xlink:role="http://www.xbrl.org/2003/role/label" xlink:title="label_RREO3CotaParteDoITR" xml:lang="pt-br" id="label_RREO3CotaParteDoITR">Cota-Parte do ITR</link:label>
    <link:labelArc xlink:type="arc" xlink:arcrole="http://www.xbrl.org/2003/arcrole/concept-label" xlink:from="RREO3CotaParteDoITR" xlink:to="label_RREO3CotaParteDoITR" xlink:title="label: RREO3CotaParteDoITR to label_RREO3CotaParteDoITR"/>
    <link:loc xlink:type="locator" xlink:href="../../../cor/ic/siconfi-cor_2019-12-31.xsd#siconfi-cor_RREO3OutrasReceitasCorrentes" xlink:label="RREO3OutrasReceitasCorrentes" xlink:title="RREO3OutrasReceitasCorrentes"/>
    <link:label xlink:type="resource" xlink:label="label_RREO3OutrasReceitasCorrentes" xlink:role="http://www.xbrl.org/2003/role/label" xlink:title="label_RREO3OutrasReceitasCorrentes" xml:lang="pt-br" id="label_RREO3OutrasReceitasCorrentes">Outras Receitas Correntes</link:label>
    <link:labelArc xlink:type="arc" xlink:arcrole="http://www.xbrl.org/2003/arcrole/concept-label" xlink:from="RREO3OutrasReceitasCorrentes" xlink:to="label_RREO3OutrasReceitasCorrentes" xlink:title="label: RREO3OutrasReceitasCorrentes to label_RREO3OutrasReceitasCorrentes"/>
    <link:loc xlink:type="locator" xlink:href="../../../cor/ic/siconfi-cor_2019-12-31.xsd#siconfi-cor_RREO3OutrasTransferenciasCorrentes" xlink:label="RREO3OutrasTransferenciasCorrentes" xlink:title="RREO3OutrasTransferenciasCorrentes"/>
    <link:label xlink:type="resource" xlink:label="label_RREO3OutrasTransferenciasCorrentes" xlink:role="http://www.xbrl.org/2003/role/label" xlink:title="label_RREO3OutrasTransferenciasCorrentes" xml:lang="pt-br" id="label_RREO3OutrasTransferenciasCorrentes">Outras Transferências Correntes</link:label>
    <link:labelArc xlink:type="arc" xlink:arcrole="http://www.xbrl.org/2003/arcrole/concept-label" xlink:from="RREO3OutrasTransferenciasCorrentes" xlink:to="label_RREO3OutrasTransferenciasCorrentes" xlink:title="label: RREO3OutrasTransferenciasCorrentes to label_RREO3OutrasTransferenciasCorrentes"/>
    <link:loc xlink:type="locator" xlink:href="../../../cor/ic/siconfi-cor_2019-12-31.xsd#siconfi-cor_RREO3ReceitaAgropecuaria" xlink:label="RREO3ReceitaAgropecuaria" xlink:title="RREO3ReceitaAgropecuaria"/>
    <link:label xlink:type="resource" xlink:label="label_RREO3ReceitaAgropecuaria" xlink:role="http://www.xbrl.org/2003/role/label" xlink:title="label_RREO3ReceitaAgropecuaria" xml:lang="pt-br" id="label_RREO3ReceitaAgropecuaria">Receita Agropecuária</link:label>
    <link:labelArc xlink:type="arc" xlink:arcrole="http://www.xbrl.org/2003/arcrole/concept-label" xlink:from="RREO3ReceitaAgropecuaria" xlink:to="label_RREO3ReceitaAgropecuaria" xlink:title="label: RREO3ReceitaAgropecuaria to label_RREO3ReceitaAgropecuaria"/>
    <link:loc xlink:type="locator" xlink:href="../../../cor/ic/siconfi-cor_2019-12-31.xsd#siconfi-cor_RREO3ReceitaDeContribuicoes" xlink:label="RREO3ReceitaDeContribuicoes" xlink:title="RREO3ReceitaDeContribuicoes"/>
    <link:label xlink:type="resource" xlink:label="label_RREO3ReceitaDeContribuicoes" xlink:role="http://www.xbrl.org/2003/role/label" xlink:title="label_RREO3ReceitaDeContribuicoes" xml:lang="pt-br" id="label_RREO3ReceitaDeContribuicoes">Contribuições</link:label>
    <link:labelArc xlink:type="arc" xlink:arcrole="http://www.xbrl.org/2003/arcrole/concept-label" xlink:from="RREO3ReceitaDeContribuicoes" xlink:to="label_RREO3ReceitaDeContribuicoes" xlink:title="label: RREO3ReceitaDeContribuicoes to label_RREO3ReceitaDeContribuicoes"/>
    <link:loc xlink:type="locator" xlink:href="../../../cor/ic/siconfi-cor_2019-12-31.xsd#siconfi-cor_RREO3ReceitaDeServicos" xlink:label="RREO3ReceitaDeServicos" xlink:title="RREO3ReceitaDeServicos"/>
    <link:label xlink:type="resource" xlink:label="label_RREO3ReceitaDeServicos" xlink:role="http://www.xbrl.org/2003/role/label" xlink:title="label_RREO3ReceitaDeServicos" xml:lang="pt-br" id="label_RREO3ReceitaDeServicos">Receita de Serviços</link:label>
    <link:labelArc xlink:type="arc" xlink:arcrole="http://www.xbrl.org/2003/arcrole/concept-label" xlink:from="RREO3ReceitaDeServicos" xlink:to="label_RREO3ReceitaDeServicos" xlink:title="label: RREO3ReceitaDeServicos to label_RREO3ReceitaDeServicos"/>
    <link:loc xlink:type="locator" xlink:href="../../../cor/ic/siconfi-cor_2019-12-31.xsd#siconfi-cor_RREO3ReceitaIndustrial" xlink:label="RREO3ReceitaIndustrial" xlink:title="RREO3ReceitaIndustrial"/>
    <link:label xlink:type="resource" xlink:label="label_RREO3ReceitaIndustrial" xlink:role="http://www.xbrl.org/2003/role/label" xlink:title="label_RREO3ReceitaIndustrial" xml:lang="pt-br" id="label_RREO3ReceitaIndustrial">Receita Industrial</link:label>
    <link:labelArc xlink:type="arc" xlink:arcrole="http://www.xbrl.org/2003/arcrole/concept-label" xlink:from="RREO3ReceitaIndustrial" xlink:to="label_RREO3ReceitaIndustrial" xlink:title="label: RREO3ReceitaIndustrial to label_RREO3ReceitaIndustrial"/>
    <link:loc xlink:type="locator" xlink:href="../../../cor/ic/siconfi-cor_2019-12-31.xsd#siconfi-cor_RREO3ReceitaPatrimonial" xlink:label="RREO3ReceitaPatrimonial" xlink:title="RREO3ReceitaPatrimonial"/>
    <link:label xlink:type="resource" xlink:label="label_RREO3ReceitaPatrimonial" xlink:role="http://www.xbrl.org/2003/role/label" xlink:title="label_RREO3ReceitaPatrimonial" xml:lang="pt-br" id="label_RREO3ReceitaPatrimonial">Receita Patrimonial</link:label>
    <link:labelArc xlink:type="arc" xlink:arcrole="http://www.xbrl.org/2003/arcrole/concept-label" xlink:from="RREO3ReceitaPatrimonial" xlink:to="label_RREO3ReceitaPatrimonial" xlink:title="label: RREO3ReceitaPatrimonial to label_RREO3ReceitaPatrimonial"/>
    <link:loc xlink:type="locator" xlink:href="../../../cor/ic/siconfi-cor_2019-12-31.xsd#siconfi-cor_RREO3TransferenciasCorrentes" xlink:label="RREO3TransferenciasCorrentes" xlink:title="RREO3TransferenciasCorrentes"/>
    <link:label xlink:type="resource" xlink:label="label_RREO3TransferenciasCorrentes" xlink:role="http://www.xbrl.org/2003/role/label" xlink:title="label_RREO3TransferenciasCorrentes" xml:lang="pt-br" id="label_RREO3TransferenciasCorrentes">Transferências Correntes</link:label>
    <link:labelArc xlink:type="arc" xlink:arcrole="http://www.xbrl.org/2003/arcrole/concept-label" xlink:from="RREO3TransferenciasCorrentes" xlink:to="label_RREO3TransferenciasCorrentes" xlink:title="label: RREO3TransferenciasCorrentes to label_RREO3TransferenciasCorrentes"/>
    <link:loc xlink:type="locator" xlink:href="../../../cor/ic/siconfi-cor_2019-12-31.xsd#siconfi-cor_RREO3TransferenciasDaLC611989" xlink:label="RREO3TransferenciasDaLC611989" xlink:title="RREO3TransferenciasDaLC611989"/>
    <link:label xlink:type="resource" xlink:label="label_RREO3TransferenciasDaLC611989" xlink:role="http://www.xbrl.org/2003/role/label" xlink:title="label_RREO3TransferenciasDaLC611989" xml:lang="pt-br" id="label_RREO3TransferenciasDaLC611989">Transferências da LC nº 61/1989</link:label>
    <link:labelArc xlink:type="arc" xlink:arcrole="http://www.xbrl.org/2003/arcrole/concept-label" xlink:from="RREO3TransferenciasDaLC611989" xlink:to="label_RREO3TransferenciasDaLC611989" xlink:title="label: RREO3TransferenciasDaLC611989 to label_RREO3TransferenciasDaLC611989"/>
    <link:loc xlink:type="locator" xlink:href="../../../cor/ic/siconfi-cor_2019-12-31.xsd#siconfi-cor_RREO3TransferenciasDaLC871996" xlink:label="RREO3TransferenciasDaLC871996" xlink:title="RREO3TransferenciasDaLC871996"/>
    <link:label xlink:type="resource" xlink:label="label_RREO3TransferenciasDaLC871996" xlink:role="http://www.xbrl.org/2003/role/label" xlink:title="label_RREO3TransferenciasDaLC871996" xml:lang="pt-br" id="label_RREO3TransferenciasDaLC871996">Transferências da LC nº 87/1996</link:label>
    <link:labelArc xlink:type="arc" xlink:arcrole="http://www.xbrl.org/2003/arcrole/concept-label" xlink:from="RREO3TransferenciasDaLC871996" xlink:to="label_RREO3TransferenciasDaLC871996" xlink:title="label: RREO3TransferenciasDaLC871996 to label_RREO3TransferenciasDaLC871996"/>
    <link:loc xlink:type="locator" xlink:href="../../../cor/ic/siconfi-cor_2019-12-31.xsd#siconfi-cor_RREO3TransferenciasDoFUNDEB" xlink:label="RREO3TransferenciasDoFUNDEB" xlink:title="RREO3TransferenciasDoFUNDEB"/>
    <link:label xlink:type="resource" xlink:label="label_RREO3TransferenciasDoFUNDEB" xlink:role="http://www.xbrl.org/2003/role/label" xlink:title="label_RREO3TransferenciasDoFUNDEB" xml:lang="pt-br" id="label_RREO3TransferenciasDoFUNDEB">Transferências do FUNDEB</link:label>
    <link:labelArc xlink:type="arc" xlink:arcrole="http://www.xbrl.org/2003/arcrole/concept-label" xlink:from="RREO3TransferenciasDoFUNDEB" xlink:to="label_RREO3TransferenciasDoFUNDEB" xlink:title="label: RREO3TransferenciasDoFUNDEB to label_RREO3TransferenciasDoFUNDEB"/>
    <link:loc xlink:type="locator" xlink:href="../../../cor/ic/siconfi-cor_2019-12-31.xsd#siconfi-cor_RREO3ReceitaCorrenteLiquida" xlink:label="RREO3ReceitaCorrenteLiquida" xlink:title="RREO3ReceitaCorrenteLiquida"/>
    <link:label xlink:type="resource" xlink:label="label_RREO3ReceitaCorrenteLiquida" xlink:role="http://www.xbrl.org/2003/role/label" xlink:title="label_RREO3ReceitaCorrenteLiquida" xml:lang="pt-br" id="label_RREO3ReceitaCorrenteLiquida">RECEITA CORRENTE LÍQUIDA (III) = (I - II)</link:label>
    <link:labelArc xlink:type="arc" xlink:arcrole="http://www.xbrl.org/2003/arcrole/concept-label" xlink:from="RREO3ReceitaCorrenteLiquida" xlink:to="label_RREO3ReceitaCorrenteLiquida" xlink:title="label: RREO3ReceitaCorrenteLiquida to label_RREO3ReceitaCorrenteLiquida"/>
    <link:loc xlink:type="locator" xlink:href="../../../cor/ic/siconfi-cor_2019-12-31.xsd#siconfi-cor_RREO3TransferenciasObrigatoriasDaUniaoRelativasAsEmendasIndividuais" xlink:label="RREO3TransferenciasObrigatoriasDaUniaoRelativasAsEmendasIndividuais" xlink:title="RREO3TransferenciasObrigatoriasDaUniaoRelativasAsEmendasIndividuais"/>
    <link:label xlink:type="resource" xlink:label="label_RREO3TransferenciasObrigatoriasDaUniaoRelativasAsEmendasIndividuais" xlink:role="http://www.xbrl.org/2003/role/label" xlink:title="label_RREO3TransferenciasObrigatoriasDaUniaoRelativasAsEmendasIndividuais" xml:lang="pt-br" id="label_RREO3TransferenciasObrigatoriasDaUniaoRelativasAsEmendasIndividuais">(-) Transferências obrigatórias da União relativas às emendas individuais (art. 166-A, § 1º, da CF)  (IV)</link:label>
    <link:labelArc xlink:type="arc" xlink:arcrole="http://www.xbrl.org/2003/arcrole/concept-label" xlink:from="RREO3TransferenciasObrigatoriasDaUniaoRelativasAsEmendasIndividuais" xlink:to="label_RREO3TransferenciasObrigatoriasDaUniaoRelativasAsEmendasIndividuais" xlink:title="label: RREO3TransferenciasObrigatoriasDaUniaoRelativasAsEmendasIndividuais to label_RREO3TransferenciasObrigatoriasDaUniaoRelativasAsEmendasIndividuais"/>
    <link:loc xlink:type="locator" xlink:href="../../../cor/ic/siconfi-cor_2019-12-31.xsd#siconfi-cor_RREO3TransferenciasObrigatoriasDaUniaoRelativasAsEmendasDeBancada" xlink:label="RREO3TransferenciasObrigatoriasDaUniaoRelativasAsEmendasDeBancada" xlink:title="RREO3TransferenciasObrigatoriasDaUniaoRelativasAsEmendasDeBancada"/>
    <link:label xlink:type="resource" xlink:label="label_RREO3TransferenciasObrigatoriasDaUniaoRelativasAsEmendasDeBancada" xlink:role="http://www.xbrl.org/2003/role/label" xlink:title="label_RREO3TransferenciasObrigatoriasDaUniaoRelativasAsEmendasDeBancada" xml:lang="pt-br" id="label_RREO3TransferenciasObrigatoriasDaUniaoRelativasAsEmendasDeBancada">(-) Transferências obrigatórias da União relativas às emendas de bancada  (art. 166, § 16, da CF)  (VI)</link:label>
    <link:labelArc xlink:type="arc" xlink:arcrole="http://www.xbrl.org/2003/arcrole/concept-label" xlink:from="RREO3TransferenciasObrigatoriasDaUniaoRelativasAsEmendasDeBancada" xlink:to="label_RREO3TransferenciasObrigatoriasDaUniaoRelativasAsEmendasDeBancada" xlink:title="label: RREO3TransferenciasObrigatoriasDaUniaoRelativasAsEmendasDeBancada to label_RREO3TransferenciasObrigatoriasDaUniaoRelativasAsEmendasDeBancada"/>
    <link:loc xlink:type="locator" xlink:href="../../../cor/ic/siconfi-cor_2019-12-31.xsd#siconfi-cor_RREO3ReceitaCorrenteLiquidaAjustadaParaCalculoDosLimitesDaDespesaComPessoal" xlink:label="RREO3ReceitaCorrenteLiquidaAjustadaParaCalculoDosLimitesDaDespesaComPessoal" xlink:title="RREO3ReceitaCorrenteLiquidaAjustadaParaCalculoDosLimitesDaDespesaComPessoal"/>
    <link:label xlink:type="resource" xlink:label="label_RREO3ReceitaCorrenteLiquidaAjustadaParaCalculoDosLimitesDaDespesaComPessoal" xlink:role="http://www.xbrl.org/2003/role/label" xlink:title="label_RREO3ReceitaCorrenteLiquidaAjustadaParaCalculoDosLimitesDaDespesaComPessoal" xml:lang="pt-br" id="label_RREO3ReceitaCorrenteLiquidaAjustadaParaCalculoDosLimitesDaDespesaComPessoal">RECEITA CORRENTE LÍQUIDA AJUSTADA PARA CÁLCULO DOS LIMITES DA DESPESA COM PESSOAL (VII) = (V - VI)</link:label>
    <link:labelArc xlink:type="arc" xlink:arcrole="http://www.xbrl.org/2003/arcrole/concept-label" xlink:from="RREO3ReceitaCorrenteLiquidaAjustadaParaCalculoDosLimitesDaDespesaComPessoal" xlink:to="label_RREO3ReceitaCorrenteLiquidaAjustadaParaCalculoDosLimitesDaDespesaComPessoal" xlink:title="label: RREO3ReceitaCorrenteLiquidaAjustadaParaCalculoDosLimitesDaDespesaComPessoal to label_RREO3ReceitaCorrenteLiquidaAjustadaParaCalculoDosLimitesDaDespesaComPessoal"/>
    <link:loc xlink:type="locator" xlink:href="../../../cor/ic/siconfi-cor_2019-12-31.xsd#siconfi-cor_RREO3ReceitaCorrenteLiquidaAjustadaParaCalculoDosLimitesDeEndividamento" xlink:label="RREO3ReceitaCorrenteLiquidaAjustadaParaCalculoDosLimitesDeEndividamento" xlink:title="RREO3ReceitaCorrenteLiquidaAjustadaParaCalculoDosLimitesDeEndividamento"/>
    <link:label xlink:type="resource" xlink:label="label_RREO3ReceitaCorrenteLiquidaAjustadaParaCalculoDosLimitesDeEndividamento" xlink:role="http://www.xbrl.org/2003/role/label" xlink:title="label_RREO3ReceitaCorrenteLiquidaAjustadaParaCalculoDosLimitesDeEndividamento" xml:lang="pt-br" id="label_RREO3ReceitaCorrenteLiquidaAjustadaParaCalculoDosLimitesDeEndividamento">RECEITA CORRENTE LÍQUIDA AJUSTADA PARA CÁLCULO DOS LIMITES DE ENDIVIDAMENTO (V) = (III - IV)</link:label>
    <link:labelArc xlink:type="arc" xlink:arcrole="http://www.xbrl.org/2003/arcrole/concept-label" xlink:from="RREO3ReceitaCorrenteLiquidaAjustadaParaCalculoDosLimitesDeEndividamento" xlink:to="label_RREO3ReceitaCorrenteLiquidaAjustadaParaCalculoDosLimitesDeEndividamento" xlink:title="label: RREO3ReceitaCorrenteLiquidaAjustadaParaCalculoDosLimitesDeEndividamento to label_RREO3ReceitaCorrenteLiquidaAjustadaParaCalculoDosLimitesDeEndividamento"/>
    <link:loc xlink:type="locator" xlink:href="siconfi-rreo-anexo3estados_2019-12-31.xsd#siconfi-rreo-anexo3estados_DemonstrativoAnexo3Abstract" xlink:label="DemonstrativoAnexo3Abstract" xlink:title="DemonstrativoAnexo3Abstract"/>
    <link:label xlink:type="resource" xlink:label="label_DemonstrativoAnexo3Abstract" xlink:role="http://www.xbrl.org/2003/role/label" xlink:title="label_DemonstrativoAnexo3Abstract" xml:lang="pt-br" id="label_DemonstrativoAnexo3Abstract">RREO - Anexo 3 (LRF, art. 53, inciso I) [abstract]</link:label>
    <link:labelArc xlink:type="arc" xlink:arcrole="http://www.xbrl.org/2003/arcrole/concept-label" xlink:from="DemonstrativoAnexo3Abstract" xlink:to="label_DemonstrativoAnexo3Abstract" xlink:title="label: DemonstrativoAnexo3Abstract to label_DemonstrativoAnexo3Abstract"/>
    <link:loc xlink:type="locator" xlink:href="siconfi-rreo-anexo3estados_2019-12-31.xsd#siconfi-rreo-anexo3estados_EspecificacaoAbstract" xlink:label="EspecificacaoAbstract" xlink:title="EspecificacaoAbstract"/>
    <link:label xlink:type="resource" xlink:label="label_EspecificacaoAbstract" xlink:role="http://www.xbrl.org/2003/role/label" xlink:title="label_EspecificacaoAbstract" xml:lang="pt-br" id="label_EspecificacaoAbstract">[001] Especificação [abstract]</link:label>
    <link:labelArc xlink:type="arc" xlink:arcrole="http://www.xbrl.org/2003/arcrole/concept-label" xlink:from="EspecificacaoAbstract" xlink:to="label_EspecificacaoAbstract" xlink:title="label: EspecificacaoAbstract to label_EspecificacaoAbstract"/>
    <link:loc xlink:type="locator" xlink:href="siconfi-rreo-anexo3estados_2019-12-31.xsd#siconfi-rreo-anexo3estados_EspecificacaoTable" xlink:label="EspecificacaoTable" xlink:title="EspecificacaoTable"/>
    <link:label xlink:type="resource" xlink:label="label_EspecificacaoTable" xlink:role="http://www.xbrl.org/2003/role/label" xlink:title="label_EspecificacaoTable" xml:lang="pt-br" id="label_EspecificacaoTable">Evolução da Receita Realizada nos Últimos 12 Meses [table]</link:label>
    <link:labelArc xlink:type="arc" xlink:arcrole="http://www.xbrl.org/2003/arcrole/concept-label" xlink:from="EspecificacaoTable" xlink:to="label_EspecificacaoTable" xlink:title="label: EspecificacaoTable to label_EspecificacaoTable"/>
    <link:loc xlink:type="locator" xlink:href="siconfi-rreo-anexo3estados_2019-12-31.xsd#siconfi-rreo-anexo3estados_EspecificacaoLineItems" xlink:label="EspecificacaoLineItems" xlink:title="EspecificacaoLineItems"/>
    <link:label xlink:type="resource" xlink:label="label_EspecificacaoLineItems" xlink:role="http://www.xbrl.org/2003/role/label" xlink:title="label_EspecificacaoLineItems" xml:lang="pt-br" id="label_EspecificacaoLineItems">[002] Especificação [line items]</link:label>
    <link:labelArc xlink:type="arc" xlink:arcrole="http://www.xbrl.org/2003/arcrole/concept-label" xlink:from="EspecificacaoLineItems" xlink:to="label_EspecificacaoLineItems" xlink:title="label: EspecificacaoLineItems to label_EspecificacaoLineItems"/>
    <link:loc xlink:type="locator" xlink:href="siconfi-rreo-anexo3estados_2019-12-31.xsd#siconfi-rreo-anexo3estados_FonteAnexo3Tabela3.0Abstract" xlink:label="FonteAnexo3Tabela3.0Abstract" xlink:title="FonteAnexo3Tabela3.0Abstract"/>
    <link:label xlink:type="resource" xlink:label="label_FonteAnexo3Tabela3.0Abstract" xlink:role="http://www.xbrl.org/2003/role/label" xlink:title="label_FonteAnexo3Tabela3.0Abstract" xml:lang="pt-br" id="label_FonteAnexo3Tabela3.0Abstract">[003] Notas Explicativas [abstract] [NOTA]</link:label>
    <link:labelArc xlink:type="arc" xlink:arcrole="http://www.xbrl.org/2003/arcrole/concept-label" xlink:from="FonteAnexo3Tabela3.0Abstract" xlink:to="label_FonteAnexo3Tabela3.0Abstract" xlink:title="label: FonteAnexo3Tabela3.0Abstract to label_FonteAnexo3Tabela3.0Abstract"/>
    <link:loc xlink:type="locator" xlink:href="siconfi-rreo-anexo3estados_2019-12-31.xsd#siconfi-rreo-anexo3estados_FonteAnexo3Tabela3.0LineItems" xlink:label="FonteAnexo3Tabela3.0LineItems" xlink:title="FonteAnexo3Tabela3.0LineItems"/>
    <link:label xlink:type="resource" xlink:label="label_FonteAnexo3Tabela3.0LineItems" xlink:role="http://www.xbrl.org/2003/role/label" xlink:title="label_FonteAnexo3Tabela3.0LineItems" xml:lang="pt-br" id="label_FonteAnexo3Tabela3.0LineItems">[004] Notas Explicativas [line items]</link:label>
    <link:labelArc xlink:type="arc" xlink:arcrole="http://www.xbrl.org/2003/arcrole/concept-label" xlink:from="FonteAnexo3Tabela3.0LineItems" xlink:to="label_FonteAnexo3Tabela3.0LineItems" xlink:title="label: FonteAnexo3Tabela3.0LineItems to label_FonteAnexo3Tabela3.0LineItems"/>
  </link:labelLink>
</link:linkbase>
