<?xml version="1.0" encoding="UTF-8"?>
<!-- Generated by Fujitsu Interstage XWand B0196 -->
<link:linkbase xmlns:xsi="http://www.w3.org/2001/XMLSchema-instance" xsi:schemaLocation="http://www.xbrl.org/2003/linkbase http://www.xbrl.org/2003/xbrl-linkbase-2003-12-31.xsd" xmlns:siconfi-rreo-anexo4rgps="http://fazenda.gov.br/siconfi/rep/rreo/anexo4rgps/siconfi-rreo-anexo4rgps_2019-12-31" xmlns:link="http://www.xbrl.org/2003/linkbase" xmlns:xbrli="http://www.xbrl.org/2003/instance" xmlns:xlink="http://www.w3.org/1999/xlink">
  <link:roleRef roleURI="http://fazenda.gov.br/siconfi/rep/rreo/anexo4rgps/siconfi-rreo-anexo4-tabela4.3" xlink:type="simple" xlink:href="siconfi-rreo-anexo4rgps_2019-12-31.xsd#siconfi-rreo-anexo4-tabela4.3"/>
  <link:roleRef roleURI="http://fazenda.gov.br/siconfi/rep/rreo/anexo4rgps/siconfi-rreo-anexo4-tabela4.3A" xlink:type="simple" xlink:href="siconfi-rreo-anexo4rgps_2019-12-31.xsd#siconfi-rreo-anexo4-tabela4.3A"/>
  <link:roleRef roleURI="http://fazenda.gov.br/siconfi/rep/rreo/anexo4rgps/siconfi-rreo-anexo4-tabela4.3B" xlink:type="simple" xlink:href="siconfi-rreo-anexo4rgps_2019-12-31.xsd#siconfi-rreo-anexo4-tabela4.3B"/>
  <link:labelLink xlink:type="extended" xlink:role="http://www.xbrl.org/2003/role/link"/>
  <link:labelLink xlink:type="extended" xlink:role="http://fazenda.gov.br/siconfi/rep/rreo/anexo4rgps/siconfi-rreo-anexo4-tabela4.3">
    <link:loc xlink:type="locator" xlink:href="../../../cor/dim/siconfi-dim_2019-12-31.xsd#siconfi-dim_DespesasInscritasEmRestosPagarNaoProcessadosExercicioAnteriorMember" xlink:label="DespesasInscritasEmRestosPagarNaoProcessadosExercicioAnteriorMember" xlink:title="DespesasInscritasEmRestosPagarNaoProcessadosExercicioAnteriorMember"/>
    <link:label xlink:type="resource" xlink:label="label_DespesasInscritasEmRestosPagarNaoProcessadosExercicioAnteriorMember" xlink:role="http://www.xbrl.org/2003/role/label" xlink:title="label_DespesasInscritasEmRestosPagarNaoProcessadosExercicioAnteriorMember" xml:lang="pt-br" id="label_DespesasInscritasEmRestosPagarNaoProcessadosExercicioAnteriorMember">Em 2019 [member]</link:label>
    <link:labelArc xlink:type="arc" xlink:arcrole="http://www.xbrl.org/2003/arcrole/concept-label" xlink:from="DespesasInscritasEmRestosPagarNaoProcessadosExercicioAnteriorMember" xlink:to="label_DespesasInscritasEmRestosPagarNaoProcessadosExercicioAnteriorMember" xlink:title="label: DespesasInscritasEmRestosPagarNaoProcessadosExercicioAnteriorMember to label_DespesasInscritasEmRestosPagarNaoProcessadosExercicioAnteriorMember"/>
    <link:loc xlink:type="locator" xlink:href="../../../cor/dim/siconfi-dim_2019-12-31.xsd#siconfi-dim_ExecucaoDaDespesaAxis" xlink:label="ExecucaoDaDespesaAxis" xlink:title="ExecucaoDaDespesaAxis"/>
    <link:label xlink:type="resource" xlink:label="label_ExecucaoDaDespesaAxis" xlink:role="http://www.xbrl.org/2003/role/label" xlink:title="label_ExecucaoDaDespesaAxis" xml:lang="pt-br" id="label_ExecucaoDaDespesaAxis">Execução da Despesa [axis] [orientacao=horizontal]</link:label>
    <link:labelArc xlink:type="arc" xlink:arcrole="http://www.xbrl.org/2003/arcrole/concept-label" xlink:from="ExecucaoDaDespesaAxis" xlink:to="label_ExecucaoDaDespesaAxis" xlink:title="label: ExecucaoDaDespesaAxis to label_ExecucaoDaDespesaAxis"/>
    <link:loc xlink:type="locator" xlink:href="../../../cor/dim/siconfi-dim_2019-12-31.xsd#siconfi-dim_ExecucaoDaReceitaAxis" xlink:label="ExecucaoDaReceitaAxis" xlink:title="ExecucaoDaReceitaAxis"/>
    <link:label xlink:type="resource" xlink:label="label_ExecucaoDaReceitaAxis" xlink:role="http://www.xbrl.org/2003/role/label" xlink:title="label_ExecucaoDaReceitaAxis" xml:lang="pt-br" id="label_ExecucaoDaReceitaAxis">Execução da Receita [axis] [orientacao=horizontal]</link:label>
    <link:labelArc xlink:type="arc" xlink:arcrole="http://www.xbrl.org/2003/arcrole/concept-label" xlink:from="ExecucaoDaReceitaAxis" xlink:to="label_ExecucaoDaReceitaAxis" xlink:title="label: ExecucaoDaReceitaAxis to label_ExecucaoDaReceitaAxis"/>
    <link:loc xlink:type="locator" xlink:href="../../../cor/dim/siconfi-dim_2019-12-31.xsd#siconfi-dim_PeriodoDeReferenciaAxis" xlink:label="PeriodoDeReferenciaAxis" xlink:title="PeriodoDeReferenciaAxis"/>
    <link:label xlink:type="resource" xlink:label="label_PeriodoDeReferenciaAxis" xlink:role="http://www.xbrl.org/2003/role/label" xlink:title="label_PeriodoDeReferenciaAxis" xml:lang="pt-br" id="label_PeriodoDeReferenciaAxis">Período de Referência [axis] [orientacao=horizontal]</link:label>
    <link:labelArc xlink:type="arc" xlink:arcrole="http://www.xbrl.org/2003/arcrole/concept-label" xlink:from="PeriodoDeReferenciaAxis" xlink:to="label_PeriodoDeReferenciaAxis" xlink:title="label: PeriodoDeReferenciaAxis to label_PeriodoDeReferenciaAxis"/>
    <link:loc xlink:type="locator" xlink:href="../../../cor/dim/siconfi-dim_2019-12-31.xsd#siconfi-dim_SaldoAxis" xlink:label="SaldoAxis" xlink:title="SaldoAxis"/>
    <link:label xlink:type="resource" xlink:label="label_SaldoAxis" xlink:role="http://www.xbrl.org/2003/role/label" xlink:title="label_SaldoAxis" xml:lang="pt-br" id="label_SaldoAxis">Resultado Previdenciário [axis] [orientacao=horizontal]</link:label>
    <link:labelArc xlink:type="arc" xlink:arcrole="http://www.xbrl.org/2003/arcrole/concept-label" xlink:from="SaldoAxis" xlink:to="label_SaldoAxis" xlink:title="label: SaldoAxis to label_SaldoAxis"/>
    <link:loc xlink:type="locator" xlink:href="../../../cor/dim/siconfi-dim_2019-12-31.xsd#siconfi-dim_AteOPeriodoExercicioAnteriorMember" xlink:label="AteOPeriodoExercicioAnteriorMember" xlink:title="AteOPeriodoExercicioAnteriorMember"/>
    <link:label xlink:type="resource" xlink:label="label_AteOPeriodoExercicioAnteriorMember" xlink:role="http://www.xbrl.org/2003/role/label" xlink:title="label_AteOPeriodoExercicioAnteriorMember" xml:lang="pt-br" id="label_AteOPeriodoExercicioAnteriorMember">2019 [member]</link:label>
    <link:labelArc xlink:type="arc" xlink:arcrole="http://www.xbrl.org/2003/arcrole/concept-label" xlink:from="AteOPeriodoExercicioAnteriorMember" xlink:to="label_AteOPeriodoExercicioAnteriorMember" xlink:title="label: AteOPeriodoExercicioAnteriorMember to label_AteOPeriodoExercicioAnteriorMember"/>
    <link:loc xlink:type="locator" xlink:href="../../../cor/dim/siconfi-dim_2019-12-31.xsd#siconfi-dim_AteOPeriodoExercicioAtualMember" xlink:label="AteOPeriodoExercicioAtualMember" xlink:title="AteOPeriodoExercicioAtualMember"/>
    <link:label xlink:type="resource" xlink:label="label_AteOPeriodoExercicioAtualMember" xlink:role="http://www.xbrl.org/2003/role/label" xlink:title="label_AteOPeriodoExercicioAtualMember" xml:lang="pt-br" id="label_AteOPeriodoExercicioAtualMember">2020 [member]</link:label>
    <link:labelArc xlink:type="arc" xlink:arcrole="http://www.xbrl.org/2003/arcrole/concept-label" xlink:from="AteOPeriodoExercicioAtualMember" xlink:to="label_AteOPeriodoExercicioAtualMember" xlink:title="label: AteOPeriodoExercicioAtualMember to label_AteOPeriodoExercicioAtualMember"/>
    <link:loc xlink:type="locator" xlink:href="../../../cor/dim/siconfi-dim_2019-12-31.xsd#siconfi-dim_DespesasEmpenhadasAteOBimestreMember" xlink:label="DespesasEmpenhadasAteOBimestreMember" xlink:title="DespesasEmpenhadasAteOBimestreMember"/>
    <link:label xlink:type="resource" xlink:label="label_DespesasEmpenhadasAteOBimestreMember" xlink:role="http://www.xbrl.org/2003/role/label" xlink:title="label_DespesasEmpenhadasAteOBimestreMember" xml:lang="pt-br" id="label_DespesasEmpenhadasAteOBimestreMember">DESPESAS EMPENHADAS ATÉ O BIMESTRE / 2020 [member]</link:label>
    <link:labelArc xlink:type="arc" xlink:arcrole="http://www.xbrl.org/2003/arcrole/concept-label" xlink:from="DespesasEmpenhadasAteOBimestreMember" xlink:to="label_DespesasEmpenhadasAteOBimestreMember" xlink:title="label: DespesasEmpenhadasAteOBimestreMember to label_DespesasEmpenhadasAteOBimestreMember"/>
    <link:loc xlink:type="locator" xlink:href="../../../cor/dim/siconfi-dim_2019-12-31.xsd#siconfi-dim_DespesasEmpenhadasMember" xlink:label="DespesasEmpenhadasMember" xlink:title="DespesasEmpenhadasMember"/>
    <link:label xlink:type="resource" xlink:label="label_DespesasEmpenhadasMember" xlink:role="http://www.xbrl.org/2003/role/label" xlink:title="label_DespesasEmpenhadasMember" xml:lang="pt-br" id="label_DespesasEmpenhadasMember">DESPESAS EMPENHADAS [member]</link:label>
    <link:labelArc xlink:type="arc" xlink:arcrole="http://www.xbrl.org/2003/arcrole/concept-label" xlink:from="DespesasEmpenhadasMember" xlink:to="label_DespesasEmpenhadasMember" xlink:title="label: DespesasEmpenhadasMember to label_DespesasEmpenhadasMember"/>
    <link:loc xlink:type="locator" xlink:href="../../../cor/dim/siconfi-dim_2019-12-31.xsd#siconfi-dim_DespesasInscritasEmRestosAPagarNaoProcessadosMember" xlink:label="DespesasInscritasEmRestosAPagarNaoProcessadosMember" xlink:title="DespesasInscritasEmRestosAPagarNaoProcessadosMember"/>
    <link:label xlink:type="resource" xlink:label="label_DespesasInscritasEmRestosAPagarNaoProcessadosMember" xlink:role="http://www.xbrl.org/2003/role/label" xlink:title="label_DespesasInscritasEmRestosAPagarNaoProcessadosMember" xml:lang="pt-br" id="label_DespesasInscritasEmRestosAPagarNaoProcessadosMember">INSCRITAS EM RESTOS A PAGAR NÃO PROCESSADOS [member]</link:label>
    <link:labelArc xlink:type="arc" xlink:arcrole="http://www.xbrl.org/2003/arcrole/concept-label" xlink:from="DespesasInscritasEmRestosAPagarNaoProcessadosMember" xlink:to="label_DespesasInscritasEmRestosAPagarNaoProcessadosMember" xlink:title="label: DespesasInscritasEmRestosAPagarNaoProcessadosMember to label_DespesasInscritasEmRestosAPagarNaoProcessadosMember"/>
    <link:loc xlink:type="locator" xlink:href="../../../cor/dim/siconfi-dim_2019-12-31.xsd#siconfi-dim_DespesasLiquidadasAteOBimestreExercicioAnteriorMember" xlink:label="DespesasLiquidadasAteOBimestreExercicioAnteriorMember" xlink:title="DespesasLiquidadasAteOBimestreExercicioAnteriorMember"/>
    <link:label xlink:type="resource" xlink:label="label_DespesasLiquidadasAteOBimestreExercicioAnteriorMember" xlink:role="http://www.xbrl.org/2003/role/label" xlink:title="label_DespesasLiquidadasAteOBimestreExercicioAnteriorMember" xml:lang="pt-br" id="label_DespesasLiquidadasAteOBimestreExercicioAnteriorMember">DESPESAS LIQUIDADAS ATÉ O BIMESTRE / 2019 [member]</link:label>
    <link:labelArc xlink:type="arc" xlink:arcrole="http://www.xbrl.org/2003/arcrole/concept-label" xlink:from="DespesasLiquidadasAteOBimestreExercicioAnteriorMember" xlink:to="label_DespesasLiquidadasAteOBimestreExercicioAnteriorMember" xlink:title="label: DespesasLiquidadasAteOBimestreExercicioAnteriorMember to label_DespesasLiquidadasAteOBimestreExercicioAnteriorMember"/>
    <link:loc xlink:type="locator" xlink:href="../../../cor/dim/siconfi-dim_2019-12-31.xsd#siconfi-dim_DespesasLiquidadasAteOBimestreMember" xlink:label="DespesasLiquidadasAteOBimestreMember" xlink:title="DespesasLiquidadasAteOBimestreMember"/>
    <link:label xlink:type="resource" xlink:label="label_DespesasLiquidadasAteOBimestreMember" xlink:role="http://www.xbrl.org/2003/role/label" xlink:title="label_DespesasLiquidadasAteOBimestreMember" xml:lang="pt-br" id="label_DespesasLiquidadasAteOBimestreMember">DESPESAS LIQUIDADAS ATÉ O BIMESTRE / 2020 [member]</link:label>
    <link:labelArc xlink:type="arc" xlink:arcrole="http://www.xbrl.org/2003/arcrole/concept-label" xlink:from="DespesasLiquidadasAteOBimestreMember" xlink:to="label_DespesasLiquidadasAteOBimestreMember" xlink:title="label: DespesasLiquidadasAteOBimestreMember to label_DespesasLiquidadasAteOBimestreMember"/>
    <link:loc xlink:type="locator" xlink:href="../../../cor/dim/siconfi-dim_2019-12-31.xsd#siconfi-dim_DespesasLiquidadasMember" xlink:label="DespesasLiquidadasMember" xlink:title="DespesasLiquidadasMember"/>
    <link:label xlink:type="resource" xlink:label="label_DespesasLiquidadasMember" xlink:role="http://www.xbrl.org/2003/role/label" xlink:title="label_DespesasLiquidadasMember" xml:lang="pt-br" id="label_DespesasLiquidadasMember">DESPESAS LIQUIDADAS [member]</link:label>
    <link:labelArc xlink:type="arc" xlink:arcrole="http://www.xbrl.org/2003/arcrole/concept-label" xlink:from="DespesasLiquidadasMember" xlink:to="label_DespesasLiquidadasMember" xlink:title="label: DespesasLiquidadasMember to label_DespesasLiquidadasMember"/>
    <link:loc xlink:type="locator" xlink:href="../../../cor/dim/siconfi-dim_2019-12-31.xsd#siconfi-dim_DespesasLiquidadasNoBimestreMember" xlink:label="DespesasLiquidadasNoBimestreMember" xlink:title="DespesasLiquidadasNoBimestreMember"/>
    <link:label xlink:type="resource" xlink:label="label_DespesasLiquidadasNoBimestreMember" xlink:role="http://www.xbrl.org/2003/role/label" xlink:title="label_DespesasLiquidadasNoBimestreMember" xml:lang="pt-br" id="label_DespesasLiquidadasNoBimestreMember">No Bimestre [member]</link:label>
    <link:labelArc xlink:type="arc" xlink:arcrole="http://www.xbrl.org/2003/arcrole/concept-label" xlink:from="DespesasLiquidadasNoBimestreMember" xlink:to="label_DespesasLiquidadasNoBimestreMember" xlink:title="label: DespesasLiquidadasNoBimestreMember to label_DespesasLiquidadasNoBimestreMember"/>
    <link:loc xlink:type="locator" xlink:href="../../../cor/dim/siconfi-dim_2019-12-31.xsd#siconfi-dim_DotacaoAtualizadaMember" xlink:label="DotacaoAtualizadaMember" xlink:title="DotacaoAtualizadaMember"/>
    <link:label xlink:type="resource" xlink:label="label_DotacaoAtualizadaMember" xlink:role="http://www.xbrl.org/2003/role/label" xlink:title="label_DotacaoAtualizadaMember" xml:lang="pt-br" id="label_DotacaoAtualizadaMember">DOTAÇÃO ATUALIZADA [member]</link:label>
    <link:labelArc xlink:type="arc" xlink:arcrole="http://www.xbrl.org/2003/arcrole/concept-label" xlink:from="DotacaoAtualizadaMember" xlink:to="label_DotacaoAtualizadaMember" xlink:title="label: DotacaoAtualizadaMember to label_DotacaoAtualizadaMember"/>
    <link:loc xlink:type="locator" xlink:href="../../../cor/dim/siconfi-dim_2019-12-31.xsd#siconfi-dim_DotacaoInicialMember" xlink:label="DotacaoInicialMember" xlink:title="DotacaoInicialMember"/>
    <link:label xlink:type="resource" xlink:label="label_DotacaoInicialMember" xlink:role="http://www.xbrl.org/2003/role/label" xlink:title="label_DotacaoInicialMember" xml:lang="pt-br" id="label_DotacaoInicialMember">DOTAÇÃO INICIAL [member]</link:label>
    <link:labelArc xlink:type="arc" xlink:arcrole="http://www.xbrl.org/2003/arcrole/concept-label" xlink:from="DotacaoInicialMember" xlink:to="label_DotacaoInicialMember" xlink:title="label: DotacaoInicialMember to label_DotacaoInicialMember"/>
    <link:loc xlink:type="locator" xlink:href="../../../cor/dim/siconfi-dim_2019-12-31.xsd#siconfi-dim_PeriodoDeReferenciaMember" xlink:label="PeriodoDeReferenciaMember" xlink:title="PeriodoDeReferenciaMember"/>
    <link:label xlink:type="resource" xlink:label="label_PeriodoDeReferenciaMember" xlink:role="http://www.xbrl.org/2003/role/label" xlink:title="label_PeriodoDeReferenciaMember" xml:lang="pt-br" id="label_PeriodoDeReferenciaMember">Período de Referência [member]</link:label>
    <link:labelArc xlink:type="arc" xlink:arcrole="http://www.xbrl.org/2003/arcrole/concept-label" xlink:from="PeriodoDeReferenciaMember" xlink:to="label_PeriodoDeReferenciaMember" xlink:title="label: PeriodoDeReferenciaMember to label_PeriodoDeReferenciaMember"/>
    <link:loc xlink:type="locator" xlink:href="../../../cor/dim/siconfi-dim_2019-12-31.xsd#siconfi-dim_PrevisaoAtualizadaMember" xlink:label="PrevisaoAtualizadaMember" xlink:title="PrevisaoAtualizadaMember"/>
    <link:label xlink:type="resource" xlink:label="label_PrevisaoAtualizadaMember" xlink:role="http://www.xbrl.org/2003/role/label" xlink:title="label_PrevisaoAtualizadaMember" xml:lang="pt-br" id="label_PrevisaoAtualizadaMember">PREVISÃO ATUALIZADA [member]</link:label>
    <link:labelArc xlink:type="arc" xlink:arcrole="http://www.xbrl.org/2003/arcrole/concept-label" xlink:from="PrevisaoAtualizadaMember" xlink:to="label_PrevisaoAtualizadaMember" xlink:title="label: PrevisaoAtualizadaMember to label_PrevisaoAtualizadaMember"/>
    <link:loc xlink:type="locator" xlink:href="../../../cor/dim/siconfi-dim_2019-12-31.xsd#siconfi-dim_PrevisaoInicialMember" xlink:label="PrevisaoInicialMember" xlink:title="PrevisaoInicialMember"/>
    <link:label xlink:type="resource" xlink:label="label_PrevisaoInicialMember" xlink:role="http://www.xbrl.org/2003/role/label" xlink:title="label_PrevisaoInicialMember" xml:lang="pt-br" id="label_PrevisaoInicialMember">PREVISÃO INICIAL [member]</link:label>
    <link:labelArc xlink:type="arc" xlink:arcrole="http://www.xbrl.org/2003/arcrole/concept-label" xlink:from="PrevisaoInicialMember" xlink:to="label_PrevisaoInicialMember" xlink:title="label: PrevisaoInicialMember to label_PrevisaoInicialMember"/>
    <link:loc xlink:type="locator" xlink:href="../../../cor/dim/siconfi-dim_2019-12-31.xsd#siconfi-dim_ReceitasRealizadasAteOBimestreExercicioAnteriorMember" xlink:label="ReceitasRealizadasAteOBimestreExercicioAnteriorMember" xlink:title="ReceitasRealizadasAteOBimestreExercicioAnteriorMember"/>
    <link:label xlink:type="resource" xlink:label="label_ReceitasRealizadasAteOBimestreExercicioAnteriorMember" xlink:role="http://www.xbrl.org/2003/role/label" xlink:title="label_ReceitasRealizadasAteOBimestreExercicioAnteriorMember" xml:lang="pt-br" id="label_ReceitasRealizadasAteOBimestreExercicioAnteriorMember">Até o Bimestre / 2019 [member]</link:label>
    <link:labelArc xlink:type="arc" xlink:arcrole="http://www.xbrl.org/2003/arcrole/concept-label" xlink:from="ReceitasRealizadasAteOBimestreExercicioAnteriorMember" xlink:to="label_ReceitasRealizadasAteOBimestreExercicioAnteriorMember" xlink:title="label: ReceitasRealizadasAteOBimestreExercicioAnteriorMember to label_ReceitasRealizadasAteOBimestreExercicioAnteriorMember"/>
    <link:loc xlink:type="locator" xlink:href="../../../cor/dim/siconfi-dim_2019-12-31.xsd#siconfi-dim_ReceitasRealizadasAteOBimestreMember" xlink:label="ReceitasRealizadasAteOBimestreMember" xlink:title="ReceitasRealizadasAteOBimestreMember"/>
    <link:label xlink:type="resource" xlink:label="label_ReceitasRealizadasAteOBimestreMember" xlink:role="http://www.xbrl.org/2003/role/label" xlink:title="label_ReceitasRealizadasAteOBimestreMember" xml:lang="pt-br" id="label_ReceitasRealizadasAteOBimestreMember">Até o Bimestre / 2020 [member]</link:label>
    <link:labelArc xlink:type="arc" xlink:arcrole="http://www.xbrl.org/2003/arcrole/concept-label" xlink:from="ReceitasRealizadasAteOBimestreMember" xlink:to="label_ReceitasRealizadasAteOBimestreMember" xlink:title="label: ReceitasRealizadasAteOBimestreMember to label_ReceitasRealizadasAteOBimestreMember"/>
    <link:loc xlink:type="locator" xlink:href="../../../cor/dim/siconfi-dim_2019-12-31.xsd#siconfi-dim_ReceitasRealizadasMember" xlink:label="ReceitasRealizadasMember" xlink:title="ReceitasRealizadasMember"/>
    <link:label xlink:type="resource" xlink:label="label_ReceitasRealizadasMember" xlink:role="http://www.xbrl.org/2003/role/label" xlink:title="label_ReceitasRealizadasMember" xml:lang="pt-br" id="label_ReceitasRealizadasMember">RECEITAS REALIZADAS [member]</link:label>
    <link:labelArc xlink:type="arc" xlink:arcrole="http://www.xbrl.org/2003/arcrole/concept-label" xlink:from="ReceitasRealizadasMember" xlink:to="label_ReceitasRealizadasMember" xlink:title="label: ReceitasRealizadasMember to label_ReceitasRealizadasMember"/>
    <link:loc xlink:type="locator" xlink:href="../../../cor/dim/siconfi-dim_2019-12-31.xsd#siconfi-dim_ReceitasRealizadasNoBimestreMember" xlink:label="ReceitasRealizadasNoBimestreMember" xlink:title="ReceitasRealizadasNoBimestreMember"/>
    <link:label xlink:type="resource" xlink:label="label_ReceitasRealizadasNoBimestreMember" xlink:role="http://www.xbrl.org/2003/role/label" xlink:title="label_ReceitasRealizadasNoBimestreMember" xml:lang="pt-br" id="label_ReceitasRealizadasNoBimestreMember">No Bimestre [member]</link:label>
    <link:labelArc xlink:type="arc" xlink:arcrole="http://www.xbrl.org/2003/arcrole/concept-label" xlink:from="ReceitasRealizadasNoBimestreMember" xlink:to="label_ReceitasRealizadasNoBimestreMember" xlink:title="label: ReceitasRealizadasNoBimestreMember to label_ReceitasRealizadasNoBimestreMember"/>
    <link:loc xlink:type="locator" xlink:href="../../../cor/dim/siconfi-dim_2019-12-31.xsd#siconfi-dim_DespesasEmpenhadasAteOBimestreExercicioAnteriorMember" xlink:label="DespesasEmpenhadasAteOBimestreExercicioAnteriorMember" xlink:title="DespesasEmpenhadasAteOBimestreExercicioAnteriorMember"/>
    <link:label xlink:type="resource" xlink:label="label_DespesasEmpenhadasAteOBimestreExercicioAnteriorMember" xlink:role="http://www.xbrl.org/2003/role/label" xlink:title="label_DespesasEmpenhadasAteOBimestreExercicioAnteriorMember" xml:lang="pt-br" id="label_DespesasEmpenhadasAteOBimestreExercicioAnteriorMember">DESPESAS EMPENHADAS ATÉ O BIMESTRE / 2019 [member]</link:label>
    <link:labelArc xlink:type="arc" xlink:arcrole="http://www.xbrl.org/2003/arcrole/concept-label" xlink:from="DespesasEmpenhadasAteOBimestreExercicioAnteriorMember" xlink:to="label_DespesasEmpenhadasAteOBimestreExercicioAnteriorMember" xlink:title="label: DespesasEmpenhadasAteOBimestreExercicioAnteriorMember to label_DespesasEmpenhadasAteOBimestreExercicioAnteriorMember"/>
    <link:loc xlink:type="locator" xlink:href="../../../cor/dim/siconfi-dim_2019-12-31.xsd#siconfi-dim_DespesasInscritasEmRestosPagarNaoProcessadosExercicioAtualMember" xlink:label="DespesasInscritasEmRestosPagarNaoProcessadosExercicioAtualMember" xlink:title="DespesasInscritasEmRestosPagarNaoProcessadosExercicioAtualMember"/>
    <link:label xlink:type="resource" xlink:label="label_DespesasInscritasEmRestosPagarNaoProcessadosExercicioAtualMember" xlink:role="http://www.xbrl.org/2003/role/label" xlink:title="label_DespesasInscritasEmRestosPagarNaoProcessadosExercicioAtualMember" xml:lang="pt-br" id="label_DespesasInscritasEmRestosPagarNaoProcessadosExercicioAtualMember">Em 2020 [member]</link:label>
    <link:labelArc xlink:type="arc" xlink:arcrole="http://www.xbrl.org/2003/arcrole/concept-label" xlink:from="DespesasInscritasEmRestosPagarNaoProcessadosExercicioAtualMember" xlink:to="label_DespesasInscritasEmRestosPagarNaoProcessadosExercicioAtualMember" xlink:title="label: DespesasInscritasEmRestosPagarNaoProcessadosExercicioAtualMember to label_DespesasInscritasEmRestosPagarNaoProcessadosExercicioAtualMember"/>
    <link:loc xlink:type="locator" xlink:href="../../../cor/dim/siconfi-dim_2019-12-31.xsd#siconfi-dim_PrevisaoOrcamentariaMember" xlink:label="PrevisaoOrcamentariaMember" xlink:title="PrevisaoOrcamentariaMember"/>
    <link:label xlink:type="resource" xlink:label="label_PrevisaoOrcamentariaMember" xlink:role="http://www.xbrl.org/2003/role/label" xlink:title="label_PrevisaoOrcamentariaMember" xml:lang="pt-br" id="label_PrevisaoOrcamentariaMember">Previsão Orçamentária [member]</link:label>
    <link:labelArc xlink:type="arc" xlink:arcrole="http://www.xbrl.org/2003/arcrole/concept-label" xlink:from="PrevisaoOrcamentariaMember" xlink:to="label_PrevisaoOrcamentariaMember" xlink:title="label: PrevisaoOrcamentariaMember to label_PrevisaoOrcamentariaMember"/>
    <link:loc xlink:type="locator" xlink:href="../../../cor/dim/siconfi-dim_2019-12-31.xsd#siconfi-dim_PrevisaoOrcamentariaAxis" xlink:label="PrevisaoOrcamentariaAxis" xlink:title="PrevisaoOrcamentariaAxis"/>
    <link:label xlink:type="resource" xlink:label="label_PrevisaoOrcamentariaAxis" xlink:role="http://www.xbrl.org/2003/role/label" xlink:title="label_PrevisaoOrcamentariaAxis" xml:lang="pt-br" id="label_PrevisaoOrcamentariaAxis">Previsão Orçamentária [axis] [orientacao=horizontal]</link:label>
    <link:labelArc xlink:type="arc" xlink:arcrole="http://www.xbrl.org/2003/arcrole/concept-label" xlink:from="PrevisaoOrcamentariaAxis" xlink:to="label_PrevisaoOrcamentariaAxis" xlink:title="label: PrevisaoOrcamentariaAxis to label_PrevisaoOrcamentariaAxis"/>
    <link:loc xlink:type="locator" xlink:href="../../../cor/dim/siconfi-dim_2019-12-31.xsd#siconfi-dim_ExecucaoDaDespesaRGPSAxis" xlink:label="ExecucaoDaDespesaRGPSAxis" xlink:title="ExecucaoDaDespesaRGPSAxis"/>
    <link:label xlink:type="resource" xlink:label="label_ExecucaoDaDespesaRGPSAxis" xlink:role="http://www.xbrl.org/2003/role/label" xlink:title="label_ExecucaoDaDespesaRGPSAxis" xml:lang="pt-br" id="label_ExecucaoDaDespesaRGPSAxis">Execução da Despesa RGPS [axis] [orientacao=horizontal]</link:label>
    <link:labelArc xlink:type="arc" xlink:arcrole="http://www.xbrl.org/2003/arcrole/concept-label" xlink:from="ExecucaoDaDespesaRGPSAxis" xlink:to="label_ExecucaoDaDespesaRGPSAxis" xlink:title="label: ExecucaoDaDespesaRGPSAxis to label_ExecucaoDaDespesaRGPSAxis"/>
    <link:loc xlink:type="locator" xlink:href="../../../cor/dim/siconfi-dim_2019-12-31.xsd#siconfi-dim_ExecucaoDaReceitaRGPSAxis" xlink:label="ExecucaoDaReceitaRGPSAxis" xlink:title="ExecucaoDaReceitaRGPSAxis"/>
    <link:label xlink:type="resource" xlink:label="label_ExecucaoDaReceitaRGPSAxis" xlink:role="http://www.xbrl.org/2003/role/label" xlink:title="label_ExecucaoDaReceitaRGPSAxis" xml:lang="pt-br" id="label_ExecucaoDaReceitaRGPSAxis">Execução da Receita RGPS [axis] [orientacao=horizontal]</link:label>
    <link:labelArc xlink:type="arc" xlink:arcrole="http://www.xbrl.org/2003/arcrole/concept-label" xlink:from="ExecucaoDaReceitaRGPSAxis" xlink:to="label_ExecucaoDaReceitaRGPSAxis" xlink:title="label: ExecucaoDaReceitaRGPSAxis to label_ExecucaoDaReceitaRGPSAxis"/>
    <link:loc xlink:type="locator" xlink:href="../../../cor/ic/siconfi-cor_2019-12-31.xsd#siconfi-cor_AlienacaoDeBensDireitosEAtivosPrevidenciariaBruta" xlink:label="AlienacaoDeBensDireitosEAtivosPrevidenciariaBruta" xlink:title="AlienacaoDeBensDireitosEAtivosPrevidenciariaBruta"/>
    <link:label xlink:type="resource" xlink:label="label_AlienacaoDeBensDireitosEAtivosPrevidenciariaBruta" xlink:role="http://www.xbrl.org/2003/role/label" xlink:title="label_AlienacaoDeBensDireitosEAtivosPrevidenciariaBruta" xml:lang="pt-br" id="label_AlienacaoDeBensDireitosEAtivosPrevidenciariaBruta">Alienação de Bens, Direitos e Ativos</link:label>
    <link:labelArc xlink:type="arc" xlink:arcrole="http://www.xbrl.org/2003/arcrole/concept-label" xlink:from="AlienacaoDeBensDireitosEAtivosPrevidenciariaBruta" xlink:to="label_AlienacaoDeBensDireitosEAtivosPrevidenciariaBruta" xlink:title="label: AlienacaoDeBensDireitosEAtivosPrevidenciariaBruta to label_AlienacaoDeBensDireitosEAtivosPrevidenciariaBruta"/>
    <link:loc xlink:type="locator" xlink:href="../../../cor/ic/siconfi-cor_2019-12-31.xsd#siconfi-cor_AportesParaAPrevidenciaPlanoFinanceiroFormacaoDeReserva" xlink:label="AportesParaAPrevidenciaPlanoFinanceiroFormacaoDeReserva" xlink:title="AportesParaAPrevidenciaPlanoFinanceiroFormacaoDeReserva"/>
    <link:label xlink:type="resource" xlink:label="label_AportesParaAPrevidenciaPlanoFinanceiroFormacaoDeReserva" xlink:role="http://www.xbrl.org/2003/role/label" xlink:title="label_AportesParaAPrevidenciaPlanoFinanceiroFormacaoDeReserva" xml:lang="pt-br" id="label_AportesParaAPrevidenciaPlanoFinanceiroFormacaoDeReserva">Recursos para Formação de Reserva</link:label>
    <link:labelArc xlink:type="arc" xlink:arcrole="http://www.xbrl.org/2003/arcrole/concept-label" xlink:from="AportesParaAPrevidenciaPlanoFinanceiroFormacaoDeReserva" xlink:to="label_AportesParaAPrevidenciaPlanoFinanceiroFormacaoDeReserva" xlink:title="label: AportesParaAPrevidenciaPlanoFinanceiroFormacaoDeReserva to label_AportesParaAPrevidenciaPlanoFinanceiroFormacaoDeReserva"/>
    <link:loc xlink:type="locator" xlink:href="../../../cor/ic/siconfi-cor_2019-12-31.xsd#siconfi-cor_AportesParaAPrevidenciaPlanoFinanceiroInsuficienciaFinanceira" xlink:label="AportesParaAPrevidenciaPlanoFinanceiroInsuficienciaFinanceira" xlink:title="AportesParaAPrevidenciaPlanoFinanceiroInsuficienciaFinanceira"/>
    <link:label xlink:type="resource" xlink:label="label_AportesParaAPrevidenciaPlanoFinanceiroInsuficienciaFinanceira" xlink:role="http://www.xbrl.org/2003/role/label" xlink:title="label_AportesParaAPrevidenciaPlanoFinanceiroInsuficienciaFinanceira" xml:lang="pt-br" id="label_AportesParaAPrevidenciaPlanoFinanceiroInsuficienciaFinanceira">Recursos para Cobertura de Insuficiências Financeiras</link:label>
    <link:labelArc xlink:type="arc" xlink:arcrole="http://www.xbrl.org/2003/arcrole/concept-label" xlink:from="AportesParaAPrevidenciaPlanoFinanceiroInsuficienciaFinanceira" xlink:to="label_AportesParaAPrevidenciaPlanoFinanceiroInsuficienciaFinanceira" xlink:title="label: AportesParaAPrevidenciaPlanoFinanceiroInsuficienciaFinanceira to label_AportesParaAPrevidenciaPlanoFinanceiroInsuficienciaFinanceira"/>
    <link:loc xlink:type="locator" xlink:href="../../../cor/ic/siconfi-cor_2019-12-31.xsd#siconfi-cor_AportesParaAPrevidenciaPlanoFinanceiroInsuficienciaFinanceiraProvenientesDoOF" xlink:label="AportesParaAPrevidenciaPlanoFinanceiroInsuficienciaFinanceiraProvenientesDoOF" xlink:title="AportesParaAPrevidenciaPlanoFinanceiroInsuficienciaFinanceiraProvenientesDoOF"/>
    <link:label xlink:type="resource" xlink:label="label_AportesParaAPrevidenciaPlanoFinanceiroInsuficienciaFinanceiraProvenientesDoOF" xlink:role="http://www.xbrl.org/2003/role/label" xlink:title="label_AportesParaAPrevidenciaPlanoFinanceiroInsuficienciaFinanceiraProvenientesDoOF" xml:lang="pt-br" id="label_AportesParaAPrevidenciaPlanoFinanceiroInsuficienciaFinanceiraProvenientesDoOF">Provenientes do Orçamento Fiscal</link:label>
    <link:labelArc xlink:type="arc" xlink:arcrole="http://www.xbrl.org/2003/arcrole/concept-label" xlink:from="AportesParaAPrevidenciaPlanoFinanceiroInsuficienciaFinanceiraProvenientesDoOF" xlink:to="label_AportesParaAPrevidenciaPlanoFinanceiroInsuficienciaFinanceiraProvenientesDoOF" xlink:title="label: AportesParaAPrevidenciaPlanoFinanceiroInsuficienciaFinanceiraProvenientesDoOF to label_AportesParaAPrevidenciaPlanoFinanceiroInsuficienciaFinanceiraProvenientesDoOF"/>
    <link:loc xlink:type="locator" xlink:href="../../../cor/ic/siconfi-cor_2019-12-31.xsd#siconfi-cor_AportesParaAPrevidenciaPlanoFinanceiroInsuficienciaFinanceiraProvenientesDoOSS" xlink:label="AportesParaAPrevidenciaPlanoFinanceiroInsuficienciaFinanceiraProvenientesDoOSS" xlink:title="AportesParaAPrevidenciaPlanoFinanceiroInsuficienciaFinanceiraProvenientesDoOSS"/>
    <link:label xlink:type="resource" xlink:label="label_AportesParaAPrevidenciaPlanoFinanceiroInsuficienciaFinanceiraProvenientesDoOSS" xlink:role="http://www.xbrl.org/2003/role/label" xlink:title="label_AportesParaAPrevidenciaPlanoFinanceiroInsuficienciaFinanceiraProvenientesDoOSS" xml:lang="pt-br" id="label_AportesParaAPrevidenciaPlanoFinanceiroInsuficienciaFinanceiraProvenientesDoOSS">Provenientes do Orçamento da Seguridade Social</link:label>
    <link:labelArc xlink:type="arc" xlink:arcrole="http://www.xbrl.org/2003/arcrole/concept-label" xlink:from="AportesParaAPrevidenciaPlanoFinanceiroInsuficienciaFinanceiraProvenientesDoOSS" xlink:to="label_AportesParaAPrevidenciaPlanoFinanceiroInsuficienciaFinanceiraProvenientesDoOSS" xlink:title="label: AportesParaAPrevidenciaPlanoFinanceiroInsuficienciaFinanceiraProvenientesDoOSS to label_AportesParaAPrevidenciaPlanoFinanceiroInsuficienciaFinanceiraProvenientesDoOSS"/>
    <link:loc xlink:type="locator" xlink:href="../../../cor/ic/siconfi-cor_2019-12-31.xsd#siconfi-cor_AportesParaAPrevidenciaPlanoFinanceiroOutrosAportes" xlink:label="AportesParaAPrevidenciaPlanoFinanceiroOutrosAportes" xlink:title="AportesParaAPrevidenciaPlanoFinanceiroOutrosAportes"/>
    <link:label xlink:type="resource" xlink:label="label_AportesParaAPrevidenciaPlanoFinanceiroOutrosAportes" xlink:role="http://www.xbrl.org/2003/role/label" xlink:title="label_AportesParaAPrevidenciaPlanoFinanceiroOutrosAportes" xml:lang="pt-br" id="label_AportesParaAPrevidenciaPlanoFinanceiroOutrosAportes">Outros Aportes para o RGPS</link:label>
    <link:labelArc xlink:type="arc" xlink:arcrole="http://www.xbrl.org/2003/arcrole/concept-label" xlink:from="AportesParaAPrevidenciaPlanoFinanceiroOutrosAportes" xlink:to="label_AportesParaAPrevidenciaPlanoFinanceiroOutrosAportes" xlink:title="label: AportesParaAPrevidenciaPlanoFinanceiroOutrosAportes to label_AportesParaAPrevidenciaPlanoFinanceiroOutrosAportes"/>
    <link:loc xlink:type="locator" xlink:href="../../../cor/ic/siconfi-cor_2019-12-31.xsd#siconfi-cor_BancosContaMovimentoDaPrevidencia" xlink:label="BancosContaMovimentoDaPrevidencia" xlink:title="BancosContaMovimentoDaPrevidencia"/>
    <link:label xlink:type="resource" xlink:label="label_BancosContaMovimentoDaPrevidencia" xlink:role="http://www.xbrl.org/2003/role/label" xlink:title="label_BancosContaMovimentoDaPrevidencia" xml:lang="pt-br" id="label_BancosContaMovimentoDaPrevidencia">Bancos Conta Movimento</link:label>
    <link:labelArc xlink:type="arc" xlink:arcrole="http://www.xbrl.org/2003/arcrole/concept-label" xlink:from="BancosContaMovimentoDaPrevidencia" xlink:to="label_BancosContaMovimentoDaPrevidencia" xlink:title="label: BancosContaMovimentoDaPrevidencia to label_BancosContaMovimentoDaPrevidencia"/>
    <link:loc xlink:type="locator" xlink:href="../../../cor/ic/siconfi-cor_2019-12-31.xsd#siconfi-cor_CaixaDaPrevidencia" xlink:label="CaixaDaPrevidencia" xlink:title="CaixaDaPrevidencia"/>
    <link:label xlink:type="resource" xlink:label="label_CaixaDaPrevidencia" xlink:role="http://www.xbrl.org/2003/role/label" xlink:title="label_CaixaDaPrevidencia" xml:lang="pt-br" id="label_CaixaDaPrevidencia">Caixa</link:label>
    <link:labelArc xlink:type="arc" xlink:arcrole="http://www.xbrl.org/2003/arcrole/concept-label" xlink:from="CaixaDaPrevidencia" xlink:to="label_CaixaDaPrevidencia" xlink:title="label: CaixaDaPrevidencia to label_CaixaDaPrevidencia"/>
    <link:loc xlink:type="locator" xlink:href="../../../cor/ic/siconfi-cor_2019-12-31.xsd#siconfi-cor_DemaisReceitasCorrentesPrevidenciariasBrutas" xlink:label="DemaisReceitasCorrentesPrevidenciariasBrutas" xlink:title="DemaisReceitasCorrentesPrevidenciariasBrutas"/>
    <link:label xlink:type="resource" xlink:label="label_DemaisReceitasCorrentesPrevidenciariasBrutas" xlink:role="http://www.xbrl.org/2003/role/label" xlink:title="label_DemaisReceitasCorrentesPrevidenciariasBrutas" xml:lang="pt-br" id="label_DemaisReceitasCorrentesPrevidenciariasBrutas">Demais Receitas Correntes</link:label>
    <link:labelArc xlink:type="arc" xlink:arcrole="http://www.xbrl.org/2003/arcrole/concept-label" xlink:from="DemaisReceitasCorrentesPrevidenciariasBrutas" xlink:to="label_DemaisReceitasCorrentesPrevidenciariasBrutas" xlink:title="label: DemaisReceitasCorrentesPrevidenciariasBrutas to label_DemaisReceitasCorrentesPrevidenciariasBrutas"/>
    <link:loc xlink:type="locator" xlink:href="../../../cor/ic/siconfi-cor_2019-12-31.xsd#siconfi-cor_DespesasExcetoIntraOrcamentariasDemaisDespesasPrevidenciarias" xlink:label="DespesasExcetoIntraOrcamentariasDemaisDespesasPrevidenciarias" xlink:title="DespesasExcetoIntraOrcamentariasDemaisDespesasPrevidenciarias"/>
    <link:label xlink:type="resource" xlink:label="label_DespesasExcetoIntraOrcamentariasDemaisDespesasPrevidenciarias" xlink:role="http://www.xbrl.org/2003/role/label" xlink:title="label_DespesasExcetoIntraOrcamentariasDemaisDespesasPrevidenciarias" xml:lang="pt-br" id="label_DespesasExcetoIntraOrcamentariasDemaisDespesasPrevidenciarias">Demais Despesas</link:label>
    <link:labelArc xlink:type="arc" xlink:arcrole="http://www.xbrl.org/2003/arcrole/concept-label" xlink:from="DespesasExcetoIntraOrcamentariasDemaisDespesasPrevidenciarias" xlink:to="label_DespesasExcetoIntraOrcamentariasDemaisDespesasPrevidenciarias" xlink:title="label: DespesasExcetoIntraOrcamentariasDemaisDespesasPrevidenciarias to label_DespesasExcetoIntraOrcamentariasDemaisDespesasPrevidenciarias"/>
    <link:loc xlink:type="locator" xlink:href="../../../cor/ic/siconfi-cor_2019-12-31.xsd#siconfi-cor_DespesasExcetoIntraOrcamentariasOutrasDepesasPrevidenciarias" xlink:label="DespesasExcetoIntraOrcamentariasOutrasDepesasPrevidenciarias" xlink:title="DespesasExcetoIntraOrcamentariasOutrasDepesasPrevidenciarias"/>
    <link:label xlink:type="resource" xlink:label="label_DespesasExcetoIntraOrcamentariasOutrasDepesasPrevidenciarias" xlink:role="http://www.xbrl.org/2003/role/label" xlink:title="label_DespesasExcetoIntraOrcamentariasOutrasDepesasPrevidenciarias" xml:lang="pt-br" id="label_DespesasExcetoIntraOrcamentariasOutrasDepesasPrevidenciarias">Outras Despesas</link:label>
    <link:labelArc xlink:type="arc" xlink:arcrole="http://www.xbrl.org/2003/arcrole/concept-label" xlink:from="DespesasExcetoIntraOrcamentariasOutrasDepesasPrevidenciarias" xlink:to="label_DespesasExcetoIntraOrcamentariasOutrasDepesasPrevidenciarias" xlink:title="label: DespesasExcetoIntraOrcamentariasOutrasDepesasPrevidenciarias to label_DespesasExcetoIntraOrcamentariasOutrasDepesasPrevidenciarias"/>
    <link:loc xlink:type="locator" xlink:href="../../../cor/ic/siconfi-cor_2019-12-31.xsd#siconfi-cor_DespesasExcetoIntraOrcamentariasPessoalCivilAposentadorias" xlink:label="DespesasExcetoIntraOrcamentariasPessoalCivilAposentadorias" xlink:title="DespesasExcetoIntraOrcamentariasPessoalCivilAposentadorias"/>
    <link:label xlink:type="resource" xlink:label="label_DespesasExcetoIntraOrcamentariasPessoalCivilAposentadorias" xlink:role="http://www.xbrl.org/2003/role/label" xlink:title="label_DespesasExcetoIntraOrcamentariasPessoalCivilAposentadorias" xml:lang="pt-br" id="label_DespesasExcetoIntraOrcamentariasPessoalCivilAposentadorias">Aposentadorias</link:label>
    <link:labelArc xlink:type="arc" xlink:arcrole="http://www.xbrl.org/2003/arcrole/concept-label" xlink:from="DespesasExcetoIntraOrcamentariasPessoalCivilAposentadorias" xlink:to="label_DespesasExcetoIntraOrcamentariasPessoalCivilAposentadorias" xlink:title="label: DespesasExcetoIntraOrcamentariasPessoalCivilAposentadorias to label_DespesasExcetoIntraOrcamentariasPessoalCivilAposentadorias"/>
    <link:loc xlink:type="locator" xlink:href="../../../cor/ic/siconfi-cor_2019-12-31.xsd#siconfi-cor_DespesasExcetoIntraOrcamentariasPessoalCivilOutrosBeneficiosPrevidenciarios" xlink:label="DespesasExcetoIntraOrcamentariasPessoalCivilOutrosBeneficiosPrevidenciarios" xlink:title="DespesasExcetoIntraOrcamentariasPessoalCivilOutrosBeneficiosPrevidenciarios"/>
    <link:label xlink:type="resource" xlink:label="label_DespesasExcetoIntraOrcamentariasPessoalCivilOutrosBeneficiosPrevidenciarios" xlink:role="http://www.xbrl.org/2003/role/label" xlink:title="label_DespesasExcetoIntraOrcamentariasPessoalCivilOutrosBeneficiosPrevidenciarios" xml:lang="pt-br" id="label_DespesasExcetoIntraOrcamentariasPessoalCivilOutrosBeneficiosPrevidenciarios">Outros Benefícios</link:label>
    <link:labelArc xlink:type="arc" xlink:arcrole="http://www.xbrl.org/2003/arcrole/concept-label" xlink:from="DespesasExcetoIntraOrcamentariasPessoalCivilOutrosBeneficiosPrevidenciarios" xlink:to="label_DespesasExcetoIntraOrcamentariasPessoalCivilOutrosBeneficiosPrevidenciarios" xlink:title="label: DespesasExcetoIntraOrcamentariasPessoalCivilOutrosBeneficiosPrevidenciarios to label_DespesasExcetoIntraOrcamentariasPessoalCivilOutrosBeneficiosPrevidenciarios"/>
    <link:loc xlink:type="locator" xlink:href="../../../cor/ic/siconfi-cor_2019-12-31.xsd#siconfi-cor_DespesasExcetoIntraOrcamentariasPessoalMilitarOutrosBeneficiosPrevidenciarios" xlink:label="DespesasExcetoIntraOrcamentariasPessoalMilitarOutrosBeneficiosPrevidenciarios" xlink:title="DespesasExcetoIntraOrcamentariasPessoalMilitarOutrosBeneficiosPrevidenciarios"/>
    <link:label xlink:type="resource" xlink:label="label_DespesasExcetoIntraOrcamentariasPessoalMilitarOutrosBeneficiosPrevidenciarios" xlink:role="http://www.xbrl.org/2003/role/label" xlink:title="label_DespesasExcetoIntraOrcamentariasPessoalMilitarOutrosBeneficiosPrevidenciarios" xml:lang="pt-br" id="label_DespesasExcetoIntraOrcamentariasPessoalMilitarOutrosBeneficiosPrevidenciarios">Outros Benefícios Previdenciários</link:label>
    <link:labelArc xlink:type="arc" xlink:arcrole="http://www.xbrl.org/2003/arcrole/concept-label" xlink:from="DespesasExcetoIntraOrcamentariasPessoalMilitarOutrosBeneficiosPrevidenciarios" xlink:to="label_DespesasExcetoIntraOrcamentariasPessoalMilitarOutrosBeneficiosPrevidenciarios" xlink:title="label: DespesasExcetoIntraOrcamentariasPessoalMilitarOutrosBeneficiosPrevidenciarios to label_DespesasExcetoIntraOrcamentariasPessoalMilitarOutrosBeneficiosPrevidenciarios"/>
    <link:loc xlink:type="locator" xlink:href="../../../cor/ic/siconfi-cor_2019-12-31.xsd#siconfi-cor_DespesasExcetoIntraOrcamentariasPessoalMilitarPensoes" xlink:label="DespesasExcetoIntraOrcamentariasPessoalMilitarPensoes" xlink:title="DespesasExcetoIntraOrcamentariasPessoalMilitarPensoes"/>
    <link:label xlink:type="resource" xlink:label="label_DespesasExcetoIntraOrcamentariasPessoalMilitarPensoes" xlink:role="http://www.xbrl.org/2003/role/label" xlink:title="label_DespesasExcetoIntraOrcamentariasPessoalMilitarPensoes" xml:lang="pt-br" id="label_DespesasExcetoIntraOrcamentariasPessoalMilitarPensoes">Pensões</link:label>
    <link:labelArc xlink:type="arc" xlink:arcrole="http://www.xbrl.org/2003/arcrole/concept-label" xlink:from="DespesasExcetoIntraOrcamentariasPessoalMilitarPensoes" xlink:to="label_DespesasExcetoIntraOrcamentariasPessoalMilitarPensoes" xlink:title="label: DespesasExcetoIntraOrcamentariasPessoalMilitarPensoes to label_DespesasExcetoIntraOrcamentariasPessoalMilitarPensoes"/>
    <link:loc xlink:type="locator" xlink:href="../../../cor/ic/siconfi-cor_2019-12-31.xsd#siconfi-cor_DespesasPrevidenciariasExcetoIntraOrcamentarias" xlink:label="DespesasPrevidenciariasExcetoIntraOrcamentarias" xlink:title="DespesasPrevidenciariasExcetoIntraOrcamentarias"/>
    <link:label xlink:type="resource" xlink:label="label_DespesasPrevidenciariasExcetoIntraOrcamentarias" xlink:role="http://www.xbrl.org/2003/role/label" xlink:title="label_DespesasPrevidenciariasExcetoIntraOrcamentarias" xml:lang="pt-br" id="label_DespesasPrevidenciariasExcetoIntraOrcamentarias">Despesas Previdenciárias (Exceto Intra-Orçamentárias) (IV)</link:label>
    <link:labelArc xlink:type="arc" xlink:arcrole="http://www.xbrl.org/2003/arcrole/concept-label" xlink:from="DespesasPrevidenciariasExcetoIntraOrcamentarias" xlink:to="label_DespesasPrevidenciariasExcetoIntraOrcamentarias" xlink:title="label: DespesasPrevidenciariasExcetoIntraOrcamentarias to label_DespesasPrevidenciariasExcetoIntraOrcamentarias"/>
    <link:loc xlink:type="locator" xlink:href="../../../cor/ic/siconfi-cor_2019-12-31.xsd#siconfi-cor_DespesasPrevidenciariasExcetoIntraOrcamentariasCompensacaoDoRGPSParaORPPS" xlink:label="DespesasPrevidenciariasExcetoIntraOrcamentariasCompensacaoDoRGPSParaORPPS" xlink:title="DespesasPrevidenciariasExcetoIntraOrcamentariasCompensacaoDoRGPSParaORPPS"/>
    <link:label xlink:type="resource" xlink:label="label_DespesasPrevidenciariasExcetoIntraOrcamentariasCompensacaoDoRGPSParaORPPS" xlink:role="http://www.xbrl.org/2003/role/label" xlink:title="label_DespesasPrevidenciariasExcetoIntraOrcamentariasCompensacaoDoRGPSParaORPPS" xml:lang="pt-br" id="label_DespesasPrevidenciariasExcetoIntraOrcamentariasCompensacaoDoRGPSParaORPPS">Compensações Previdenciárias do RGPS para o RPPS</link:label>
    <link:labelArc xlink:type="arc" xlink:arcrole="http://www.xbrl.org/2003/arcrole/concept-label" xlink:from="DespesasPrevidenciariasExcetoIntraOrcamentariasCompensacaoDoRGPSParaORPPS" xlink:to="label_DespesasPrevidenciariasExcetoIntraOrcamentariasCompensacaoDoRGPSParaORPPS" xlink:title="label: DespesasPrevidenciariasExcetoIntraOrcamentariasCompensacaoDoRGPSParaORPPS to label_DespesasPrevidenciariasExcetoIntraOrcamentariasCompensacaoDoRGPSParaORPPS"/>
    <link:loc xlink:type="locator" xlink:href="../../../cor/ic/siconfi-cor_2019-12-31.xsd#siconfi-cor_DespesasPrevidenciariasIntraOrcamentarias" xlink:label="DespesasPrevidenciariasIntraOrcamentarias" xlink:title="DespesasPrevidenciariasIntraOrcamentarias"/>
    <link:label xlink:type="resource" xlink:label="label_DespesasPrevidenciariasIntraOrcamentarias" xlink:role="http://www.xbrl.org/2003/role/label" xlink:title="label_DespesasPrevidenciariasIntraOrcamentarias" xml:lang="pt-br" id="label_DespesasPrevidenciariasIntraOrcamentarias">Despesas Previdenciárias (Intra-Orçamentárias) (V)</link:label>
    <link:labelArc xlink:type="arc" xlink:arcrole="http://www.xbrl.org/2003/arcrole/concept-label" xlink:from="DespesasPrevidenciariasIntraOrcamentarias" xlink:to="label_DespesasPrevidenciariasIntraOrcamentarias" xlink:title="label: DespesasPrevidenciariasIntraOrcamentarias to label_DespesasPrevidenciariasIntraOrcamentarias"/>
    <link:loc xlink:type="locator" xlink:href="../../../cor/ic/siconfi-cor_2019-12-31.xsd#siconfi-cor_InvestimentosDaPrevidencia" xlink:label="InvestimentosDaPrevidencia" xlink:title="InvestimentosDaPrevidencia"/>
    <link:label xlink:type="resource" xlink:label="label_InvestimentosDaPrevidencia" xlink:role="http://www.xbrl.org/2003/role/label" xlink:title="label_InvestimentosDaPrevidencia" xml:lang="pt-br" id="label_InvestimentosDaPrevidencia">Investimentos</link:label>
    <link:labelArc xlink:type="arc" xlink:arcrole="http://www.xbrl.org/2003/arcrole/concept-label" xlink:from="InvestimentosDaPrevidencia" xlink:to="label_InvestimentosDaPrevidencia" xlink:title="label: InvestimentosDaPrevidencia to label_InvestimentosDaPrevidencia"/>
    <link:loc xlink:type="locator" xlink:href="../../../cor/ic/siconfi-cor_2019-12-31.xsd#siconfi-cor_OutrasReceitasCorrentesPrevidenciariasBrutas" xlink:label="OutrasReceitasCorrentesPrevidenciariasBrutas" xlink:title="OutrasReceitasCorrentesPrevidenciariasBrutas"/>
    <link:label xlink:type="resource" xlink:label="label_OutrasReceitasCorrentesPrevidenciariasBrutas" xlink:role="http://www.xbrl.org/2003/role/label" xlink:title="label_OutrasReceitasCorrentesPrevidenciariasBrutas" xml:lang="pt-br" id="label_OutrasReceitasCorrentesPrevidenciariasBrutas">Outras Receitas Correntes</link:label>
    <link:labelArc xlink:type="arc" xlink:arcrole="http://www.xbrl.org/2003/arcrole/concept-label" xlink:from="OutrasReceitasCorrentesPrevidenciariasBrutas" xlink:to="label_OutrasReceitasCorrentesPrevidenciariasBrutas" xlink:title="label: OutrasReceitasCorrentesPrevidenciariasBrutas to label_OutrasReceitasCorrentesPrevidenciariasBrutas"/>
    <link:loc xlink:type="locator" xlink:href="../../../cor/ic/siconfi-cor_2019-12-31.xsd#siconfi-cor_OutrasReceitasDeCapitalPrevidenciariasBrutas" xlink:label="OutrasReceitasDeCapitalPrevidenciariasBrutas" xlink:title="OutrasReceitasDeCapitalPrevidenciariasBrutas"/>
    <link:label xlink:type="resource" xlink:label="label_OutrasReceitasDeCapitalPrevidenciariasBrutas" xlink:role="http://www.xbrl.org/2003/role/label" xlink:title="label_OutrasReceitasDeCapitalPrevidenciariasBrutas" xml:lang="pt-br" id="label_OutrasReceitasDeCapitalPrevidenciariasBrutas">Outras Receitas de Capital</link:label>
    <link:labelArc xlink:type="arc" xlink:arcrole="http://www.xbrl.org/2003/arcrole/concept-label" xlink:from="OutrasReceitasDeCapitalPrevidenciariasBrutas" xlink:to="label_OutrasReceitasDeCapitalPrevidenciariasBrutas" xlink:title="label: OutrasReceitasDeCapitalPrevidenciariasBrutas to label_OutrasReceitasDeCapitalPrevidenciariasBrutas"/>
    <link:loc xlink:type="locator" xlink:href="../../../cor/ic/siconfi-cor_2019-12-31.xsd#siconfi-cor_OutrasReceitasDeContribuicoes" xlink:label="OutrasReceitasDeContribuicoes" xlink:title="OutrasReceitasDeContribuicoes"/>
    <link:label xlink:type="resource" xlink:label="label_OutrasReceitasDeContribuicoes" xlink:role="http://www.xbrl.org/2003/role/label" xlink:title="label_OutrasReceitasDeContribuicoes" xml:lang="pt-br" id="label_OutrasReceitasDeContribuicoes">Outras Contribuições</link:label>
    <link:labelArc xlink:type="arc" xlink:arcrole="http://www.xbrl.org/2003/arcrole/concept-label" xlink:from="OutrasReceitasDeContribuicoes" xlink:to="label_OutrasReceitasDeContribuicoes" xlink:title="label: OutrasReceitasDeContribuicoes to label_OutrasReceitasDeContribuicoes"/>
    <link:loc xlink:type="locator" xlink:href="../../../cor/ic/siconfi-cor_2019-12-31.xsd#siconfi-cor_OutrosBensEDireitosDaPrevidencia" xlink:label="OutrosBensEDireitosDaPrevidencia" xlink:title="OutrosBensEDireitosDaPrevidencia"/>
    <link:label xlink:type="resource" xlink:label="label_OutrosBensEDireitosDaPrevidencia" xlink:role="http://www.xbrl.org/2003/role/label" xlink:title="label_OutrosBensEDireitosDaPrevidencia" xml:lang="pt-br" id="label_OutrosBensEDireitosDaPrevidencia">Outros Bens e Direitos</link:label>
    <link:labelArc xlink:type="arc" xlink:arcrole="http://www.xbrl.org/2003/arcrole/concept-label" xlink:from="OutrosBensEDireitosDaPrevidencia" xlink:to="label_OutrosBensEDireitosDaPrevidencia" xlink:title="label: OutrosBensEDireitosDaPrevidencia to label_OutrosBensEDireitosDaPrevidencia"/>
    <link:loc xlink:type="locator" xlink:href="../../../cor/ic/siconfi-cor_2019-12-31.xsd#siconfi-cor_ReceitasCorrentesPrevidenciariasBrutas" xlink:label="ReceitasCorrentesPrevidenciariasBrutas" xlink:title="ReceitasCorrentesPrevidenciariasBrutas"/>
    <link:label xlink:type="resource" xlink:label="label_ReceitasCorrentesPrevidenciariasBrutas" xlink:role="http://www.xbrl.org/2003/role/label" xlink:title="label_ReceitasCorrentesPrevidenciariasBrutas" xml:lang="pt-br" id="label_ReceitasCorrentesPrevidenciariasBrutas">Receitas Correntes</link:label>
    <link:labelArc xlink:type="arc" xlink:arcrole="http://www.xbrl.org/2003/arcrole/concept-label" xlink:from="ReceitasCorrentesPrevidenciariasBrutas" xlink:to="label_ReceitasCorrentesPrevidenciariasBrutas" xlink:title="label: ReceitasCorrentesPrevidenciariasBrutas to label_ReceitasCorrentesPrevidenciariasBrutas"/>
    <link:loc xlink:type="locator" xlink:href="../../../cor/ic/siconfi-cor_2019-12-31.xsd#siconfi-cor_ReceitasCorrentesPrevidenciariasExcetoIntraOrcamentariasDeContribuicoesBrutas" xlink:label="ReceitasCorrentesPrevidenciariasExcetoIntraOrcamentariasDeContribuicoesBrutas" xlink:title="ReceitasCorrentesPrevidenciariasExcetoIntraOrcamentariasDeContribuicoesBrutas"/>
    <link:label xlink:type="resource" xlink:label="label_ReceitasCorrentesPrevidenciariasExcetoIntraOrcamentariasDeContribuicoesBrutas" xlink:role="http://www.xbrl.org/2003/role/label" xlink:title="label_ReceitasCorrentesPrevidenciariasExcetoIntraOrcamentariasDeContribuicoesBrutas" xml:lang="pt-br" id="label_ReceitasCorrentesPrevidenciariasExcetoIntraOrcamentariasDeContribuicoesBrutas">Receitas de Contribuições</link:label>
    <link:labelArc xlink:type="arc" xlink:arcrole="http://www.xbrl.org/2003/arcrole/concept-label" xlink:from="ReceitasCorrentesPrevidenciariasExcetoIntraOrcamentariasDeContribuicoesBrutas" xlink:to="label_ReceitasCorrentesPrevidenciariasExcetoIntraOrcamentariasDeContribuicoesBrutas" xlink:title="label: ReceitasCorrentesPrevidenciariasExcetoIntraOrcamentariasDeContribuicoesBrutas to label_ReceitasCorrentesPrevidenciariasExcetoIntraOrcamentariasDeContribuicoesBrutas"/>
    <link:loc xlink:type="locator" xlink:href="../../../cor/ic/siconfi-cor_2019-12-31.xsd#siconfi-cor_ReceitasCorrentesPrevidenciariasExcetoIntraOrcamentariasDeContribuicoesDosEmpregadoresBrutas" xlink:label="ReceitasCorrentesPrevidenciariasExcetoIntraOrcamentariasDeContribuicoesDosEmpregadoresBrutas" xlink:title="ReceitasCorrentesPrevidenciariasExcetoIntraOrcamentariasDeContribuicoesDosEmpregadoresBrutas"/>
    <link:label xlink:type="resource" xlink:label="label_ReceitasCorrentesPrevidenciariasExcetoIntraOrcamentariasDeContribuicoesDosEmpregadoresBrutas" xlink:role="http://www.xbrl.org/2003/role/label" xlink:title="label_ReceitasCorrentesPrevidenciariasExcetoIntraOrcamentariasDeContribuicoesDosEmpregadoresBrutas" xml:lang="pt-br" id="label_ReceitasCorrentesPrevidenciariasExcetoIntraOrcamentariasDeContribuicoesDosEmpregadoresBrutas">Dos Empregadores</link:label>
    <link:labelArc xlink:type="arc" xlink:arcrole="http://www.xbrl.org/2003/arcrole/concept-label" xlink:from="ReceitasCorrentesPrevidenciariasExcetoIntraOrcamentariasDeContribuicoesDosEmpregadoresBrutas" xlink:to="label_ReceitasCorrentesPrevidenciariasExcetoIntraOrcamentariasDeContribuicoesDosEmpregadoresBrutas" xlink:title="label: ReceitasCorrentesPrevidenciariasExcetoIntraOrcamentariasDeContribuicoesDosEmpregadoresBrutas to label_ReceitasCorrentesPrevidenciariasExcetoIntraOrcamentariasDeContribuicoesDosEmpregadoresBrutas"/>
    <link:loc xlink:type="locator" xlink:href="../../../cor/ic/siconfi-cor_2019-12-31.xsd#siconfi-cor_ReceitasCorrentesPrevidenciariasExcetoIntraOrcamentariasDeContribuicoesDosTrabalhadoresEDemaisSeguradosBrutas" xlink:label="ReceitasCorrentesPrevidenciariasExcetoIntraOrcamentariasDeContribuicoesDosTrabalhadoresEDemaisSeguradosBrutas" xlink:title="ReceitasCorrentesPrevidenciariasExcetoIntraOrcamentariasDeContribuicoesDosTrabalhadoresEDemaisSeguradosBrutas"/>
    <link:label xlink:type="resource" xlink:label="label_ReceitasCorrentesPrevidenciariasExcetoIntraOrcamentariasDeContribuicoesDosTrabalhadoresEDemaisSeguradosBrutas" xlink:role="http://www.xbrl.org/2003/role/label" xlink:title="label_ReceitasCorrentesPrevidenciariasExcetoIntraOrcamentariasDeContribuicoesDosTrabalhadoresEDemaisSeguradosBrutas" xml:lang="pt-br" id="label_ReceitasCorrentesPrevidenciariasExcetoIntraOrcamentariasDeContribuicoesDosTrabalhadoresEDemaisSeguradosBrutas">Dos trabalhadores e dos demais segurados</link:label>
    <link:labelArc xlink:type="arc" xlink:arcrole="http://www.xbrl.org/2003/arcrole/concept-label" xlink:from="ReceitasCorrentesPrevidenciariasExcetoIntraOrcamentariasDeContribuicoesDosTrabalhadoresEDemaisSeguradosBrutas" xlink:to="label_ReceitasCorrentesPrevidenciariasExcetoIntraOrcamentariasDeContribuicoesDosTrabalhadoresEDemaisSeguradosBrutas" xlink:title="label: ReceitasCorrentesPrevidenciariasExcetoIntraOrcamentariasDeContribuicoesDosTrabalhadoresEDemaisSeguradosBrutas to label_ReceitasCorrentesPrevidenciariasExcetoIntraOrcamentariasDeContribuicoesDosTrabalhadoresEDemaisSeguradosBrutas"/>
    <link:loc xlink:type="locator" xlink:href="../../../cor/ic/siconfi-cor_2019-12-31.xsd#siconfi-cor_ReceitasDeCapitalPrevidenciariasBrutas" xlink:label="ReceitasDeCapitalPrevidenciariasBrutas" xlink:title="ReceitasDeCapitalPrevidenciariasBrutas"/>
    <link:label xlink:type="resource" xlink:label="label_ReceitasDeCapitalPrevidenciariasBrutas" xlink:role="http://www.xbrl.org/2003/role/label" xlink:title="label_ReceitasDeCapitalPrevidenciariasBrutas" xml:lang="pt-br" id="label_ReceitasDeCapitalPrevidenciariasBrutas">Receitas de Capital</link:label>
    <link:labelArc xlink:type="arc" xlink:arcrole="http://www.xbrl.org/2003/arcrole/concept-label" xlink:from="ReceitasDeCapitalPrevidenciariasBrutas" xlink:to="label_ReceitasDeCapitalPrevidenciariasBrutas" xlink:title="label: ReceitasDeCapitalPrevidenciariasBrutas to label_ReceitasDeCapitalPrevidenciariasBrutas"/>
    <link:loc xlink:type="locator" xlink:href="../../../cor/ic/siconfi-cor_2019-12-31.xsd#siconfi-cor_ReceitasPrevidenciariasExcetoIntraOrcamentarias" xlink:label="ReceitasPrevidenciariasExcetoIntraOrcamentarias" xlink:title="ReceitasPrevidenciariasExcetoIntraOrcamentarias"/>
    <link:label xlink:type="resource" xlink:label="label_ReceitasPrevidenciariasExcetoIntraOrcamentarias" xlink:role="http://www.xbrl.org/2003/role/label" xlink:title="label_ReceitasPrevidenciariasExcetoIntraOrcamentarias" xml:lang="pt-br" id="label_ReceitasPrevidenciariasExcetoIntraOrcamentarias">Receitas Previdenciárias (Exceto Intra-Orçamentárias) (I)</link:label>
    <link:labelArc xlink:type="arc" xlink:arcrole="http://www.xbrl.org/2003/arcrole/concept-label" xlink:from="ReceitasPrevidenciariasExcetoIntraOrcamentarias" xlink:to="label_ReceitasPrevidenciariasExcetoIntraOrcamentarias" xlink:title="label: ReceitasPrevidenciariasExcetoIntraOrcamentarias to label_ReceitasPrevidenciariasExcetoIntraOrcamentarias"/>
    <link:loc xlink:type="locator" xlink:href="../../../cor/ic/siconfi-cor_2019-12-31.xsd#siconfi-cor_ReceitasPrevidenciariasExcetoIntraOrcamentariasCompensacaoDoRPPSParaORGPSBrutas" xlink:label="ReceitasPrevidenciariasExcetoIntraOrcamentariasCompensacaoDoRPPSParaORGPSBrutas" xlink:title="ReceitasPrevidenciariasExcetoIntraOrcamentariasCompensacaoDoRPPSParaORGPSBrutas"/>
    <link:label xlink:type="resource" xlink:label="label_ReceitasPrevidenciariasExcetoIntraOrcamentariasCompensacaoDoRPPSParaORGPSBrutas" xlink:role="http://www.xbrl.org/2003/role/label" xlink:title="label_ReceitasPrevidenciariasExcetoIntraOrcamentariasCompensacaoDoRPPSParaORGPSBrutas" xml:lang="pt-br" id="label_ReceitasPrevidenciariasExcetoIntraOrcamentariasCompensacaoDoRPPSParaORGPSBrutas">Compensações Previdenciárias do RPPS para o RGPS</link:label>
    <link:labelArc xlink:type="arc" xlink:arcrole="http://www.xbrl.org/2003/arcrole/concept-label" xlink:from="ReceitasPrevidenciariasExcetoIntraOrcamentariasCompensacaoDoRPPSParaORGPSBrutas" xlink:to="label_ReceitasPrevidenciariasExcetoIntraOrcamentariasCompensacaoDoRPPSParaORGPSBrutas" xlink:title="label: ReceitasPrevidenciariasExcetoIntraOrcamentariasCompensacaoDoRPPSParaORGPSBrutas to label_ReceitasPrevidenciariasExcetoIntraOrcamentariasCompensacaoDoRPPSParaORGPSBrutas"/>
    <link:loc xlink:type="locator" xlink:href="../../../cor/ic/siconfi-cor_2019-12-31.xsd#siconfi-cor_ReceitasPrevidenciariasIntraOrcamentarias" xlink:label="ReceitasPrevidenciariasIntraOrcamentarias" xlink:title="ReceitasPrevidenciariasIntraOrcamentarias"/>
    <link:label xlink:type="resource" xlink:label="label_ReceitasPrevidenciariasIntraOrcamentarias" xlink:role="http://www.xbrl.org/2003/role/label" xlink:title="label_ReceitasPrevidenciariasIntraOrcamentarias" xml:lang="pt-br" id="label_ReceitasPrevidenciariasIntraOrcamentarias">Receitas Previdenciárias (Intra-Orçamentárias) (II)</link:label>
    <link:labelArc xlink:type="arc" xlink:arcrole="http://www.xbrl.org/2003/arcrole/concept-label" xlink:from="ReceitasPrevidenciariasIntraOrcamentarias" xlink:to="label_ReceitasPrevidenciariasIntraOrcamentarias" xlink:title="label: ReceitasPrevidenciariasIntraOrcamentarias to label_ReceitasPrevidenciariasIntraOrcamentarias"/>
    <link:loc xlink:type="locator" xlink:href="../../../cor/ic/siconfi-cor_2019-12-31.xsd#siconfi-cor_ReservaOrcamentariaDaPrevidencia" xlink:label="ReservaOrcamentariaDaPrevidencia" xlink:title="ReservaOrcamentariaDaPrevidencia"/>
    <link:label xlink:type="resource" xlink:label="label_ReservaOrcamentariaDaPrevidencia" xlink:role="http://www.xbrl.org/2003/role/label" xlink:title="label_ReservaOrcamentariaDaPrevidencia" xml:lang="pt-br" id="label_ReservaOrcamentariaDaPrevidencia">VALOR</link:label>
    <link:labelArc xlink:type="arc" xlink:arcrole="http://www.xbrl.org/2003/arcrole/concept-label" xlink:from="ReservaOrcamentariaDaPrevidencia" xlink:to="label_ReservaOrcamentariaDaPrevidencia" xlink:title="label: ReservaOrcamentariaDaPrevidencia to label_ReservaOrcamentariaDaPrevidencia"/>
    <link:loc xlink:type="locator" xlink:href="../../../cor/ic/siconfi-cor_2019-12-31.xsd#siconfi-cor_ResultadoPrevidenciario" xlink:label="ResultadoPrevidenciario" xlink:title="ResultadoPrevidenciario"/>
    <link:label xlink:type="resource" xlink:label="label_ResultadoPrevidenciario" xlink:role="http://www.xbrl.org/2003/role/label" xlink:title="label_ResultadoPrevidenciario" xml:lang="pt-br" id="label_ResultadoPrevidenciario">Resultado Previdenciário RGPS (VII) = (III - VI)</link:label>
    <link:labelArc xlink:type="arc" xlink:arcrole="http://www.xbrl.org/2003/arcrole/concept-label" xlink:from="ResultadoPrevidenciario" xlink:to="label_ResultadoPrevidenciario" xlink:title="label: ResultadoPrevidenciario to label_ResultadoPrevidenciario"/>
    <link:loc xlink:type="locator" xlink:href="../../../cor/ic/siconfi-cor_2019-12-31.xsd#siconfi-cor_TotalDasDespesasPrevidenciarias" xlink:label="TotalDasDespesasPrevidenciarias" xlink:title="TotalDasDespesasPrevidenciarias"/>
    <link:label xlink:type="resource" xlink:label="label_TotalDasDespesasPrevidenciarias" xlink:role="http://www.xbrl.org/2003/role/label" xlink:title="label_TotalDasDespesasPrevidenciarias" xml:lang="pt-br" id="label_TotalDasDespesasPrevidenciarias">Total das Despesas Previdenciárias - RGPS (VI) = (IV + V)</link:label>
    <link:labelArc xlink:type="arc" xlink:arcrole="http://www.xbrl.org/2003/arcrole/concept-label" xlink:from="TotalDasDespesasPrevidenciarias" xlink:to="label_TotalDasDespesasPrevidenciarias" xlink:title="label: TotalDasDespesasPrevidenciarias to label_TotalDasDespesasPrevidenciarias"/>
    <link:loc xlink:type="locator" xlink:href="../../../cor/ic/siconfi-cor_2019-12-31.xsd#siconfi-cor_TotalDosAportesParaAPrevidencia" xlink:label="TotalDosAportesParaAPrevidencia" xlink:title="TotalDosAportesParaAPrevidencia"/>
    <link:label xlink:type="resource" xlink:label="label_TotalDosAportesParaAPrevidencia" xlink:role="http://www.xbrl.org/2003/role/label" xlink:title="label_TotalDosAportesParaAPrevidencia" xml:lang="pt-br" id="label_TotalDosAportesParaAPrevidencia">Total dos Aportes para o RGPS (Plano Financeiro)</link:label>
    <link:labelArc xlink:type="arc" xlink:arcrole="http://www.xbrl.org/2003/arcrole/concept-label" xlink:from="TotalDosAportesParaAPrevidencia" xlink:to="label_TotalDosAportesParaAPrevidencia" xlink:title="label: TotalDosAportesParaAPrevidencia to label_TotalDosAportesParaAPrevidencia"/>
    <link:loc xlink:type="locator" xlink:href="../../../cor/ic/siconfi-cor_2019-12-31.xsd#siconfi-cor_TotalReceitasPrevidenciarias" xlink:label="TotalReceitasPrevidenciarias" xlink:title="TotalReceitasPrevidenciarias"/>
    <link:label xlink:type="resource" xlink:label="label_TotalReceitasPrevidenciarias" xlink:role="http://www.xbrl.org/2003/role/label" xlink:title="label_TotalReceitasPrevidenciarias" xml:lang="pt-br" id="label_TotalReceitasPrevidenciarias">Total das Receitas Previdenciárias - RGPS (III) = (I+II)</link:label>
    <link:labelArc xlink:type="arc" xlink:arcrole="http://www.xbrl.org/2003/arcrole/concept-label" xlink:from="TotalReceitasPrevidenciarias" xlink:to="label_TotalReceitasPrevidenciarias" xlink:title="label: TotalReceitasPrevidenciarias to label_TotalReceitasPrevidenciarias"/>
    <link:loc xlink:type="locator" xlink:href="../../../cor/ic/siconfi-cor_2019-12-31.xsd#siconfi-cor_FonteAnexo4Tabela4.0RREO" xlink:label="FonteAnexo4Tabela4.0RREO" xlink:title="FonteAnexo4Tabela4.0RREO"/>
    <link:label xlink:type="resource" xlink:label="label_FonteAnexo4Tabela4.0RREO" xlink:role="http://www.xbrl.org/2003/role/label" xlink:title="label_FonteAnexo4Tabela4.0RREO" xml:lang="pt-br" id="label_FonteAnexo4Tabela4.0RREO">Notas Explicativas</link:label>
    <link:labelArc xlink:type="arc" xlink:arcrole="http://www.xbrl.org/2003/arcrole/concept-label" xlink:from="FonteAnexo4Tabela4.0RREO" xlink:to="label_FonteAnexo4Tabela4.0RREO" xlink:title="label: FonteAnexo4Tabela4.0RREO to label_FonteAnexo4Tabela4.0RREO"/>
    <link:loc xlink:type="locator" xlink:href="../../../cor/ic/siconfi-cor_2019-12-31.xsd#siconfi-cor_DespesasPrevidenciariasExcetoIntraOrcamentariasBeneficiosRGPS" xlink:label="DespesasPrevidenciariasExcetoIntraOrcamentariasBeneficiosRGPS" xlink:title="DespesasPrevidenciariasExcetoIntraOrcamentariasBeneficiosRGPS"/>
    <link:label xlink:type="resource" xlink:label="label_DespesasPrevidenciariasExcetoIntraOrcamentariasBeneficiosRGPS" xlink:role="http://www.xbrl.org/2003/role/label" xlink:title="label_DespesasPrevidenciariasExcetoIntraOrcamentariasBeneficiosRGPS" xml:lang="pt-br" id="label_DespesasPrevidenciariasExcetoIntraOrcamentariasBeneficiosRGPS">Benefícios Previdenciários do Governo Federal</link:label>
    <link:labelArc xlink:type="arc" xlink:arcrole="http://www.xbrl.org/2003/arcrole/concept-label" xlink:from="DespesasPrevidenciariasExcetoIntraOrcamentariasBeneficiosRGPS" xlink:to="label_DespesasPrevidenciariasExcetoIntraOrcamentariasBeneficiosRGPS" xlink:title="label: DespesasPrevidenciariasExcetoIntraOrcamentariasBeneficiosRGPS to label_DespesasPrevidenciariasExcetoIntraOrcamentariasBeneficiosRGPS"/>
    <link:loc xlink:type="locator" xlink:href="siconfi-rreo-anexo4rgps_2019-12-31.xsd#siconfi-rreo-anexo4rgps_ReservaOrcamentariaDoRGPSTable" xlink:label="ReservaOrcamentariaDoRGPSTable" xlink:title="ReservaOrcamentariaDoRGPSTable"/>
    <link:label xlink:type="resource" xlink:label="label_ReservaOrcamentariaDoRGPSTable" xlink:role="http://www.xbrl.org/2003/role/label" xlink:title="label_ReservaOrcamentariaDoRGPSTable" xml:lang="pt-br" id="label_ReservaOrcamentariaDoRGPSTable">Reserva Orçamentária do RGPS [table]</link:label>
    <link:labelArc xlink:type="arc" xlink:arcrole="http://www.xbrl.org/2003/arcrole/concept-label" xlink:from="ReservaOrcamentariaDoRGPSTable" xlink:to="label_ReservaOrcamentariaDoRGPSTable" xlink:title="label: ReservaOrcamentariaDoRGPSTable to label_ReservaOrcamentariaDoRGPSTable"/>
    <link:loc xlink:type="locator" xlink:href="siconfi-rreo-anexo4rgps_2019-12-31.xsd#siconfi-rreo-anexo4uniao_DemonstrativoAnexo4Abstract" xlink:label="DemonstrativoAnexo4Abstract" xlink:title="DemonstrativoAnexo4Abstract"/>
    <link:label xlink:type="resource" xlink:label="label_DemonstrativoAnexo4Abstract" xlink:role="http://www.xbrl.org/2003/role/label" xlink:title="label_DemonstrativoAnexo4Abstract" xml:lang="pt-br" id="label_DemonstrativoAnexo4Abstract">RREO - Anexo 4 (LRF, art. 53, inciso II) [abstract]</link:label>
    <link:labelArc xlink:type="arc" xlink:arcrole="http://www.xbrl.org/2003/arcrole/concept-label" xlink:from="DemonstrativoAnexo4Abstract" xlink:to="label_DemonstrativoAnexo4Abstract" xlink:title="label: DemonstrativoAnexo4Abstract to label_DemonstrativoAnexo4Abstract"/>
    <link:loc xlink:type="locator" xlink:href="siconfi-rreo-anexo4rgps_2019-12-31.xsd#siconfi-rreo-anexo4uniao_BensEDireitosTable" xlink:label="BensEDireitosTable" xlink:title="BensEDireitosTable"/>
    <link:label xlink:type="resource" xlink:label="label_BensEDireitosTable" xlink:role="http://www.xbrl.org/2003/role/label" xlink:title="label_BensEDireitosTable" xml:lang="pt-br" id="label_BensEDireitosTable">Período de Referência [table]</link:label>
    <link:labelArc xlink:type="arc" xlink:arcrole="http://www.xbrl.org/2003/arcrole/concept-label" xlink:from="BensEDireitosTable" xlink:to="label_BensEDireitosTable" xlink:title="label: BensEDireitosTable to label_BensEDireitosTable"/>
    <link:loc xlink:type="locator" xlink:href="siconfi-rreo-anexo4rgps_2019-12-31.xsd#siconfi-rreo-anexo4uniao_ReceitasOrcamentariasAbstract" xlink:label="ReceitasOrcamentariasAbstract" xlink:title="ReceitasOrcamentariasAbstract"/>
    <link:label xlink:type="resource" xlink:label="label_ReceitasOrcamentariasAbstract" xlink:role="http://www.xbrl.org/2003/role/label" xlink:title="label_ReceitasOrcamentariasAbstract" xml:lang="pt-br" id="label_ReceitasOrcamentariasAbstract">[001] Receitas [abstract]</link:label>
    <link:labelArc xlink:type="arc" xlink:arcrole="http://www.xbrl.org/2003/arcrole/concept-label" xlink:from="ReceitasOrcamentariasAbstract" xlink:to="label_ReceitasOrcamentariasAbstract" xlink:title="label: ReceitasOrcamentariasAbstract to label_ReceitasOrcamentariasAbstract"/>
    <link:loc xlink:type="locator" xlink:href="siconfi-rreo-anexo4rgps_2019-12-31.xsd#siconfi-rreo-anexo4uniao_DespesasOrcamentariasAbstract" xlink:label="DespesasOrcamentariasAbstract" xlink:title="DespesasOrcamentariasAbstract"/>
    <link:label xlink:type="resource" xlink:label="label_DespesasOrcamentariasAbstract" xlink:role="http://www.xbrl.org/2003/role/label" xlink:title="label_DespesasOrcamentariasAbstract" xml:lang="pt-br" id="label_DespesasOrcamentariasAbstract">[003] Despesas [abstract]</link:label>
    <link:labelArc xlink:type="arc" xlink:arcrole="http://www.xbrl.org/2003/arcrole/concept-label" xlink:from="DespesasOrcamentariasAbstract" xlink:to="label_DespesasOrcamentariasAbstract" xlink:title="label: DespesasOrcamentariasAbstract to label_DespesasOrcamentariasAbstract"/>
    <link:loc xlink:type="locator" xlink:href="siconfi-rreo-anexo4rgps_2019-12-31.xsd#siconfi-rreo-anexo4uniao_AportesDeRecursosAbstract" xlink:label="AportesDeRecursosAbstract" xlink:title="AportesDeRecursosAbstract"/>
    <link:label xlink:type="resource" xlink:label="label_AportesDeRecursosAbstract" xlink:role="http://www.xbrl.org/2003/role/label" xlink:title="label_AportesDeRecursosAbstract" xml:lang="pt-br" id="label_AportesDeRecursosAbstract">[005] Aportes de Recursos para o Regime Geral de Previdência Social [abstract]</link:label>
    <link:labelArc xlink:type="arc" xlink:arcrole="http://www.xbrl.org/2003/arcrole/concept-label" xlink:from="AportesDeRecursosAbstract" xlink:to="label_AportesDeRecursosAbstract" xlink:title="label: AportesDeRecursosAbstract to label_AportesDeRecursosAbstract"/>
    <link:loc xlink:type="locator" xlink:href="siconfi-rreo-anexo4rgps_2019-12-31.xsd#siconfi-rreo-anexo4uniao_ReservaOrcamentariaAbstract" xlink:label="ReservaOrcamentariaAbstract" xlink:title="ReservaOrcamentariaAbstract"/>
    <link:label xlink:type="resource" xlink:label="label_ReservaOrcamentariaAbstract" xlink:role="http://www.xbrl.org/2003/role/label" xlink:title="label_ReservaOrcamentariaAbstract" xml:lang="pt-br" id="label_ReservaOrcamentariaAbstract">[007] Reserva Orçamentária do RGPS [abstract]</link:label>
    <link:labelArc xlink:type="arc" xlink:arcrole="http://www.xbrl.org/2003/arcrole/concept-label" xlink:from="ReservaOrcamentariaAbstract" xlink:to="label_ReservaOrcamentariaAbstract" xlink:title="label: ReservaOrcamentariaAbstract to label_ReservaOrcamentariaAbstract"/>
    <link:loc xlink:type="locator" xlink:href="siconfi-rreo-anexo4rgps_2019-12-31.xsd#siconfi-rreo-anexo4uniao_BensEDireitosAbstract" xlink:label="BensEDireitosAbstract" xlink:title="BensEDireitosAbstract"/>
    <link:label xlink:type="resource" xlink:label="label_BensEDireitosAbstract" xlink:role="http://www.xbrl.org/2003/role/label" xlink:title="label_BensEDireitosAbstract" xml:lang="pt-br" id="label_BensEDireitosAbstract">[009] Bens e Direitos do RGPS [abstract]</link:label>
    <link:labelArc xlink:type="arc" xlink:arcrole="http://www.xbrl.org/2003/arcrole/concept-label" xlink:from="BensEDireitosAbstract" xlink:to="label_BensEDireitosAbstract" xlink:title="label: BensEDireitosAbstract to label_BensEDireitosAbstract"/>
    <link:loc xlink:type="locator" xlink:href="siconfi-rreo-anexo4rgps_2019-12-31.xsd#siconfi-rreo-anexo4uniao_ResultadoPrevidenciarioTable" xlink:label="ResultadoPrevidenciarioTable" xlink:title="ResultadoPrevidenciarioTable"/>
    <link:label xlink:type="resource" xlink:label="label_ResultadoPrevidenciarioTable" xlink:role="http://www.xbrl.org/2003/role/label" xlink:title="label_ResultadoPrevidenciarioTable" xml:lang="pt-br" id="label_ResultadoPrevidenciarioTable">Resultado Previdenciário [table]</link:label>
    <link:labelArc xlink:type="arc" xlink:arcrole="http://www.xbrl.org/2003/arcrole/concept-label" xlink:from="ResultadoPrevidenciarioTable" xlink:to="label_ResultadoPrevidenciarioTable" xlink:title="label: ResultadoPrevidenciarioTable to label_ResultadoPrevidenciarioTable"/>
    <link:loc xlink:type="locator" xlink:href="siconfi-rreo-anexo4rgps_2019-12-31.xsd#siconfi-rreo-anexo4uniao_ReceitasOrcamentariasLineItems" xlink:label="ReceitasOrcamentariasLineItems" xlink:title="ReceitasOrcamentariasLineItems"/>
    <link:label xlink:type="resource" xlink:label="label_ReceitasOrcamentariasLineItems" xlink:role="http://www.xbrl.org/2003/role/label" xlink:title="label_ReceitasOrcamentariasLineItems" xml:lang="pt-br" id="label_ReceitasOrcamentariasLineItems">[002] Receitas [line items]</link:label>
    <link:labelArc xlink:type="arc" xlink:arcrole="http://www.xbrl.org/2003/arcrole/concept-label" xlink:from="ReceitasOrcamentariasLineItems" xlink:to="label_ReceitasOrcamentariasLineItems" xlink:title="label: ReceitasOrcamentariasLineItems to label_ReceitasOrcamentariasLineItems"/>
    <link:loc xlink:type="locator" xlink:href="siconfi-rreo-anexo4rgps_2019-12-31.xsd#siconfi-rreo-anexo4uniao_DespesasOrcamentariasLineItems" xlink:label="DespesasOrcamentariasLineItems" xlink:title="DespesasOrcamentariasLineItems"/>
    <link:label xlink:type="resource" xlink:label="label_DespesasOrcamentariasLineItems" xlink:role="http://www.xbrl.org/2003/role/label" xlink:title="label_DespesasOrcamentariasLineItems" xml:lang="pt-br" id="label_DespesasOrcamentariasLineItems">[004] Despesas [line items]</link:label>
    <link:labelArc xlink:type="arc" xlink:arcrole="http://www.xbrl.org/2003/arcrole/concept-label" xlink:from="DespesasOrcamentariasLineItems" xlink:to="label_DespesasOrcamentariasLineItems" xlink:title="label: DespesasOrcamentariasLineItems to label_DespesasOrcamentariasLineItems"/>
    <link:loc xlink:type="locator" xlink:href="siconfi-rreo-anexo4rgps_2019-12-31.xsd#siconfi-rreo-anexo4uniao_AportesDeRecursosLineItems" xlink:label="AportesDeRecursosLineItems" xlink:title="AportesDeRecursosLineItems"/>
    <link:label xlink:type="resource" xlink:label="label_AportesDeRecursosLineItems" xlink:role="http://www.xbrl.org/2003/role/label" xlink:title="label_AportesDeRecursosLineItems" xml:lang="pt-br" id="label_AportesDeRecursosLineItems">[006] Aportes de Recursos para o Regime Geral de Previdência Social [line items]</link:label>
    <link:labelArc xlink:type="arc" xlink:arcrole="http://www.xbrl.org/2003/arcrole/concept-label" xlink:from="AportesDeRecursosLineItems" xlink:to="label_AportesDeRecursosLineItems" xlink:title="label: AportesDeRecursosLineItems to label_AportesDeRecursosLineItems"/>
    <link:loc xlink:type="locator" xlink:href="siconfi-rreo-anexo4rgps_2019-12-31.xsd#siconfi-rreo-anexo4uniao_ReservaOrcamentariaLineItems" xlink:label="ReservaOrcamentariaLineItems" xlink:title="ReservaOrcamentariaLineItems"/>
    <link:label xlink:type="resource" xlink:label="label_ReservaOrcamentariaLineItems" xlink:role="http://www.xbrl.org/2003/role/label" xlink:title="label_ReservaOrcamentariaLineItems" xml:lang="pt-br" id="label_ReservaOrcamentariaLineItems">[008] Reserva Orçamentária do RGPS [line items]</link:label>
    <link:labelArc xlink:type="arc" xlink:arcrole="http://www.xbrl.org/2003/arcrole/concept-label" xlink:from="ReservaOrcamentariaLineItems" xlink:to="label_ReservaOrcamentariaLineItems" xlink:title="label: ReservaOrcamentariaLineItems to label_ReservaOrcamentariaLineItems"/>
    <link:loc xlink:type="locator" xlink:href="siconfi-rreo-anexo4rgps_2019-12-31.xsd#siconfi-rreo-anexo4uniao_BensEDireitosLineItems" xlink:label="BensEDireitosLineItems" xlink:title="BensEDireitosLineItems"/>
    <link:label xlink:type="resource" xlink:label="label_BensEDireitosLineItems" xlink:role="http://www.xbrl.org/2003/role/label" xlink:title="label_BensEDireitosLineItems" xml:lang="pt-br" id="label_BensEDireitosLineItems">[010] Bens e Direitos do RGPS [line items]</link:label>
    <link:labelArc xlink:type="arc" xlink:arcrole="http://www.xbrl.org/2003/arcrole/concept-label" xlink:from="BensEDireitosLineItems" xlink:to="label_BensEDireitosLineItems" xlink:title="label: BensEDireitosLineItems to label_BensEDireitosLineItems"/>
    <link:loc xlink:type="locator" xlink:href="siconfi-rreo-anexo4rgps_2019-12-31.xsd#siconfi-rreo-anexo4uniao_ReceitasOrcamentariasTable" xlink:label="ReceitasOrcamentariasTable" xlink:title="ReceitasOrcamentariasTable"/>
    <link:label xlink:type="resource" xlink:label="label_ReceitasOrcamentariasTable" xlink:role="http://www.xbrl.org/2003/role/label" xlink:title="label_ReceitasOrcamentariasTable" xml:lang="pt-br" id="label_ReceitasOrcamentariasTable">Receitas Realizadas [table]</link:label>
    <link:labelArc xlink:type="arc" xlink:arcrole="http://www.xbrl.org/2003/arcrole/concept-label" xlink:from="ReceitasOrcamentariasTable" xlink:to="label_ReceitasOrcamentariasTable" xlink:title="label: ReceitasOrcamentariasTable to label_ReceitasOrcamentariasTable"/>
    <link:loc xlink:type="locator" xlink:href="siconfi-rreo-anexo4rgps_2019-12-31.xsd#siconfi-rreo-anexo4uniao_AportesDeRecursosTable" xlink:label="AportesDeRecursosTable" xlink:title="AportesDeRecursosTable"/>
    <link:label xlink:type="resource" xlink:label="label_AportesDeRecursosTable" xlink:role="http://www.xbrl.org/2003/role/label" xlink:title="label_AportesDeRecursosTable" xml:lang="pt-br" id="label_AportesDeRecursosTable">Receitas Realizadas [table]</link:label>
    <link:labelArc xlink:type="arc" xlink:arcrole="http://www.xbrl.org/2003/arcrole/concept-label" xlink:from="AportesDeRecursosTable" xlink:to="label_AportesDeRecursosTable" xlink:title="label: AportesDeRecursosTable to label_AportesDeRecursosTable"/>
    <link:loc xlink:type="locator" xlink:href="siconfi-rreo-anexo4rgps_2019-12-31.xsd#siconfi-rreo-anexo4uniao_DespesasOrcamentariasTable" xlink:label="DespesasOrcamentariasTable" xlink:title="DespesasOrcamentariasTable"/>
    <link:label xlink:type="resource" xlink:label="label_DespesasOrcamentariasTable" xlink:role="http://www.xbrl.org/2003/role/label" xlink:title="label_DespesasOrcamentariasTable" xml:lang="pt-br" id="label_DespesasOrcamentariasTable">Despesas Liquidadas [table]</link:label>
    <link:labelArc xlink:type="arc" xlink:arcrole="http://www.xbrl.org/2003/arcrole/concept-label" xlink:from="DespesasOrcamentariasTable" xlink:to="label_DespesasOrcamentariasTable" xlink:title="label: DespesasOrcamentariasTable to label_DespesasOrcamentariasTable"/>
    <link:loc xlink:type="locator" xlink:href="siconfi-rreo-anexo4rgps_2019-12-31.xsd#siconfi-rreo-anexo4rgps_FonteAnexo4Tabela4.0Abstract" xlink:label="FonteAnexo4Tabela4.0Abstract" xlink:title="FonteAnexo4Tabela4.0Abstract"/>
    <link:label xlink:type="resource" xlink:label="label_FonteAnexo4Tabela4.0Abstract" xlink:role="http://www.xbrl.org/2003/role/label" xlink:title="label_FonteAnexo4Tabela4.0Abstract" xml:lang="pt-br" id="label_FonteAnexo4Tabela4.0Abstract">[011] Notas Explicativas [abstract] [NOTA]</link:label>
    <link:labelArc xlink:type="arc" xlink:arcrole="http://www.xbrl.org/2003/arcrole/concept-label" xlink:from="FonteAnexo4Tabela4.0Abstract" xlink:to="label_FonteAnexo4Tabela4.0Abstract" xlink:title="label: FonteAnexo4Tabela4.0Abstract to label_FonteAnexo4Tabela4.0Abstract"/>
    <link:loc xlink:type="locator" xlink:href="siconfi-rreo-anexo4rgps_2019-12-31.xsd#siconfi-rreo-anexo4rgps_FonteAnexo4Tabela4.0LineItems" xlink:label="FonteAnexo4Tabela4.0LineItems" xlink:title="FonteAnexo4Tabela4.0LineItems"/>
    <link:label xlink:type="resource" xlink:label="label_FonteAnexo4Tabela4.0LineItems" xlink:role="http://www.xbrl.org/2003/role/label" xlink:title="label_FonteAnexo4Tabela4.0LineItems" xml:lang="pt-br" id="label_FonteAnexo4Tabela4.0LineItems">[012] Notas Explicativas [line items]</link:label>
    <link:labelArc xlink:type="arc" xlink:arcrole="http://www.xbrl.org/2003/arcrole/concept-label" xlink:from="FonteAnexo4Tabela4.0LineItems" xlink:to="label_FonteAnexo4Tabela4.0LineItems" xlink:title="label: FonteAnexo4Tabela4.0LineItems to label_FonteAnexo4Tabela4.0LineItems"/>
  </link:labelLink>
  <link:labelLink xlink:type="extended" xlink:role="http://fazenda.gov.br/siconfi/rep/rreo/anexo4rgps/siconfi-rreo-anexo4-tabela4.3A">
    <link:loc xlink:type="locator" xlink:href="../../../cor/dim/siconfi-dim_2019-12-31.xsd#siconfi-dim_ReceitasRealizadasNoBimestreMember" xlink:label="ReceitasRealizadasNoBimestreMember" xlink:title="ReceitasRealizadasNoBimestreMember"/>
    <link:label xlink:type="resource" xlink:label="label_ReceitasRealizadasNoBimestreMember" xlink:role="http://www.xbrl.org/2003/role/label" xlink:title="label_ReceitasRealizadasNoBimestreMember" xml:lang="pt-br" id="label_ReceitasRealizadasNoBimestreMember_2">No Bimestre [member]</link:label>
    <link:labelArc xlink:type="arc" xlink:arcrole="http://www.xbrl.org/2003/arcrole/concept-label" xlink:from="ReceitasRealizadasNoBimestreMember" xlink:to="label_ReceitasRealizadasNoBimestreMember" xlink:title="label: ReceitasRealizadasNoBimestreMember to label_ReceitasRealizadasNoBimestreMember"/>
  </link:labelLink>
  <link:labelLink xlink:type="extended" xlink:role="http://fazenda.gov.br/siconfi/rep/rreo/anexo4rgps/siconfi-rreo-anexo4-tabela4.3B"/>
</link:linkbase>
