<?xml version="1.0" encoding="UTF-8"?>
<!-- Generated by Fujitsu Interstage XWand B0196 -->
<link:linkbase xmlns:xsi="http://www.w3.org/2001/XMLSchema-instance" xsi:schemaLocation="http://www.xbrl.org/2003/linkbase http://www.xbrl.org/2003/xbrl-linkbase-2003-12-31.xsd" xmlns:siconfi-rreo-anexo4rgps="http://fazenda.gov.br/siconfi/rep/rreo/anexo4rgps/siconfi-rreo-anexo4rgps_2019-12-31" xmlns:link="http://www.xbrl.org/2003/linkbase" xmlns:xlink="http://www.w3.org/1999/xlink" xmlns:xbrli="http://www.xbrl.org/2003/instance" xmlns:xbrldt="http://xbrl.org/2005/xbrldt">
  <link:roleRef roleURI="http://fazenda.gov.br/siconfi/rep/rreo/anexo4rgps/siconfi-rreo-anexo4-tabela4.3" xlink:type="simple" xlink:href="siconfi-rreo-anexo4rgps_2019-12-31.xsd#siconfi-rreo-anexo4-tabela4.3"/>
  <link:presentationLink xlink:type="extended" xlink:role="http://fazenda.gov.br/siconfi/rep/rreo/anexo4rgps/siconfi-rreo-anexo4-tabela4.3">
    <link:loc xlink:type="locator" xlink:href="siconfi-rreo-anexo4rgps_2019-12-31.xsd#siconfi-rreo-anexo4uniao_DemonstrativoAnexo4Abstract" xlink:label="DemonstrativoAnexo4Abstract" xlink:title="DemonstrativoAnexo4Abstract"/>
    <link:loc xlink:type="locator" xlink:href="siconfi-rreo-anexo4rgps_2019-12-31.xsd#siconfi-rreo-anexo4uniao_AportesDeRecursosAbstract" xlink:label="AportesDeRecursosAbstract" xlink:title="AportesDeRecursosAbstract"/>
    <link:presentationArc xlink:type="arc" xlink:arcrole="http://www.xbrl.org/2003/arcrole/parent-child" xlink:from="DemonstrativoAnexo4Abstract" xlink:to="AportesDeRecursosAbstract" xlink:title="presentation: DemonstrativoAnexo4Abstract to AportesDeRecursosAbstract" order="3.0"/>
    <link:loc xlink:type="locator" xlink:href="siconfi-rreo-anexo4rgps_2019-12-31.xsd#siconfi-rreo-anexo4uniao_AportesDeRecursosLineItems" xlink:label="AportesDeRecursosLineItems" xlink:title="AportesDeRecursosLineItems"/>
    <link:presentationArc xlink:type="arc" xlink:arcrole="http://www.xbrl.org/2003/arcrole/parent-child" xlink:from="AportesDeRecursosAbstract" xlink:to="AportesDeRecursosLineItems" xlink:title="presentation: AportesDeRecursosAbstract to AportesDeRecursosLineItems" order="1.0"/>
    <link:loc xlink:type="locator" xlink:href="../../../cor/ic/siconfi-cor_2019-12-31.xsd#siconfi-cor_TotalDosAportesParaAPrevidencia" xlink:label="TotalDosAportesParaAPrevidencia" xlink:title="TotalDosAportesParaAPrevidencia"/>
    <link:presentationArc xlink:type="arc" xlink:arcrole="http://www.xbrl.org/2003/arcrole/parent-child" xlink:from="AportesDeRecursosLineItems" xlink:to="TotalDosAportesParaAPrevidencia" xlink:title="presentation: AportesDeRecursosLineItems to TotalDosAportesParaAPrevidencia" order="1.0"/>
    <link:loc xlink:type="locator" xlink:href="../../../cor/ic/siconfi-cor_2019-12-31.xsd#siconfi-cor_AportesParaAPrevidenciaPlanoFinanceiroInsuficienciaFinanceira" xlink:label="AportesParaAPrevidenciaPlanoFinanceiroInsuficienciaFinanceira" xlink:title="AportesParaAPrevidenciaPlanoFinanceiroInsuficienciaFinanceira"/>
    <link:presentationArc xlink:type="arc" xlink:arcrole="http://www.xbrl.org/2003/arcrole/parent-child" xlink:from="TotalDosAportesParaAPrevidencia" xlink:to="AportesParaAPrevidenciaPlanoFinanceiroInsuficienciaFinanceira" xlink:title="presentation: TotalDosAportesParaAPrevidencia to AportesParaAPrevidenciaPlanoFinanceiroInsuficienciaFinanceira" order="1.0"/>
    <link:loc xlink:type="locator" xlink:href="../../../cor/ic/siconfi-cor_2019-12-31.xsd#siconfi-cor_AportesParaAPrevidenciaPlanoFinanceiroInsuficienciaFinanceiraProvenientesDoOSS" xlink:label="AportesParaAPrevidenciaPlanoFinanceiroInsuficienciaFinanceiraProvenientesDoOSS" xlink:title="AportesParaAPrevidenciaPlanoFinanceiroInsuficienciaFinanceiraProvenientesDoOSS"/>
    <link:presentationArc xlink:type="arc" xlink:arcrole="http://www.xbrl.org/2003/arcrole/parent-child" xlink:from="AportesParaAPrevidenciaPlanoFinanceiroInsuficienciaFinanceira" xlink:to="AportesParaAPrevidenciaPlanoFinanceiroInsuficienciaFinanceiraProvenientesDoOSS" xlink:title="presentation: AportesParaAPrevidenciaPlanoFinanceiroInsuficienciaFinanceira to AportesParaAPrevidenciaPlanoFinanceiroInsuficienciaFinanceiraProvenientesDoOSS" order="1.0"/>
    <link:loc xlink:type="locator" xlink:href="../../../cor/ic/siconfi-cor_2019-12-31.xsd#siconfi-cor_AportesParaAPrevidenciaPlanoFinanceiroInsuficienciaFinanceiraProvenientesDoOF" xlink:label="AportesParaAPrevidenciaPlanoFinanceiroInsuficienciaFinanceiraProvenientesDoOF" xlink:title="AportesParaAPrevidenciaPlanoFinanceiroInsuficienciaFinanceiraProvenientesDoOF"/>
    <link:presentationArc xlink:type="arc" xlink:arcrole="http://www.xbrl.org/2003/arcrole/parent-child" xlink:from="AportesParaAPrevidenciaPlanoFinanceiroInsuficienciaFinanceira" xlink:to="AportesParaAPrevidenciaPlanoFinanceiroInsuficienciaFinanceiraProvenientesDoOF" xlink:title="presentation: AportesParaAPrevidenciaPlanoFinanceiroInsuficienciaFinanceira to AportesParaAPrevidenciaPlanoFinanceiroInsuficienciaFinanceiraProvenientesDoOF" order="2.0"/>
    <link:loc xlink:type="locator" xlink:href="../../../cor/ic/siconfi-cor_2019-12-31.xsd#siconfi-cor_AportesParaAPrevidenciaPlanoFinanceiroFormacaoDeReserva" xlink:label="AportesParaAPrevidenciaPlanoFinanceiroFormacaoDeReserva" xlink:title="AportesParaAPrevidenciaPlanoFinanceiroFormacaoDeReserva"/>
    <link:presentationArc xlink:type="arc" xlink:arcrole="http://www.xbrl.org/2003/arcrole/parent-child" xlink:from="TotalDosAportesParaAPrevidencia" xlink:to="AportesParaAPrevidenciaPlanoFinanceiroFormacaoDeReserva" xlink:title="presentation: TotalDosAportesParaAPrevidencia to AportesParaAPrevidenciaPlanoFinanceiroFormacaoDeReserva" order="2.0"/>
    <link:loc xlink:type="locator" xlink:href="../../../cor/ic/siconfi-cor_2019-12-31.xsd#siconfi-cor_AportesParaAPrevidenciaPlanoFinanceiroOutrosAportes" xlink:label="AportesParaAPrevidenciaPlanoFinanceiroOutrosAportes" xlink:title="AportesParaAPrevidenciaPlanoFinanceiroOutrosAportes"/>
    <link:presentationArc xlink:type="arc" xlink:arcrole="http://www.xbrl.org/2003/arcrole/parent-child" xlink:from="TotalDosAportesParaAPrevidencia" xlink:to="AportesParaAPrevidenciaPlanoFinanceiroOutrosAportes" xlink:title="presentation: TotalDosAportesParaAPrevidencia to AportesParaAPrevidenciaPlanoFinanceiroOutrosAportes" order="3.0"/>
    <link:loc xlink:type="locator" xlink:href="siconfi-rreo-anexo4rgps_2019-12-31.xsd#siconfi-rreo-anexo4uniao_AportesDeRecursosTable" xlink:label="AportesDeRecursosTable" xlink:title="AportesDeRecursosTable"/>
    <link:presentationArc xlink:type="arc" xlink:arcrole="http://www.xbrl.org/2003/arcrole/parent-child" xlink:from="AportesDeRecursosAbstract" xlink:to="AportesDeRecursosTable" xlink:title="presentation: AportesDeRecursosAbstract to AportesDeRecursosTable" order="2.0"/>
    <link:loc xlink:type="locator" xlink:href="../../../cor/dim/siconfi-dim_2019-12-31.xsd#siconfi-dim_ExecucaoDaReceitaRGPSAxis" xlink:label="ExecucaoDaReceitaRGPSAxis" xlink:title="ExecucaoDaReceitaRGPSAxis"/>
    <link:presentationArc xlink:type="arc" xlink:arcrole="http://www.xbrl.org/2003/arcrole/parent-child" xlink:from="AportesDeRecursosTable" xlink:to="ExecucaoDaReceitaRGPSAxis" xlink:title="presentation: AportesDeRecursosTable to ExecucaoDaReceitaRGPSAxis" order="1.0"/>
    <link:loc xlink:type="locator" xlink:href="../../../cor/dim/siconfi-dim_2019-12-31.xsd#siconfi-dim_PrevisaoInicialMember" xlink:label="PrevisaoInicialMember" xlink:title="PrevisaoInicialMember"/>
    <link:presentationArc xlink:type="arc" xlink:arcrole="http://www.xbrl.org/2003/arcrole/parent-child" xlink:from="ExecucaoDaReceitaRGPSAxis" xlink:to="PrevisaoInicialMember" xlink:title="presentation: ExecucaoDaReceitaRGPSAxis to PrevisaoInicialMember" order="1.0"/>
    <link:loc xlink:type="locator" xlink:href="../../../cor/dim/siconfi-dim_2019-12-31.xsd#siconfi-dim_PrevisaoAtualizadaMember" xlink:label="PrevisaoAtualizadaMember" xlink:title="PrevisaoAtualizadaMember"/>
    <link:presentationArc xlink:type="arc" xlink:arcrole="http://www.xbrl.org/2003/arcrole/parent-child" xlink:from="ExecucaoDaReceitaRGPSAxis" xlink:to="PrevisaoAtualizadaMember" xlink:title="presentation: ExecucaoDaReceitaRGPSAxis to PrevisaoAtualizadaMember" order="2.0"/>
    <link:loc xlink:type="locator" xlink:href="../../../cor/dim/siconfi-dim_2019-12-31.xsd#siconfi-dim_ReceitasRealizadasMember" xlink:label="ReceitasRealizadasMember" xlink:title="ReceitasRealizadasMember"/>
    <link:presentationArc xlink:type="arc" xlink:arcrole="http://www.xbrl.org/2003/arcrole/parent-child" xlink:from="ExecucaoDaReceitaRGPSAxis" xlink:to="ReceitasRealizadasMember" xlink:title="presentation: ExecucaoDaReceitaRGPSAxis to ReceitasRealizadasMember" order="3.0" xbrldt:usable="false"/>
    <link:loc xlink:type="locator" xlink:href="../../../cor/dim/siconfi-dim_2019-12-31.xsd#siconfi-dim_ReceitasRealizadasAteOBimestreMember" xlink:label="ReceitasRealizadasAteOBimestreMember" xlink:title="ReceitasRealizadasAteOBimestreMember"/>
    <link:presentationArc xlink:type="arc" xlink:arcrole="http://www.xbrl.org/2003/arcrole/parent-child" xlink:from="ReceitasRealizadasMember" xlink:to="ReceitasRealizadasAteOBimestreMember" xlink:title="presentation: ReceitasRealizadasMember to ReceitasRealizadasAteOBimestreMember" order="1.0"/>
    <link:loc xlink:type="locator" xlink:href="../../../cor/dim/siconfi-dim_2019-12-31.xsd#siconfi-dim_ReceitasRealizadasAteOBimestreExercicioAnteriorMember" xlink:label="ReceitasRealizadasAteOBimestreExercicioAnteriorMember" xlink:title="ReceitasRealizadasAteOBimestreExercicioAnteriorMember"/>
    <link:presentationArc xlink:type="arc" xlink:arcrole="http://www.xbrl.org/2003/arcrole/parent-child" xlink:from="ReceitasRealizadasMember" xlink:to="ReceitasRealizadasAteOBimestreExercicioAnteriorMember" xlink:title="presentation: ReceitasRealizadasMember to ReceitasRealizadasAteOBimestreExercicioAnteriorMember" order="2.0"/>
    <link:loc xlink:type="locator" xlink:href="siconfi-rreo-anexo4rgps_2019-12-31.xsd#siconfi-rreo-anexo4uniao_BensEDireitosAbstract" xlink:label="BensEDireitosAbstract" xlink:title="BensEDireitosAbstract"/>
    <link:presentationArc xlink:type="arc" xlink:arcrole="http://www.xbrl.org/2003/arcrole/parent-child" xlink:from="DemonstrativoAnexo4Abstract" xlink:to="BensEDireitosAbstract" xlink:title="presentation: DemonstrativoAnexo4Abstract to BensEDireitosAbstract" order="5.0"/>
    <link:loc xlink:type="locator" xlink:href="siconfi-rreo-anexo4rgps_2019-12-31.xsd#siconfi-rreo-anexo4uniao_BensEDireitosTable" xlink:label="BensEDireitosTable" xlink:title="BensEDireitosTable"/>
    <link:presentationArc xlink:type="arc" xlink:arcrole="http://www.xbrl.org/2003/arcrole/parent-child" xlink:from="BensEDireitosAbstract" xlink:to="BensEDireitosTable" xlink:title="presentation: BensEDireitosAbstract to BensEDireitosTable" order="2.0" xbrldt:contextElement="segment"/>
    <link:loc xlink:type="locator" xlink:href="../../../cor/dim/siconfi-dim_2019-12-31.xsd#siconfi-dim_PeriodoDeReferenciaAxis" xlink:label="PeriodoDeReferenciaAxis" xlink:title="PeriodoDeReferenciaAxis"/>
    <link:presentationArc xlink:type="arc" xlink:arcrole="http://www.xbrl.org/2003/arcrole/parent-child" xlink:from="BensEDireitosTable" xlink:to="PeriodoDeReferenciaAxis" xlink:title="presentation: BensEDireitosTable to PeriodoDeReferenciaAxis" order="1.0"/>
    <link:loc xlink:type="locator" xlink:href="../../../cor/dim/siconfi-dim_2019-12-31.xsd#siconfi-dim_PeriodoDeReferenciaMember" xlink:label="PeriodoDeReferenciaMember" xlink:title="PeriodoDeReferenciaMember"/>
    <link:presentationArc xlink:type="arc" xlink:arcrole="http://www.xbrl.org/2003/arcrole/parent-child" xlink:from="PeriodoDeReferenciaAxis" xlink:to="PeriodoDeReferenciaMember" xlink:title="presentation: PeriodoDeReferenciaAxis to PeriodoDeReferenciaMember" order="1.0" xbrldt:usable="false"/>
    <link:loc xlink:type="locator" xlink:href="../../../cor/dim/siconfi-dim_2019-12-31.xsd#siconfi-dim_AteOPeriodoExercicioAtualMember" xlink:label="AteOPeriodoExercicioAtualMember" xlink:title="AteOPeriodoExercicioAtualMember"/>
    <link:presentationArc xlink:type="arc" xlink:arcrole="http://www.xbrl.org/2003/arcrole/parent-child" xlink:from="PeriodoDeReferenciaMember" xlink:to="AteOPeriodoExercicioAtualMember" xlink:title="presentation: PeriodoDeReferenciaMember to AteOPeriodoExercicioAtualMember" order="1.0"/>
    <link:loc xlink:type="locator" xlink:href="../../../cor/dim/siconfi-dim_2019-12-31.xsd#siconfi-dim_AteOPeriodoExercicioAnteriorMember" xlink:label="AteOPeriodoExercicioAnteriorMember" xlink:title="AteOPeriodoExercicioAnteriorMember"/>
    <link:presentationArc xlink:type="arc" xlink:arcrole="http://www.xbrl.org/2003/arcrole/parent-child" xlink:from="PeriodoDeReferenciaMember" xlink:to="AteOPeriodoExercicioAnteriorMember" xlink:title="presentation: PeriodoDeReferenciaMember to AteOPeriodoExercicioAnteriorMember" order="2.0"/>
    <link:loc xlink:type="locator" xlink:href="siconfi-rreo-anexo4rgps_2019-12-31.xsd#siconfi-rreo-anexo4uniao_BensEDireitosLineItems" xlink:label="BensEDireitosLineItems" xlink:title="BensEDireitosLineItems"/>
    <link:presentationArc xlink:type="arc" xlink:arcrole="http://www.xbrl.org/2003/arcrole/parent-child" xlink:from="BensEDireitosAbstract" xlink:to="BensEDireitosLineItems" xlink:title="presentation: BensEDireitosAbstract to BensEDireitosLineItems" order="1.0"/>
    <link:loc xlink:type="locator" xlink:href="../../../cor/ic/siconfi-cor_2019-12-31.xsd#siconfi-cor_CaixaDaPrevidencia" xlink:label="CaixaDaPrevidencia" xlink:title="CaixaDaPrevidencia"/>
    <link:presentationArc xlink:type="arc" xlink:arcrole="http://www.xbrl.org/2003/arcrole/parent-child" xlink:from="BensEDireitosLineItems" xlink:to="CaixaDaPrevidencia" xlink:title="presentation: BensEDireitosLineItems to CaixaDaPrevidencia" order="1.0"/>
    <link:loc xlink:type="locator" xlink:href="../../../cor/ic/siconfi-cor_2019-12-31.xsd#siconfi-cor_BancosContaMovimentoDaPrevidencia" xlink:label="BancosContaMovimentoDaPrevidencia" xlink:title="BancosContaMovimentoDaPrevidencia"/>
    <link:presentationArc xlink:type="arc" xlink:arcrole="http://www.xbrl.org/2003/arcrole/parent-child" xlink:from="BensEDireitosLineItems" xlink:to="BancosContaMovimentoDaPrevidencia" xlink:title="presentation: BensEDireitosLineItems to BancosContaMovimentoDaPrevidencia" order="2.0"/>
    <link:loc xlink:type="locator" xlink:href="../../../cor/ic/siconfi-cor_2019-12-31.xsd#siconfi-cor_InvestimentosDaPrevidencia" xlink:label="InvestimentosDaPrevidencia" xlink:title="InvestimentosDaPrevidencia"/>
    <link:presentationArc xlink:type="arc" xlink:arcrole="http://www.xbrl.org/2003/arcrole/parent-child" xlink:from="BensEDireitosLineItems" xlink:to="InvestimentosDaPrevidencia" xlink:title="presentation: BensEDireitosLineItems to InvestimentosDaPrevidencia" order="3.0"/>
    <link:loc xlink:type="locator" xlink:href="../../../cor/ic/siconfi-cor_2019-12-31.xsd#siconfi-cor_OutrosBensEDireitosDaPrevidencia" xlink:label="OutrosBensEDireitosDaPrevidencia" xlink:title="OutrosBensEDireitosDaPrevidencia"/>
    <link:presentationArc xlink:type="arc" xlink:arcrole="http://www.xbrl.org/2003/arcrole/parent-child" xlink:from="BensEDireitosLineItems" xlink:to="OutrosBensEDireitosDaPrevidencia" xlink:title="presentation: BensEDireitosLineItems to OutrosBensEDireitosDaPrevidencia" order="4.0"/>
    <link:loc xlink:type="locator" xlink:href="siconfi-rreo-anexo4rgps_2019-12-31.xsd#siconfi-rreo-anexo4uniao_ReservaOrcamentariaAbstract" xlink:label="ReservaOrcamentariaAbstract" xlink:title="ReservaOrcamentariaAbstract"/>
    <link:presentationArc xlink:type="arc" xlink:arcrole="http://www.xbrl.org/2003/arcrole/parent-child" xlink:from="DemonstrativoAnexo4Abstract" xlink:to="ReservaOrcamentariaAbstract" xlink:title="presentation: DemonstrativoAnexo4Abstract to ReservaOrcamentariaAbstract" order="4.0"/>
    <link:loc xlink:type="locator" xlink:href="siconfi-rreo-anexo4rgps_2019-12-31.xsd#siconfi-rreo-anexo4uniao_ReservaOrcamentariaLineItems" xlink:label="ReservaOrcamentariaLineItems" xlink:title="ReservaOrcamentariaLineItems"/>
    <link:presentationArc xlink:type="arc" xlink:arcrole="http://www.xbrl.org/2003/arcrole/parent-child" xlink:from="ReservaOrcamentariaAbstract" xlink:to="ReservaOrcamentariaLineItems" xlink:title="presentation: ReservaOrcamentariaAbstract to ReservaOrcamentariaLineItems" order="1.0"/>
    <link:loc xlink:type="locator" xlink:href="../../../cor/ic/siconfi-cor_2019-12-31.xsd#siconfi-cor_ReservaOrcamentariaDaPrevidencia" xlink:label="ReservaOrcamentariaDaPrevidencia" xlink:title="ReservaOrcamentariaDaPrevidencia"/>
    <link:presentationArc xlink:type="arc" xlink:arcrole="http://www.xbrl.org/2003/arcrole/parent-child" xlink:from="ReservaOrcamentariaLineItems" xlink:to="ReservaOrcamentariaDaPrevidencia" xlink:title="presentation: ReservaOrcamentariaLineItems to ReservaOrcamentariaDaPrevidencia" order="1.0"/>
    <link:loc xlink:type="locator" xlink:href="siconfi-rreo-anexo4rgps_2019-12-31.xsd#siconfi-rreo-anexo4rgps_ReservaOrcamentariaDoRGPSTable" xlink:label="ReservaOrcamentariaDoRGPSTable" xlink:title="ReservaOrcamentariaDoRGPSTable"/>
    <link:presentationArc xlink:type="arc" xlink:arcrole="http://www.xbrl.org/2003/arcrole/parent-child" xlink:from="ReservaOrcamentariaAbstract" xlink:to="ReservaOrcamentariaDoRGPSTable" xlink:title="presentation: ReservaOrcamentariaAbstract to ReservaOrcamentariaDoRGPSTable" order="2.0" xbrldt:contextElement="segment"/>
    <link:loc xlink:type="locator" xlink:href="../../../cor/dim/siconfi-dim_2019-12-31.xsd#siconfi-dim_PrevisaoOrcamentariaAxis" xlink:label="PrevisaoOrcamentariaAxis" xlink:title="PrevisaoOrcamentariaAxis"/>
    <link:presentationArc xlink:type="arc" xlink:arcrole="http://www.xbrl.org/2003/arcrole/parent-child" xlink:from="ReservaOrcamentariaDoRGPSTable" xlink:to="PrevisaoOrcamentariaAxis" xlink:title="presentation: ReservaOrcamentariaDoRGPSTable to PrevisaoOrcamentariaAxis" order="1.0"/>
    <link:loc xlink:type="locator" xlink:href="../../../cor/dim/siconfi-dim_2019-12-31.xsd#siconfi-dim_PrevisaoOrcamentariaMember" xlink:label="PrevisaoOrcamentariaMember" xlink:title="PrevisaoOrcamentariaMember"/>
    <link:presentationArc xlink:type="arc" xlink:arcrole="http://www.xbrl.org/2003/arcrole/parent-child" xlink:from="PrevisaoOrcamentariaAxis" xlink:to="PrevisaoOrcamentariaMember" xlink:title="presentation: PrevisaoOrcamentariaAxis to PrevisaoOrcamentariaMember" order="1.0"/>
    <link:loc xlink:type="locator" xlink:href="siconfi-rreo-anexo4rgps_2019-12-31.xsd#siconfi-rreo-anexo4rgps_FonteAnexo4Tabela4.0Abstract" xlink:label="FonteAnexo4Tabela4.0Abstract" xlink:title="FonteAnexo4Tabela4.0Abstract"/>
    <link:presentationArc xlink:type="arc" xlink:arcrole="http://www.xbrl.org/2003/arcrole/parent-child" xlink:from="DemonstrativoAnexo4Abstract" xlink:to="FonteAnexo4Tabela4.0Abstract" xlink:title="presentation: DemonstrativoAnexo4Abstract to FonteAnexo4Tabela4.0Abstract" order="6.0"/>
    <link:loc xlink:type="locator" xlink:href="siconfi-rreo-anexo4rgps_2019-12-31.xsd#siconfi-rreo-anexo4rgps_FonteAnexo4Tabela4.0LineItems" xlink:label="FonteAnexo4Tabela4.0LineItems" xlink:title="FonteAnexo4Tabela4.0LineItems"/>
    <link:presentationArc xlink:type="arc" xlink:arcrole="http://www.xbrl.org/2003/arcrole/parent-child" xlink:from="FonteAnexo4Tabela4.0Abstract" xlink:to="FonteAnexo4Tabela4.0LineItems" xlink:title="presentation: FonteAnexo4Tabela4.0Abstract to FonteAnexo4Tabela4.0LineItems" order="1.0"/>
    <link:loc xlink:type="locator" xlink:href="../../../cor/ic/siconfi-cor_2019-12-31.xsd#siconfi-cor_FonteAnexo4Tabela4.0RREO" xlink:label="FonteAnexo4Tabela4.0RREO" xlink:title="FonteAnexo4Tabela4.0RREO"/>
    <link:presentationArc xlink:type="arc" xlink:arcrole="http://www.xbrl.org/2003/arcrole/parent-child" xlink:from="FonteAnexo4Tabela4.0LineItems" xlink:to="FonteAnexo4Tabela4.0RREO" xlink:title="presentation: FonteAnexo4Tabela4.0LineItems to FonteAnexo4Tabela4.0RREO" order="1.0"/>
    <link:loc xlink:type="locator" xlink:href="siconfi-rreo-anexo4rgps_2019-12-31.xsd#siconfi-rreo-anexo4uniao_ReceitasOrcamentariasAbstract" xlink:label="ReceitasOrcamentariasAbstract" xlink:title="ReceitasOrcamentariasAbstract"/>
    <link:presentationArc xlink:type="arc" xlink:arcrole="http://www.xbrl.org/2003/arcrole/parent-child" xlink:from="DemonstrativoAnexo4Abstract" xlink:to="ReceitasOrcamentariasAbstract" xlink:title="presentation: DemonstrativoAnexo4Abstract to ReceitasOrcamentariasAbstract" order="1.0"/>
    <link:loc xlink:type="locator" xlink:href="siconfi-rreo-anexo4rgps_2019-12-31.xsd#siconfi-rreo-anexo4uniao_ReceitasOrcamentariasLineItems" xlink:label="ReceitasOrcamentariasLineItems" xlink:title="ReceitasOrcamentariasLineItems"/>
    <link:presentationArc xlink:type="arc" xlink:arcrole="http://www.xbrl.org/2003/arcrole/parent-child" xlink:from="ReceitasOrcamentariasAbstract" xlink:to="ReceitasOrcamentariasLineItems" xlink:title="presentation: ReceitasOrcamentariasAbstract to ReceitasOrcamentariasLineItems" order="1.0"/>
    <link:loc xlink:type="locator" xlink:href="../../../cor/ic/siconfi-cor_2019-12-31.xsd#siconfi-cor_ReceitasPrevidenciariasExcetoIntraOrcamentarias" xlink:label="ReceitasPrevidenciariasExcetoIntraOrcamentarias" xlink:title="ReceitasPrevidenciariasExcetoIntraOrcamentarias"/>
    <link:presentationArc xlink:type="arc" xlink:arcrole="http://www.xbrl.org/2003/arcrole/parent-child" xlink:from="ReceitasOrcamentariasLineItems" xlink:to="ReceitasPrevidenciariasExcetoIntraOrcamentarias" xlink:title="presentation: ReceitasOrcamentariasLineItems to ReceitasPrevidenciariasExcetoIntraOrcamentarias" order="1.0"/>
    <link:loc xlink:type="locator" xlink:href="../../../cor/ic/siconfi-cor_2019-12-31.xsd#siconfi-cor_ReceitasCorrentesPrevidenciariasBrutas" xlink:label="ReceitasCorrentesPrevidenciariasBrutas" xlink:title="ReceitasCorrentesPrevidenciariasBrutas"/>
    <link:presentationArc xlink:type="arc" xlink:arcrole="http://www.xbrl.org/2003/arcrole/parent-child" xlink:from="ReceitasPrevidenciariasExcetoIntraOrcamentarias" xlink:to="ReceitasCorrentesPrevidenciariasBrutas" xlink:title="presentation: ReceitasPrevidenciariasExcetoIntraOrcamentarias to ReceitasCorrentesPrevidenciariasBrutas" order="1.0"/>
    <link:loc xlink:type="locator" xlink:href="../../../cor/ic/siconfi-cor_2019-12-31.xsd#siconfi-cor_ReceitasCorrentesPrevidenciariasExcetoIntraOrcamentariasDeContribuicoesBrutas" xlink:label="ReceitasCorrentesPrevidenciariasExcetoIntraOrcamentariasDeContribuicoesBrutas" xlink:title="ReceitasCorrentesPrevidenciariasExcetoIntraOrcamentariasDeContribuicoesBrutas"/>
    <link:presentationArc xlink:type="arc" xlink:arcrole="http://www.xbrl.org/2003/arcrole/parent-child" xlink:from="ReceitasCorrentesPrevidenciariasBrutas" xlink:to="ReceitasCorrentesPrevidenciariasExcetoIntraOrcamentariasDeContribuicoesBrutas" xlink:title="presentation: ReceitasCorrentesPrevidenciariasBrutas to ReceitasCorrentesPrevidenciariasExcetoIntraOrcamentariasDeContribuicoesBrutas" order="1.0"/>
    <link:loc xlink:type="locator" xlink:href="../../../cor/ic/siconfi-cor_2019-12-31.xsd#siconfi-cor_ReceitasCorrentesPrevidenciariasExcetoIntraOrcamentariasDeContribuicoesDosEmpregadoresBrutas" xlink:label="ReceitasCorrentesPrevidenciariasExcetoIntraOrcamentariasDeContribuicoesDosEmpregadoresBrutas" xlink:title="ReceitasCorrentesPrevidenciariasExcetoIntraOrcamentariasDeContribuicoesDosEmpregadoresBrutas"/>
    <link:presentationArc xlink:type="arc" xlink:arcrole="http://www.xbrl.org/2003/arcrole/parent-child" xlink:from="ReceitasCorrentesPrevidenciariasExcetoIntraOrcamentariasDeContribuicoesBrutas" xlink:to="ReceitasCorrentesPrevidenciariasExcetoIntraOrcamentariasDeContribuicoesDosEmpregadoresBrutas" xlink:title="presentation: ReceitasCorrentesPrevidenciariasExcetoIntraOrcamentariasDeContribuicoesBrutas to ReceitasCorrentesPrevidenciariasExcetoIntraOrcamentariasDeContribuicoesDosEmpregadoresBrutas" order="1.0"/>
    <link:loc xlink:type="locator" xlink:href="../../../cor/ic/siconfi-cor_2019-12-31.xsd#siconfi-cor_ReceitasCorrentesPrevidenciariasExcetoIntraOrcamentariasDeContribuicoesDosTrabalhadoresEDemaisSeguradosBrutas" xlink:label="ReceitasCorrentesPrevidenciariasExcetoIntraOrcamentariasDeContribuicoesDosTrabalhadoresEDemaisSeguradosBrutas" xlink:title="ReceitasCorrentesPrevidenciariasExcetoIntraOrcamentariasDeContribuicoesDosTrabalhadoresEDemaisSeguradosBrutas"/>
    <link:presentationArc xlink:type="arc" xlink:arcrole="http://www.xbrl.org/2003/arcrole/parent-child" xlink:from="ReceitasCorrentesPrevidenciariasExcetoIntraOrcamentariasDeContribuicoesBrutas" xlink:to="ReceitasCorrentesPrevidenciariasExcetoIntraOrcamentariasDeContribuicoesDosTrabalhadoresEDemaisSeguradosBrutas" xlink:title="presentation: ReceitasCorrentesPrevidenciariasExcetoIntraOrcamentariasDeContribuicoesBrutas to ReceitasCorrentesPrevidenciariasExcetoIntraOrcamentariasDeContribuicoesDosTrabalhadoresEDemaisSeguradosBrutas" order="2.0"/>
    <link:loc xlink:type="locator" xlink:href="../../../cor/ic/siconfi-cor_2019-12-31.xsd#siconfi-cor_OutrasReceitasDeContribuicoes" xlink:label="OutrasReceitasDeContribuicoes" xlink:title="OutrasReceitasDeContribuicoes"/>
    <link:presentationArc xlink:type="arc" xlink:arcrole="http://www.xbrl.org/2003/arcrole/parent-child" xlink:from="ReceitasCorrentesPrevidenciariasExcetoIntraOrcamentariasDeContribuicoesBrutas" xlink:to="OutrasReceitasDeContribuicoes" xlink:title="presentation: ReceitasCorrentesPrevidenciariasExcetoIntraOrcamentariasDeContribuicoesBrutas to OutrasReceitasDeContribuicoes" order="3.0"/>
    <link:loc xlink:type="locator" xlink:href="../../../cor/ic/siconfi-cor_2019-12-31.xsd#siconfi-cor_OutrasReceitasCorrentesPrevidenciariasBrutas" xlink:label="OutrasReceitasCorrentesPrevidenciariasBrutas" xlink:title="OutrasReceitasCorrentesPrevidenciariasBrutas"/>
    <link:presentationArc xlink:type="arc" xlink:arcrole="http://www.xbrl.org/2003/arcrole/parent-child" xlink:from="ReceitasCorrentesPrevidenciariasBrutas" xlink:to="OutrasReceitasCorrentesPrevidenciariasBrutas" xlink:title="presentation: ReceitasCorrentesPrevidenciariasBrutas to OutrasReceitasCorrentesPrevidenciariasBrutas" order="2.0"/>
    <link:loc xlink:type="locator" xlink:href="../../../cor/ic/siconfi-cor_2019-12-31.xsd#siconfi-cor_ReceitasPrevidenciariasExcetoIntraOrcamentariasCompensacaoDoRPPSParaORGPSBrutas" xlink:label="ReceitasPrevidenciariasExcetoIntraOrcamentariasCompensacaoDoRPPSParaORGPSBrutas" xlink:title="ReceitasPrevidenciariasExcetoIntraOrcamentariasCompensacaoDoRPPSParaORGPSBrutas"/>
    <link:presentationArc xlink:type="arc" xlink:arcrole="http://www.xbrl.org/2003/arcrole/parent-child" xlink:from="OutrasReceitasCorrentesPrevidenciariasBrutas" xlink:to="ReceitasPrevidenciariasExcetoIntraOrcamentariasCompensacaoDoRPPSParaORGPSBrutas" xlink:title="presentation: OutrasReceitasCorrentesPrevidenciariasBrutas to ReceitasPrevidenciariasExcetoIntraOrcamentariasCompensacaoDoRPPSParaORGPSBrutas" order="1.0"/>
    <link:loc xlink:type="locator" xlink:href="../../../cor/ic/siconfi-cor_2019-12-31.xsd#siconfi-cor_DemaisReceitasCorrentesPrevidenciariasBrutas" xlink:label="DemaisReceitasCorrentesPrevidenciariasBrutas" xlink:title="DemaisReceitasCorrentesPrevidenciariasBrutas"/>
    <link:presentationArc xlink:type="arc" xlink:arcrole="http://www.xbrl.org/2003/arcrole/parent-child" xlink:from="OutrasReceitasCorrentesPrevidenciariasBrutas" xlink:to="DemaisReceitasCorrentesPrevidenciariasBrutas" xlink:title="presentation: OutrasReceitasCorrentesPrevidenciariasBrutas to DemaisReceitasCorrentesPrevidenciariasBrutas" order="2.0"/>
    <link:loc xlink:type="locator" xlink:href="../../../cor/ic/siconfi-cor_2019-12-31.xsd#siconfi-cor_ReceitasDeCapitalPrevidenciariasBrutas" xlink:label="ReceitasDeCapitalPrevidenciariasBrutas" xlink:title="ReceitasDeCapitalPrevidenciariasBrutas"/>
    <link:presentationArc xlink:type="arc" xlink:arcrole="http://www.xbrl.org/2003/arcrole/parent-child" xlink:from="ReceitasPrevidenciariasExcetoIntraOrcamentarias" xlink:to="ReceitasDeCapitalPrevidenciariasBrutas" xlink:title="presentation: ReceitasPrevidenciariasExcetoIntraOrcamentarias to ReceitasDeCapitalPrevidenciariasBrutas" order="2.0"/>
    <link:loc xlink:type="locator" xlink:href="../../../cor/ic/siconfi-cor_2019-12-31.xsd#siconfi-cor_AlienacaoDeBensDireitosEAtivosPrevidenciariaBruta" xlink:label="AlienacaoDeBensDireitosEAtivosPrevidenciariaBruta" xlink:title="AlienacaoDeBensDireitosEAtivosPrevidenciariaBruta"/>
    <link:presentationArc xlink:type="arc" xlink:arcrole="http://www.xbrl.org/2003/arcrole/parent-child" xlink:from="ReceitasDeCapitalPrevidenciariasBrutas" xlink:to="AlienacaoDeBensDireitosEAtivosPrevidenciariaBruta" xlink:title="presentation: ReceitasDeCapitalPrevidenciariasBrutas to AlienacaoDeBensDireitosEAtivosPrevidenciariaBruta" order="1.0"/>
    <link:loc xlink:type="locator" xlink:href="../../../cor/ic/siconfi-cor_2019-12-31.xsd#siconfi-cor_OutrasReceitasDeCapitalPrevidenciariasBrutas" xlink:label="OutrasReceitasDeCapitalPrevidenciariasBrutas" xlink:title="OutrasReceitasDeCapitalPrevidenciariasBrutas"/>
    <link:presentationArc xlink:type="arc" xlink:arcrole="http://www.xbrl.org/2003/arcrole/parent-child" xlink:from="ReceitasDeCapitalPrevidenciariasBrutas" xlink:to="OutrasReceitasDeCapitalPrevidenciariasBrutas" xlink:title="presentation: ReceitasDeCapitalPrevidenciariasBrutas to OutrasReceitasDeCapitalPrevidenciariasBrutas" order="2.0"/>
    <link:loc xlink:type="locator" xlink:href="../../../cor/ic/siconfi-cor_2019-12-31.xsd#siconfi-cor_ReceitasPrevidenciariasIntraOrcamentarias" xlink:label="ReceitasPrevidenciariasIntraOrcamentarias" xlink:title="ReceitasPrevidenciariasIntraOrcamentarias"/>
    <link:presentationArc xlink:type="arc" xlink:arcrole="http://www.xbrl.org/2003/arcrole/parent-child" xlink:from="ReceitasOrcamentariasLineItems" xlink:to="ReceitasPrevidenciariasIntraOrcamentarias" xlink:title="presentation: ReceitasOrcamentariasLineItems to ReceitasPrevidenciariasIntraOrcamentarias" order="2.0"/>
    <link:loc xlink:type="locator" xlink:href="../../../cor/ic/siconfi-cor_2019-12-31.xsd#siconfi-cor_TotalReceitasPrevidenciarias" xlink:label="TotalReceitasPrevidenciarias" xlink:title="TotalReceitasPrevidenciarias"/>
    <link:presentationArc xlink:type="arc" xlink:arcrole="http://www.xbrl.org/2003/arcrole/parent-child" xlink:from="ReceitasOrcamentariasLineItems" xlink:to="TotalReceitasPrevidenciarias" xlink:title="presentation: ReceitasOrcamentariasLineItems to TotalReceitasPrevidenciarias" order="3.0"/>
    <link:loc xlink:type="locator" xlink:href="siconfi-rreo-anexo4rgps_2019-12-31.xsd#siconfi-rreo-anexo4uniao_ReceitasOrcamentariasTable" xlink:label="ReceitasOrcamentariasTable" xlink:title="ReceitasOrcamentariasTable"/>
    <link:presentationArc xlink:type="arc" xlink:arcrole="http://www.xbrl.org/2003/arcrole/parent-child" xlink:from="ReceitasOrcamentariasAbstract" xlink:to="ReceitasOrcamentariasTable" xlink:title="presentation: ReceitasOrcamentariasAbstract to ReceitasOrcamentariasTable" order="2.0" xbrldt:contextElement="segment" xbrldt:closed="true"/>
    <link:presentationArc xlink:type="arc" xlink:arcrole="http://www.xbrl.org/2003/arcrole/parent-child" xlink:from="ReceitasOrcamentariasTable" xlink:to="ExecucaoDaReceitaRGPSAxis" xlink:title="presentation: ReceitasOrcamentariasTable to ExecucaoDaReceitaRGPSAxis" order="1.0"/>
    <link:loc xlink:type="locator" xlink:href="siconfi-rreo-anexo4rgps_2019-12-31.xsd#siconfi-rreo-anexo4uniao_DespesasOrcamentariasAbstract" xlink:label="DespesasOrcamentariasAbstract" xlink:title="DespesasOrcamentariasAbstract"/>
    <link:presentationArc xlink:type="arc" xlink:arcrole="http://www.xbrl.org/2003/arcrole/parent-child" xlink:from="DemonstrativoAnexo4Abstract" xlink:to="DespesasOrcamentariasAbstract" xlink:title="presentation: DemonstrativoAnexo4Abstract to DespesasOrcamentariasAbstract" order="2.0"/>
    <link:loc xlink:type="locator" xlink:href="siconfi-rreo-anexo4rgps_2019-12-31.xsd#siconfi-rreo-anexo4uniao_DespesasOrcamentariasLineItems" xlink:label="DespesasOrcamentariasLineItems" xlink:title="DespesasOrcamentariasLineItems"/>
    <link:presentationArc xlink:type="arc" xlink:arcrole="http://www.xbrl.org/2003/arcrole/parent-child" xlink:from="DespesasOrcamentariasAbstract" xlink:to="DespesasOrcamentariasLineItems" xlink:title="presentation: DespesasOrcamentariasAbstract to DespesasOrcamentariasLineItems" order="1.0"/>
    <link:loc xlink:type="locator" xlink:href="../../../cor/ic/siconfi-cor_2019-12-31.xsd#siconfi-cor_DespesasPrevidenciariasExcetoIntraOrcamentarias" xlink:label="DespesasPrevidenciariasExcetoIntraOrcamentarias" xlink:title="DespesasPrevidenciariasExcetoIntraOrcamentarias"/>
    <link:presentationArc xlink:type="arc" xlink:arcrole="http://www.xbrl.org/2003/arcrole/parent-child" xlink:from="DespesasOrcamentariasLineItems" xlink:to="DespesasPrevidenciariasExcetoIntraOrcamentarias" xlink:title="presentation: DespesasOrcamentariasLineItems to DespesasPrevidenciariasExcetoIntraOrcamentarias" order="1.0"/>
    <link:loc xlink:type="locator" xlink:href="../../../cor/ic/siconfi-cor_2019-12-31.xsd#siconfi-cor_DespesasPrevidenciariasExcetoIntraOrcamentariasBeneficiosRGPS" xlink:label="DespesasPrevidenciariasExcetoIntraOrcamentariasBeneficiosRGPS" xlink:title="DespesasPrevidenciariasExcetoIntraOrcamentariasBeneficiosRGPS"/>
    <link:presentationArc xlink:type="arc" xlink:arcrole="http://www.xbrl.org/2003/arcrole/parent-child" xlink:from="DespesasPrevidenciariasExcetoIntraOrcamentarias" xlink:to="DespesasPrevidenciariasExcetoIntraOrcamentariasBeneficiosRGPS" xlink:title="presentation: DespesasPrevidenciariasExcetoIntraOrcamentarias to DespesasPrevidenciariasExcetoIntraOrcamentariasBeneficiosRGPS" order="1.0"/>
    <link:loc xlink:type="locator" xlink:href="../../../cor/ic/siconfi-cor_2019-12-31.xsd#siconfi-cor_DespesasExcetoIntraOrcamentariasPessoalCivilAposentadorias" xlink:label="DespesasExcetoIntraOrcamentariasPessoalCivilAposentadorias" xlink:title="DespesasExcetoIntraOrcamentariasPessoalCivilAposentadorias"/>
    <link:presentationArc xlink:type="arc" xlink:arcrole="http://www.xbrl.org/2003/arcrole/parent-child" xlink:from="DespesasPrevidenciariasExcetoIntraOrcamentariasBeneficiosRGPS" xlink:to="DespesasExcetoIntraOrcamentariasPessoalCivilAposentadorias" xlink:title="presentation: DespesasPrevidenciariasExcetoIntraOrcamentariasBeneficiosRGPS to DespesasExcetoIntraOrcamentariasPessoalCivilAposentadorias" order="1.0"/>
    <link:loc xlink:type="locator" xlink:href="../../../cor/ic/siconfi-cor_2019-12-31.xsd#siconfi-cor_DespesasExcetoIntraOrcamentariasPessoalCivilPensoes" xlink:label="DespesasExcetoIntraOrcamentariasPessoalCivilPensoes" xlink:title="DespesasExcetoIntraOrcamentariasPessoalCivilPensoes"/>
    <link:presentationArc xlink:type="arc" xlink:arcrole="http://www.xbrl.org/2003/arcrole/parent-child" xlink:from="DespesasPrevidenciariasExcetoIntraOrcamentariasBeneficiosRGPS" xlink:to="DespesasExcetoIntraOrcamentariasPessoalCivilPensoes" xlink:title="presentation: DespesasPrevidenciariasExcetoIntraOrcamentariasBeneficiosRGPS to DespesasExcetoIntraOrcamentariasPessoalCivilPensoes" order="2.0"/>
    <link:loc xlink:type="locator" xlink:href="../../../cor/ic/siconfi-cor_2019-12-31.xsd#siconfi-cor_DespesasExcetoIntraOrcamentariasPessoalCivilOutrosBeneficiosPrevidenciarios" xlink:label="DespesasExcetoIntraOrcamentariasPessoalCivilOutrosBeneficiosPrevidenciarios" xlink:title="DespesasExcetoIntraOrcamentariasPessoalCivilOutrosBeneficiosPrevidenciarios"/>
    <link:presentationArc xlink:type="arc" xlink:arcrole="http://www.xbrl.org/2003/arcrole/parent-child" xlink:from="DespesasPrevidenciariasExcetoIntraOrcamentariasBeneficiosRGPS" xlink:to="DespesasExcetoIntraOrcamentariasPessoalCivilOutrosBeneficiosPrevidenciarios" xlink:title="presentation: DespesasPrevidenciariasExcetoIntraOrcamentariasBeneficiosRGPS to DespesasExcetoIntraOrcamentariasPessoalCivilOutrosBeneficiosPrevidenciarios" order="3.0"/>
    <link:loc xlink:type="locator" xlink:href="../../../cor/ic/siconfi-cor_2019-12-31.xsd#siconfi-cor_DespesasExcetoIntraOrcamentariasOutrasDepesasPrevidenciarias" xlink:label="DespesasExcetoIntraOrcamentariasOutrasDepesasPrevidenciarias" xlink:title="DespesasExcetoIntraOrcamentariasOutrasDepesasPrevidenciarias"/>
    <link:presentationArc xlink:type="arc" xlink:arcrole="http://www.xbrl.org/2003/arcrole/parent-child" xlink:from="DespesasPrevidenciariasExcetoIntraOrcamentarias" xlink:to="DespesasExcetoIntraOrcamentariasOutrasDepesasPrevidenciarias" xlink:title="presentation: DespesasPrevidenciariasExcetoIntraOrcamentarias to DespesasExcetoIntraOrcamentariasOutrasDepesasPrevidenciarias" order="2.0"/>
    <link:loc xlink:type="locator" xlink:href="../../../cor/ic/siconfi-cor_2019-12-31.xsd#siconfi-cor_DespesasPrevidenciariasExcetoIntraOrcamentariasCompensacaoDoRGPSParaORPPS" xlink:label="DespesasPrevidenciariasExcetoIntraOrcamentariasCompensacaoDoRGPSParaORPPS" xlink:title="DespesasPrevidenciariasExcetoIntraOrcamentariasCompensacaoDoRGPSParaORPPS"/>
    <link:presentationArc xlink:type="arc" xlink:arcrole="http://www.xbrl.org/2003/arcrole/parent-child" xlink:from="DespesasExcetoIntraOrcamentariasOutrasDepesasPrevidenciarias" xlink:to="DespesasPrevidenciariasExcetoIntraOrcamentariasCompensacaoDoRGPSParaORPPS" xlink:title="presentation: DespesasExcetoIntraOrcamentariasOutrasDepesasPrevidenciarias to DespesasPrevidenciariasExcetoIntraOrcamentariasCompensacaoDoRGPSParaORPPS" order="1.0"/>
    <link:loc xlink:type="locator" xlink:href="../../../cor/ic/siconfi-cor_2019-12-31.xsd#siconfi-cor_DespesasExcetoIntraOrcamentariasDemaisDespesasPrevidenciarias" xlink:label="DespesasExcetoIntraOrcamentariasDemaisDespesasPrevidenciarias" xlink:title="DespesasExcetoIntraOrcamentariasDemaisDespesasPrevidenciarias"/>
    <link:presentationArc xlink:type="arc" xlink:arcrole="http://www.xbrl.org/2003/arcrole/parent-child" xlink:from="DespesasExcetoIntraOrcamentariasOutrasDepesasPrevidenciarias" xlink:to="DespesasExcetoIntraOrcamentariasDemaisDespesasPrevidenciarias" xlink:title="presentation: DespesasExcetoIntraOrcamentariasOutrasDepesasPrevidenciarias to DespesasExcetoIntraOrcamentariasDemaisDespesasPrevidenciarias" order="2.0"/>
    <link:loc xlink:type="locator" xlink:href="../../../cor/ic/siconfi-cor_2019-12-31.xsd#siconfi-cor_DespesasPrevidenciariasIntraOrcamentarias" xlink:label="DespesasPrevidenciariasIntraOrcamentarias" xlink:title="DespesasPrevidenciariasIntraOrcamentarias"/>
    <link:presentationArc xlink:type="arc" xlink:arcrole="http://www.xbrl.org/2003/arcrole/parent-child" xlink:from="DespesasOrcamentariasLineItems" xlink:to="DespesasPrevidenciariasIntraOrcamentarias" xlink:title="presentation: DespesasOrcamentariasLineItems to DespesasPrevidenciariasIntraOrcamentarias" order="2.0"/>
    <link:loc xlink:type="locator" xlink:href="../../../cor/ic/siconfi-cor_2019-12-31.xsd#siconfi-cor_TotalDasDespesasPrevidenciarias" xlink:label="TotalDasDespesasPrevidenciarias" xlink:title="TotalDasDespesasPrevidenciarias"/>
    <link:presentationArc xlink:type="arc" xlink:arcrole="http://www.xbrl.org/2003/arcrole/parent-child" xlink:from="DespesasOrcamentariasLineItems" xlink:to="TotalDasDespesasPrevidenciarias" xlink:title="presentation: DespesasOrcamentariasLineItems to TotalDasDespesasPrevidenciarias" order="3.0"/>
    <link:loc xlink:type="locator" xlink:href="../../../cor/ic/siconfi-cor_2019-12-31.xsd#siconfi-cor_ResultadoPrevidenciario" xlink:label="ResultadoPrevidenciario" xlink:title="ResultadoPrevidenciario"/>
    <link:presentationArc xlink:type="arc" xlink:arcrole="http://www.xbrl.org/2003/arcrole/parent-child" xlink:from="DespesasOrcamentariasLineItems" xlink:to="ResultadoPrevidenciario" xlink:title="presentation: DespesasOrcamentariasLineItems to ResultadoPrevidenciario" order="4.0"/>
    <link:loc xlink:type="locator" xlink:href="siconfi-rreo-anexo4rgps_2019-12-31.xsd#siconfi-rreo-anexo4uniao_DespesasOrcamentariasTable" xlink:label="DespesasOrcamentariasTable" xlink:title="DespesasOrcamentariasTable"/>
    <link:presentationArc xlink:type="arc" xlink:arcrole="http://www.xbrl.org/2003/arcrole/parent-child" xlink:from="DespesasOrcamentariasAbstract" xlink:to="DespesasOrcamentariasTable" xlink:title="presentation: DespesasOrcamentariasAbstract to DespesasOrcamentariasTable" order="2.0" xbrldt:contextElement="segment" xbrldt:closed="true"/>
    <link:loc xlink:type="locator" xlink:href="../../../cor/dim/siconfi-dim_2019-12-31.xsd#siconfi-dim_ExecucaoDaDespesaRGPSAxis" xlink:label="ExecucaoDaDespesaRGPSAxis" xlink:title="ExecucaoDaDespesaRGPSAxis"/>
    <link:presentationArc xlink:type="arc" xlink:arcrole="http://www.xbrl.org/2003/arcrole/parent-child" xlink:from="DespesasOrcamentariasTable" xlink:to="ExecucaoDaDespesaRGPSAxis" xlink:title="presentation: DespesasOrcamentariasTable to ExecucaoDaDespesaRGPSAxis" order="1.0"/>
    <link:loc xlink:type="locator" xlink:href="../../../cor/dim/siconfi-dim_2019-12-31.xsd#siconfi-dim_DotacaoInicialMember" xlink:label="DotacaoInicialMember" xlink:title="DotacaoInicialMember"/>
    <link:presentationArc xlink:type="arc" xlink:arcrole="http://www.xbrl.org/2003/arcrole/parent-child" xlink:from="ExecucaoDaDespesaRGPSAxis" xlink:to="DotacaoInicialMember" xlink:title="presentation: ExecucaoDaDespesaRGPSAxis to DotacaoInicialMember" order="1.0"/>
    <link:loc xlink:type="locator" xlink:href="../../../cor/dim/siconfi-dim_2019-12-31.xsd#siconfi-dim_DotacaoAtualizadaMember" xlink:label="DotacaoAtualizadaMember" xlink:title="DotacaoAtualizadaMember"/>
    <link:presentationArc xlink:type="arc" xlink:arcrole="http://www.xbrl.org/2003/arcrole/parent-child" xlink:from="ExecucaoDaDespesaRGPSAxis" xlink:to="DotacaoAtualizadaMember" xlink:title="presentation: ExecucaoDaDespesaRGPSAxis to DotacaoAtualizadaMember" order="2.0"/>
    <link:loc xlink:type="locator" xlink:href="../../../cor/dim/siconfi-dim_2019-12-31.xsd#siconfi-dim_DespesasEmpenhadasAteOBimestreMember" xlink:label="DespesasEmpenhadasAteOBimestreMember" xlink:title="DespesasEmpenhadasAteOBimestreMember"/>
    <link:presentationArc xlink:type="arc" xlink:arcrole="http://www.xbrl.org/2003/arcrole/parent-child" xlink:from="ExecucaoDaDespesaRGPSAxis" xlink:to="DespesasEmpenhadasAteOBimestreMember" xlink:title="presentation: ExecucaoDaDespesaRGPSAxis to DespesasEmpenhadasAteOBimestreMember" order="3.0"/>
    <link:loc xlink:type="locator" xlink:href="../../../cor/dim/siconfi-dim_2019-12-31.xsd#siconfi-dim_DespesasEmpenhadasAteOBimestreExercicioAnteriorMember" xlink:label="DespesasEmpenhadasAteOBimestreExercicioAnteriorMember" xlink:title="DespesasEmpenhadasAteOBimestreExercicioAnteriorMember"/>
    <link:presentationArc xlink:type="arc" xlink:arcrole="http://www.xbrl.org/2003/arcrole/parent-child" xlink:from="ExecucaoDaDespesaRGPSAxis" xlink:to="DespesasEmpenhadasAteOBimestreExercicioAnteriorMember" xlink:title="presentation: ExecucaoDaDespesaRGPSAxis to DespesasEmpenhadasAteOBimestreExercicioAnteriorMember" order="4.0"/>
    <link:loc xlink:type="locator" xlink:href="../../../cor/dim/siconfi-dim_2019-12-31.xsd#siconfi-dim_DespesasLiquidadasAteOBimestreMember" xlink:label="DespesasLiquidadasAteOBimestreMember" xlink:title="DespesasLiquidadasAteOBimestreMember"/>
    <link:presentationArc xlink:type="arc" xlink:arcrole="http://www.xbrl.org/2003/arcrole/parent-child" xlink:from="ExecucaoDaDespesaRGPSAxis" xlink:to="DespesasLiquidadasAteOBimestreMember" xlink:title="presentation: ExecucaoDaDespesaRGPSAxis to DespesasLiquidadasAteOBimestreMember" order="5.0"/>
    <link:loc xlink:type="locator" xlink:href="../../../cor/dim/siconfi-dim_2019-12-31.xsd#siconfi-dim_DespesasLiquidadasAteOBimestreExercicioAnteriorMember" xlink:label="DespesasLiquidadasAteOBimestreExercicioAnteriorMember" xlink:title="DespesasLiquidadasAteOBimestreExercicioAnteriorMember"/>
    <link:presentationArc xlink:type="arc" xlink:arcrole="http://www.xbrl.org/2003/arcrole/parent-child" xlink:from="ExecucaoDaDespesaRGPSAxis" xlink:to="DespesasLiquidadasAteOBimestreExercicioAnteriorMember" xlink:title="presentation: ExecucaoDaDespesaRGPSAxis to DespesasLiquidadasAteOBimestreExercicioAnteriorMember" order="6.0"/>
    <link:loc xlink:type="locator" xlink:href="../../../cor/dim/siconfi-dim_2019-12-31.xsd#siconfi-dim_DespesasInscritasEmRestosAPagarNaoProcessadosMember" xlink:label="DespesasInscritasEmRestosAPagarNaoProcessadosMember" xlink:title="DespesasInscritasEmRestosAPagarNaoProcessadosMember"/>
    <link:presentationArc xlink:type="arc" xlink:arcrole="http://www.xbrl.org/2003/arcrole/parent-child" xlink:from="ExecucaoDaDespesaRGPSAxis" xlink:to="DespesasInscritasEmRestosAPagarNaoProcessadosMember" xlink:title="presentation: ExecucaoDaDespesaRGPSAxis to DespesasInscritasEmRestosAPagarNaoProcessadosMember" order="7.0" xbrldt:usable="false"/>
    <link:loc xlink:type="locator" xlink:href="../../../cor/dim/siconfi-dim_2019-12-31.xsd#siconfi-dim_DespesasInscritasEmRestosPagarNaoProcessadosExercicioAtualMember" xlink:label="DespesasInscritasEmRestosPagarNaoProcessadosExercicioAtualMember" xlink:title="DespesasInscritasEmRestosPagarNaoProcessadosExercicioAtualMember"/>
    <link:presentationArc xlink:type="arc" xlink:arcrole="http://www.xbrl.org/2003/arcrole/parent-child" xlink:from="DespesasInscritasEmRestosAPagarNaoProcessadosMember" xlink:to="DespesasInscritasEmRestosPagarNaoProcessadosExercicioAtualMember" xlink:title="presentation: DespesasInscritasEmRestosAPagarNaoProcessadosMember to DespesasInscritasEmRestosPagarNaoProcessadosExercicioAtualMember" order="1.0"/>
    <link:loc xlink:type="locator" xlink:href="../../../cor/dim/siconfi-dim_2019-12-31.xsd#siconfi-dim_DespesasInscritasEmRestosPagarNaoProcessadosExercicioAnteriorMember" xlink:label="DespesasInscritasEmRestosPagarNaoProcessadosExercicioAnteriorMember" xlink:title="DespesasInscritasEmRestosPagarNaoProcessadosExercicioAnteriorMember"/>
    <link:presentationArc xlink:type="arc" xlink:arcrole="http://www.xbrl.org/2003/arcrole/parent-child" xlink:from="DespesasInscritasEmRestosAPagarNaoProcessadosMember" xlink:to="DespesasInscritasEmRestosPagarNaoProcessadosExercicioAnteriorMember" xlink:title="presentation: DespesasInscritasEmRestosAPagarNaoProcessadosMember to DespesasInscritasEmRestosPagarNaoProcessadosExercicioAnteriorMember" order="2.0"/>
  </link:presentationLink>
</link:linkbase>
