<?xml version="1.0" encoding="UTF-8"?>
<!-- Generated by Fujitsu Interstage XWand B0196 -->
<link:linkbase xmlns:xsi="http://www.w3.org/2001/XMLSchema-instance" xsi:schemaLocation="http://www.xbrl.org/2003/linkbase http://www.xbrl.org/2003/xbrl-linkbase-2003-12-31.xsd" xmlns:link="http://www.xbrl.org/2003/linkbase" xmlns:xbrldt="http://xbrl.org/2005/xbrldt" xmlns:xlink="http://www.w3.org/1999/xlink" xmlns:xbrli="http://www.xbrl.org/2003/instance">
  <link:roleRef roleURI="http://fazenda.gov.br/siconfi/rep/rgf/anexo4uniao/siconfi-rgf-anexo4-tabela4.2A" xlink:type="simple" xlink:href="siconfi-rgf-anexo4uniao_2020-12-31.xsd#siconfi-rgf-anexo4-tabela4.2A"/>
  <link:roleRef roleURI="http://fazenda.gov.br/siconfi/rep/rgf/anexo4uniao/siconfi-rgf-anexo4-tabela4.2B" xlink:type="simple" xlink:href="siconfi-rgf-anexo4uniao_2020-12-31.xsd#siconfi-rgf-anexo4-tabela4.2B"/>
  <link:arcroleRef arcroleURI="http://xbrl.org/int/dim/arcrole/all" xlink:type="simple" xlink:href="http://www.xbrl.org/2005/xbrldt-2005.xsd#all"/>
  <link:arcroleRef arcroleURI="http://xbrl.org/int/dim/arcrole/domain-member" xlink:type="simple" xlink:href="http://www.xbrl.org/2005/xbrldt-2005.xsd#domain-member"/>
  <link:arcroleRef arcroleURI="http://xbrl.org/int/dim/arcrole/hypercube-dimension" xlink:type="simple" xlink:href="http://www.xbrl.org/2005/xbrldt-2005.xsd#hypercube-dimension"/>
  <link:arcroleRef arcroleURI="http://xbrl.org/int/dim/arcrole/dimension-domain" xlink:type="simple" xlink:href="http://www.xbrl.org/2005/xbrldt-2005.xsd#dimension-domain"/>
  <link:arcroleRef arcroleURI="http://xbrl.org/int/dim/arcrole/notAll" xlink:type="simple" xlink:href="http://www.xbrl.org/2005/xbrldt-2005.xsd#notAll"/>
  <link:definitionLink xlink:type="extended" xlink:role="http://fazenda.gov.br/siconfi/rep/rgf/anexo4uniao/siconfi-rgf-anexo4-tabela4.2A">
    <link:loc xlink:type="locator" xlink:href="siconfi-rgf-anexo4uniao_2020-12-31.xsd#siconfi-rgf-anexo4uniao_OperacoesDeCreditoAbstract" xlink:label="OperacoesDeCreditoAbstract" xlink:title="OperacoesDeCreditoAbstract"/>
    <link:loc xlink:type="locator" xlink:href="siconfi-rgf-anexo4uniao_2020-12-31.xsd#siconfi-rgf-anexo4uniao_OperacoesDeCreditoLineItems" xlink:label="OperacoesDeCreditoLineItems" xlink:title="OperacoesDeCreditoLineItems"/>
    <link:definitionArc xlink:type="arc" xlink:arcrole="http://xbrl.org/int/dim/arcrole/domain-member" xlink:from="OperacoesDeCreditoAbstract" xlink:to="OperacoesDeCreditoLineItems" xlink:title="definition: OperacoesDeCreditoAbstract to OperacoesDeCreditoLineItems" order="1.0"/>
    <link:loc xlink:type="locator" xlink:href="../../../cor/ic/siconfi-cor_2020-12-31.xsd#siconfi-cor_OperacoesDeCreditoSujeitasAoLimiteParaFinsDeContratacao" xlink:label="OperacoesDeCreditoSujeitasAoLimiteParaFinsDeContratacao" xlink:title="OperacoesDeCreditoSujeitasAoLimiteParaFinsDeContratacao"/>
    <link:definitionArc xlink:type="arc" xlink:arcrole="http://xbrl.org/int/dim/arcrole/domain-member" xlink:from="OperacoesDeCreditoLineItems" xlink:to="OperacoesDeCreditoSujeitasAoLimiteParaFinsDeContratacao" xlink:title="definition: OperacoesDeCreditoLineItems to OperacoesDeCreditoSujeitasAoLimiteParaFinsDeContratacao" order="1.0"/>
    <link:loc xlink:type="locator" xlink:href="../../../cor/ic/siconfi-cor_2020-12-31.xsd#siconfi-cor_OperacoesDeCreditoMobiliaria" xlink:label="OperacoesDeCreditoMobiliaria" xlink:title="OperacoesDeCreditoMobiliaria"/>
    <link:definitionArc xlink:type="arc" xlink:arcrole="http://xbrl.org/int/dim/arcrole/domain-member" xlink:from="OperacoesDeCreditoSujeitasAoLimiteParaFinsDeContratacao" xlink:to="OperacoesDeCreditoMobiliaria" xlink:title="definition: OperacoesDeCreditoSujeitasAoLimiteParaFinsDeContratacao to OperacoesDeCreditoMobiliaria" order="1.0"/>
    <link:loc xlink:type="locator" xlink:href="../../../cor/ic/siconfi-cor_2020-12-31.xsd#siconfi-cor_OperacoesDeCreditoMobiliariaInterna" xlink:label="OperacoesDeCreditoMobiliariaInterna" xlink:title="OperacoesDeCreditoMobiliariaInterna"/>
    <link:definitionArc xlink:type="arc" xlink:arcrole="http://xbrl.org/int/dim/arcrole/domain-member" xlink:from="OperacoesDeCreditoMobiliaria" xlink:to="OperacoesDeCreditoMobiliariaInterna" xlink:title="definition: OperacoesDeCreditoMobiliaria to OperacoesDeCreditoMobiliariaInterna" order="1.0"/>
    <link:loc xlink:type="locator" xlink:href="../../../cor/ic/siconfi-cor_2020-12-31.xsd#siconfi-cor_OperacoesDeCreditoMobiliariaInternaRefinanciamento" xlink:label="OperacoesDeCreditoMobiliariaInternaRefinanciamento" xlink:title="OperacoesDeCreditoMobiliariaInternaRefinanciamento"/>
    <link:definitionArc xlink:type="arc" xlink:arcrole="http://xbrl.org/int/dim/arcrole/domain-member" xlink:from="OperacoesDeCreditoMobiliariaInterna" xlink:to="OperacoesDeCreditoMobiliariaInternaRefinanciamento" xlink:title="definition: OperacoesDeCreditoMobiliariaInterna to OperacoesDeCreditoMobiliariaInternaRefinanciamento" order="1.0"/>
    <link:loc xlink:type="locator" xlink:href="../../../cor/ic/siconfi-cor_2020-12-31.xsd#siconfi-cor_OperacoesDeCreditoMobiliariaInternaAssuncaoReconhecimentoEConfissaoDeDividas" xlink:label="OperacoesDeCreditoMobiliariaInternaAssuncaoReconhecimentoEConfissaoDeDividas" xlink:title="OperacoesDeCreditoMobiliariaInternaAssuncaoReconhecimentoEConfissaoDeDividas"/>
    <link:definitionArc xlink:type="arc" xlink:arcrole="http://xbrl.org/int/dim/arcrole/domain-member" xlink:from="OperacoesDeCreditoMobiliariaInterna" xlink:to="OperacoesDeCreditoMobiliariaInternaAssuncaoReconhecimentoEConfissaoDeDividas" xlink:title="definition: OperacoesDeCreditoMobiliariaInterna to OperacoesDeCreditoMobiliariaInternaAssuncaoReconhecimentoEConfissaoDeDividas" order="2.0"/>
    <link:loc xlink:type="locator" xlink:href="../../../cor/ic/siconfi-cor_2020-12-31.xsd#siconfi-cor_OperacoesDeCreditoMobiliariaInternaOutrasInternasOrcamentarias" xlink:label="OperacoesDeCreditoMobiliariaInternaOutrasInternasOrcamentarias" xlink:title="OperacoesDeCreditoMobiliariaInternaOutrasInternasOrcamentarias"/>
    <link:definitionArc xlink:type="arc" xlink:arcrole="http://xbrl.org/int/dim/arcrole/domain-member" xlink:from="OperacoesDeCreditoMobiliariaInterna" xlink:to="OperacoesDeCreditoMobiliariaInternaOutrasInternasOrcamentarias" xlink:title="definition: OperacoesDeCreditoMobiliariaInterna to OperacoesDeCreditoMobiliariaInternaOutrasInternasOrcamentarias" order="3.0"/>
    <link:loc xlink:type="locator" xlink:href="../../../cor/ic/siconfi-cor_2020-12-31.xsd#siconfi-cor_OperacoesDeCreditoMobiliariaInternaOutrasInternasExtraorcamentarias" xlink:label="OperacoesDeCreditoMobiliariaInternaOutrasInternasExtraorcamentarias" xlink:title="OperacoesDeCreditoMobiliariaInternaOutrasInternasExtraorcamentarias"/>
    <link:definitionArc xlink:type="arc" xlink:arcrole="http://xbrl.org/int/dim/arcrole/domain-member" xlink:from="OperacoesDeCreditoMobiliariaInterna" xlink:to="OperacoesDeCreditoMobiliariaInternaOutrasInternasExtraorcamentarias" xlink:title="definition: OperacoesDeCreditoMobiliariaInterna to OperacoesDeCreditoMobiliariaInternaOutrasInternasExtraorcamentarias" order="4.0"/>
    <link:loc xlink:type="locator" xlink:href="../../../cor/ic/siconfi-cor_2020-12-31.xsd#siconfi-cor_OperacoesDeCreditoMobiliariaInternaOutrasInternasExtraorcamentariasAporteBacen" xlink:label="OperacoesDeCreditoMobiliariaInternaOutrasInternasExtraorcamentariasAporteBacen" xlink:title="OperacoesDeCreditoMobiliariaInternaOutrasInternasExtraorcamentariasAporteBacen"/>
    <link:definitionArc xlink:type="arc" xlink:arcrole="http://xbrl.org/int/dim/arcrole/domain-member" xlink:from="OperacoesDeCreditoMobiliariaInternaOutrasInternasExtraorcamentarias" xlink:to="OperacoesDeCreditoMobiliariaInternaOutrasInternasExtraorcamentariasAporteBacen" xlink:title="definition: OperacoesDeCreditoMobiliariaInternaOutrasInternasExtraorcamentarias to OperacoesDeCreditoMobiliariaInternaOutrasInternasExtraorcamentariasAporteBacen" order="1.0"/>
    <link:loc xlink:type="locator" xlink:href="../../../cor/ic/siconfi-cor_2020-12-31.xsd#siconfi-cor_OperacoesDeCreditoMobiliariaInternaOutrasInternasExtraorcamentariasAportesEmEmpresas" xlink:label="OperacoesDeCreditoMobiliariaInternaOutrasInternasExtraorcamentariasAportesEmEmpresas" xlink:title="OperacoesDeCreditoMobiliariaInternaOutrasInternasExtraorcamentariasAportesEmEmpresas"/>
    <link:definitionArc xlink:type="arc" xlink:arcrole="http://xbrl.org/int/dim/arcrole/domain-member" xlink:from="OperacoesDeCreditoMobiliariaInternaOutrasInternasExtraorcamentarias" xlink:to="OperacoesDeCreditoMobiliariaInternaOutrasInternasExtraorcamentariasAportesEmEmpresas" xlink:title="definition: OperacoesDeCreditoMobiliariaInternaOutrasInternasExtraorcamentarias to OperacoesDeCreditoMobiliariaInternaOutrasInternasExtraorcamentariasAportesEmEmpresas" order="2.0"/>
    <link:loc xlink:type="locator" xlink:href="../../../cor/ic/siconfi-cor_2020-12-31.xsd#siconfi-cor_OperacoesDeCreditoMobiliariaInternaOutrasInternasExtraorcamentariasTrocasEDemaisOperacoes" xlink:label="OperacoesDeCreditoMobiliariaInternaOutrasInternasExtraorcamentariasTrocasEDemaisOperacoes" xlink:title="OperacoesDeCreditoMobiliariaInternaOutrasInternasExtraorcamentariasTrocasEDemaisOperacoes"/>
    <link:definitionArc xlink:type="arc" xlink:arcrole="http://xbrl.org/int/dim/arcrole/domain-member" xlink:from="OperacoesDeCreditoMobiliariaInternaOutrasInternasExtraorcamentarias" xlink:to="OperacoesDeCreditoMobiliariaInternaOutrasInternasExtraorcamentariasTrocasEDemaisOperacoes" xlink:title="definition: OperacoesDeCreditoMobiliariaInternaOutrasInternasExtraorcamentarias to OperacoesDeCreditoMobiliariaInternaOutrasInternasExtraorcamentariasTrocasEDemaisOperacoes" order="3.0"/>
    <link:loc xlink:type="locator" xlink:href="../../../cor/ic/siconfi-cor_2020-12-31.xsd#siconfi-cor_OperacoesDeCreditoMobiliariaExterna" xlink:label="OperacoesDeCreditoMobiliariaExterna" xlink:title="OperacoesDeCreditoMobiliariaExterna"/>
    <link:definitionArc xlink:type="arc" xlink:arcrole="http://xbrl.org/int/dim/arcrole/domain-member" xlink:from="OperacoesDeCreditoMobiliaria" xlink:to="OperacoesDeCreditoMobiliariaExterna" xlink:title="definition: OperacoesDeCreditoMobiliaria to OperacoesDeCreditoMobiliariaExterna" order="2.0"/>
    <link:loc xlink:type="locator" xlink:href="../../../cor/ic/siconfi-cor_2020-12-31.xsd#siconfi-cor_OperacoesDeCreditoMobiliariaExternaRefinanciamento" xlink:label="OperacoesDeCreditoMobiliariaExternaRefinanciamento" xlink:title="OperacoesDeCreditoMobiliariaExternaRefinanciamento"/>
    <link:definitionArc xlink:type="arc" xlink:arcrole="http://xbrl.org/int/dim/arcrole/domain-member" xlink:from="OperacoesDeCreditoMobiliariaExterna" xlink:to="OperacoesDeCreditoMobiliariaExternaRefinanciamento" xlink:title="definition: OperacoesDeCreditoMobiliariaExterna to OperacoesDeCreditoMobiliariaExternaRefinanciamento" order="1.0"/>
    <link:loc xlink:type="locator" xlink:href="../../../cor/ic/siconfi-cor_2020-12-31.xsd#siconfi-cor_OperacoesDeCreditoMobiliariaExternaOutrasOperacoesMobiliariasExternas" xlink:label="OperacoesDeCreditoMobiliariaExternaOutrasOperacoesMobiliariasExternas" xlink:title="OperacoesDeCreditoMobiliariaExternaOutrasOperacoesMobiliariasExternas"/>
    <link:definitionArc xlink:type="arc" xlink:arcrole="http://xbrl.org/int/dim/arcrole/domain-member" xlink:from="OperacoesDeCreditoMobiliariaExterna" xlink:to="OperacoesDeCreditoMobiliariaExternaOutrasOperacoesMobiliariasExternas" xlink:title="definition: OperacoesDeCreditoMobiliariaExterna to OperacoesDeCreditoMobiliariaExternaOutrasOperacoesMobiliariasExternas" order="3.0"/>
    <link:loc xlink:type="locator" xlink:href="../../../cor/ic/siconfi-cor_2020-12-31.xsd#siconfi-cor_OperacoesDeCreditoMobiliariaExternaAssuncaoReconhecimentoEConfissaoDeDividas" xlink:label="OperacoesDeCreditoMobiliariaExternaAssuncaoReconhecimentoEConfissaoDeDividas" xlink:title="OperacoesDeCreditoMobiliariaExternaAssuncaoReconhecimentoEConfissaoDeDividas"/>
    <link:definitionArc xlink:type="arc" xlink:arcrole="http://xbrl.org/int/dim/arcrole/domain-member" xlink:from="OperacoesDeCreditoMobiliariaExterna" xlink:to="OperacoesDeCreditoMobiliariaExternaAssuncaoReconhecimentoEConfissaoDeDividas" xlink:title="definition: OperacoesDeCreditoMobiliariaExterna to OperacoesDeCreditoMobiliariaExternaAssuncaoReconhecimentoEConfissaoDeDividas" order="2.0"/>
    <link:loc xlink:type="locator" xlink:href="../../../cor/ic/siconfi-cor_2020-12-31.xsd#siconfi-cor_OperacoesDeCreditoContratual" xlink:label="OperacoesDeCreditoContratual" xlink:title="OperacoesDeCreditoContratual"/>
    <link:definitionArc xlink:type="arc" xlink:arcrole="http://xbrl.org/int/dim/arcrole/domain-member" xlink:from="OperacoesDeCreditoSujeitasAoLimiteParaFinsDeContratacao" xlink:to="OperacoesDeCreditoContratual" xlink:title="definition: OperacoesDeCreditoSujeitasAoLimiteParaFinsDeContratacao to OperacoesDeCreditoContratual" order="2.0"/>
    <link:loc xlink:type="locator" xlink:href="../../../cor/ic/siconfi-cor_2020-12-31.xsd#siconfi-cor_OperacoesDeCreditoContratualInterna" xlink:label="OperacoesDeCreditoContratualInterna" xlink:title="OperacoesDeCreditoContratualInterna"/>
    <link:definitionArc xlink:type="arc" xlink:arcrole="http://xbrl.org/int/dim/arcrole/domain-member" xlink:from="OperacoesDeCreditoContratual" xlink:to="OperacoesDeCreditoContratualInterna" xlink:title="definition: OperacoesDeCreditoContratual to OperacoesDeCreditoContratualInterna" order="1.0"/>
    <link:loc xlink:type="locator" xlink:href="../../../cor/ic/siconfi-cor_2020-12-31.xsd#siconfi-cor_OperacoesDeCreditoContratualInternaAberturaDeCredito" xlink:label="OperacoesDeCreditoContratualInternaAberturaDeCredito" xlink:title="OperacoesDeCreditoContratualInternaAberturaDeCredito"/>
    <link:definitionArc xlink:type="arc" xlink:arcrole="http://xbrl.org/int/dim/arcrole/domain-member" xlink:from="OperacoesDeCreditoContratualInterna" xlink:to="OperacoesDeCreditoContratualInternaAberturaDeCredito" xlink:title="definition: OperacoesDeCreditoContratualInterna to OperacoesDeCreditoContratualInternaAberturaDeCredito" order="1.0"/>
    <link:loc xlink:type="locator" xlink:href="../../../cor/ic/siconfi-cor_2020-12-31.xsd#siconfi-cor_OperacoesDeCreditoContratualInternaAssuncaoReconhecimentoEConfissaoDeDividas" xlink:label="OperacoesDeCreditoContratualInternaAssuncaoReconhecimentoEConfissaoDeDividas" xlink:title="OperacoesDeCreditoContratualInternaAssuncaoReconhecimentoEConfissaoDeDividas"/>
    <link:definitionArc xlink:type="arc" xlink:arcrole="http://xbrl.org/int/dim/arcrole/domain-member" xlink:from="OperacoesDeCreditoContratualInterna" xlink:to="OperacoesDeCreditoContratualInternaAssuncaoReconhecimentoEConfissaoDeDividas" xlink:title="definition: OperacoesDeCreditoContratualInterna to OperacoesDeCreditoContratualInternaAssuncaoReconhecimentoEConfissaoDeDividas" order="2.0"/>
    <link:loc xlink:type="locator" xlink:href="../../../cor/ic/siconfi-cor_2020-12-31.xsd#siconfi-cor_OperacoesDeCreditoContratualInternaOutrasOperacoesDeCredito" xlink:label="OperacoesDeCreditoContratualInternaOutrasOperacoesDeCredito" xlink:title="OperacoesDeCreditoContratualInternaOutrasOperacoesDeCredito"/>
    <link:definitionArc xlink:type="arc" xlink:arcrole="http://xbrl.org/int/dim/arcrole/domain-member" xlink:from="OperacoesDeCreditoContratualInterna" xlink:to="OperacoesDeCreditoContratualInternaOutrasOperacoesDeCredito" xlink:title="definition: OperacoesDeCreditoContratualInterna to OperacoesDeCreditoContratualInternaOutrasOperacoesDeCredito" order="3.0"/>
    <link:loc xlink:type="locator" xlink:href="../../../cor/ic/siconfi-cor_2020-12-31.xsd#siconfi-cor_OperacoesDeCreditoContratualExterna" xlink:label="OperacoesDeCreditoContratualExterna" xlink:title="OperacoesDeCreditoContratualExterna"/>
    <link:definitionArc xlink:type="arc" xlink:arcrole="http://xbrl.org/int/dim/arcrole/domain-member" xlink:from="OperacoesDeCreditoContratual" xlink:to="OperacoesDeCreditoContratualExterna" xlink:title="definition: OperacoesDeCreditoContratual to OperacoesDeCreditoContratualExterna" order="2.0"/>
    <link:loc xlink:type="locator" xlink:href="../../../cor/ic/siconfi-cor_2020-12-31.xsd#siconfi-cor_OperacoesDeCreditoContratualExternaAberturaDeCreditoOrcamentarias" xlink:label="OperacoesDeCreditoContratualExternaAberturaDeCreditoOrcamentarias" xlink:title="OperacoesDeCreditoContratualExternaAberturaDeCreditoOrcamentarias"/>
    <link:definitionArc xlink:type="arc" xlink:arcrole="http://xbrl.org/int/dim/arcrole/domain-member" xlink:from="OperacoesDeCreditoContratualExterna" xlink:to="OperacoesDeCreditoContratualExternaAberturaDeCreditoOrcamentarias" xlink:title="definition: OperacoesDeCreditoContratualExterna to OperacoesDeCreditoContratualExternaAberturaDeCreditoOrcamentarias" order="1.0"/>
    <link:loc xlink:type="locator" xlink:href="../../../cor/ic/siconfi-cor_2020-12-31.xsd#siconfi-cor_OperacoesDeCreditoContratualExternaAberturaDeCreditoExtraorcamentarias" xlink:label="OperacoesDeCreditoContratualExternaAberturaDeCreditoExtraorcamentarias" xlink:title="OperacoesDeCreditoContratualExternaAberturaDeCreditoExtraorcamentarias"/>
    <link:definitionArc xlink:type="arc" xlink:arcrole="http://xbrl.org/int/dim/arcrole/domain-member" xlink:from="OperacoesDeCreditoContratualExterna" xlink:to="OperacoesDeCreditoContratualExternaAberturaDeCreditoExtraorcamentarias" xlink:title="definition: OperacoesDeCreditoContratualExterna to OperacoesDeCreditoContratualExternaAberturaDeCreditoExtraorcamentarias" order="2.0"/>
    <link:loc xlink:type="locator" xlink:href="../../../cor/ic/siconfi-cor_2020-12-31.xsd#siconfi-cor_OperacoesDeCreditoContratualExternaAssuncaoReconhecimentoEConfissaoDeDividas" xlink:label="OperacoesDeCreditoContratualExternaAssuncaoReconhecimentoEConfissaoDeDividas" xlink:title="OperacoesDeCreditoContratualExternaAssuncaoReconhecimentoEConfissaoDeDividas"/>
    <link:definitionArc xlink:type="arc" xlink:arcrole="http://xbrl.org/int/dim/arcrole/domain-member" xlink:from="OperacoesDeCreditoContratualExterna" xlink:to="OperacoesDeCreditoContratualExternaAssuncaoReconhecimentoEConfissaoDeDividas" xlink:title="definition: OperacoesDeCreditoContratualExterna to OperacoesDeCreditoContratualExternaAssuncaoReconhecimentoEConfissaoDeDividas" order="3.0"/>
    <link:loc xlink:type="locator" xlink:href="../../../cor/ic/siconfi-cor_2020-12-31.xsd#siconfi-cor_OperacoesDeCreditoContratualExternaOutrasOperacoesContratuaisExternas" xlink:label="OperacoesDeCreditoContratualExternaOutrasOperacoesContratuaisExternas" xlink:title="OperacoesDeCreditoContratualExternaOutrasOperacoesContratuaisExternas"/>
    <link:definitionArc xlink:type="arc" xlink:arcrole="http://xbrl.org/int/dim/arcrole/domain-member" xlink:from="OperacoesDeCreditoContratualExterna" xlink:to="OperacoesDeCreditoContratualExternaOutrasOperacoesContratuaisExternas" xlink:title="definition: OperacoesDeCreditoContratualExterna to OperacoesDeCreditoContratualExternaOutrasOperacoesContratuaisExternas" order="4.0"/>
    <link:loc xlink:type="locator" xlink:href="siconfi-rgf-anexo4uniao_2020-12-31.xsd#siconfi-rgf-anexo4uniao_OperacoesDeCreditoTable" xlink:label="OperacoesDeCreditoTable" xlink:title="OperacoesDeCreditoTable"/>
    <link:definitionArc xlink:type="arc" xlink:arcrole="http://xbrl.org/int/dim/arcrole/all" xlink:from="OperacoesDeCreditoAbstract" xlink:to="OperacoesDeCreditoTable" xlink:title="definition: OperacoesDeCreditoAbstract to OperacoesDeCreditoTable" order="2.0" xbrldt:contextElement="segment" xbrldt:closed="true"/>
    <link:loc xlink:type="locator" xlink:href="../../../cor/dim/siconfi-dim_2020-12-31.xsd#siconfi-dim_ValorRealizadoPeriodoAxis" xlink:label="ValorRealizadoPeriodoAxis" xlink:title="ValorRealizadoPeriodoAxis"/>
    <link:definitionArc xlink:type="arc" xlink:arcrole="http://xbrl.org/int/dim/arcrole/hypercube-dimension" xlink:from="OperacoesDeCreditoTable" xlink:to="ValorRealizadoPeriodoAxis" xlink:title="definition: OperacoesDeCreditoTable to ValorRealizadoPeriodoAxis" order="1.0"/>
    <link:loc xlink:type="locator" xlink:href="../../../cor/dim/siconfi-dim_2020-12-31.xsd#siconfi-dim_ValorMember" xlink:label="ValorMember" xlink:title="ValorMember"/>
    <link:definitionArc xlink:type="arc" xlink:arcrole="http://xbrl.org/int/dim/arcrole/dimension-domain" xlink:from="ValorRealizadoPeriodoAxis" xlink:to="ValorMember" xlink:title="definition: ValorRealizadoPeriodoAxis to ValorMember" order="1.0" xbrldt:usable="false"/>
    <link:loc xlink:type="locator" xlink:href="../../../cor/dim/siconfi-dim_2020-12-31.xsd#siconfi-dim_NoQuadrimestreDeReferenciaMember" xlink:label="NoQuadrimestreDeReferenciaMember" xlink:title="NoQuadrimestreDeReferenciaMember"/>
    <link:definitionArc xlink:type="arc" xlink:arcrole="http://xbrl.org/int/dim/arcrole/domain-member" xlink:from="ValorMember" xlink:to="NoQuadrimestreDeReferenciaMember" xlink:title="definition: ValorMember to NoQuadrimestreDeReferenciaMember" order="1.0"/>
    <link:loc xlink:type="locator" xlink:href="../../../cor/dim/siconfi-dim_2020-12-31.xsd#siconfi-dim_AteOQuadrimestreDeReferenciaMember" xlink:label="AteOQuadrimestreDeReferenciaMember" xlink:title="AteOQuadrimestreDeReferenciaMember"/>
    <link:definitionArc xlink:type="arc" xlink:arcrole="http://xbrl.org/int/dim/arcrole/domain-member" xlink:from="ValorMember" xlink:to="AteOQuadrimestreDeReferenciaMember" xlink:title="definition: ValorMember to AteOQuadrimestreDeReferenciaMember" order="2.0"/>
  </link:definitionLink>
  <link:definitionLink xlink:type="extended" xlink:role="http://fazenda.gov.br/siconfi/rep/rgf/anexo4uniao/siconfi-rgf-anexo4-tabela4.2B">
    <link:loc xlink:type="locator" xlink:href="siconfi-rgf-anexo4uniao_2020-12-31.xsd#siconfi-rgf-anexo4uniao_ApuracaoDoCumprimentoDosLimitesAbstract" xlink:label="ApuracaoDoCumprimentoDosLimitesAbstract" xlink:title="ApuracaoDoCumprimentoDosLimitesAbstract"/>
    <link:loc xlink:type="locator" xlink:href="siconfi-rgf-anexo4uniao_2020-12-31.xsd#siconfi-rgf-anexo4uniao_ApuracaoDoCumprimentoDosLimitesLineItems" xlink:label="ApuracaoDoCumprimentoDosLimitesLineItems" xlink:title="ApuracaoDoCumprimentoDosLimitesLineItems"/>
    <link:definitionArc xlink:type="arc" xlink:arcrole="http://xbrl.org/int/dim/arcrole/domain-member" xlink:from="ApuracaoDoCumprimentoDosLimitesAbstract" xlink:to="ApuracaoDoCumprimentoDosLimitesLineItems" xlink:title="definition: ApuracaoDoCumprimentoDosLimitesAbstract to ApuracaoDoCumprimentoDosLimitesLineItems" order="1.0"/>
    <link:loc xlink:type="locator" xlink:href="../../../cor/ic/siconfi-cor_2020-12-31.xsd#siconfi-cor_OperacoesVedadas" xlink:label="OperacoesVedadas" xlink:title="OperacoesVedadas"/>
    <link:definitionArc xlink:type="arc" xlink:arcrole="http://xbrl.org/int/dim/arcrole/domain-member" xlink:from="ApuracaoDoCumprimentoDosLimitesLineItems" xlink:to="OperacoesVedadas" xlink:title="definition: ApuracaoDoCumprimentoDosLimitesLineItems to OperacoesVedadas" order="2.0"/>
    <link:loc xlink:type="locator" xlink:href="../../../cor/ic/siconfi-cor_2020-12-31.xsd#siconfi-cor_OperacoesDeduzidasDoLimite" xlink:label="OperacoesDeduzidasDoLimite" xlink:title="OperacoesDeduzidasDoLimite"/>
    <link:definitionArc xlink:type="arc" xlink:arcrole="http://xbrl.org/int/dim/arcrole/domain-member" xlink:from="ApuracaoDoCumprimentoDosLimitesLineItems" xlink:to="OperacoesDeduzidasDoLimite" xlink:title="definition: ApuracaoDoCumprimentoDosLimitesLineItems to OperacoesDeduzidasDoLimite" order="3.0"/>
    <link:loc xlink:type="locator" xlink:href="../../../cor/ic/siconfi-cor_2020-12-31.xsd#siconfi-cor_OperacoesDeduzidasDoLimiteAmortizacaoRefinanciamentoDoPrincipalDeDividas" xlink:label="OperacoesDeduzidasDoLimiteAmortizacaoRefinanciamentoDoPrincipalDeDividas" xlink:title="OperacoesDeduzidasDoLimiteAmortizacaoRefinanciamentoDoPrincipalDeDividas"/>
    <link:definitionArc xlink:type="arc" xlink:arcrole="http://xbrl.org/int/dim/arcrole/domain-member" xlink:from="OperacoesDeduzidasDoLimite" xlink:to="OperacoesDeduzidasDoLimiteAmortizacaoRefinanciamentoDoPrincipalDeDividas" xlink:title="definition: OperacoesDeduzidasDoLimite to OperacoesDeduzidasDoLimiteAmortizacaoRefinanciamentoDoPrincipalDeDividas" order="1.0"/>
    <link:loc xlink:type="locator" xlink:href="../../../cor/ic/siconfi-cor_2020-12-31.xsd#siconfi-cor_OperacoesDeduzidasDoLimiteCancelamentoDeTitulosAceitosEmLeiloesDeTrocas" xlink:label="OperacoesDeduzidasDoLimiteCancelamentoDeTitulosAceitosEmLeiloesDeTrocas" xlink:title="OperacoesDeduzidasDoLimiteCancelamentoDeTitulosAceitosEmLeiloesDeTrocas"/>
    <link:definitionArc xlink:type="arc" xlink:arcrole="http://xbrl.org/int/dim/arcrole/domain-member" xlink:from="OperacoesDeduzidasDoLimite" xlink:to="OperacoesDeduzidasDoLimiteCancelamentoDeTitulosAceitosEmLeiloesDeTrocas" xlink:title="definition: OperacoesDeduzidasDoLimite to OperacoesDeduzidasDoLimiteCancelamentoDeTitulosAceitosEmLeiloesDeTrocas" order="2.0"/>
    <link:loc xlink:type="locator" xlink:href="../../../cor/ic/siconfi-cor_2020-12-31.xsd#siconfi-cor_OperacoesDeduzidasDoLimiteAporteBacen" xlink:label="OperacoesDeduzidasDoLimiteAporteBacen" xlink:title="OperacoesDeduzidasDoLimiteAporteBacen"/>
    <link:definitionArc xlink:type="arc" xlink:arcrole="http://xbrl.org/int/dim/arcrole/domain-member" xlink:from="OperacoesDeduzidasDoLimite" xlink:to="OperacoesDeduzidasDoLimiteAporteBacen" xlink:title="definition: OperacoesDeduzidasDoLimite to OperacoesDeduzidasDoLimiteAporteBacen" order="3.0"/>
    <link:loc xlink:type="locator" xlink:href="../../../cor/ic/siconfi-cor_2020-12-31.xsd#siconfi-cor_OperacoesDeduzidasDoLimiteConcessaoDeGarantias" xlink:label="OperacoesDeduzidasDoLimiteConcessaoDeGarantias" xlink:title="OperacoesDeduzidasDoLimiteConcessaoDeGarantias"/>
    <link:definitionArc xlink:type="arc" xlink:arcrole="http://xbrl.org/int/dim/arcrole/domain-member" xlink:from="OperacoesDeduzidasDoLimite" xlink:to="OperacoesDeduzidasDoLimiteConcessaoDeGarantias" xlink:title="definition: OperacoesDeduzidasDoLimite to OperacoesDeduzidasDoLimiteConcessaoDeGarantias" order="4.0"/>
    <link:loc xlink:type="locator" xlink:href="../../../cor/ic/siconfi-cor_2020-12-31.xsd#siconfi-cor_TotalConsideradoParaFinsDaApuracaoDoCumprimentoDoLimiteOperacoesDeCredito" xlink:label="TotalConsideradoParaFinsDaApuracaoDoCumprimentoDoLimiteOperacoesDeCredito" xlink:title="TotalConsideradoParaFinsDaApuracaoDoCumprimentoDoLimiteOperacoesDeCredito"/>
    <link:definitionArc xlink:type="arc" xlink:arcrole="http://xbrl.org/int/dim/arcrole/domain-member" xlink:from="ApuracaoDoCumprimentoDosLimitesLineItems" xlink:to="TotalConsideradoParaFinsDaApuracaoDoCumprimentoDoLimiteOperacoesDeCredito" xlink:title="definition: ApuracaoDoCumprimentoDosLimitesLineItems to TotalConsideradoParaFinsDaApuracaoDoCumprimentoDoLimiteOperacoesDeCredito" order="4.0"/>
    <link:loc xlink:type="locator" xlink:href="../../../cor/ic/siconfi-cor_2020-12-31.xsd#siconfi-cor_LimiteGeralDefinidoPorResolucaoDoSenadoFederalParaAsOperacoesDeCreditoInternasEExternas" xlink:label="LimiteGeralDefinidoPorResolucaoDoSenadoFederalParaAsOperacoesDeCreditoInternasEExternas" xlink:title="LimiteGeralDefinidoPorResolucaoDoSenadoFederalParaAsOperacoesDeCreditoInternasEExternas"/>
    <link:definitionArc xlink:type="arc" xlink:arcrole="http://xbrl.org/int/dim/arcrole/domain-member" xlink:from="ApuracaoDoCumprimentoDosLimitesLineItems" xlink:to="LimiteGeralDefinidoPorResolucaoDoSenadoFederalParaAsOperacoesDeCreditoInternasEExternas" xlink:title="definition: ApuracaoDoCumprimentoDosLimitesLineItems to LimiteGeralDefinidoPorResolucaoDoSenadoFederalParaAsOperacoesDeCreditoInternasEExternas" order="5.0"/>
    <link:loc xlink:type="locator" xlink:href="../../../cor/ic/siconfi-cor_2020-12-31.xsd#siconfi-cor_OperacoesDeCreditoPorAntecipacaoDaReceitaOrcamentaria" xlink:label="OperacoesDeCreditoPorAntecipacaoDaReceitaOrcamentaria" xlink:title="OperacoesDeCreditoPorAntecipacaoDaReceitaOrcamentaria"/>
    <link:definitionArc xlink:type="arc" xlink:arcrole="http://xbrl.org/int/dim/arcrole/domain-member" xlink:from="ApuracaoDoCumprimentoDosLimitesLineItems" xlink:to="OperacoesDeCreditoPorAntecipacaoDaReceitaOrcamentaria" xlink:title="definition: ApuracaoDoCumprimentoDosLimitesLineItems to OperacoesDeCreditoPorAntecipacaoDaReceitaOrcamentaria" order="6.0"/>
    <link:loc xlink:type="locator" xlink:href="../../../cor/ic/siconfi-cor_2020-12-31.xsd#siconfi-cor_LimiteDefinidoPorResolucaoDoSenadoFederalParaAsOperacoesDeCreditoPorAntecipacaoDaReceitaOrcamentaria" xlink:label="LimiteDefinidoPorResolucaoDoSenadoFederalParaAsOperacoesDeCreditoPorAntecipacaoDaReceitaOrcamentaria" xlink:title="LimiteDefinidoPorResolucaoDoSenadoFederalParaAsOperacoesDeCreditoPorAntecipacaoDaReceitaOrcamentaria"/>
    <link:definitionArc xlink:type="arc" xlink:arcrole="http://xbrl.org/int/dim/arcrole/domain-member" xlink:from="ApuracaoDoCumprimentoDosLimitesLineItems" xlink:to="LimiteDefinidoPorResolucaoDoSenadoFederalParaAsOperacoesDeCreditoPorAntecipacaoDaReceitaOrcamentaria" xlink:title="definition: ApuracaoDoCumprimentoDosLimitesLineItems to LimiteDefinidoPorResolucaoDoSenadoFederalParaAsOperacoesDeCreditoPorAntecipacaoDaReceitaOrcamentaria" order="7.0"/>
    <link:loc xlink:type="locator" xlink:href="../../../cor/ic/siconfi-cor_2020-12-31.xsd#siconfi-cor_RGF4ReceitaCorrenteLiquida" xlink:label="RGF4ReceitaCorrenteLiquida" xlink:title="RGF4ReceitaCorrenteLiquida"/>
    <link:definitionArc xlink:type="arc" xlink:arcrole="http://xbrl.org/int/dim/arcrole/domain-member" xlink:from="ApuracaoDoCumprimentoDosLimitesLineItems" xlink:to="RGF4ReceitaCorrenteLiquida" xlink:title="definition: ApuracaoDoCumprimentoDosLimitesLineItems to RGF4ReceitaCorrenteLiquida" order="1.0"/>
    <link:loc xlink:type="locator" xlink:href="siconfi-rgf-anexo4uniao_2020-12-31.xsd#siconfi-rgf-anexo4uniao_ApuracaoDoCumprimentoDosLimitesTable" xlink:label="ApuracaoDoCumprimentoDosLimitesTable" xlink:title="ApuracaoDoCumprimentoDosLimitesTable"/>
    <link:definitionArc xlink:type="arc" xlink:arcrole="http://xbrl.org/int/dim/arcrole/all" xlink:from="ApuracaoDoCumprimentoDosLimitesAbstract" xlink:to="ApuracaoDoCumprimentoDosLimitesTable" xlink:title="definition: ApuracaoDoCumprimentoDosLimitesAbstract to ApuracaoDoCumprimentoDosLimitesTable" order="2.0" xbrldt:contextElement="segment" xbrldt:closed="true"/>
    <link:loc xlink:type="locator" xlink:href="../../../cor/dim/siconfi-dim_2020-12-31.xsd#siconfi-dim_ApuracaoOperacoesDeCreditoAxis" xlink:label="ApuracaoOperacoesDeCreditoAxis" xlink:title="ApuracaoOperacoesDeCreditoAxis"/>
    <link:definitionArc xlink:type="arc" xlink:arcrole="http://xbrl.org/int/dim/arcrole/hypercube-dimension" xlink:from="ApuracaoDoCumprimentoDosLimitesTable" xlink:to="ApuracaoOperacoesDeCreditoAxis" xlink:title="definition: ApuracaoDoCumprimentoDosLimitesTable to ApuracaoOperacoesDeCreditoAxis" order="1.0" xbrldt:usable="true"/>
    <link:loc xlink:type="locator" xlink:href="../../../cor/dim/siconfi-dim_2020-12-31.xsd#siconfi-dim_ApuracaoValorMember" xlink:label="ApuracaoValorMember" xlink:title="ApuracaoValorMember"/>
    <link:definitionArc xlink:type="arc" xlink:arcrole="http://xbrl.org/int/dim/arcrole/dimension-domain" xlink:from="ApuracaoOperacoesDeCreditoAxis" xlink:to="ApuracaoValorMember" xlink:title="definition: ApuracaoOperacoesDeCreditoAxis to ApuracaoValorMember" order="1.0"/>
    <link:loc xlink:type="locator" xlink:href="../../../cor/dim/siconfi-dim_2020-12-31.xsd#siconfi-dim_ApuracaoPercentualSobreARCLMember" xlink:label="ApuracaoPercentualSobreARCLMember" xlink:title="ApuracaoPercentualSobreARCLMember"/>
    <link:definitionArc xlink:type="arc" xlink:arcrole="http://xbrl.org/int/dim/arcrole/dimension-domain" xlink:from="ApuracaoOperacoesDeCreditoAxis" xlink:to="ApuracaoPercentualSobreARCLMember" xlink:title="definition: ApuracaoOperacoesDeCreditoAxis to ApuracaoPercentualSobreARCLMember" order="2.0"/>
  </link:definitionLink>
</link:linkbase>
