<?xml version="1.0" encoding="UTF-8"?>
<!-- Generated by Fujitsu Interstage XWand B0196 -->
<link:linkbase xmlns:xsi="http://www.w3.org/2001/XMLSchema-instance" xsi:schemaLocation="http://www.xbrl.org/2003/linkbase http://www.xbrl.org/2003/xbrl-linkbase-2003-12-31.xsd" xmlns:link="http://www.xbrl.org/2003/linkbase" xmlns:xbrli="http://www.xbrl.org/2003/instance" xmlns:xlink="http://www.w3.org/1999/xlink" xmlns:xbrldt="http://xbrl.org/2005/xbrldt">
  <link:roleRef roleURI="http://fazenda.gov.br/siconfi/rep/rgf/anexo4uniao/siconfi-rgf-anexo4-tabela4.2A" xlink:type="simple" xlink:href="siconfi-rgf-anexo4uniao_2020-12-31.xsd#siconfi-rgf-anexo4-tabela4.2A"/>
  <link:roleRef roleURI="http://fazenda.gov.br/siconfi/rep/rgf/anexo4uniao/siconfi-rgf-anexo4-tabela4.2" xlink:type="simple" xlink:href="siconfi-rgf-anexo4uniao_2020-12-31.xsd#siconfi-rgf-anexo4-tabela4.2"/>
  <link:roleRef roleURI="http://fazenda.gov.br/siconfi/rep/rgf/anexo4uniao/siconfi-rgf-anexo4-tabela4.2B" xlink:type="simple" xlink:href="siconfi-rgf-anexo4uniao_2020-12-31.xsd#siconfi-rgf-anexo4-tabela4.2B"/>
  <link:presentationLink xlink:type="extended" xlink:role="http://fazenda.gov.br/siconfi/rep/rgf/anexo4uniao/siconfi-rgf-anexo4-tabela4.2">
    <link:loc xlink:type="locator" xlink:href="siconfi-rgf-anexo4uniao_2020-12-31.xsd#siconfi-rgf-anexo4uniao_DemonstrativoAnexo4Abstract" xlink:label="DemonstrativoAnexo4Abstract" xlink:title="DemonstrativoAnexo4Abstract"/>
    <link:loc xlink:type="locator" xlink:href="siconfi-rgf-anexo4uniao_2020-12-31.xsd#siconfi-rgf-anexo4uniao_FonteAnexo4Tabela4.1Abstract" xlink:label="FonteAnexo4Tabela4.1Abstract" xlink:title="FonteAnexo4Tabela4.1Abstract"/>
    <link:presentationArc xlink:type="arc" xlink:arcrole="http://www.xbrl.org/2003/arcrole/parent-child" xlink:from="DemonstrativoAnexo4Abstract" xlink:to="FonteAnexo4Tabela4.1Abstract" xlink:title="presentation: DemonstrativoAnexo4Abstract to FonteAnexo4Tabela4.1Abstract" order="3.0"/>
    <link:loc xlink:type="locator" xlink:href="siconfi-rgf-anexo4uniao_2020-12-31.xsd#siconfi-rgf-anexo4uniao_FonteAnexo4Tabela4.1LineItems" xlink:label="FonteAnexo4Tabela4.1LineItems" xlink:title="FonteAnexo4Tabela4.1LineItems"/>
    <link:presentationArc xlink:type="arc" xlink:arcrole="http://www.xbrl.org/2003/arcrole/parent-child" xlink:from="FonteAnexo4Tabela4.1Abstract" xlink:to="FonteAnexo4Tabela4.1LineItems" xlink:title="presentation: FonteAnexo4Tabela4.1Abstract to FonteAnexo4Tabela4.1LineItems" order="1.0"/>
    <link:loc xlink:type="locator" xlink:href="../../../cor/ic/siconfi-cor_2020-12-31.xsd#siconfi-cor_FonteAnexo4Tabela4.1RGF" xlink:label="FonteAnexo4Tabela4.1RGF" xlink:title="FonteAnexo4Tabela4.1RGF"/>
    <link:presentationArc xlink:type="arc" xlink:arcrole="http://www.xbrl.org/2003/arcrole/parent-child" xlink:from="FonteAnexo4Tabela4.1LineItems" xlink:to="FonteAnexo4Tabela4.1RGF" xlink:title="presentation: FonteAnexo4Tabela4.1LineItems to FonteAnexo4Tabela4.1RGF" order="1.0"/>
    <link:loc xlink:type="locator" xlink:href="siconfi-rgf-anexo4uniao_2020-12-31.xsd#siconfi-rgf-anexo4uniao_ApuracaoDoCumprimentoDosLimitesAbstract" xlink:label="ApuracaoDoCumprimentoDosLimitesAbstract" xlink:title="ApuracaoDoCumprimentoDosLimitesAbstract"/>
    <link:presentationArc xlink:type="arc" xlink:arcrole="http://www.xbrl.org/2003/arcrole/parent-child" xlink:from="DemonstrativoAnexo4Abstract" xlink:to="ApuracaoDoCumprimentoDosLimitesAbstract" xlink:title="presentation: DemonstrativoAnexo4Abstract to ApuracaoDoCumprimentoDosLimitesAbstract" order="2.0"/>
    <link:loc xlink:type="locator" xlink:href="siconfi-rgf-anexo4uniao_2020-12-31.xsd#siconfi-rgf-anexo4uniao_ApuracaoDoCumprimentoDosLimitesLineItems" xlink:label="ApuracaoDoCumprimentoDosLimitesLineItems" xlink:title="ApuracaoDoCumprimentoDosLimitesLineItems"/>
    <link:presentationArc xlink:type="arc" xlink:arcrole="http://www.xbrl.org/2003/arcrole/parent-child" xlink:from="ApuracaoDoCumprimentoDosLimitesAbstract" xlink:to="ApuracaoDoCumprimentoDosLimitesLineItems" xlink:title="presentation: ApuracaoDoCumprimentoDosLimitesAbstract to ApuracaoDoCumprimentoDosLimitesLineItems" order="1.0"/>
    <link:loc xlink:type="locator" xlink:href="../../../cor/ic/siconfi-cor_2020-12-31.xsd#siconfi-cor_RGF4ReceitaCorrenteLiquida" xlink:label="RGF4ReceitaCorrenteLiquida" xlink:title="RGF4ReceitaCorrenteLiquida"/>
    <link:presentationArc xlink:type="arc" xlink:arcrole="http://www.xbrl.org/2003/arcrole/parent-child" xlink:from="ApuracaoDoCumprimentoDosLimitesLineItems" xlink:to="RGF4ReceitaCorrenteLiquida" xlink:title="presentation: ApuracaoDoCumprimentoDosLimitesLineItems to RGF4ReceitaCorrenteLiquida" order="1.0"/>
    <link:loc xlink:type="locator" xlink:href="../../../cor/ic/siconfi-cor_2020-12-31.xsd#siconfi-cor_OperacoesVedadas" xlink:label="OperacoesVedadas" xlink:title="OperacoesVedadas"/>
    <link:presentationArc xlink:type="arc" xlink:arcrole="http://www.xbrl.org/2003/arcrole/parent-child" xlink:from="ApuracaoDoCumprimentoDosLimitesLineItems" xlink:to="OperacoesVedadas" xlink:title="presentation: ApuracaoDoCumprimentoDosLimitesLineItems to OperacoesVedadas" order="2.0"/>
    <link:loc xlink:type="locator" xlink:href="../../../cor/ic/siconfi-cor_2020-12-31.xsd#siconfi-cor_OperacoesDeduzidasDoLimite" xlink:label="OperacoesDeduzidasDoLimite" xlink:title="OperacoesDeduzidasDoLimite"/>
    <link:presentationArc xlink:type="arc" xlink:arcrole="http://www.xbrl.org/2003/arcrole/parent-child" xlink:from="ApuracaoDoCumprimentoDosLimitesLineItems" xlink:to="OperacoesDeduzidasDoLimite" xlink:title="presentation: ApuracaoDoCumprimentoDosLimitesLineItems to OperacoesDeduzidasDoLimite" order="3.0"/>
    <link:loc xlink:type="locator" xlink:href="../../../cor/ic/siconfi-cor_2020-12-31.xsd#siconfi-cor_OperacoesDeduzidasDoLimiteAmortizacaoRefinanciamentoDoPrincipalDeDividas" xlink:label="OperacoesDeduzidasDoLimiteAmortizacaoRefinanciamentoDoPrincipalDeDividas" xlink:title="OperacoesDeduzidasDoLimiteAmortizacaoRefinanciamentoDoPrincipalDeDividas"/>
    <link:presentationArc xlink:type="arc" xlink:arcrole="http://www.xbrl.org/2003/arcrole/parent-child" xlink:from="OperacoesDeduzidasDoLimite" xlink:to="OperacoesDeduzidasDoLimiteAmortizacaoRefinanciamentoDoPrincipalDeDividas" xlink:title="presentation: OperacoesDeduzidasDoLimite to OperacoesDeduzidasDoLimiteAmortizacaoRefinanciamentoDoPrincipalDeDividas" order="1.0"/>
    <link:loc xlink:type="locator" xlink:href="../../../cor/ic/siconfi-cor_2020-12-31.xsd#siconfi-cor_OperacoesDeduzidasDoLimiteCancelamentoDeTitulosAceitosEmLeiloesDeTrocas" xlink:label="OperacoesDeduzidasDoLimiteCancelamentoDeTitulosAceitosEmLeiloesDeTrocas" xlink:title="OperacoesDeduzidasDoLimiteCancelamentoDeTitulosAceitosEmLeiloesDeTrocas"/>
    <link:presentationArc xlink:type="arc" xlink:arcrole="http://www.xbrl.org/2003/arcrole/parent-child" xlink:from="OperacoesDeduzidasDoLimite" xlink:to="OperacoesDeduzidasDoLimiteCancelamentoDeTitulosAceitosEmLeiloesDeTrocas" xlink:title="presentation: OperacoesDeduzidasDoLimite to OperacoesDeduzidasDoLimiteCancelamentoDeTitulosAceitosEmLeiloesDeTrocas" order="2.0"/>
    <link:loc xlink:type="locator" xlink:href="../../../cor/ic/siconfi-cor_2020-12-31.xsd#siconfi-cor_OperacoesDeduzidasDoLimiteAporteBacen" xlink:label="OperacoesDeduzidasDoLimiteAporteBacen" xlink:title="OperacoesDeduzidasDoLimiteAporteBacen"/>
    <link:presentationArc xlink:type="arc" xlink:arcrole="http://www.xbrl.org/2003/arcrole/parent-child" xlink:from="OperacoesDeduzidasDoLimite" xlink:to="OperacoesDeduzidasDoLimiteAporteBacen" xlink:title="presentation: OperacoesDeduzidasDoLimite to OperacoesDeduzidasDoLimiteAporteBacen" order="3.0"/>
    <link:loc xlink:type="locator" xlink:href="../../../cor/ic/siconfi-cor_2020-12-31.xsd#siconfi-cor_OperacoesDeduzidasDoLimiteConcessaoDeGarantias" xlink:label="OperacoesDeduzidasDoLimiteConcessaoDeGarantias" xlink:title="OperacoesDeduzidasDoLimiteConcessaoDeGarantias"/>
    <link:presentationArc xlink:type="arc" xlink:arcrole="http://www.xbrl.org/2003/arcrole/parent-child" xlink:from="OperacoesDeduzidasDoLimite" xlink:to="OperacoesDeduzidasDoLimiteConcessaoDeGarantias" xlink:title="presentation: OperacoesDeduzidasDoLimite to OperacoesDeduzidasDoLimiteConcessaoDeGarantias" order="4.0"/>
    <link:loc xlink:type="locator" xlink:href="../../../cor/ic/siconfi-cor_2020-12-31.xsd#siconfi-cor_TotalConsideradoParaFinsDaApuracaoDoCumprimentoDoLimiteOperacoesDeCredito" xlink:label="TotalConsideradoParaFinsDaApuracaoDoCumprimentoDoLimiteOperacoesDeCredito" xlink:title="TotalConsideradoParaFinsDaApuracaoDoCumprimentoDoLimiteOperacoesDeCredito"/>
    <link:presentationArc xlink:type="arc" xlink:arcrole="http://www.xbrl.org/2003/arcrole/parent-child" xlink:from="ApuracaoDoCumprimentoDosLimitesLineItems" xlink:to="TotalConsideradoParaFinsDaApuracaoDoCumprimentoDoLimiteOperacoesDeCredito" xlink:title="presentation: ApuracaoDoCumprimentoDosLimitesLineItems to TotalConsideradoParaFinsDaApuracaoDoCumprimentoDoLimiteOperacoesDeCredito" order="4.0"/>
    <link:loc xlink:type="locator" xlink:href="../../../cor/ic/siconfi-cor_2020-12-31.xsd#siconfi-cor_LimiteGeralDefinidoPorResolucaoDoSenadoFederalParaAsOperacoesDeCreditoInternasEExternas" xlink:label="LimiteGeralDefinidoPorResolucaoDoSenadoFederalParaAsOperacoesDeCreditoInternasEExternas" xlink:title="LimiteGeralDefinidoPorResolucaoDoSenadoFederalParaAsOperacoesDeCreditoInternasEExternas"/>
    <link:presentationArc xlink:type="arc" xlink:arcrole="http://www.xbrl.org/2003/arcrole/parent-child" xlink:from="ApuracaoDoCumprimentoDosLimitesLineItems" xlink:to="LimiteGeralDefinidoPorResolucaoDoSenadoFederalParaAsOperacoesDeCreditoInternasEExternas" xlink:title="presentation: ApuracaoDoCumprimentoDosLimitesLineItems to LimiteGeralDefinidoPorResolucaoDoSenadoFederalParaAsOperacoesDeCreditoInternasEExternas" order="5.0"/>
    <link:loc xlink:type="locator" xlink:href="../../../cor/ic/siconfi-cor_2020-12-31.xsd#siconfi-cor_OperacoesDeCreditoPorAntecipacaoDaReceitaOrcamentaria" xlink:label="OperacoesDeCreditoPorAntecipacaoDaReceitaOrcamentaria" xlink:title="OperacoesDeCreditoPorAntecipacaoDaReceitaOrcamentaria"/>
    <link:presentationArc xlink:type="arc" xlink:arcrole="http://www.xbrl.org/2003/arcrole/parent-child" xlink:from="ApuracaoDoCumprimentoDosLimitesLineItems" xlink:to="OperacoesDeCreditoPorAntecipacaoDaReceitaOrcamentaria" xlink:title="presentation: ApuracaoDoCumprimentoDosLimitesLineItems to OperacoesDeCreditoPorAntecipacaoDaReceitaOrcamentaria" order="6.0"/>
    <link:loc xlink:type="locator" xlink:href="../../../cor/ic/siconfi-cor_2020-12-31.xsd#siconfi-cor_LimiteDefinidoPorResolucaoDoSenadoFederalParaAsOperacoesDeCreditoPorAntecipacaoDaReceitaOrcamentaria" xlink:label="LimiteDefinidoPorResolucaoDoSenadoFederalParaAsOperacoesDeCreditoPorAntecipacaoDaReceitaOrcamentaria" xlink:title="LimiteDefinidoPorResolucaoDoSenadoFederalParaAsOperacoesDeCreditoPorAntecipacaoDaReceitaOrcamentaria"/>
    <link:presentationArc xlink:type="arc" xlink:arcrole="http://www.xbrl.org/2003/arcrole/parent-child" xlink:from="ApuracaoDoCumprimentoDosLimitesLineItems" xlink:to="LimiteDefinidoPorResolucaoDoSenadoFederalParaAsOperacoesDeCreditoPorAntecipacaoDaReceitaOrcamentaria" xlink:title="presentation: ApuracaoDoCumprimentoDosLimitesLineItems to LimiteDefinidoPorResolucaoDoSenadoFederalParaAsOperacoesDeCreditoPorAntecipacaoDaReceitaOrcamentaria" order="7.0"/>
    <link:loc xlink:type="locator" xlink:href="siconfi-rgf-anexo4uniao_2020-12-31.xsd#siconfi-rgf-anexo4uniao_ApuracaoDoCumprimentoDosLimitesTable" xlink:label="ApuracaoDoCumprimentoDosLimitesTable" xlink:title="ApuracaoDoCumprimentoDosLimitesTable"/>
    <link:presentationArc xlink:type="arc" xlink:arcrole="http://www.xbrl.org/2003/arcrole/parent-child" xlink:from="ApuracaoDoCumprimentoDosLimitesAbstract" xlink:to="ApuracaoDoCumprimentoDosLimitesTable" xlink:title="presentation: ApuracaoDoCumprimentoDosLimitesAbstract to ApuracaoDoCumprimentoDosLimitesTable" order="2.0" xbrldt:contextElement="segment" xbrldt:closed="true"/>
    <link:loc xlink:type="locator" xlink:href="../../../cor/dim/siconfi-dim_2020-12-31.xsd#siconfi-dim_ApuracaoOperacoesDeCreditoAxis" xlink:label="ApuracaoOperacoesDeCreditoAxis" xlink:title="ApuracaoOperacoesDeCreditoAxis"/>
    <link:presentationArc xlink:type="arc" xlink:arcrole="http://www.xbrl.org/2003/arcrole/parent-child" xlink:from="ApuracaoDoCumprimentoDosLimitesTable" xlink:to="ApuracaoOperacoesDeCreditoAxis" xlink:title="presentation: ApuracaoDoCumprimentoDosLimitesTable to ApuracaoOperacoesDeCreditoAxis" order="1.0"/>
    <link:loc xlink:type="locator" xlink:href="../../../cor/dim/siconfi-dim_2020-12-31.xsd#siconfi-dim_ApuracaoValorMember" xlink:label="ApuracaoValorMember" xlink:title="ApuracaoValorMember"/>
    <link:presentationArc xlink:type="arc" xlink:arcrole="http://www.xbrl.org/2003/arcrole/parent-child" xlink:from="ApuracaoOperacoesDeCreditoAxis" xlink:to="ApuracaoValorMember" xlink:title="presentation: ApuracaoOperacoesDeCreditoAxis to ApuracaoValorMember" order="1.0"/>
    <link:loc xlink:type="locator" xlink:href="../../../cor/dim/siconfi-dim_2020-12-31.xsd#siconfi-dim_ApuracaoPercentualSobreARCLMember" xlink:label="ApuracaoPercentualSobreARCLMember" xlink:title="ApuracaoPercentualSobreARCLMember"/>
    <link:presentationArc xlink:type="arc" xlink:arcrole="http://www.xbrl.org/2003/arcrole/parent-child" xlink:from="ApuracaoOperacoesDeCreditoAxis" xlink:to="ApuracaoPercentualSobreARCLMember" xlink:title="presentation: ApuracaoOperacoesDeCreditoAxis to ApuracaoPercentualSobreARCLMember" order="2.0"/>
    <link:loc xlink:type="locator" xlink:href="siconfi-rgf-anexo4uniao_2020-12-31.xsd#siconfi-rgf-anexo4uniao_OperacoesDeCreditoAbstract" xlink:label="OperacoesDeCreditoAbstract" xlink:title="OperacoesDeCreditoAbstract"/>
    <link:presentationArc xlink:type="arc" xlink:arcrole="http://www.xbrl.org/2003/arcrole/parent-child" xlink:from="DemonstrativoAnexo4Abstract" xlink:to="OperacoesDeCreditoAbstract" xlink:title="presentation: DemonstrativoAnexo4Abstract to OperacoesDeCreditoAbstract" order="1.0"/>
    <link:loc xlink:type="locator" xlink:href="siconfi-rgf-anexo4uniao_2020-12-31.xsd#siconfi-rgf-anexo4uniao_OperacoesDeCreditoLineItems" xlink:label="OperacoesDeCreditoLineItems" xlink:title="OperacoesDeCreditoLineItems"/>
    <link:presentationArc xlink:type="arc" xlink:arcrole="http://www.xbrl.org/2003/arcrole/parent-child" xlink:from="OperacoesDeCreditoAbstract" xlink:to="OperacoesDeCreditoLineItems" xlink:title="presentation: OperacoesDeCreditoAbstract to OperacoesDeCreditoLineItems" order="1.0"/>
    <link:loc xlink:type="locator" xlink:href="../../../cor/ic/siconfi-cor_2020-12-31.xsd#siconfi-cor_OperacoesDeCreditoSujeitasAoLimiteParaFinsDeContratacao" xlink:label="OperacoesDeCreditoSujeitasAoLimiteParaFinsDeContratacao" xlink:title="OperacoesDeCreditoSujeitasAoLimiteParaFinsDeContratacao"/>
    <link:presentationArc xlink:type="arc" xlink:arcrole="http://www.xbrl.org/2003/arcrole/parent-child" xlink:from="OperacoesDeCreditoLineItems" xlink:to="OperacoesDeCreditoSujeitasAoLimiteParaFinsDeContratacao" xlink:title="presentation: OperacoesDeCreditoLineItems to OperacoesDeCreditoSujeitasAoLimiteParaFinsDeContratacao" order="1.0"/>
    <link:loc xlink:type="locator" xlink:href="../../../cor/ic/siconfi-cor_2020-12-31.xsd#siconfi-cor_OperacoesDeCreditoMobiliaria" xlink:label="OperacoesDeCreditoMobiliaria" xlink:title="OperacoesDeCreditoMobiliaria"/>
    <link:presentationArc xlink:type="arc" xlink:arcrole="http://www.xbrl.org/2003/arcrole/parent-child" xlink:from="OperacoesDeCreditoSujeitasAoLimiteParaFinsDeContratacao" xlink:to="OperacoesDeCreditoMobiliaria" xlink:title="presentation: OperacoesDeCreditoSujeitasAoLimiteParaFinsDeContratacao to OperacoesDeCreditoMobiliaria" order="1.0"/>
    <link:loc xlink:type="locator" xlink:href="../../../cor/ic/siconfi-cor_2020-12-31.xsd#siconfi-cor_OperacoesDeCreditoMobiliariaInterna" xlink:label="OperacoesDeCreditoMobiliariaInterna" xlink:title="OperacoesDeCreditoMobiliariaInterna"/>
    <link:presentationArc xlink:type="arc" xlink:arcrole="http://www.xbrl.org/2003/arcrole/parent-child" xlink:from="OperacoesDeCreditoMobiliaria" xlink:to="OperacoesDeCreditoMobiliariaInterna" xlink:title="presentation: OperacoesDeCreditoMobiliaria to OperacoesDeCreditoMobiliariaInterna" order="1.0"/>
    <link:loc xlink:type="locator" xlink:href="../../../cor/ic/siconfi-cor_2020-12-31.xsd#siconfi-cor_OperacoesDeCreditoMobiliariaInternaRefinanciamento" xlink:label="OperacoesDeCreditoMobiliariaInternaRefinanciamento" xlink:title="OperacoesDeCreditoMobiliariaInternaRefinanciamento"/>
    <link:presentationArc xlink:type="arc" xlink:arcrole="http://www.xbrl.org/2003/arcrole/parent-child" xlink:from="OperacoesDeCreditoMobiliariaInterna" xlink:to="OperacoesDeCreditoMobiliariaInternaRefinanciamento" xlink:title="presentation: OperacoesDeCreditoMobiliariaInterna to OperacoesDeCreditoMobiliariaInternaRefinanciamento" order="1.0"/>
    <link:loc xlink:type="locator" xlink:href="../../../cor/ic/siconfi-cor_2020-12-31.xsd#siconfi-cor_OperacoesDeCreditoMobiliariaInternaAssuncaoReconhecimentoEConfissaoDeDividas" xlink:label="OperacoesDeCreditoMobiliariaInternaAssuncaoReconhecimentoEConfissaoDeDividas" xlink:title="OperacoesDeCreditoMobiliariaInternaAssuncaoReconhecimentoEConfissaoDeDividas"/>
    <link:presentationArc xlink:type="arc" xlink:arcrole="http://www.xbrl.org/2003/arcrole/parent-child" xlink:from="OperacoesDeCreditoMobiliariaInterna" xlink:to="OperacoesDeCreditoMobiliariaInternaAssuncaoReconhecimentoEConfissaoDeDividas" xlink:title="presentation: OperacoesDeCreditoMobiliariaInterna to OperacoesDeCreditoMobiliariaInternaAssuncaoReconhecimentoEConfissaoDeDividas" order="2.0"/>
    <link:loc xlink:type="locator" xlink:href="../../../cor/ic/siconfi-cor_2020-12-31.xsd#siconfi-cor_OperacoesDeCreditoMobiliariaInternaOutrasInternasOrcamentarias" xlink:label="OperacoesDeCreditoMobiliariaInternaOutrasInternasOrcamentarias" xlink:title="OperacoesDeCreditoMobiliariaInternaOutrasInternasOrcamentarias"/>
    <link:presentationArc xlink:type="arc" xlink:arcrole="http://www.xbrl.org/2003/arcrole/parent-child" xlink:from="OperacoesDeCreditoMobiliariaInterna" xlink:to="OperacoesDeCreditoMobiliariaInternaOutrasInternasOrcamentarias" xlink:title="presentation: OperacoesDeCreditoMobiliariaInterna to OperacoesDeCreditoMobiliariaInternaOutrasInternasOrcamentarias" order="3.0"/>
    <link:loc xlink:type="locator" xlink:href="../../../cor/ic/siconfi-cor_2020-12-31.xsd#siconfi-cor_OperacoesDeCreditoMobiliariaInternaOutrasInternasExtraorcamentarias" xlink:label="OperacoesDeCreditoMobiliariaInternaOutrasInternasExtraorcamentarias" xlink:title="OperacoesDeCreditoMobiliariaInternaOutrasInternasExtraorcamentarias"/>
    <link:presentationArc xlink:type="arc" xlink:arcrole="http://www.xbrl.org/2003/arcrole/parent-child" xlink:from="OperacoesDeCreditoMobiliariaInterna" xlink:to="OperacoesDeCreditoMobiliariaInternaOutrasInternasExtraorcamentarias" xlink:title="presentation: OperacoesDeCreditoMobiliariaInterna to OperacoesDeCreditoMobiliariaInternaOutrasInternasExtraorcamentarias" order="4.0"/>
    <link:loc xlink:type="locator" xlink:href="../../../cor/ic/siconfi-cor_2020-12-31.xsd#siconfi-cor_OperacoesDeCreditoMobiliariaInternaOutrasInternasExtraorcamentariasAporteBacen" xlink:label="OperacoesDeCreditoMobiliariaInternaOutrasInternasExtraorcamentariasAporteBacen" xlink:title="OperacoesDeCreditoMobiliariaInternaOutrasInternasExtraorcamentariasAporteBacen"/>
    <link:presentationArc xlink:type="arc" xlink:arcrole="http://www.xbrl.org/2003/arcrole/parent-child" xlink:from="OperacoesDeCreditoMobiliariaInternaOutrasInternasExtraorcamentarias" xlink:to="OperacoesDeCreditoMobiliariaInternaOutrasInternasExtraorcamentariasAporteBacen" xlink:title="presentation: OperacoesDeCreditoMobiliariaInternaOutrasInternasExtraorcamentarias to OperacoesDeCreditoMobiliariaInternaOutrasInternasExtraorcamentariasAporteBacen" order="1.0"/>
    <link:loc xlink:type="locator" xlink:href="../../../cor/ic/siconfi-cor_2020-12-31.xsd#siconfi-cor_OperacoesDeCreditoMobiliariaInternaOutrasInternasExtraorcamentariasAportesEmEmpresas" xlink:label="OperacoesDeCreditoMobiliariaInternaOutrasInternasExtraorcamentariasAportesEmEmpresas" xlink:title="OperacoesDeCreditoMobiliariaInternaOutrasInternasExtraorcamentariasAportesEmEmpresas"/>
    <link:presentationArc xlink:type="arc" xlink:arcrole="http://www.xbrl.org/2003/arcrole/parent-child" xlink:from="OperacoesDeCreditoMobiliariaInternaOutrasInternasExtraorcamentarias" xlink:to="OperacoesDeCreditoMobiliariaInternaOutrasInternasExtraorcamentariasAportesEmEmpresas" xlink:title="presentation: OperacoesDeCreditoMobiliariaInternaOutrasInternasExtraorcamentarias to OperacoesDeCreditoMobiliariaInternaOutrasInternasExtraorcamentariasAportesEmEmpresas" order="2.0"/>
    <link:loc xlink:type="locator" xlink:href="../../../cor/ic/siconfi-cor_2020-12-31.xsd#siconfi-cor_OperacoesDeCreditoMobiliariaInternaOutrasInternasExtraorcamentariasTrocasEDemaisOperacoes" xlink:label="OperacoesDeCreditoMobiliariaInternaOutrasInternasExtraorcamentariasTrocasEDemaisOperacoes" xlink:title="OperacoesDeCreditoMobiliariaInternaOutrasInternasExtraorcamentariasTrocasEDemaisOperacoes"/>
    <link:presentationArc xlink:type="arc" xlink:arcrole="http://www.xbrl.org/2003/arcrole/parent-child" xlink:from="OperacoesDeCreditoMobiliariaInternaOutrasInternasExtraorcamentarias" xlink:to="OperacoesDeCreditoMobiliariaInternaOutrasInternasExtraorcamentariasTrocasEDemaisOperacoes" xlink:title="presentation: OperacoesDeCreditoMobiliariaInternaOutrasInternasExtraorcamentarias to OperacoesDeCreditoMobiliariaInternaOutrasInternasExtraorcamentariasTrocasEDemaisOperacoes" order="3.0"/>
    <link:loc xlink:type="locator" xlink:href="../../../cor/ic/siconfi-cor_2020-12-31.xsd#siconfi-cor_OperacoesDeCreditoMobiliariaExterna" xlink:label="OperacoesDeCreditoMobiliariaExterna" xlink:title="OperacoesDeCreditoMobiliariaExterna"/>
    <link:presentationArc xlink:type="arc" xlink:arcrole="http://www.xbrl.org/2003/arcrole/parent-child" xlink:from="OperacoesDeCreditoMobiliaria" xlink:to="OperacoesDeCreditoMobiliariaExterna" xlink:title="presentation: OperacoesDeCreditoMobiliaria to OperacoesDeCreditoMobiliariaExterna" order="2.0"/>
    <link:loc xlink:type="locator" xlink:href="../../../cor/ic/siconfi-cor_2020-12-31.xsd#siconfi-cor_OperacoesDeCreditoMobiliariaExternaRefinanciamento" xlink:label="OperacoesDeCreditoMobiliariaExternaRefinanciamento" xlink:title="OperacoesDeCreditoMobiliariaExternaRefinanciamento"/>
    <link:presentationArc xlink:type="arc" xlink:arcrole="http://www.xbrl.org/2003/arcrole/parent-child" xlink:from="OperacoesDeCreditoMobiliariaExterna" xlink:to="OperacoesDeCreditoMobiliariaExternaRefinanciamento" xlink:title="presentation: OperacoesDeCreditoMobiliariaExterna to OperacoesDeCreditoMobiliariaExternaRefinanciamento" order="1.0"/>
    <link:loc xlink:type="locator" xlink:href="../../../cor/ic/siconfi-cor_2020-12-31.xsd#siconfi-cor_OperacoesDeCreditoMobiliariaExternaAssuncaoReconhecimentoEConfissaoDeDividas" xlink:label="OperacoesDeCreditoMobiliariaExternaAssuncaoReconhecimentoEConfissaoDeDividas" xlink:title="OperacoesDeCreditoMobiliariaExternaAssuncaoReconhecimentoEConfissaoDeDividas"/>
    <link:presentationArc xlink:type="arc" xlink:arcrole="http://www.xbrl.org/2003/arcrole/parent-child" xlink:from="OperacoesDeCreditoMobiliariaExterna" xlink:to="OperacoesDeCreditoMobiliariaExternaAssuncaoReconhecimentoEConfissaoDeDividas" xlink:title="presentation: OperacoesDeCreditoMobiliariaExterna to OperacoesDeCreditoMobiliariaExternaAssuncaoReconhecimentoEConfissaoDeDividas" order="2.0"/>
    <link:loc xlink:type="locator" xlink:href="../../../cor/ic/siconfi-cor_2020-12-31.xsd#siconfi-cor_OperacoesDeCreditoMobiliariaExternaOutrasOperacoesMobiliariasExternas" xlink:label="OperacoesDeCreditoMobiliariaExternaOutrasOperacoesMobiliariasExternas" xlink:title="OperacoesDeCreditoMobiliariaExternaOutrasOperacoesMobiliariasExternas"/>
    <link:presentationArc xlink:type="arc" xlink:arcrole="http://www.xbrl.org/2003/arcrole/parent-child" xlink:from="OperacoesDeCreditoMobiliariaExterna" xlink:to="OperacoesDeCreditoMobiliariaExternaOutrasOperacoesMobiliariasExternas" xlink:title="presentation: OperacoesDeCreditoMobiliariaExterna to OperacoesDeCreditoMobiliariaExternaOutrasOperacoesMobiliariasExternas" order="3.0"/>
    <link:loc xlink:type="locator" xlink:href="../../../cor/ic/siconfi-cor_2020-12-31.xsd#siconfi-cor_OperacoesDeCreditoContratual" xlink:label="OperacoesDeCreditoContratual" xlink:title="OperacoesDeCreditoContratual"/>
    <link:presentationArc xlink:type="arc" xlink:arcrole="http://www.xbrl.org/2003/arcrole/parent-child" xlink:from="OperacoesDeCreditoSujeitasAoLimiteParaFinsDeContratacao" xlink:to="OperacoesDeCreditoContratual" xlink:title="presentation: OperacoesDeCreditoSujeitasAoLimiteParaFinsDeContratacao to OperacoesDeCreditoContratual" order="2.0"/>
    <link:loc xlink:type="locator" xlink:href="../../../cor/ic/siconfi-cor_2020-12-31.xsd#siconfi-cor_OperacoesDeCreditoContratualInterna" xlink:label="OperacoesDeCreditoContratualInterna" xlink:title="OperacoesDeCreditoContratualInterna"/>
    <link:presentationArc xlink:type="arc" xlink:arcrole="http://www.xbrl.org/2003/arcrole/parent-child" xlink:from="OperacoesDeCreditoContratual" xlink:to="OperacoesDeCreditoContratualInterna" xlink:title="presentation: OperacoesDeCreditoContratual to OperacoesDeCreditoContratualInterna" order="1.0"/>
    <link:loc xlink:type="locator" xlink:href="../../../cor/ic/siconfi-cor_2020-12-31.xsd#siconfi-cor_OperacoesDeCreditoContratualInternaAberturaDeCredito" xlink:label="OperacoesDeCreditoContratualInternaAberturaDeCredito" xlink:title="OperacoesDeCreditoContratualInternaAberturaDeCredito"/>
    <link:presentationArc xlink:type="arc" xlink:arcrole="http://www.xbrl.org/2003/arcrole/parent-child" xlink:from="OperacoesDeCreditoContratualInterna" xlink:to="OperacoesDeCreditoContratualInternaAberturaDeCredito" xlink:title="presentation: OperacoesDeCreditoContratualInterna to OperacoesDeCreditoContratualInternaAberturaDeCredito" order="1.0"/>
    <link:loc xlink:type="locator" xlink:href="../../../cor/ic/siconfi-cor_2020-12-31.xsd#siconfi-cor_OperacoesDeCreditoContratualInternaAssuncaoReconhecimentoEConfissaoDeDividas" xlink:label="OperacoesDeCreditoContratualInternaAssuncaoReconhecimentoEConfissaoDeDividas" xlink:title="OperacoesDeCreditoContratualInternaAssuncaoReconhecimentoEConfissaoDeDividas"/>
    <link:presentationArc xlink:type="arc" xlink:arcrole="http://www.xbrl.org/2003/arcrole/parent-child" xlink:from="OperacoesDeCreditoContratualInterna" xlink:to="OperacoesDeCreditoContratualInternaAssuncaoReconhecimentoEConfissaoDeDividas" xlink:title="presentation: OperacoesDeCreditoContratualInterna to OperacoesDeCreditoContratualInternaAssuncaoReconhecimentoEConfissaoDeDividas" order="2.0"/>
    <link:loc xlink:type="locator" xlink:href="../../../cor/ic/siconfi-cor_2020-12-31.xsd#siconfi-cor_OperacoesDeCreditoContratualInternaOutrasOperacoesDeCredito" xlink:label="OperacoesDeCreditoContratualInternaOutrasOperacoesDeCredito" xlink:title="OperacoesDeCreditoContratualInternaOutrasOperacoesDeCredito"/>
    <link:presentationArc xlink:type="arc" xlink:arcrole="http://www.xbrl.org/2003/arcrole/parent-child" xlink:from="OperacoesDeCreditoContratualInterna" xlink:to="OperacoesDeCreditoContratualInternaOutrasOperacoesDeCredito" xlink:title="presentation: OperacoesDeCreditoContratualInterna to OperacoesDeCreditoContratualInternaOutrasOperacoesDeCredito" order="3.0"/>
    <link:loc xlink:type="locator" xlink:href="../../../cor/ic/siconfi-cor_2020-12-31.xsd#siconfi-cor_OperacoesDeCreditoContratualExterna" xlink:label="OperacoesDeCreditoContratualExterna" xlink:title="OperacoesDeCreditoContratualExterna"/>
    <link:presentationArc xlink:type="arc" xlink:arcrole="http://www.xbrl.org/2003/arcrole/parent-child" xlink:from="OperacoesDeCreditoContratual" xlink:to="OperacoesDeCreditoContratualExterna" xlink:title="presentation: OperacoesDeCreditoContratual to OperacoesDeCreditoContratualExterna" order="2.0"/>
    <link:loc xlink:type="locator" xlink:href="../../../cor/ic/siconfi-cor_2020-12-31.xsd#siconfi-cor_OperacoesDeCreditoContratualExternaAberturaDeCreditoOrcamentarias" xlink:label="OperacoesDeCreditoContratualExternaAberturaDeCreditoOrcamentarias" xlink:title="OperacoesDeCreditoContratualExternaAberturaDeCreditoOrcamentarias"/>
    <link:presentationArc xlink:type="arc" xlink:arcrole="http://www.xbrl.org/2003/arcrole/parent-child" xlink:from="OperacoesDeCreditoContratualExterna" xlink:to="OperacoesDeCreditoContratualExternaAberturaDeCreditoOrcamentarias" xlink:title="presentation: OperacoesDeCreditoContratualExterna to OperacoesDeCreditoContratualExternaAberturaDeCreditoOrcamentarias" order="1.0"/>
    <link:loc xlink:type="locator" xlink:href="../../../cor/ic/siconfi-cor_2020-12-31.xsd#siconfi-cor_OperacoesDeCreditoContratualExternaAberturaDeCreditoExtraorcamentarias" xlink:label="OperacoesDeCreditoContratualExternaAberturaDeCreditoExtraorcamentarias" xlink:title="OperacoesDeCreditoContratualExternaAberturaDeCreditoExtraorcamentarias"/>
    <link:presentationArc xlink:type="arc" xlink:arcrole="http://www.xbrl.org/2003/arcrole/parent-child" xlink:from="OperacoesDeCreditoContratualExterna" xlink:to="OperacoesDeCreditoContratualExternaAberturaDeCreditoExtraorcamentarias" xlink:title="presentation: OperacoesDeCreditoContratualExterna to OperacoesDeCreditoContratualExternaAberturaDeCreditoExtraorcamentarias" order="2.0"/>
    <link:loc xlink:type="locator" xlink:href="../../../cor/ic/siconfi-cor_2020-12-31.xsd#siconfi-cor_OperacoesDeCreditoContratualExternaAssuncaoReconhecimentoEConfissaoDeDividas" xlink:label="OperacoesDeCreditoContratualExternaAssuncaoReconhecimentoEConfissaoDeDividas" xlink:title="OperacoesDeCreditoContratualExternaAssuncaoReconhecimentoEConfissaoDeDividas"/>
    <link:presentationArc xlink:type="arc" xlink:arcrole="http://www.xbrl.org/2003/arcrole/parent-child" xlink:from="OperacoesDeCreditoContratualExterna" xlink:to="OperacoesDeCreditoContratualExternaAssuncaoReconhecimentoEConfissaoDeDividas" xlink:title="presentation: OperacoesDeCreditoContratualExterna to OperacoesDeCreditoContratualExternaAssuncaoReconhecimentoEConfissaoDeDividas" order="3.0"/>
    <link:loc xlink:type="locator" xlink:href="../../../cor/ic/siconfi-cor_2020-12-31.xsd#siconfi-cor_OperacoesDeCreditoContratualExternaOutrasOperacoesContratuaisExternas" xlink:label="OperacoesDeCreditoContratualExternaOutrasOperacoesContratuaisExternas" xlink:title="OperacoesDeCreditoContratualExternaOutrasOperacoesContratuaisExternas"/>
    <link:presentationArc xlink:type="arc" xlink:arcrole="http://www.xbrl.org/2003/arcrole/parent-child" xlink:from="OperacoesDeCreditoContratualExterna" xlink:to="OperacoesDeCreditoContratualExternaOutrasOperacoesContratuaisExternas" xlink:title="presentation: OperacoesDeCreditoContratualExterna to OperacoesDeCreditoContratualExternaOutrasOperacoesContratuaisExternas" order="4.0"/>
    <link:loc xlink:type="locator" xlink:href="siconfi-rgf-anexo4uniao_2020-12-31.xsd#siconfi-rgf-anexo4uniao_OperacoesDeCreditoTable" xlink:label="OperacoesDeCreditoTable" xlink:title="OperacoesDeCreditoTable"/>
    <link:presentationArc xlink:type="arc" xlink:arcrole="http://www.xbrl.org/2003/arcrole/parent-child" xlink:from="OperacoesDeCreditoAbstract" xlink:to="OperacoesDeCreditoTable" xlink:title="presentation: OperacoesDeCreditoAbstract to OperacoesDeCreditoTable" order="2.0" xbrldt:contextElement="segment" xbrldt:closed="true"/>
    <link:loc xlink:type="locator" xlink:href="../../../cor/dim/siconfi-dim_2020-12-31.xsd#siconfi-dim_ValorRealizadoPeriodoAxis" xlink:label="ValorRealizadoPeriodoAxis" xlink:title="ValorRealizadoPeriodoAxis"/>
    <link:presentationArc xlink:type="arc" xlink:arcrole="http://www.xbrl.org/2003/arcrole/parent-child" xlink:from="OperacoesDeCreditoTable" xlink:to="ValorRealizadoPeriodoAxis" xlink:title="presentation: OperacoesDeCreditoTable to ValorRealizadoPeriodoAxis" order="1.0"/>
    <link:loc xlink:type="locator" xlink:href="../../../cor/dim/siconfi-dim_2020-12-31.xsd#siconfi-dim_ValorMember" xlink:label="ValorMember" xlink:title="ValorMember"/>
    <link:presentationArc xlink:type="arc" xlink:arcrole="http://www.xbrl.org/2003/arcrole/parent-child" xlink:from="ValorRealizadoPeriodoAxis" xlink:to="ValorMember" xlink:title="presentation: ValorRealizadoPeriodoAxis to ValorMember" order="1.0" xbrldt:usable="false"/>
    <link:loc xlink:type="locator" xlink:href="../../../cor/dim/siconfi-dim_2020-12-31.xsd#siconfi-dim_NoQuadrimestreDeReferenciaMember" xlink:label="NoQuadrimestreDeReferenciaMember" xlink:title="NoQuadrimestreDeReferenciaMember"/>
    <link:presentationArc xlink:type="arc" xlink:arcrole="http://www.xbrl.org/2003/arcrole/parent-child" xlink:from="ValorMember" xlink:to="NoQuadrimestreDeReferenciaMember" xlink:title="presentation: ValorMember to NoQuadrimestreDeReferenciaMember" order="1.0"/>
    <link:loc xlink:type="locator" xlink:href="../../../cor/dim/siconfi-dim_2020-12-31.xsd#siconfi-dim_AteOQuadrimestreDeReferenciaMember" xlink:label="AteOQuadrimestreDeReferenciaMember" xlink:title="AteOQuadrimestreDeReferenciaMember"/>
    <link:presentationArc xlink:type="arc" xlink:arcrole="http://www.xbrl.org/2003/arcrole/parent-child" xlink:from="ValorMember" xlink:to="AteOQuadrimestreDeReferenciaMember" xlink:title="presentation: ValorMember to AteOQuadrimestreDeReferenciaMember" order="2.0"/>
  </link:presentationLink>
</link:linkbase>
