<?xml version="1.0" encoding="UTF-8"?>
<!-- Generated by Fujitsu Interstage XWand B0196 -->
<link:linkbase xmlns:xsi="http://www.w3.org/2001/XMLSchema-instance" xsi:schemaLocation="http://www.xbrl.org/2003/linkbase http://www.xbrl.org/2003/xbrl-linkbase-2003-12-31.xsd" xmlns:siconfi-rgf-anexo1mpu="http://fazenda.gov.br/siconfi/rep/rgf/anexo1mpu/siconfi-rgf-anexo1mpu_2020-12-31" xmlns:link="http://www.xbrl.org/2003/linkbase" xmlns:xbrldt="http://xbrl.org/2005/xbrldt" xmlns:xlink="http://www.w3.org/1999/xlink" xmlns:xbrli="http://www.xbrl.org/2003/instance">
  <link:roleRef roleURI="http://fazenda.gov.br/siconfi/rep/rgf/anexo1mpu/siconfi-rgf-anexo1-tabela1.1" xlink:type="simple" xlink:href="siconfi-rgf-anexo1mpu_2020-12-31.xsd#siconfi-rgf-anexo1-tabela1.1"/>
  <link:roleRef roleURI="http://fazenda.gov.br/siconfi/rep/rgf/anexo1mpu/siconfi-rgf-anexo1-tabela1.2" xlink:type="simple" xlink:href="siconfi-rgf-anexo1mpu_2020-12-31.xsd#siconfi-rgf-anexo1-tabela1.2"/>
  <link:roleRef roleURI="http://fazenda.gov.br/siconfi/rep/rgf/anexo1mpu/siconfi-rgf-anexo1-tabela1.1A" xlink:type="simple" xlink:href="siconfi-rgf-anexo1mpu_2020-12-31.xsd#siconfi-rgf-anexo1-tabela1.1A"/>
  <link:roleRef roleURI="http://fazenda.gov.br/siconfi/rep/rgf/anexo1mpu/siconfi-rgf-anexo1-tabela1.1B" xlink:type="simple" xlink:href="siconfi-rgf-anexo1mpu_2020-12-31.xsd#siconfi-rgf-anexo1-tabela1.1B"/>
  <link:presentationLink xlink:type="extended" xlink:role="http://fazenda.gov.br/siconfi/rep/rgf/anexo1mpu/siconfi-rgf-anexo1-tabela1.2">
    <link:loc xlink:type="locator" xlink:href="siconfi-rgf-anexo1mpu_2020-12-31.xsd#siconfi-rgf-anexo1_DemonstrativoAnexo1Abstract" xlink:label="DemonstrativoAnexo1Abstract" xlink:title="DemonstrativoAnexo1Abstract"/>
    <link:loc xlink:type="locator" xlink:href="siconfi-rgf-anexo1mpu_2020-12-31.xsd#siconfi-rgf-anexo1_TrajetoriaDeRetornoAoLimiteDaDespesaTotalComPessoalAbstract" xlink:label="TrajetoriaDeRetornoAoLimiteDaDespesaTotalComPessoalAbstract" xlink:title="TrajetoriaDeRetornoAoLimiteDaDespesaTotalComPessoalAbstract"/>
    <link:presentationArc xlink:type="arc" xlink:arcrole="http://www.xbrl.org/2003/arcrole/parent-child" xlink:from="DemonstrativoAnexo1Abstract" xlink:to="TrajetoriaDeRetornoAoLimiteDaDespesaTotalComPessoalAbstract" xlink:title="presentation: DemonstrativoAnexo1Abstract to TrajetoriaDeRetornoAoLimiteDaDespesaTotalComPessoalAbstract" order="1.0"/>
    <link:loc xlink:type="locator" xlink:href="siconfi-rgf-anexo1mpu_2020-12-31.xsd#siconfi-rgf-anexo1_TrajetoriaDeRetornoAoLimiteDaDespesaTotalComPessoalLineItems" xlink:label="TrajetoriaDeRetornoAoLimiteDaDespesaTotalComPessoalLineItems" xlink:title="TrajetoriaDeRetornoAoLimiteDaDespesaTotalComPessoalLineItems"/>
    <link:presentationArc xlink:type="arc" xlink:arcrole="http://www.xbrl.org/2003/arcrole/parent-child" xlink:from="TrajetoriaDeRetornoAoLimiteDaDespesaTotalComPessoalAbstract" xlink:to="TrajetoriaDeRetornoAoLimiteDaDespesaTotalComPessoalLineItems" xlink:title="presentation: TrajetoriaDeRetornoAoLimiteDaDespesaTotalComPessoalAbstract to TrajetoriaDeRetornoAoLimiteDaDespesaTotalComPessoalLineItems" order="1.0"/>
    <link:loc xlink:type="locator" xlink:href="../../../cor/ic/siconfi-cor_2020-12-31.xsd#siconfi-cor_PercentualTrajetoriaRetornoAoLimiteDaDespesaTotalComPessoal" xlink:label="PercentualTrajetoriaRetornoAoLimiteDaDespesaTotalComPessoal" xlink:title="PercentualTrajetoriaRetornoAoLimiteDaDespesaTotalComPessoal"/>
    <link:presentationArc xlink:type="arc" xlink:arcrole="http://www.xbrl.org/2003/arcrole/parent-child" xlink:from="TrajetoriaDeRetornoAoLimiteDaDespesaTotalComPessoalLineItems" xlink:to="PercentualTrajetoriaRetornoAoLimiteDaDespesaTotalComPessoal" xlink:title="presentation: TrajetoriaDeRetornoAoLimiteDaDespesaTotalComPessoalLineItems to PercentualTrajetoriaRetornoAoLimiteDaDespesaTotalComPessoal" order="1.0"/>
    <link:loc xlink:type="locator" xlink:href="siconfi-rgf-anexo1mpu_2020-12-31.xsd#siconfi-rgf-anexo1_TrajetoriaDeRetornoAoLimiteDaDespesaTotalComPessoalTable" xlink:label="TrajetoriaDeRetornoAoLimiteDaDespesaTotalComPessoalTable" xlink:title="TrajetoriaDeRetornoAoLimiteDaDespesaTotalComPessoalTable"/>
    <link:presentationArc xlink:type="arc" xlink:arcrole="http://www.xbrl.org/2003/arcrole/parent-child" xlink:from="TrajetoriaDeRetornoAoLimiteDaDespesaTotalComPessoalAbstract" xlink:to="TrajetoriaDeRetornoAoLimiteDaDespesaTotalComPessoalTable" xlink:title="presentation: TrajetoriaDeRetornoAoLimiteDaDespesaTotalComPessoalAbstract to TrajetoriaDeRetornoAoLimiteDaDespesaTotalComPessoalTable" order="2.0" xbrldt:contextElement="segment"/>
    <link:loc xlink:type="locator" xlink:href="../../../cor/dim/siconfi-dim_2020-12-31.xsd#siconfi-dim_ApuracaoDaTrajetoriaDeRetornoAoLimiteDaDTPAxis" xlink:label="ApuracaoDaTrajetoriaDeRetornoAoLimiteDaDTPAxis" xlink:title="ApuracaoDaTrajetoriaDeRetornoAoLimiteDaDTPAxis"/>
    <link:presentationArc xlink:type="arc" xlink:arcrole="http://www.xbrl.org/2003/arcrole/parent-child" xlink:from="TrajetoriaDeRetornoAoLimiteDaDespesaTotalComPessoalTable" xlink:to="ApuracaoDaTrajetoriaDeRetornoAoLimiteDaDTPAxis" xlink:title="presentation: TrajetoriaDeRetornoAoLimiteDaDespesaTotalComPessoalTable to ApuracaoDaTrajetoriaDeRetornoAoLimiteDaDTPAxis" order="1.0"/>
    <link:loc xlink:type="locator" xlink:href="../../../cor/dim/siconfi-dim_2020-12-31.xsd#siconfi-dim_ExercicioDeDescumprimentoDoLimiteMember" xlink:label="ExercicioDeDescumprimentoDoLimiteMember" xlink:title="ExercicioDeDescumprimentoDoLimiteMember"/>
    <link:presentationArc xlink:type="arc" xlink:arcrole="http://www.xbrl.org/2003/arcrole/parent-child" xlink:from="ApuracaoDaTrajetoriaDeRetornoAoLimiteDaDTPAxis" xlink:to="ExercicioDeDescumprimentoDoLimiteMember" xlink:title="presentation: ApuracaoDaTrajetoriaDeRetornoAoLimiteDaDTPAxis to ExercicioDeDescumprimentoDoLimiteMember" order="1.0" xbrldt:usable="false"/>
    <link:loc xlink:type="locator" xlink:href="../../../cor/dim/siconfi-dim_2020-12-31.xsd#siconfi-dim_NoQuadrimestreSemestreDeReferenciaMember" xlink:label="NoQuadrimestreSemestreDeReferenciaMember" xlink:title="NoQuadrimestreSemestreDeReferenciaMember"/>
    <link:presentationArc xlink:type="arc" xlink:arcrole="http://www.xbrl.org/2003/arcrole/parent-child" xlink:from="ExercicioDeDescumprimentoDoLimiteMember" xlink:to="NoQuadrimestreSemestreDeReferenciaMember" xlink:title="presentation: ExercicioDeDescumprimentoDoLimiteMember to NoQuadrimestreSemestreDeReferenciaMember" order="1.0"/>
    <link:loc xlink:type="locator" xlink:href="../../../cor/dim/siconfi-dim_2020-12-31.xsd#siconfi-dim_PercentualLimiteMaximoMember" xlink:label="PercentualLimiteMaximoMember" xlink:title="PercentualLimiteMaximoMember"/>
    <link:presentationArc xlink:type="arc" xlink:arcrole="http://www.xbrl.org/2003/arcrole/parent-child" xlink:from="NoQuadrimestreSemestreDeReferenciaMember" xlink:to="PercentualLimiteMaximoMember" xlink:title="presentation: NoQuadrimestreSemestreDeReferenciaMember to PercentualLimiteMaximoMember" order="1.0"/>
    <link:loc xlink:type="locator" xlink:href="../../../cor/dim/siconfi-dim_2020-12-31.xsd#siconfi-dim_PercentualApuradoMember" xlink:label="PercentualApuradoMember" xlink:title="PercentualApuradoMember"/>
    <link:presentationArc xlink:type="arc" xlink:arcrole="http://www.xbrl.org/2003/arcrole/parent-child" xlink:from="NoQuadrimestreSemestreDeReferenciaMember" xlink:to="PercentualApuradoMember" xlink:title="presentation: NoQuadrimestreSemestreDeReferenciaMember to PercentualApuradoMember" order="2.0"/>
    <link:loc xlink:type="locator" xlink:href="../../../cor/dim/siconfi-dim_2020-12-31.xsd#siconfi-dim_PercentualExcedenteMember" xlink:label="PercentualExcedenteMember" xlink:title="PercentualExcedenteMember"/>
    <link:presentationArc xlink:type="arc" xlink:arcrole="http://www.xbrl.org/2003/arcrole/parent-child" xlink:from="NoQuadrimestreSemestreDeReferenciaMember" xlink:to="PercentualExcedenteMember" xlink:title="presentation: NoQuadrimestreSemestreDeReferenciaMember to PercentualExcedenteMember" order="3.0"/>
    <link:loc xlink:type="locator" xlink:href="../../../cor/dim/siconfi-dim_2020-12-31.xsd#siconfi-dim_PrimeiroExercicioDoPeriodoSeguinteMember" xlink:label="PrimeiroExercicioDoPeriodoSeguinteMember" xlink:title="PrimeiroExercicioDoPeriodoSeguinteMember"/>
    <link:presentationArc xlink:type="arc" xlink:arcrole="http://www.xbrl.org/2003/arcrole/parent-child" xlink:from="ApuracaoDaTrajetoriaDeRetornoAoLimiteDaDTPAxis" xlink:to="PrimeiroExercicioDoPeriodoSeguinteMember" xlink:title="presentation: ApuracaoDaTrajetoriaDeRetornoAoLimiteDaDTPAxis to PrimeiroExercicioDoPeriodoSeguinteMember" order="2.0" xbrldt:usable="false"/>
    <link:loc xlink:type="locator" xlink:href="../../../cor/dim/siconfi-dim_2020-12-31.xsd#siconfi-dim_PrimeiroPeriodoSeguinteMember" xlink:label="PrimeiroPeriodoSeguinteMember" xlink:title="PrimeiroPeriodoSeguinteMember"/>
    <link:presentationArc xlink:type="arc" xlink:arcrole="http://www.xbrl.org/2003/arcrole/parent-child" xlink:from="PrimeiroExercicioDoPeriodoSeguinteMember" xlink:to="PrimeiroPeriodoSeguinteMember" xlink:title="presentation: PrimeiroExercicioDoPeriodoSeguinteMember to PrimeiroPeriodoSeguinteMember" order="1.0" xbrldt:usable="false"/>
    <link:loc xlink:type="locator" xlink:href="../../../cor/dim/siconfi-dim_2020-12-31.xsd#siconfi-dim_PercentualRedutorMinimoMember" xlink:label="PercentualRedutorMinimoMember" xlink:title="PercentualRedutorMinimoMember"/>
    <link:presentationArc xlink:type="arc" xlink:arcrole="http://www.xbrl.org/2003/arcrole/parent-child" xlink:from="PrimeiroPeriodoSeguinteMember" xlink:to="PercentualRedutorMinimoMember" xlink:title="presentation: PrimeiroPeriodoSeguinteMember to PercentualRedutorMinimoMember" order="1.0"/>
    <link:loc xlink:type="locator" xlink:href="../../../cor/dim/siconfi-dim_2020-12-31.xsd#siconfi-dim_PercentualResidualPrimeiroPeriodoMember" xlink:label="PercentualResidualPrimeiroPeriodoMember" xlink:title="PercentualResidualPrimeiroPeriodoMember"/>
    <link:presentationArc xlink:type="arc" xlink:arcrole="http://www.xbrl.org/2003/arcrole/parent-child" xlink:from="PrimeiroPeriodoSeguinteMember" xlink:to="PercentualResidualPrimeiroPeriodoMember" xlink:title="presentation: PrimeiroPeriodoSeguinteMember to PercentualResidualPrimeiroPeriodoMember" order="2.0"/>
    <link:loc xlink:type="locator" xlink:href="../../../cor/dim/siconfi-dim_2020-12-31.xsd#siconfi-dim_PercentualApuradoPrimeiroPeriodoMember" xlink:label="PercentualApuradoPrimeiroPeriodoMember" xlink:title="PercentualApuradoPrimeiroPeriodoMember"/>
    <link:presentationArc xlink:type="arc" xlink:arcrole="http://www.xbrl.org/2003/arcrole/parent-child" xlink:from="PrimeiroPeriodoSeguinteMember" xlink:to="PercentualApuradoPrimeiroPeriodoMember" xlink:title="presentation: PrimeiroPeriodoSeguinteMember to PercentualApuradoPrimeiroPeriodoMember" order="3.0"/>
    <link:loc xlink:type="locator" xlink:href="../../../cor/dim/siconfi-dim_2020-12-31.xsd#siconfi-dim_SegundoExercicioDoPeriodoSeguinteMember" xlink:label="SegundoExercicioDoPeriodoSeguinteMember" xlink:title="SegundoExercicioDoPeriodoSeguinteMember"/>
    <link:presentationArc xlink:type="arc" xlink:arcrole="http://www.xbrl.org/2003/arcrole/parent-child" xlink:from="ApuracaoDaTrajetoriaDeRetornoAoLimiteDaDTPAxis" xlink:to="SegundoExercicioDoPeriodoSeguinteMember" xlink:title="presentation: ApuracaoDaTrajetoriaDeRetornoAoLimiteDaDTPAxis to SegundoExercicioDoPeriodoSeguinteMember" order="3.0" xbrldt:usable="false"/>
    <link:loc xlink:type="locator" xlink:href="../../../cor/dim/siconfi-dim_2020-12-31.xsd#siconfi-dim_SegundoPeriodoSeguinteMember" xlink:label="SegundoPeriodoSeguinteMember" xlink:title="SegundoPeriodoSeguinteMember"/>
    <link:presentationArc xlink:type="arc" xlink:arcrole="http://www.xbrl.org/2003/arcrole/parent-child" xlink:from="SegundoExercicioDoPeriodoSeguinteMember" xlink:to="SegundoPeriodoSeguinteMember" xlink:title="presentation: SegundoExercicioDoPeriodoSeguinteMember to SegundoPeriodoSeguinteMember" order="1.0" xbrldt:usable="false"/>
    <link:loc xlink:type="locator" xlink:href="../../../cor/dim/siconfi-dim_2020-12-31.xsd#siconfi-dim_PercentualRedutorResidualSegundoPeriodoMember" xlink:label="PercentualRedutorResidualSegundoPeriodoMember" xlink:title="PercentualRedutorResidualSegundoPeriodoMember"/>
    <link:presentationArc xlink:type="arc" xlink:arcrole="http://www.xbrl.org/2003/arcrole/parent-child" xlink:from="SegundoPeriodoSeguinteMember" xlink:to="PercentualRedutorResidualSegundoPeriodoMember" xlink:title="presentation: SegundoPeriodoSeguinteMember to PercentualRedutorResidualSegundoPeriodoMember" order="1.0"/>
    <link:loc xlink:type="locator" xlink:href="../../../cor/dim/siconfi-dim_2020-12-31.xsd#siconfi-dim_PercentualResidualSegundoPeriodoMember" xlink:label="PercentualResidualSegundoPeriodoMember" xlink:title="PercentualResidualSegundoPeriodoMember"/>
    <link:presentationArc xlink:type="arc" xlink:arcrole="http://www.xbrl.org/2003/arcrole/parent-child" xlink:from="SegundoPeriodoSeguinteMember" xlink:to="PercentualResidualSegundoPeriodoMember" xlink:title="presentation: SegundoPeriodoSeguinteMember to PercentualResidualSegundoPeriodoMember" order="2.0"/>
    <link:loc xlink:type="locator" xlink:href="../../../cor/dim/siconfi-dim_2020-12-31.xsd#siconfi-dim_PercentualApuradoSegundoPeriodoMember" xlink:label="PercentualApuradoSegundoPeriodoMember" xlink:title="PercentualApuradoSegundoPeriodoMember"/>
    <link:presentationArc xlink:type="arc" xlink:arcrole="http://www.xbrl.org/2003/arcrole/parent-child" xlink:from="SegundoPeriodoSeguinteMember" xlink:to="PercentualApuradoSegundoPeriodoMember" xlink:title="presentation: SegundoPeriodoSeguinteMember to PercentualApuradoSegundoPeriodoMember" order="3.0"/>
    <link:loc xlink:type="locator" xlink:href="../../../cor/dim/siconfi-dim_2020-12-31.xsd#siconfi-dim_CoberturaInstitucionalAxis" xlink:label="CoberturaInstitucionalAxis" xlink:title="CoberturaInstitucionalAxis"/>
    <link:presentationArc xlink:type="arc" xlink:arcrole="http://www.xbrl.org/2003/arcrole/parent-child" xlink:from="TrajetoriaDeRetornoAoLimiteDaDespesaTotalComPessoalTable" xlink:to="CoberturaInstitucionalAxis" xlink:title="presentation: TrajetoriaDeRetornoAoLimiteDaDespesaTotalComPessoalTable to CoberturaInstitucionalAxis" order="2.0"/>
    <link:loc xlink:type="locator" xlink:href="../../../cor/dim/siconfi-dim_2020-12-31.xsd#siconfi-dim_MinisterioPublicoDaUniaoMember" xlink:label="MinisterioPublicoDaUniaoMember" xlink:title="MinisterioPublicoDaUniaoMember"/>
    <link:presentationArc xlink:type="arc" xlink:arcrole="http://www.xbrl.org/2003/arcrole/parent-child" xlink:from="CoberturaInstitucionalAxis" xlink:to="MinisterioPublicoDaUniaoMember" xlink:title="presentation: CoberturaInstitucionalAxis to MinisterioPublicoDaUniaoMember" order="1.0"/>
    <link:loc xlink:type="locator" xlink:href="../../../cor/dim/siconfi-dim_2020-12-31.xsd#siconfi-dim_MinisterioPublicoDoDistritoFederalETerritoriosMember" xlink:label="MinisterioPublicoDoDistritoFederalETerritoriosMember" xlink:title="MinisterioPublicoDoDistritoFederalETerritoriosMember"/>
    <link:presentationArc xlink:type="arc" xlink:arcrole="http://www.xbrl.org/2003/arcrole/parent-child" xlink:from="CoberturaInstitucionalAxis" xlink:to="MinisterioPublicoDoDistritoFederalETerritoriosMember" xlink:title="presentation: CoberturaInstitucionalAxis to MinisterioPublicoDoDistritoFederalETerritoriosMember" order="2.0"/>
    <link:loc xlink:type="locator" xlink:href="siconfi-rgf-anexo1mpu_2020-12-31.xsd#siconfi-rgf-anexo1mpu_FonteAnexo1Tabela1.2Abstract" xlink:label="FonteAnexo1Tabela1.2Abstract" xlink:title="FonteAnexo1Tabela1.2Abstract"/>
    <link:presentationArc xlink:type="arc" xlink:arcrole="http://www.xbrl.org/2003/arcrole/parent-child" xlink:from="DemonstrativoAnexo1Abstract" xlink:to="FonteAnexo1Tabela1.2Abstract" xlink:title="presentation: DemonstrativoAnexo1Abstract to FonteAnexo1Tabela1.2Abstract" order="2.0"/>
    <link:loc xlink:type="locator" xlink:href="siconfi-rgf-anexo1mpu_2020-12-31.xsd#siconfi-rgf-anexo1mpu_FonteAnexo1Tabela1.2LineItems" xlink:label="FonteAnexo1Tabela1.2LineItems" xlink:title="FonteAnexo1Tabela1.2LineItems"/>
    <link:presentationArc xlink:type="arc" xlink:arcrole="http://www.xbrl.org/2003/arcrole/parent-child" xlink:from="FonteAnexo1Tabela1.2Abstract" xlink:to="FonteAnexo1Tabela1.2LineItems" xlink:title="presentation: FonteAnexo1Tabela1.2Abstract to FonteAnexo1Tabela1.2LineItems" order="1.0"/>
    <link:loc xlink:type="locator" xlink:href="../../../cor/ic/siconfi-cor_2020-12-31.xsd#siconfi-cor_FonteAnexo1Tabela1.2RGF" xlink:label="FonteAnexo1Tabela1.2RGF" xlink:title="FonteAnexo1Tabela1.2RGF"/>
    <link:presentationArc xlink:type="arc" xlink:arcrole="http://www.xbrl.org/2003/arcrole/parent-child" xlink:from="FonteAnexo1Tabela1.2LineItems" xlink:to="FonteAnexo1Tabela1.2RGF" xlink:title="presentation: FonteAnexo1Tabela1.2LineItems to FonteAnexo1Tabela1.2RGF" order="2.0"/>
    <link:loc xlink:type="locator" xlink:href="../../../cor/ic/siconfi-cor_2020-12-31.xsd#siconfi-cor_IdentificacaoDoQuadrimestre" xlink:label="IdentificacaoDoQuadrimestre" xlink:title="IdentificacaoDoQuadrimestre"/>
    <link:presentationArc xlink:type="arc" xlink:arcrole="http://www.xbrl.org/2003/arcrole/parent-child" xlink:from="FonteAnexo1Tabela1.2LineItems" xlink:to="IdentificacaoDoQuadrimestre" xlink:title="presentation: FonteAnexo1Tabela1.2LineItems to IdentificacaoDoQuadrimestre" order="1.0"/>
  </link:presentationLink>
  <link:presentationLink xlink:type="extended" xlink:role="http://fazenda.gov.br/siconfi/rep/rgf/anexo1mpu/siconfi-rgf-anexo1-tabela1.1">
    <link:loc xlink:type="locator" xlink:href="../../../cor/dim/siconfi-dim_2020-12-31.xsd#siconfi-dim_CoberturaInstitucionalAxis" xlink:label="CoberturaInstitucionalAxis" xlink:title="CoberturaInstitucionalAxis"/>
    <link:loc xlink:type="locator" xlink:href="../../../cor/dim/siconfi-dim_2020-12-31.xsd#siconfi-dim_MinisterioPublicoDaUniaoMember" xlink:label="MinisterioPublicoDaUniaoMember" xlink:title="MinisterioPublicoDaUniaoMember"/>
    <link:presentationArc xlink:type="arc" xlink:arcrole="http://www.xbrl.org/2003/arcrole/parent-child" xlink:from="CoberturaInstitucionalAxis" xlink:to="MinisterioPublicoDaUniaoMember" xlink:title="presentation: CoberturaInstitucionalAxis to MinisterioPublicoDaUniaoMember" order="1.0"/>
    <link:loc xlink:type="locator" xlink:href="../../../cor/dim/siconfi-dim_2020-12-31.xsd#siconfi-dim_MinisterioPublicoDoDistritoFederalETerritoriosMember" xlink:label="MinisterioPublicoDoDistritoFederalETerritoriosMember" xlink:title="MinisterioPublicoDoDistritoFederalETerritoriosMember"/>
    <link:presentationArc xlink:type="arc" xlink:arcrole="http://www.xbrl.org/2003/arcrole/parent-child" xlink:from="CoberturaInstitucionalAxis" xlink:to="MinisterioPublicoDoDistritoFederalETerritoriosMember" xlink:title="presentation: CoberturaInstitucionalAxis to MinisterioPublicoDoDistritoFederalETerritoriosMember" order="2.0"/>
    <link:loc xlink:type="locator" xlink:href="siconfi-rgf-anexo1mpu_2020-12-31.xsd#siconfi-rgf-anexo1_DemonstrativoAnexo1Abstract" xlink:label="DemonstrativoAnexo1Abstract" xlink:title="DemonstrativoAnexo1Abstract"/>
    <link:loc xlink:type="locator" xlink:href="siconfi-rgf-anexo1mpu_2020-12-31.xsd#siconfi-rgf-anexo1_ApuracaoDoCumprimentoDoLimiteLegalAbstract" xlink:label="ApuracaoDoCumprimentoDoLimiteLegalAbstract" xlink:title="ApuracaoDoCumprimentoDoLimiteLegalAbstract"/>
    <link:presentationArc xlink:type="arc" xlink:arcrole="http://www.xbrl.org/2003/arcrole/parent-child" xlink:from="DemonstrativoAnexo1Abstract" xlink:to="ApuracaoDoCumprimentoDoLimiteLegalAbstract" xlink:title="presentation: DemonstrativoAnexo1Abstract to ApuracaoDoCumprimentoDoLimiteLegalAbstract" order="2.0"/>
    <link:loc xlink:type="locator" xlink:href="siconfi-rgf-anexo1mpu_2020-12-31.xsd#siconfi-rgf-anexo1_ApuracaoDoCumprimentoDoLimiteLegalLineItems" xlink:label="ApuracaoDoCumprimentoDoLimiteLegalLineItems" xlink:title="ApuracaoDoCumprimentoDoLimiteLegalLineItems"/>
    <link:presentationArc xlink:type="arc" xlink:arcrole="http://www.xbrl.org/2003/arcrole/parent-child" xlink:from="ApuracaoDoCumprimentoDoLimiteLegalAbstract" xlink:to="ApuracaoDoCumprimentoDoLimiteLegalLineItems" xlink:title="presentation: ApuracaoDoCumprimentoDoLimiteLegalAbstract to ApuracaoDoCumprimentoDoLimiteLegalLineItems" order="1.0"/>
    <link:loc xlink:type="locator" xlink:href="../../../cor/ic/siconfi-cor_2020-12-31.xsd#siconfi-cor_DespesaComPessoalTotal" xlink:label="DespesaComPessoalTotal" xlink:title="DespesaComPessoalTotal"/>
    <link:presentationArc xlink:type="arc" xlink:arcrole="http://www.xbrl.org/2003/arcrole/parent-child" xlink:from="ApuracaoDoCumprimentoDoLimiteLegalLineItems" xlink:to="DespesaComPessoalTotal" xlink:title="presentation: ApuracaoDoCumprimentoDoLimiteLegalLineItems to DespesaComPessoalTotal" order="4.0"/>
    <link:loc xlink:type="locator" xlink:href="../../../cor/ic/siconfi-cor_2020-12-31.xsd#siconfi-cor_ReceitaCorrenteLiquidaLimiteLegal" xlink:label="ReceitaCorrenteLiquidaLimiteLegal" xlink:title="ReceitaCorrenteLiquidaLimiteLegal"/>
    <link:presentationArc xlink:type="arc" xlink:arcrole="http://www.xbrl.org/2003/arcrole/parent-child" xlink:from="ApuracaoDoCumprimentoDoLimiteLegalLineItems" xlink:to="ReceitaCorrenteLiquidaLimiteLegal" xlink:title="presentation: ApuracaoDoCumprimentoDoLimiteLegalLineItems to ReceitaCorrenteLiquidaLimiteLegal" order="1.0"/>
    <link:loc xlink:type="locator" xlink:href="../../../cor/ic/siconfi-cor_2020-12-31.xsd#siconfi-cor_LimiteMaximoDespesaComPessoalTotal" xlink:label="LimiteMaximoDespesaComPessoalTotal" xlink:title="LimiteMaximoDespesaComPessoalTotal"/>
    <link:presentationArc xlink:type="arc" xlink:arcrole="http://www.xbrl.org/2003/arcrole/parent-child" xlink:from="ApuracaoDoCumprimentoDoLimiteLegalLineItems" xlink:to="LimiteMaximoDespesaComPessoalTotal" xlink:title="presentation: ApuracaoDoCumprimentoDoLimiteLegalLineItems to LimiteMaximoDespesaComPessoalTotal" order="5.0"/>
    <link:loc xlink:type="locator" xlink:href="../../../cor/ic/siconfi-cor_2020-12-31.xsd#siconfi-cor_LimitePrudencialDespesaComPessoalTotal" xlink:label="LimitePrudencialDespesaComPessoalTotal" xlink:title="LimitePrudencialDespesaComPessoalTotal"/>
    <link:presentationArc xlink:type="arc" xlink:arcrole="http://www.xbrl.org/2003/arcrole/parent-child" xlink:from="ApuracaoDoCumprimentoDoLimiteLegalLineItems" xlink:to="LimitePrudencialDespesaComPessoalTotal" xlink:title="presentation: ApuracaoDoCumprimentoDoLimiteLegalLineItems to LimitePrudencialDespesaComPessoalTotal" order="6.0"/>
    <link:loc xlink:type="locator" xlink:href="../../../cor/ic/siconfi-cor_2020-12-31.xsd#siconfi-cor_LimiteDeAlertaDespesaComPessoalTotal" xlink:label="LimiteDeAlertaDespesaComPessoalTotal" xlink:title="LimiteDeAlertaDespesaComPessoalTotal"/>
    <link:presentationArc xlink:type="arc" xlink:arcrole="http://www.xbrl.org/2003/arcrole/parent-child" xlink:from="ApuracaoDoCumprimentoDoLimiteLegalLineItems" xlink:to="LimiteDeAlertaDespesaComPessoalTotal" xlink:title="presentation: ApuracaoDoCumprimentoDoLimiteLegalLineItems to LimiteDeAlertaDespesaComPessoalTotal" order="7.0"/>
    <link:loc xlink:type="locator" xlink:href="siconfi-rgf-anexo1mpu_2020-12-31.xsd#siconfi-rgf-anexo1_DTPEApuracaoDoCumprimentoDoLimiteLegalTable" xlink:label="DTPEApuracaoDoCumprimentoDoLimiteLegalTable" xlink:title="DTPEApuracaoDoCumprimentoDoLimiteLegalTable"/>
    <link:presentationArc xlink:type="arc" xlink:arcrole="http://www.xbrl.org/2003/arcrole/parent-child" xlink:from="ApuracaoDoCumprimentoDoLimiteLegalAbstract" xlink:to="DTPEApuracaoDoCumprimentoDoLimiteLegalTable" xlink:title="presentation: ApuracaoDoCumprimentoDoLimiteLegalAbstract to DTPEApuracaoDoCumprimentoDoLimiteLegalTable" order="2.0" xbrldt:contextElement="segment" xbrldt:closed="true"/>
    <link:loc xlink:type="locator" xlink:href="../../../cor/dim/siconfi-dim_2020-12-31.xsd#siconfi-dim_ExercicioApuracaoAxis" xlink:label="ExercicioApuracaoAxis" xlink:title="ExercicioApuracaoAxis"/>
    <link:presentationArc xlink:type="arc" xlink:arcrole="http://www.xbrl.org/2003/arcrole/parent-child" xlink:from="DTPEApuracaoDoCumprimentoDoLimiteLegalTable" xlink:to="ExercicioApuracaoAxis" xlink:title="presentation: DTPEApuracaoDoCumprimentoDoLimiteLegalTable to ExercicioApuracaoAxis" order="1.0"/>
    <link:loc xlink:type="locator" xlink:href="../../../cor/dim/siconfi-dim_2020-12-31.xsd#siconfi-dim_ApuracaoPercentualSobreARCLMember" xlink:label="ApuracaoPercentualSobreARCLMember" xlink:title="ApuracaoPercentualSobreARCLMember"/>
    <link:presentationArc xlink:type="arc" xlink:arcrole="http://www.xbrl.org/2003/arcrole/parent-child" xlink:from="ExercicioApuracaoAxis" xlink:to="ApuracaoPercentualSobreARCLMember" xlink:title="presentation: ExercicioApuracaoAxis to ApuracaoPercentualSobreARCLMember" order="2.0"/>
    <link:loc xlink:type="locator" xlink:href="../../../cor/dim/siconfi-dim_2020-12-31.xsd#siconfi-dim_ApuracaoValorMember" xlink:label="ApuracaoValorMember" xlink:title="ApuracaoValorMember"/>
    <link:presentationArc xlink:type="arc" xlink:arcrole="http://www.xbrl.org/2003/arcrole/parent-child" xlink:from="ExercicioApuracaoAxis" xlink:to="ApuracaoValorMember" xlink:title="presentation: ExercicioApuracaoAxis to ApuracaoValorMember" order="1.0"/>
    <link:presentationArc xlink:type="arc" xlink:arcrole="http://www.xbrl.org/2003/arcrole/parent-child" xlink:from="DTPEApuracaoDoCumprimentoDoLimiteLegalTable" xlink:to="CoberturaInstitucionalAxis" xlink:title="presentation: DTPEApuracaoDoCumprimentoDoLimiteLegalTable to CoberturaInstitucionalAxis" order="2.0"/>
    <link:loc xlink:type="locator" xlink:href="siconfi-rgf-anexo1mpu_2020-12-31.xsd#siconfi-rgf-anexo1mpu_FonteAnexo1Tabela1.0Abstract" xlink:label="FonteAnexo1Tabela1.0Abstract" xlink:title="FonteAnexo1Tabela1.0Abstract"/>
    <link:presentationArc xlink:type="arc" xlink:arcrole="http://www.xbrl.org/2003/arcrole/parent-child" xlink:from="DemonstrativoAnexo1Abstract" xlink:to="FonteAnexo1Tabela1.0Abstract" xlink:title="presentation: DemonstrativoAnexo1Abstract to FonteAnexo1Tabela1.0Abstract" order="3.0"/>
    <link:loc xlink:type="locator" xlink:href="siconfi-rgf-anexo1mpu_2020-12-31.xsd#siconfi-rgf-anexo1mpu_FonteAnexo1Tabela1.0LineItems" xlink:label="FonteAnexo1Tabela1.0LineItems" xlink:title="FonteAnexo1Tabela1.0LineItems"/>
    <link:presentationArc xlink:type="arc" xlink:arcrole="http://www.xbrl.org/2003/arcrole/parent-child" xlink:from="FonteAnexo1Tabela1.0Abstract" xlink:to="FonteAnexo1Tabela1.0LineItems" xlink:title="presentation: FonteAnexo1Tabela1.0Abstract to FonteAnexo1Tabela1.0LineItems" order="1.0"/>
    <link:loc xlink:type="locator" xlink:href="../../../cor/ic/siconfi-cor_2020-12-31.xsd#siconfi-cor_FonteAnexo1Tabela1.0RGF" xlink:label="FonteAnexo1Tabela1.0RGF" xlink:title="FonteAnexo1Tabela1.0RGF"/>
    <link:presentationArc xlink:type="arc" xlink:arcrole="http://www.xbrl.org/2003/arcrole/parent-child" xlink:from="FonteAnexo1Tabela1.0LineItems" xlink:to="FonteAnexo1Tabela1.0RGF" xlink:title="presentation: FonteAnexo1Tabela1.0LineItems to FonteAnexo1Tabela1.0RGF" order="1.0"/>
    <link:loc xlink:type="locator" xlink:href="siconfi-rgf-anexo1mpu_2020-12-31.xsd#siconfi-rgf-anexo1_DespesaComPessoalAbstract" xlink:label="DespesaComPessoalAbstract" xlink:title="DespesaComPessoalAbstract"/>
    <link:presentationArc xlink:type="arc" xlink:arcrole="http://www.xbrl.org/2003/arcrole/parent-child" xlink:from="DemonstrativoAnexo1Abstract" xlink:to="DespesaComPessoalAbstract" xlink:title="presentation: DemonstrativoAnexo1Abstract to DespesaComPessoalAbstract" order="1.0"/>
    <link:loc xlink:type="locator" xlink:href="siconfi-rgf-anexo1mpu_2020-12-31.xsd#siconfi-rgf-anexo1_DespesaComPessoalLineItems" xlink:label="DespesaComPessoalLineItems" xlink:title="DespesaComPessoalLineItems"/>
    <link:presentationArc xlink:type="arc" xlink:arcrole="http://www.xbrl.org/2003/arcrole/parent-child" xlink:from="DespesaComPessoalAbstract" xlink:to="DespesaComPessoalLineItems" xlink:title="presentation: DespesaComPessoalAbstract to DespesaComPessoalLineItems" order="1.0"/>
    <link:loc xlink:type="locator" xlink:href="../../../cor/ic/siconfi-cor_2020-12-31.xsd#siconfi-cor_DespesaComPessoalBruta" xlink:label="DespesaComPessoalBruta" xlink:title="DespesaComPessoalBruta"/>
    <link:presentationArc xlink:type="arc" xlink:arcrole="http://www.xbrl.org/2003/arcrole/parent-child" xlink:from="DespesaComPessoalLineItems" xlink:to="DespesaComPessoalBruta" xlink:title="presentation: DespesaComPessoalLineItems to DespesaComPessoalBruta" order="1.0"/>
    <link:loc xlink:type="locator" xlink:href="../../../cor/ic/siconfi-cor_2020-12-31.xsd#siconfi-cor_DespesaComPessoalAtivoBruta" xlink:label="DespesaComPessoalAtivoBruta" xlink:title="DespesaComPessoalAtivoBruta"/>
    <link:presentationArc xlink:type="arc" xlink:arcrole="http://www.xbrl.org/2003/arcrole/parent-child" xlink:from="DespesaComPessoalBruta" xlink:to="DespesaComPessoalAtivoBruta" xlink:title="presentation: DespesaComPessoalBruta to DespesaComPessoalAtivoBruta" order="1.0"/>
    <link:loc xlink:type="locator" xlink:href="../../../cor/ic/siconfi-cor_2020-12-31.xsd#siconfi-cor_VencimentosVantagensEOutrasDespesasVariaveis" xlink:label="VencimentosVantagensEOutrasDespesasVariaveis" xlink:title="VencimentosVantagensEOutrasDespesasVariaveis"/>
    <link:presentationArc xlink:type="arc" xlink:arcrole="http://www.xbrl.org/2003/arcrole/parent-child" xlink:from="DespesaComPessoalAtivoBruta" xlink:to="VencimentosVantagensEOutrasDespesasVariaveis" xlink:title="presentation: DespesaComPessoalAtivoBruta to VencimentosVantagensEOutrasDespesasVariaveis" order="1.0"/>
    <link:loc xlink:type="locator" xlink:href="../../../cor/ic/siconfi-cor_2020-12-31.xsd#siconfi-cor_ObrigacoesPatronais" xlink:label="ObrigacoesPatronais" xlink:title="ObrigacoesPatronais"/>
    <link:presentationArc xlink:type="arc" xlink:arcrole="http://www.xbrl.org/2003/arcrole/parent-child" xlink:from="DespesaComPessoalAtivoBruta" xlink:to="ObrigacoesPatronais" xlink:title="presentation: DespesaComPessoalAtivoBruta to ObrigacoesPatronais" order="2.0"/>
    <link:loc xlink:type="locator" xlink:href="../../../cor/ic/siconfi-cor_2020-12-31.xsd#siconfi-cor_BeneficiosPrevidenciarios" xlink:label="BeneficiosPrevidenciarios" xlink:title="BeneficiosPrevidenciarios"/>
    <link:presentationArc xlink:type="arc" xlink:arcrole="http://www.xbrl.org/2003/arcrole/parent-child" xlink:from="DespesaComPessoalAtivoBruta" xlink:to="BeneficiosPrevidenciarios" xlink:title="presentation: DespesaComPessoalAtivoBruta to BeneficiosPrevidenciarios" order="3.0"/>
    <link:loc xlink:type="locator" xlink:href="../../../cor/ic/siconfi-cor_2020-12-31.xsd#siconfi-cor_DespesaComPessoalInativoEPensionistasBruta" xlink:label="DespesaComPessoalInativoEPensionistasBruta" xlink:title="DespesaComPessoalInativoEPensionistasBruta"/>
    <link:presentationArc xlink:type="arc" xlink:arcrole="http://www.xbrl.org/2003/arcrole/parent-child" xlink:from="DespesaComPessoalBruta" xlink:to="DespesaComPessoalInativoEPensionistasBruta" xlink:title="presentation: DespesaComPessoalBruta to DespesaComPessoalInativoEPensionistasBruta" order="2.0"/>
    <link:loc xlink:type="locator" xlink:href="../../../cor/ic/siconfi-cor_2020-12-31.xsd#siconfi-cor_AposentadoriasReservaEReformas" xlink:label="AposentadoriasReservaEReformas" xlink:title="AposentadoriasReservaEReformas"/>
    <link:presentationArc xlink:type="arc" xlink:arcrole="http://www.xbrl.org/2003/arcrole/parent-child" xlink:from="DespesaComPessoalInativoEPensionistasBruta" xlink:to="AposentadoriasReservaEReformas" xlink:title="presentation: DespesaComPessoalInativoEPensionistasBruta to AposentadoriasReservaEReformas" order="1.0"/>
    <link:loc xlink:type="locator" xlink:href="../../../cor/ic/siconfi-cor_2020-12-31.xsd#siconfi-cor_DespesasPensoesInativosEPensionistas" xlink:label="DespesasPensoesInativosEPensionistas" xlink:title="DespesasPensoesInativosEPensionistas"/>
    <link:presentationArc xlink:type="arc" xlink:arcrole="http://www.xbrl.org/2003/arcrole/parent-child" xlink:from="DespesaComPessoalInativoEPensionistasBruta" xlink:to="DespesasPensoesInativosEPensionistas" xlink:title="presentation: DespesaComPessoalInativoEPensionistasBruta to DespesasPensoesInativosEPensionistas" order="2.0"/>
    <link:loc xlink:type="locator" xlink:href="../../../cor/ic/siconfi-cor_2020-12-31.xsd#siconfi-cor_OutrosBeneficiosPrevidenciariosInativosEPensionistas" xlink:label="OutrosBeneficiosPrevidenciariosInativosEPensionistas" xlink:title="OutrosBeneficiosPrevidenciariosInativosEPensionistas"/>
    <link:presentationArc xlink:type="arc" xlink:arcrole="http://www.xbrl.org/2003/arcrole/parent-child" xlink:from="DespesaComPessoalInativoEPensionistasBruta" xlink:to="OutrosBeneficiosPrevidenciariosInativosEPensionistas" xlink:title="presentation: DespesaComPessoalInativoEPensionistasBruta to OutrosBeneficiosPrevidenciariosInativosEPensionistas" order="3.0"/>
    <link:loc xlink:type="locator" xlink:href="../../../cor/ic/siconfi-cor_2020-12-31.xsd#siconfi-cor_DespesaComPessoalDecorrenteDeTerceirizacaoPorSubstituicaoBruta" xlink:label="DespesaComPessoalDecorrenteDeTerceirizacaoPorSubstituicaoBruta" xlink:title="DespesaComPessoalDecorrenteDeTerceirizacaoPorSubstituicaoBruta"/>
    <link:presentationArc xlink:type="arc" xlink:arcrole="http://www.xbrl.org/2003/arcrole/parent-child" xlink:from="DespesaComPessoalBruta" xlink:to="DespesaComPessoalDecorrenteDeTerceirizacaoPorSubstituicaoBruta" xlink:title="presentation: DespesaComPessoalBruta to DespesaComPessoalDecorrenteDeTerceirizacaoPorSubstituicaoBruta" order="3.0"/>
    <link:loc xlink:type="locator" xlink:href="../../../cor/ic/siconfi-cor_2020-12-31.xsd#siconfi-cor_DespesaComPessoalNaoExecutadaOrcamentariamente" xlink:label="DespesaComPessoalNaoExecutadaOrcamentariamente" xlink:title="DespesaComPessoalNaoExecutadaOrcamentariamente"/>
    <link:presentationArc xlink:type="arc" xlink:arcrole="http://www.xbrl.org/2003/arcrole/parent-child" xlink:from="DespesaComPessoalBruta" xlink:to="DespesaComPessoalNaoExecutadaOrcamentariamente" xlink:title="presentation: DespesaComPessoalBruta to DespesaComPessoalNaoExecutadaOrcamentariamente" order="4.0"/>
    <link:loc xlink:type="locator" xlink:href="../../../cor/ic/siconfi-cor_2020-12-31.xsd#siconfi-cor_DespesaComPessoalNaoComputada" xlink:label="DespesaComPessoalNaoComputada" xlink:title="DespesaComPessoalNaoComputada"/>
    <link:presentationArc xlink:type="arc" xlink:arcrole="http://www.xbrl.org/2003/arcrole/parent-child" xlink:from="DespesaComPessoalLineItems" xlink:to="DespesaComPessoalNaoComputada" xlink:title="presentation: DespesaComPessoalLineItems to DespesaComPessoalNaoComputada" order="2.0"/>
    <link:loc xlink:type="locator" xlink:href="../../../cor/ic/siconfi-cor_2020-12-31.xsd#siconfi-cor_DespesaComPessoalNaoComputadaIndenizacaoDemissaoVoluntaria" xlink:label="DespesaComPessoalNaoComputadaIndenizacaoDemissaoVoluntaria" xlink:title="DespesaComPessoalNaoComputadaIndenizacaoDemissaoVoluntaria"/>
    <link:presentationArc xlink:type="arc" xlink:arcrole="http://www.xbrl.org/2003/arcrole/parent-child" xlink:from="DespesaComPessoalNaoComputada" xlink:to="DespesaComPessoalNaoComputadaIndenizacaoDemissaoVoluntaria" xlink:title="presentation: DespesaComPessoalNaoComputada to DespesaComPessoalNaoComputadaIndenizacaoDemissaoVoluntaria" order="1.0"/>
    <link:loc xlink:type="locator" xlink:href="../../../cor/ic/siconfi-cor_2020-12-31.xsd#siconfi-cor_DespesaComPessoalNaoComputadaDecisaoJudicialPeriodoAnteriorAoDaApuracao" xlink:label="DespesaComPessoalNaoComputadaDecisaoJudicialPeriodoAnteriorAoDaApuracao" xlink:title="DespesaComPessoalNaoComputadaDecisaoJudicialPeriodoAnteriorAoDaApuracao"/>
    <link:presentationArc xlink:type="arc" xlink:arcrole="http://www.xbrl.org/2003/arcrole/parent-child" xlink:from="DespesaComPessoalNaoComputada" xlink:to="DespesaComPessoalNaoComputadaDecisaoJudicialPeriodoAnteriorAoDaApuracao" xlink:title="presentation: DespesaComPessoalNaoComputada to DespesaComPessoalNaoComputadaDecisaoJudicialPeriodoAnteriorAoDaApuracao" order="2.0"/>
    <link:loc xlink:type="locator" xlink:href="../../../cor/ic/siconfi-cor_2020-12-31.xsd#siconfi-cor_DespesaComPessoalNaoComputadaExerciciosAnterioresAoPeriodoDaApuracao" xlink:label="DespesaComPessoalNaoComputadaExerciciosAnterioresAoPeriodoDaApuracao" xlink:title="DespesaComPessoalNaoComputadaExerciciosAnterioresAoPeriodoDaApuracao"/>
    <link:presentationArc xlink:type="arc" xlink:arcrole="http://www.xbrl.org/2003/arcrole/parent-child" xlink:from="DespesaComPessoalNaoComputada" xlink:to="DespesaComPessoalNaoComputadaExerciciosAnterioresAoPeriodoDaApuracao" xlink:title="presentation: DespesaComPessoalNaoComputada to DespesaComPessoalNaoComputadaExerciciosAnterioresAoPeriodoDaApuracao" order="3.0"/>
    <link:loc xlink:type="locator" xlink:href="../../../cor/ic/siconfi-cor_2020-12-31.xsd#siconfi-cor_DespesaComPessoalNaoComputadaInativosEPensionistasComRecursosVinculados" xlink:label="DespesaComPessoalNaoComputadaInativosEPensionistasComRecursosVinculados" xlink:title="DespesaComPessoalNaoComputadaInativosEPensionistasComRecursosVinculados"/>
    <link:presentationArc xlink:type="arc" xlink:arcrole="http://www.xbrl.org/2003/arcrole/parent-child" xlink:from="DespesaComPessoalNaoComputada" xlink:to="DespesaComPessoalNaoComputadaInativosEPensionistasComRecursosVinculados" xlink:title="presentation: DespesaComPessoalNaoComputada to DespesaComPessoalNaoComputadaInativosEPensionistasComRecursosVinculados" order="4.0"/>
    <link:loc xlink:type="locator" xlink:href="../../../cor/ic/siconfi-cor_2020-12-31.xsd#siconfi-cor_DespesaComPessoalLiquida" xlink:label="DespesaComPessoalLiquida" xlink:title="DespesaComPessoalLiquida"/>
    <link:presentationArc xlink:type="arc" xlink:arcrole="http://www.xbrl.org/2003/arcrole/parent-child" xlink:from="DespesaComPessoalLineItems" xlink:to="DespesaComPessoalLiquida" xlink:title="presentation: DespesaComPessoalLineItems to DespesaComPessoalLiquida" order="3.0"/>
    <link:loc xlink:type="locator" xlink:href="siconfi-rgf-anexo1mpu_2020-12-31.xsd#siconfi-rgf-anexo1_DespesaComPessoalTable" xlink:label="DespesaComPessoalTable" xlink:title="DespesaComPessoalTable"/>
    <link:presentationArc xlink:type="arc" xlink:arcrole="http://www.xbrl.org/2003/arcrole/parent-child" xlink:from="DespesaComPessoalAbstract" xlink:to="DespesaComPessoalTable" xlink:title="presentation: DespesaComPessoalAbstract to DespesaComPessoalTable" order="2.0" xbrldt:contextElement="segment" xbrldt:closed="true"/>
    <link:loc xlink:type="locator" xlink:href="../../../cor/dim/siconfi-dim_2020-12-31.xsd#siconfi-dim_EstagiosDespesaOrcamentariaAxis" xlink:label="EstagiosDespesaOrcamentariaAxis" xlink:title="EstagiosDespesaOrcamentariaAxis"/>
    <link:presentationArc xlink:type="arc" xlink:arcrole="http://www.xbrl.org/2003/arcrole/parent-child" xlink:from="DespesaComPessoalTable" xlink:to="EstagiosDespesaOrcamentariaAxis" xlink:title="presentation: DespesaComPessoalTable to EstagiosDespesaOrcamentariaAxis" order="1.0"/>
    <link:loc xlink:type="locator" xlink:href="../../../cor/dim/siconfi-dim_2020-12-31.xsd#siconfi-dim_DespesasExecutadasUltimos12MesesMember" xlink:label="DespesasExecutadasUltimos12MesesMember" xlink:title="DespesasExecutadasUltimos12MesesMember"/>
    <link:presentationArc xlink:type="arc" xlink:arcrole="http://www.xbrl.org/2003/arcrole/parent-child" xlink:from="EstagiosDespesaOrcamentariaAxis" xlink:to="DespesasExecutadasUltimos12MesesMember" xlink:title="presentation: EstagiosDespesaOrcamentariaAxis to DespesasExecutadasUltimos12MesesMember" order="1.0" xbrldt:usable="false"/>
    <link:loc xlink:type="locator" xlink:href="../../../cor/dim/siconfi-dim_2020-12-31.xsd#siconfi-dim_DespesasLiquidadasMember" xlink:label="DespesasLiquidadasMember" xlink:title="DespesasLiquidadasMember"/>
    <link:presentationArc xlink:type="arc" xlink:arcrole="http://www.xbrl.org/2003/arcrole/parent-child" xlink:from="DespesasExecutadasUltimos12MesesMember" xlink:to="DespesasLiquidadasMember" xlink:title="presentation: DespesasExecutadasUltimos12MesesMember to DespesasLiquidadasMember" order="1.0" xbrldt:usable="false"/>
    <link:loc xlink:type="locator" xlink:href="../../../cor/dim/siconfi-dim_2020-12-31.xsd#siconfi-dim_PeriodoDeReferenciaOnzeMember" xlink:label="PeriodoDeReferenciaOnzeMember" xlink:title="PeriodoDeReferenciaOnzeMember"/>
    <link:presentationArc xlink:type="arc" xlink:arcrole="http://www.xbrl.org/2003/arcrole/parent-child" xlink:from="DespesasLiquidadasMember" xlink:to="PeriodoDeReferenciaOnzeMember" xlink:title="presentation: DespesasLiquidadasMember to PeriodoDeReferenciaOnzeMember" order="1.0"/>
    <link:loc xlink:type="locator" xlink:href="../../../cor/dim/siconfi-dim_2020-12-31.xsd#siconfi-dim_PeriodoDeReferenciaDezMember" xlink:label="PeriodoDeReferenciaDezMember" xlink:title="PeriodoDeReferenciaDezMember"/>
    <link:presentationArc xlink:type="arc" xlink:arcrole="http://www.xbrl.org/2003/arcrole/parent-child" xlink:from="DespesasLiquidadasMember" xlink:to="PeriodoDeReferenciaDezMember" xlink:title="presentation: DespesasLiquidadasMember to PeriodoDeReferenciaDezMember" order="2.0"/>
    <link:loc xlink:type="locator" xlink:href="../../../cor/dim/siconfi-dim_2020-12-31.xsd#siconfi-dim_PeriodoDeReferenciaNoveMember" xlink:label="PeriodoDeReferenciaNoveMember" xlink:title="PeriodoDeReferenciaNoveMember"/>
    <link:presentationArc xlink:type="arc" xlink:arcrole="http://www.xbrl.org/2003/arcrole/parent-child" xlink:from="DespesasLiquidadasMember" xlink:to="PeriodoDeReferenciaNoveMember" xlink:title="presentation: DespesasLiquidadasMember to PeriodoDeReferenciaNoveMember" order="3.0"/>
    <link:loc xlink:type="locator" xlink:href="../../../cor/dim/siconfi-dim_2020-12-31.xsd#siconfi-dim_PeriodoDeReferenciaOitoMember" xlink:label="PeriodoDeReferenciaOitoMember" xlink:title="PeriodoDeReferenciaOitoMember"/>
    <link:presentationArc xlink:type="arc" xlink:arcrole="http://www.xbrl.org/2003/arcrole/parent-child" xlink:from="DespesasLiquidadasMember" xlink:to="PeriodoDeReferenciaOitoMember" xlink:title="presentation: DespesasLiquidadasMember to PeriodoDeReferenciaOitoMember" order="4.0"/>
    <link:loc xlink:type="locator" xlink:href="../../../cor/dim/siconfi-dim_2020-12-31.xsd#siconfi-dim_PeriodoDeReferenciaSeteMember" xlink:label="PeriodoDeReferenciaSeteMember" xlink:title="PeriodoDeReferenciaSeteMember"/>
    <link:presentationArc xlink:type="arc" xlink:arcrole="http://www.xbrl.org/2003/arcrole/parent-child" xlink:from="DespesasLiquidadasMember" xlink:to="PeriodoDeReferenciaSeteMember" xlink:title="presentation: DespesasLiquidadasMember to PeriodoDeReferenciaSeteMember" order="5.0"/>
    <link:loc xlink:type="locator" xlink:href="../../../cor/dim/siconfi-dim_2020-12-31.xsd#siconfi-dim_PeriodoDeReferenciaSeisMember" xlink:label="PeriodoDeReferenciaSeisMember" xlink:title="PeriodoDeReferenciaSeisMember"/>
    <link:presentationArc xlink:type="arc" xlink:arcrole="http://www.xbrl.org/2003/arcrole/parent-child" xlink:from="DespesasLiquidadasMember" xlink:to="PeriodoDeReferenciaSeisMember" xlink:title="presentation: DespesasLiquidadasMember to PeriodoDeReferenciaSeisMember" order="6.0"/>
    <link:loc xlink:type="locator" xlink:href="../../../cor/dim/siconfi-dim_2020-12-31.xsd#siconfi-dim_PeriodoDeReferenciaCincoMember" xlink:label="PeriodoDeReferenciaCincoMember" xlink:title="PeriodoDeReferenciaCincoMember"/>
    <link:presentationArc xlink:type="arc" xlink:arcrole="http://www.xbrl.org/2003/arcrole/parent-child" xlink:from="DespesasLiquidadasMember" xlink:to="PeriodoDeReferenciaCincoMember" xlink:title="presentation: DespesasLiquidadasMember to PeriodoDeReferenciaCincoMember" order="7.0"/>
    <link:loc xlink:type="locator" xlink:href="../../../cor/dim/siconfi-dim_2020-12-31.xsd#siconfi-dim_PeriodoDeReferenciaQuatroMember" xlink:label="PeriodoDeReferenciaQuatroMember" xlink:title="PeriodoDeReferenciaQuatroMember"/>
    <link:presentationArc xlink:type="arc" xlink:arcrole="http://www.xbrl.org/2003/arcrole/parent-child" xlink:from="DespesasLiquidadasMember" xlink:to="PeriodoDeReferenciaQuatroMember" xlink:title="presentation: DespesasLiquidadasMember to PeriodoDeReferenciaQuatroMember" order="8.0"/>
    <link:loc xlink:type="locator" xlink:href="../../../cor/dim/siconfi-dim_2020-12-31.xsd#siconfi-dim_PeriodoDeReferenciaTresMember" xlink:label="PeriodoDeReferenciaTresMember" xlink:title="PeriodoDeReferenciaTresMember"/>
    <link:presentationArc xlink:type="arc" xlink:arcrole="http://www.xbrl.org/2003/arcrole/parent-child" xlink:from="DespesasLiquidadasMember" xlink:to="PeriodoDeReferenciaTresMember" xlink:title="presentation: DespesasLiquidadasMember to PeriodoDeReferenciaTresMember" order="9.0"/>
    <link:loc xlink:type="locator" xlink:href="../../../cor/dim/siconfi-dim_2020-12-31.xsd#siconfi-dim_PeriodoDeReferenciaDoisMember" xlink:label="PeriodoDeReferenciaDoisMember" xlink:title="PeriodoDeReferenciaDoisMember"/>
    <link:presentationArc xlink:type="arc" xlink:arcrole="http://www.xbrl.org/2003/arcrole/parent-child" xlink:from="DespesasLiquidadasMember" xlink:to="PeriodoDeReferenciaDoisMember" xlink:title="presentation: DespesasLiquidadasMember to PeriodoDeReferenciaDoisMember" order="10.0"/>
    <link:loc xlink:type="locator" xlink:href="../../../cor/dim/siconfi-dim_2020-12-31.xsd#siconfi-dim_PeriodoDeReferenciaUmMember" xlink:label="PeriodoDeReferenciaUmMember" xlink:title="PeriodoDeReferenciaUmMember"/>
    <link:presentationArc xlink:type="arc" xlink:arcrole="http://www.xbrl.org/2003/arcrole/parent-child" xlink:from="DespesasLiquidadasMember" xlink:to="PeriodoDeReferenciaUmMember" xlink:title="presentation: DespesasLiquidadasMember to PeriodoDeReferenciaUmMember" order="11.0"/>
    <link:loc xlink:type="locator" xlink:href="../../../cor/dim/siconfi-dim_2020-12-31.xsd#siconfi-dim_PeriodoDeReferenciaZeroMember" xlink:label="PeriodoDeReferenciaZeroMember" xlink:title="PeriodoDeReferenciaZeroMember"/>
    <link:presentationArc xlink:type="arc" xlink:arcrole="http://www.xbrl.org/2003/arcrole/parent-child" xlink:from="DespesasLiquidadasMember" xlink:to="PeriodoDeReferenciaZeroMember" xlink:title="presentation: DespesasLiquidadasMember to PeriodoDeReferenciaZeroMember" order="12.0"/>
    <link:loc xlink:type="locator" xlink:href="../../../cor/dim/siconfi-dim_2020-12-31.xsd#siconfi-dim_DespesasLiquidadasUltimos12MesesMember" xlink:label="DespesasLiquidadasUltimos12MesesMember" xlink:title="DespesasLiquidadasUltimos12MesesMember"/>
    <link:presentationArc xlink:type="arc" xlink:arcrole="http://www.xbrl.org/2003/arcrole/parent-child" xlink:from="DespesasLiquidadasMember" xlink:to="DespesasLiquidadasUltimos12MesesMember" xlink:title="presentation: DespesasLiquidadasMember to DespesasLiquidadasUltimos12MesesMember" order="13.0"/>
    <link:loc xlink:type="locator" xlink:href="../../../cor/dim/siconfi-dim_2020-12-31.xsd#siconfi-dim_DespesasInscritasEmRestosAPagarNaoProcessadosUltimos12MesesMember" xlink:label="DespesasInscritasEmRestosAPagarNaoProcessadosUltimos12MesesMember" xlink:title="DespesasInscritasEmRestosAPagarNaoProcessadosUltimos12MesesMember"/>
    <link:presentationArc xlink:type="arc" xlink:arcrole="http://www.xbrl.org/2003/arcrole/parent-child" xlink:from="DespesasExecutadasUltimos12MesesMember" xlink:to="DespesasInscritasEmRestosAPagarNaoProcessadosUltimos12MesesMember" xlink:title="presentation: DespesasExecutadasUltimos12MesesMember to DespesasInscritasEmRestosAPagarNaoProcessadosUltimos12MesesMember" order="2.0"/>
    <link:presentationArc xlink:type="arc" xlink:arcrole="http://www.xbrl.org/2003/arcrole/parent-child" xlink:from="DespesaComPessoalTable" xlink:to="CoberturaInstitucionalAxis" xlink:title="presentation: DespesaComPessoalTable to CoberturaInstitucionalAxis" order="2.0"/>
  </link:presentationLink>
</link:linkbase>
