<?xml version="1.0" encoding="UTF-8"?>
<!-- Generated by Fujitsu Interstage XWand B0196 -->
<link:linkbase xmlns:xsi="http://www.w3.org/2001/XMLSchema-instance" xsi:schemaLocation="http://www.xbrl.org/2003/linkbase http://www.xbrl.org/2003/xbrl-linkbase-2003-12-31.xsd http://xbrl.org/2008/generic http://www.xbrl.org/2008/generic-link.xsd http://xbrl.org/2008/formula http://www.xbrl.org/2008/formula.xsd http://xbrl.org/2008/label http://www.xbrl.org/2008/generic-label.xsd http://xbrl.org/2008/reference http://www.xbrl.org/2008/generic-reference.xsd http://xbrl.org/2008/assertion/consistency http://www.xbrl.org/2008/consistency-assertion.xsd http://xbrl.org/2008/assertion/existence http://www.xbrl.org/2008/existence-assertion.xsd http://xbrl.org/2008/assertion/value http://www.xbrl.org/2008/value-assertion.xsd http://xbrl.org/2008/filter/concept http://www.xbrl.org/2008/concept-filter.xsd http://xbrl.org/2010/message http://www.xbrl.org/2010/generic-message.xsd http://xbrl.org/2010/message/validation http://www.xbrl.org/2010/validation-message.xsd http://xbrl.org/2008/filter/boolean http://www.xbrl.org/2008/boolean-filter.xsd http://xbrl.org/2008/filter/entity http://www.xbrl.org/2008/entity-filter.xsd http://xbrl.org/2010/filter/aspect-cover http://www.xbrl.org/2010/aspect-cover-filter.xsd http://xbrl.org/2008/filter/unit http://www.xbrl.org/2008/unit-filter.xsd http://xbrl.org/2008/filter/general http://www.xbrl.org/2008/general-filter.xsd http://xbrl.org/2008/filter/dimension http://www.xbrl.org/2008/dimension-filter.xsd" xmlns:ca="http://xbrl.org/2008/assertion/consistency" xmlns:gen="http://xbrl.org/2008/generic" xmlns:fn="http://www.w3.org/2005/xpath-functions" xmlns:variable="http://xbrl.org/2008/variable" xmlns:xfi="http://www.xbrl.org/2008/function/instance" xmlns:siconfi-cor="http://fazenda.gov.br/siconfi/cor/ic/siconfi-cor_2019-12-31" xmlns:cf="http://xbrl.org/2008/filter/concept" xmlns:xs="http://www.w3.org/2001/XMLSchema" xmlns:siconfi-dim="http://fazenda.gov.br/siconfi/cor/dim/siconfi-dim_2019-12-31" xmlns:link="http://www.xbrl.org/2003/linkbase" xmlns:ea="http://xbrl.org/2008/assertion/existence" xmlns:df="http://xbrl.org/2008/filter/dimension" xmlns:xlink="http://www.w3.org/1999/xlink" xmlns:validation="http://xbrl.org/2008/validation" xmlns:formula="http://xbrl.org/2008/formula" xmlns:msg="http://xbrl.org/2010/message" xmlns:va="http://xbrl.org/2008/assertion/value" xmlns:label="http://xbrl.org/2008/label" xmlns:xbrli="http://www.xbrl.org/2003/instance">
  <link:roleRef roleURI="http://www.xbrl.org/2008/role/link" xlink:type="simple" xlink:href="http://www.xbrl.org/2008/generic-link.xsd#standard-link-role"/>
  <link:roleRef roleURI="http://www.xbrl.org/2010/role/message" xlink:type="simple" xlink:href="http://www.xbrl.org/2010/generic-message.xsd#standard-message"/>
  <link:arcroleRef arcroleURI="http://xbrl.org/arcrole/2010/assertion-unsatisfied-message" xlink:type="simple" xlink:href="http://www.xbrl.org/2010/validation-message.xsd#assertion-unsatisfied-message"/>
  <link:arcroleRef arcroleURI="http://xbrl.org/arcrole/2008/variable-filter" xlink:type="simple" xlink:href="http://www.xbrl.org/2008/variable.xsd#variable-filter"/>
  <link:arcroleRef arcroleURI="http://xbrl.org/arcrole/2008/variable-set" xlink:type="simple" xlink:href="http://www.xbrl.org/2008/variable.xsd#variable-set"/>
  <gen:link xlink:type="extended" xlink:role="http://www.xbrl.org/2008/role/link">
    <va:valueAssertion xlink:type="resource" xlink:label="valueAssertion" xlink:title="valueAssertion" id="EC7003" test="count($DespesaComPessoalTotal [@decimals[string()le'6']])le 1 and count($LimiteMaximoDespesaComPessoalTotal [@decimals[string()le'6']])le 1 and count($LimitePrudencialDespesaComPessoalTotal [@decimals[string()le'6']])le 1 and count($LimiteDeAlertaDespesaComPessoalTotal [@decimals[string()le'6']])le 1" aspectModel="dimensional" implicitFiltering="true"/>
    <msg:message xlink:type="resource" xlink:label="label" xlink:role="http://www.xbrl.org/2010/role/message" xlink:title="label" xml:lang="pt-br" id="label">[EC7003] - O valor contido no atributo @decimals dos campos "DESPESA TOTAL COM PESSOAL - DTP (V) = (IIIa + IIIb)", "LIMITE MÁXIMO (VI) (incisos I, II e II, art. 20 da LRF)", "LIMITE PRUDENCIAL (VII) = (0,95 x VI) (parágrafo único do art. 22 da LRF)", LIMITE DE ALERTA (VIII) = (0,90 x VI) (inciso II do § 1º do art. 59* da LRF)", todos na coluna "% Sobre a RCL",  deve ser menor ou igual à 06 (seis).</msg:message>
    <gen:arc xlink:type="arc" xlink:arcrole="http://xbrl.org/arcrole/2010/assertion-unsatisfied-message" xlink:from="valueAssertion" xlink:to="label" xlink:title="valueAssertion to label" priority="0" order="1.0"/>
    <variable:factVariable xlink:type="resource" xlink:label="factVariable" xlink:title="factVariable" id="factVariable" bindAsSequence="false"/>
    <variable:variableArc xlink:type="arc" xlink:arcrole="http://xbrl.org/arcrole/2008/variable-set" xlink:from="valueAssertion" xlink:to="factVariable" xlink:title="valueAssertion to factVariable" priority="0" order="1.0" name="DespesaComPessoalTotal"/>
    <link:loc xlink:type="locator" xlink:href="../anexo1mpu/for-siconfi-rgf-anexo1mpu_2019-12-31.xml#conceptName_23" xlink:label="conceptName_11" xlink:title="conceptName_11"/>
    <variable:variableFilterArc xlink:type="arc" xlink:arcrole="http://xbrl.org/arcrole/2008/variable-filter" xlink:from="factVariable" xlink:to="conceptName_11" xlink:title="factVariable to conceptName_11" priority="0" order="1.0" cover="true" complement="false"/>
    <link:loc xlink:type="locator" xlink:href="../anexo1mpu/for-siconfi-rgf-anexo1mpu_2019-12-31.xml#explicitDimension_6" xlink:label="explicitDimension_5" xlink:title="explicitDimension_5"/>
    <variable:variableFilterArc xlink:type="arc" xlink:arcrole="http://xbrl.org/arcrole/2008/variable-filter" xlink:from="factVariable" xlink:to="explicitDimension_5" xlink:title="factVariable to explicitDimension_5" priority="0" order="2.0" cover="true" complement="false"/>
    <variable:factVariable xlink:type="resource" xlink:label="factVariable_2" xlink:title="factVariable_2" id="factVariable_2" bindAsSequence="false"/>
    <variable:variableArc xlink:type="arc" xlink:arcrole="http://xbrl.org/arcrole/2008/variable-set" xlink:from="valueAssertion" xlink:to="factVariable_2" xlink:title="valueAssertion to factVariable_2" priority="0" order="2.0" name="LimiteMaximoDespesaComPessoalTotal"/>
    <link:loc xlink:type="locator" xlink:href="../anexo1mpu/for-siconfi-rgf-anexo1mpu_2019-12-31.xml#conceptName_21" xlink:label="conceptName_9" xlink:title="conceptName_9"/>
    <variable:variableFilterArc xlink:type="arc" xlink:arcrole="http://xbrl.org/arcrole/2008/variable-filter" xlink:from="factVariable_2" xlink:to="conceptName_9" xlink:title="factVariable_2 to conceptName_9" priority="0" order="1.0" cover="true" complement="false"/>
    <link:loc xlink:type="locator" xlink:href="../anexo1mpu/for-siconfi-rgf-anexo1mpu_2019-12-31.xml#explicitDimension_6" xlink:label="explicitDimension_5_2" xlink:title="explicitDimension_5_2"/>
    <variable:variableFilterArc xlink:type="arc" xlink:arcrole="http://xbrl.org/arcrole/2008/variable-filter" xlink:from="factVariable_2" xlink:to="explicitDimension_5_2" xlink:title="factVariable_2 to explicitDimension_5_2" priority="0" order="2.0" cover="true" complement="false"/>
    <variable:factVariable xlink:type="resource" xlink:label="factVariable_3" xlink:title="factVariable_3" id="factVariable_3" bindAsSequence="false"/>
    <variable:variableArc xlink:type="arc" xlink:arcrole="http://xbrl.org/arcrole/2008/variable-set" xlink:from="valueAssertion" xlink:to="factVariable_3" xlink:title="valueAssertion to factVariable_3" priority="0" order="3.0" name="LimitePrudencialDespesaComPessoalTotal"/>
    <link:loc xlink:type="locator" xlink:href="../anexo1mpu/for-siconfi-rgf-anexo1mpu_2019-12-31.xml#conceptName_22" xlink:label="conceptName_10" xlink:title="conceptName_10"/>
    <variable:variableFilterArc xlink:type="arc" xlink:arcrole="http://xbrl.org/arcrole/2008/variable-filter" xlink:from="factVariable_3" xlink:to="conceptName_10" xlink:title="factVariable_3 to conceptName_10" priority="0" order="1.0" cover="true" complement="false"/>
    <link:loc xlink:type="locator" xlink:href="../anexo1mpu/for-siconfi-rgf-anexo1mpu_2019-12-31.xml#explicitDimension_6" xlink:label="explicitDimension_5_3" xlink:title="explicitDimension_5_3"/>
    <variable:variableFilterArc xlink:type="arc" xlink:arcrole="http://xbrl.org/arcrole/2008/variable-filter" xlink:from="factVariable_3" xlink:to="explicitDimension_5_3" xlink:title="factVariable_3 to explicitDimension_5_3" priority="0" order="2.0" cover="true" complement="false"/>
    <variable:factVariable xlink:type="resource" xlink:label="factVariable_4" xlink:title="factVariable_4" id="factVariable_4" bindAsSequence="false"/>
    <variable:variableArc xlink:type="arc" xlink:arcrole="http://xbrl.org/arcrole/2008/variable-set" xlink:from="valueAssertion" xlink:to="factVariable_4" xlink:title="valueAssertion to factVariable_4" priority="0" order="4.0" name="LimiteDeAlertaDespesaComPessoalTotal"/>
    <link:loc xlink:type="locator" xlink:href="../anexo1mpu/for-siconfi-rgf-anexo1mpu_2019-12-31.xml#conceptName_20" xlink:label="conceptName_8" xlink:title="conceptName_8"/>
    <variable:variableFilterArc xlink:type="arc" xlink:arcrole="http://xbrl.org/arcrole/2008/variable-filter" xlink:from="factVariable_4" xlink:to="conceptName_8" xlink:title="factVariable_4 to conceptName_8" priority="0" order="1.0" cover="true" complement="false"/>
    <link:loc xlink:type="locator" xlink:href="../anexo1mpu/for-siconfi-rgf-anexo1mpu_2019-12-31.xml#explicitDimension_6" xlink:label="explicitDimension_5_4" xlink:title="explicitDimension_5_4"/>
    <variable:variableFilterArc xlink:type="arc" xlink:arcrole="http://xbrl.org/arcrole/2008/variable-filter" xlink:from="factVariable_4" xlink:to="explicitDimension_5_4" xlink:title="factVariable_4 to explicitDimension_5_4" priority="0" order="2.0" cover="true" complement="false"/>
    <va:valueAssertion xlink:type="resource" xlink:label="valueAssertion_2" xlink:title="valueAssertion_2" id="EC7002" test="contains(string(//@xlink:href),&quot;siconfi-rgf-mpu_2019-12-31.xsd&quot;)" aspectModel="dimensional" implicitFiltering="true"/>
    <msg:message xlink:type="resource" xlink:label="label_2" xlink:role="http://www.xbrl.org/2010/role/message" xlink:title="label_2" xml:lang="pt-br" id="label_2">[EC7002] - O valor contido no atributo @href não corresponde ao schema do entry point.</msg:message>
    <gen:arc xlink:type="arc" xlink:arcrole="http://xbrl.org/arcrole/2010/assertion-unsatisfied-message" xlink:from="valueAssertion_2" xlink:to="label_2" xlink:title="valueAssertion_2 to label_2" priority="0" order="1.0"/>
    <va:valueAssertion xlink:type="resource" xlink:label="valueAssertion_3" xlink:title="valueAssertion_3" id="EC7004" test="count((//*[not(self::siconfi-cor:DespesaComPessoalTotal) and not(self::siconfi-cor:LimiteMaximoDespesaComPessoalTotal) and not(self::siconfi-cor:LimitePrudencialDespesaComPessoalTotal) and not(self::siconfi-cor:LimiteDeAlertaDespesaComPessoalTotal)])[@decimals[string()!='2']])le 0" aspectModel="dimensional" implicitFiltering="true"/>
    <variable:factVariable xlink:type="resource" xlink:label="factVariable_5" xlink:title="factVariable_5" id="factVariable_5" bindAsSequence="false"/>
    <variable:variableArc xlink:type="arc" xlink:arcrole="http://xbrl.org/arcrole/2008/variable-set" xlink:from="valueAssertion_3" xlink:to="factVariable_5" xlink:title="valueAssertion_3 to factVariable_5" priority="0" order="1.0" name="DespesaComPessoalTotal"/>
    <link:loc xlink:type="locator" xlink:href="../anexo1mpu/for-siconfi-rgf-anexo1mpu_2019-12-31.xml#conceptName_23" xlink:label="conceptName_11_2" xlink:title="conceptName_11_2"/>
    <variable:variableFilterArc xlink:type="arc" xlink:arcrole="http://xbrl.org/arcrole/2008/variable-filter" xlink:from="factVariable_5" xlink:to="conceptName_11_2" xlink:title="factVariable_5 to conceptName_11_2" priority="0" order="1.0" cover="true" complement="false"/>
    <link:loc xlink:type="locator" xlink:href="../anexo1mpu/for-siconfi-rgf-anexo1mpu_2019-12-31.xml#explicitDimension_6" xlink:label="explicitDimension_5_5" xlink:title="explicitDimension_5_5"/>
    <variable:variableFilterArc xlink:type="arc" xlink:arcrole="http://xbrl.org/arcrole/2008/variable-filter" xlink:from="factVariable_5" xlink:to="explicitDimension_5_5" xlink:title="factVariable_5 to explicitDimension_5_5" priority="0" order="2.0" cover="true" complement="false"/>
    <variable:factVariable xlink:type="resource" xlink:label="factVariable_6" xlink:title="factVariable_6" id="factVariable_6" bindAsSequence="false"/>
    <variable:variableArc xlink:type="arc" xlink:arcrole="http://xbrl.org/arcrole/2008/variable-set" xlink:from="valueAssertion_3" xlink:to="factVariable_6" xlink:title="valueAssertion_3 to factVariable_6" priority="0" order="2.0" name="LimiteMaximoDespesaComPessoalTotal"/>
    <link:loc xlink:type="locator" xlink:href="../anexo1mpu/for-siconfi-rgf-anexo1mpu_2019-12-31.xml#conceptName_21" xlink:label="conceptName_9_2" xlink:title="conceptName_9_2"/>
    <variable:variableFilterArc xlink:type="arc" xlink:arcrole="http://xbrl.org/arcrole/2008/variable-filter" xlink:from="factVariable_6" xlink:to="conceptName_9_2" xlink:title="factVariable_6 to conceptName_9_2" priority="0" order="1.0" cover="true" complement="false"/>
    <link:loc xlink:type="locator" xlink:href="../anexo1mpu/for-siconfi-rgf-anexo1mpu_2019-12-31.xml#explicitDimension_6" xlink:label="explicitDimension_5_6" xlink:title="explicitDimension_5_6"/>
    <variable:variableFilterArc xlink:type="arc" xlink:arcrole="http://xbrl.org/arcrole/2008/variable-filter" xlink:from="factVariable_6" xlink:to="explicitDimension_5_6" xlink:title="factVariable_6 to explicitDimension_5_6" priority="0" order="2.0" cover="true" complement="false"/>
    <variable:factVariable xlink:type="resource" xlink:label="factVariable_7" xlink:title="factVariable_7" id="factVariable_7" bindAsSequence="false"/>
    <variable:variableArc xlink:type="arc" xlink:arcrole="http://xbrl.org/arcrole/2008/variable-set" xlink:from="valueAssertion_3" xlink:to="factVariable_7" xlink:title="valueAssertion_3 to factVariable_7" priority="0" order="3.0" name="LimitePrudencialDespesaComPessoalTotal"/>
    <link:loc xlink:type="locator" xlink:href="../anexo1mpu/for-siconfi-rgf-anexo1mpu_2019-12-31.xml#conceptName_22" xlink:label="conceptName_10_2" xlink:title="conceptName_10_2"/>
    <variable:variableFilterArc xlink:type="arc" xlink:arcrole="http://xbrl.org/arcrole/2008/variable-filter" xlink:from="factVariable_7" xlink:to="conceptName_10_2" xlink:title="factVariable_7 to conceptName_10_2" priority="0" order="1.0" cover="true" complement="false"/>
    <link:loc xlink:type="locator" xlink:href="../anexo1mpu/for-siconfi-rgf-anexo1mpu_2019-12-31.xml#explicitDimension_6" xlink:label="explicitDimension_5_7" xlink:title="explicitDimension_5_7"/>
    <variable:variableFilterArc xlink:type="arc" xlink:arcrole="http://xbrl.org/arcrole/2008/variable-filter" xlink:from="factVariable_7" xlink:to="explicitDimension_5_7" xlink:title="factVariable_7 to explicitDimension_5_7" priority="0" order="2.0" cover="true" complement="false"/>
    <variable:factVariable xlink:type="resource" xlink:label="factVariable_8" xlink:title="factVariable_8" id="factVariable_8" bindAsSequence="false"/>
    <variable:variableArc xlink:type="arc" xlink:arcrole="http://xbrl.org/arcrole/2008/variable-set" xlink:from="valueAssertion_3" xlink:to="factVariable_8" xlink:title="valueAssertion_3 to factVariable_8" priority="0" order="4.0" name="LimiteDeAlertaDespesaComPessoalTotal"/>
    <link:loc xlink:type="locator" xlink:href="../anexo1mpu/for-siconfi-rgf-anexo1mpu_2019-12-31.xml#conceptName_20" xlink:label="conceptName_8_2" xlink:title="conceptName_8_2"/>
    <variable:variableFilterArc xlink:type="arc" xlink:arcrole="http://xbrl.org/arcrole/2008/variable-filter" xlink:from="factVariable_8" xlink:to="conceptName_8_2" xlink:title="factVariable_8 to conceptName_8_2" priority="0" order="1.0" cover="true" complement="false"/>
    <link:loc xlink:type="locator" xlink:href="../anexo1mpu/for-siconfi-rgf-anexo1mpu_2019-12-31.xml#explicitDimension_6" xlink:label="explicitDimension_5_8" xlink:title="explicitDimension_5_8"/>
    <variable:variableFilterArc xlink:type="arc" xlink:arcrole="http://xbrl.org/arcrole/2008/variable-filter" xlink:from="factVariable_8" xlink:to="explicitDimension_5_8" xlink:title="factVariable_8 to explicitDimension_5_8" priority="0" order="2.0" cover="true" complement="false"/>
    <msg:message xlink:type="resource" xlink:label="label_3" xlink:role="http://www.xbrl.org/2010/role/message" xlink:title="label_3" xml:lang="pt-br" id="label_3">[EC7004] - O valor contido no atributo @decimals não deve ser diferente de 02 (dois).</msg:message>
    <gen:arc xlink:type="arc" xlink:arcrole="http://xbrl.org/arcrole/2010/assertion-unsatisfied-message" xlink:from="valueAssertion_3" xlink:to="label_3" xlink:title="valueAssertion_3 to label_3" priority="0" order="1.0"/>
  </gen:link>
</link:linkbase>
