<?xml version="1.0" encoding="UTF-8"?>
<!-- Generated by Fujitsu Interstage XWand B0196 -->
<link:linkbase xmlns:xsi="http://www.w3.org/2001/XMLSchema-instance" xsi:schemaLocation="http://www.xbrl.org/2003/linkbase http://www.xbrl.org/2003/xbrl-linkbase-2003-12-31.xsd http://xbrl.org/2008/generic http://www.xbrl.org/2008/generic-link.xsd http://xbrl.org/2008/formula http://www.xbrl.org/2008/formula.xsd http://xbrl.org/2008/label http://www.xbrl.org/2008/generic-label.xsd http://xbrl.org/2008/reference http://www.xbrl.org/2008/generic-reference.xsd http://xbrl.org/2008/assertion/consistency http://www.xbrl.org/2008/consistency-assertion.xsd http://xbrl.org/2008/assertion/existence http://www.xbrl.org/2008/existence-assertion.xsd http://xbrl.org/2008/assertion/value http://www.xbrl.org/2008/value-assertion.xsd http://xbrl.org/2008/filter/concept http://www.xbrl.org/2008/concept-filter.xsd http://xbrl.org/2010/message http://www.xbrl.org/2010/generic-message.xsd http://xbrl.org/2010/message/validation http://www.xbrl.org/2010/validation-message.xsd" xmlns:ca="http://xbrl.org/2008/assertion/consistency" xmlns:gen="http://xbrl.org/2008/generic" xmlns:fn="http://www.w3.org/2005/xpath-functions" xmlns:variable="http://xbrl.org/2008/variable" xmlns:xfi="http://www.xbrl.org/2008/function/instance" xmlns:cf="http://xbrl.org/2008/filter/concept" xmlns:xs="http://www.w3.org/2001/XMLSchema" xmlns:valm="http://xbrl.org/2010/message/validation" xmlns:link="http://www.xbrl.org/2003/linkbase" xmlns:ea="http://xbrl.org/2008/assertion/existence" xmlns:xlink="http://www.w3.org/1999/xlink" xmlns:validation="http://xbrl.org/2008/validation" xmlns:siconfi-cor="http://fazenda.gov.br/siconfi/cor/ic/siconfi-cor_2020-12-31" xmlns:formula="http://xbrl.org/2008/formula" xmlns:msg="http://xbrl.org/2010/message" xmlns:va="http://xbrl.org/2008/assertion/value" xmlns:label="http://xbrl.org/2008/label" xmlns:xbrli="http://www.xbrl.org/2003/instance">
  <link:roleRef roleURI="http://fazenda.gov.br/siconfi/rep/rreo/anexo14/siconfi-rreo-anexo14-tabela14.0" xlink:type="simple" xlink:href="siconfi-rreo-anexo14_2020-12-31.xsd#siconfi-rreo-anexo14-tabela14.0"/>
  <link:roleRef roleURI="http://www.xbrl.org/2008/role/link" xlink:type="simple" xlink:href="http://www.xbrl.org/2008/generic-link.xsd#standard-link-role"/>
  <link:roleRef roleURI="http://www.xbrl.org/2010/role/message" xlink:type="simple" xlink:href="http://www.xbrl.org/2010/generic-message.xsd#standard-message"/>
  <link:arcroleRef arcroleURI="http://xbrl.org/arcrole/2008/assertion-set" xlink:type="simple" xlink:href="http://www.xbrl.org/2008/validation.xsd#assertion-set"/>
  <link:arcroleRef arcroleURI="http://xbrl.org/arcrole/2008/variable-filter" xlink:type="simple" xlink:href="http://www.xbrl.org/2008/variable.xsd#variable-filter"/>
  <link:arcroleRef arcroleURI="http://xbrl.org/arcrole/2008/variable-set" xlink:type="simple" xlink:href="http://www.xbrl.org/2008/variable.xsd#variable-set"/>
  <link:arcroleRef arcroleURI="http://xbrl.org/arcrole/2010/assertion-unsatisfied-message" xlink:type="simple" xlink:href="http://www.xbrl.org/2010/validation-message.xsd#assertion-unsatisfied-message"/>
  <gen:link xlink:type="extended" xlink:role="http://fazenda.gov.br/siconfi/rep/rreo/anexo14/siconfi-rreo-anexo14-tabela14.0">
    <validation:assertionSet xlink:type="resource" xlink:label="assertionSet" xlink:title="assertionSet" id="RestosAPagarSimplificado"/>
    <va:valueAssertion xlink:type="resource" xlink:label="valueAssertion" xlink:title="valueAssertion" id="ES14001" test=" $TotalRestosAPagarDemonstrativoSimplificado = $RestosAPagarProcessadosDemonstrativoSimplificado + $RestosAPagarNaoProcessadosDemonstrativoSimplificado " aspectModel="dimensional" implicitFiltering="true"/>
    <gen:arc xlink:type="arc" xlink:arcrole="http://xbrl.org/arcrole/2008/assertion-set" xlink:from="assertionSet" xlink:to="valueAssertion" xlink:title="assertionSet to valueAssertion" priority="0" order="1.0"/>
    <variable:factVariable xlink:type="resource" xlink:label="factVariable" xlink:title="factVariable" id="factVariable" bindAsSequence="false" fallbackValue="0"/>
    <variable:variableArc xlink:type="arc" xlink:arcrole="http://xbrl.org/arcrole/2008/variable-set" xlink:from="valueAssertion" xlink:to="factVariable" xlink:title="valueAssertion to factVariable" priority="0" order="1.0" name="TotalRestosAPagarDemonstrativoSimplificado"/>
    <cf:conceptName xlink:type="resource" xlink:label="conceptName" xlink:title="conceptName" id="conceptName">
      <cf:concept>
        <cf:qname>siconfi-cor:TotalRestosAPagarDemonstrativoSimplificado</cf:qname>
      </cf:concept>
    </cf:conceptName>
    <variable:variableFilterArc xlink:type="arc" xlink:arcrole="http://xbrl.org/arcrole/2008/variable-filter" xlink:from="factVariable" xlink:to="conceptName" xlink:title="factVariable to conceptName" priority="0" order="1.0" cover="true" complement="false"/>
    <variable:factVariable xlink:type="resource" xlink:label="factVariable_2" xlink:title="factVariable_2" id="factVariable_2" bindAsSequence="false" fallbackValue="0"/>
    <variable:variableArc xlink:type="arc" xlink:arcrole="http://xbrl.org/arcrole/2008/variable-set" xlink:from="valueAssertion" xlink:to="factVariable_2" xlink:title="valueAssertion to factVariable_2" priority="0" order="2.0" name="RestosAPagarProcessadosDemonstrativoSimplificado"/>
    <cf:conceptName xlink:type="resource" xlink:label="conceptName_2" xlink:title="conceptName_2" id="conceptName_2">
      <cf:concept>
        <cf:qname>siconfi-cor:RestosAPagarProcessadosDemonstrativoSimplificado</cf:qname>
      </cf:concept>
    </cf:conceptName>
    <variable:variableFilterArc xlink:type="arc" xlink:arcrole="http://xbrl.org/arcrole/2008/variable-filter" xlink:from="factVariable_2" xlink:to="conceptName_2" xlink:title="factVariable_2 to conceptName_2" priority="0" order="1.0" cover="true" complement="false"/>
    <variable:factVariable xlink:type="resource" xlink:label="factVariable_3" xlink:title="factVariable_3" id="factVariable_3" bindAsSequence="false" fallbackValue="0"/>
    <variable:variableArc xlink:type="arc" xlink:arcrole="http://xbrl.org/arcrole/2008/variable-set" xlink:from="valueAssertion" xlink:to="factVariable_3" xlink:title="valueAssertion to factVariable_3" priority="0" order="3.0" name="RestosAPagarNaoProcessadosDemonstrativoSimplificado"/>
    <cf:conceptName xlink:type="resource" xlink:label="conceptName_3" xlink:title="conceptName_3" id="conceptName_3">
      <cf:concept>
        <cf:qname>siconfi-cor:RestosAPagarNaoProcessadosDemonstrativoSimplificado</cf:qname>
      </cf:concept>
    </cf:conceptName>
    <variable:variableFilterArc xlink:type="arc" xlink:arcrole="http://xbrl.org/arcrole/2008/variable-filter" xlink:from="factVariable_3" xlink:to="conceptName_3" xlink:title="factVariable_3 to conceptName_3" priority="0" order="1.0" cover="true" complement="false"/>
    <va:valueAssertion xlink:type="resource" xlink:label="valueAssertion_2" xlink:title="valueAssertion_2" id="ES14002" test=" $RestosAPagarProcessadosDemonstrativoSimplificado = $RestosAPagarProcessadosPoderExecutivoDemonstrativoSimplificado + $RestosAPagarProcessadosPoderLegislativoDemonstrativoSimplificado + $RestosAPagarProcessadosPoderJudiciarioDemonstrativoSimplificado + $RestosAPagarProcessadosMinisterioPublicoDemonstrativoSimplificado + $RestosAPagarProcessadosDefensoriaPublicaDemonstrativoSimplificado " aspectModel="dimensional" implicitFiltering="true"/>
    <gen:arc xlink:type="arc" xlink:arcrole="http://xbrl.org/arcrole/2008/assertion-set" xlink:from="assertionSet" xlink:to="valueAssertion_2" xlink:title="assertionSet to valueAssertion_2" priority="0" order="2.0"/>
    <variable:variableArc xlink:type="arc" xlink:arcrole="http://xbrl.org/arcrole/2008/variable-set" xlink:from="valueAssertion_2" xlink:to="factVariable_2" xlink:title="valueAssertion_2 to factVariable_2" priority="0" order="1.0" name="RestosAPagarProcessadosDemonstrativoSimplificado"/>
    <variable:factVariable xlink:type="resource" xlink:label="factVariable_4" xlink:title="factVariable_4" id="factVariable_4" bindAsSequence="false" fallbackValue="0"/>
    <variable:variableArc xlink:type="arc" xlink:arcrole="http://xbrl.org/arcrole/2008/variable-set" xlink:from="valueAssertion_2" xlink:to="factVariable_4" xlink:title="valueAssertion_2 to factVariable_4" priority="0" order="2.0" name="RestosAPagarProcessadosPoderExecutivoDemonstrativoSimplificado"/>
    <cf:conceptName xlink:type="resource" xlink:label="conceptName_4" xlink:title="conceptName_4" id="conceptName_4">
      <cf:concept>
        <cf:qname>siconfi-cor:RestosAPagarProcessadosPoderExecutivoDemonstrativoSimplificado</cf:qname>
      </cf:concept>
    </cf:conceptName>
    <variable:variableFilterArc xlink:type="arc" xlink:arcrole="http://xbrl.org/arcrole/2008/variable-filter" xlink:from="factVariable_4" xlink:to="conceptName_4" xlink:title="factVariable_4 to conceptName_4" priority="0" order="1.0" cover="true" complement="false"/>
    <variable:factVariable xlink:type="resource" xlink:label="factVariable_5" xlink:title="factVariable_5" id="factVariable_5" bindAsSequence="false" fallbackValue="0"/>
    <variable:variableArc xlink:type="arc" xlink:arcrole="http://xbrl.org/arcrole/2008/variable-set" xlink:from="valueAssertion_2" xlink:to="factVariable_5" xlink:title="valueAssertion_2 to factVariable_5" priority="0" order="3.0" name="RestosAPagarProcessadosPoderLegislativoDemonstrativoSimplificado"/>
    <cf:conceptName xlink:type="resource" xlink:label="conceptName_5" xlink:title="conceptName_5" id="conceptName_5">
      <cf:concept>
        <cf:qname>siconfi-cor:RestosAPagarProcessadosPoderLegislativoDemonstrativoSimplificado</cf:qname>
      </cf:concept>
    </cf:conceptName>
    <variable:variableFilterArc xlink:type="arc" xlink:arcrole="http://xbrl.org/arcrole/2008/variable-filter" xlink:from="factVariable_5" xlink:to="conceptName_5" xlink:title="factVariable_5 to conceptName_5" priority="0" order="1.0" cover="true" complement="false"/>
    <variable:factVariable xlink:type="resource" xlink:label="factVariable_6" xlink:title="factVariable_6" id="factVariable_6" bindAsSequence="false" fallbackValue="0"/>
    <variable:variableArc xlink:type="arc" xlink:arcrole="http://xbrl.org/arcrole/2008/variable-set" xlink:from="valueAssertion_2" xlink:to="factVariable_6" xlink:title="valueAssertion_2 to factVariable_6" priority="0" order="4.0" name="RestosAPagarProcessadosPoderJudiciarioDemonstrativoSimplificado"/>
    <cf:conceptName xlink:type="resource" xlink:label="conceptName_6" xlink:title="conceptName_6" id="conceptName_6">
      <cf:concept>
        <cf:qname>siconfi-cor:RestosAPagarProcessadosPoderJudiciarioDemonstrativoSimplificado</cf:qname>
      </cf:concept>
    </cf:conceptName>
    <variable:variableFilterArc xlink:type="arc" xlink:arcrole="http://xbrl.org/arcrole/2008/variable-filter" xlink:from="factVariable_6" xlink:to="conceptName_6" xlink:title="factVariable_6 to conceptName_6" priority="0" order="1.0" cover="true" complement="false"/>
    <variable:factVariable xlink:type="resource" xlink:label="factVariable_7" xlink:title="factVariable_7" id="factVariable_7" bindAsSequence="false" fallbackValue="0"/>
    <variable:variableArc xlink:type="arc" xlink:arcrole="http://xbrl.org/arcrole/2008/variable-set" xlink:from="valueAssertion_2" xlink:to="factVariable_7" xlink:title="valueAssertion_2 to factVariable_7" priority="0" order="5.0" name="RestosAPagarProcessadosMinisterioPublicoDemonstrativoSimplificado"/>
    <cf:conceptName xlink:type="resource" xlink:label="conceptName_7" xlink:title="conceptName_7" id="conceptName_7">
      <cf:concept>
        <cf:qname>siconfi-cor:RestosAPagarProcessadosMinisterioPublicoDemonstrativoSimplificado</cf:qname>
      </cf:concept>
    </cf:conceptName>
    <variable:variableFilterArc xlink:type="arc" xlink:arcrole="http://xbrl.org/arcrole/2008/variable-filter" xlink:from="factVariable_7" xlink:to="conceptName_7" xlink:title="factVariable_7 to conceptName_7" priority="0" order="1.0" cover="true" complement="false"/>
    <variable:factVariable xlink:type="resource" xlink:label="factVariable_26" xlink:title="factVariable_26" id="factVariable_26" bindAsSequence="false" fallbackValue="0"/>
    <variable:variableArc xlink:type="arc" xlink:arcrole="http://xbrl.org/arcrole/2008/variable-set" xlink:from="valueAssertion_2" xlink:to="factVariable_26" xlink:title="valueAssertion_2 to factVariable_26" priority="0" order="6.0" name="RestosAPagarProcessadosDefensoriaPublicaDemonstrativoSimplificado"/>
    <cf:conceptName xlink:type="resource" xlink:label="conceptName_26" xlink:title="conceptName_26" id="conceptName_26">
      <cf:concept>
        <cf:qname>siconfi-cor:RestosAPagarProcessadosDefensoriaPublicaDemonstrativoSimplificado</cf:qname>
      </cf:concept>
    </cf:conceptName>
    <variable:variableFilterArc xlink:type="arc" xlink:arcrole="http://xbrl.org/arcrole/2008/variable-filter" xlink:from="factVariable_26" xlink:to="conceptName_26" xlink:title="factVariable_26 to conceptName_26" priority="0" order="1.0" cover="true" complement="false"/>
    <va:valueAssertion xlink:type="resource" xlink:label="valueAssertion_3" xlink:title="valueAssertion_3" id="ES14003" test=" $RestosAPagarNaoProcessadosDemonstrativoSimplificado = $RestosAPagarNaoProcessadosPoderExecutivoDemonstrativoSimplificado + $RestosAPagarNaoProcessadosPoderLegislativoDemonstrativoSimplificado + $RestosAPagarNaoProcessadosPoderJudiciarioDemonstrativoSimplificado + $RestosAPagarNaoProcessadosMinisterioPublicoDemonstrativoSimplificado + $RestosAPagarNaoProcessadosDefensoriaPublicaDemonstrativoSimplificado " aspectModel="dimensional" implicitFiltering="true"/>
    <gen:arc xlink:type="arc" xlink:arcrole="http://xbrl.org/arcrole/2008/assertion-set" xlink:from="assertionSet" xlink:to="valueAssertion_3" xlink:title="assertionSet to valueAssertion_3" priority="0" order="3.0"/>
    <variable:variableArc xlink:type="arc" xlink:arcrole="http://xbrl.org/arcrole/2008/variable-set" xlink:from="valueAssertion_3" xlink:to="factVariable_3" xlink:title="valueAssertion_3 to factVariable_3" priority="0" order="1.0" name="RestosAPagarNaoProcessadosDemonstrativoSimplificado"/>
    <variable:factVariable xlink:type="resource" xlink:label="factVariable_8" xlink:title="factVariable_8" id="factVariable_8" bindAsSequence="false" fallbackValue="0"/>
    <variable:variableArc xlink:type="arc" xlink:arcrole="http://xbrl.org/arcrole/2008/variable-set" xlink:from="valueAssertion_3" xlink:to="factVariable_8" xlink:title="valueAssertion_3 to factVariable_8" priority="0" order="2.0" name="RestosAPagarNaoProcessadosPoderExecutivoDemonstrativoSimplificado"/>
    <cf:conceptName xlink:type="resource" xlink:label="conceptName_8" xlink:title="conceptName_8" id="conceptName_8">
      <cf:concept>
        <cf:qname>siconfi-cor:RestosAPagarNaoProcessadosPoderExecutivoDemonstrativoSimplificado</cf:qname>
      </cf:concept>
    </cf:conceptName>
    <variable:variableFilterArc xlink:type="arc" xlink:arcrole="http://xbrl.org/arcrole/2008/variable-filter" xlink:from="factVariable_8" xlink:to="conceptName_8" xlink:title="factVariable_8 to conceptName_8" priority="0" order="1.0" cover="true" complement="false"/>
    <variable:factVariable xlink:type="resource" xlink:label="factVariable_9" xlink:title="factVariable_9" id="factVariable_9" bindAsSequence="false" fallbackValue="0"/>
    <variable:variableArc xlink:type="arc" xlink:arcrole="http://xbrl.org/arcrole/2008/variable-set" xlink:from="valueAssertion_3" xlink:to="factVariable_9" xlink:title="valueAssertion_3 to factVariable_9" priority="0" order="3.0" name="RestosAPagarNaoProcessadosPoderLegislativoDemonstrativoSimplificado"/>
    <cf:conceptName xlink:type="resource" xlink:label="conceptName_9" xlink:title="conceptName_9" id="conceptName_9">
      <cf:concept>
        <cf:qname>siconfi-cor:RestosAPagarNaoProcessadosPoderLegislativoDemonstrativoSimplificado</cf:qname>
      </cf:concept>
    </cf:conceptName>
    <variable:variableFilterArc xlink:type="arc" xlink:arcrole="http://xbrl.org/arcrole/2008/variable-filter" xlink:from="factVariable_9" xlink:to="conceptName_9" xlink:title="factVariable_9 to conceptName_9" priority="0" order="1.0" cover="true" complement="false"/>
    <variable:factVariable xlink:type="resource" xlink:label="factVariable_10" xlink:title="factVariable_10" id="factVariable_10" bindAsSequence="false" fallbackValue="0"/>
    <variable:variableArc xlink:type="arc" xlink:arcrole="http://xbrl.org/arcrole/2008/variable-set" xlink:from="valueAssertion_3" xlink:to="factVariable_10" xlink:title="valueAssertion_3 to factVariable_10" priority="0" order="4.0" name="RestosAPagarNaoProcessadosPoderJudiciarioDemonstrativoSimplificado"/>
    <cf:conceptName xlink:type="resource" xlink:label="conceptName_10" xlink:title="conceptName_10" id="conceptName_10">
      <cf:concept>
        <cf:qname>siconfi-cor:RestosAPagarNaoProcessadosPoderJudiciarioDemonstrativoSimplificado</cf:qname>
      </cf:concept>
    </cf:conceptName>
    <variable:variableFilterArc xlink:type="arc" xlink:arcrole="http://xbrl.org/arcrole/2008/variable-filter" xlink:from="factVariable_10" xlink:to="conceptName_10" xlink:title="factVariable_10 to conceptName_10" priority="0" order="1.0" cover="true" complement="false"/>
    <variable:factVariable xlink:type="resource" xlink:label="factVariable_11" xlink:title="factVariable_11" id="factVariable_11" bindAsSequence="false" fallbackValue="0"/>
    <variable:variableArc xlink:type="arc" xlink:arcrole="http://xbrl.org/arcrole/2008/variable-set" xlink:from="valueAssertion_3" xlink:to="factVariable_11" xlink:title="valueAssertion_3 to factVariable_11" priority="0" order="5.0" name="RestosAPagarNaoProcessadosMinisterioPublicoDemonstrativoSimplificado"/>
    <cf:conceptName xlink:type="resource" xlink:label="conceptName_11" xlink:title="conceptName_11" id="conceptName_11">
      <cf:concept>
        <cf:qname>siconfi-cor:RestosAPagarNaoProcessadosMinisterioPublicoDemonstrativoSimplificado</cf:qname>
      </cf:concept>
    </cf:conceptName>
    <variable:variableFilterArc xlink:type="arc" xlink:arcrole="http://xbrl.org/arcrole/2008/variable-filter" xlink:from="factVariable_11" xlink:to="conceptName_11" xlink:title="factVariable_11 to conceptName_11" priority="0" order="1.0" cover="true" complement="false"/>
    <variable:factVariable xlink:type="resource" xlink:label="factVariable_25" xlink:title="factVariable_25" id="factVariable_25" bindAsSequence="false" fallbackValue="0"/>
    <variable:variableArc xlink:type="arc" xlink:arcrole="http://xbrl.org/arcrole/2008/variable-set" xlink:from="valueAssertion_3" xlink:to="factVariable_25" xlink:title="valueAssertion_3 to factVariable_25" priority="0" order="6.0" name="RestosAPagarNaoProcessadosDefensoriaPublicaDemonstrativoSimplificado"/>
    <cf:conceptName xlink:type="resource" xlink:label="conceptName_25" xlink:title="conceptName_25" id="conceptName_25">
      <cf:concept>
        <cf:qname>siconfi-cor:RestosAPagarNaoProcessadosDefensoriaPublicaDemonstrativoSimplificado</cf:qname>
      </cf:concept>
    </cf:conceptName>
    <variable:variableFilterArc xlink:type="arc" xlink:arcrole="http://xbrl.org/arcrole/2008/variable-filter" xlink:from="factVariable_25" xlink:to="conceptName_25" xlink:title="factVariable_25 to conceptName_25" priority="0" order="1.0" cover="true" complement="false"/>
    <validation:assertionSet xlink:type="resource" xlink:label="assertionSet_2" xlink:title="assertionSet_2" id="ProjecaoAtuarialRegimesPrevidencia"/>
    <va:valueAssertion xlink:type="resource" xlink:label="valueAssertion_4" xlink:title="valueAssertion_4" id="ED14001" test=" $ResultadoPrevidenciarioProjecaoAtuarialRGPSDemonstrativoSimplificado = $ReceitasPrevidenciariasProjecaoAtuarialRGPSDemonstrativoSimplificado - $DespesasPrevidenciariasProjecaoAtuarialRGPSDemonstrativoSimplificado " aspectModel="dimensional" implicitFiltering="true"/>
    <gen:arc xlink:type="arc" xlink:arcrole="http://xbrl.org/arcrole/2008/assertion-set" xlink:from="assertionSet_2" xlink:to="valueAssertion_4" xlink:title="assertionSet_2 to valueAssertion_4" priority="0" order="1.0"/>
    <variable:factVariable xlink:type="resource" xlink:label="factVariable_13" xlink:title="factVariable_13" id="factVariable_13" bindAsSequence="false" fallbackValue="0"/>
    <variable:variableArc xlink:type="arc" xlink:arcrole="http://xbrl.org/arcrole/2008/variable-set" xlink:from="valueAssertion_4" xlink:to="factVariable_13" xlink:title="valueAssertion_4 to factVariable_13" priority="0" order="2.0" name="ReceitasPrevidenciariasProjecaoAtuarialRGPSDemonstrativoSimplificado"/>
    <cf:conceptName xlink:type="resource" xlink:label="conceptName_13" xlink:title="conceptName_13" id="conceptName_13">
      <cf:concept>
        <cf:qname>siconfi-cor:ReceitasPrevidenciariasProjecaoAtuarialRGPSDemonstrativoSimplificado</cf:qname>
      </cf:concept>
    </cf:conceptName>
    <variable:variableFilterArc xlink:type="arc" xlink:arcrole="http://xbrl.org/arcrole/2008/variable-filter" xlink:from="factVariable_13" xlink:to="conceptName_13" xlink:title="factVariable_13 to conceptName_13" priority="0" order="1.0" cover="true" complement="false"/>
    <variable:factVariable xlink:type="resource" xlink:label="factVariable_14" xlink:title="factVariable_14" id="factVariable_14" bindAsSequence="false" fallbackValue="0"/>
    <variable:variableArc xlink:type="arc" xlink:arcrole="http://xbrl.org/arcrole/2008/variable-set" xlink:from="valueAssertion_4" xlink:to="factVariable_14" xlink:title="valueAssertion_4 to factVariable_14" priority="0" order="3.0" name="DespesasPrevidenciariasProjecaoAtuarialRGPSDemonstrativoSimplificado"/>
    <cf:conceptName xlink:type="resource" xlink:label="conceptName_14" xlink:title="conceptName_14" id="conceptName_14">
      <cf:concept>
        <cf:qname>siconfi-cor:DespesasPrevidenciariasProjecaoAtuarialRGPSDemonstrativoSimplificado</cf:qname>
      </cf:concept>
    </cf:conceptName>
    <variable:variableFilterArc xlink:type="arc" xlink:arcrole="http://xbrl.org/arcrole/2008/variable-filter" xlink:from="factVariable_14" xlink:to="conceptName_14" xlink:title="factVariable_14 to conceptName_14" priority="0" order="1.0" cover="true" complement="false"/>
    <variable:factVariable xlink:type="resource" xlink:label="factVariable_15" xlink:title="factVariable_15" id="factVariable_15" bindAsSequence="false" fallbackValue="0"/>
    <variable:variableArc xlink:type="arc" xlink:arcrole="http://xbrl.org/arcrole/2008/variable-set" xlink:from="valueAssertion_4" xlink:to="factVariable_15" xlink:title="valueAssertion_4 to factVariable_15" priority="0" order="4.0" name="ResultadoPrevidenciarioProjecaoAtuarialRGPSDemonstrativoSimplificado"/>
    <cf:conceptName xlink:type="resource" xlink:label="conceptName_15" xlink:title="conceptName_15" id="conceptName_15">
      <cf:concept>
        <cf:qname>siconfi-cor:ResultadoPrevidenciarioProjecaoAtuarialRGPSDemonstrativoSimplificado</cf:qname>
      </cf:concept>
    </cf:conceptName>
    <variable:variableFilterArc xlink:type="arc" xlink:arcrole="http://xbrl.org/arcrole/2008/variable-filter" xlink:from="factVariable_15" xlink:to="conceptName_15" xlink:title="factVariable_15 to conceptName_15" priority="0" order="1.0" cover="true" complement="false"/>
    <va:valueAssertion xlink:type="resource" xlink:label="valueAssertion_5" xlink:title="valueAssertion_5" id="ED14002" test=" $ResultadoPrevidenciarioProjecaoAtuarialRPPSDemonstrativoSimplificado = $ReceitasPrevidenciariasProjecaoAtuarialRPPSDemonstrativoSimplificado - $DespesasPrevidenciariasProjecaoAtuarialRPPSDemonstrativoSimplificado " aspectModel="dimensional" implicitFiltering="true"/>
    <gen:arc xlink:type="arc" xlink:arcrole="http://xbrl.org/arcrole/2008/assertion-set" xlink:from="assertionSet_2" xlink:to="valueAssertion_5" xlink:title="assertionSet_2 to valueAssertion_5" priority="0" order="2.0"/>
    <variable:factVariable xlink:type="resource" xlink:label="factVariable_16" xlink:title="factVariable_16" id="factVariable_16" bindAsSequence="false" fallbackValue="0"/>
    <variable:variableArc xlink:type="arc" xlink:arcrole="http://xbrl.org/arcrole/2008/variable-set" xlink:from="valueAssertion_5" xlink:to="factVariable_16" xlink:title="valueAssertion_5 to factVariable_16" priority="0" order="1.0" name="ReceitasPrevidenciariasProjecaoAtuarialRPPSDemonstrativoSimplificado"/>
    <cf:conceptName xlink:type="resource" xlink:label="conceptName_16" xlink:title="conceptName_16" id="conceptName_16">
      <cf:concept>
        <cf:qname>siconfi-cor:ReceitasPrevidenciariasProjecaoAtuarialRPPSDemonstrativoSimplificado</cf:qname>
      </cf:concept>
    </cf:conceptName>
    <variable:variableFilterArc xlink:type="arc" xlink:arcrole="http://xbrl.org/arcrole/2008/variable-filter" xlink:from="factVariable_16" xlink:to="conceptName_16" xlink:title="factVariable_16 to conceptName_16" priority="0" order="1.0" cover="true" complement="false"/>
    <variable:factVariable xlink:type="resource" xlink:label="factVariable_17" xlink:title="factVariable_17" id="factVariable_17" bindAsSequence="false" fallbackValue="0"/>
    <variable:variableArc xlink:type="arc" xlink:arcrole="http://xbrl.org/arcrole/2008/variable-set" xlink:from="valueAssertion_5" xlink:to="factVariable_17" xlink:title="valueAssertion_5 to factVariable_17" priority="0" order="2.0" name="DespesasPrevidenciariasProjecaoAtuarialRPPSDemonstrativoSimplificado"/>
    <cf:conceptName xlink:type="resource" xlink:label="conceptName_17" xlink:title="conceptName_17" id="conceptName_17">
      <cf:concept>
        <cf:qname>siconfi-cor:DespesasPrevidenciariasProjecaoAtuarialRPPSDemonstrativoSimplificado</cf:qname>
      </cf:concept>
    </cf:conceptName>
    <variable:variableFilterArc xlink:type="arc" xlink:arcrole="http://xbrl.org/arcrole/2008/variable-filter" xlink:from="factVariable_17" xlink:to="conceptName_17" xlink:title="factVariable_17 to conceptName_17" priority="0" order="1.0" cover="true" complement="false"/>
    <variable:factVariable xlink:type="resource" xlink:label="factVariable_18" xlink:title="factVariable_18" id="factVariable_18" bindAsSequence="false" fallbackValue="0"/>
    <variable:variableArc xlink:type="arc" xlink:arcrole="http://xbrl.org/arcrole/2008/variable-set" xlink:from="valueAssertion_5" xlink:to="factVariable_18" xlink:title="valueAssertion_5 to factVariable_18" priority="0" order="3.0" name="ResultadoPrevidenciarioProjecaoAtuarialRPPSDemonstrativoSimplificado"/>
    <cf:conceptName xlink:type="resource" xlink:label="conceptName_18" xlink:title="conceptName_18" id="conceptName_18">
      <cf:concept>
        <cf:qname>siconfi-cor:ResultadoPrevidenciarioProjecaoAtuarialRPPSDemonstrativoSimplificado</cf:qname>
      </cf:concept>
    </cf:conceptName>
    <variable:variableFilterArc xlink:type="arc" xlink:arcrole="http://xbrl.org/arcrole/2008/variable-filter" xlink:from="factVariable_18" xlink:to="conceptName_18" xlink:title="factVariable_18 to conceptName_18" priority="0" order="1.0" cover="true" complement="false"/>
    <variable:factVariable xlink:type="resource" xlink:label="factVariable_12" xlink:title="factVariable_12" id="factVariable_12" bindAsSequence="false" fallbackValue="0"/>
    <cf:conceptName xlink:type="resource" xlink:label="conceptName_12" xlink:title="conceptName_12" id="conceptName_12">
      <cf:concept>
        <cf:qname>siconfi-cor:RegimeGeralDePrevidenciaSocialProjecaoAtuarialDemonstrativoSimplificado</cf:qname>
      </cf:concept>
    </cf:conceptName>
    <variable:variableFilterArc xlink:type="arc" xlink:arcrole="http://xbrl.org/arcrole/2008/variable-filter" xlink:from="factVariable_12" xlink:to="conceptName_12" xlink:title="factVariable_12 to conceptName_12" priority="0" order="1.0" cover="true" complement="false"/>
    <validation:assertionSet xlink:type="resource" xlink:label="assertionSet_3" xlink:title="assertionSet_3" id="ReceitasEDespesasRegimesPrevidencia"/>
    <va:valueAssertion xlink:type="resource" xlink:label="valueAssertion_6" xlink:title="valueAssertion_6" id="ED14004" test="if (not(contains (string((//xbrli:endDate)[1]),&quot;12-31&quot;))) then ( $ResultadoPrevidenciarioRPPSFinanceiroDemonstrativoSimplificado = $ReceitasPrevidenciariasRealizadasRPPSFinanceiroDemonstrativoSimplificado - $DespesasPrevidenciariasLiquidadasRPPSFinanceiroDemonstrativoSimplificado ) else ( $ResultadoPrevidenciarioRPPSFinanceiroDemonstrativoSimplificado = $ReceitasPrevidenciariasRealizadasRPPSFinanceiroDemonstrativoSimplificado - $DespesasPrevidenciariasEmpenhadasRPPSFinanceiroDemonstrativoSimplificado )" aspectModel="dimensional" implicitFiltering="true"/>
    <gen:arc xlink:type="arc" xlink:arcrole="http://xbrl.org/arcrole/2008/assertion-set" xlink:from="assertionSet_3" xlink:to="valueAssertion_6" xlink:title="assertionSet_3 to valueAssertion_6" priority="0" order="1.0"/>
    <variable:factVariable xlink:type="resource" xlink:label="factVariable_19" xlink:title="factVariable_19" id="factVariable_19" bindAsSequence="false" fallbackValue="0"/>
    <variable:variableArc xlink:type="arc" xlink:arcrole="http://xbrl.org/arcrole/2008/variable-set" xlink:from="valueAssertion_6" xlink:to="factVariable_19" xlink:title="valueAssertion_6 to factVariable_19" priority="0" order="1.0" name="ReceitasPrevidenciariasRealizadasRPPSFinanceiroDemonstrativoSimplificado"/>
    <cf:conceptName xlink:type="resource" xlink:label="conceptName_30" xlink:title="conceptName_30" id="conceptName_30">
      <cf:concept>
        <cf:qname>siconfi-cor:ReceitasPrevidenciariasRealizadasRPPSFinanceiroDemonstrativoSimplificado</cf:qname>
      </cf:concept>
    </cf:conceptName>
    <variable:variableFilterArc xlink:type="arc" xlink:arcrole="http://xbrl.org/arcrole/2008/variable-filter" xlink:from="factVariable_19" xlink:to="conceptName_30" xlink:title="factVariable_19 to conceptName_30" priority="0" order="1.0" cover="true" complement="false"/>
    <variable:factVariable xlink:type="resource" xlink:label="factVariable_20" xlink:title="factVariable_20" id="factVariable_20" bindAsSequence="false" fallbackValue="0"/>
    <variable:variableArc xlink:type="arc" xlink:arcrole="http://xbrl.org/arcrole/2008/variable-set" xlink:from="valueAssertion_6" xlink:to="factVariable_20" xlink:title="valueAssertion_6 to factVariable_20" priority="0" order="2.0" name="DespesasPrevidenciariasLiquidadasRPPSFinanceiroDemonstrativoSimplificado"/>
    <cf:conceptName xlink:type="resource" xlink:label="conceptName_31" xlink:title="conceptName_31" id="conceptName_31">
      <cf:concept>
        <cf:qname>siconfi-cor:DespesasPrevidenciariasLiquidadasRPPSFinanceiroDemonstrativoSimplificado</cf:qname>
      </cf:concept>
    </cf:conceptName>
    <variable:variableFilterArc xlink:type="arc" xlink:arcrole="http://xbrl.org/arcrole/2008/variable-filter" xlink:from="factVariable_20" xlink:to="conceptName_31" xlink:title="factVariable_20 to conceptName_31" priority="0" order="1.0" cover="true" complement="false"/>
    <variable:factVariable xlink:type="resource" xlink:label="factVariable_21" xlink:title="factVariable_21" id="factVariable_21" bindAsSequence="false" fallbackValue="0"/>
    <variable:variableArc xlink:type="arc" xlink:arcrole="http://xbrl.org/arcrole/2008/variable-set" xlink:from="valueAssertion_6" xlink:to="factVariable_21" xlink:title="valueAssertion_6 to factVariable_21" priority="0" order="3.0" name="ResultadoPrevidenciarioRPPSFinanceiroDemonstrativoSimplificado"/>
    <cf:conceptName xlink:type="resource" xlink:label="conceptName_32" xlink:title="conceptName_32" id="conceptName_32">
      <cf:concept>
        <cf:qname>siconfi-cor:ResultadoPrevidenciarioRPPSFinanceiroDemonstrativoSimplificado</cf:qname>
      </cf:concept>
    </cf:conceptName>
    <variable:variableFilterArc xlink:type="arc" xlink:arcrole="http://xbrl.org/arcrole/2008/variable-filter" xlink:from="factVariable_21" xlink:to="conceptName_32" xlink:title="factVariable_21 to conceptName_32" priority="0" order="1.0" cover="true" complement="false"/>
    <variable:factVariable xlink:type="resource" xlink:label="factVariable_27" xlink:title="factVariable_27" id="factVariable_27" bindAsSequence="false" fallbackValue="0"/>
    <variable:variableArc xlink:type="arc" xlink:arcrole="http://xbrl.org/arcrole/2008/variable-set" xlink:from="valueAssertion_6" xlink:to="factVariable_27" xlink:title="valueAssertion_6 to factVariable_27" priority="0" order="4.0" name="DespesasPrevidenciariasEmpenhadasRPPSFinanceiroDemonstrativoSimplificado"/>
    <cf:conceptName xlink:type="resource" xlink:label="conceptName_19" xlink:title="conceptName_19" id="conceptName_19">
      <cf:concept>
        <cf:qname>siconfi-cor:DespesasPrevidenciariasEmpenhadasRPPSFinanceiroDemonstrativoSimplificado</cf:qname>
      </cf:concept>
    </cf:conceptName>
    <variable:variableFilterArc xlink:type="arc" xlink:arcrole="http://xbrl.org/arcrole/2008/variable-filter" xlink:from="factVariable_27" xlink:to="conceptName_19" xlink:title="factVariable_27 to conceptName_19" priority="0" order="1.0" cover="true" complement="false"/>
    <va:valueAssertion xlink:type="resource" xlink:label="valueAssertion_7" xlink:title="valueAssertion_7" id="ED14003" test=" if (not(contains (string((//xbrli:endDate)[1]),&quot;12-31&quot;))) then ($ResultadoPrevidenciarioRPPSPrevidenciarioDemonstrativoSimplificado = $ReceitasPrevidenciariasRealizadasRPPSPrevidenciarioDemonstrativoSimplificado - $DespesasPrevidenciariasLiquidadasRPPSPrevidenciarioDemonstrativoSimplificado ) else ( $ResultadoPrevidenciarioRPPSPrevidenciarioDemonstrativoSimplificado = $ReceitasPrevidenciariasRealizadasRPPSPrevidenciarioDemonstrativoSimplificado - $DespesasPrevidenciariasEmpenhadasRPPSPrevidenciarioDemonstrativoSimplificado )" aspectModel="dimensional" implicitFiltering="true"/>
    <gen:arc xlink:type="arc" xlink:arcrole="http://xbrl.org/arcrole/2008/assertion-set" xlink:from="assertionSet_3" xlink:to="valueAssertion_7" xlink:title="assertionSet_3 to valueAssertion_7" priority="0" order="2.0"/>
    <variable:factVariable xlink:type="resource" xlink:label="factVariable_22" xlink:title="factVariable_22" id="factVariable_22" bindAsSequence="false" fallbackValue="0"/>
    <variable:variableArc xlink:type="arc" xlink:arcrole="http://xbrl.org/arcrole/2008/variable-set" xlink:from="valueAssertion_7" xlink:to="factVariable_22" xlink:title="valueAssertion_7 to factVariable_22" priority="0" order="1.0" name="ResultadoPrevidenciarioRPPSPrevidenciarioDemonstrativoSimplificado"/>
    <cf:conceptName xlink:type="resource" xlink:label="conceptName_27" xlink:title="conceptName_27" id="conceptName_27">
      <cf:concept>
        <cf:qname>siconfi-cor:ResultadoPrevidenciarioRPPSPrevidenciarioDemonstrativoSimplificado</cf:qname>
      </cf:concept>
    </cf:conceptName>
    <variable:variableFilterArc xlink:type="arc" xlink:arcrole="http://xbrl.org/arcrole/2008/variable-filter" xlink:from="factVariable_22" xlink:to="conceptName_27" xlink:title="factVariable_22 to conceptName_27" priority="0" order="1.0" cover="true" complement="false"/>
    <variable:factVariable xlink:type="resource" xlink:label="factVariable_23" xlink:title="factVariable_23" id="factVariable_23" bindAsSequence="false" fallbackValue="0"/>
    <variable:variableArc xlink:type="arc" xlink:arcrole="http://xbrl.org/arcrole/2008/variable-set" xlink:from="valueAssertion_7" xlink:to="factVariable_23" xlink:title="valueAssertion_7 to factVariable_23" priority="0" order="2.0" name="ReceitasPrevidenciariasRealizadasRPPSPrevidenciarioDemonstrativoSimplificado"/>
    <cf:conceptName xlink:type="resource" xlink:label="conceptName_28" xlink:title="conceptName_28" id="conceptName_28">
      <cf:concept>
        <cf:qname>siconfi-cor:ReceitasPrevidenciariasRealizadasRPPSPrevidenciarioDemonstrativoSimplificado</cf:qname>
      </cf:concept>
    </cf:conceptName>
    <variable:variableFilterArc xlink:type="arc" xlink:arcrole="http://xbrl.org/arcrole/2008/variable-filter" xlink:from="factVariable_23" xlink:to="conceptName_28" xlink:title="factVariable_23 to conceptName_28" priority="0" order="1.0" cover="true" complement="false"/>
    <variable:factVariable xlink:type="resource" xlink:label="factVariable_24" xlink:title="factVariable_24" id="factVariable_24" bindAsSequence="false" fallbackValue="0"/>
    <variable:variableArc xlink:type="arc" xlink:arcrole="http://xbrl.org/arcrole/2008/variable-set" xlink:from="valueAssertion_7" xlink:to="factVariable_24" xlink:title="valueAssertion_7 to factVariable_24" priority="0" order="3.0" name="DespesasPrevidenciariasLiquidadasRPPSPrevidenciarioDemonstrativoSimplificado"/>
    <cf:conceptName xlink:type="resource" xlink:label="conceptName_29" xlink:title="conceptName_29" id="conceptName_29">
      <cf:concept>
        <cf:qname>siconfi-cor:DespesasPrevidenciariasLiquidadasRPPSPrevidenciarioDemonstrativoSimplificado</cf:qname>
      </cf:concept>
    </cf:conceptName>
    <variable:variableFilterArc xlink:type="arc" xlink:arcrole="http://xbrl.org/arcrole/2008/variable-filter" xlink:from="factVariable_24" xlink:to="conceptName_29" xlink:title="factVariable_24 to conceptName_29" priority="0" order="1.0" cover="true" complement="false"/>
    <variable:factVariable xlink:type="resource" xlink:label="factVariable_28" xlink:title="factVariable_28" id="factVariable_28" bindAsSequence="false" fallbackValue="0"/>
    <variable:variableArc xlink:type="arc" xlink:arcrole="http://xbrl.org/arcrole/2008/variable-set" xlink:from="valueAssertion_7" xlink:to="factVariable_28" xlink:title="valueAssertion_7 to factVariable_28" priority="0" order="4.0" name="DespesasPrevidenciariasEmpenhadasRPPSPrevidenciarioDemonstrativoSimplificado"/>
    <cf:conceptName xlink:type="resource" xlink:label="conceptName_20" xlink:title="conceptName_20" id="conceptName_20">
      <cf:concept>
        <cf:qname>siconfi-cor:DespesasPrevidenciariasEmpenhadasRPPSPrevidenciarioDemonstrativoSimplificado</cf:qname>
      </cf:concept>
    </cf:conceptName>
    <variable:variableFilterArc xlink:type="arc" xlink:arcrole="http://xbrl.org/arcrole/2008/variable-filter" xlink:from="factVariable_28" xlink:to="conceptName_20" xlink:title="factVariable_28 to conceptName_20" priority="0" order="1.0" cover="true" complement="false"/>
  </gen:link>
  <gen:link xlink:type="extended" xlink:role="http://www.xbrl.org/2008/role/link">
    <link:loc xlink:type="locator" xlink:href="#ES14001" xlink:label="valueAssertion" xlink:title="valueAssertion"/>
    <msg:message xlink:type="resource" xlink:label="label_5" xlink:role="http://www.xbrl.org/2010/role/message" xlink:title="label_5" xml:lang="pt-br" id="label_5">[ES14001] - O campo "TOTAL" não corresponde ao somatório dos valores informados nos campos "RESTOS A PAGAR PROCESSADOS" e "RESTOS A PAGAR NÃO PROCESSADOS" no quadro "Restos a Pagar por Poder e Ministério Público".</msg:message>
    <gen:arc xlink:type="arc" xlink:arcrole="http://xbrl.org/arcrole/2010/assertion-unsatisfied-message" xlink:from="valueAssertion" xlink:to="label_5" xlink:title="valueAssertion to label_5" priority="0" order="1.0"/>
    <link:loc xlink:type="locator" xlink:href="#ES14002" xlink:label="valueAssertion_2" xlink:title="valueAssertion_2"/>
    <msg:message xlink:type="resource" xlink:label="label_6" xlink:role="http://www.xbrl.org/2010/role/message" xlink:title="label_6" xml:lang="pt-br" id="label_6">[ES14002] - O campo "RESTOS A PAGAR PROCESSADOS" não corresponde ao somatório dos valores informados nos campos "Poder Executivo", "Poder Legislativo", "Poder Judiciário", "Ministério Público" e "Defensoria Pública" no quadro "Restos a Pagar por Poder e Ministério Público".</msg:message>
    <gen:arc xlink:type="arc" xlink:arcrole="http://xbrl.org/arcrole/2010/assertion-unsatisfied-message" xlink:from="valueAssertion_2" xlink:to="label_6" xlink:title="valueAssertion_2 to label_6" priority="0" order="1.0"/>
    <link:loc xlink:type="locator" xlink:href="#ES14003" xlink:label="valueAssertion_3" xlink:title="valueAssertion_3"/>
    <msg:message xlink:type="resource" xlink:label="label_7" xlink:role="http://www.xbrl.org/2010/role/message" xlink:title="label_7" xml:lang="pt-br" id="label_7">[ES14003] - O campo "RESTOS A PAGAR NÃO PROCESSADOS" não corresponde ao somatório dos valores informados nos campos "Poder Executivo", "Poder Legislativo", "Poder Judiciário", "Ministério Público" e "Defensoria Pública" no quadro "Restos a Pagar por Poder e Ministério Público".</msg:message>
    <gen:arc xlink:type="arc" xlink:arcrole="http://xbrl.org/arcrole/2010/assertion-unsatisfied-message" xlink:from="valueAssertion_3" xlink:to="label_7" xlink:title="valueAssertion_3 to label_7" priority="0" order="1.0"/>
    <link:loc xlink:type="locator" xlink:href="#ED14001" xlink:label="valueAssertion_4" xlink:title="valueAssertion_4"/>
    <msg:message xlink:type="resource" xlink:label="label" xlink:role="http://www.xbrl.org/2010/role/message" xlink:title="label" xml:lang="pt-br" id="label">[ED14001] - O campo "Resultado Previdenciário" não corresponde à diferença entre os valores informados nos campos "Receitas Previdenciárias" e "Despesas Previdenciárias" referentes ao Plano Previdenciário no quadro "Projeção Atuarial dos Regimes de Previdência".</msg:message>
    <gen:arc xlink:type="arc" xlink:arcrole="http://xbrl.org/arcrole/2010/assertion-unsatisfied-message" xlink:from="valueAssertion_4" xlink:to="label" xlink:title="valueAssertion_4 to label" priority="0" order="1.0"/>
    <link:loc xlink:type="locator" xlink:href="#ED14002" xlink:label="valueAssertion_5" xlink:title="valueAssertion_5"/>
    <msg:message xlink:type="resource" xlink:label="label_2" xlink:role="http://www.xbrl.org/2010/role/message" xlink:title="label_2" xml:lang="pt-br" id="label_2">[ED14002] - O campo "Resultado Previdenciário" não corresponde à diferença entre os valores informados nos campos "Receitas Previdenciárias" e "Despesas Previdenciárias" referentes ao Plano Financeiro no quadro "Projeção Atuarial dos Regimes de Previdência".</msg:message>
    <gen:arc xlink:type="arc" xlink:arcrole="http://xbrl.org/arcrole/2010/assertion-unsatisfied-message" xlink:from="valueAssertion_5" xlink:to="label_2" xlink:title="valueAssertion_5 to label_2" priority="0" order="1.0"/>
    <link:loc xlink:type="locator" xlink:href="#ED14004" xlink:label="valueAssertion_6" xlink:title="valueAssertion_6"/>
    <msg:message xlink:type="resource" xlink:label="label_4" xlink:role="http://www.xbrl.org/2010/role/message" xlink:title="label_4" xml:lang="pt-br" id="label_4">[ED14004] - O campo "Resultado Previdenciário" deve corresponder à diferença entre os valores informados nos campos "Receitas Previdenciárias Realizadas" e "Despesas Previdenciárias Liquidadas" nos bimestres 1 a 5 ou à diferença entre "Receitas Previdenciárias Realizadas" e "Despesas Previdenciárias Empenhadas" no bimestre 6. Quadro "Receitas e Despesas do Regime Próprio de Previdência dos Servidores - PLANO FINANCEIRO", anexo14.</msg:message>
    <gen:arc xlink:type="arc" xlink:arcrole="http://xbrl.org/arcrole/2010/assertion-unsatisfied-message" xlink:from="valueAssertion_6" xlink:to="label_4" xlink:title="valueAssertion_6 to label_4" priority="0" order="1.0"/>
    <link:loc xlink:type="locator" xlink:href="#ED14003" xlink:label="valueAssertion_7" xlink:title="valueAssertion_7"/>
    <msg:message xlink:type="resource" xlink:label="label_3" xlink:role="http://www.xbrl.org/2010/role/message" xlink:title="label_3" xml:lang="pt-br" id="label_3">[ED14003] - O campo "Resultado Previdenciário" deve corresponder à diferença entre os valores informados nos campos "Receitas Previdenciárias Realizadas" e "Despesas Previdenciárias Liquidadas" nos bimestres 1 a 5 ou à diferença entre "Receitas Previdenciárias Realizadas" e "Despesas Previdenciárias Empenhadas" no bimestre 6. Quadro "Receitas e Despesas do Regime Próprio de Previdência dos Servidores - PLANO PREVIDENCIÁRIO", anexo14.</msg:message>
    <gen:arc xlink:type="arc" xlink:arcrole="http://xbrl.org/arcrole/2010/assertion-unsatisfied-message" xlink:from="valueAssertion_7" xlink:to="label_3" xlink:title="valueAssertion_7 to label_3" priority="0" order="1.0"/>
  </gen:link>
</link:linkbase>
