<?xml version="1.0" encoding="UTF-8"?>
<!-- Generated by Fujitsu Interstage XWand B0196 -->
<link:linkbase xmlns:xsi="http://www.w3.org/2001/XMLSchema-instance" xsi:schemaLocation="http://www.xbrl.org/2003/linkbase http://www.xbrl.org/2003/xbrl-linkbase-2003-12-31.xsd" xmlns:link="http://www.xbrl.org/2003/linkbase" xmlns:xbrli="http://www.xbrl.org/2003/instance" xmlns:xlink="http://www.w3.org/1999/xlink" xmlns:xbrldt="http://xbrl.org/2005/xbrldt">
  <link:roleRef roleURI="http://fazenda.gov.br/siconfi/rep/rreo/anexo7estados/siconfi-rreo-anexo7-tabela7.1" xlink:type="simple" xlink:href="siconfi-rreo-anexo7estados_2019-12-31.xsd#siconfi-rreo-anexo7-tabela7.1"/>
  <link:presentationLink xlink:type="extended" xlink:role="http://fazenda.gov.br/siconfi/rep/rreo/anexo7estados/siconfi-rreo-anexo7-tabela7.1">
    <link:loc xlink:type="locator" xlink:href="siconfi-rreo-anexo7estados_2019-12-31.xsd#siconfi-rreo-anexo7estados_DemonstrativoAnexo7Abstract" xlink:label="DemonstrativoAnexo7Abstract" xlink:title="DemonstrativoAnexo7Abstract"/>
    <link:loc xlink:type="locator" xlink:href="siconfi-rreo-anexo7estados_2019-12-31.xsd#siconfi-rreo-anexo7estados_FonteAnexo7Tabela7.0Abstract" xlink:label="FonteAnexo7Tabela7.0Abstract" xlink:title="FonteAnexo7Tabela7.0Abstract"/>
    <link:presentationArc xlink:type="arc" xlink:arcrole="http://www.xbrl.org/2003/arcrole/parent-child" xlink:from="DemonstrativoAnexo7Abstract" xlink:to="FonteAnexo7Tabela7.0Abstract" xlink:title="presentation: DemonstrativoAnexo7Abstract to FonteAnexo7Tabela7.0Abstract" order="3.0"/>
    <link:loc xlink:type="locator" xlink:href="siconfi-rreo-anexo7estados_2019-12-31.xsd#siconfi-rreo-anexo7estados_FonteAnexo7Tabela7.0LineItems" xlink:label="FonteAnexo7Tabela7.0LineItems" xlink:title="FonteAnexo7Tabela7.0LineItems"/>
    <link:presentationArc xlink:type="arc" xlink:arcrole="http://www.xbrl.org/2003/arcrole/parent-child" xlink:from="FonteAnexo7Tabela7.0Abstract" xlink:to="FonteAnexo7Tabela7.0LineItems" xlink:title="presentation: FonteAnexo7Tabela7.0Abstract to FonteAnexo7Tabela7.0LineItems" order="1.0"/>
    <link:loc xlink:type="locator" xlink:href="../../../cor/ic/siconfi-cor_2019-12-31.xsd#siconfi-cor_FonteAnexo7Tabela7.0RREO" xlink:label="FonteAnexo7Tabela7.0RREO" xlink:title="FonteAnexo7Tabela7.0RREO"/>
    <link:presentationArc xlink:type="arc" xlink:arcrole="http://www.xbrl.org/2003/arcrole/parent-child" xlink:from="FonteAnexo7Tabela7.0LineItems" xlink:to="FonteAnexo7Tabela7.0RREO" xlink:title="presentation: FonteAnexo7Tabela7.0LineItems to FonteAnexo7Tabela7.0RREO" order="1.0"/>
    <link:loc xlink:type="locator" xlink:href="siconfi-rreo-anexo7estados_2019-12-31.xsd#siconfi-rreo-anexo7estados_PoderOrgaoAbstract" xlink:label="PoderOrgaoAbstract" xlink:title="PoderOrgaoAbstract"/>
    <link:presentationArc xlink:type="arc" xlink:arcrole="http://www.xbrl.org/2003/arcrole/parent-child" xlink:from="DemonstrativoAnexo7Abstract" xlink:to="PoderOrgaoAbstract" xlink:title="presentation: DemonstrativoAnexo7Abstract to PoderOrgaoAbstract" order="1.0"/>
    <link:loc xlink:type="locator" xlink:href="siconfi-rreo-anexo7estados_2019-12-31.xsd#siconfi-rreo-anexo7estados_PoderOrgaoLineItems" xlink:label="PoderOrgaoLineItems" xlink:title="PoderOrgaoLineItems"/>
    <link:presentationArc xlink:type="arc" xlink:arcrole="http://www.xbrl.org/2003/arcrole/parent-child" xlink:from="PoderOrgaoAbstract" xlink:to="PoderOrgaoLineItems" xlink:title="presentation: PoderOrgaoAbstract to PoderOrgaoLineItems" order="1.0"/>
    <link:loc xlink:type="locator" xlink:href="siconfi-rreo-anexo7estados_2019-12-31.xsd#siconfi-rreo-anexo7estados_RestosAPagarProcessadosAbstract" xlink:label="RestosAPagarProcessadosENaoProcessadosLiquidadosAbstract" xlink:title="RestosAPagarProcessadosENaoProcessadosLiquidadosAbstract"/>
    <link:presentationArc xlink:type="arc" xlink:arcrole="http://www.xbrl.org/2003/arcrole/parent-child" xlink:from="PoderOrgaoLineItems" xlink:to="RestosAPagarProcessadosENaoProcessadosLiquidadosAbstract" xlink:title="presentation: PoderOrgaoLineItems to RestosAPagarProcessadosENaoProcessadosLiquidadosAbstract" order="1.0"/>
    <link:loc xlink:type="locator" xlink:href="siconfi-rreo-anexo7estados_2019-12-31.xsd#siconfi-rreo-anexo7estados_RestosAPagarProcessadosENaoProcessadosLiquidadosEmExerciciosAnterioresInscritosAbstract" xlink:label="RestosAPagarProcessadosENaoProcessadosLiquidadosEmExerciciosAnterioresInscritosAbstract" xlink:title="RestosAPagarProcessadosENaoProcessadosLiquidadosEmExerciciosAnterioresInscritosAbstract"/>
    <link:presentationArc xlink:type="arc" xlink:arcrole="http://www.xbrl.org/2003/arcrole/parent-child" xlink:from="RestosAPagarProcessadosENaoProcessadosLiquidadosAbstract" xlink:to="RestosAPagarProcessadosENaoProcessadosLiquidadosEmExerciciosAnterioresInscritosAbstract" xlink:title="presentation: RestosAPagarProcessadosENaoProcessadosLiquidadosAbstract to RestosAPagarProcessadosENaoProcessadosLiquidadosEmExerciciosAnterioresInscritosAbstract" order="1.0"/>
    <link:loc xlink:type="locator" xlink:href="../../../cor/ic/siconfi-cor_2019-12-31.xsd#siconfi-cor_RestosAPagarProcessadosENaoProcessadosLiquidadosInscritosEmExerciciosAnteriores" xlink:label="RestosAPagarProcessadosENaoProcessadosLiquidadosInscritosEmExerciciosAnteriores" xlink:title="RestosAPagarProcessadosENaoProcessadosLiquidadosInscritosEmExerciciosAnteriores"/>
    <link:presentationArc xlink:type="arc" xlink:arcrole="http://www.xbrl.org/2003/arcrole/parent-child" xlink:from="RestosAPagarProcessadosENaoProcessadosLiquidadosEmExerciciosAnterioresInscritosAbstract" xlink:to="RestosAPagarProcessadosENaoProcessadosLiquidadosInscritosEmExerciciosAnteriores" xlink:title="presentation: RestosAPagarProcessadosENaoProcessadosLiquidadosEmExerciciosAnterioresInscritosAbstract to RestosAPagarProcessadosENaoProcessadosLiquidadosInscritosEmExerciciosAnteriores" order="1.0"/>
    <link:loc xlink:type="locator" xlink:href="../../../cor/ic/siconfi-cor_2019-12-31.xsd#siconfi-cor_RestosAPagarProcessadosENaoProcessadosLiquidadosInscritosEmExercicioAnterior" xlink:label="RestosAPagarProcessadosENaoProcessadosLiquidadosInscritosEmExercicioAnterior" xlink:title="RestosAPagarProcessadosENaoProcessadosLiquidadosInscritosEmExercicioAnterior"/>
    <link:presentationArc xlink:type="arc" xlink:arcrole="http://www.xbrl.org/2003/arcrole/parent-child" xlink:from="RestosAPagarProcessadosENaoProcessadosLiquidadosEmExerciciosAnterioresInscritosAbstract" xlink:to="RestosAPagarProcessadosENaoProcessadosLiquidadosInscritosEmExercicioAnterior" xlink:title="presentation: RestosAPagarProcessadosENaoProcessadosLiquidadosEmExerciciosAnterioresInscritosAbstract to RestosAPagarProcessadosENaoProcessadosLiquidadosInscritosEmExercicioAnterior" order="2.0"/>
    <link:loc xlink:type="locator" xlink:href="../../../cor/ic/siconfi-cor_2019-12-31.xsd#siconfi-cor_RestosAPagarProcessadosENaoProcessadosLiquidadosPagos" xlink:label="RestosAPagarProcessadosENaoProcessadosLiquidadosPagos" xlink:title="RestosAPagarProcessadosENaoProcessadosLiquidadosPagos"/>
    <link:presentationArc xlink:type="arc" xlink:arcrole="http://www.xbrl.org/2003/arcrole/parent-child" xlink:from="RestosAPagarProcessadosENaoProcessadosLiquidadosAbstract" xlink:to="RestosAPagarProcessadosENaoProcessadosLiquidadosPagos" xlink:title="presentation: RestosAPagarProcessadosENaoProcessadosLiquidadosAbstract to RestosAPagarProcessadosENaoProcessadosLiquidadosPagos" order="2.0"/>
    <link:loc xlink:type="locator" xlink:href="../../../cor/ic/siconfi-cor_2019-12-31.xsd#siconfi-cor_RestosAPagarProcessadosENaoProcessadosLiquidadosCancelados" xlink:label="RestosAPagarProcessadosENaoProcessadosLiquidadosCancelados" xlink:title="RestosAPagarProcessadosENaoProcessadosLiquidadosCancelados"/>
    <link:presentationArc xlink:type="arc" xlink:arcrole="http://www.xbrl.org/2003/arcrole/parent-child" xlink:from="RestosAPagarProcessadosENaoProcessadosLiquidadosAbstract" xlink:to="RestosAPagarProcessadosENaoProcessadosLiquidadosCancelados" xlink:title="presentation: RestosAPagarProcessadosENaoProcessadosLiquidadosAbstract to RestosAPagarProcessadosENaoProcessadosLiquidadosCancelados" order="3.0"/>
    <link:loc xlink:type="locator" xlink:href="../../../cor/ic/siconfi-cor_2019-12-31.xsd#siconfi-cor_RestosAPagarProcessadosENaoProcessadosLiquidadosAPagar" xlink:label="RestosAPagarProcessadosENaoProcessadosLiquidadosAPagar" xlink:title="RestosAPagarProcessadosENaoProcessadosLiquidadosAPagar"/>
    <link:presentationArc xlink:type="arc" xlink:arcrole="http://www.xbrl.org/2003/arcrole/parent-child" xlink:from="RestosAPagarProcessadosENaoProcessadosLiquidadosAbstract" xlink:to="RestosAPagarProcessadosENaoProcessadosLiquidadosAPagar" xlink:title="presentation: RestosAPagarProcessadosENaoProcessadosLiquidadosAbstract to RestosAPagarProcessadosENaoProcessadosLiquidadosAPagar" order="4.0"/>
    <link:loc xlink:type="locator" xlink:href="siconfi-rreo-anexo7estados_2019-12-31.xsd#siconfi-rreo-anexo7estados_RestosAPagarNaoProcessadosAbstract" xlink:label="RestosAPagarNaoProcessadosAbstract" xlink:title="RestosAPagarNaoProcessadosAbstract"/>
    <link:presentationArc xlink:type="arc" xlink:arcrole="http://www.xbrl.org/2003/arcrole/parent-child" xlink:from="PoderOrgaoLineItems" xlink:to="RestosAPagarNaoProcessadosAbstract" xlink:title="presentation: PoderOrgaoLineItems to RestosAPagarNaoProcessadosAbstract" order="2.0"/>
    <link:loc xlink:type="locator" xlink:href="siconfi-rreo-anexo7estados_2019-12-31.xsd#siconfi-rreo-anexo7estados_RestosAPagarNaoProcessadosInscritosAbstract" xlink:label="RestosAPagarNaoProcessadosInscritosAbstract" xlink:title="RestosAPagarNaoProcessadosInscritosAbstract"/>
    <link:presentationArc xlink:type="arc" xlink:arcrole="http://www.xbrl.org/2003/arcrole/parent-child" xlink:from="RestosAPagarNaoProcessadosAbstract" xlink:to="RestosAPagarNaoProcessadosInscritosAbstract" xlink:title="presentation: RestosAPagarNaoProcessadosAbstract to RestosAPagarNaoProcessadosInscritosAbstract" order="1.0"/>
    <link:loc xlink:type="locator" xlink:href="../../../cor/ic/siconfi-cor_2019-12-31.xsd#siconfi-cor_RestosAPagarNaoProcessadosInscritosEmExerciciosAnteriores" xlink:label="RestosAPagarNaoProcessadosInscritosEmExerciciosAnteriores" xlink:title="RestosAPagarNaoProcessadosInscritosEmExerciciosAnteriores"/>
    <link:presentationArc xlink:type="arc" xlink:arcrole="http://www.xbrl.org/2003/arcrole/parent-child" xlink:from="RestosAPagarNaoProcessadosInscritosAbstract" xlink:to="RestosAPagarNaoProcessadosInscritosEmExerciciosAnteriores" xlink:title="presentation: RestosAPagarNaoProcessadosInscritosAbstract to RestosAPagarNaoProcessadosInscritosEmExerciciosAnteriores" order="1.0"/>
    <link:loc xlink:type="locator" xlink:href="../../../cor/ic/siconfi-cor_2019-12-31.xsd#siconfi-cor_RestosAPagarNaoProcessadosInscritosEmExercicioAnterior" xlink:label="RestosAPagarNaoProcessadosInscritosEmExercicioAnterior" xlink:title="RestosAPagarNaoProcessadosInscritosEmExercicioAnterior"/>
    <link:presentationArc xlink:type="arc" xlink:arcrole="http://www.xbrl.org/2003/arcrole/parent-child" xlink:from="RestosAPagarNaoProcessadosInscritosAbstract" xlink:to="RestosAPagarNaoProcessadosInscritosEmExercicioAnterior" xlink:title="presentation: RestosAPagarNaoProcessadosInscritosAbstract to RestosAPagarNaoProcessadosInscritosEmExercicioAnterior" order="2.0"/>
    <link:loc xlink:type="locator" xlink:href="../../../cor/ic/siconfi-cor_2019-12-31.xsd#siconfi-cor_RestosAPagarNaoProcessadosLiquidados" xlink:label="RestosAPagarNaoProcessadosLiquidados" xlink:title="RestosAPagarNaoProcessadosLiquidados"/>
    <link:presentationArc xlink:type="arc" xlink:arcrole="http://www.xbrl.org/2003/arcrole/parent-child" xlink:from="RestosAPagarNaoProcessadosAbstract" xlink:to="RestosAPagarNaoProcessadosLiquidados" xlink:title="presentation: RestosAPagarNaoProcessadosAbstract to RestosAPagarNaoProcessadosLiquidados" order="2.0"/>
    <link:loc xlink:type="locator" xlink:href="../../../cor/ic/siconfi-cor_2019-12-31.xsd#siconfi-cor_RestosAPagarNaoProcessadosPagos" xlink:label="RestosAPagarNaoProcessadosPagos" xlink:title="RestosAPagarNaoProcessadosPagos"/>
    <link:presentationArc xlink:type="arc" xlink:arcrole="http://www.xbrl.org/2003/arcrole/parent-child" xlink:from="RestosAPagarNaoProcessadosAbstract" xlink:to="RestosAPagarNaoProcessadosPagos" xlink:title="presentation: RestosAPagarNaoProcessadosAbstract to RestosAPagarNaoProcessadosPagos" order="3.0"/>
    <link:loc xlink:type="locator" xlink:href="../../../cor/ic/siconfi-cor_2019-12-31.xsd#siconfi-cor_RestosAPagarNaoProcessadosCancelados" xlink:label="RestosAPagarNaoProcessadosCancelados" xlink:title="RestosAPagarNaoProcessadosCancelados"/>
    <link:presentationArc xlink:type="arc" xlink:arcrole="http://www.xbrl.org/2003/arcrole/parent-child" xlink:from="RestosAPagarNaoProcessadosAbstract" xlink:to="RestosAPagarNaoProcessadosCancelados" xlink:title="presentation: RestosAPagarNaoProcessadosAbstract to RestosAPagarNaoProcessadosCancelados" order="4.0"/>
    <link:loc xlink:type="locator" xlink:href="../../../cor/ic/siconfi-cor_2019-12-31.xsd#siconfi-cor_RestosAPagarNaoProcessadosAPagar" xlink:label="RestosAPagarNaoProcessadosAPagar" xlink:title="RestosAPagarNaoProcessadosAPagar"/>
    <link:presentationArc xlink:type="arc" xlink:arcrole="http://www.xbrl.org/2003/arcrole/parent-child" xlink:from="RestosAPagarNaoProcessadosAbstract" xlink:to="RestosAPagarNaoProcessadosAPagar" xlink:title="presentation: RestosAPagarNaoProcessadosAbstract to RestosAPagarNaoProcessadosAPagar" order="5.0"/>
    <link:loc xlink:type="locator" xlink:href="../../../cor/ic/siconfi-cor_2019-12-31.xsd#siconfi-cor_SaldoTotal" xlink:label="SaldoTotal" xlink:title="SaldoTotal"/>
    <link:presentationArc xlink:type="arc" xlink:arcrole="http://www.xbrl.org/2003/arcrole/parent-child" xlink:from="PoderOrgaoLineItems" xlink:to="SaldoTotal" xlink:title="presentation: PoderOrgaoLineItems to SaldoTotal" order="3.0"/>
    <link:loc xlink:type="locator" xlink:href="siconfi-rreo-anexo7estados_2019-12-31.xsd#siconfi-rreo-anexo7estados_PoderOrgaoTable" xlink:label="PoderOrgaoTable" xlink:title="PoderOrgaoTable"/>
    <link:presentationArc xlink:type="arc" xlink:arcrole="http://www.xbrl.org/2003/arcrole/parent-child" xlink:from="PoderOrgaoAbstract" xlink:to="PoderOrgaoTable" xlink:title="presentation: PoderOrgaoAbstract to PoderOrgaoTable" order="2.0" xbrldt:contextElement="segment" xbrldt:closed="true"/>
    <link:loc xlink:type="locator" xlink:href="../../../cor/dim/siconfi-dim_2019-12-31.xsd#siconfi-dim_PoderOrgaosAxis" xlink:label="PoderOrgaosAxis" xlink:title="PoderOrgaosAxis"/>
    <link:presentationArc xlink:type="arc" xlink:arcrole="http://www.xbrl.org/2003/arcrole/parent-child" xlink:from="PoderOrgaoTable" xlink:to="PoderOrgaosAxis" xlink:title="presentation: PoderOrgaoTable to PoderOrgaosAxis" order="1.0"/>
    <link:loc xlink:type="locator" xlink:href="../../../cor/dim/siconfi-dim_2019-12-31.xsd#siconfi-dim_ExcetoIntraOrcamentarioMember" xlink:label="ExcetoIntraOrcamentarioMember" xlink:title="ExcetoIntraOrcamentarioMember"/>
    <link:presentationArc xlink:type="arc" xlink:arcrole="http://www.xbrl.org/2003/arcrole/parent-child" xlink:from="PoderOrgaosAxis" xlink:to="ExcetoIntraOrcamentarioMember" xlink:title="presentation: PoderOrgaosAxis to ExcetoIntraOrcamentarioMember" order="1.0"/>
    <link:loc xlink:type="locator" xlink:href="../../../cor/dim/siconfi-dim_2019-12-31.xsd#siconfi-dim_ExecutivoMember" xlink:label="ExecutivoMember" xlink:title="ExecutivoMember"/>
    <link:presentationArc xlink:type="arc" xlink:arcrole="http://www.xbrl.org/2003/arcrole/parent-child" xlink:from="ExcetoIntraOrcamentarioMember" xlink:to="ExecutivoMember" xlink:title="presentation: ExcetoIntraOrcamentarioMember to ExecutivoMember" order="1.0"/>
    <link:loc xlink:type="locator" xlink:href="../../../cor/dim/siconfi-dim_2019-12-31.xsd#siconfi-dim_LegislativoMember" xlink:label="LegislativoMember" xlink:title="LegislativoMember"/>
    <link:presentationArc xlink:type="arc" xlink:arcrole="http://www.xbrl.org/2003/arcrole/parent-child" xlink:from="ExcetoIntraOrcamentarioMember" xlink:to="LegislativoMember" xlink:title="presentation: ExcetoIntraOrcamentarioMember to LegislativoMember" order="2.0"/>
    <link:loc xlink:type="locator" xlink:href="../../../cor/dim/siconfi-dim_2019-12-31.xsd#siconfi-dim_AssembleiaLegislativaMember" xlink:label="AssembleiaLegislativaMember" xlink:title="AssembleiaLegislativaMember"/>
    <link:presentationArc xlink:type="arc" xlink:arcrole="http://www.xbrl.org/2003/arcrole/parent-child" xlink:from="LegislativoMember" xlink:to="AssembleiaLegislativaMember" xlink:title="presentation: LegislativoMember to AssembleiaLegislativaMember" order="1.0"/>
    <link:loc xlink:type="locator" xlink:href="../../../cor/dim/siconfi-dim_2019-12-31.xsd#siconfi-dim_TribunalDeContasDoEstadoMember" xlink:label="TribunalDeContasDoEstadoMember" xlink:title="TribunalDeContasDoEstadoMember"/>
    <link:presentationArc xlink:type="arc" xlink:arcrole="http://www.xbrl.org/2003/arcrole/parent-child" xlink:from="LegislativoMember" xlink:to="TribunalDeContasDoEstadoMember" xlink:title="presentation: LegislativoMember to TribunalDeContasDoEstadoMember" order="2.0"/>
    <link:loc xlink:type="locator" xlink:href="../../../cor/dim/siconfi-dim_2019-12-31.xsd#siconfi-dim_TribunalDeContasDosMunicipiosMember" xlink:label="TribunalDeContasDosMunicipiosMember" xlink:title="TribunalDeContasDosMunicipiosMember"/>
    <link:presentationArc xlink:type="arc" xlink:arcrole="http://www.xbrl.org/2003/arcrole/parent-child" xlink:from="LegislativoMember" xlink:to="TribunalDeContasDosMunicipiosMember" xlink:title="presentation: LegislativoMember to TribunalDeContasDosMunicipiosMember" order="3.0"/>
    <link:loc xlink:type="locator" xlink:href="../../../cor/dim/siconfi-dim_2019-12-31.xsd#siconfi-dim_JudiciarioMember" xlink:label="JudiciarioMember" xlink:title="JudiciarioMember"/>
    <link:presentationArc xlink:type="arc" xlink:arcrole="http://www.xbrl.org/2003/arcrole/parent-child" xlink:from="ExcetoIntraOrcamentarioMember" xlink:to="JudiciarioMember" xlink:title="presentation: ExcetoIntraOrcamentarioMember to JudiciarioMember" order="3.0"/>
    <link:loc xlink:type="locator" xlink:href="../../../cor/dim/siconfi-dim_2019-12-31.xsd#siconfi-dim_TribunalDeJusticaMember" xlink:label="TribunalDeJusticaMember" xlink:title="TribunalDeJusticaMember"/>
    <link:presentationArc xlink:type="arc" xlink:arcrole="http://www.xbrl.org/2003/arcrole/parent-child" xlink:from="JudiciarioMember" xlink:to="TribunalDeJusticaMember" xlink:title="presentation: JudiciarioMember to TribunalDeJusticaMember" order="1.0"/>
    <link:loc xlink:type="locator" xlink:href="../../../cor/dim/siconfi-dim_2019-12-31.xsd#siconfi-dim_TribunalDeJusticaMilitarMember" xlink:label="TribunalDeJusticaMilitarMember" xlink:title="TribunalDeJusticaMilitarMember"/>
    <link:presentationArc xlink:type="arc" xlink:arcrole="http://www.xbrl.org/2003/arcrole/parent-child" xlink:from="JudiciarioMember" xlink:to="TribunalDeJusticaMilitarMember" xlink:title="presentation: JudiciarioMember to TribunalDeJusticaMilitarMember" order="2.0"/>
    <link:loc xlink:type="locator" xlink:href="../../../cor/dim/siconfi-dim_2019-12-31.xsd#siconfi-dim_MinisterioPublicoMember" xlink:label="MinisterioPublicoMember" xlink:title="MinisterioPublicoMember"/>
    <link:presentationArc xlink:type="arc" xlink:arcrole="http://www.xbrl.org/2003/arcrole/parent-child" xlink:from="ExcetoIntraOrcamentarioMember" xlink:to="MinisterioPublicoMember" xlink:title="presentation: ExcetoIntraOrcamentarioMember to MinisterioPublicoMember" order="4.0"/>
    <link:loc xlink:type="locator" xlink:href="../../../cor/dim/siconfi-dim_2019-12-31.xsd#siconfi-dim_DefensoriaPublicaMember" xlink:label="DefensoriaPublicaMember" xlink:title="DefensoriaPublicaMember"/>
    <link:presentationArc xlink:type="arc" xlink:arcrole="http://www.xbrl.org/2003/arcrole/parent-child" xlink:from="ExcetoIntraOrcamentarioMember" xlink:to="DefensoriaPublicaMember" xlink:title="presentation: ExcetoIntraOrcamentarioMember to DefensoriaPublicaMember" order="5.0"/>
    <link:loc xlink:type="locator" xlink:href="../../../cor/dim/siconfi-dim_2019-12-31.xsd#siconfi-dim_IntraOrcamentarioMember" xlink:label="IntraOrcamentarioMember" xlink:title="IntraOrcamentarioMember"/>
    <link:presentationArc xlink:type="arc" xlink:arcrole="http://www.xbrl.org/2003/arcrole/parent-child" xlink:from="PoderOrgaosAxis" xlink:to="IntraOrcamentarioMember" xlink:title="presentation: PoderOrgaosAxis to IntraOrcamentarioMember" order="2.0"/>
    <link:loc xlink:type="locator" xlink:href="../../../cor/dim/siconfi-dim_2019-12-31.xsd#siconfi-dim_TotalMember" xlink:label="TotalMember" xlink:title="TotalMember"/>
    <link:presentationArc xlink:type="arc" xlink:arcrole="http://www.xbrl.org/2003/arcrole/parent-child" xlink:from="PoderOrgaosAxis" xlink:to="TotalMember" xlink:title="presentation: PoderOrgaosAxis to TotalMember" order="3.0"/>
    <link:loc xlink:type="locator" xlink:href="siconfi-rreo-anexo7estados_2019-12-31.xsd#siconfi-rreo-anexo7estados_PoderOrgaoIntraAbstract" xlink:label="PoderOrgaoIntraAbstract" xlink:title="PoderOrgaoIntraAbstract"/>
    <link:presentationArc xlink:type="arc" xlink:arcrole="http://www.xbrl.org/2003/arcrole/parent-child" xlink:from="DemonstrativoAnexo7Abstract" xlink:to="PoderOrgaoIntraAbstract" xlink:title="presentation: DemonstrativoAnexo7Abstract to PoderOrgaoIntraAbstract" order="2.0"/>
    <link:loc xlink:type="locator" xlink:href="siconfi-rreo-anexo7estados_2019-12-31.xsd#siconfi-rreo-anexo7estados_PoderOrgaoIntraLineItems" xlink:label="PoderOrgaoIntraLineItems" xlink:title="PoderOrgaoIntraLineItems"/>
    <link:presentationArc xlink:type="arc" xlink:arcrole="http://www.xbrl.org/2003/arcrole/parent-child" xlink:from="PoderOrgaoIntraAbstract" xlink:to="PoderOrgaoIntraLineItems" xlink:title="presentation: PoderOrgaoIntraAbstract to PoderOrgaoIntraLineItems" order="1.0"/>
    <link:loc xlink:type="locator" xlink:href="siconfi-rreo-anexo7estados_2019-12-31.xsd#siconfi-rreo-anexo7estados_RestosAPagarProcessadosIntraAbstract" xlink:label="RestosAPagarProcessadosENaoProcessadosLiquidadosIntraAbstract" xlink:title="RestosAPagarProcessadosENaoProcessadosLiquidadosIntraAbstract"/>
    <link:presentationArc xlink:type="arc" xlink:arcrole="http://www.xbrl.org/2003/arcrole/parent-child" xlink:from="PoderOrgaoIntraLineItems" xlink:to="RestosAPagarProcessadosENaoProcessadosLiquidadosIntraAbstract" xlink:title="presentation: PoderOrgaoIntraLineItems to RestosAPagarProcessadosENaoProcessadosLiquidadosIntraAbstract" order="1.0"/>
    <link:loc xlink:type="locator" xlink:href="siconfi-rreo-anexo7estados_2019-12-31.xsd#siconfi-rreo-anexo7estados_RestosAPagarProcessadosENaoProcessadosLiquidadosEmExerciciosAnterioresInscritosIntraAbstract" xlink:label="RestosAPagarProcessadosENaoProcessadosLiquidadosEmExerciciosAnterioresInscritosIntraAbstract" xlink:title="RestosAPagarProcessadosENaoProcessadosLiquidadosEmExerciciosAnterioresInscritosIntraAbstract"/>
    <link:presentationArc xlink:type="arc" xlink:arcrole="http://www.xbrl.org/2003/arcrole/parent-child" xlink:from="RestosAPagarProcessadosENaoProcessadosLiquidadosIntraAbstract" xlink:to="RestosAPagarProcessadosENaoProcessadosLiquidadosEmExerciciosAnterioresInscritosIntraAbstract" xlink:title="presentation: RestosAPagarProcessadosENaoProcessadosLiquidadosIntraAbstract to RestosAPagarProcessadosENaoProcessadosLiquidadosEmExerciciosAnterioresInscritosIntraAbstract" order="1.0"/>
    <link:loc xlink:type="locator" xlink:href="../../../cor/ic/siconfi-cor_2019-12-31.xsd#siconfi-cor_RestosAPagarProcessadosENaoProcessadosLiquidadosInscritosEmExerciciosAnterioresIntra" xlink:label="RestosAPagarProcessadosENaoProcessadosLiquidadosInscritosEmExerciciosAnterioresIntra" xlink:title="RestosAPagarProcessadosENaoProcessadosLiquidadosInscritosEmExerciciosAnterioresIntra"/>
    <link:presentationArc xlink:type="arc" xlink:arcrole="http://www.xbrl.org/2003/arcrole/parent-child" xlink:from="RestosAPagarProcessadosENaoProcessadosLiquidadosEmExerciciosAnterioresInscritosIntraAbstract" xlink:to="RestosAPagarProcessadosENaoProcessadosLiquidadosInscritosEmExerciciosAnterioresIntra" xlink:title="presentation: RestosAPagarProcessadosENaoProcessadosLiquidadosEmExerciciosAnterioresInscritosIntraAbstract to RestosAPagarProcessadosENaoProcessadosLiquidadosInscritosEmExerciciosAnterioresIntra" order="1.0"/>
    <link:loc xlink:type="locator" xlink:href="../../../cor/ic/siconfi-cor_2019-12-31.xsd#siconfi-cor_RestosAPagarProcessadosENaoProcessadosLiquidadosInscritosEmExercicioAnteriorIntra" xlink:label="RestosAPagarProcessadosENaoProcessadosLiquidadosInscritosEmExercicioAnteriorIntra" xlink:title="RestosAPagarProcessadosENaoProcessadosLiquidadosInscritosEmExercicioAnteriorIntra"/>
    <link:presentationArc xlink:type="arc" xlink:arcrole="http://www.xbrl.org/2003/arcrole/parent-child" xlink:from="RestosAPagarProcessadosENaoProcessadosLiquidadosEmExerciciosAnterioresInscritosIntraAbstract" xlink:to="RestosAPagarProcessadosENaoProcessadosLiquidadosInscritosEmExercicioAnteriorIntra" xlink:title="presentation: RestosAPagarProcessadosENaoProcessadosLiquidadosEmExerciciosAnterioresInscritosIntraAbstract to RestosAPagarProcessadosENaoProcessadosLiquidadosInscritosEmExercicioAnteriorIntra" order="2.0"/>
    <link:loc xlink:type="locator" xlink:href="../../../cor/ic/siconfi-cor_2019-12-31.xsd#siconfi-cor_RestosAPagarProcessadosENaoProcessadosLiquidadosPagosIntra" xlink:label="RestosAPagarProcessadosENaoProcessadosLiquidadosPagosIntra" xlink:title="RestosAPagarProcessadosENaoProcessadosLiquidadosPagosIntra"/>
    <link:presentationArc xlink:type="arc" xlink:arcrole="http://www.xbrl.org/2003/arcrole/parent-child" xlink:from="RestosAPagarProcessadosENaoProcessadosLiquidadosIntraAbstract" xlink:to="RestosAPagarProcessadosENaoProcessadosLiquidadosPagosIntra" xlink:title="presentation: RestosAPagarProcessadosENaoProcessadosLiquidadosIntraAbstract to RestosAPagarProcessadosENaoProcessadosLiquidadosPagosIntra" order="2.0"/>
    <link:loc xlink:type="locator" xlink:href="../../../cor/ic/siconfi-cor_2019-12-31.xsd#siconfi-cor_RestosAPagarProcessadosENaoProcessadosLiquidadosCanceladosIntra" xlink:label="RestosAPagarProcessadosENaoProcessadosLiquidadosCanceladosIntra" xlink:title="RestosAPagarProcessadosENaoProcessadosLiquidadosCanceladosIntra"/>
    <link:presentationArc xlink:type="arc" xlink:arcrole="http://www.xbrl.org/2003/arcrole/parent-child" xlink:from="RestosAPagarProcessadosENaoProcessadosLiquidadosIntraAbstract" xlink:to="RestosAPagarProcessadosENaoProcessadosLiquidadosCanceladosIntra" xlink:title="presentation: RestosAPagarProcessadosENaoProcessadosLiquidadosIntraAbstract to RestosAPagarProcessadosENaoProcessadosLiquidadosCanceladosIntra" order="3.0"/>
    <link:loc xlink:type="locator" xlink:href="../../../cor/ic/siconfi-cor_2019-12-31.xsd#siconfi-cor_RestosAPagarProcessadosENaoProcessadosLiquidadosAPagarIntra" xlink:label="RestosAPagarProcessadosENaoProcessadosLiquidadosAPagarIntra" xlink:title="RestosAPagarProcessadosENaoProcessadosLiquidadosAPagarIntra"/>
    <link:presentationArc xlink:type="arc" xlink:arcrole="http://www.xbrl.org/2003/arcrole/parent-child" xlink:from="RestosAPagarProcessadosENaoProcessadosLiquidadosIntraAbstract" xlink:to="RestosAPagarProcessadosENaoProcessadosLiquidadosAPagarIntra" xlink:title="presentation: RestosAPagarProcessadosENaoProcessadosLiquidadosIntraAbstract to RestosAPagarProcessadosENaoProcessadosLiquidadosAPagarIntra" order="4.0"/>
    <link:loc xlink:type="locator" xlink:href="siconfi-rreo-anexo7estados_2019-12-31.xsd#siconfi-rreo-anexo7estados_RestosAPagarNaoProcessadosIntraAbstract" xlink:label="RestosAPagarNaoProcessadosIntraAbstract" xlink:title="RestosAPagarNaoProcessadosIntraAbstract"/>
    <link:presentationArc xlink:type="arc" xlink:arcrole="http://www.xbrl.org/2003/arcrole/parent-child" xlink:from="PoderOrgaoIntraLineItems" xlink:to="RestosAPagarNaoProcessadosIntraAbstract" xlink:title="presentation: PoderOrgaoIntraLineItems to RestosAPagarNaoProcessadosIntraAbstract" order="2.0"/>
    <link:loc xlink:type="locator" xlink:href="siconfi-rreo-anexo7estados_2019-12-31.xsd#siconfi-rreo-anexo7estados_RestosAPagarNaoProcessadosInscritosIntraAbstract" xlink:label="RestosAPagarNaoProcessadosInscritosIntraAbstract" xlink:title="RestosAPagarNaoProcessadosInscritosIntraAbstract"/>
    <link:presentationArc xlink:type="arc" xlink:arcrole="http://www.xbrl.org/2003/arcrole/parent-child" xlink:from="RestosAPagarNaoProcessadosIntraAbstract" xlink:to="RestosAPagarNaoProcessadosInscritosIntraAbstract" xlink:title="presentation: RestosAPagarNaoProcessadosIntraAbstract to RestosAPagarNaoProcessadosInscritosIntraAbstract" order="1.0"/>
    <link:loc xlink:type="locator" xlink:href="../../../cor/ic/siconfi-cor_2019-12-31.xsd#siconfi-cor_RestosAPagarNaoProcessadosInscritosEmExerciciosAnterioresIntra" xlink:label="RestosAPagarNaoProcessadosInscritosEmExerciciosAnterioresIntra" xlink:title="RestosAPagarNaoProcessadosInscritosEmExerciciosAnterioresIntra"/>
    <link:presentationArc xlink:type="arc" xlink:arcrole="http://www.xbrl.org/2003/arcrole/parent-child" xlink:from="RestosAPagarNaoProcessadosInscritosIntraAbstract" xlink:to="RestosAPagarNaoProcessadosInscritosEmExerciciosAnterioresIntra" xlink:title="presentation: RestosAPagarNaoProcessadosInscritosIntraAbstract to RestosAPagarNaoProcessadosInscritosEmExerciciosAnterioresIntra" order="1.0"/>
    <link:loc xlink:type="locator" xlink:href="../../../cor/ic/siconfi-cor_2019-12-31.xsd#siconfi-cor_RestosAPagarNaoProcessadosInscritosEmExercicioAnteriorIntra" xlink:label="RestosAPagarNaoProcessadosInscritosEmExercicioAnteriorIntra" xlink:title="RestosAPagarNaoProcessadosInscritosEmExercicioAnteriorIntra"/>
    <link:presentationArc xlink:type="arc" xlink:arcrole="http://www.xbrl.org/2003/arcrole/parent-child" xlink:from="RestosAPagarNaoProcessadosInscritosIntraAbstract" xlink:to="RestosAPagarNaoProcessadosInscritosEmExercicioAnteriorIntra" xlink:title="presentation: RestosAPagarNaoProcessadosInscritosIntraAbstract to RestosAPagarNaoProcessadosInscritosEmExercicioAnteriorIntra" order="2.0"/>
    <link:loc xlink:type="locator" xlink:href="../../../cor/ic/siconfi-cor_2019-12-31.xsd#siconfi-cor_RestosAPagarNaoProcessadosLiquidadosIntra" xlink:label="RestosAPagarNaoProcessadosLiquidadosIntra" xlink:title="RestosAPagarNaoProcessadosLiquidadosIntra"/>
    <link:presentationArc xlink:type="arc" xlink:arcrole="http://www.xbrl.org/2003/arcrole/parent-child" xlink:from="RestosAPagarNaoProcessadosIntraAbstract" xlink:to="RestosAPagarNaoProcessadosLiquidadosIntra" xlink:title="presentation: RestosAPagarNaoProcessadosIntraAbstract to RestosAPagarNaoProcessadosLiquidadosIntra" order="2.0"/>
    <link:loc xlink:type="locator" xlink:href="../../../cor/ic/siconfi-cor_2019-12-31.xsd#siconfi-cor_RestosAPagarNaoProcessadosPagosIntra" xlink:label="RestosAPagarNaoProcessadosPagosIntra" xlink:title="RestosAPagarNaoProcessadosPagosIntra"/>
    <link:presentationArc xlink:type="arc" xlink:arcrole="http://www.xbrl.org/2003/arcrole/parent-child" xlink:from="RestosAPagarNaoProcessadosIntraAbstract" xlink:to="RestosAPagarNaoProcessadosPagosIntra" xlink:title="presentation: RestosAPagarNaoProcessadosIntraAbstract to RestosAPagarNaoProcessadosPagosIntra" order="3.0"/>
    <link:loc xlink:type="locator" xlink:href="../../../cor/ic/siconfi-cor_2019-12-31.xsd#siconfi-cor_RestosAPagarNaoProcessadosCanceladosIntra" xlink:label="RestosAPagarNaoProcessadosCanceladosIntra" xlink:title="RestosAPagarNaoProcessadosCanceladosIntra"/>
    <link:presentationArc xlink:type="arc" xlink:arcrole="http://www.xbrl.org/2003/arcrole/parent-child" xlink:from="RestosAPagarNaoProcessadosIntraAbstract" xlink:to="RestosAPagarNaoProcessadosCanceladosIntra" xlink:title="presentation: RestosAPagarNaoProcessadosIntraAbstract to RestosAPagarNaoProcessadosCanceladosIntra" order="4.0"/>
    <link:loc xlink:type="locator" xlink:href="../../../cor/ic/siconfi-cor_2019-12-31.xsd#siconfi-cor_RestosAPagarNaoProcessadosAPagarIntra" xlink:label="RestosAPagarNaoProcessadosAPagarIntra" xlink:title="RestosAPagarNaoProcessadosAPagarIntra"/>
    <link:presentationArc xlink:type="arc" xlink:arcrole="http://www.xbrl.org/2003/arcrole/parent-child" xlink:from="RestosAPagarNaoProcessadosIntraAbstract" xlink:to="RestosAPagarNaoProcessadosAPagarIntra" xlink:title="presentation: RestosAPagarNaoProcessadosIntraAbstract to RestosAPagarNaoProcessadosAPagarIntra" order="5.0"/>
    <link:loc xlink:type="locator" xlink:href="../../../cor/ic/siconfi-cor_2019-12-31.xsd#siconfi-cor_SaldoTotalIntra" xlink:label="SaldoTotalIntra" xlink:title="SaldoTotalIntra"/>
    <link:presentationArc xlink:type="arc" xlink:arcrole="http://www.xbrl.org/2003/arcrole/parent-child" xlink:from="PoderOrgaoIntraLineItems" xlink:to="SaldoTotalIntra" xlink:title="presentation: PoderOrgaoIntraLineItems to SaldoTotalIntra" order="3.0"/>
    <link:loc xlink:type="locator" xlink:href="siconfi-rreo-anexo7estados_2019-12-31.xsd#siconfi-rreo-anexo7estados_PoderOrgaoIntraTable" xlink:label="PoderOrgaoIntraTable" xlink:title="PoderOrgaoIntraTable"/>
    <link:presentationArc xlink:type="arc" xlink:arcrole="http://www.xbrl.org/2003/arcrole/parent-child" xlink:from="PoderOrgaoIntraAbstract" xlink:to="PoderOrgaoIntraTable" xlink:title="presentation: PoderOrgaoIntraAbstract to PoderOrgaoIntraTable" order="2.0" xbrldt:contextElement="segment" xbrldt:closed="true"/>
    <link:loc xlink:type="locator" xlink:href="../../../cor/dim/siconfi-dim_2019-12-31.xsd#siconfi-dim_PoderOrgaosIntraAxis" xlink:label="PoderOrgaosIntraAxis" xlink:title="PoderOrgaosIntraAxis"/>
    <link:presentationArc xlink:type="arc" xlink:arcrole="http://www.xbrl.org/2003/arcrole/parent-child" xlink:from="PoderOrgaoIntraTable" xlink:to="PoderOrgaosIntraAxis" xlink:title="presentation: PoderOrgaoIntraTable to PoderOrgaosIntraAxis" order="1.0"/>
    <link:loc xlink:type="locator" xlink:href="../../../cor/dim/siconfi-dim_2019-12-31.xsd#siconfi-dim_IntraOrcamentario2Member" xlink:label="IntraOrcamentario2Member" xlink:title="IntraOrcamentario2Member"/>
    <link:presentationArc xlink:type="arc" xlink:arcrole="http://www.xbrl.org/2003/arcrole/parent-child" xlink:from="PoderOrgaosIntraAxis" xlink:to="IntraOrcamentario2Member" xlink:title="presentation: PoderOrgaosIntraAxis to IntraOrcamentario2Member" order="1.0"/>
    <link:loc xlink:type="locator" xlink:href="../../../cor/dim/siconfi-dim_2019-12-31.xsd#siconfi-dim_ExecutivoIntraMember" xlink:label="ExecutivoIntraMember" xlink:title="ExecutivoIntraMember"/>
    <link:presentationArc xlink:type="arc" xlink:arcrole="http://www.xbrl.org/2003/arcrole/parent-child" xlink:from="IntraOrcamentario2Member" xlink:to="ExecutivoIntraMember" xlink:title="presentation: IntraOrcamentario2Member to ExecutivoIntraMember" order="1.0"/>
    <link:loc xlink:type="locator" xlink:href="../../../cor/dim/siconfi-dim_2019-12-31.xsd#siconfi-dim_LegislativoIntraMember" xlink:label="LegislativoIntraMember" xlink:title="LegislativoIntraMember"/>
    <link:presentationArc xlink:type="arc" xlink:arcrole="http://www.xbrl.org/2003/arcrole/parent-child" xlink:from="IntraOrcamentario2Member" xlink:to="LegislativoIntraMember" xlink:title="presentation: IntraOrcamentario2Member to LegislativoIntraMember" order="2.0"/>
    <link:loc xlink:type="locator" xlink:href="../../../cor/dim/siconfi-dim_2019-12-31.xsd#siconfi-dim_AssembleiaLegislativaIntraMember" xlink:label="AssembleiaLegislativaIntraMember" xlink:title="AssembleiaLegislativaIntraMember"/>
    <link:presentationArc xlink:type="arc" xlink:arcrole="http://www.xbrl.org/2003/arcrole/parent-child" xlink:from="LegislativoIntraMember" xlink:to="AssembleiaLegislativaIntraMember" xlink:title="presentation: LegislativoIntraMember to AssembleiaLegislativaIntraMember" order="1.0"/>
    <link:loc xlink:type="locator" xlink:href="../../../cor/dim/siconfi-dim_2019-12-31.xsd#siconfi-dim_TribunalDeContasDoEstadoIntraMember" xlink:label="TribunalDeContasDoEstadoIntraMember" xlink:title="TribunalDeContasDoEstadoIntraMember"/>
    <link:presentationArc xlink:type="arc" xlink:arcrole="http://www.xbrl.org/2003/arcrole/parent-child" xlink:from="LegislativoIntraMember" xlink:to="TribunalDeContasDoEstadoIntraMember" xlink:title="presentation: LegislativoIntraMember to TribunalDeContasDoEstadoIntraMember" order="2.0"/>
    <link:loc xlink:type="locator" xlink:href="../../../cor/dim/siconfi-dim_2019-12-31.xsd#siconfi-dim_TribunalDeContasDosMunicipiosIntraMember" xlink:label="TribunalDeContasDosMunicipiosIntraMember" xlink:title="TribunalDeContasDosMunicipiosIntraMember"/>
    <link:presentationArc xlink:type="arc" xlink:arcrole="http://www.xbrl.org/2003/arcrole/parent-child" xlink:from="LegislativoIntraMember" xlink:to="TribunalDeContasDosMunicipiosIntraMember" xlink:title="presentation: LegislativoIntraMember to TribunalDeContasDosMunicipiosIntraMember" order="3.0"/>
    <link:loc xlink:type="locator" xlink:href="../../../cor/dim/siconfi-dim_2019-12-31.xsd#siconfi-dim_JudiciarioIntraMember" xlink:label="JudiciarioIntraMember" xlink:title="JudiciarioIntraMember"/>
    <link:presentationArc xlink:type="arc" xlink:arcrole="http://www.xbrl.org/2003/arcrole/parent-child" xlink:from="IntraOrcamentario2Member" xlink:to="JudiciarioIntraMember" xlink:title="presentation: IntraOrcamentario2Member to JudiciarioIntraMember" order="3.0"/>
    <link:loc xlink:type="locator" xlink:href="../../../cor/dim/siconfi-dim_2019-12-31.xsd#siconfi-dim_TribunalDeJusticaIntraMember" xlink:label="TribunalDeJusticaIntraMember" xlink:title="TribunalDeJusticaIntraMember"/>
    <link:presentationArc xlink:type="arc" xlink:arcrole="http://www.xbrl.org/2003/arcrole/parent-child" xlink:from="JudiciarioIntraMember" xlink:to="TribunalDeJusticaIntraMember" xlink:title="presentation: JudiciarioIntraMember to TribunalDeJusticaIntraMember" order="1.0"/>
    <link:loc xlink:type="locator" xlink:href="../../../cor/dim/siconfi-dim_2019-12-31.xsd#siconfi-dim_TribunalDeJusticaMilitarIntraMember" xlink:label="TribunalDeJusticaMilitarIntraMember" xlink:title="TribunalDeJusticaMilitarIntraMember"/>
    <link:presentationArc xlink:type="arc" xlink:arcrole="http://www.xbrl.org/2003/arcrole/parent-child" xlink:from="JudiciarioIntraMember" xlink:to="TribunalDeJusticaMilitarIntraMember" xlink:title="presentation: JudiciarioIntraMember to TribunalDeJusticaMilitarIntraMember" order="2.0"/>
    <link:loc xlink:type="locator" xlink:href="../../../cor/dim/siconfi-dim_2019-12-31.xsd#siconfi-dim_MinisterioPublicoIntraMember" xlink:label="MinisterioPublicoIntraMember" xlink:title="MinisterioPublicoIntraMember"/>
    <link:presentationArc xlink:type="arc" xlink:arcrole="http://www.xbrl.org/2003/arcrole/parent-child" xlink:from="IntraOrcamentario2Member" xlink:to="MinisterioPublicoIntraMember" xlink:title="presentation: IntraOrcamentario2Member to MinisterioPublicoIntraMember" order="4.0"/>
    <link:loc xlink:type="locator" xlink:href="../../../cor/dim/siconfi-dim_2019-12-31.xsd#siconfi-dim_DefensoriaPublicaIntraMember" xlink:label="DefensoriaPublicaIntraMember" xlink:title="DefensoriaPublicaIntraMember"/>
    <link:presentationArc xlink:type="arc" xlink:arcrole="http://www.xbrl.org/2003/arcrole/parent-child" xlink:from="IntraOrcamentario2Member" xlink:to="DefensoriaPublicaIntraMember" xlink:title="presentation: IntraOrcamentario2Member to DefensoriaPublicaIntraMember" order="5.0"/>
  </link:presentationLink>
</link:linkbase>
