<?xml version="1.0" encoding="UTF-8"?>
<!-- Generated by Fujitsu Interstage XWand B0196 -->
<link:linkbase xmlns:xsi="http://www.w3.org/2001/XMLSchema-instance" xsi:schemaLocation="http://www.xbrl.org/2003/linkbase http://www.xbrl.org/2003/xbrl-linkbase-2003-12-31.xsd http://xbrl.org/2008/generic http://www.xbrl.org/2008/generic-link.xsd http://xbrl.org/2008/formula http://www.xbrl.org/2008/formula.xsd http://xbrl.org/2008/label http://www.xbrl.org/2008/generic-label.xsd http://xbrl.org/2008/reference http://www.xbrl.org/2008/generic-reference.xsd http://xbrl.org/2008/assertion/consistency http://www.xbrl.org/2008/consistency-assertion.xsd http://xbrl.org/2008/assertion/existence http://www.xbrl.org/2008/existence-assertion.xsd http://xbrl.org/2008/assertion/value http://www.xbrl.org/2008/value-assertion.xsd http://xbrl.org/2010/message http://www.xbrl.org/2010/generic-message.xsd http://xbrl.org/2010/message/validation http://www.xbrl.org/2010/validation-message.xsd http://xbrl.org/2008/filter/concept http://www.xbrl.org/2008/concept-filter.xsd http://xbrl.org/2008/filter/boolean http://www.xbrl.org/2008/boolean-filter.xsd http://xbrl.org/2008/filter/entity http://www.xbrl.org/2008/entity-filter.xsd http://xbrl.org/2010/filter/aspect-cover http://www.xbrl.org/2010/aspect-cover-filter.xsd http://xbrl.org/2008/filter/unit http://www.xbrl.org/2008/unit-filter.xsd http://xbrl.org/2008/filter/general http://www.xbrl.org/2008/general-filter.xsd http://xbrl.org/2008/filter/dimension http://www.xbrl.org/2008/dimension-filter.xsd" xmlns:ca="http://xbrl.org/2008/assertion/consistency" xmlns:gen="http://xbrl.org/2008/generic" xmlns:fn="http://www.w3.org/2005/xpath-functions" xmlns:variable="http://xbrl.org/2008/variable" xmlns:xfi="http://www.xbrl.org/2008/function/instance" xmlns:xs="http://www.w3.org/2001/XMLSchema" xmlns:valm="http://xbrl.org/2010/message/validation" xmlns:siconfi-dim="http://fazenda.gov.br/siconfi/cor/dim/siconfi-dim_2019-12-31" xmlns:link="http://www.xbrl.org/2003/linkbase" xmlns:ea="http://xbrl.org/2008/assertion/existence" xmlns:df="http://xbrl.org/2008/filter/dimension" xmlns:xlink="http://www.w3.org/1999/xlink" xmlns:validation="http://xbrl.org/2008/validation" xmlns:formula="http://xbrl.org/2008/formula" xmlns:msg="http://xbrl.org/2010/message" xmlns:va="http://xbrl.org/2008/assertion/value" xmlns:label="http://xbrl.org/2008/label" xmlns:bf="http://xbrl.org/2008/filter/boolean" xmlns:xbrli="http://www.xbrl.org/2003/instance">
  <link:roleRef roleURI="http://www.xbrl.org/2008/role/link" xlink:type="simple" xlink:href="http://www.xbrl.org/2008/generic-link.xsd#standard-link-role"/>
  <link:roleRef roleURI="http://www.xbrl.org/2010/role/message" xlink:type="simple" xlink:href="http://www.xbrl.org/2010/generic-message.xsd#standard-message"/>
  <link:roleRef roleURI="http://fazenda.gov.br/siconfi/rep/rreo/anexo1/siconfi-rreo-anexo1-tabela1.0" xlink:type="simple" xlink:href="../anexo1/siconfi-rreo-anexo1_2019-12-31.xsd#siconfi-rreo-anexo1-tabela1.0"/>
  <link:roleRef roleURI="http://fazenda.gov.br/siconfi/rep/rreo/anexo2/siconfi-rreo-anexo2-tabela2" xlink:type="simple" xlink:href="../anexo2/siconfi-rreo-anexo2_2019-12-31.xsd#siconfi-rreo-anexo2-tabela2"/>
  <link:arcroleRef arcroleURI="http://xbrl.org/arcrole/2010/assertion-unsatisfied-message" xlink:type="simple" xlink:href="http://www.xbrl.org/2010/validation-message.xsd#assertion-unsatisfied-message"/>
  <link:arcroleRef arcroleURI="http://xbrl.org/arcrole/2008/variable-filter" xlink:type="simple" xlink:href="http://www.xbrl.org/2008/variable.xsd#variable-filter"/>
  <link:arcroleRef arcroleURI="http://xbrl.org/arcrole/2008/variable-set" xlink:type="simple" xlink:href="http://www.xbrl.org/2008/variable.xsd#variable-set"/>
  <link:arcroleRef arcroleURI="http://xbrl.org/arcrole/2008/boolean-filter" xlink:type="simple" xlink:href="http://www.xbrl.org/2008/boolean-filter.xsd#boolean-filter"/>
  <link:arcroleRef arcroleURI="http://xbrl.org/arcrole/2008/variable-set-filter" xlink:type="simple" xlink:href="http://www.xbrl.org/2008/variable.xsd#variable-set-filter"/>
  <gen:link xlink:type="extended" xlink:role="http://www.xbrl.org/2008/role/link">
    <va:valueAssertion xlink:type="resource" xlink:label="valueAssertion" xlink:title="valueAssertion" id="EC15001" test="count(//@decimals[string()!='2'])le 0" aspectModel="dimensional" implicitFiltering="true"/>
    <msg:message xlink:type="resource" xlink:label="label" xlink:role="http://www.xbrl.org/2010/role/message" xlink:title="label" xml:lang="pt-br" id="label">[EC15001] - O valor contido no atributo @decimals não deve ser diferente de 02 (dois).</msg:message>
    <gen:arc xlink:type="arc" xlink:arcrole="http://xbrl.org/arcrole/2010/assertion-unsatisfied-message" xlink:from="valueAssertion" xlink:to="label" xlink:title="valueAssertion to label" priority="0" order="1.0"/>
    <va:valueAssertion xlink:type="resource" xlink:label="valueAssertion_4" xlink:title="valueAssertion_4" id="EC15002" test="contains(string(//@xlink:href),&quot;siconfi-rreo-consorciospublicos_2019-12-31.xsd&quot;)" aspectModel="dimensional" implicitFiltering="true"/>
    <msg:message xlink:type="resource" xlink:label="label_5" xlink:role="http://www.xbrl.org/2010/role/message" xlink:title="label_5" xml:lang="pt-br" id="label_5">[EC15002] - O valor contido no atributo @href não corresponde ao schema do entry point.</msg:message>
    <gen:arc xlink:type="arc" xlink:arcrole="http://xbrl.org/arcrole/2010/assertion-unsatisfied-message" xlink:from="valueAssertion_4" xlink:to="label_5" xlink:title="valueAssertion_4 to label_5" priority="0" order="1.0"/>
  </gen:link>
</link:linkbase>
