<?xml version="1.0" encoding="UTF-8"?>
<!-- Generated by Fujitsu Interstage XWand B0196 -->
<link:linkbase xmlns:xsi="http://www.w3.org/2001/XMLSchema-instance" xsi:schemaLocation="http://www.xbrl.org/2003/linkbase http://www.xbrl.org/2003/xbrl-linkbase-2003-12-31.xsd" xmlns:siconfi-rgf-anexo6uniao="http://fazenda.gov.br/siconfi/rep/rgf/anexo6uniao/siconfi-rgf-anexo6uniao_2019-12-31" xmlns:link="http://www.xbrl.org/2003/linkbase" xmlns:xbrldt="http://xbrl.org/2005/xbrldt" xmlns:xlink="http://www.w3.org/1999/xlink" xmlns:xbrli="http://www.xbrl.org/2003/instance">
  <link:roleRef roleURI="http://fazenda.gov.br/siconfi/rep/rgf/anexo6uniao/siconfi-rgf-anexo6-tabela6.5" xlink:type="simple" xlink:href="siconfi-rgf-anexo6uniao_2019-12-31.xsd#siconfi-rgf-anexo6-tabela6.5"/>
  <link:roleRef roleURI="http://fazenda.gov.br/siconfi/rep/rgf/anexo6uniao/siconfi-rgf-anexo6-tabela6.5A" xlink:type="simple" xlink:href="siconfi-rgf-anexo6uniao_2019-12-31.xsd#siconfi-rgf-anexo6-tabela6.5A"/>
  <link:roleRef roleURI="http://fazenda.gov.br/siconfi/rep/rgf/anexo6uniao/siconfi-rgf-anexo6-tabela6.5B" xlink:type="simple" xlink:href="siconfi-rgf-anexo6uniao_2019-12-31.xsd#siconfi-rgf-anexo6-tabela6.5B"/>
  <link:roleRef roleURI="http://fazenda.gov.br/siconfi/rep/rgf/anexo6uniao/siconfi-rgf-anexo6-tabela6.5C" xlink:type="simple" xlink:href="siconfi-rgf-anexo6uniao_2019-12-31.xsd#siconfi-rgf-anexo6-tabela6.5C"/>
  <link:presentationLink xlink:type="extended" xlink:role="http://fazenda.gov.br/siconfi/rep/rgf/anexo6uniao/siconfi-rgf-anexo6-tabela6.5">
    <link:loc xlink:type="locator" xlink:href="siconfi-rgf-anexo6uniao_2019-12-31.xsd#siconfi-rgf-anexo6uniao_DemonstrativoAnexo6Abstract" xlink:label="DemonstrativoAnexo6Abstract" xlink:title="DemonstrativoAnexo6Abstract"/>
    <link:loc xlink:type="locator" xlink:href="siconfi-rgf-anexo6uniao_2019-12-31.xsd#siconfi-rgf-anexo6uniao_ReceitaCorrenteLiquidaAbstract" xlink:label="ReceitaCorrenteLiquidaAbstract" xlink:title="ReceitaCorrenteLiquidaAbstract"/>
    <link:presentationArc xlink:type="arc" xlink:arcrole="http://www.xbrl.org/2003/arcrole/parent-child" xlink:from="DemonstrativoAnexo6Abstract" xlink:to="ReceitaCorrenteLiquidaAbstract" xlink:title="presentation: DemonstrativoAnexo6Abstract to ReceitaCorrenteLiquidaAbstract" order="1.0"/>
    <link:loc xlink:type="locator" xlink:href="siconfi-rgf-anexo6uniao_2019-12-31.xsd#siconfi-rgf-anexo6uniao_ReceitaCorrenteLiquidaLineItems" xlink:label="ReceitaCorrenteLiquidaLineItems" xlink:title="ReceitaCorrenteLiquidaLineItems"/>
    <link:presentationArc xlink:type="arc" xlink:arcrole="http://www.xbrl.org/2003/arcrole/parent-child" xlink:from="ReceitaCorrenteLiquidaAbstract" xlink:to="ReceitaCorrenteLiquidaLineItems" xlink:title="presentation: ReceitaCorrenteLiquidaAbstract to ReceitaCorrenteLiquidaLineItems" order="1.0"/>
    <link:loc xlink:type="locator" xlink:href="../../../cor/ic/siconfi-cor_2019-12-31.xsd#siconfi-cor_ReceitaCorrenteLiquida" xlink:label="ReceitaCorrenteLiquida" xlink:title="ReceitaCorrenteLiquida"/>
    <link:presentationArc xlink:type="arc" xlink:arcrole="http://www.xbrl.org/2003/arcrole/parent-child" xlink:from="ReceitaCorrenteLiquidaLineItems" xlink:to="ReceitaCorrenteLiquida" xlink:title="presentation: ReceitaCorrenteLiquidaLineItems to ReceitaCorrenteLiquida" order="1.0"/>
    <link:loc xlink:type="locator" xlink:href="siconfi-rgf-anexo6uniao_2019-12-31.xsd#siconfi-rgf-anexo6uniao_ReceitaCorrenteLiquidaTable" xlink:label="ReceitaCorrenteLiquidaTable" xlink:title="ReceitaCorrenteLiquidaTable"/>
    <link:presentationArc xlink:type="arc" xlink:arcrole="http://www.xbrl.org/2003/arcrole/parent-child" xlink:from="ReceitaCorrenteLiquidaAbstract" xlink:to="ReceitaCorrenteLiquidaTable" xlink:title="presentation: ReceitaCorrenteLiquidaAbstract to ReceitaCorrenteLiquidaTable" order="2.0"/>
    <link:loc xlink:type="locator" xlink:href="../../../cor/dim/siconfi-dim_2019-12-31.xsd#siconfi-dim_ValorAteOBimestreAxis" xlink:label="ValorAteOBimestreAxis" xlink:title="ValorAteOBimestreAxis"/>
    <link:presentationArc xlink:type="arc" xlink:arcrole="http://www.xbrl.org/2003/arcrole/parent-child" xlink:from="ReceitaCorrenteLiquidaTable" xlink:to="ValorAteOBimestreAxis" xlink:title="presentation: ReceitaCorrenteLiquidaTable to ValorAteOBimestreAxis" order="1.0"/>
    <link:loc xlink:type="locator" xlink:href="../../../cor/dim/siconfi-dim_2019-12-31.xsd#siconfi-dim_AteOQuadrimestreDeReferenciaMember" xlink:label="AteOQuadrimestreDeReferenciaMember" xlink:title="AteOQuadrimestreDeReferenciaMember"/>
    <link:presentationArc xlink:type="arc" xlink:arcrole="http://www.xbrl.org/2003/arcrole/parent-child" xlink:from="ValorAteOBimestreAxis" xlink:to="AteOQuadrimestreDeReferenciaMember" xlink:title="presentation: ValorAteOBimestreAxis to AteOQuadrimestreDeReferenciaMember" order="1.0"/>
    <link:loc xlink:type="locator" xlink:href="siconfi-rgf-anexo6uniao_2019-12-31.xsd#siconfi-rgf-anexo6uniao_DespesaComPessoalAbstract" xlink:label="DespesaComPessoalAbstract" xlink:title="DespesaComPessoalAbstract"/>
    <link:presentationArc xlink:type="arc" xlink:arcrole="http://www.xbrl.org/2003/arcrole/parent-child" xlink:from="DemonstrativoAnexo6Abstract" xlink:to="DespesaComPessoalAbstract" xlink:title="presentation: DemonstrativoAnexo6Abstract to DespesaComPessoalAbstract" order="2.0"/>
    <link:loc xlink:type="locator" xlink:href="siconfi-rgf-anexo6uniao_2019-12-31.xsd#siconfi-rgf-anexo6uniao_DespesaComPessoalLineItems" xlink:label="DespesaComPessoalLineItems" xlink:title="DespesaComPessoalLineItems"/>
    <link:presentationArc xlink:type="arc" xlink:arcrole="http://www.xbrl.org/2003/arcrole/parent-child" xlink:from="DespesaComPessoalAbstract" xlink:to="DespesaComPessoalLineItems" xlink:title="presentation: DespesaComPessoalAbstract to DespesaComPessoalLineItems" order="1.0"/>
    <link:loc xlink:type="locator" xlink:href="../../../cor/ic/siconfi-cor_2019-12-31.xsd#siconfi-cor_RGF6LimitePrudencialDespesaComPessoalDemonstrativoSimplificado" xlink:label="RGF6LimitePrudencialDespesaComPessoalDemonstrativoSimplificado" xlink:title="RGF6LimitePrudencialDespesaComPessoalDemonstrativoSimplificado"/>
    <link:presentationArc xlink:type="arc" xlink:arcrole="http://www.xbrl.org/2003/arcrole/parent-child" xlink:from="DespesaComPessoalLineItems" xlink:to="RGF6LimitePrudencialDespesaComPessoalDemonstrativoSimplificado" xlink:title="presentation: DespesaComPessoalLineItems to RGF6LimitePrudencialDespesaComPessoalDemonstrativoSimplificado" order="3.0"/>
    <link:loc xlink:type="locator" xlink:href="../../../cor/ic/siconfi-cor_2019-12-31.xsd#siconfi-cor_RGF6LimiteMaximoDespesaComPessoalDemonstrativoSimplificado" xlink:label="RGF6LimiteMaximoDespesaComPessoalDemonstrativoSimplificado" xlink:title="RGF6LimiteMaximoDespesaComPessoalDemonstrativoSimplificado"/>
    <link:presentationArc xlink:type="arc" xlink:arcrole="http://www.xbrl.org/2003/arcrole/parent-child" xlink:from="DespesaComPessoalLineItems" xlink:to="RGF6LimiteMaximoDespesaComPessoalDemonstrativoSimplificado" xlink:title="presentation: DespesaComPessoalLineItems to RGF6LimiteMaximoDespesaComPessoalDemonstrativoSimplificado" order="2.0"/>
    <link:loc xlink:type="locator" xlink:href="../../../cor/ic/siconfi-cor_2019-12-31.xsd#siconfi-cor_RGF6DespesaTotalComPessoalDemonstrativoSimplificado" xlink:label="RGF6DespesaTotalComPessoalDemonstrativoSimplificado" xlink:title="RGF6DespesaTotalComPessoalDemonstrativoSimplificado"/>
    <link:presentationArc xlink:type="arc" xlink:arcrole="http://www.xbrl.org/2003/arcrole/parent-child" xlink:from="DespesaComPessoalLineItems" xlink:to="RGF6DespesaTotalComPessoalDemonstrativoSimplificado" xlink:title="presentation: DespesaComPessoalLineItems to RGF6DespesaTotalComPessoalDemonstrativoSimplificado" order="1.0"/>
    <link:loc xlink:type="locator" xlink:href="../../../cor/ic/siconfi-cor_2019-12-31.xsd#siconfi-cor_LimiteDeAlertaDespesaComPessoalDemonstrativoSimplificado" xlink:label="LimiteDeAlertaDespesaComPessoalDemonstrativoSimplificado" xlink:title="LimiteDeAlertaDespesaComPessoalDemonstrativoSimplificado"/>
    <link:presentationArc xlink:type="arc" xlink:arcrole="http://www.xbrl.org/2003/arcrole/parent-child" xlink:from="DespesaComPessoalLineItems" xlink:to="LimiteDeAlertaDespesaComPessoalDemonstrativoSimplificado" xlink:title="presentation: DespesaComPessoalLineItems to LimiteDeAlertaDespesaComPessoalDemonstrativoSimplificado" order="4.0"/>
    <link:loc xlink:type="locator" xlink:href="siconfi-rgf-anexo6uniao_2019-12-31.xsd#siconfi-rgf-anexo6uniao_ApuracaoPercentualSobreRCLDespesaComPessoalTable" xlink:label="ApuracaoPercentualSobreRCLDespesaComPessoalTable" xlink:title="ApuracaoPercentualSobreRCLDespesaComPessoalTable"/>
    <link:presentationArc xlink:type="arc" xlink:arcrole="http://www.xbrl.org/2003/arcrole/parent-child" xlink:from="DespesaComPessoalAbstract" xlink:to="ApuracaoPercentualSobreRCLDespesaComPessoalTable" xlink:title="presentation: DespesaComPessoalAbstract to ApuracaoPercentualSobreRCLDespesaComPessoalTable" order="2.0" xbrldt:contextElement="segment"/>
    <link:loc xlink:type="locator" xlink:href="../../../cor/dim/siconfi-dim_2019-12-31.xsd#siconfi-dim_ValorRealizadoPeriodoAxis" xlink:label="ValorRealizadoPeriodoAxis" xlink:title="ValorRealizadoPeriodoAxis"/>
    <link:presentationArc xlink:type="arc" xlink:arcrole="http://www.xbrl.org/2003/arcrole/parent-child" xlink:from="ApuracaoPercentualSobreRCLDespesaComPessoalTable" xlink:to="ValorRealizadoPeriodoAxis" xlink:title="presentation: ApuracaoPercentualSobreRCLDespesaComPessoalTable to ValorRealizadoPeriodoAxis" priority="1" order="1.0"/>
    <link:loc xlink:type="locator" xlink:href="../../../cor/dim/siconfi-dim_2019-12-31.xsd#siconfi-dim_ApuracaoValorMember" xlink:label="ApuracaoValorMember" xlink:title="ApuracaoValorMember"/>
    <link:presentationArc xlink:type="arc" xlink:arcrole="http://www.xbrl.org/2003/arcrole/parent-child" xlink:from="ValorRealizadoPeriodoAxis" xlink:to="ApuracaoValorMember" xlink:title="presentation: ValorRealizadoPeriodoAxis to ApuracaoValorMember" order="1.0"/>
    <link:loc xlink:type="locator" xlink:href="../../../cor/dim/siconfi-dim_2019-12-31.xsd#siconfi-dim_ApuracaoPercentualSobreARCLMember" xlink:label="ApuracaoPercentualSobreARCLMember" xlink:title="ApuracaoPercentualSobreARCLMember"/>
    <link:presentationArc xlink:type="arc" xlink:arcrole="http://www.xbrl.org/2003/arcrole/parent-child" xlink:from="ValorRealizadoPeriodoAxis" xlink:to="ApuracaoPercentualSobreARCLMember" xlink:title="presentation: ValorRealizadoPeriodoAxis to ApuracaoPercentualSobreARCLMember" order="2.0"/>
    <link:loc xlink:type="locator" xlink:href="../../../cor/dim/siconfi-dim_2019-12-31.xsd#siconfi-dim_CoberturaInstitucionalAxis" xlink:label="CoberturaInstitucionalAxis" xlink:title="CoberturaInstitucionalAxis"/>
    <link:presentationArc xlink:type="arc" xlink:arcrole="http://www.xbrl.org/2003/arcrole/parent-child" xlink:from="ApuracaoPercentualSobreRCLDespesaComPessoalTable" xlink:to="CoberturaInstitucionalAxis" xlink:title="presentation: ApuracaoPercentualSobreRCLDespesaComPessoalTable to CoberturaInstitucionalAxis" order="2.0"/>
    <link:loc xlink:type="locator" xlink:href="../../../cor/dim/siconfi-dim_2019-12-31.xsd#siconfi-dim_AmapaMember" xlink:label="AmapaMember" xlink:title="AmapaMember"/>
    <link:presentationArc xlink:type="arc" xlink:arcrole="http://www.xbrl.org/2003/arcrole/parent-child" xlink:from="CoberturaInstitucionalAxis" xlink:to="AmapaMember" xlink:title="presentation: CoberturaInstitucionalAxis to AmapaMember" order="2.0"/>
    <link:loc xlink:type="locator" xlink:href="../../../cor/dim/siconfi-dim_2019-12-31.xsd#siconfi-dim_DistritoFederalMember" xlink:label="DistritoFederalMember" xlink:title="DistritoFederalMember"/>
    <link:presentationArc xlink:type="arc" xlink:arcrole="http://www.xbrl.org/2003/arcrole/parent-child" xlink:from="CoberturaInstitucionalAxis" xlink:to="DistritoFederalMember" xlink:title="presentation: CoberturaInstitucionalAxis to DistritoFederalMember" order="4.0"/>
    <link:loc xlink:type="locator" xlink:href="../../../cor/dim/siconfi-dim_2019-12-31.xsd#siconfi-dim_RoraimaMember" xlink:label="RoraimaMember" xlink:title="RoraimaMember"/>
    <link:presentationArc xlink:type="arc" xlink:arcrole="http://www.xbrl.org/2003/arcrole/parent-child" xlink:from="CoberturaInstitucionalAxis" xlink:to="RoraimaMember" xlink:title="presentation: CoberturaInstitucionalAxis to RoraimaMember" order="3.0"/>
    <link:loc xlink:type="locator" xlink:href="../../../cor/dim/siconfi-dim_2019-12-31.xsd#siconfi-dim_UniaoMember" xlink:label="UniaoMember" xlink:title="UniaoMember"/>
    <link:presentationArc xlink:type="arc" xlink:arcrole="http://www.xbrl.org/2003/arcrole/parent-child" xlink:from="CoberturaInstitucionalAxis" xlink:to="UniaoMember" xlink:title="presentation: CoberturaInstitucionalAxis to UniaoMember" order="1.0"/>
    <link:loc xlink:type="locator" xlink:href="siconfi-rgf-anexo6uniao_2019-12-31.xsd#siconfi-rgf-anexo6uniao_ApuracaoSobreRestosAPagarAbstract" xlink:label="ApuracaoSobreRestosAPagarAbstract" xlink:title="ApuracaoSobreRestosAPagarAbstract"/>
    <link:presentationArc xlink:type="arc" xlink:arcrole="http://www.xbrl.org/2003/arcrole/parent-child" xlink:from="DemonstrativoAnexo6Abstract" xlink:to="ApuracaoSobreRestosAPagarAbstract" xlink:title="presentation: DemonstrativoAnexo6Abstract to ApuracaoSobreRestosAPagarAbstract" order="6.0"/>
    <link:loc xlink:type="locator" xlink:href="siconfi-rgf-anexo6uniao_2019-12-31.xsd#siconfi-rgf-anexo6uniao_ApuracaoSobreRestosAPagarLineItems" xlink:label="ApuracaoSobreRestosAPagarLineItems" xlink:title="ApuracaoSobreRestosAPagarLineItems"/>
    <link:presentationArc xlink:type="arc" xlink:arcrole="http://www.xbrl.org/2003/arcrole/parent-child" xlink:from="ApuracaoSobreRestosAPagarAbstract" xlink:to="ApuracaoSobreRestosAPagarLineItems" xlink:title="presentation: ApuracaoSobreRestosAPagarAbstract to ApuracaoSobreRestosAPagarLineItems" order="1.0"/>
    <link:loc xlink:type="locator" xlink:href="../../../cor/ic/siconfi-cor_2019-12-31.xsd#siconfi-cor_ValorTotalRestosAPagarDemonstrativoSimplificado" xlink:label="ValorTotalRestosAPagarDemonstrativoSimplificado" xlink:title="ValorTotalRestosAPagarDemonstrativoSimplificado"/>
    <link:presentationArc xlink:type="arc" xlink:arcrole="http://www.xbrl.org/2003/arcrole/parent-child" xlink:from="ApuracaoSobreRestosAPagarLineItems" xlink:to="ValorTotalRestosAPagarDemonstrativoSimplificado" xlink:title="presentation: ApuracaoSobreRestosAPagarLineItems to ValorTotalRestosAPagarDemonstrativoSimplificado" order="1.0"/>
    <link:loc xlink:type="locator" xlink:href="siconfi-rgf-anexo6uniao_2019-12-31.xsd#siconfi-rgf-anexo6uniao_ApuracaoSobreRestosAPagarTable" xlink:label="ApuracaoSobreRestosAPagarTable" xlink:title="ApuracaoSobreRestosAPagarTable"/>
    <link:presentationArc xlink:type="arc" xlink:arcrole="http://www.xbrl.org/2003/arcrole/parent-child" xlink:from="ApuracaoSobreRestosAPagarAbstract" xlink:to="ApuracaoSobreRestosAPagarTable" xlink:title="presentation: ApuracaoSobreRestosAPagarAbstract to ApuracaoSobreRestosAPagarTable" order="2.0" xbrldt:contextElement="segment" xbrldt:closed="true"/>
    <link:loc xlink:type="locator" xlink:href="../../../cor/dim/siconfi-dim_2019-12-31.xsd#siconfi-dim_ConfrontoDeRestosAPagarComDisponibilidadeDeCaixaAxis" xlink:label="ConfrontoDeRestosAPagarComDisponibilidadeDeCaixaAxis" xlink:title="ConfrontoDeRestosAPagarComDisponibilidadeDeCaixaAxis"/>
    <link:presentationArc xlink:type="arc" xlink:arcrole="http://www.xbrl.org/2003/arcrole/parent-child" xlink:from="ApuracaoSobreRestosAPagarTable" xlink:to="ConfrontoDeRestosAPagarComDisponibilidadeDeCaixaAxis" xlink:title="presentation: ApuracaoSobreRestosAPagarTable to ConfrontoDeRestosAPagarComDisponibilidadeDeCaixaAxis" order="1.0"/>
    <link:loc xlink:type="locator" xlink:href="../../../cor/dim/siconfi-dim_2019-12-31.xsd#siconfi-dim_RestosAPagarEmpenhadosENaoLiquidadosDoExerciciosMember" xlink:label="RestosAPagarEmpenhadosENaoLiquidadosDoExerciciosMember" xlink:title="RestosAPagarEmpenhadosENaoLiquidadosDoExerciciosMember"/>
    <link:presentationArc xlink:type="arc" xlink:arcrole="http://www.xbrl.org/2003/arcrole/parent-child" xlink:from="ConfrontoDeRestosAPagarComDisponibilidadeDeCaixaAxis" xlink:to="RestosAPagarEmpenhadosENaoLiquidadosDoExerciciosMember" xlink:title="presentation: ConfrontoDeRestosAPagarComDisponibilidadeDeCaixaAxis to RestosAPagarEmpenhadosENaoLiquidadosDoExerciciosMember" order="1.0"/>
    <link:loc xlink:type="locator" xlink:href="../../../cor/dim/siconfi-dim_2019-12-31.xsd#siconfi-dim_DisponibilidadeDeCaixaLiquidaAposInscricaoEmRPNaoProcessadosDoExercicioMember" xlink:label="DisponibilidadeDeCaixaLiquidaAposInscricaoEmRPNaoProcessadosDoExercicioMember_2" xlink:title="DisponibilidadeDeCaixaLiquidaAposInscricaoEmRPNaoProcessadosDoExercicioMember"/>
    <link:presentationArc xlink:type="arc" xlink:arcrole="http://www.xbrl.org/2003/arcrole/parent-child" xlink:from="ConfrontoDeRestosAPagarComDisponibilidadeDeCaixaAxis" xlink:to="DisponibilidadeDeCaixaLiquidaAposInscricaoEmRPNaoProcessadosDoExercicioMember_2" xlink:title="presentation: ConfrontoDeRestosAPagarComDisponibilidadeDeCaixaAxis to DisponibilidadeDeCaixaLiquidaAposInscricaoEmRPNaoProcessadosDoExercicioMember" priority="1" order="2.0"/>
    <link:loc xlink:type="locator" xlink:href="siconfi-rgf-anexo6uniao_2019-12-31.xsd#siconfi-rgf-anexo6uniao_FonteAnexo6Tabela6.0Abstract" xlink:label="FonteAnexo6Tabela6.0Abstract" xlink:title="FonteAnexo6Tabela6.0Abstract"/>
    <link:presentationArc xlink:type="arc" xlink:arcrole="http://www.xbrl.org/2003/arcrole/parent-child" xlink:from="DemonstrativoAnexo6Abstract" xlink:to="FonteAnexo6Tabela6.0Abstract" xlink:title="presentation: DemonstrativoAnexo6Abstract to FonteAnexo6Tabela6.0Abstract" order="7.0"/>
    <link:loc xlink:type="locator" xlink:href="siconfi-rgf-anexo6uniao_2019-12-31.xsd#siconfi-rgf-anexo6uniao_FonteAnexo6Tabela6.0LineItems" xlink:label="FonteAnexo6Tabela6.0LineItems" xlink:title="FonteAnexo6Tabela6.0LineItems"/>
    <link:presentationArc xlink:type="arc" xlink:arcrole="http://www.xbrl.org/2003/arcrole/parent-child" xlink:from="FonteAnexo6Tabela6.0Abstract" xlink:to="FonteAnexo6Tabela6.0LineItems" xlink:title="presentation: FonteAnexo6Tabela6.0Abstract to FonteAnexo6Tabela6.0LineItems" order="1.0"/>
    <link:loc xlink:type="locator" xlink:href="../../../cor/ic/siconfi-cor_2019-12-31.xsd#siconfi-cor_FonteAnexo6Tabela6.0RGF" xlink:label="FonteAnexo6Tabela6.0RGF" xlink:title="FonteAnexo6Tabela6.0RGF"/>
    <link:presentationArc xlink:type="arc" xlink:arcrole="http://www.xbrl.org/2003/arcrole/parent-child" xlink:from="FonteAnexo6Tabela6.0LineItems" xlink:to="FonteAnexo6Tabela6.0RGF" xlink:title="presentation: FonteAnexo6Tabela6.0LineItems to FonteAnexo6Tabela6.0RGF" order="1.0"/>
    <link:loc xlink:type="locator" xlink:href="siconfi-rgf-anexo6uniao_2019-12-31.xsd#siconfi-rgf-anexo6uniao_DividaConsolidadaAbstract" xlink:label="DividaConsolidadaAbstract" xlink:title="DividaConsolidadaAbstract"/>
    <link:presentationArc xlink:type="arc" xlink:arcrole="http://www.xbrl.org/2003/arcrole/parent-child" xlink:from="DemonstrativoAnexo6Abstract" xlink:to="DividaConsolidadaAbstract" xlink:title="presentation: DemonstrativoAnexo6Abstract to DividaConsolidadaAbstract" order="3.0"/>
    <link:loc xlink:type="locator" xlink:href="siconfi-rgf-anexo6uniao_2019-12-31.xsd#siconfi-rgf-anexo6uniao_DividaConsolidadaLineItems" xlink:label="DividaConsolidadaLineItems" xlink:title="DividaConsolidadaLineItems"/>
    <link:presentationArc xlink:type="arc" xlink:arcrole="http://www.xbrl.org/2003/arcrole/parent-child" xlink:from="DividaConsolidadaAbstract" xlink:to="DividaConsolidadaLineItems" xlink:title="presentation: DividaConsolidadaAbstract to DividaConsolidadaLineItems" order="1.0"/>
    <link:loc xlink:type="locator" xlink:href="../../../cor/ic/siconfi-cor_2019-12-31.xsd#siconfi-cor_LimiteDefinidoPorResolucaoDoSenadoFederalDividaConsolidadaDemonstrativoSimplificado" xlink:label="LimiteDefinidoPorResolucaoDoSenadoFederalDividaConsolidadaDemonstrativoSimplificado" xlink:title="LimiteDefinidoPorResolucaoDoSenadoFederalDividaConsolidadaDemonstrativoSimplificado"/>
    <link:presentationArc xlink:type="arc" xlink:arcrole="http://www.xbrl.org/2003/arcrole/parent-child" xlink:from="DividaConsolidadaLineItems" xlink:to="LimiteDefinidoPorResolucaoDoSenadoFederalDividaConsolidadaDemonstrativoSimplificado" xlink:title="presentation: DividaConsolidadaLineItems to LimiteDefinidoPorResolucaoDoSenadoFederalDividaConsolidadaDemonstrativoSimplificado" order="2.0"/>
    <link:loc xlink:type="locator" xlink:href="../../../cor/ic/siconfi-cor_2019-12-31.xsd#siconfi-cor_DividaConsolidadaLiquidaDemonstrativoSimplificado" xlink:label="DividaConsolidadaLiquidaDemonstrativoSimplificado" xlink:title="DividaConsolidadaLiquidaDemonstrativoSimplificado"/>
    <link:presentationArc xlink:type="arc" xlink:arcrole="http://www.xbrl.org/2003/arcrole/parent-child" xlink:from="DividaConsolidadaLineItems" xlink:to="DividaConsolidadaLiquidaDemonstrativoSimplificado" xlink:title="presentation: DividaConsolidadaLineItems to DividaConsolidadaLiquidaDemonstrativoSimplificado" order="1.0"/>
    <link:loc xlink:type="locator" xlink:href="siconfi-rgf-anexo6uniao_2019-12-31.xsd#siconfi-rgf-anexo6uniao_ResumoDividaConsolidadaTable" xlink:label="ResumoDividaConsolidadaTable" xlink:title="ResumoDividaConsolidadaTable"/>
    <link:presentationArc xlink:type="arc" xlink:arcrole="http://www.xbrl.org/2003/arcrole/parent-child" xlink:from="DividaConsolidadaAbstract" xlink:to="ResumoDividaConsolidadaTable" xlink:title="presentation: DividaConsolidadaAbstract to ResumoDividaConsolidadaTable" order="2.0"/>
    <link:loc xlink:type="locator" xlink:href="../../../cor/dim/siconfi-dim_2019-12-31.xsd#siconfi-dim_ComparativoSaldoDividaAxis" xlink:label="ComparativoSaldoDividaAxis" xlink:title="ComparativoSaldoDividaAxis"/>
    <link:presentationArc xlink:type="arc" xlink:arcrole="http://www.xbrl.org/2003/arcrole/parent-child" xlink:from="ResumoDividaConsolidadaTable" xlink:to="ComparativoSaldoDividaAxis" xlink:title="presentation: ResumoDividaConsolidadaTable to ComparativoSaldoDividaAxis" order="1.0"/>
    <link:presentationArc xlink:type="arc" xlink:arcrole="http://www.xbrl.org/2003/arcrole/parent-child" xlink:from="ComparativoSaldoDividaAxis" xlink:to="ApuracaoValorMember" xlink:title="presentation: ComparativoSaldoDividaAxis to ApuracaoValorMember" order="1.0"/>
    <link:presentationArc xlink:type="arc" xlink:arcrole="http://www.xbrl.org/2003/arcrole/parent-child" xlink:from="ComparativoSaldoDividaAxis" xlink:to="ApuracaoPercentualSobreARCLMember" xlink:title="presentation: ComparativoSaldoDividaAxis to ApuracaoPercentualSobreARCLMember" order="2.0"/>
    <link:loc xlink:type="locator" xlink:href="siconfi-rgf-anexo6uniao_2019-12-31.xsd#siconfi-rgf-anexo6uniao_GarantiasDeValoresAbstract" xlink:label="GarantiasDeValoresAbstract" xlink:title="GarantiasDeValoresAbstract"/>
    <link:presentationArc xlink:type="arc" xlink:arcrole="http://www.xbrl.org/2003/arcrole/parent-child" xlink:from="DemonstrativoAnexo6Abstract" xlink:to="GarantiasDeValoresAbstract" xlink:title="presentation: DemonstrativoAnexo6Abstract to GarantiasDeValoresAbstract" order="4.0"/>
    <link:loc xlink:type="locator" xlink:href="siconfi-rgf-anexo6uniao_2019-12-31.xsd#siconfi-rgf-anexo6uniao_GarantiasDeValoresLineItems" xlink:label="GarantiasDeValoresLineItems" xlink:title="GarantiasDeValoresLineItems"/>
    <link:presentationArc xlink:type="arc" xlink:arcrole="http://www.xbrl.org/2003/arcrole/parent-child" xlink:from="GarantiasDeValoresAbstract" xlink:to="GarantiasDeValoresLineItems" xlink:title="presentation: GarantiasDeValoresAbstract to GarantiasDeValoresLineItems" order="1.0"/>
    <link:loc xlink:type="locator" xlink:href="../../../cor/ic/siconfi-cor_2019-12-31.xsd#siconfi-cor_TotalDasGarantiasConcedidasDemonstrativoSimplificado" xlink:label="TotalDasGarantiasConcedidasDemonstrativoSimplificado" xlink:title="TotalDasGarantiasConcedidasDemonstrativoSimplificado"/>
    <link:presentationArc xlink:type="arc" xlink:arcrole="http://www.xbrl.org/2003/arcrole/parent-child" xlink:from="GarantiasDeValoresLineItems" xlink:to="TotalDasGarantiasConcedidasDemonstrativoSimplificado" xlink:title="presentation: GarantiasDeValoresLineItems to TotalDasGarantiasConcedidasDemonstrativoSimplificado" order="1.0"/>
    <link:loc xlink:type="locator" xlink:href="../../../cor/ic/siconfi-cor_2019-12-31.xsd#siconfi-cor_LimiteDefinidoPorResolucaoDoSenadoFederalGarantiasDemonstrativoSimplificado" xlink:label="LimiteDefinidoPorResolucaoDoSenadoFederalGarantiasDemonstrativoSimplificado" xlink:title="LimiteDefinidoPorResolucaoDoSenadoFederalGarantiasDemonstrativoSimplificado"/>
    <link:presentationArc xlink:type="arc" xlink:arcrole="http://www.xbrl.org/2003/arcrole/parent-child" xlink:from="GarantiasDeValoresLineItems" xlink:to="LimiteDefinidoPorResolucaoDoSenadoFederalGarantiasDemonstrativoSimplificado" xlink:title="presentation: GarantiasDeValoresLineItems to LimiteDefinidoPorResolucaoDoSenadoFederalGarantiasDemonstrativoSimplificado" order="2.0"/>
    <link:loc xlink:type="locator" xlink:href="siconfi-rgf-anexo6uniao_2019-12-31.xsd#siconfi-rgf-anexo6uniao_ResumoGarantiasDeValoresTable" xlink:label="ResumoGarantiasDeValoresTable" xlink:title="ResumoGarantiasDeValoresTable"/>
    <link:presentationArc xlink:type="arc" xlink:arcrole="http://www.xbrl.org/2003/arcrole/parent-child" xlink:from="GarantiasDeValoresAbstract" xlink:to="ResumoGarantiasDeValoresTable" xlink:title="presentation: GarantiasDeValoresAbstract to ResumoGarantiasDeValoresTable" order="2.0"/>
    <link:loc xlink:type="locator" xlink:href="../../../cor/dim/siconfi-dim_2019-12-31.xsd#siconfi-dim_ComparativoSaldoGarantiaAxis" xlink:label="ComparativoSaldoGarantiaAxis" xlink:title="ComparativoSaldoGarantiaAxis"/>
    <link:presentationArc xlink:type="arc" xlink:arcrole="http://www.xbrl.org/2003/arcrole/parent-child" xlink:from="ResumoGarantiasDeValoresTable" xlink:to="ComparativoSaldoGarantiaAxis" xlink:title="presentation: ResumoGarantiasDeValoresTable to ComparativoSaldoGarantiaAxis" order="1.0"/>
    <link:presentationArc xlink:type="arc" xlink:arcrole="http://www.xbrl.org/2003/arcrole/parent-child" xlink:from="ComparativoSaldoGarantiaAxis" xlink:to="ApuracaoValorMember" xlink:title="presentation: ComparativoSaldoGarantiaAxis to ApuracaoValorMember" order="1.0"/>
    <link:presentationArc xlink:type="arc" xlink:arcrole="http://www.xbrl.org/2003/arcrole/parent-child" xlink:from="ComparativoSaldoGarantiaAxis" xlink:to="ApuracaoPercentualSobreARCLMember" xlink:title="presentation: ComparativoSaldoGarantiaAxis to ApuracaoPercentualSobreARCLMember" order="2.0"/>
    <link:loc xlink:type="locator" xlink:href="siconfi-rgf-anexo6uniao_2019-12-31.xsd#siconfi-rgf-anexo6uniao_OperacoesDeCreditoAbstract" xlink:label="OperacoesDeCreditoAbstract" xlink:title="OperacoesDeCreditoAbstract"/>
    <link:presentationArc xlink:type="arc" xlink:arcrole="http://www.xbrl.org/2003/arcrole/parent-child" xlink:from="DemonstrativoAnexo6Abstract" xlink:to="OperacoesDeCreditoAbstract" xlink:title="presentation: DemonstrativoAnexo6Abstract to OperacoesDeCreditoAbstract" order="5.0"/>
    <link:loc xlink:type="locator" xlink:href="siconfi-rgf-anexo6uniao_2019-12-31.xsd#siconfi-rgf-anexo6uniao_ApuracaoPercentualSobreARCLTable" xlink:label="ApuracaoPercentualSobreARCLTable" xlink:title="ApuracaoPercentualSobreARCLTable"/>
    <link:presentationArc xlink:type="arc" xlink:arcrole="http://www.xbrl.org/2003/arcrole/parent-child" xlink:from="OperacoesDeCreditoAbstract" xlink:to="ApuracaoPercentualSobreARCLTable" xlink:title="presentation: OperacoesDeCreditoAbstract to ApuracaoPercentualSobreARCLTable" order="2.0" xbrldt:contextElement="segment" xbrldt:closed="true"/>
    <link:presentationArc xlink:type="arc" xlink:arcrole="http://www.xbrl.org/2003/arcrole/parent-child" xlink:from="ApuracaoPercentualSobreARCLTable" xlink:to="ValorRealizadoPeriodoAxis" xlink:title="presentation: ApuracaoPercentualSobreARCLTable to ValorRealizadoPeriodoAxis" order="1.0"/>
    <link:loc xlink:type="locator" xlink:href="siconfi-rgf-anexo6uniao_2019-12-31.xsd#siconfi-rgf-anexo6uniao_OperacoesDeCreditoLineItems" xlink:label="OperacoesDeCreditoLineItems" xlink:title="OperacoesDeCreditoLineItems"/>
    <link:presentationArc xlink:type="arc" xlink:arcrole="http://www.xbrl.org/2003/arcrole/parent-child" xlink:from="OperacoesDeCreditoAbstract" xlink:to="OperacoesDeCreditoLineItems" xlink:title="presentation: OperacoesDeCreditoAbstract to OperacoesDeCreditoLineItems" order="1.0"/>
    <link:loc xlink:type="locator" xlink:href="../../../cor/ic/siconfi-cor_2019-12-31.xsd#siconfi-cor_OperacoesDeCreditoInternasEExternasDemonstrativoSimplificado" xlink:label="OperacoesDeCreditoInternasEExternasDemonstrativoSimplificado" xlink:title="OperacoesDeCreditoInternasEExternasDemonstrativoSimplificado"/>
    <link:presentationArc xlink:type="arc" xlink:arcrole="http://www.xbrl.org/2003/arcrole/parent-child" xlink:from="OperacoesDeCreditoLineItems" xlink:to="OperacoesDeCreditoInternasEExternasDemonstrativoSimplificado" xlink:title="presentation: OperacoesDeCreditoLineItems to OperacoesDeCreditoInternasEExternasDemonstrativoSimplificado" order="1.0"/>
    <link:loc xlink:type="locator" xlink:href="../../../cor/ic/siconfi-cor_2019-12-31.xsd#siconfi-cor_OperacoesDeCreditoPorAntecipacaoDaReceitaDemonstrativoSimplificado" xlink:label="OperacoesDeCreditoPorAntecipacaoDaReceitaDemonstrativoSimplificado" xlink:title="OperacoesDeCreditoPorAntecipacaoDaReceitaDemonstrativoSimplificado"/>
    <link:presentationArc xlink:type="arc" xlink:arcrole="http://www.xbrl.org/2003/arcrole/parent-child" xlink:from="OperacoesDeCreditoLineItems" xlink:to="OperacoesDeCreditoPorAntecipacaoDaReceitaDemonstrativoSimplificado" xlink:title="presentation: OperacoesDeCreditoLineItems to OperacoesDeCreditoPorAntecipacaoDaReceitaDemonstrativoSimplificado" order="3.0"/>
    <link:loc xlink:type="locator" xlink:href="../../../cor/ic/siconfi-cor_2019-12-31.xsd#siconfi-cor_LimiteDefinidoPeloSenadoFederalParaOperacoesDeCreditoExternasEInternasDemonstrativoSimplificado" xlink:label="LimiteDefinidoPeloSenadoFederalParaOperacoesDeCreditoExternasEInternasDemonstrativoSimplificado" xlink:title="LimiteDefinidoPeloSenadoFederalParaOperacoesDeCreditoExternasEInternasDemonstrativoSimplificado"/>
    <link:presentationArc xlink:type="arc" xlink:arcrole="http://www.xbrl.org/2003/arcrole/parent-child" xlink:from="OperacoesDeCreditoLineItems" xlink:to="LimiteDefinidoPeloSenadoFederalParaOperacoesDeCreditoExternasEInternasDemonstrativoSimplificado" xlink:title="presentation: OperacoesDeCreditoLineItems to LimiteDefinidoPeloSenadoFederalParaOperacoesDeCreditoExternasEInternasDemonstrativoSimplificado" order="2.0"/>
    <link:loc xlink:type="locator" xlink:href="../../../cor/ic/siconfi-cor_2019-12-31.xsd#siconfi-cor_LimiteDefinidoPeloSenadoFederalParaOperacoesDeCreditoPorAntecipacaoDaReceitaDemonstrativoSimplificado" xlink:label="LimiteDefinidoPeloSenadoFederalParaOperacoesDeCreditoPorAntecipacaoDaReceitaDemonstrativoSimplificado" xlink:title="LimiteDefinidoPeloSenadoFederalParaOperacoesDeCreditoPorAntecipacaoDaReceitaDemonstrativoSimplificado"/>
    <link:presentationArc xlink:type="arc" xlink:arcrole="http://www.xbrl.org/2003/arcrole/parent-child" xlink:from="OperacoesDeCreditoLineItems" xlink:to="LimiteDefinidoPeloSenadoFederalParaOperacoesDeCreditoPorAntecipacaoDaReceitaDemonstrativoSimplificado" xlink:title="presentation: OperacoesDeCreditoLineItems to LimiteDefinidoPeloSenadoFederalParaOperacoesDeCreditoPorAntecipacaoDaReceitaDemonstrativoSimplificado" order="4.0"/>
  </link:presentationLink>
</link:linkbase>
