<?xml version="1.0" encoding="UTF-8"?>
<!-- Generated by Fujitsu Interstage XWand B0196 -->
<link:linkbase xmlns:xsi="http://www.w3.org/2001/XMLSchema-instance" xsi:schemaLocation="http://www.xbrl.org/2003/linkbase http://www.xbrl.org/2003/xbrl-linkbase-2003-12-31.xsd" xmlns:siconfi-rgf-anexo5="http://fazenda.gov.br/siconfi/rep/rgf/anexo5/siconfi-rgf-anexo5_2019-12-31" xmlns:link="http://www.xbrl.org/2003/linkbase" xmlns:xbrldt="http://xbrl.org/2005/xbrldt" xmlns:xlink="http://www.w3.org/1999/xlink" xmlns:xbrli="http://www.xbrl.org/2003/instance">
  <link:roleRef roleURI="http://fazenda.gov.br/siconfi/rep/rgf/anexo5/siconfi-rgf-anexo5-tabela5.0A" xlink:type="simple" xlink:href="siconfi-rgf-anexo5_2019-12-31.xsd#siconfi-rgf-anexo5-tabela5.0A"/>
  <link:roleRef roleURI="http://fazenda.gov.br/siconfi/rep/rgf/anexo5/siconfi-rgf-anexo5-tabela5.0B" xlink:type="simple" xlink:href="siconfi-rgf-anexo5_2019-12-31.xsd#siconfi-rgf-anexo5-tabela5.0B"/>
  <link:roleRef roleURI="http://fazenda.gov.br/siconfi/rep/rgf/anexo5/siconfi-rgf-anexo5-tabela5.0C" xlink:type="simple" xlink:href="siconfi-rgf-anexo5_2019-12-31.xsd#siconfi-rgf-anexo5-tabela5.0C"/>
  <link:roleRef roleURI="http://fazenda.gov.br/siconfi/rep/rgf/anexo5/siconfi-rgf-anexo5-tabela5.0" xlink:type="simple" xlink:href="siconfi-rgf-anexo5_2019-12-31.xsd#siconfi-rgf-anexo5-tabela5.0"/>
  <link:arcroleRef arcroleURI="http://xbrl.org/int/dim/arcrole/all" xlink:type="simple" xlink:href="http://www.xbrl.org/2005/xbrldt-2005.xsd#all"/>
  <link:arcroleRef arcroleURI="http://xbrl.org/int/dim/arcrole/domain-member" xlink:type="simple" xlink:href="http://www.xbrl.org/2005/xbrldt-2005.xsd#domain-member"/>
  <link:arcroleRef arcroleURI="http://xbrl.org/int/dim/arcrole/hypercube-dimension" xlink:type="simple" xlink:href="http://www.xbrl.org/2005/xbrldt-2005.xsd#hypercube-dimension"/>
  <link:arcroleRef arcroleURI="http://xbrl.org/int/dim/arcrole/dimension-domain" xlink:type="simple" xlink:href="http://www.xbrl.org/2005/xbrldt-2005.xsd#dimension-domain"/>
  <link:arcroleRef arcroleURI="http://xbrl.org/int/dim/arcrole/notAll" xlink:type="simple" xlink:href="http://www.xbrl.org/2005/xbrldt-2005.xsd#notAll"/>
  <link:definitionLink xlink:type="extended" xlink:role="http://fazenda.gov.br/siconfi/rep/rgf/anexo5/siconfi-rgf-anexo5-tabela5.0">
    <link:loc xlink:type="locator" xlink:href="siconfi-rgf-anexo5_2019-12-31.xsd#siconfi-rgf-anexo5_DisponibilidadeDeCaixaAbstract" xlink:label="DisponibilidadeDeCaixaAbstract" xlink:title="DisponibilidadeDeCaixaAbstract"/>
    <link:loc xlink:type="locator" xlink:href="siconfi-rgf-anexo5_2019-12-31.xsd#siconfi-rgf-anexo5_DisponibilidadeDeCaixaLineItems" xlink:label="DisponibilidadeDeCaixasLineItems" xlink:title="RecursosVinculadosLineItems"/>
    <link:definitionArc xlink:type="arc" xlink:arcrole="http://xbrl.org/int/dim/arcrole/domain-member" xlink:from="DisponibilidadeDeCaixaAbstract" xlink:to="DisponibilidadeDeCaixasLineItems" xlink:title="definition: DisponibilidadeDeCaixaAbstract to DisponibilidadeDeCaixasLineItems" order="1.0"/>
    <link:loc xlink:type="locator" xlink:href="../../../cor/ic/siconfi-cor_2019-12-31.xsd#siconfi-cor_DisponibilidadeDeCaixaBruta" xlink:label="DisponibilidadeDeCaixaBruta" xlink:title="DisponibilidadeDeCaixaBruta"/>
    <link:definitionArc xlink:type="arc" xlink:arcrole="http://xbrl.org/int/dim/arcrole/domain-member" xlink:from="DisponibilidadeDeCaixasLineItems" xlink:to="DisponibilidadeDeCaixaBruta" xlink:title="definition: DisponibilidadeDeCaixasLineItems to DisponibilidadeDeCaixaBruta" order="1.0"/>
    <link:loc xlink:type="locator" xlink:href="siconfi-rgf-anexo5_2019-12-31.xsd#siconfi-rgf-anexo5_ObrigacoesFinanceirasAbstract" xlink:label="ObrigacoesFinanceirasAbstract" xlink:title="ObrigacoesFinanceirasAbstract"/>
    <link:definitionArc xlink:type="arc" xlink:arcrole="http://xbrl.org/int/dim/arcrole/domain-member" xlink:from="DisponibilidadeDeCaixasLineItems" xlink:to="ObrigacoesFinanceirasAbstract" xlink:title="definition: DisponibilidadeDeCaixasLineItems to ObrigacoesFinanceirasAbstract" order="2.0"/>
    <link:loc xlink:type="locator" xlink:href="siconfi-rgf-anexo5_2019-12-31.xsd#siconfi-rgf-anexo5_RestosAPagarLiquidadosENaoPagosAbstract" xlink:label="RestosAPagarLiquidadosENaoPagosAbstract" xlink:title="RestosAPagarLiquidadosENaoPagosAbstract"/>
    <link:definitionArc xlink:type="arc" xlink:arcrole="http://xbrl.org/int/dim/arcrole/domain-member" xlink:from="ObrigacoesFinanceirasAbstract" xlink:to="RestosAPagarLiquidadosENaoPagosAbstract" xlink:title="definition: ObrigacoesFinanceirasAbstract to RestosAPagarLiquidadosENaoPagosAbstract" order="1.0"/>
    <link:loc xlink:type="locator" xlink:href="../../../cor/ic/siconfi-cor_2019-12-31.xsd#siconfi-cor_RestosAPagarLiquidadosENaoPagosDeExerciciosAnteriores" xlink:label="RestosAPagarLiquidadosENaoPagosDeExerciciosAnteriores" xlink:title="RestosAPagarLiquidadosENaoPagosDeExerciciosAnteriores"/>
    <link:definitionArc xlink:type="arc" xlink:arcrole="http://xbrl.org/int/dim/arcrole/domain-member" xlink:from="RestosAPagarLiquidadosENaoPagosAbstract" xlink:to="RestosAPagarLiquidadosENaoPagosDeExerciciosAnteriores" xlink:title="definition: RestosAPagarLiquidadosENaoPagosAbstract to RestosAPagarLiquidadosENaoPagosDeExerciciosAnteriores" order="1.0"/>
    <link:loc xlink:type="locator" xlink:href="../../../cor/ic/siconfi-cor_2019-12-31.xsd#siconfi-cor_RestosAPagarLiquidadosENaoPagosDoExercicio" xlink:label="RestosAPagarLiquidadosENaoPagosDoExercicio" xlink:title="RestosAPagarLiquidadosENaoPagosDoExercicio"/>
    <link:definitionArc xlink:type="arc" xlink:arcrole="http://xbrl.org/int/dim/arcrole/domain-member" xlink:from="RestosAPagarLiquidadosENaoPagosAbstract" xlink:to="RestosAPagarLiquidadosENaoPagosDoExercicio" xlink:title="definition: RestosAPagarLiquidadosENaoPagosAbstract to RestosAPagarLiquidadosENaoPagosDoExercicio" order="2.0"/>
    <link:loc xlink:type="locator" xlink:href="../../../cor/ic/siconfi-cor_2019-12-31.xsd#siconfi-cor_RestosAPagarEmpenhadosENaoLiquidadosDeExerciciosAnteriores" xlink:label="RestosAPagarEmpenhadosENaoLiquidadosDeExerciciosAnteriores" xlink:title="RestosAPagarEmpenhadosENaoLiquidadosDeExerciciosAnteriores"/>
    <link:definitionArc xlink:type="arc" xlink:arcrole="http://xbrl.org/int/dim/arcrole/domain-member" xlink:from="ObrigacoesFinanceirasAbstract" xlink:to="RestosAPagarEmpenhadosENaoLiquidadosDeExerciciosAnteriores" xlink:title="definition: ObrigacoesFinanceirasAbstract to RestosAPagarEmpenhadosENaoLiquidadosDeExerciciosAnteriores" order="2.0"/>
    <link:loc xlink:type="locator" xlink:href="../../../cor/ic/siconfi-cor_2019-12-31.xsd#siconfi-cor_DemaisObrigacoesFinanceiras" xlink:label="DemaisObrigacoesFinanceiras" xlink:title="DemaisObrigacoesFinanceiras"/>
    <link:definitionArc xlink:type="arc" xlink:arcrole="http://xbrl.org/int/dim/arcrole/domain-member" xlink:from="ObrigacoesFinanceirasAbstract" xlink:to="DemaisObrigacoesFinanceiras" xlink:title="definition: ObrigacoesFinanceirasAbstract to DemaisObrigacoesFinanceiras" order="3.0"/>
    <link:loc xlink:type="locator" xlink:href="../../../cor/ic/siconfi-cor_2019-12-31.xsd#siconfi-cor_InsuficienciaFinanceiraVerificadaNoConsorcioPublico" xlink:label="InsuficienciaFinanceiraVerificadaNoConsorcioPublico" xlink:title="InsuficienciaFinanceiraVerificadaNoConsorcioPublico"/>
    <link:definitionArc xlink:type="arc" xlink:arcrole="http://xbrl.org/int/dim/arcrole/domain-member" xlink:from="DisponibilidadeDeCaixasLineItems" xlink:to="InsuficienciaFinanceiraVerificadaNoConsorcioPublico" xlink:title="definition: DisponibilidadeDeCaixasLineItems to InsuficienciaFinanceiraVerificadaNoConsorcioPublico" order="3.0"/>
    <link:loc xlink:type="locator" xlink:href="../../../cor/ic/siconfi-cor_2019-12-31.xsd#siconfi-cor_DisponibilidadeDeCaixaLiquida" xlink:label="DisponibilidadeDeCaixaLiquida" xlink:title="DisponibilidadeDeCaixaLiquida"/>
    <link:definitionArc xlink:type="arc" xlink:arcrole="http://xbrl.org/int/dim/arcrole/domain-member" xlink:from="DisponibilidadeDeCaixasLineItems" xlink:to="DisponibilidadeDeCaixaLiquida" xlink:title="definition: DisponibilidadeDeCaixasLineItems to DisponibilidadeDeCaixaLiquida" order="4.0"/>
    <link:loc xlink:type="locator" xlink:href="../../../cor/ic/siconfi-cor_2019-12-31.xsd#siconfi-cor_RestosAPagarEmpenhadosENaoLiquidadosDoExercicio" xlink:label="RestosAPagarEmpenhadosENaoLiquidadosDoExercicio" xlink:title="RestosAPagarEmpenhadosENaoLiquidadosDoExercicio"/>
    <link:definitionArc xlink:type="arc" xlink:arcrole="http://xbrl.org/int/dim/arcrole/domain-member" xlink:from="DisponibilidadeDeCaixasLineItems" xlink:to="RestosAPagarEmpenhadosENaoLiquidadosDoExercicio" xlink:title="definition: DisponibilidadeDeCaixasLineItems to RestosAPagarEmpenhadosENaoLiquidadosDoExercicio" order="5.0"/>
    <link:loc xlink:type="locator" xlink:href="../../../cor/ic/siconfi-cor_2019-12-31.xsd#siconfi-cor_EmpenhosNaoLiquidadosCanceladosNaoInscritosPorInsuficienciaFinanceira" xlink:label="EmpenhosNaoLiquidadosCanceladosNaoInscritosPorInsuficienciaFinanceira" xlink:title="EmpenhosNaoLiquidadosCanceladosNaoInscritosPorInsuficienciaFinanceira"/>
    <link:definitionArc xlink:type="arc" xlink:arcrole="http://xbrl.org/int/dim/arcrole/domain-member" xlink:from="DisponibilidadeDeCaixasLineItems" xlink:to="EmpenhosNaoLiquidadosCanceladosNaoInscritosPorInsuficienciaFinanceira" xlink:title="definition: DisponibilidadeDeCaixasLineItems to EmpenhosNaoLiquidadosCanceladosNaoInscritosPorInsuficienciaFinanceira" order="6.0"/>
    <link:loc xlink:type="locator" xlink:href="../../../cor/ic/siconfi-cor_2019-12-31.xsd#siconfi-cor_DisponibilidadeDeCaixaLiquidaAposRP" xlink:label="DisponibilidadeDeCaixaLiquidaAposRP" xlink:title="DisponibilidadeDeCaixaLiquidaAposRP"/>
    <link:definitionArc xlink:type="arc" xlink:arcrole="http://xbrl.org/int/dim/arcrole/domain-member" xlink:from="DisponibilidadeDeCaixasLineItems" xlink:to="DisponibilidadeDeCaixaLiquidaAposRP" xlink:title="definition: DisponibilidadeDeCaixaLineItems to DisponibilidadeDeCaixaLiquidaAposRP" order="7.0"/>
    <link:loc xlink:type="locator" xlink:href="siconfi-rgf-anexo5_2019-12-31.xsd#siconfi-rgf-anexo5_RecursosTable" xlink:label="RecursosTable" xlink:title="RecursosVinculadosTable"/>
    <link:definitionArc xlink:type="arc" xlink:arcrole="http://xbrl.org/int/dim/arcrole/all" xlink:from="DisponibilidadeDeCaixaAbstract" xlink:to="RecursosTable" xlink:title="definition: DisponibilidadeDeCaixaAbstract to RecursosTable" order="2.0" xbrldt:contextElement="segment" xbrldt:closed="true"/>
    <link:loc xlink:type="locator" xlink:href="../../../cor/dim/siconfi-dim_2019-12-31.xsd#siconfi-dim_IdentificacaoDosRecursosAxis" xlink:label="IdentificacaoDosRecursosAxis" xlink:title="IdentificacaoDosRecursosAxis"/>
    <link:definitionArc xlink:type="arc" xlink:arcrole="http://xbrl.org/int/dim/arcrole/hypercube-dimension" xlink:from="RecursosTable" xlink:to="IdentificacaoDosRecursosAxis" xlink:title="definition: RecursosTable to IdentificacaoDosRecursosAxis" order="1.0"/>
    <link:loc xlink:type="locator" xlink:href="../../../cor/dim/siconfi-dim_2019-12-31.xsd#siconfi-dim_TotalDosRecursosVinculadosMember" xlink:label="TotalDosRecursosVinculadosMember" xlink:title="TotalDosRecursosVinculadosMember"/>
    <link:definitionArc xlink:type="arc" xlink:arcrole="http://xbrl.org/int/dim/arcrole/dimension-domain" xlink:from="IdentificacaoDosRecursosAxis" xlink:to="TotalDosRecursosVinculadosMember" xlink:title="definition: IdentificacaoDosRecursosAxis to TotalDosRecursosVinculadosMember" order="2.0"/>
    <link:loc xlink:type="locator" xlink:href="../../../cor/dim/siconfi-dim_2019-12-31.xsd#siconfi-dim_ReceitasDeImpostosEDeTransferenciaDeImpostosEducacaoMember" xlink:label="ReceitasDeImpostosEDeTransferenciaDeImpostosEducacaoMember" xlink:title="ReceitasDeImpostosEDeTransferenciaDeImpostosEducacaoMember"/>
    <link:definitionArc xlink:type="arc" xlink:arcrole="http://xbrl.org/int/dim/arcrole/domain-member" xlink:from="TotalDosRecursosVinculadosMember" xlink:to="ReceitasDeImpostosEDeTransferenciaDeImpostosEducacaoMember" xlink:title="definition: TotalDosRecursosVinculadosMember to ReceitasDeImpostosEDeTransferenciaDeImpostosEducacaoMember" order="1.0"/>
    <link:loc xlink:type="locator" xlink:href="../../../cor/dim/siconfi-dim_2019-12-31.xsd#siconfi-dim_OutrosRecursosDestinadosAEducacaoMember" xlink:label="OutrosRecursosDestinadosAEducacaoMember" xlink:title="OutrosRecursosDestinadosAEducacaoMember"/>
    <link:definitionArc xlink:type="arc" xlink:arcrole="http://xbrl.org/int/dim/arcrole/domain-member" xlink:from="TotalDosRecursosVinculadosMember" xlink:to="OutrosRecursosDestinadosAEducacaoMember" xlink:title="definition: TotalDosRecursosVinculadosMember to OutrosRecursosDestinadosAEducacaoMember" order="3.0"/>
    <link:loc xlink:type="locator" xlink:href="../../../cor/dim/siconfi-dim_2019-12-31.xsd#siconfi-dim_ReceitasDeImpostosEDeTransferenciaDeImpostosSaudeMember" xlink:label="ReceitasDeImpostosEDeTransferenciaDeImpostosSaudeMember" xlink:title="ReceitasDeImpostosEDeTransferenciaDeImpostosSaudeMember"/>
    <link:definitionArc xlink:type="arc" xlink:arcrole="http://xbrl.org/int/dim/arcrole/domain-member" xlink:from="TotalDosRecursosVinculadosMember" xlink:to="ReceitasDeImpostosEDeTransferenciaDeImpostosSaudeMember" xlink:title="definition: TotalDosRecursosVinculadosMember to ReceitasDeImpostosEDeTransferenciaDeImpostosSaudeMember" order="4.0"/>
    <link:loc xlink:type="locator" xlink:href="../../../cor/dim/siconfi-dim_2019-12-31.xsd#siconfi-dim_OutrosRecursosDestinadosASaudeMember" xlink:label="OutrosRecursosDestinadosASaudeMember" xlink:title="OutrosRecursosDestinadosASaudeMember"/>
    <link:definitionArc xlink:type="arc" xlink:arcrole="http://xbrl.org/int/dim/arcrole/domain-member" xlink:from="TotalDosRecursosVinculadosMember" xlink:to="OutrosRecursosDestinadosASaudeMember" xlink:title="definition: TotalDosRecursosVinculadosMember to OutrosRecursosDestinadosASaudeMember" order="5.0"/>
    <link:loc xlink:type="locator" xlink:href="../../../cor/dim/siconfi-dim_2019-12-31.xsd#siconfi-dim_RecursosDestinadosAAssistenciaSocialMember" xlink:label="RecursosDestinadosAAssistenciaSocialMember" xlink:title="RecursosDestinadosAAssistenciaSocial"/>
    <link:definitionArc xlink:type="arc" xlink:arcrole="http://xbrl.org/int/dim/arcrole/domain-member" xlink:from="TotalDosRecursosVinculadosMember" xlink:to="RecursosDestinadosAAssistenciaSocialMember" xlink:title="definition: TotalDosRecursosVinculadosMember to RecursosDestinadosAAssistenciaSocialMember" order="6.0"/>
    <link:loc xlink:type="locator" xlink:href="../../../cor/dim/siconfi-dim_2019-12-31.xsd#siconfi-dim_RecursosDestinadosAoRPPSPlanoPrevidenciarioMember" xlink:label="RecursosDestinadosAoRPPSPlanoPrevidenciarioMember" xlink:title="RecursosDestinadosAoRPPSPlanoPrevidenciarioMember"/>
    <link:definitionArc xlink:type="arc" xlink:arcrole="http://xbrl.org/int/dim/arcrole/domain-member" xlink:from="TotalDosRecursosVinculadosMember" xlink:to="RecursosDestinadosAoRPPSPlanoPrevidenciarioMember" xlink:title="definition: TotalDosRecursosVinculadosMember to RecursosDestinadosAoRPPSPlanoPrevidenciarioMember" order="7.0"/>
    <link:loc xlink:type="locator" xlink:href="../../../cor/dim/siconfi-dim_2019-12-31.xsd#siconfi-dim_RecursosDestinadosAoRPPSPlanoFinanceiroMember" xlink:label="RecursosDestinadosAoRPPSPlanoFinanceiroMember" xlink:title="RecursosDestinadosAoRPPSPlanoFinanceiroMember"/>
    <link:definitionArc xlink:type="arc" xlink:arcrole="http://xbrl.org/int/dim/arcrole/domain-member" xlink:from="TotalDosRecursosVinculadosMember" xlink:to="RecursosDestinadosAoRPPSPlanoFinanceiroMember" xlink:title="definition: TotalDosRecursosVinculadosMember to RecursosDestinadosAoRPPSPlanoFinanceiroMember" order="8.0"/>
    <link:loc xlink:type="locator" xlink:href="../../../cor/dim/siconfi-dim_2019-12-31.xsd#siconfi-dim_RecursosDeOperacoesDeCreditoExcetoDestinadosAEducacaoEASaudeMember" xlink:label="RecursosDeOperacoesDeCreditoExcetoDestinadosAEducacaoEASaudeMember" xlink:title="RecursosDeOperacoesDeCreditoExcetoDestinadosAEducacaoEASaudeMember"/>
    <link:definitionArc xlink:type="arc" xlink:arcrole="http://xbrl.org/int/dim/arcrole/domain-member" xlink:from="TotalDosRecursosVinculadosMember" xlink:to="RecursosDeOperacoesDeCreditoExcetoDestinadosAEducacaoEASaudeMember" xlink:title="definition: TotalDosRecursosVinculadosMember to RecursosDeOperacoesDeCreditoExcetoDestinadosAEducacaoEASaudeMember" order="9.0"/>
    <link:loc xlink:type="locator" xlink:href="../../../cor/dim/siconfi-dim_2019-12-31.xsd#siconfi-dim_RecursosDeAlienacaoDeBensAtivosMember" xlink:label="RecursosDeAlienacaoDeBensAtivosMember" xlink:title="RecursosDeAlienacaoDeBensAtivosMember"/>
    <link:definitionArc xlink:type="arc" xlink:arcrole="http://xbrl.org/int/dim/arcrole/domain-member" xlink:from="TotalDosRecursosVinculadosMember" xlink:to="RecursosDeAlienacaoDeBensAtivosMember" xlink:title="definition: TotalDosRecursosVinculadosMember to RecursosDeAlienacaoDeBensAtivosMember" order="10.0"/>
    <link:loc xlink:type="locator" xlink:href="../../../cor/dim/siconfi-dim_2019-12-31.xsd#siconfi-dim_OutrasDestinacoesVinculadasDeRecursosMember" xlink:label="OutrasDestinacoesVinculadasDeRecursosMember" xlink:title="OutrasDestinacoesVinculadasDeRecursosMember"/>
    <link:definitionArc xlink:type="arc" xlink:arcrole="http://xbrl.org/int/dim/arcrole/domain-member" xlink:from="TotalDosRecursosVinculadosMember" xlink:to="OutrasDestinacoesVinculadasDeRecursosMember" xlink:title="definition: TotalDosRecursosVinculadosMember to OutrasDestinacoesVinculadasDeRecursosMember" order="11.0"/>
    <link:loc xlink:type="locator" xlink:href="../../../cor/dim/siconfi-dim_2019-12-31.xsd#siconfi-dim_TransferenciasDoFUNDEBMember" xlink:label="TransferenciasDoFUNDEBMember" xlink:title="TransferenciasDoFUNDEBMember"/>
    <link:definitionArc xlink:type="arc" xlink:arcrole="http://xbrl.org/int/dim/arcrole/domain-member" xlink:from="TotalDosRecursosVinculadosMember" xlink:to="TransferenciasDoFUNDEBMember" xlink:title="definition: TotalDosRecursosVinculadosMember to TransferenciasDoFUNDEBMember" order="2.0"/>
    <link:loc xlink:type="locator" xlink:href="../../../cor/dim/siconfi-dim_2019-12-31.xsd#siconfi-dim_TotalDosRecursosNaoVinculadosMember" xlink:label="TotalDosRecursosNaoVinculadosMember" xlink:title="TotalDosRecursosNaoVinculadosMember"/>
    <link:definitionArc xlink:type="arc" xlink:arcrole="http://xbrl.org/int/dim/arcrole/dimension-domain" xlink:from="IdentificacaoDosRecursosAxis" xlink:to="TotalDosRecursosNaoVinculadosMember" xlink:title="definition: IdentificacaoDosRecursosAxis to TotalDosRecursosNaoVinculadosMember" order="1.0"/>
    <link:loc xlink:type="locator" xlink:href="../../../cor/dim/siconfi-dim_2019-12-31.xsd#siconfi-dim_RecursosOrdinariosMember" xlink:label="RecursosOrdinariosMember" xlink:title="RecursosOrdinariosMember"/>
    <link:definitionArc xlink:type="arc" xlink:arcrole="http://xbrl.org/int/dim/arcrole/domain-member" xlink:from="TotalDosRecursosNaoVinculadosMember" xlink:to="RecursosOrdinariosMember" xlink:title="definition: TotalDosRecursosNaoVinculadosMember to RecursosOrdinariosMember" order="1.0"/>
    <link:loc xlink:type="locator" xlink:href="../../../cor/dim/siconfi-dim_2019-12-31.xsd#siconfi-dim_OutrosRecursosNaoVinculadosMember" xlink:label="OutrosRecursosNaoVinculadosMember" xlink:title="OutrosRecursosNaoVinculadosMember"/>
    <link:definitionArc xlink:type="arc" xlink:arcrole="http://xbrl.org/int/dim/arcrole/domain-member" xlink:from="TotalDosRecursosNaoVinculadosMember" xlink:to="OutrosRecursosNaoVinculadosMember" xlink:title="definition: TotalDosRecursosNaoVinculadosMember to OutrosRecursosNaoVinculadosMember" order="2.0"/>
    <link:loc xlink:type="locator" xlink:href="../../../cor/dim/siconfi-dim_2019-12-31.xsd#siconfi-dim_TotalDosRecursosMember" xlink:label="TotalDosRecursosMember" xlink:title="TotalDosRecursosMember"/>
    <link:definitionArc xlink:type="arc" xlink:arcrole="http://xbrl.org/int/dim/arcrole/dimension-domain" xlink:from="IdentificacaoDosRecursosAxis" xlink:to="TotalDosRecursosMember" xlink:title="definition: IdentificacaoDosRecursosAxis to TotalDosRecursosMember" order="3.0"/>
  </link:definitionLink>
</link:linkbase>
