<?xml version="1.0" encoding="UTF-8"?>
<!-- Generated by Fujitsu Interstage XWand B0196 -->
<link:linkbase xmlns:xsi="http://www.w3.org/2001/XMLSchema-instance" xsi:schemaLocation="http://www.xbrl.org/2003/linkbase http://www.xbrl.org/2003/xbrl-linkbase-2003-12-31.xsd http://xbrl.org/2008/generic http://www.xbrl.org/2008/generic-link.xsd http://xbrl.org/2008/formula http://www.xbrl.org/2008/formula.xsd http://xbrl.org/2008/label http://www.xbrl.org/2008/generic-label.xsd http://xbrl.org/2008/reference http://www.xbrl.org/2008/generic-reference.xsd http://xbrl.org/2008/assertion/consistency http://www.xbrl.org/2008/consistency-assertion.xsd http://xbrl.org/2008/assertion/existence http://www.xbrl.org/2008/existence-assertion.xsd http://xbrl.org/2008/assertion/value http://www.xbrl.org/2008/value-assertion.xsd http://xbrl.org/2008/filter/dimension http://www.xbrl.org/2008/dimension-filter.xsd http://xbrl.org/2008/filter/concept http://www.xbrl.org/2008/concept-filter.xsd http://xbrl.org/2010/message http://www.xbrl.org/2010/generic-message.xsd http://xbrl.org/2010/message/validation http://www.xbrl.org/2010/validation-message.xsd http://xbrl.org/2010/filter/aspect-cover http://www.xbrl.org/2010/aspect-cover-filter.xsd http://xbrl.org/2008/filter/boolean http://www.xbrl.org/2008/boolean-filter.xsd" xmlns:siconfi-rgf-anexo3uniao="http://fazenda.gov.br/siconfi/rep/rgf/anexo3uniao/siconfi-rgf-anexo3uniao_2019-12-31" xmlns:ca="http://xbrl.org/2008/assertion/consistency" xmlns:gen="http://xbrl.org/2008/generic" xmlns:fn="http://www.w3.org/2005/xpath-functions" xmlns:variable="http://xbrl.org/2008/variable" xmlns:xfi="http://www.xbrl.org/2008/function/instance" xmlns:cf="http://xbrl.org/2008/filter/concept" xmlns:xs="http://www.w3.org/2001/XMLSchema" xmlns:valm="http://xbrl.org/2010/message/validation" xmlns:link="http://www.xbrl.org/2003/linkbase" xmlns:ea="http://xbrl.org/2008/assertion/existence" xmlns:siconfi-cor="http://fazenda.gov.br/siconfi/cor/ic/siconfi-cor_2019-12-31" xmlns:asf="http://xbrl.org/2010/filter/aspect-cover" xmlns:df="http://xbrl.org/2008/filter/dimension" xmlns:xlink="http://www.w3.org/1999/xlink" xmlns:validation="http://xbrl.org/2008/validation" xmlns:siconfi-dim="http://fazenda.gov.br/siconfi/cor/dim/siconfi-dim_2019-12-31" xmlns:formula="http://xbrl.org/2008/formula" xmlns:msg="http://xbrl.org/2010/message" xmlns:va="http://xbrl.org/2008/assertion/value" xmlns:label="http://xbrl.org/2008/label" xmlns:bf="http://xbrl.org/2008/filter/boolean" xmlns:xbrli="http://www.xbrl.org/2003/instance">
  <link:roleRef roleURI="http://fazenda.gov.br/siconfi/rep/rgf/anexo3uniao/siconfi-rgf-anexo3-tabela3.2" xlink:type="simple" xlink:href="siconfi-rgf-anexo3uniao_2019-12-31.xsd#siconfi-rgf-anexo3-tabela3.2"/>
  <link:roleRef roleURI="http://www.xbrl.org/2008/role/link" xlink:type="simple" xlink:href="http://www.xbrl.org/2008/generic-link.xsd#standard-link-role"/>
  <link:roleRef roleURI="http://www.xbrl.org/2010/role/message" xlink:type="simple" xlink:href="http://www.xbrl.org/2010/generic-message.xsd#standard-message"/>
  <link:arcroleRef arcroleURI="http://xbrl.org/arcrole/2008/variable-filter" xlink:type="simple" xlink:href="http://www.xbrl.org/2008/variable.xsd#variable-filter"/>
  <link:arcroleRef arcroleURI="http://xbrl.org/arcrole/2008/variable-set" xlink:type="simple" xlink:href="http://www.xbrl.org/2008/variable.xsd#variable-set"/>
  <link:arcroleRef arcroleURI="http://xbrl.org/arcrole/2008/variable-set-precondition" xlink:type="simple" xlink:href="http://www.xbrl.org/2008/variable.xsd#variable-set-precondition"/>
  <link:arcroleRef arcroleURI="http://xbrl.org/arcrole/2010/assertion-unsatisfied-message" xlink:type="simple" xlink:href="http://www.xbrl.org/2010/validation-message.xsd#assertion-unsatisfied-message"/>
  <link:arcroleRef arcroleURI="http://xbrl.org/arcrole/2008/boolean-filter" xlink:type="simple" xlink:href="http://www.xbrl.org/2008/boolean-filter.xsd#boolean-filter"/>
  <link:arcroleRef arcroleURI="http://xbrl.org/arcrole/2008/variable-set-filter" xlink:type="simple" xlink:href="http://www.xbrl.org/2008/variable.xsd#variable-set-filter"/>
  <link:arcroleRef arcroleURI="http://xbrl.org/arcrole/2008/assertion-set" xlink:type="simple" xlink:href="http://www.xbrl.org/2008/validation.xsd#assertion-set"/>
  <gen:link xlink:type="extended" xlink:role="http://fazenda.gov.br/siconfi/rep/rgf/anexo3uniao/siconfi-rgf-anexo3-tabela3.2">
    <va:valueAssertion xlink:type="resource" xlink:label="valueAssertion" xlink:title="valueAssertion" id="EP3001" test="round($PercentualDoTotalDasGarantiasSobreARCL * 100) div 100 = round($TotalGarantiasConcedidas div $ReceitaCorrenteLiquida * 10000) div 100" aspectModel="dimensional" implicitFiltering="true"/>
    <variable:factVariable xlink:type="resource" xlink:label="factVariable" xlink:title="factVariable" id="factVariable" bindAsSequence="false" fallbackValue="0"/>
    <variable:variableArc xlink:type="arc" xlink:arcrole="http://xbrl.org/arcrole/2008/variable-set" xlink:from="valueAssertion" xlink:to="factVariable" xlink:title="valueAssertion to factVariable" priority="0" order="1.0" name="TotalGarantiasConcedidas"/>
    <cf:conceptName xlink:type="resource" xlink:label="conceptName" xlink:title="conceptName" id="conceptName">
      <cf:concept>
        <cf:qname>siconfi-cor:TotalGarantiasConcedidas</cf:qname>
      </cf:concept>
    </cf:conceptName>
    <variable:variableFilterArc xlink:type="arc" xlink:arcrole="http://xbrl.org/arcrole/2008/variable-filter" xlink:from="factVariable" xlink:to="conceptName" xlink:title="factVariable to conceptName" priority="0" order="1.0" cover="true" complement="false"/>
    <variable:factVariable xlink:type="resource" xlink:label="factVariable_2" xlink:title="factVariable_2" id="factVariable_2" bindAsSequence="false" fallbackValue="0"/>
    <variable:variableArc xlink:type="arc" xlink:arcrole="http://xbrl.org/arcrole/2008/variable-set" xlink:from="valueAssertion" xlink:to="factVariable_2" xlink:title="valueAssertion to factVariable_2" priority="0" order="2.0" name="ReceitaCorrenteLiquida"/>
    <cf:conceptName xlink:type="resource" xlink:label="conceptName_6" xlink:title="conceptName_6" id="conceptName_6">
      <cf:concept>
        <cf:qname>siconfi-cor:RGF3ReceitaCorrenteLiquida</cf:qname>
      </cf:concept>
    </cf:conceptName>
    <variable:variableFilterArc xlink:type="arc" xlink:arcrole="http://xbrl.org/arcrole/2008/variable-filter" xlink:from="factVariable_2" xlink:to="conceptName_6" xlink:title="factVariable_2 to conceptName_6" priority="0" order="2.0" cover="true" complement="false"/>
    <variable:factVariable xlink:type="resource" xlink:label="factVariable_3" xlink:title="factVariable_3" id="factVariable_3" bindAsSequence="false" fallbackValue="0"/>
    <variable:variableArc xlink:type="arc" xlink:arcrole="http://xbrl.org/arcrole/2008/variable-set" xlink:from="valueAssertion" xlink:to="factVariable_3" xlink:title="valueAssertion to factVariable_3" priority="0" order="3.0" name="PercentualDoTotalDasGarantiasSobreARCL"/>
    <cf:conceptName xlink:type="resource" xlink:label="conceptName_3" xlink:title="conceptName_3" id="conceptName_3">
      <cf:concept>
        <cf:qname>siconfi-cor:PercentualDoTotalDasGarantiasSobreARCL</cf:qname>
      </cf:concept>
    </cf:conceptName>
    <variable:variableFilterArc xlink:type="arc" xlink:arcrole="http://xbrl.org/arcrole/2008/variable-filter" xlink:from="factVariable_3" xlink:to="conceptName_3" xlink:title="factVariable_3 to conceptName_3" priority="0" order="1.0" cover="true" complement="false"/>
    <variable:precondition xlink:type="resource" xlink:label="precondition" xlink:title="precondition" id="precondition" test=" $ReceitaCorrenteLiquida &gt; 0"/>
    <gen:arc xlink:type="arc" xlink:arcrole="http://xbrl.org/arcrole/2008/variable-set-precondition" xlink:from="valueAssertion" xlink:to="precondition" xlink:title="valueAssertion to precondition" priority="0" order="1.0"/>
    <va:valueAssertion xlink:type="resource" xlink:label="valueAssertion_3" xlink:title="valueAssertion_3" id="EL3001" test="round($LimiteDeAlerta * 100) div 100 = round(($LimiteDefinidoPorResolucaoDoSenadoFederal * 0.90) * 100) div 100" aspectModel="dimensional" implicitFiltering="true"/>
    <variable:factVariable xlink:type="resource" xlink:label="factVariable_5" xlink:title="factVariable_5" id="factVariable_5" bindAsSequence="false" fallbackValue="0"/>
    <variable:variableArc xlink:type="arc" xlink:arcrole="http://xbrl.org/arcrole/2008/variable-set" xlink:from="valueAssertion_3" xlink:to="factVariable_5" xlink:title="valueAssertion_3 to factVariable_5" priority="0" order="1.0" name="LimiteDeAlerta"/>
    <cf:conceptName xlink:type="resource" xlink:label="conceptName_5" xlink:title="conceptName_5" id="conceptName_5">
      <cf:concept>
        <cf:qname>siconfi-cor:LimiteDeAlerta</cf:qname>
      </cf:concept>
    </cf:conceptName>
    <variable:variableFilterArc xlink:type="arc" xlink:arcrole="http://xbrl.org/arcrole/2008/variable-filter" xlink:from="factVariable_5" xlink:to="conceptName_5" xlink:title="factVariable_5 to conceptName_5" priority="0" order="1.0" cover="true" complement="false"/>
    <variable:factVariable xlink:type="resource" xlink:label="factVariable_4" xlink:title="factVariable_4" id="factVariable_4" bindAsSequence="false" fallbackValue="0"/>
    <variable:variableArc xlink:type="arc" xlink:arcrole="http://xbrl.org/arcrole/2008/variable-set" xlink:from="valueAssertion_3" xlink:to="factVariable_4" xlink:title="valueAssertion_3 to factVariable_4" priority="0" order="2.0" name="LimiteDefinidoPorResolucaoDoSenadoFederal"/>
    <cf:conceptName xlink:type="resource" xlink:label="conceptName_4" xlink:title="conceptName_4" id="conceptName_4">
      <cf:concept>
        <cf:qname>siconfi-cor:LimiteDefinidoPorResolucaoDoSenadoFederal</cf:qname>
      </cf:concept>
    </cf:conceptName>
    <variable:variableFilterArc xlink:type="arc" xlink:arcrole="http://xbrl.org/arcrole/2008/variable-filter" xlink:from="factVariable_4" xlink:to="conceptName_4" xlink:title="factVariable_4 to conceptName_4" priority="0" order="1.0" cover="true" complement="false"/>
    <bf:orFilter xlink:type="resource" xlink:label="orFilter" xlink:title="orFilter" id="orFilter"/>
    <variable:variableSetFilterArc xlink:type="arc" xlink:arcrole="http://xbrl.org/arcrole/2008/variable-set-filter" xlink:from="valueAssertion_3" xlink:to="orFilter" xlink:title="valueAssertion_3 to orFilter" priority="0" order="1.0" complement="false"/>
    <df:explicitDimension xlink:type="resource" xlink:label="explicitDimension" xlink:title="explicitDimension" id="explicitDimension">
      <df:dimension>
        <df:qname>siconfi-dim:ComparativoSaldoGarantiaAxis</df:qname>
      </df:dimension>
      <df:member>
        <df:qname>siconfi-dim:SaldoExercicioAnteriorMember</df:qname>
      </df:member>
    </df:explicitDimension>
    <variable:variableFilterArc xlink:type="arc" xlink:arcrole="http://xbrl.org/arcrole/2008/boolean-filter" xlink:from="orFilter" xlink:to="explicitDimension" xlink:title="orFilter to explicitDimension" priority="0" order="1.0" cover="true" complement="false"/>
    <df:explicitDimension xlink:type="resource" xlink:label="explicitDimension_2" xlink:title="explicitDimension_2" id="explicitDimension_2">
      <df:dimension>
        <df:qname>siconfi-dim:ComparativoSaldoGarantiaAxis</df:qname>
      </df:dimension>
      <df:member>
        <df:qname>siconfi-dim:SaldoExercicioAtePrimeiroQuadrimestreMember</df:qname>
      </df:member>
    </df:explicitDimension>
    <variable:variableFilterArc xlink:type="arc" xlink:arcrole="http://xbrl.org/arcrole/2008/boolean-filter" xlink:from="orFilter" xlink:to="explicitDimension_2" xlink:title="orFilter to explicitDimension_2" priority="0" order="2.0" cover="true" complement="false"/>
    <df:explicitDimension xlink:type="resource" xlink:label="explicitDimension_3" xlink:title="explicitDimension_3" id="explicitDimension_3">
      <df:dimension>
        <df:qname>siconfi-dim:ComparativoSaldoGarantiaAxis</df:qname>
      </df:dimension>
      <df:member>
        <df:qname>siconfi-dim:SaldoExercicioAteSegundoQuadrimestreMember</df:qname>
      </df:member>
    </df:explicitDimension>
    <variable:variableFilterArc xlink:type="arc" xlink:arcrole="http://xbrl.org/arcrole/2008/boolean-filter" xlink:from="orFilter" xlink:to="explicitDimension_3" xlink:title="orFilter to explicitDimension_3" priority="0" order="3.0" cover="true" complement="false"/>
    <df:explicitDimension xlink:type="resource" xlink:label="explicitDimension_4" xlink:title="explicitDimension_4" id="explicitDimension_4">
      <df:dimension>
        <df:qname>siconfi-dim:ComparativoSaldoGarantiaAxis</df:qname>
      </df:dimension>
      <df:member>
        <df:qname>siconfi-dim:SaldoExercicioAteTerceiroQuadrimestreMember</df:qname>
      </df:member>
    </df:explicitDimension>
    <variable:variableFilterArc xlink:type="arc" xlink:arcrole="http://xbrl.org/arcrole/2008/boolean-filter" xlink:from="orFilter" xlink:to="explicitDimension_4" xlink:title="orFilter to explicitDimension_4" priority="0" order="4.0" cover="true" complement="false"/>
    <variable:factVariable xlink:type="resource" xlink:label="factVariable_7" xlink:title="factVariable_7" id="factVariable_7" bindAsSequence="false" fallbackValue="0"/>
    <cf:conceptName xlink:type="resource" xlink:label="conceptName_8" xlink:title="conceptName_8" id="conceptName_8">
      <cf:concept>
        <cf:qname>siconfi-cor:GarantiasExternasAvalOuFiancaEmOperacoesDeCredito</cf:qname>
      </cf:concept>
    </cf:conceptName>
    <variable:variableFilterArc xlink:type="arc" xlink:arcrole="http://xbrl.org/arcrole/2008/variable-filter" xlink:from="factVariable_7" xlink:to="conceptName_8" xlink:title="factVariable_7 to conceptName_8" priority="0" order="1.0" cover="true" complement="false"/>
    <variable:factVariable xlink:type="resource" xlink:label="factVariable_8" xlink:title="factVariable_8" id="factVariable_8" bindAsSequence="false" fallbackValue="0"/>
    <cf:conceptName xlink:type="resource" xlink:label="conceptName_9" xlink:title="conceptName_9" id="conceptName_9">
      <cf:concept>
        <cf:qname>siconfi-cor:GarantiasExternasOutrasGarantiasNosTermosDaLRF</cf:qname>
      </cf:concept>
    </cf:conceptName>
    <variable:variableFilterArc xlink:type="arc" xlink:arcrole="http://xbrl.org/arcrole/2008/variable-filter" xlink:from="factVariable_8" xlink:to="conceptName_9" xlink:title="factVariable_8 to conceptName_9" priority="0" order="1.0" cover="true" complement="false"/>
    <variable:factVariable xlink:type="resource" xlink:label="factVariable_18" xlink:title="factVariable_18" id="factVariable_18" bindAsSequence="false" fallbackValue="0"/>
    <cf:conceptName xlink:type="resource" xlink:label="conceptName_19" xlink:title="conceptName_19" id="conceptName_19">
      <cf:concept>
        <cf:qname>siconfi-cor:TotalContragarantiasRecebidas</cf:qname>
      </cf:concept>
    </cf:conceptName>
    <variable:variableFilterArc xlink:type="arc" xlink:arcrole="http://xbrl.org/arcrole/2008/variable-filter" xlink:from="factVariable_18" xlink:to="conceptName_19" xlink:title="factVariable_18 to conceptName_19" priority="0" order="1.0" cover="true" complement="false"/>
    <variable:factVariable xlink:type="resource" xlink:label="factVariable_12" xlink:title="factVariable_12" id="factVariable_12" bindAsSequence="false" fallbackValue="0"/>
    <cf:conceptName xlink:type="resource" xlink:label="conceptName_13" xlink:title="conceptName_13" id="conceptName_13">
      <cf:concept>
        <cf:qname>siconfi-cor:ContragarantiasRecebidasExternas</cf:qname>
      </cf:concept>
    </cf:conceptName>
    <variable:variableFilterArc xlink:type="arc" xlink:arcrole="http://xbrl.org/arcrole/2008/variable-filter" xlink:from="factVariable_12" xlink:to="conceptName_13" xlink:title="factVariable_12 to conceptName_13" priority="0" order="1.0" cover="true" complement="false"/>
    <variable:factVariable xlink:type="resource" xlink:label="factVariable_13" xlink:title="factVariable_13" id="factVariable_13" bindAsSequence="false" fallbackValue="0"/>
    <cf:conceptName xlink:type="resource" xlink:label="conceptName_14" xlink:title="conceptName_14" id="conceptName_14">
      <cf:concept>
        <cf:qname>siconfi-cor:ContragarantiasExternasAvalOuFiancaEmOperacoesDeCredito</cf:qname>
      </cf:concept>
    </cf:conceptName>
    <variable:variableFilterArc xlink:type="arc" xlink:arcrole="http://xbrl.org/arcrole/2008/variable-filter" xlink:from="factVariable_13" xlink:to="conceptName_14" xlink:title="factVariable_13 to conceptName_14" priority="0" order="1.0" cover="true" complement="false"/>
    <variable:factVariable xlink:type="resource" xlink:label="factVariable_14" xlink:title="factVariable_14" id="factVariable_14" bindAsSequence="false" fallbackValue="0"/>
    <cf:conceptName xlink:type="resource" xlink:label="conceptName_15" xlink:title="conceptName_15" id="conceptName_15">
      <cf:concept>
        <cf:qname>siconfi-cor:ContragarantiasExternasOutrasGarantiasNosTermosDaLRF</cf:qname>
      </cf:concept>
    </cf:conceptName>
    <variable:variableFilterArc xlink:type="arc" xlink:arcrole="http://xbrl.org/arcrole/2008/variable-filter" xlink:from="factVariable_14" xlink:to="conceptName_15" xlink:title="factVariable_14 to conceptName_15" priority="0" order="1.0" cover="true" complement="false"/>
    <variable:factVariable xlink:type="resource" xlink:label="factVariable_15" xlink:title="factVariable_15" id="factVariable_15" bindAsSequence="false" fallbackValue="0"/>
    <cf:conceptName xlink:type="resource" xlink:label="conceptName_16" xlink:title="conceptName_16" id="conceptName_16">
      <cf:concept>
        <cf:qname>siconfi-cor:ContragarantiasRecebidasInternas</cf:qname>
      </cf:concept>
    </cf:conceptName>
    <variable:variableFilterArc xlink:type="arc" xlink:arcrole="http://xbrl.org/arcrole/2008/variable-filter" xlink:from="factVariable_15" xlink:to="conceptName_16" xlink:title="factVariable_15 to conceptName_16" priority="0" order="1.0" cover="true" complement="false"/>
    <variable:factVariable xlink:type="resource" xlink:label="factVariable_16" xlink:title="factVariable_16" id="factVariable_16" bindAsSequence="false" fallbackValue="0"/>
    <cf:conceptName xlink:type="resource" xlink:label="conceptName_17" xlink:title="conceptName_17" id="conceptName_17">
      <cf:concept>
        <cf:qname>siconfi-cor:ContragarantiasInternasAvalOuFiancaEmOperacoesDeCredito</cf:qname>
      </cf:concept>
    </cf:conceptName>
    <variable:variableFilterArc xlink:type="arc" xlink:arcrole="http://xbrl.org/arcrole/2008/variable-filter" xlink:from="factVariable_16" xlink:to="conceptName_17" xlink:title="factVariable_16 to conceptName_17" priority="0" order="1.0" cover="true" complement="false"/>
    <variable:factVariable xlink:type="resource" xlink:label="factVariable_17" xlink:title="factVariable_17" id="factVariable_17" bindAsSequence="false" fallbackValue="0"/>
    <cf:conceptName xlink:type="resource" xlink:label="conceptName_18" xlink:title="conceptName_18" id="conceptName_18">
      <cf:concept>
        <cf:qname>siconfi-cor:ContragarantiasInternasOutrasGarantiasNosTermosDaLRF</cf:qname>
      </cf:concept>
    </cf:conceptName>
    <variable:variableFilterArc xlink:type="arc" xlink:arcrole="http://xbrl.org/arcrole/2008/variable-filter" xlink:from="factVariable_17" xlink:to="conceptName_18" xlink:title="factVariable_17 to conceptName_18" priority="0" order="1.0" cover="true" complement="false"/>
    <variable:factVariable xlink:type="resource" xlink:label="factVariable_10" xlink:title="factVariable_10" id="factVariable_10" bindAsSequence="false" fallbackValue="0"/>
    <cf:conceptName xlink:type="resource" xlink:label="conceptName_11" xlink:title="conceptName_11" id="conceptName_11">
      <cf:concept>
        <cf:qname>siconfi-cor:GarantiasInternasAvalOuFiancaEmOperacoesDeCredito</cf:qname>
      </cf:concept>
    </cf:conceptName>
    <variable:variableFilterArc xlink:type="arc" xlink:arcrole="http://xbrl.org/arcrole/2008/variable-filter" xlink:from="factVariable_10" xlink:to="conceptName_11" xlink:title="factVariable_10 to conceptName_11" priority="0" order="1.0" cover="true" complement="false"/>
    <variable:factVariable xlink:type="resource" xlink:label="factVariable_11" xlink:title="factVariable_11" id="factVariable_11" bindAsSequence="false" fallbackValue="0"/>
    <cf:conceptName xlink:type="resource" xlink:label="conceptName_12" xlink:title="conceptName_12" id="conceptName_12">
      <cf:concept>
        <cf:qname>siconfi-cor:GarantiasInternasOutrasGarantiasNosTermosDaLRF</cf:qname>
      </cf:concept>
    </cf:conceptName>
    <variable:variableFilterArc xlink:type="arc" xlink:arcrole="http://xbrl.org/arcrole/2008/variable-filter" xlink:from="factVariable_11" xlink:to="conceptName_12" xlink:title="factVariable_11 to conceptName_12" priority="0" order="1.0" cover="true" complement="false"/>
    <variable:factVariable xlink:type="resource" xlink:label="factVariable_6" xlink:title="factVariable_6" id="factVariable_6" bindAsSequence="false" fallbackValue="0"/>
    <cf:conceptName xlink:type="resource" xlink:label="conceptName_7" xlink:title="conceptName_7" id="conceptName_7">
      <cf:concept>
        <cf:qname>siconfi-cor:GarantiasConcedidasExternas</cf:qname>
      </cf:concept>
    </cf:conceptName>
    <variable:variableFilterArc xlink:type="arc" xlink:arcrole="http://xbrl.org/arcrole/2008/variable-filter" xlink:from="factVariable_6" xlink:to="conceptName_7" xlink:title="factVariable_6 to conceptName_7" priority="0" order="1.0" cover="true" complement="false"/>
    <variable:factVariable xlink:type="resource" xlink:label="factVariable_9" xlink:title="factVariable_9" id="factVariable_9" bindAsSequence="false" fallbackValue="0"/>
    <cf:conceptName xlink:type="resource" xlink:label="conceptName_10" xlink:title="conceptName_10" id="conceptName_10">
      <cf:concept>
        <cf:qname>siconfi-cor:GarantiasConcedidasInternas</cf:qname>
      </cf:concept>
    </cf:conceptName>
    <variable:variableFilterArc xlink:type="arc" xlink:arcrole="http://xbrl.org/arcrole/2008/variable-filter" xlink:from="factVariable_9" xlink:to="conceptName_10" xlink:title="factVariable_9 to conceptName_10" priority="0" order="1.0" cover="true" complement="false"/>
    <validation:assertionSet xlink:type="resource" xlink:label="assertionSet" xlink:title="assertionSet" id="GarantiasConcedidasEContragarantiasRecebidas"/>
    <va:valueAssertion xlink:type="resource" xlink:label="valueAssertion_2" xlink:title="valueAssertion_2" id="ES3001" test=" $GarantiasConcedidasAosEstados = $GarantiasConcedidasAosEstadosEmOperacoesDeCreditoExternas + $GarantiasConcedidasAosEstadosEmOperacoesDeCreditoInternas " aspectModel="dimensional" implicitFiltering="true"/>
    <gen:arc xlink:type="arc" xlink:arcrole="http://xbrl.org/arcrole/2008/assertion-set" xlink:from="assertionSet" xlink:to="valueAssertion_2" xlink:title="assertionSet to valueAssertion_2" priority="0" order="1.0"/>
    <variable:factVariable xlink:type="resource" xlink:label="factVariable_19" xlink:title="factVariable_19" id="factVariable_19" bindAsSequence="false" fallbackValue="0"/>
    <variable:variableArc xlink:type="arc" xlink:arcrole="http://xbrl.org/arcrole/2008/variable-set" xlink:from="valueAssertion_2" xlink:to="factVariable_19" xlink:title="valueAssertion_2 to factVariable_19" priority="0" order="1.0" name="GarantiasConcedidasAosEstados"/>
    <cf:conceptName xlink:type="resource" xlink:label="conceptName_2" xlink:title="conceptName_2" id="conceptName_2">
      <cf:concept>
        <cf:qname>siconfi-cor:GarantiasConcedidasAosEstados</cf:qname>
      </cf:concept>
    </cf:conceptName>
    <variable:variableFilterArc xlink:type="arc" xlink:arcrole="http://xbrl.org/arcrole/2008/variable-filter" xlink:from="factVariable_19" xlink:to="conceptName_2" xlink:title="factVariable_19 to conceptName_2" priority="0" order="1.0" cover="true" complement="false"/>
    <variable:factVariable xlink:type="resource" xlink:label="factVariable_20" xlink:title="factVariable_20" id="factVariable_20" bindAsSequence="false" fallbackValue="0"/>
    <variable:variableArc xlink:type="arc" xlink:arcrole="http://xbrl.org/arcrole/2008/variable-set" xlink:from="valueAssertion_2" xlink:to="factVariable_20" xlink:title="valueAssertion_2 to factVariable_20" priority="0" order="2.0" name="GarantiasConcedidasAosEstadosEmOperacoesDeCreditoExternas"/>
    <cf:conceptName xlink:type="resource" xlink:label="conceptName_20" xlink:title="conceptName_20" id="conceptName_20">
      <cf:concept>
        <cf:qname>siconfi-cor:GarantiasConcedidasAosEstadosEmOperacoesDeCreditoExternas</cf:qname>
      </cf:concept>
    </cf:conceptName>
    <variable:variableFilterArc xlink:type="arc" xlink:arcrole="http://xbrl.org/arcrole/2008/variable-filter" xlink:from="factVariable_20" xlink:to="conceptName_20" xlink:title="factVariable_20 to conceptName_20" priority="0" order="1.0" cover="true" complement="false"/>
    <variable:factVariable xlink:type="resource" xlink:label="factVariable_21" xlink:title="factVariable_21" id="factVariable_21" bindAsSequence="false" fallbackValue="0"/>
    <variable:variableArc xlink:type="arc" xlink:arcrole="http://xbrl.org/arcrole/2008/variable-set" xlink:from="valueAssertion_2" xlink:to="factVariable_21" xlink:title="valueAssertion_2 to factVariable_21" priority="0" order="3.0" name="GarantiasConcedidasAosEstadosEmOperacoesDeCreditoInternas"/>
    <cf:conceptName xlink:type="resource" xlink:label="conceptName_21" xlink:title="conceptName_21" id="conceptName_21">
      <cf:concept>
        <cf:qname>siconfi-cor:GarantiasConcedidasAosEstadosEmOperacoesDeCreditoInternas</cf:qname>
      </cf:concept>
    </cf:conceptName>
    <variable:variableFilterArc xlink:type="arc" xlink:arcrole="http://xbrl.org/arcrole/2008/variable-filter" xlink:from="factVariable_21" xlink:to="conceptName_21" xlink:title="factVariable_21 to conceptName_21" priority="0" order="1.0" cover="true" complement="false"/>
    <va:valueAssertion xlink:type="resource" xlink:label="valueAssertion_4" xlink:title="valueAssertion_4" id="ES3002" test=" $GarantiasConcedidasAosMunicipios = $GarantiasConcedidasAosMunicipiosEmOperacoesDeCreditoExternas + $GarantiasConcedidasAosMunicipiosEmOperacoesDeCreditoInternas " aspectModel="dimensional" implicitFiltering="true"/>
    <gen:arc xlink:type="arc" xlink:arcrole="http://xbrl.org/arcrole/2008/assertion-set" xlink:from="assertionSet" xlink:to="valueAssertion_4" xlink:title="assertionSet to valueAssertion_4" priority="0" order="2.0"/>
    <variable:factVariable xlink:type="resource" xlink:label="factVariable_22" xlink:title="factVariable_22" id="factVariable_22" bindAsSequence="false" fallbackValue="0"/>
    <variable:variableArc xlink:type="arc" xlink:arcrole="http://xbrl.org/arcrole/2008/variable-set" xlink:from="valueAssertion_4" xlink:to="factVariable_22" xlink:title="valueAssertion_4 to factVariable_22" priority="0" order="1.0" name="GarantiasConcedidasAosMunicipios"/>
    <cf:conceptName xlink:type="resource" xlink:label="conceptName_22" xlink:title="conceptName_22" id="conceptName_22">
      <cf:concept>
        <cf:qname>siconfi-cor:GarantiasConcedidasAosMunicipios</cf:qname>
      </cf:concept>
    </cf:conceptName>
    <variable:variableFilterArc xlink:type="arc" xlink:arcrole="http://xbrl.org/arcrole/2008/variable-filter" xlink:from="factVariable_22" xlink:to="conceptName_22" xlink:title="factVariable_22 to conceptName_22" priority="0" order="1.0" cover="true" complement="false"/>
    <variable:factVariable xlink:type="resource" xlink:label="factVariable_23" xlink:title="factVariable_23" id="factVariable_23" bindAsSequence="false" fallbackValue="0"/>
    <variable:variableArc xlink:type="arc" xlink:arcrole="http://xbrl.org/arcrole/2008/variable-set" xlink:from="valueAssertion_4" xlink:to="factVariable_23" xlink:title="valueAssertion_4 to factVariable_23" priority="0" order="2.0" name="GarantiasConcedidasAosMunicipiosEmOperacoesDeCreditoExternas"/>
    <cf:conceptName xlink:type="resource" xlink:label="conceptName_23" xlink:title="conceptName_23" id="conceptName_23">
      <cf:concept>
        <cf:qname>siconfi-cor:GarantiasConcedidasAosMunicipiosEmOperacoesDeCreditoExternas</cf:qname>
      </cf:concept>
    </cf:conceptName>
    <variable:variableFilterArc xlink:type="arc" xlink:arcrole="http://xbrl.org/arcrole/2008/variable-filter" xlink:from="factVariable_23" xlink:to="conceptName_23" xlink:title="factVariable_23 to conceptName_23" priority="0" order="1.0" cover="true" complement="false"/>
    <variable:factVariable xlink:type="resource" xlink:label="factVariable_24" xlink:title="factVariable_24" id="factVariable_24" bindAsSequence="false" fallbackValue="0"/>
    <variable:variableArc xlink:type="arc" xlink:arcrole="http://xbrl.org/arcrole/2008/variable-set" xlink:from="valueAssertion_4" xlink:to="factVariable_24" xlink:title="valueAssertion_4 to factVariable_24" priority="0" order="3.0" name="GarantiasConcedidasAosMunicipiosEmOperacoesDeCreditoInternas"/>
    <cf:conceptName xlink:type="resource" xlink:label="conceptName_24" xlink:title="conceptName_24" id="conceptName_24">
      <cf:concept>
        <cf:qname>siconfi-cor:GarantiasConcedidasAosMunicipiosEmOperacoesDeCreditoInternas</cf:qname>
      </cf:concept>
    </cf:conceptName>
    <variable:variableFilterArc xlink:type="arc" xlink:arcrole="http://xbrl.org/arcrole/2008/variable-filter" xlink:from="factVariable_24" xlink:to="conceptName_24" xlink:title="factVariable_24 to conceptName_24" priority="0" order="1.0" cover="true" complement="false"/>
    <va:valueAssertion xlink:type="resource" xlink:label="valueAssertion_5" xlink:title="valueAssertion_5" id="ES3003" test=" $GarantiasConcedidasAsEntidadesControladas = $GarantiasConcedidasAsEntidadesControladasEmOperacoesDeCreditoExternas + $GarantiasConcedidasAsEntidadesControladasEmOperacoesDeCreditoInternas " aspectModel="dimensional" implicitFiltering="true"/>
    <gen:arc xlink:type="arc" xlink:arcrole="http://xbrl.org/arcrole/2008/assertion-set" xlink:from="assertionSet" xlink:to="valueAssertion_5" xlink:title="assertionSet to valueAssertion_5" priority="0" order="3.0"/>
    <variable:factVariable xlink:type="resource" xlink:label="factVariable_25" xlink:title="factVariable_25" id="factVariable_25" bindAsSequence="false" fallbackValue="0"/>
    <variable:variableArc xlink:type="arc" xlink:arcrole="http://xbrl.org/arcrole/2008/variable-set" xlink:from="valueAssertion_5" xlink:to="factVariable_25" xlink:title="valueAssertion_5 to factVariable_25" priority="0" order="1.0" name="GarantiasConcedidasAsEntidadesControladas"/>
    <cf:conceptName xlink:type="resource" xlink:label="conceptName_25" xlink:title="conceptName_25" id="conceptName_25">
      <cf:concept>
        <cf:qname>siconfi-cor:GarantiasConcedidasAsEntidadesControladas</cf:qname>
      </cf:concept>
    </cf:conceptName>
    <variable:variableFilterArc xlink:type="arc" xlink:arcrole="http://xbrl.org/arcrole/2008/variable-filter" xlink:from="factVariable_25" xlink:to="conceptName_25" xlink:title="factVariable_25 to conceptName_25" priority="0" order="1.0" cover="true" complement="false"/>
    <variable:factVariable xlink:type="resource" xlink:label="factVariable_26" xlink:title="factVariable_26" id="factVariable_26" bindAsSequence="false" fallbackValue="0"/>
    <variable:variableArc xlink:type="arc" xlink:arcrole="http://xbrl.org/arcrole/2008/variable-set" xlink:from="valueAssertion_5" xlink:to="factVariable_26" xlink:title="valueAssertion_5 to factVariable_26" priority="0" order="2.0" name="GarantiasConcedidasAsEntidadesControladasEmOperacoesDeCreditoExternas"/>
    <cf:conceptName xlink:type="resource" xlink:label="conceptName_26" xlink:title="conceptName_26" id="conceptName_26">
      <cf:concept>
        <cf:qname>siconfi-cor:GarantiasConcedidasAsEntidadesControladasEmOperacoesDeCreditoExternas</cf:qname>
      </cf:concept>
    </cf:conceptName>
    <variable:variableFilterArc xlink:type="arc" xlink:arcrole="http://xbrl.org/arcrole/2008/variable-filter" xlink:from="factVariable_26" xlink:to="conceptName_26" xlink:title="factVariable_26 to conceptName_26" priority="0" order="1.0" cover="true" complement="false"/>
    <variable:factVariable xlink:type="resource" xlink:label="factVariable_27" xlink:title="factVariable_27" id="factVariable_27" bindAsSequence="false" fallbackValue="0"/>
    <variable:variableArc xlink:type="arc" xlink:arcrole="http://xbrl.org/arcrole/2008/variable-set" xlink:from="valueAssertion_5" xlink:to="factVariable_27" xlink:title="valueAssertion_5 to factVariable_27" priority="0" order="3.0" name="GarantiasConcedidasAsEntidadesControladasEmOperacoesDeCreditoInternas"/>
    <cf:conceptName xlink:type="resource" xlink:label="conceptName_27" xlink:title="conceptName_27" id="conceptName_27">
      <cf:concept>
        <cf:qname>siconfi-cor:GarantiasConcedidasAsEntidadesControladasEmOperacoesDeCreditoInternas</cf:qname>
      </cf:concept>
    </cf:conceptName>
    <variable:variableFilterArc xlink:type="arc" xlink:arcrole="http://xbrl.org/arcrole/2008/variable-filter" xlink:from="factVariable_27" xlink:to="conceptName_27" xlink:title="factVariable_27 to conceptName_27" priority="0" order="1.0" cover="true" complement="false"/>
    <va:valueAssertion xlink:type="resource" xlink:label="valueAssertion_6" xlink:title="valueAssertion_6" id="ES3004" test=" $TotalGarantiasConcedidas = $GarantiasConcedidasAosEstados + $GarantiasConcedidasAosMunicipios + $GarantiasConcedidasAsEntidadesControladas + $GarantiasConcedidasPorMeioDeFundosEProgramas " aspectModel="dimensional" implicitFiltering="true"/>
    <gen:arc xlink:type="arc" xlink:arcrole="http://xbrl.org/arcrole/2008/assertion-set" xlink:from="assertionSet" xlink:to="valueAssertion_6" xlink:title="assertionSet to valueAssertion_6" priority="0" order="4.0"/>
    <variable:variableArc xlink:type="arc" xlink:arcrole="http://xbrl.org/arcrole/2008/variable-set" xlink:from="valueAssertion_6" xlink:to="factVariable" xlink:title="valueAssertion_6 to factVariable" priority="0" order="1.0" name="TotalGarantiasConcedidas"/>
    <variable:variableArc xlink:type="arc" xlink:arcrole="http://xbrl.org/arcrole/2008/variable-set" xlink:from="valueAssertion_6" xlink:to="factVariable_19" xlink:title="valueAssertion_6 to factVariable_19" priority="0" order="2.0" name="GarantiasConcedidasAosEstados"/>
    <variable:variableArc xlink:type="arc" xlink:arcrole="http://xbrl.org/arcrole/2008/variable-set" xlink:from="valueAssertion_6" xlink:to="factVariable_22" xlink:title="valueAssertion_6 to factVariable_22" priority="0" order="3.0" name="GarantiasConcedidasAosMunicipios"/>
    <variable:variableArc xlink:type="arc" xlink:arcrole="http://xbrl.org/arcrole/2008/variable-set" xlink:from="valueAssertion_6" xlink:to="factVariable_25" xlink:title="valueAssertion_6 to factVariable_25" priority="0" order="4.0" name="GarantiasConcedidasAsEntidadesControladas"/>
    <variable:factVariable xlink:type="resource" xlink:label="factVariable_28" xlink:title="factVariable_28" id="factVariable_28" bindAsSequence="false" fallbackValue="0"/>
    <variable:variableArc xlink:type="arc" xlink:arcrole="http://xbrl.org/arcrole/2008/variable-set" xlink:from="valueAssertion_6" xlink:to="factVariable_28" xlink:title="valueAssertion_6 to factVariable_28" priority="0" order="5.0" name="GarantiasConcedidasPorMeioDeFundosEProgramas"/>
    <cf:conceptName xlink:type="resource" xlink:label="conceptName_28" xlink:title="conceptName_28" id="conceptName_28">
      <cf:concept>
        <cf:qname>siconfi-cor:GarantiasConcedidasPorMeioDeFundosEProgramas</cf:qname>
      </cf:concept>
    </cf:conceptName>
    <variable:variableFilterArc xlink:type="arc" xlink:arcrole="http://xbrl.org/arcrole/2008/variable-filter" xlink:from="factVariable_28" xlink:to="conceptName_28" xlink:title="factVariable_28 to conceptName_28" priority="0" order="1.0" cover="true" complement="false"/>
    <va:valueAssertion xlink:type="resource" xlink:label="valueAssertion_7" xlink:title="valueAssertion_7" id="ES3005" test=" $ContragarantiasRecebidasDosEstados = $ContragarantiasRecebidasDosEstadosEmGarantiaAsOperacoesDeCreditoExternas + $ContragarantiasRecebidasDosEstadosEmGarantiaAsOperacoesDeCreditoInternas " aspectModel="dimensional" implicitFiltering="true"/>
    <gen:arc xlink:type="arc" xlink:arcrole="http://xbrl.org/arcrole/2008/assertion-set" xlink:from="assertionSet" xlink:to="valueAssertion_7" xlink:title="assertionSet to valueAssertion_7" priority="0" order="5.0"/>
    <variable:factVariable xlink:type="resource" xlink:label="factVariable_29" xlink:title="factVariable_29" id="factVariable_29" bindAsSequence="false" fallbackValue="0"/>
    <variable:variableArc xlink:type="arc" xlink:arcrole="http://xbrl.org/arcrole/2008/variable-set" xlink:from="valueAssertion_7" xlink:to="factVariable_29" xlink:title="valueAssertion_7 to factVariable_29" priority="0" order="1.0" name="ContragarantiasRecebidasDosEstados"/>
    <cf:conceptName xlink:type="resource" xlink:label="conceptName_29" xlink:title="conceptName_29" id="conceptName_29">
      <cf:concept>
        <cf:qname>siconfi-cor:ContragarantiasRecebidasDosEstados</cf:qname>
      </cf:concept>
    </cf:conceptName>
    <variable:variableFilterArc xlink:type="arc" xlink:arcrole="http://xbrl.org/arcrole/2008/variable-filter" xlink:from="factVariable_29" xlink:to="conceptName_29" xlink:title="factVariable_29 to conceptName_29" priority="0" order="1.0" cover="true" complement="false"/>
    <variable:factVariable xlink:type="resource" xlink:label="factVariable_30" xlink:title="factVariable_30" id="factVariable_30" bindAsSequence="false" fallbackValue="0"/>
    <variable:variableArc xlink:type="arc" xlink:arcrole="http://xbrl.org/arcrole/2008/variable-set" xlink:from="valueAssertion_7" xlink:to="factVariable_30" xlink:title="valueAssertion_7 to factVariable_30" priority="0" order="2.0" name="ContragarantiasRecebidasDosEstadosEmGarantiaAsOperacoesDeCreditoExternas"/>
    <cf:conceptName xlink:type="resource" xlink:label="conceptName_30" xlink:title="conceptName_30" id="conceptName_30">
      <cf:concept>
        <cf:qname>siconfi-cor:ContragarantiasRecebidasDosEstadosEmGarantiaAsOperacoesDeCreditoExternas</cf:qname>
      </cf:concept>
    </cf:conceptName>
    <variable:variableFilterArc xlink:type="arc" xlink:arcrole="http://xbrl.org/arcrole/2008/variable-filter" xlink:from="factVariable_30" xlink:to="conceptName_30" xlink:title="factVariable_30 to conceptName_30" priority="0" order="1.0" cover="true" complement="false"/>
    <variable:factVariable xlink:type="resource" xlink:label="factVariable_31" xlink:title="factVariable_31" id="factVariable_31" bindAsSequence="false" fallbackValue="0"/>
    <variable:variableArc xlink:type="arc" xlink:arcrole="http://xbrl.org/arcrole/2008/variable-set" xlink:from="valueAssertion_7" xlink:to="factVariable_31" xlink:title="valueAssertion_7 to factVariable_31" priority="0" order="3.0" name="ContragarantiasRecebidasDosEstadosEmGarantiaAsOperacoesDeCreditoInternas"/>
    <cf:conceptName xlink:type="resource" xlink:label="conceptName_31" xlink:title="conceptName_31" id="conceptName_31">
      <cf:concept>
        <cf:qname>siconfi-cor:ContragarantiasRecebidasDosEstadosEmGarantiaAsOperacoesDeCreditoInternas</cf:qname>
      </cf:concept>
    </cf:conceptName>
    <variable:variableFilterArc xlink:type="arc" xlink:arcrole="http://xbrl.org/arcrole/2008/variable-filter" xlink:from="factVariable_31" xlink:to="conceptName_31" xlink:title="factVariable_31 to conceptName_31" priority="0" order="1.0" cover="true" complement="false"/>
    <va:valueAssertion xlink:type="resource" xlink:label="valueAssertion_8" xlink:title="valueAssertion_8" id="ES3006" test=" $ContragarantiasRecebidasDosMunicipios = $ContragarantiasRecebidasDosMunicipiosEmGarantiaAsOperacoesDeCreditoExternas + $ContragarantiasRecebidasDosMunicipiosEmGarantiaAsOperacoesDeCreditoInternas " aspectModel="dimensional" implicitFiltering="true"/>
    <gen:arc xlink:type="arc" xlink:arcrole="http://xbrl.org/arcrole/2008/assertion-set" xlink:from="assertionSet" xlink:to="valueAssertion_8" xlink:title="assertionSet to valueAssertion_8" priority="0" order="6.0"/>
    <variable:factVariable xlink:type="resource" xlink:label="factVariable_32" xlink:title="factVariable_32" id="factVariable_32" bindAsSequence="false" fallbackValue="0"/>
    <variable:variableArc xlink:type="arc" xlink:arcrole="http://xbrl.org/arcrole/2008/variable-set" xlink:from="valueAssertion_8" xlink:to="factVariable_32" xlink:title="valueAssertion_8 to factVariable_32" priority="0" order="1.0" name="ContragarantiasRecebidasDosMunicipios"/>
    <cf:conceptName xlink:type="resource" xlink:label="conceptName_32" xlink:title="conceptName_32" id="conceptName_32">
      <cf:concept>
        <cf:qname>siconfi-cor:ContragarantiasRecebidasDosMunicipios</cf:qname>
      </cf:concept>
    </cf:conceptName>
    <variable:variableFilterArc xlink:type="arc" xlink:arcrole="http://xbrl.org/arcrole/2008/variable-filter" xlink:from="factVariable_32" xlink:to="conceptName_32" xlink:title="factVariable_32 to conceptName_32" priority="0" order="1.0" cover="true" complement="false"/>
    <variable:factVariable xlink:type="resource" xlink:label="factVariable_33" xlink:title="factVariable_33" id="factVariable_33" bindAsSequence="false" fallbackValue="0"/>
    <variable:variableArc xlink:type="arc" xlink:arcrole="http://xbrl.org/arcrole/2008/variable-set" xlink:from="valueAssertion_8" xlink:to="factVariable_33" xlink:title="valueAssertion_8 to factVariable_33" priority="0" order="2.0" name="ContragarantiasRecebidasDosMunicipiosEmGarantiaAsOperacoesDeCreditoExternas"/>
    <cf:conceptName xlink:type="resource" xlink:label="conceptName_33" xlink:title="conceptName_33" id="conceptName_33">
      <cf:concept>
        <cf:qname>siconfi-cor:ContragarantiasRecebidasDosMunicipiosEmGarantiaAsOperacoesDeCreditoExternas</cf:qname>
      </cf:concept>
    </cf:conceptName>
    <variable:variableFilterArc xlink:type="arc" xlink:arcrole="http://xbrl.org/arcrole/2008/variable-filter" xlink:from="factVariable_33" xlink:to="conceptName_33" xlink:title="factVariable_33 to conceptName_33" priority="0" order="1.0" cover="true" complement="false"/>
    <variable:factVariable xlink:type="resource" xlink:label="factVariable_34" xlink:title="factVariable_34" id="factVariable_34" bindAsSequence="false" fallbackValue="0"/>
    <variable:variableArc xlink:type="arc" xlink:arcrole="http://xbrl.org/arcrole/2008/variable-set" xlink:from="valueAssertion_8" xlink:to="factVariable_34" xlink:title="valueAssertion_8 to factVariable_34" priority="0" order="3.0" name="ContragarantiasRecebidasDosMunicipiosEmGarantiaAsOperacoesDeCreditoInternas"/>
    <cf:conceptName xlink:type="resource" xlink:label="conceptName_34" xlink:title="conceptName_34" id="conceptName_34">
      <cf:concept>
        <cf:qname>siconfi-cor:ContragarantiasRecebidasDosMunicipiosEmGarantiaAsOperacoesDeCreditoInternas</cf:qname>
      </cf:concept>
    </cf:conceptName>
    <variable:variableFilterArc xlink:type="arc" xlink:arcrole="http://xbrl.org/arcrole/2008/variable-filter" xlink:from="factVariable_34" xlink:to="conceptName_34" xlink:title="factVariable_34 to conceptName_34" priority="0" order="1.0" cover="true" complement="false"/>
    <va:valueAssertion xlink:type="resource" xlink:label="valueAssertion_9" xlink:title="valueAssertion_9" id="ES3007" test=" $ContragarantiasRecebidasDasEntidadesControladas = $ContragarantiasRecebidasDasEntidadesControladasEmGarantiaAsOperacoesDeCreditoExternas + $ContragarantiasRecebidasDasEntidadesControladasEmGarantiaAsOperacoesDeCreditoInternas " aspectModel="dimensional" implicitFiltering="true"/>
    <gen:arc xlink:type="arc" xlink:arcrole="http://xbrl.org/arcrole/2008/assertion-set" xlink:from="assertionSet" xlink:to="valueAssertion_9" xlink:title="assertionSet to valueAssertion_9" priority="0" order="7.0"/>
    <variable:factVariable xlink:type="resource" xlink:label="factVariable_35" xlink:title="factVariable_35" id="factVariable_35" bindAsSequence="false" fallbackValue="0"/>
    <variable:variableArc xlink:type="arc" xlink:arcrole="http://xbrl.org/arcrole/2008/variable-set" xlink:from="valueAssertion_9" xlink:to="factVariable_35" xlink:title="valueAssertion_9 to factVariable_35" priority="0" order="1.0" name="ContragarantiasRecebidasDasEntidadesControladas"/>
    <cf:conceptName xlink:type="resource" xlink:label="conceptName_35" xlink:title="conceptName_35" id="conceptName_35">
      <cf:concept>
        <cf:qname>siconfi-cor:ContragarantiasRecebidasDasEntidadesControladas</cf:qname>
      </cf:concept>
    </cf:conceptName>
    <variable:variableFilterArc xlink:type="arc" xlink:arcrole="http://xbrl.org/arcrole/2008/variable-filter" xlink:from="factVariable_35" xlink:to="conceptName_35" xlink:title="factVariable_35 to conceptName_35" priority="0" order="1.0" cover="true" complement="false"/>
    <variable:factVariable xlink:type="resource" xlink:label="factVariable_36" xlink:title="factVariable_36" id="factVariable_36" bindAsSequence="false" fallbackValue="0"/>
    <variable:variableArc xlink:type="arc" xlink:arcrole="http://xbrl.org/arcrole/2008/variable-set" xlink:from="valueAssertion_9" xlink:to="factVariable_36" xlink:title="valueAssertion_9 to factVariable_36" priority="0" order="2.0" name="ContragarantiasRecebidasDasEntidadesControladasEmGarantiaAsOperacoesDeCreditoExternas"/>
    <cf:conceptName xlink:type="resource" xlink:label="conceptName_36" xlink:title="conceptName_36" id="conceptName_36">
      <cf:concept>
        <cf:qname>siconfi-cor:ContragarantiasRecebidasDasEntidadesControladasEmGarantiaAsOperacoesDeCreditoExternas</cf:qname>
      </cf:concept>
    </cf:conceptName>
    <variable:variableFilterArc xlink:type="arc" xlink:arcrole="http://xbrl.org/arcrole/2008/variable-filter" xlink:from="factVariable_36" xlink:to="conceptName_36" xlink:title="factVariable_36 to conceptName_36" priority="0" order="1.0" cover="true" complement="false"/>
    <variable:factVariable xlink:type="resource" xlink:label="factVariable_37" xlink:title="factVariable_37" id="factVariable_37" bindAsSequence="false" fallbackValue="0"/>
    <variable:variableArc xlink:type="arc" xlink:arcrole="http://xbrl.org/arcrole/2008/variable-set" xlink:from="valueAssertion_9" xlink:to="factVariable_37" xlink:title="valueAssertion_9 to factVariable_37" priority="0" order="3.0" name="ContragarantiasRecebidasDasEntidadesControladasEmGarantiaAsOperacoesDeCreditoInternas"/>
    <cf:conceptName xlink:type="resource" xlink:label="conceptName_37" xlink:title="conceptName_37" id="conceptName_37">
      <cf:concept>
        <cf:qname>siconfi-cor:ContragarantiasRecebidasDasEntidadesControladasEmGarantiaAsOperacoesDeCreditoInternas</cf:qname>
      </cf:concept>
    </cf:conceptName>
    <variable:variableFilterArc xlink:type="arc" xlink:arcrole="http://xbrl.org/arcrole/2008/variable-filter" xlink:from="factVariable_37" xlink:to="conceptName_37" xlink:title="factVariable_37 to conceptName_37" priority="0" order="1.0" cover="true" complement="false"/>
    <va:valueAssertion xlink:type="resource" xlink:label="valueAssertion_10" xlink:title="valueAssertion_10" id="ES3008" test=" $TotalContragarantiasRecebidas = $ContragarantiasRecebidasDosEstados + $ContragarantiasRecebidasDosMunicipios + $ContragarantiasRecebidasDasEntidadesControladas + $ContragarantiasRecebidasEmGarantiasPorMeioDeFundosEProgramas " aspectModel="dimensional" implicitFiltering="true"/>
    <gen:arc xlink:type="arc" xlink:arcrole="http://xbrl.org/arcrole/2008/assertion-set" xlink:from="assertionSet" xlink:to="valueAssertion_10" xlink:title="assertionSet to valueAssertion_10" priority="0" order="8.0"/>
    <variable:factVariable xlink:type="resource" xlink:label="factVariable_38" xlink:title="factVariable_38" id="factVariable_38" bindAsSequence="false" fallbackValue="0"/>
    <variable:variableArc xlink:type="arc" xlink:arcrole="http://xbrl.org/arcrole/2008/variable-set" xlink:from="valueAssertion_10" xlink:to="factVariable_38" xlink:title="valueAssertion_10 to factVariable_38" priority="0" order="1.0" name="TotalContragarantiasRecebidas"/>
    <variable:variableFilterArc xlink:type="arc" xlink:arcrole="http://xbrl.org/arcrole/2008/variable-filter" xlink:from="factVariable_38" xlink:to="conceptName_19" xlink:title="factVariable_38 to conceptName_19" priority="0" order="1.0" cover="true" complement="false"/>
    <variable:variableArc xlink:type="arc" xlink:arcrole="http://xbrl.org/arcrole/2008/variable-set" xlink:from="valueAssertion_10" xlink:to="factVariable_29" xlink:title="valueAssertion_10 to factVariable_29" priority="0" order="2.0" name="ContragarantiasRecebidasDosEstados"/>
    <variable:variableArc xlink:type="arc" xlink:arcrole="http://xbrl.org/arcrole/2008/variable-set" xlink:from="valueAssertion_10" xlink:to="factVariable_32" xlink:title="valueAssertion_10 to factVariable_32" priority="0" order="3.0" name="ContragarantiasRecebidasDosMunicipios"/>
    <variable:variableArc xlink:type="arc" xlink:arcrole="http://xbrl.org/arcrole/2008/variable-set" xlink:from="valueAssertion_10" xlink:to="factVariable_35" xlink:title="valueAssertion_10 to factVariable_35" priority="0" order="4.0" name="ContragarantiasRecebidasDasEntidadesControladas"/>
    <variable:factVariable xlink:type="resource" xlink:label="factVariable_39" xlink:title="factVariable_39" id="factVariable_39" bindAsSequence="false" fallbackValue="0"/>
    <variable:variableArc xlink:type="arc" xlink:arcrole="http://xbrl.org/arcrole/2008/variable-set" xlink:from="valueAssertion_10" xlink:to="factVariable_39" xlink:title="valueAssertion_10 to factVariable_39" priority="0" order="5.0" name="ContragarantiasRecebidasEmGarantiasPorMeioDeFundosEProgramas"/>
    <cf:conceptName xlink:type="resource" xlink:label="conceptName_38" xlink:title="conceptName_38" id="conceptName_38">
      <cf:concept>
        <cf:qname>siconfi-cor:ContragarantiasRecebidasEmGarantiasPorMeioDeFundosEProgramas</cf:qname>
      </cf:concept>
    </cf:conceptName>
    <variable:variableFilterArc xlink:type="arc" xlink:arcrole="http://xbrl.org/arcrole/2008/variable-filter" xlink:from="factVariable_39" xlink:to="conceptName_38" xlink:title="factVariable_39 to conceptName_38" priority="0" order="1.0" cover="true" complement="false"/>
    <formula:formula xlink:type="resource" xlink:label="formula" xlink:title="formula" id="FS3001" value=" $GarantiasConcedidasAosEstadosEmOperacoesDeCreditoExternas + $GarantiasConcedidasAosEstadosEmOperacoesDeCreditoInternas " aspectModel="dimensional" implicitFiltering="true" source="formula:uncovered">
      <formula:decimals>2</formula:decimals>
      <formula:aspects>
        <formula:concept>
          <formula:qname>siconfi-cor:GarantiasConcedidasAosEstados</formula:qname>
        </formula:concept>
      </formula:aspects>
    </formula:formula>
    <variable:variableArc xlink:type="arc" xlink:arcrole="http://xbrl.org/arcrole/2008/variable-set" xlink:from="formula" xlink:to="factVariable_20" xlink:title="formula to factVariable_20" priority="0" order="1.0" name="GarantiasConcedidasAosEstadosEmOperacoesDeCreditoExternas"/>
    <variable:variableArc xlink:type="arc" xlink:arcrole="http://xbrl.org/arcrole/2008/variable-set" xlink:from="formula" xlink:to="factVariable_21" xlink:title="formula to factVariable_21" priority="0" order="2.0" name="GarantiasConcedidasAosEstadosEmOperacoesDeCreditoInternas"/>
    <variable:variableSetFilterArc xlink:type="arc" xlink:arcrole="http://xbrl.org/arcrole/2008/variable-set-filter" xlink:from="formula" xlink:to="orFilter" xlink:title="formula to orFilter" priority="0" order="1.0" complement="false"/>
    <formula:formula xlink:type="resource" xlink:label="formula_2" xlink:title="formula_2" id="FS3002" value=" $GarantiasConcedidasAosMunicipiosEmOperacoesDeCreditoExternas + $GarantiasConcedidasAosMunicipiosEmOperacoesDeCreditoInternas " aspectModel="dimensional" implicitFiltering="true" source="formula:uncovered">
      <formula:decimals>2</formula:decimals>
      <formula:aspects>
        <formula:concept>
          <formula:qname>siconfi-cor:GarantiasConcedidasAosMunicipios</formula:qname>
        </formula:concept>
      </formula:aspects>
    </formula:formula>
    <variable:variableArc xlink:type="arc" xlink:arcrole="http://xbrl.org/arcrole/2008/variable-set" xlink:from="formula_2" xlink:to="factVariable_23" xlink:title="formula_2 to factVariable_23" priority="0" order="1.0" name="GarantiasConcedidasAosMunicipiosEmOperacoesDeCreditoExternas"/>
    <variable:variableArc xlink:type="arc" xlink:arcrole="http://xbrl.org/arcrole/2008/variable-set" xlink:from="formula_2" xlink:to="factVariable_24" xlink:title="formula_2 to factVariable_24" priority="0" order="2.0" name="GarantiasConcedidasAosMunicipiosEmOperacoesDeCreditoInternas"/>
    <variable:variableSetFilterArc xlink:type="arc" xlink:arcrole="http://xbrl.org/arcrole/2008/variable-set-filter" xlink:from="formula_2" xlink:to="orFilter" xlink:title="formula_2 to orFilter" priority="0" order="1.0" complement="false"/>
    <variable:precondition xlink:type="resource" xlink:label="precondition_2" xlink:title="precondition_2" id="precondition_2" test=" $GarantiasConcedidasAosMunicipiosEmOperacoesDeCreditoExternas + $GarantiasConcedidasAosMunicipiosEmOperacoesDeCreditoInternas "/>
    <gen:arc xlink:type="arc" xlink:arcrole="http://xbrl.org/arcrole/2008/variable-set-precondition" xlink:from="formula_2" xlink:to="precondition_2" xlink:title="formula_2 to precondition_2" priority="0" order="1.0"/>
    <formula:formula xlink:type="resource" xlink:label="formula_3" xlink:title="formula_3" id="FS3003" value=" $GarantiasConcedidasAsEntidadesControladasEmOperacoesDeCreditoExternas + $GarantiasConcedidasAsEntidadesControladasEmOperacoesDeCreditoInternas " aspectModel="dimensional" implicitFiltering="true" source="formula:uncovered">
      <formula:decimals>2</formula:decimals>
      <formula:aspects>
        <formula:concept>
          <formula:qname>siconfi-cor:GarantiasConcedidasAsEntidadesControladas</formula:qname>
        </formula:concept>
      </formula:aspects>
    </formula:formula>
    <variable:variableSetFilterArc xlink:type="arc" xlink:arcrole="http://xbrl.org/arcrole/2008/variable-set-filter" xlink:from="formula_3" xlink:to="orFilter" xlink:title="formula_3 to orFilter" priority="0" order="1.0" complement="false"/>
    <variable:variableArc xlink:type="arc" xlink:arcrole="http://xbrl.org/arcrole/2008/variable-set" xlink:from="formula_3" xlink:to="factVariable_26" xlink:title="formula_3 to factVariable_26" priority="0" order="1.0" name="GarantiasConcedidasAsEntidadesControladasEmOperacoesDeCreditoExternas"/>
    <variable:variableArc xlink:type="arc" xlink:arcrole="http://xbrl.org/arcrole/2008/variable-set" xlink:from="formula_3" xlink:to="factVariable_27" xlink:title="formula_3 to factVariable_27" priority="0" order="2.0" name="GarantiasConcedidasAsEntidadesControladasEmOperacoesDeCreditoInternas"/>
    <formula:formula xlink:type="resource" xlink:label="formula_4" xlink:title="formula_4" id="FS3004" value=" $GarantiasConcedidasAosEstadosEmOperacoesDeCreditoExternas + $GarantiasConcedidasAosEstadosEmOperacoesDeCreditoInternas + $GarantiasConcedidasAosMunicipiosEmOperacoesDeCreditoExternas + $GarantiasConcedidasAosMunicipiosEmOperacoesDeCreditoInternas + $GarantiasConcedidasAsEntidadesControladasEmOperacoesDeCreditoExternas + $GarantiasConcedidasAsEntidadesControladasEmOperacoesDeCreditoInternas + $GarantiasConcedidasPorMeioDeFundosEProgramas " aspectModel="dimensional" implicitFiltering="true" source="formula:uncovered">
      <formula:decimals>2</formula:decimals>
      <formula:aspects>
        <formula:concept>
          <formula:qname>siconfi-cor:TotalGarantiasConcedidas</formula:qname>
        </formula:concept>
      </formula:aspects>
    </formula:formula>
    <variable:variableSetFilterArc xlink:type="arc" xlink:arcrole="http://xbrl.org/arcrole/2008/variable-set-filter" xlink:from="formula_4" xlink:to="orFilter" xlink:title="formula_4 to orFilter" priority="0" order="1.0" complement="false"/>
    <variable:variableArc xlink:type="arc" xlink:arcrole="http://xbrl.org/arcrole/2008/variable-set" xlink:from="formula_4" xlink:to="factVariable_20" xlink:title="formula_4 to factVariable_20" priority="0" order="1.0" name="GarantiasConcedidasAosEstadosEmOperacoesDeCreditoExternas"/>
    <variable:variableArc xlink:type="arc" xlink:arcrole="http://xbrl.org/arcrole/2008/variable-set" xlink:from="formula_4" xlink:to="factVariable_21" xlink:title="formula_4 to factVariable_21" priority="0" order="2.0" name="GarantiasConcedidasAosEstadosEmOperacoesDeCreditoInternas"/>
    <variable:variableArc xlink:type="arc" xlink:arcrole="http://xbrl.org/arcrole/2008/variable-set" xlink:from="formula_4" xlink:to="factVariable_23" xlink:title="formula_4 to factVariable_23" priority="0" order="3.0" name="GarantiasConcedidasAosMunicipiosEmOperacoesDeCreditoExternas"/>
    <variable:variableArc xlink:type="arc" xlink:arcrole="http://xbrl.org/arcrole/2008/variable-set" xlink:from="formula_4" xlink:to="factVariable_24" xlink:title="formula_4 to factVariable_24" priority="0" order="4.0" name="GarantiasConcedidasAosMunicipiosEmOperacoesDeCreditoInternas"/>
    <variable:variableArc xlink:type="arc" xlink:arcrole="http://xbrl.org/arcrole/2008/variable-set" xlink:from="formula_4" xlink:to="factVariable_26" xlink:title="formula_4 to factVariable_26" priority="0" order="5.0" name="GarantiasConcedidasAsEntidadesControladasEmOperacoesDeCreditoExternas"/>
    <variable:variableArc xlink:type="arc" xlink:arcrole="http://xbrl.org/arcrole/2008/variable-set" xlink:from="formula_4" xlink:to="factVariable_27" xlink:title="formula_4 to factVariable_27" priority="0" order="6.0" name="GarantiasConcedidasAsEntidadesControladasEmOperacoesDeCreditoInternas"/>
    <variable:variableArc xlink:type="arc" xlink:arcrole="http://xbrl.org/arcrole/2008/variable-set" xlink:from="formula_4" xlink:to="factVariable_28" xlink:title="formula_4 to factVariable_28" priority="0" order="7.0" name="GarantiasConcedidasPorMeioDeFundosEProgramas"/>
    <formula:formula xlink:type="resource" xlink:label="formula_5" xlink:title="formula_5" id="FS3005" value=" $ContragarantiasRecebidasDosEstadosEmGarantiaAsOperacoesDeCreditoExternas + $ContragarantiasRecebidasDosEstadosEmGarantiaAsOperacoesDeCreditoInternas " aspectModel="dimensional" implicitFiltering="true" source="formula:uncovered">
      <formula:decimals>2</formula:decimals>
      <formula:aspects>
        <formula:concept>
          <formula:qname>siconfi-cor:ContragarantiasRecebidasDosEstados</formula:qname>
        </formula:concept>
      </formula:aspects>
    </formula:formula>
    <variable:variableSetFilterArc xlink:type="arc" xlink:arcrole="http://xbrl.org/arcrole/2008/variable-set-filter" xlink:from="formula_5" xlink:to="orFilter" xlink:title="formula_5 to orFilter" priority="0" order="1.0" complement="false"/>
    <variable:variableArc xlink:type="arc" xlink:arcrole="http://xbrl.org/arcrole/2008/variable-set" xlink:from="formula_5" xlink:to="factVariable_30" xlink:title="formula_5 to factVariable_30" priority="0" order="1.0" name="ContragarantiasRecebidasDosEstadosEmGarantiaAsOperacoesDeCreditoExternas"/>
    <variable:variableArc xlink:type="arc" xlink:arcrole="http://xbrl.org/arcrole/2008/variable-set" xlink:from="formula_5" xlink:to="factVariable_31" xlink:title="formula_5 to factVariable_31" priority="0" order="2.0" name="ContragarantiasRecebidasDosEstadosEmGarantiaAsOperacoesDeCreditoInternas"/>
    <formula:formula xlink:type="resource" xlink:label="formula_6" xlink:title="formula_6" id="FS3006" value=" $ContragarantiasRecebidasDosMunicipiosEmGarantiaAsOperacoesDeCreditoExternas + $ContragarantiasRecebidasDosMunicipiosEmGarantiaAsOperacoesDeCreditoInternas " aspectModel="dimensional" implicitFiltering="true" source="formula:uncovered">
      <formula:decimals>2</formula:decimals>
      <formula:aspects>
        <formula:concept>
          <formula:qname>siconfi-cor:ContragarantiasRecebidasDosMunicipios</formula:qname>
        </formula:concept>
      </formula:aspects>
    </formula:formula>
    <variable:variableSetFilterArc xlink:type="arc" xlink:arcrole="http://xbrl.org/arcrole/2008/variable-set-filter" xlink:from="formula_6" xlink:to="orFilter" xlink:title="formula_6 to orFilter" priority="0" order="1.0" complement="false"/>
    <variable:variableArc xlink:type="arc" xlink:arcrole="http://xbrl.org/arcrole/2008/variable-set" xlink:from="formula_6" xlink:to="factVariable_33" xlink:title="formula_6 to factVariable_33" priority="0" order="1.0" name="ContragarantiasRecebidasDosMunicipiosEmGarantiaAsOperacoesDeCreditoExternas"/>
    <variable:variableArc xlink:type="arc" xlink:arcrole="http://xbrl.org/arcrole/2008/variable-set" xlink:from="formula_6" xlink:to="factVariable_34" xlink:title="formula_6 to factVariable_34" priority="0" order="2.0" name="ContragarantiasRecebidasDosMunicipiosEmGarantiaAsOperacoesDeCreditoInternas"/>
    <formula:formula xlink:type="resource" xlink:label="formula_7" xlink:title="formula_7" id="FS3007" value=" $ContragarantiasRecebidasDasEntidadesControladasEmGarantiaAsOperacoesDeCreditoExternas + $ContragarantiasRecebidasDasEntidadesControladasEmGarantiaAsOperacoesDeCreditoInternas " aspectModel="dimensional" implicitFiltering="true" source="formula:uncovered">
      <formula:decimals>2</formula:decimals>
      <formula:aspects>
        <formula:concept>
          <formula:qname>siconfi-cor:ContragarantiasRecebidasDasEntidadesControladas</formula:qname>
        </formula:concept>
      </formula:aspects>
    </formula:formula>
    <variable:variableSetFilterArc xlink:type="arc" xlink:arcrole="http://xbrl.org/arcrole/2008/variable-set-filter" xlink:from="formula_7" xlink:to="orFilter" xlink:title="formula_7 to orFilter" priority="0" order="1.0" complement="false"/>
    <variable:variableArc xlink:type="arc" xlink:arcrole="http://xbrl.org/arcrole/2008/variable-set" xlink:from="formula_7" xlink:to="factVariable_36" xlink:title="formula_7 to factVariable_36" priority="0" order="1.0" name="ContragarantiasRecebidasDasEntidadesControladasEmGarantiaAsOperacoesDeCreditoExternas"/>
    <variable:variableArc xlink:type="arc" xlink:arcrole="http://xbrl.org/arcrole/2008/variable-set" xlink:from="formula_7" xlink:to="factVariable_37" xlink:title="formula_7 to factVariable_37" priority="0" order="2.0" name="ContragarantiasRecebidasDasEntidadesControladasEmGarantiaAsOperacoesDeCreditoInternas"/>
    <formula:formula xlink:type="resource" xlink:label="formula_8" xlink:title="formula_8" id="FS3008" value=" $ContragarantiasRecebidasDosEstadosEmGarantiaAsOperacoesDeCreditoExternas + $ContragarantiasRecebidasDosEstadosEmGarantiaAsOperacoesDeCreditoInternas + $ContragarantiasRecebidasDosMunicipiosEmGarantiaAsOperacoesDeCreditoExternas + $ContragarantiasRecebidasDosMunicipiosEmGarantiaAsOperacoesDeCreditoInternas + $ContragarantiasRecebidasDasEntidadesControladasEmGarantiaAsOperacoesDeCreditoExternas + $ContragarantiasRecebidasDasEntidadesControladasEmGarantiaAsOperacoesDeCreditoInternas + $ContragarantiasRecebidasEmGarantiasPorMeioDeFundosEProgramas " aspectModel="dimensional" implicitFiltering="true" source="formula:uncovered">
      <formula:decimals>2</formula:decimals>
      <formula:aspects>
        <formula:concept>
          <formula:qname>siconfi-cor:TotalContragarantiasRecebidas</formula:qname>
        </formula:concept>
      </formula:aspects>
    </formula:formula>
    <variable:variableSetFilterArc xlink:type="arc" xlink:arcrole="http://xbrl.org/arcrole/2008/variable-set-filter" xlink:from="formula_8" xlink:to="orFilter" xlink:title="formula_8 to orFilter" priority="0" order="1.0" complement="false"/>
    <variable:variableArc xlink:type="arc" xlink:arcrole="http://xbrl.org/arcrole/2008/variable-set" xlink:from="formula_8" xlink:to="factVariable_30" xlink:title="formula_8 to factVariable_30" priority="0" order="1.0" name="ContragarantiasRecebidasDosEstadosEmGarantiaAsOperacoesDeCreditoExternas"/>
    <variable:variableArc xlink:type="arc" xlink:arcrole="http://xbrl.org/arcrole/2008/variable-set" xlink:from="formula_8" xlink:to="factVariable_31" xlink:title="formula_8 to factVariable_31" priority="0" order="2.0" name="ContragarantiasRecebidasDosEstadosEmGarantiaAsOperacoesDeCreditoInternas"/>
    <variable:variableArc xlink:type="arc" xlink:arcrole="http://xbrl.org/arcrole/2008/variable-set" xlink:from="formula_8" xlink:to="factVariable_33" xlink:title="formula_8 to factVariable_33" priority="0" order="3.0" name="ContragarantiasRecebidasDosMunicipiosEmGarantiaAsOperacoesDeCreditoExternas"/>
    <variable:variableArc xlink:type="arc" xlink:arcrole="http://xbrl.org/arcrole/2008/variable-set" xlink:from="formula_8" xlink:to="factVariable_34" xlink:title="formula_8 to factVariable_34" priority="0" order="4.0" name="ContragarantiasRecebidasDosMunicipiosEmGarantiaAsOperacoesDeCreditoInternas"/>
    <variable:variableArc xlink:type="arc" xlink:arcrole="http://xbrl.org/arcrole/2008/variable-set" xlink:from="formula_8" xlink:to="factVariable_36" xlink:title="formula_8 to factVariable_36" priority="0" order="5.0" name="ContragarantiasRecebidasDasEntidadesControladasEmGarantiaAsOperacoesDeCreditoExternas"/>
    <variable:variableArc xlink:type="arc" xlink:arcrole="http://xbrl.org/arcrole/2008/variable-set" xlink:from="formula_8" xlink:to="factVariable_37" xlink:title="formula_8 to factVariable_37" priority="0" order="6.0" name="ContragarantiasRecebidasDasEntidadesControladasEmGarantiaAsOperacoesDeCreditoInternas"/>
    <variable:variableArc xlink:type="arc" xlink:arcrole="http://xbrl.org/arcrole/2008/variable-set" xlink:from="formula_8" xlink:to="factVariable_39" xlink:title="formula_8 to factVariable_39" priority="0" order="7.0" name="ContragarantiasRecebidasEmGarantiasPorMeioDeFundosEProgramas"/>
    <formula:formula xlink:type="resource" xlink:label="formula_9" xlink:title="formula_9" id="FP3001" value=" round (( $v1 div $ReceitaCorrenteLiquida ) * 10000) div 100" aspectModel="dimensional" implicitFiltering="true" source="formula:uncovered">
      <formula:decimals>2</formula:decimals>
      <formula:aspects>
        <formula:concept>
          <formula:qname>siconfi-cor:PercentualDoTotalDasGarantiasSobreARCL</formula:qname>
        </formula:concept>
      </formula:aspects>
    </formula:formula>
    <variable:variableArc xlink:type="arc" xlink:arcrole="http://xbrl.org/arcrole/2008/variable-set" xlink:from="formula_9" xlink:to="factVariable_20" xlink:title="formula_9 to factVariable_20" priority="0" order="1.0" name="GarantiasConcedidasAosEstadosEmOperacoesDeCreditoExternas"/>
    <variable:variableArc xlink:type="arc" xlink:arcrole="http://xbrl.org/arcrole/2008/variable-set" xlink:from="formula_9" xlink:to="factVariable_21" xlink:title="formula_9 to factVariable_21" priority="0" order="2.0" name="GarantiasConcedidasAosEstadosEmOperacoesDeCreditoInternas"/>
    <variable:variableArc xlink:type="arc" xlink:arcrole="http://xbrl.org/arcrole/2008/variable-set" xlink:from="formula_9" xlink:to="factVariable_23" xlink:title="formula_9 to factVariable_23" priority="0" order="3.0" name="GarantiasConcedidasAosMunicipiosEmOperacoesDeCreditoExternas"/>
    <variable:variableArc xlink:type="arc" xlink:arcrole="http://xbrl.org/arcrole/2008/variable-set" xlink:from="formula_9" xlink:to="factVariable_24" xlink:title="formula_9 to factVariable_24" priority="0" order="4.0" name="GarantiasConcedidasAosMunicipiosEmOperacoesDeCreditoInternas"/>
    <variable:variableArc xlink:type="arc" xlink:arcrole="http://xbrl.org/arcrole/2008/variable-set" xlink:from="formula_9" xlink:to="factVariable_26" xlink:title="formula_9 to factVariable_26" priority="0" order="5.0" name="GarantiasConcedidasAsEntidadesControladasEmOperacoesDeCreditoExternas"/>
    <variable:variableArc xlink:type="arc" xlink:arcrole="http://xbrl.org/arcrole/2008/variable-set" xlink:from="formula_9" xlink:to="factVariable_27" xlink:title="formula_9 to factVariable_27" priority="0" order="6.0" name="GarantiasConcedidasAsEntidadesControladasEmOperacoesDeCreditoInternas"/>
    <variable:variableArc xlink:type="arc" xlink:arcrole="http://xbrl.org/arcrole/2008/variable-set" xlink:from="formula_9" xlink:to="factVariable_28" xlink:title="formula_9 to factVariable_28" priority="0" order="7.0" name="GarantiasConcedidasPorMeioDeFundosEProgramas"/>
    <variable:variableSetFilterArc xlink:type="arc" xlink:arcrole="http://xbrl.org/arcrole/2008/variable-set-filter" xlink:from="formula_9" xlink:to="orFilter" xlink:title="formula_9 to orFilter" priority="0" order="1.0" complement="false"/>
    <variable:generalVariable xlink:type="resource" xlink:label="generalVariable" xlink:title="generalVariable" id="generalVariable" select=" $GarantiasConcedidasAosEstadosEmOperacoesDeCreditoExternas + $GarantiasConcedidasAosEstadosEmOperacoesDeCreditoInternas + $GarantiasConcedidasAosMunicipiosEmOperacoesDeCreditoExternas + $GarantiasConcedidasAosMunicipiosEmOperacoesDeCreditoInternas + $GarantiasConcedidasAsEntidadesControladasEmOperacoesDeCreditoExternas + $GarantiasConcedidasAsEntidadesControladasEmOperacoesDeCreditoInternas + $GarantiasConcedidasPorMeioDeFundosEProgramas " bindAsSequence="false"/>
    <variable:variableArc xlink:type="arc" xlink:arcrole="http://xbrl.org/arcrole/2008/variable-set" xlink:from="formula_9" xlink:to="generalVariable" xlink:title="formula_9 to generalVariable" priority="0" order="8.0" name="v1"/>
    <variable:variableArc xlink:type="arc" xlink:arcrole="http://xbrl.org/arcrole/2008/variable-set" xlink:from="formula_9" xlink:to="factVariable_2" xlink:title="formula_9 to factVariable_2" priority="0" order="9.0" name="ReceitaCorrenteLiquida"/>
    <variable:precondition xlink:type="resource" xlink:label="precondition_3" xlink:title="precondition_3" id="precondition_3" test=" $ReceitaCorrenteLiquida &gt; 0"/>
    <gen:arc xlink:type="arc" xlink:arcrole="http://xbrl.org/arcrole/2008/variable-set-precondition" xlink:from="formula_9" xlink:to="precondition_3" xlink:title="formula_9 to precondition_3" priority="0" order="1.0"/>
  </gen:link>
  <gen:link xlink:type="extended" xlink:role="http://www.xbrl.org/2008/role/link">
    <link:loc xlink:type="locator" xlink:href="#EP3001" xlink:label="valueAssertion" xlink:title="valueAssertion"/>
    <msg:message xlink:type="resource" xlink:label="label" xlink:role="http://www.xbrl.org/2010/role/message" xlink:title="label" xml:lang="pt-br" id="label">[EP3001] - O valor informado no campo "% do TOTAL DAS GARANTIAS sobre a RCL (V/VI)" não corresponde ao quociente entre os campos "TOTAL GARANTIAS CONCEDIDAS (V) = (I + II + III + IV)" e "RECEITA CORRENTE LÍQUIDA - RCL (VI)".</msg:message>
    <gen:arc xlink:type="arc" xlink:arcrole="http://xbrl.org/arcrole/2010/assertion-unsatisfied-message" xlink:from="valueAssertion" xlink:to="label" xlink:title="valueAssertion to label" priority="0" order="1.0"/>
    <link:loc xlink:type="locator" xlink:href="#EL3001" xlink:label="valueAssertion_3" xlink:title="valueAssertion_3"/>
    <msg:message xlink:type="resource" xlink:label="label_2" xlink:role="http://www.xbrl.org/2010/role/message" xlink:title="label_2" xml:lang="pt-br" id="label_2">[EL3001] - O valor informado no campo "LIMITE DE ALERTA (inciso III § 1º do art. 59 da LRF)" não corresponde à 90% do valor informado no campo "LIMITE DEFINIDO POR RESOLUÇÃO DO SENADO FEDERAL" no Quadro "Garantias Concedidas e Contragarantias Recebidas".</msg:message>
    <gen:arc xlink:type="arc" xlink:arcrole="http://xbrl.org/arcrole/2010/assertion-unsatisfied-message" xlink:from="valueAssertion_3" xlink:to="label_2" xlink:title="valueAssertion_3 to label_2" priority="0" order="1.0"/>
    <link:loc xlink:type="locator" xlink:href="#ES3001" xlink:label="valueAssertion_2" xlink:title="valueAssertion_2"/>
    <msg:message xlink:type="resource" xlink:label="label_3" xlink:role="http://www.xbrl.org/2010/role/message" xlink:title="label_3" xml:lang="pt-br" id="label_3">[ES3001] - O valor informado no campo "AOS ESTADOS (I)" não corresponde ao somatório de "Em Operações de Crédito Externas" e "Em Operações de Crédito Internas" no Quadro "Garantias Concedidas" do Anexo 3.</msg:message>
    <gen:arc xlink:type="arc" xlink:arcrole="http://xbrl.org/arcrole/2010/assertion-unsatisfied-message" xlink:from="valueAssertion_2" xlink:to="label_3" xlink:title="valueAssertion_2 to label_3" priority="0" order="1.0"/>
    <link:loc xlink:type="locator" xlink:href="#ES3002" xlink:label="valueAssertion_4" xlink:title="valueAssertion_4"/>
    <msg:message xlink:type="resource" xlink:label="label_4" xlink:role="http://www.xbrl.org/2010/role/message" xlink:title="label_4" xml:lang="pt-br" id="label_4">[ES3002] - O valor informado no campo "AOS MUNICÍPIOS (II)" não corresponde ao somatório de "Em Operações de Crédito Externas" e "Em Operações de Crédito Internas" no Quadro "Garantias Concedidas" do Anexo 3.</msg:message>
    <gen:arc xlink:type="arc" xlink:arcrole="http://xbrl.org/arcrole/2010/assertion-unsatisfied-message" xlink:from="valueAssertion_4" xlink:to="label_4" xlink:title="valueAssertion_4 to label_4" priority="0" order="1.0"/>
    <link:loc xlink:type="locator" xlink:href="#ES3003" xlink:label="valueAssertion_5" xlink:title="valueAssertion_5"/>
    <msg:message xlink:type="resource" xlink:label="label_5" xlink:role="http://www.xbrl.org/2010/role/message" xlink:title="label_5" xml:lang="pt-br" id="label_5">[ES3003] - O valor informado no campo "ÀS ENTIDADES CONTROLADAS (III)" não corresponde ao somatório de "Em Operações de Crédito Externas" e "Em Operações de Crédito Internas" no Quadro "Garantias Concedidas" do Anexo 3.</msg:message>
    <gen:arc xlink:type="arc" xlink:arcrole="http://xbrl.org/arcrole/2010/assertion-unsatisfied-message" xlink:from="valueAssertion_5" xlink:to="label_5" xlink:title="valueAssertion_5 to label_5" priority="0" order="1.0"/>
    <link:loc xlink:type="locator" xlink:href="#ES3004" xlink:label="valueAssertion_6" xlink:title="valueAssertion_6"/>
    <msg:message xlink:type="resource" xlink:label="label_6" xlink:role="http://www.xbrl.org/2010/role/message" xlink:title="label_6" xml:lang="pt-br" id="label_6">[ES3004] - O valor informado no campo "TOTAL GARANTIAS CONCEDIDAS (V) = (I + II + III + IV)" não corresponde ao somatório de "AOS ESTADOS (I)", "AOS MUNICÍPIOS (II)", "ÀS ENTIDADES CONTROLADAS (III)" e "POR MEIO DE FUNDOS E PROGRAMAS (IV)" no Quadro "Garantias Concedidas" do Anexo 3.</msg:message>
    <gen:arc xlink:type="arc" xlink:arcrole="http://xbrl.org/arcrole/2010/assertion-unsatisfied-message" xlink:from="valueAssertion_6" xlink:to="label_6" xlink:title="valueAssertion_6 to label_6" priority="0" order="1.0"/>
    <link:loc xlink:type="locator" xlink:href="#ES3005" xlink:label="valueAssertion_7" xlink:title="valueAssertion_7"/>
    <msg:message xlink:type="resource" xlink:label="label_7" xlink:role="http://www.xbrl.org/2010/role/message" xlink:title="label_7" xml:lang="pt-br" id="label_7">[ES3005] - O valor informado no campo "DOS ESTADOS (VII)" não corresponde ao somatório de "Em Garantia às operações de Crédito Externas" e "Em Garantia às operações de Crédito Internas" no Quadro "Contragarantias Recebidas" do Anexo 3.</msg:message>
    <gen:arc xlink:type="arc" xlink:arcrole="http://xbrl.org/arcrole/2010/assertion-unsatisfied-message" xlink:from="valueAssertion_7" xlink:to="label_7" xlink:title="valueAssertion_7 to label_7" priority="0" order="1.0"/>
    <link:loc xlink:type="locator" xlink:href="#ES3006" xlink:label="valueAssertion_8" xlink:title="valueAssertion_8"/>
    <msg:message xlink:type="resource" xlink:label="label_8" xlink:role="http://www.xbrl.org/2010/role/message" xlink:title="label_8" xml:lang="pt-br" id="label_8">[ES3006] - O valor informado no campo "DOS MUNICÍPIOS (VIII)" não corresponde ao somatório de "Em Garantia às operações de Crédito Externas" e "Em Garantia às operações de Crédito Internas" no Quadro "Contragarantias Recebidas" do Anexo 3.</msg:message>
    <gen:arc xlink:type="arc" xlink:arcrole="http://xbrl.org/arcrole/2010/assertion-unsatisfied-message" xlink:from="valueAssertion_8" xlink:to="label_8" xlink:title="valueAssertion_8 to label_8" priority="0" order="1.0"/>
    <link:loc xlink:type="locator" xlink:href="#ES3007" xlink:label="valueAssertion_9" xlink:title="valueAssertion_9"/>
    <msg:message xlink:type="resource" xlink:label="label_9" xlink:role="http://www.xbrl.org/2010/role/message" xlink:title="label_9" xml:lang="pt-br" id="label_9">[ES3007] - O valor informado no campo "DAS ENTIDADES CONTROLADAS (IX)" não corresponde ao somatório de "Em Garantia às Operações de Crédito Externas" e "Em Garantia às Operações de Crédito Internas" no Quadro "Contragarantias Recebidas" do Anexo 3.</msg:message>
    <gen:arc xlink:type="arc" xlink:arcrole="http://xbrl.org/arcrole/2010/assertion-unsatisfied-message" xlink:from="valueAssertion_9" xlink:to="label_9" xlink:title="valueAssertion_9 to label_9" priority="0" order="1.0"/>
    <link:loc xlink:type="locator" xlink:href="#ES3008" xlink:label="valueAssertion_10" xlink:title="valueAssertion_10"/>
    <msg:message xlink:type="resource" xlink:label="label_10" xlink:role="http://www.xbrl.org/2010/role/message" xlink:title="label_10" xml:lang="pt-br" id="label_10">[ES3008] - O valor informado no campo "TOTAL CONTRAGARANTIAS RECEBIDAS (XI) = (VII + VIII + IX + X)" não corresponde ao somatório de "DOS ESTADOS (VII)", "DOS MUNICÍPIOS (VIII)", "DAS ENTIDADES CONTROLADAS (IX)" e "EM GARANTIAS POR MEIO DE FUNDOS E PROGRAMAS (X)" no Quadro "Contragarantias Recebidas" do Anexo 3.</msg:message>
    <gen:arc xlink:type="arc" xlink:arcrole="http://xbrl.org/arcrole/2010/assertion-unsatisfied-message" xlink:from="valueAssertion_10" xlink:to="label_10" xlink:title="valueAssertion_10 to label_10" priority="0" order="1.0"/>
  </gen:link>
</link:linkbase>
