<?xml version="1.0" encoding="UTF-8"?>
<!-- Generated by Fujitsu Interstage XWand B0196 -->
<link:linkbase xmlns:xsi="http://www.w3.org/2001/XMLSchema-instance" xsi:schemaLocation="http://www.xbrl.org/2003/linkbase http://www.xbrl.org/2003/xbrl-linkbase-2003-12-31.xsd" xmlns:siconfi-rgf-anexo3uniao="http://fazenda.gov.br/siconfi/rep/rgf/anexo3uniao/siconfi-rgf-anexo3uniao_2020-12-31" xmlns:link="http://www.xbrl.org/2003/linkbase" xmlns:xbrli="http://www.xbrl.org/2003/instance" xmlns:xlink="http://www.w3.org/1999/xlink" xmlns:xbrldt="http://xbrl.org/2005/xbrldt">
  <link:roleRef roleURI="http://fazenda.gov.br/siconfi/rep/rgf/anexo3uniao/siconfi-rgf-anexo3-tabela3.2" xlink:type="simple" xlink:href="siconfi-rgf-anexo3uniao_2020-12-31.xsd#siconfi-rgf-anexo3-tabela3.2"/>
  <link:arcroleRef arcroleURI="http://xbrl.org/int/dim/arcrole/all" xlink:type="simple" xlink:href="http://www.xbrl.org/2005/xbrldt-2005.xsd#all"/>
  <link:arcroleRef arcroleURI="http://xbrl.org/int/dim/arcrole/domain-member" xlink:type="simple" xlink:href="http://www.xbrl.org/2005/xbrldt-2005.xsd#domain-member"/>
  <link:arcroleRef arcroleURI="http://xbrl.org/int/dim/arcrole/hypercube-dimension" xlink:type="simple" xlink:href="http://www.xbrl.org/2005/xbrldt-2005.xsd#hypercube-dimension"/>
  <link:arcroleRef arcroleURI="http://xbrl.org/int/dim/arcrole/dimension-domain" xlink:type="simple" xlink:href="http://www.xbrl.org/2005/xbrldt-2005.xsd#dimension-domain"/>
  <link:arcroleRef arcroleURI="http://xbrl.org/int/dim/arcrole/notAll" xlink:type="simple" xlink:href="http://www.xbrl.org/2005/xbrldt-2005.xsd#notAll"/>
  <link:definitionLink xlink:type="extended" xlink:role="http://fazenda.gov.br/siconfi/rep/rgf/anexo3uniao/siconfi-rgf-anexo3-tabela3.2">
    <link:loc xlink:type="locator" xlink:href="siconfi-rgf-anexo3uniao_2020-12-31.xsd#siconfi-rgf-anexo3uniao_GarantiasConcedidasContragarantiasRecebidasAbstract" xlink:label="GarantiasConcedidasContragarantiasRecebidasAbstract" xlink:title="GarantiasConcedidasContragarantiasRecebidasAbstract"/>
    <link:loc xlink:type="locator" xlink:href="siconfi-rgf-anexo3uniao_2020-12-31.xsd#siconfi-rgf-anexo3uniao_GarantiasConcedidasContragarantiasRecebidasTable" xlink:label="GarantiasConcedidasContragarantiasRecebidasTable" xlink:title="GarantiasConcedidasContragarantiasRecebidasTable"/>
    <link:definitionArc xlink:type="arc" xlink:arcrole="http://xbrl.org/int/dim/arcrole/all" xlink:from="GarantiasConcedidasContragarantiasRecebidasAbstract" xlink:to="GarantiasConcedidasContragarantiasRecebidasTable" xlink:title="definition: GarantiasConcedidasContragarantiasRecebidasAbstract to GarantiasConcedidasContragarantiasRecebidasTable" order="3.0" xbrldt:contextElement="segment" xbrldt:closed="true"/>
    <link:loc xlink:type="locator" xlink:href="../../../cor/dim/siconfi-dim_2020-12-31.xsd#siconfi-dim_ComparativoSaldoGarantiaAxis" xlink:label="ComparativoSaldoGarantiaAxis" xlink:title="ComparativoSaldoGarantiaAxis"/>
    <link:definitionArc xlink:type="arc" xlink:arcrole="http://xbrl.org/int/dim/arcrole/hypercube-dimension" xlink:from="GarantiasConcedidasContragarantiasRecebidasTable" xlink:to="ComparativoSaldoGarantiaAxis" xlink:title="definition: GarantiasConcedidasContragarantiasRecebidasTable to ComparativoSaldoGarantiaAxis" order="1.0"/>
    <link:loc xlink:type="locator" xlink:href="../../../cor/dim/siconfi-dim_2020-12-31.xsd#siconfi-dim_SaldoExercicioAnteriorMember" xlink:label="SaldoExercicioAnteriorMember" xlink:title="SaldoExercicioAnteriorMember"/>
    <link:definitionArc xlink:type="arc" xlink:arcrole="http://xbrl.org/int/dim/arcrole/dimension-domain" xlink:from="ComparativoSaldoGarantiaAxis" xlink:to="SaldoExercicioAnteriorMember" xlink:title="definition: ComparativoSaldoGarantiaAxis to SaldoExercicioAnteriorMember" order="1.0"/>
    <link:loc xlink:type="locator" xlink:href="../../../cor/dim/siconfi-dim_2020-12-31.xsd#siconfi-dim_SaldoMember" xlink:label="SaldoMember" xlink:title="SaldoMember"/>
    <link:definitionArc xlink:type="arc" xlink:arcrole="http://xbrl.org/int/dim/arcrole/dimension-domain" xlink:from="ComparativoSaldoGarantiaAxis" xlink:to="SaldoMember" xlink:title="definition: ComparativoSaldoGarantiaAxis to SaldoMember" order="2.0" xbrldt:usable="false"/>
    <link:loc xlink:type="locator" xlink:href="../../../cor/dim/siconfi-dim_2020-12-31.xsd#siconfi-dim_SaldoExercicioAtePrimeiroQuadrimestreMember" xlink:label="SaldoExercicioAtePrimeiroQuadrimestreMember" xlink:title="SaldoExercicioAtePrimeiroQuadrimestreMember"/>
    <link:definitionArc xlink:type="arc" xlink:arcrole="http://xbrl.org/int/dim/arcrole/domain-member" xlink:from="SaldoMember" xlink:to="SaldoExercicioAtePrimeiroQuadrimestreMember" xlink:title="definition: SaldoMember to SaldoExercicioAtePrimeiroQuadrimestreMember" order="1.0"/>
    <link:loc xlink:type="locator" xlink:href="../../../cor/dim/siconfi-dim_2020-12-31.xsd#siconfi-dim_SaldoExercicioAteSegundoQuadrimestreMember" xlink:label="SaldoExercicioAteSegundoQuadrimestreMember" xlink:title="SaldoExercicioAteSegundoQuadrimestreMember"/>
    <link:definitionArc xlink:type="arc" xlink:arcrole="http://xbrl.org/int/dim/arcrole/domain-member" xlink:from="SaldoMember" xlink:to="SaldoExercicioAteSegundoQuadrimestreMember" xlink:title="definition: SaldoMember to SaldoExercicioAteSegundoQuadrimestreMember" order="2.0"/>
    <link:loc xlink:type="locator" xlink:href="../../../cor/dim/siconfi-dim_2020-12-31.xsd#siconfi-dim_SaldoExercicioAteTerceiroQuadrimestreMember" xlink:label="SaldoExercicioAteTerceiroQuadrimestreMember" xlink:title="SaldoExercicioAteTerceiroQuadrimestreMember"/>
    <link:definitionArc xlink:type="arc" xlink:arcrole="http://xbrl.org/int/dim/arcrole/domain-member" xlink:from="SaldoMember" xlink:to="SaldoExercicioAteTerceiroQuadrimestreMember" xlink:title="definition: SaldoMember to SaldoExercicioAteTerceiroQuadrimestreMember" order="3.0"/>
    <link:loc xlink:type="locator" xlink:href="siconfi-rgf-anexo3uniao_2020-12-31.xsd#siconfi-rgf-anexo3uniao_GarantiasConcedidasAbstract" xlink:label="GarantiasConcedidasAbstract" xlink:title="GarantiasConcedidasAbstract"/>
    <link:definitionArc xlink:type="arc" xlink:arcrole="http://xbrl.org/int/dim/arcrole/domain-member" xlink:from="GarantiasConcedidasContragarantiasRecebidasAbstract" xlink:to="GarantiasConcedidasAbstract" xlink:title="definition: GarantiasConcedidasContragarantiasRecebidasAbstract to GarantiasConcedidasAbstract" order="1.0"/>
    <link:loc xlink:type="locator" xlink:href="siconfi-rgf-anexo3uniao_2020-12-31.xsd#siconfi-rgf-anexo3uniao_GarantiasConcedidasLineItems" xlink:label="GarantiasConcedidasLineItems" xlink:title="GarantiasConcedidasLineItems"/>
    <link:definitionArc xlink:type="arc" xlink:arcrole="http://xbrl.org/int/dim/arcrole/domain-member" xlink:from="GarantiasConcedidasAbstract" xlink:to="GarantiasConcedidasLineItems" xlink:title="definition: GarantiasConcedidasAbstract to GarantiasConcedidasLineItems" order="1.0"/>
    <link:loc xlink:type="locator" xlink:href="../../../cor/ic/siconfi-cor_2020-12-31.xsd#siconfi-cor_GarantiasConcedidasAosEstados" xlink:label="GarantiasConcedidasAosEstados" xlink:title="GarantiasConcedidasAosEstados"/>
    <link:definitionArc xlink:type="arc" xlink:arcrole="http://xbrl.org/int/dim/arcrole/domain-member" xlink:from="GarantiasConcedidasLineItems" xlink:to="GarantiasConcedidasAosEstados" xlink:title="definition: GarantiasConcedidasLineItems to GarantiasConcedidasAosEstados" order="1.0"/>
    <link:loc xlink:type="locator" xlink:href="../../../cor/ic/siconfi-cor_2020-12-31.xsd#siconfi-cor_GarantiasConcedidasAosEstadosEmOperacoesDeCreditoExternas" xlink:label="GarantiasConcedidasAosEstadosEmOperacoesDeCreditoExternas" xlink:title="GarantiasConcedidasAosEstadosEmOperacoesDeCreditoExternas"/>
    <link:definitionArc xlink:type="arc" xlink:arcrole="http://xbrl.org/int/dim/arcrole/domain-member" xlink:from="GarantiasConcedidasAosEstados" xlink:to="GarantiasConcedidasAosEstadosEmOperacoesDeCreditoExternas" xlink:title="definition: GarantiasConcedidasAosEstados to GarantiasConcedidasAosEstadosEmOperacoesDeCreditoExternas" order="1.0"/>
    <link:loc xlink:type="locator" xlink:href="../../../cor/ic/siconfi-cor_2020-12-31.xsd#siconfi-cor_GarantiasConcedidasAosEstadosEmOperacoesDeCreditoInternas" xlink:label="GarantiasConcedidasAosEstadosEmOperacoesDeCreditoInternas" xlink:title="GarantiasConcedidasAosEstadosEmOperacoesDeCreditoInternas"/>
    <link:definitionArc xlink:type="arc" xlink:arcrole="http://xbrl.org/int/dim/arcrole/domain-member" xlink:from="GarantiasConcedidasAosEstados" xlink:to="GarantiasConcedidasAosEstadosEmOperacoesDeCreditoInternas" xlink:title="definition: GarantiasConcedidasAosEstados to GarantiasConcedidasAosEstadosEmOperacoesDeCreditoInternas" order="2.0"/>
    <link:loc xlink:type="locator" xlink:href="../../../cor/ic/siconfi-cor_2020-12-31.xsd#siconfi-cor_GarantiasConcedidasAosMunicipios" xlink:label="GarantiasConcedidasAosMunicipios" xlink:title="GarantiasConcedidasAosMunicipios"/>
    <link:definitionArc xlink:type="arc" xlink:arcrole="http://xbrl.org/int/dim/arcrole/domain-member" xlink:from="GarantiasConcedidasLineItems" xlink:to="GarantiasConcedidasAosMunicipios" xlink:title="definition: GarantiasConcedidasLineItems to GarantiasConcedidasAosMunicipios" order="2.0"/>
    <link:loc xlink:type="locator" xlink:href="../../../cor/ic/siconfi-cor_2020-12-31.xsd#siconfi-cor_GarantiasConcedidasAosMunicipiosEmOperacoesDeCreditoExternas" xlink:label="GarantiasConcedidasAosMunicipiosEmOperacoesDeCreditoExternas" xlink:title="GarantiasConcedidasAosMunicipiosEmOperacoesDeCreditoExternas"/>
    <link:definitionArc xlink:type="arc" xlink:arcrole="http://xbrl.org/int/dim/arcrole/domain-member" xlink:from="GarantiasConcedidasAosMunicipios" xlink:to="GarantiasConcedidasAosMunicipiosEmOperacoesDeCreditoExternas" xlink:title="definition: GarantiasConcedidasAosMunicipios to GarantiasConcedidasAosMunicipiosEmOperacoesDeCreditoExternas" order="1.0"/>
    <link:loc xlink:type="locator" xlink:href="../../../cor/ic/siconfi-cor_2020-12-31.xsd#siconfi-cor_GarantiasConcedidasAosMunicipiosEmOperacoesDeCreditoInternas" xlink:label="GarantiasConcedidasAosMunicipiosEmOperacoesDeCreditoInternas" xlink:title="GarantiasConcedidasAosMunicipiosEmOperacoesDeCreditoInternas"/>
    <link:definitionArc xlink:type="arc" xlink:arcrole="http://xbrl.org/int/dim/arcrole/domain-member" xlink:from="GarantiasConcedidasAosMunicipios" xlink:to="GarantiasConcedidasAosMunicipiosEmOperacoesDeCreditoInternas" xlink:title="definition: GarantiasConcedidasAosMunicipios to GarantiasConcedidasAosMunicipiosEmOperacoesDeCreditoInternas" order="2.0"/>
    <link:loc xlink:type="locator" xlink:href="../../../cor/ic/siconfi-cor_2020-12-31.xsd#siconfi-cor_GarantiasConcedidasAsEntidadesControladas" xlink:label="GarantiasConcedidasAsEntidadesControladas" xlink:title="GarantiasConcedidasAsEntidadesControladas"/>
    <link:definitionArc xlink:type="arc" xlink:arcrole="http://xbrl.org/int/dim/arcrole/domain-member" xlink:from="GarantiasConcedidasLineItems" xlink:to="GarantiasConcedidasAsEntidadesControladas" xlink:title="definition: GarantiasConcedidasLineItems to GarantiasConcedidasAsEntidadesControladas" order="3.0"/>
    <link:loc xlink:type="locator" xlink:href="../../../cor/ic/siconfi-cor_2020-12-31.xsd#siconfi-cor_GarantiasConcedidasAsEntidadesControladasEmOperacoesDeCreditoExternas" xlink:label="GarantiasConcedidasAsEntidadesControladasEmOperacoesDeCreditoExternas" xlink:title="GarantiasConcedidasAsEntidadesControladasEmOperacoesDeCreditoExternas"/>
    <link:definitionArc xlink:type="arc" xlink:arcrole="http://xbrl.org/int/dim/arcrole/domain-member" xlink:from="GarantiasConcedidasAsEntidadesControladas" xlink:to="GarantiasConcedidasAsEntidadesControladasEmOperacoesDeCreditoExternas" xlink:title="definition: GarantiasConcedidasAsEntidadesControladas to GarantiasConcedidasAsEntidadesControladasEmOperacoesDeCreditoExternas" order="1.0"/>
    <link:loc xlink:type="locator" xlink:href="../../../cor/ic/siconfi-cor_2020-12-31.xsd#siconfi-cor_GarantiasConcedidasAsEntidadesControladasEmOperacoesDeCreditoInternas" xlink:label="GarantiasConcedidasAsEntidadesControladasEmOperacoesDeCreditoInternas" xlink:title="GarantiasConcedidasAsEntidadesControladasEmOperacoesDeCreditoInternas"/>
    <link:definitionArc xlink:type="arc" xlink:arcrole="http://xbrl.org/int/dim/arcrole/domain-member" xlink:from="GarantiasConcedidasAsEntidadesControladas" xlink:to="GarantiasConcedidasAsEntidadesControladasEmOperacoesDeCreditoInternas" xlink:title="definition: GarantiasConcedidasAsEntidadesControladas to GarantiasConcedidasAsEntidadesControladasEmOperacoesDeCreditoInternas" order="2.0"/>
    <link:loc xlink:type="locator" xlink:href="../../../cor/ic/siconfi-cor_2020-12-31.xsd#siconfi-cor_GarantiasConcedidasPorMeioDeFundosEProgramas" xlink:label="GarantiasConcedidasPorMeioDeFundosEProgramas" xlink:title="GarantiasConcedidasPorMeioDeFundosEProgramas"/>
    <link:definitionArc xlink:type="arc" xlink:arcrole="http://xbrl.org/int/dim/arcrole/domain-member" xlink:from="GarantiasConcedidasLineItems" xlink:to="GarantiasConcedidasPorMeioDeFundosEProgramas" xlink:title="definition: GarantiasConcedidasLineItems to GarantiasConcedidasPorMeioDeFundosEProgramas" order="4.0"/>
    <link:loc xlink:type="locator" xlink:href="../../../cor/ic/siconfi-cor_2020-12-31.xsd#siconfi-cor_TotalGarantiasConcedidas" xlink:label="TotalGarantiasConcedidas" xlink:title="TotalGarantiasConcedidas"/>
    <link:definitionArc xlink:type="arc" xlink:arcrole="http://xbrl.org/int/dim/arcrole/domain-member" xlink:from="GarantiasConcedidasLineItems" xlink:to="TotalGarantiasConcedidas" xlink:title="definition: GarantiasConcedidasLineItems to TotalGarantiasConcedidas" order="5.0"/>
    <link:loc xlink:type="locator" xlink:href="../../../cor/ic/siconfi-cor_2020-12-31.xsd#siconfi-cor_RGF3ReceitaCorrenteLiquida" xlink:label="RGF3ReceitaCorrenteLiquida" xlink:title="RGF3ReceitaCorrenteLiquida"/>
    <link:definitionArc xlink:type="arc" xlink:arcrole="http://xbrl.org/int/dim/arcrole/domain-member" xlink:from="GarantiasConcedidasLineItems" xlink:to="RGF3ReceitaCorrenteLiquida" xlink:title="definition: GarantiasConcedidasLineItems to RGF3ReceitaCorrenteLiquida" order="6.0"/>
    <link:loc xlink:type="locator" xlink:href="../../../cor/ic/siconfi-cor_2020-12-31.xsd#siconfi-cor_PercentualDoTotalDasGarantiasSobreARCL" xlink:label="PercentualDoTotalDasGarantiasSobreARCL" xlink:title="PercentualDoTotalDasGarantiasSobreARCL"/>
    <link:definitionArc xlink:type="arc" xlink:arcrole="http://xbrl.org/int/dim/arcrole/domain-member" xlink:from="GarantiasConcedidasLineItems" xlink:to="PercentualDoTotalDasGarantiasSobreARCL" xlink:title="definition: GarantiasConcedidasLineItems to PercentualDoTotalDasGarantiasSobreARCL" order="7.0"/>
    <link:loc xlink:type="locator" xlink:href="../../../cor/ic/siconfi-cor_2020-12-31.xsd#siconfi-cor_LimiteDefinidoPorResolucaoDoSenadoFederal" xlink:label="LimiteDefinidoPorResolucaoDoSenadoFederal" xlink:title="LimiteDefinidoPorResolucaoDoSenadoFederal"/>
    <link:definitionArc xlink:type="arc" xlink:arcrole="http://xbrl.org/int/dim/arcrole/domain-member" xlink:from="GarantiasConcedidasLineItems" xlink:to="LimiteDefinidoPorResolucaoDoSenadoFederal" xlink:title="definition: GarantiasConcedidasLineItems to LimiteDefinidoPorResolucaoDoSenadoFederal" order="8.0"/>
    <link:loc xlink:type="locator" xlink:href="../../../cor/ic/siconfi-cor_2020-12-31.xsd#siconfi-cor_LimiteDeAlerta" xlink:label="LimiteDeAlerta" xlink:title="LimiteDeAlerta"/>
    <link:definitionArc xlink:type="arc" xlink:arcrole="http://xbrl.org/int/dim/arcrole/domain-member" xlink:from="GarantiasConcedidasLineItems" xlink:to="LimiteDeAlerta" xlink:title="definition: GarantiasConcedidasLineItems to LimiteDeAlerta" order="9.0"/>
    <link:loc xlink:type="locator" xlink:href="siconfi-rgf-anexo3uniao_2020-12-31.xsd#siconfi-rgf-anexo3uniao_ContragarantiasRecebidasAbstract" xlink:label="ContragarantiasRecebidasAbstract" xlink:title="ContragarantiasRecebidasAbstract"/>
    <link:definitionArc xlink:type="arc" xlink:arcrole="http://xbrl.org/int/dim/arcrole/domain-member" xlink:from="GarantiasConcedidasContragarantiasRecebidasAbstract" xlink:to="ContragarantiasRecebidasAbstract" xlink:title="definition: GarantiasConcedidasContragarantiasRecebidasAbstract to ContragarantiasRecebidasAbstract" order="2.0"/>
    <link:loc xlink:type="locator" xlink:href="siconfi-rgf-anexo3uniao_2020-12-31.xsd#siconfi-rgf-anexo3uniao_ContragarantiasRecebidasLineItems" xlink:label="ContragarantiasRecebidasLineItems" xlink:title="ContragarantiasRecebidasLineItems"/>
    <link:definitionArc xlink:type="arc" xlink:arcrole="http://xbrl.org/int/dim/arcrole/domain-member" xlink:from="ContragarantiasRecebidasAbstract" xlink:to="ContragarantiasRecebidasLineItems" xlink:title="definition: ContragarantiasRecebidasAbstract to ContragarantiasRecebidasLineItems" order="1.0"/>
    <link:loc xlink:type="locator" xlink:href="../../../cor/ic/siconfi-cor_2020-12-31.xsd#siconfi-cor_ContragarantiasRecebidasDosEstados" xlink:label="ContragarantiasRecebidasDosEstados" xlink:title="ContragarantiasRecebidasDosEstados"/>
    <link:definitionArc xlink:type="arc" xlink:arcrole="http://xbrl.org/int/dim/arcrole/domain-member" xlink:from="ContragarantiasRecebidasLineItems" xlink:to="ContragarantiasRecebidasDosEstados" xlink:title="definition: ContragarantiasRecebidasLineItems to ContragarantiasRecebidasDosEstados" order="1.0"/>
    <link:loc xlink:type="locator" xlink:href="../../../cor/ic/siconfi-cor_2020-12-31.xsd#siconfi-cor_ContragarantiasRecebidasDosEstadosEmGarantiaAsOperacoesDeCreditoExternas" xlink:label="ContragarantiasRecebidasDosEstadosEmGarantiaAsOperacoesDeCreditoExternas" xlink:title="ContragarantiasRecebidasDosEstadosEmGarantiaAsOperacoesDeCreditoExternas"/>
    <link:definitionArc xlink:type="arc" xlink:arcrole="http://xbrl.org/int/dim/arcrole/domain-member" xlink:from="ContragarantiasRecebidasDosEstados" xlink:to="ContragarantiasRecebidasDosEstadosEmGarantiaAsOperacoesDeCreditoExternas" xlink:title="definition: ContragarantiasRecebidasDosEstados to ContragarantiasRecebidasDosEstadosEmGarantiaAsOperacoesDeCreditoExternas" order="1.0"/>
    <link:loc xlink:type="locator" xlink:href="../../../cor/ic/siconfi-cor_2020-12-31.xsd#siconfi-cor_ContragarantiasRecebidasDosEstadosEmGarantiaAsOperacoesDeCreditoInternas" xlink:label="ContragarantiasRecebidasDosEstadosEmGarantiaAsOperacoesDeCreditoInternas" xlink:title="ContragarantiasRecebidasDosEstadosEmGarantiaAsOperacoesDeCreditoInternas"/>
    <link:definitionArc xlink:type="arc" xlink:arcrole="http://xbrl.org/int/dim/arcrole/domain-member" xlink:from="ContragarantiasRecebidasDosEstados" xlink:to="ContragarantiasRecebidasDosEstadosEmGarantiaAsOperacoesDeCreditoInternas" xlink:title="definition: ContragarantiasRecebidasDosEstados to ContragarantiasRecebidasDosEstadosEmGarantiaAsOperacoesDeCreditoInternas" order="2.0"/>
    <link:loc xlink:type="locator" xlink:href="../../../cor/ic/siconfi-cor_2020-12-31.xsd#siconfi-cor_ContragarantiasRecebidasDosMunicipios" xlink:label="ContragarantiasRecebidasDosMunicipios" xlink:title="ContragarantiasRecebidasDosMunicipios"/>
    <link:definitionArc xlink:type="arc" xlink:arcrole="http://xbrl.org/int/dim/arcrole/domain-member" xlink:from="ContragarantiasRecebidasLineItems" xlink:to="ContragarantiasRecebidasDosMunicipios" xlink:title="definition: ContragarantiasRecebidasLineItems to ContragarantiasRecebidasDosMunicipios" order="2.0"/>
    <link:loc xlink:type="locator" xlink:href="../../../cor/ic/siconfi-cor_2020-12-31.xsd#siconfi-cor_ContragarantiasRecebidasDosMunicipiosEmGarantiaAsOperacoesDeCreditoExternas" xlink:label="ContragarantiasRecebidasDosMunicipiosEmGarantiaAsOperacoesDeCreditoExternas" xlink:title="ContragarantiasRecebidasDosMunicipiosEmGarantiaAsOperacoesDeCreditoExternas"/>
    <link:definitionArc xlink:type="arc" xlink:arcrole="http://xbrl.org/int/dim/arcrole/domain-member" xlink:from="ContragarantiasRecebidasDosMunicipios" xlink:to="ContragarantiasRecebidasDosMunicipiosEmGarantiaAsOperacoesDeCreditoExternas" xlink:title="definition: ContragarantiasRecebidasDosMunicipios to ContragarantiasRecebidasDosMunicipiosEmGarantiaAsOperacoesDeCreditoExternas" order="1.0"/>
    <link:loc xlink:type="locator" xlink:href="../../../cor/ic/siconfi-cor_2020-12-31.xsd#siconfi-cor_ContragarantiasRecebidasDosMunicipiosEmGarantiaAsOperacoesDeCreditoInternas" xlink:label="ContragarantiasRecebidasDosMunicipiosEmGarantiaAsOperacoesDeCreditoInternas" xlink:title="ContragarantiasRecebidasDosMunicipiosEmGarantiaAsOperacoesDeCreditoInternas"/>
    <link:definitionArc xlink:type="arc" xlink:arcrole="http://xbrl.org/int/dim/arcrole/domain-member" xlink:from="ContragarantiasRecebidasDosMunicipios" xlink:to="ContragarantiasRecebidasDosMunicipiosEmGarantiaAsOperacoesDeCreditoInternas" xlink:title="definition: ContragarantiasRecebidasDosMunicipios to ContragarantiasRecebidasDosMunicipiosEmGarantiaAsOperacoesDeCreditoInternas" order="2.0"/>
    <link:loc xlink:type="locator" xlink:href="../../../cor/ic/siconfi-cor_2020-12-31.xsd#siconfi-cor_ContragarantiasRecebidasDasEntidadesControladas" xlink:label="ContragarantiasRecebidasDasEntidadesControladas" xlink:title="ContragarantiasRecebidasDasEntidadesControladas"/>
    <link:definitionArc xlink:type="arc" xlink:arcrole="http://xbrl.org/int/dim/arcrole/domain-member" xlink:from="ContragarantiasRecebidasLineItems" xlink:to="ContragarantiasRecebidasDasEntidadesControladas" xlink:title="definition: ContragarantiasRecebidasLineItems to ContragarantiasRecebidasDasEntidadesControladas" order="3.0"/>
    <link:loc xlink:type="locator" xlink:href="../../../cor/ic/siconfi-cor_2020-12-31.xsd#siconfi-cor_ContragarantiasRecebidasDasEntidadesControladasEmGarantiaAsOperacoesDeCreditoExternas" xlink:label="ContragarantiasRecebidasDasEntidadesControladasEmGarantiaAsOperacoesDeCreditoExternas" xlink:title="ContragarantiasRecebidasDasEntidadesControladasEmGarantiaAsOperacoesDeCreditoExternas"/>
    <link:definitionArc xlink:type="arc" xlink:arcrole="http://xbrl.org/int/dim/arcrole/domain-member" xlink:from="ContragarantiasRecebidasDasEntidadesControladas" xlink:to="ContragarantiasRecebidasDasEntidadesControladasEmGarantiaAsOperacoesDeCreditoExternas" xlink:title="definition: ContragarantiasRecebidasDasEntidadesControladas to ContragarantiasRecebidasDasEntidadesControladasEmGarantiaAsOperacoesDeCreditoExternas" order="1.0"/>
    <link:loc xlink:type="locator" xlink:href="../../../cor/ic/siconfi-cor_2020-12-31.xsd#siconfi-cor_ContragarantiasRecebidasDasEntidadesControladasEmGarantiaAsOperacoesDeCreditoInternas" xlink:label="ContragarantiasRecebidasDasEntidadesControladasEmGarantiaAsOperacoesDeCreditoInternas" xlink:title="ContragarantiasRecebidasDasEntidadesControladasEmGarantiaAsOperacoesDeCreditoInternas"/>
    <link:definitionArc xlink:type="arc" xlink:arcrole="http://xbrl.org/int/dim/arcrole/domain-member" xlink:from="ContragarantiasRecebidasDasEntidadesControladas" xlink:to="ContragarantiasRecebidasDasEntidadesControladasEmGarantiaAsOperacoesDeCreditoInternas" xlink:title="definition: ContragarantiasRecebidasDasEntidadesControladas to ContragarantiasRecebidasDasEntidadesControladasEmGarantiaAsOperacoesDeCreditoInternas" order="2.0"/>
    <link:loc xlink:type="locator" xlink:href="../../../cor/ic/siconfi-cor_2020-12-31.xsd#siconfi-cor_ContragarantiasRecebidasEmGarantiasPorMeioDeFundosEProgramas" xlink:label="ContragarantiasRecebidasEmGarantiasPorMeioDeFundosEProgramas" xlink:title="ContragarantiasRecebidasEmGarantiasPorMeioDeFundosEProgramas"/>
    <link:definitionArc xlink:type="arc" xlink:arcrole="http://xbrl.org/int/dim/arcrole/domain-member" xlink:from="ContragarantiasRecebidasLineItems" xlink:to="ContragarantiasRecebidasEmGarantiasPorMeioDeFundosEProgramas" xlink:title="definition: ContragarantiasRecebidasLineItems to ContragarantiasRecebidasEmGarantiasPorMeioDeFundosEProgramas" order="4.0"/>
    <link:loc xlink:type="locator" xlink:href="../../../cor/ic/siconfi-cor_2020-12-31.xsd#siconfi-cor_TotalContragarantiasRecebidas" xlink:label="TotalContragarantiasRecebidas" xlink:title="TotalContragarantiasRecebidas"/>
    <link:definitionArc xlink:type="arc" xlink:arcrole="http://xbrl.org/int/dim/arcrole/domain-member" xlink:from="ContragarantiasRecebidasLineItems" xlink:to="TotalContragarantiasRecebidas" xlink:title="definition: ContragarantiasRecebidasLineItems to TotalContragarantiasRecebidas" order="5.0"/>
  </link:definitionLink>
</link:linkbase>
