<?xml version="1.0" encoding="UTF-8"?>
<!-- Generated by Fujitsu Interstage XWand B0196 -->
<link:linkbase xmlns:xsi="http://www.w3.org/2001/XMLSchema-instance" xsi:schemaLocation="http://www.xbrl.org/2003/linkbase http://www.xbrl.org/2003/xbrl-linkbase-2003-12-31.xsd" xmlns:siconfi-rgf-anexo3uniao="http://fazenda.gov.br/siconfi/rep/rgf/anexo3uniao/siconfi-rgf-anexo3uniao_2020-12-31" xmlns:link="http://www.xbrl.org/2003/linkbase" xmlns:xbrli="http://www.xbrl.org/2003/instance" xmlns:xlink="http://www.w3.org/1999/xlink">
  <link:roleRef roleURI="http://fazenda.gov.br/siconfi/rep/rgf/anexo3uniao/siconfi-rgf-anexo3-tabela3.2" xlink:type="simple" xlink:href="siconfi-rgf-anexo3uniao_2020-12-31.xsd#siconfi-rgf-anexo3-tabela3.2"/>
  <link:labelLink xlink:type="extended" xlink:role="http://www.xbrl.org/2003/role/link"/>
  <link:labelLink xlink:type="extended" xlink:role="http://fazenda.gov.br/siconfi/rep/rgf/anexo3uniao/siconfi-rgf-anexo3-tabela3.2">
    <link:loc xlink:type="locator" xlink:href="../../../cor/dim/siconfi-dim_2020-12-31.xsd#siconfi-dim_ComparativoSaldoDividaAxis" xlink:label="ComparativoSaldoDividaAxis" xlink:title="ComparativoSaldoDividaAxis"/>
    <link:label xlink:type="resource" xlink:label="label_ComparativoSaldoDividaAxis" xlink:role="http://www.xbrl.org/2003/role/label" xlink:title="label_ComparativoSaldoDividaAxis" xml:lang="pt-br" id="label_ComparativoSaldoDividaAxis">Comparativo do Saldo da Dívida [axis] [orientacao=horizontal]</link:label>
    <link:labelArc xlink:type="arc" xlink:arcrole="http://www.xbrl.org/2003/arcrole/concept-label" xlink:from="ComparativoSaldoDividaAxis" xlink:to="label_ComparativoSaldoDividaAxis" xlink:title="label: ComparativoSaldoDividaAxis to label_ComparativoSaldoDividaAxis"/>
    <link:loc xlink:type="locator" xlink:href="../../../cor/dim/siconfi-dim_2020-12-31.xsd#siconfi-dim_ComparativoSaldoGarantiaAxis" xlink:label="ComparativoSaldoGarantiaAxis" xlink:title="ComparativoSaldoGarantiaAxis"/>
    <link:label xlink:type="resource" xlink:label="label_ComparativoSaldoGarantiaAxis" xlink:role="http://www.xbrl.org/2003/role/label" xlink:title="label_ComparativoSaldoGarantiaAxis" xml:lang="pt-br" id="label_ComparativoSaldoGarantiaAxis">Saldos das Garantias Concedidas e Contragarantias Recebidas [axis] [orientacao=horizontal]</link:label>
    <link:labelArc xlink:type="arc" xlink:arcrole="http://www.xbrl.org/2003/arcrole/concept-label" xlink:from="ComparativoSaldoGarantiaAxis" xlink:to="label_ComparativoSaldoGarantiaAxis" xlink:title="label: ComparativoSaldoGarantiaAxis to label_ComparativoSaldoGarantiaAxis"/>
    <link:loc xlink:type="locator" xlink:href="../../../cor/dim/siconfi-dim_2020-12-31.xsd#siconfi-dim_SaldoExercicioAnteriorMember" xlink:label="SaldoExercicioAnteriorMember" xlink:title="SaldoExercicioAnteriorMember"/>
    <link:label xlink:type="resource" xlink:label="label_SaldoExercicioAnteriorMember" xlink:role="http://www.xbrl.org/2003/role/label" xlink:title="label_SaldoExercicioAnteriorMember" xml:lang="pt-br" id="label_SaldoExercicioAnteriorMember">SALDO DO EXERCÍCIO ANTERIOR [member]</link:label>
    <link:labelArc xlink:type="arc" xlink:arcrole="http://www.xbrl.org/2003/arcrole/concept-label" xlink:from="SaldoExercicioAnteriorMember" xlink:to="label_SaldoExercicioAnteriorMember" xlink:title="label: SaldoExercicioAnteriorMember to label_SaldoExercicioAnteriorMember"/>
    <link:loc xlink:type="locator" xlink:href="../../../cor/dim/siconfi-dim_2020-12-31.xsd#siconfi-dim_SaldoExercicioAtePrimeiroQuadrimestreMember" xlink:label="SaldoExercicioAtePrimeiroQuadrimestreMember" xlink:title="SaldoExercicioAtePrimeiroQuadrimestreMember"/>
    <link:label xlink:type="resource" xlink:label="label_SaldoExercicioAtePrimeiroQuadrimestreMember" xlink:role="http://www.xbrl.org/2003/role/label" xlink:title="label_SaldoExercicioAtePrimeiroQuadrimestreMember" xml:lang="pt-br" id="label_SaldoExercicioAtePrimeiroQuadrimestreMember">Até o 1º Quadrimestre [member]</link:label>
    <link:labelArc xlink:type="arc" xlink:arcrole="http://www.xbrl.org/2003/arcrole/concept-label" xlink:from="SaldoExercicioAtePrimeiroQuadrimestreMember" xlink:to="label_SaldoExercicioAtePrimeiroQuadrimestreMember" xlink:title="label: SaldoExercicioAtePrimeiroQuadrimestreMember to label_SaldoExercicioAtePrimeiroQuadrimestreMember"/>
    <link:loc xlink:type="locator" xlink:href="../../../cor/dim/siconfi-dim_2020-12-31.xsd#siconfi-dim_SaldoExercicioAteSegundoQuadrimestreMember" xlink:label="SaldoExercicioAteSegundoQuadrimestreMember" xlink:title="SaldoExercicioAteSegundoQuadrimestreMember"/>
    <link:label xlink:type="resource" xlink:label="label_SaldoExercicioAteSegundoQuadrimestreMember" xlink:role="http://www.xbrl.org/2003/role/label" xlink:title="label_SaldoExercicioAteSegundoQuadrimestreMember" xml:lang="pt-br" id="label_SaldoExercicioAteSegundoQuadrimestreMember">Até o 2º Quadrimestre [member]</link:label>
    <link:labelArc xlink:type="arc" xlink:arcrole="http://www.xbrl.org/2003/arcrole/concept-label" xlink:from="SaldoExercicioAteSegundoQuadrimestreMember" xlink:to="label_SaldoExercicioAteSegundoQuadrimestreMember" xlink:title="label: SaldoExercicioAteSegundoQuadrimestreMember to label_SaldoExercicioAteSegundoQuadrimestreMember"/>
    <link:loc xlink:type="locator" xlink:href="../../../cor/dim/siconfi-dim_2020-12-31.xsd#siconfi-dim_SaldoExercicioAteTerceiroQuadrimestreMember" xlink:label="SaldoExercicioAteTerceiroQuadrimestreMember" xlink:title="SaldoExercicioAteTerceiroQuadrimestreMember"/>
    <link:label xlink:type="resource" xlink:label="label_SaldoExercicioAteTerceiroQuadrimestreMember" xlink:role="http://www.xbrl.org/2003/role/label" xlink:title="label_SaldoExercicioAteTerceiroQuadrimestreMember" xml:lang="pt-br" id="label_SaldoExercicioAteTerceiroQuadrimestreMember">Até o 3º Quadrimestre [member]</link:label>
    <link:labelArc xlink:type="arc" xlink:arcrole="http://www.xbrl.org/2003/arcrole/concept-label" xlink:from="SaldoExercicioAteTerceiroQuadrimestreMember" xlink:to="label_SaldoExercicioAteTerceiroQuadrimestreMember" xlink:title="label: SaldoExercicioAteTerceiroQuadrimestreMember to label_SaldoExercicioAteTerceiroQuadrimestreMember"/>
    <link:loc xlink:type="locator" xlink:href="../../../cor/dim/siconfi-dim_2020-12-31.xsd#siconfi-dim_SaldoMember" xlink:label="SaldoMember" xlink:title="SaldoMember"/>
    <link:label xlink:type="resource" xlink:label="label_SaldoMember" xlink:role="http://www.xbrl.org/2003/role/label" xlink:title="label_SaldoMember" xml:lang="pt-br" id="label_SaldoMember">SALDO DO EXERCÍCIO DE 2021 [member]</link:label>
    <link:labelArc xlink:type="arc" xlink:arcrole="http://www.xbrl.org/2003/arcrole/concept-label" xlink:from="SaldoMember" xlink:to="label_SaldoMember" xlink:title="label: SaldoMember to label_SaldoMember"/>
    <link:loc xlink:type="locator" xlink:href="../../../cor/ic/siconfi-cor_2020-12-31.xsd#siconfi-cor_ContragarantiasExternasAvalOuFiancaEmOperacoesDeCredito" xlink:label="ContragarantiasExternasAvalOuFiancaEmOperacoesDeCredito" xlink:title="ContragarantiasExternasAvalOuFiancaEmOperacoesDeCredito"/>
    <link:label xlink:type="resource" xlink:label="label_ContragarantiasExternasAvalOuFiancaEmOperacoesDeCredito" xlink:role="http://www.xbrl.org/2003/role/label" xlink:title="label_ContragarantiasExternasAvalOuFiancaEmOperacoesDeCredito" xml:lang="pt-br" id="label_ContragarantiasExternasAvalOuFiancaEmOperacoesDeCredito">Aval ou Fiança em Operações de Crédito</link:label>
    <link:labelArc xlink:type="arc" xlink:arcrole="http://www.xbrl.org/2003/arcrole/concept-label" xlink:from="ContragarantiasExternasAvalOuFiancaEmOperacoesDeCredito" xlink:to="label_ContragarantiasExternasAvalOuFiancaEmOperacoesDeCredito" xlink:title="label: ContragarantiasExternasAvalOuFiancaEmOperacoesDeCredito to label_ContragarantiasExternasAvalOuFiancaEmOperacoesDeCredito"/>
    <link:loc xlink:type="locator" xlink:href="../../../cor/ic/siconfi-cor_2020-12-31.xsd#siconfi-cor_ContragarantiasExternasOutrasGarantiasNosTermosDaLRF" xlink:label="ContragarantiasExternasOutrasGarantiasNosTermosDaLRF" xlink:title="ContragarantiasExternasOutrasGarantiasNosTermosDaLRF"/>
    <link:label xlink:type="resource" xlink:label="label_ContragarantiasExternasOutrasGarantiasNosTermosDaLRF" xlink:role="http://www.xbrl.org/2003/role/label" xlink:title="label_ContragarantiasExternasOutrasGarantiasNosTermosDaLRF" xml:lang="pt-br" id="label_ContragarantiasExternasOutrasGarantiasNosTermosDaLRF">Outras Garantias nos Termos da LRF</link:label>
    <link:labelArc xlink:type="arc" xlink:arcrole="http://www.xbrl.org/2003/arcrole/concept-label" xlink:from="ContragarantiasExternasOutrasGarantiasNosTermosDaLRF" xlink:to="label_ContragarantiasExternasOutrasGarantiasNosTermosDaLRF" xlink:title="label: ContragarantiasExternasOutrasGarantiasNosTermosDaLRF to label_ContragarantiasExternasOutrasGarantiasNosTermosDaLRF"/>
    <link:loc xlink:type="locator" xlink:href="../../../cor/ic/siconfi-cor_2020-12-31.xsd#siconfi-cor_ContragarantiasInternasAvalOuFiancaEmOperacoesDeCredito" xlink:label="ContragarantiasInternasAvalOuFiancaEmOperacoesDeCredito" xlink:title="ContragarantiasInternasAvalOuFiancaEmOperacoesDeCredito"/>
    <link:label xlink:type="resource" xlink:label="label_ContragarantiasInternasAvalOuFiancaEmOperacoesDeCredito" xlink:role="http://www.xbrl.org/2003/role/label" xlink:title="label_ContragarantiasInternasAvalOuFiancaEmOperacoesDeCredito" xml:lang="pt-br" id="label_ContragarantiasInternasAvalOuFiancaEmOperacoesDeCredito">Aval ou Fiança em Operações de Crédito </link:label>
    <link:labelArc xlink:type="arc" xlink:arcrole="http://www.xbrl.org/2003/arcrole/concept-label" xlink:from="ContragarantiasInternasAvalOuFiancaEmOperacoesDeCredito" xlink:to="label_ContragarantiasInternasAvalOuFiancaEmOperacoesDeCredito" xlink:title="label: ContragarantiasInternasAvalOuFiancaEmOperacoesDeCredito to label_ContragarantiasInternasAvalOuFiancaEmOperacoesDeCredito"/>
    <link:loc xlink:type="locator" xlink:href="../../../cor/ic/siconfi-cor_2020-12-31.xsd#siconfi-cor_ContragarantiasInternasOutrasGarantiasNosTermosDaLRF" xlink:label="ContragarantiasInternasOutrasGarantiasNosTermosDaLRF" xlink:title="ContragarantiasInternasOutrasGarantiasNosTermosDaLRF"/>
    <link:label xlink:type="resource" xlink:label="label_ContragarantiasInternasOutrasGarantiasNosTermosDaLRF" xlink:role="http://www.xbrl.org/2003/role/label" xlink:title="label_ContragarantiasInternasOutrasGarantiasNosTermosDaLRF" xml:lang="pt-br" id="label_ContragarantiasInternasOutrasGarantiasNosTermosDaLRF">Outras Garantias nos Termos da LRF</link:label>
    <link:labelArc xlink:type="arc" xlink:arcrole="http://www.xbrl.org/2003/arcrole/concept-label" xlink:from="ContragarantiasInternasOutrasGarantiasNosTermosDaLRF" xlink:to="label_ContragarantiasInternasOutrasGarantiasNosTermosDaLRF" xlink:title="label: ContragarantiasInternasOutrasGarantiasNosTermosDaLRF to label_ContragarantiasInternasOutrasGarantiasNosTermosDaLRF"/>
    <link:loc xlink:type="locator" xlink:href="../../../cor/ic/siconfi-cor_2020-12-31.xsd#siconfi-cor_ContragarantiasRecebidasExternas" xlink:label="ContragarantiasRecebidasExternas" xlink:title="ContragarantiasRecebidasExternas"/>
    <link:label xlink:type="resource" xlink:label="label_ContragarantiasRecebidasExternas" xlink:role="http://www.xbrl.org/2003/role/label" xlink:title="label_ContragarantiasRecebidasExternas" xml:lang="pt-br" id="label_ContragarantiasRecebidasExternas">EXTERNAS (V)</link:label>
    <link:labelArc xlink:type="arc" xlink:arcrole="http://www.xbrl.org/2003/arcrole/concept-label" xlink:from="ContragarantiasRecebidasExternas" xlink:to="label_ContragarantiasRecebidasExternas" xlink:title="label: ContragarantiasRecebidasExternas to label_ContragarantiasRecebidasExternas"/>
    <link:loc xlink:type="locator" xlink:href="../../../cor/ic/siconfi-cor_2020-12-31.xsd#siconfi-cor_ContragarantiasRecebidasInternas" xlink:label="ContragarantiasRecebidasInternas" xlink:title="ContragarantiasRecebidasInternas"/>
    <link:label xlink:type="resource" xlink:label="label_ContragarantiasRecebidasInternas" xlink:role="http://www.xbrl.org/2003/role/label" xlink:title="label_ContragarantiasRecebidasInternas" xml:lang="pt-br" id="label_ContragarantiasRecebidasInternas">INTERNAS (VI)</link:label>
    <link:labelArc xlink:type="arc" xlink:arcrole="http://www.xbrl.org/2003/arcrole/concept-label" xlink:from="ContragarantiasRecebidasInternas" xlink:to="label_ContragarantiasRecebidasInternas" xlink:title="label: ContragarantiasRecebidasInternas to label_ContragarantiasRecebidasInternas"/>
    <link:loc xlink:type="locator" xlink:href="../../../cor/ic/siconfi-cor_2020-12-31.xsd#siconfi-cor_GarantiasConcedidasInternas" xlink:label="GarantiasConcedidasInternas" xlink:title="GarantiasConcedidasInternas"/>
    <link:label xlink:type="resource" xlink:label="label_GarantiasConcedidasInternas" xlink:role="http://www.xbrl.org/2003/role/label" xlink:title="label_GarantiasConcedidasInternas" xml:lang="pt-br" id="label_GarantiasConcedidasInternas">INTERNAS (II)</link:label>
    <link:labelArc xlink:type="arc" xlink:arcrole="http://www.xbrl.org/2003/arcrole/concept-label" xlink:from="GarantiasConcedidasInternas" xlink:to="label_GarantiasConcedidasInternas" xlink:title="label: GarantiasConcedidasInternas to label_GarantiasConcedidasInternas"/>
    <link:loc xlink:type="locator" xlink:href="../../../cor/ic/siconfi-cor_2020-12-31.xsd#siconfi-cor_GarantiasExternasAvalOuFiancaEmOperacoesDeCredito" xlink:label="GarantiasExternasAvalOuFiancaEmOperacoesDeCredito" xlink:title="GarantiasExternasAvalOuFiancaEmOperacoesDeCredito"/>
    <link:label xlink:type="resource" xlink:label="label_GarantiasExternasAvalOuFiancaEmOperacoesDeCredito" xlink:role="http://www.xbrl.org/2003/role/label" xlink:title="label_GarantiasExternasAvalOuFiancaEmOperacoesDeCredito" xml:lang="pt-br" id="label_GarantiasExternasAvalOuFiancaEmOperacoesDeCredito">Aval ou Fiança em Operações de Crédito</link:label>
    <link:labelArc xlink:type="arc" xlink:arcrole="http://www.xbrl.org/2003/arcrole/concept-label" xlink:from="GarantiasExternasAvalOuFiancaEmOperacoesDeCredito" xlink:to="label_GarantiasExternasAvalOuFiancaEmOperacoesDeCredito" xlink:title="label: GarantiasExternasAvalOuFiancaEmOperacoesDeCredito to label_GarantiasExternasAvalOuFiancaEmOperacoesDeCredito"/>
    <link:loc xlink:type="locator" xlink:href="../../../cor/ic/siconfi-cor_2020-12-31.xsd#siconfi-cor_GarantiasExternasOutrasGarantiasNosTermosDaLRF" xlink:label="GarantiasExternasOutrasGarantiasNosTermosDaLRF" xlink:title="GarantiasExternasOutrasGarantiasNosTermosDaLRF"/>
    <link:label xlink:type="resource" xlink:label="label_GarantiasExternasOutrasGarantiasNosTermosDaLRF" xlink:role="http://www.xbrl.org/2003/role/label" xlink:title="label_GarantiasExternasOutrasGarantiasNosTermosDaLRF" xml:lang="pt-br" id="label_GarantiasExternasOutrasGarantiasNosTermosDaLRF">Outras Garantias nos Termos da LRF</link:label>
    <link:labelArc xlink:type="arc" xlink:arcrole="http://www.xbrl.org/2003/arcrole/concept-label" xlink:from="GarantiasExternasOutrasGarantiasNosTermosDaLRF" xlink:to="label_GarantiasExternasOutrasGarantiasNosTermosDaLRF" xlink:title="label: GarantiasExternasOutrasGarantiasNosTermosDaLRF to label_GarantiasExternasOutrasGarantiasNosTermosDaLRF"/>
    <link:loc xlink:type="locator" xlink:href="../../../cor/ic/siconfi-cor_2020-12-31.xsd#siconfi-cor_GarantiasInternasAvalOuFiancaEmOperacoesDeCredito" xlink:label="GarantiasInternasAvalOuFiancaEmOperacoesDeCredito" xlink:title="GarantiasInternasAvalOuFiancaEmOperacoesDeCredito"/>
    <link:label xlink:type="resource" xlink:label="label_GarantiasInternasAvalOuFiancaEmOperacoesDeCredito" xlink:role="http://www.xbrl.org/2003/role/label" xlink:title="label_GarantiasInternasAvalOuFiancaEmOperacoesDeCredito" xml:lang="pt-br" id="label_GarantiasInternasAvalOuFiancaEmOperacoesDeCredito">Aval ou Fiança em Operações de Crédito </link:label>
    <link:labelArc xlink:type="arc" xlink:arcrole="http://www.xbrl.org/2003/arcrole/concept-label" xlink:from="GarantiasInternasAvalOuFiancaEmOperacoesDeCredito" xlink:to="label_GarantiasInternasAvalOuFiancaEmOperacoesDeCredito" xlink:title="label: GarantiasInternasAvalOuFiancaEmOperacoesDeCredito to label_GarantiasInternasAvalOuFiancaEmOperacoesDeCredito"/>
    <link:loc xlink:type="locator" xlink:href="../../../cor/ic/siconfi-cor_2020-12-31.xsd#siconfi-cor_GarantiasInternasOutrasGarantiasNosTermosDaLRF" xlink:label="GarantiasInternasOutrasGarantiasNosTermosDaLRF" xlink:title="GarantiasInternasOutrasGarantiasNosTermosDaLRF"/>
    <link:label xlink:type="resource" xlink:label="label_GarantiasInternasOutrasGarantiasNosTermosDaLRF" xlink:role="http://www.xbrl.org/2003/role/label" xlink:title="label_GarantiasInternasOutrasGarantiasNosTermosDaLRF" xml:lang="pt-br" id="label_GarantiasInternasOutrasGarantiasNosTermosDaLRF">Outras Garantias nos Termos da LRF</link:label>
    <link:labelArc xlink:type="arc" xlink:arcrole="http://www.xbrl.org/2003/arcrole/concept-label" xlink:from="GarantiasInternasOutrasGarantiasNosTermosDaLRF" xlink:to="label_GarantiasInternasOutrasGarantiasNosTermosDaLRF" xlink:title="label: GarantiasInternasOutrasGarantiasNosTermosDaLRF to label_GarantiasInternasOutrasGarantiasNosTermosDaLRF"/>
    <link:loc xlink:type="locator" xlink:href="../../../cor/ic/siconfi-cor_2020-12-31.xsd#siconfi-cor_LimiteDeAlerta" xlink:label="LimiteDeAlerta" xlink:title="LimiteDeAlerta"/>
    <link:label xlink:type="resource" xlink:label="label_LimiteDeAlerta" xlink:role="http://www.xbrl.org/2003/role/label" xlink:title="label_LimiteDeAlerta" xml:lang="pt-br" id="label_LimiteDeAlerta">LIMITE DE ALERTA (inciso III § 1º do art. 59 da LRF)</link:label>
    <link:labelArc xlink:type="arc" xlink:arcrole="http://www.xbrl.org/2003/arcrole/concept-label" xlink:from="LimiteDeAlerta" xlink:to="label_LimiteDeAlerta" xlink:title="label: LimiteDeAlerta to label_LimiteDeAlerta"/>
    <link:loc xlink:type="locator" xlink:href="../../../cor/ic/siconfi-cor_2020-12-31.xsd#siconfi-cor_LimiteDefinidoPorResolucaoDoSenadoFederal" xlink:label="LimiteDefinidoPorResolucaoDoSenadoFederal" xlink:title="LimiteDefinidoPorResolucaoDoSenadoFederal"/>
    <link:label xlink:type="resource" xlink:label="label_LimiteDefinidoPorResolucaoDoSenadoFederal" xlink:role="http://www.xbrl.org/2003/role/label" xlink:title="label_LimiteDefinidoPorResolucaoDoSenadoFederal" xml:lang="pt-br" id="label_LimiteDefinidoPorResolucaoDoSenadoFederal">LIMITE DEFINIDO POR RESOLUÇÃO DO SENADO FEDERAL</link:label>
    <link:labelArc xlink:type="arc" xlink:arcrole="http://www.xbrl.org/2003/arcrole/concept-label" xlink:from="LimiteDefinidoPorResolucaoDoSenadoFederal" xlink:to="label_LimiteDefinidoPorResolucaoDoSenadoFederal" xlink:title="label: LimiteDefinidoPorResolucaoDoSenadoFederal to label_LimiteDefinidoPorResolucaoDoSenadoFederal"/>
    <link:loc xlink:type="locator" xlink:href="../../../cor/ic/siconfi-cor_2020-12-31.xsd#siconfi-cor_PercentualDoTotalDasGarantiasSobreARCL" xlink:label="PercentualDoTotalDasGarantiasSobreARCL" xlink:title="PercentualDoTotalDasGarantiasSobreARCL"/>
    <link:label xlink:type="resource" xlink:label="label_PercentualDoTotalDasGarantiasSobreARCL" xlink:role="http://www.xbrl.org/2003/role/label" xlink:title="label_PercentualDoTotalDasGarantiasSobreARCL" xml:lang="pt-br" id="label_PercentualDoTotalDasGarantiasSobreARCL">% do TOTAL DAS GARANTIAS sobre a RCL (V/VI)</link:label>
    <link:labelArc xlink:type="arc" xlink:arcrole="http://www.xbrl.org/2003/arcrole/concept-label" xlink:from="PercentualDoTotalDasGarantiasSobreARCL" xlink:to="label_PercentualDoTotalDasGarantiasSobreARCL" xlink:title="label: PercentualDoTotalDasGarantiasSobreARCL to label_PercentualDoTotalDasGarantiasSobreARCL"/>
    <link:loc xlink:type="locator" xlink:href="../../../cor/ic/siconfi-cor_2020-12-31.xsd#siconfi-cor_ReceitaCorrenteLiquida" xlink:label="ReceitaCorrenteLiquida" xlink:title="ReceitaCorrenteLiquida"/>
    <link:label xlink:type="resource" xlink:label="label_ReceitaCorrenteLiquida" xlink:role="http://www.xbrl.org/2003/role/label" xlink:title="label_ReceitaCorrenteLiquida" xml:lang="pt-br" id="label_ReceitaCorrenteLiquida">RECEITA CORRENTE LÍQUIDA - RCL (IV)</link:label>
    <link:labelArc xlink:type="arc" xlink:arcrole="http://www.xbrl.org/2003/arcrole/concept-label" xlink:from="ReceitaCorrenteLiquida" xlink:to="label_ReceitaCorrenteLiquida" xlink:title="label: ReceitaCorrenteLiquida to label_ReceitaCorrenteLiquida"/>
    <link:loc xlink:type="locator" xlink:href="../../../cor/ic/siconfi-cor_2020-12-31.xsd#siconfi-cor_TotalContragarantiasRecebidas" xlink:label="TotalContragarantiasRecebidas" xlink:title="TotalContragarantiasRecebidas"/>
    <link:label xlink:type="resource" xlink:label="label_TotalContragarantiasRecebidas" xlink:role="http://www.xbrl.org/2003/role/label" xlink:title="label_TotalContragarantiasRecebidas" xml:lang="pt-br" id="label_TotalContragarantiasRecebidas">TOTAL CONTRAGARANTIAS RECEBIDAS (XI) = (VII + VIII + IX + X)</link:label>
    <link:labelArc xlink:type="arc" xlink:arcrole="http://www.xbrl.org/2003/arcrole/concept-label" xlink:from="TotalContragarantiasRecebidas" xlink:to="label_TotalContragarantiasRecebidas" xlink:title="label: TotalContragarantiasRecebidas to label_TotalContragarantiasRecebidas"/>
    <link:loc xlink:type="locator" xlink:href="../../../cor/ic/siconfi-cor_2020-12-31.xsd#siconfi-cor_TotalGarantiasConcedidas" xlink:label="TotalGarantiasConcedidas" xlink:title="TotalGarantiasConcedidas"/>
    <link:label xlink:type="resource" xlink:label="label_TotalGarantiasConcedidas" xlink:role="http://www.xbrl.org/2003/role/label" xlink:title="label_TotalGarantiasConcedidas" xml:lang="pt-br" id="label_TotalGarantiasConcedidas">TOTAL GARANTIAS CONCEDIDAS (V) = (I + II + III + IV)</link:label>
    <link:labelArc xlink:type="arc" xlink:arcrole="http://www.xbrl.org/2003/arcrole/concept-label" xlink:from="TotalGarantiasConcedidas" xlink:to="label_TotalGarantiasConcedidas" xlink:title="label: TotalGarantiasConcedidas to label_TotalGarantiasConcedidas"/>
    <link:loc xlink:type="locator" xlink:href="../../../cor/ic/siconfi-cor_2020-12-31.xsd#siconfi-cor_FonteAnexo3Tabela3.0RGF" xlink:label="FonteAnexo3Tabela3.0RGF" xlink:title="FonteAnexo3Tabela3.0RGF"/>
    <link:label xlink:type="resource" xlink:label="label_FonteAnexo3Tabela3.0RGF" xlink:role="http://www.xbrl.org/2003/role/label" xlink:title="label_FonteAnexo3Tabela3.0RGF" xml:lang="pt-br" id="label_FonteAnexo3Tabela3.0RGF">Notas Explicativas</link:label>
    <link:labelArc xlink:type="arc" xlink:arcrole="http://www.xbrl.org/2003/arcrole/concept-label" xlink:from="FonteAnexo3Tabela3.0RGF" xlink:to="label_FonteAnexo3Tabela3.0RGF" xlink:title="label: FonteAnexo3Tabela3.0RGF to label_FonteAnexo3Tabela3.0RGF"/>
    <link:loc xlink:type="locator" xlink:href="../../../cor/ic/siconfi-cor_2020-12-31.xsd#siconfi-cor_RGF3ReceitaCorrenteLiquida" xlink:label="RGF3ReceitaCorrenteLiquida" xlink:title="RGF3ReceitaCorrenteLiquida"/>
    <link:label xlink:type="resource" xlink:label="label_RGF3ReceitaCorrenteLiquida" xlink:role="http://www.xbrl.org/2003/role/label" xlink:title="label_RGF3ReceitaCorrenteLiquida" xml:lang="pt-br" id="label_RGF3ReceitaCorrenteLiquida">RECEITA CORRENTE LÍQUIDA - RCL (VI)</link:label>
    <link:labelArc xlink:type="arc" xlink:arcrole="http://www.xbrl.org/2003/arcrole/concept-label" xlink:from="RGF3ReceitaCorrenteLiquida" xlink:to="label_RGF3ReceitaCorrenteLiquida" xlink:title="label: RGF3ReceitaCorrenteLiquida to label_RGF3ReceitaCorrenteLiquida"/>
    <link:loc xlink:type="locator" xlink:href="../../../cor/ic/siconfi-cor_2020-12-31.xsd#siconfi-cor_GarantiasConcedidasAosEstados" xlink:label="GarantiasConcedidasAosEstados" xlink:title="GarantiasConcedidasAosEstados"/>
    <link:label xlink:type="resource" xlink:label="label_GarantiasConcedidasAosEstados" xlink:role="http://www.xbrl.org/2003/role/label" xlink:title="label_GarantiasConcedidasAosEstados" xml:lang="pt-br" id="label_GarantiasConcedidasAosEstados">AOS ESTADOS (I)</link:label>
    <link:labelArc xlink:type="arc" xlink:arcrole="http://www.xbrl.org/2003/arcrole/concept-label" xlink:from="GarantiasConcedidasAosEstados" xlink:to="label_GarantiasConcedidasAosEstados" xlink:title="label: GarantiasConcedidasAosEstados to label_GarantiasConcedidasAosEstados"/>
    <link:loc xlink:type="locator" xlink:href="../../../cor/ic/siconfi-cor_2020-12-31.xsd#siconfi-cor_GarantiasConcedidasAosEstadosEmOperacoesDeCreditoExternas" xlink:label="GarantiasConcedidasAosEstadosEmOperacoesDeCreditoExternas" xlink:title="GarantiasConcedidasAosEstadosEmOperacoesDeCreditoExternas"/>
    <link:label xlink:type="resource" xlink:label="label_GarantiasConcedidasAosEstadosEmOperacoesDeCreditoExternas" xlink:role="http://www.xbrl.org/2003/role/label" xlink:title="label_GarantiasConcedidasAosEstadosEmOperacoesDeCreditoExternas" xml:lang="pt-br" id="label_GarantiasConcedidasAosEstadosEmOperacoesDeCreditoExternas">Em Operações de Crédito Externas</link:label>
    <link:labelArc xlink:type="arc" xlink:arcrole="http://www.xbrl.org/2003/arcrole/concept-label" xlink:from="GarantiasConcedidasAosEstadosEmOperacoesDeCreditoExternas" xlink:to="label_GarantiasConcedidasAosEstadosEmOperacoesDeCreditoExternas" xlink:title="label: GarantiasConcedidasAosEstadosEmOperacoesDeCreditoExternas to label_GarantiasConcedidasAosEstadosEmOperacoesDeCreditoExternas"/>
    <link:loc xlink:type="locator" xlink:href="../../../cor/ic/siconfi-cor_2020-12-31.xsd#siconfi-cor_GarantiasConcedidasAosEstadosEmOperacoesDeCreditoInternas" xlink:label="GarantiasConcedidasAosEstadosEmOperacoesDeCreditoInternas" xlink:title="GarantiasConcedidasAosEstadosEmOperacoesDeCreditoInternas"/>
    <link:label xlink:type="resource" xlink:label="label_GarantiasConcedidasAosEstadosEmOperacoesDeCreditoInternas" xlink:role="http://www.xbrl.org/2003/role/label" xlink:title="label_GarantiasConcedidasAosEstadosEmOperacoesDeCreditoInternas" xml:lang="pt-br" id="label_GarantiasConcedidasAosEstadosEmOperacoesDeCreditoInternas">Em Operações de Crédito Internas</link:label>
    <link:labelArc xlink:type="arc" xlink:arcrole="http://www.xbrl.org/2003/arcrole/concept-label" xlink:from="GarantiasConcedidasAosEstadosEmOperacoesDeCreditoInternas" xlink:to="label_GarantiasConcedidasAosEstadosEmOperacoesDeCreditoInternas" xlink:title="label: GarantiasConcedidasAosEstadosEmOperacoesDeCreditoInternas to label_GarantiasConcedidasAosEstadosEmOperacoesDeCreditoInternas"/>
    <link:loc xlink:type="locator" xlink:href="../../../cor/ic/siconfi-cor_2020-12-31.xsd#siconfi-cor_GarantiasConcedidasAosMunicipios" xlink:label="GarantiasConcedidasAosMunicipios" xlink:title="GarantiasConcedidasAosMunicipios"/>
    <link:label xlink:type="resource" xlink:label="label_GarantiasConcedidasAosMunicipios" xlink:role="http://www.xbrl.org/2003/role/label" xlink:title="label_GarantiasConcedidasAosMunicipios" xml:lang="pt-br" id="label_GarantiasConcedidasAosMunicipios">AOS MUNICÍPIOS (II)</link:label>
    <link:labelArc xlink:type="arc" xlink:arcrole="http://www.xbrl.org/2003/arcrole/concept-label" xlink:from="GarantiasConcedidasAosMunicipios" xlink:to="label_GarantiasConcedidasAosMunicipios" xlink:title="label: GarantiasConcedidasAosMunicipios to label_GarantiasConcedidasAosMunicipios"/>
    <link:loc xlink:type="locator" xlink:href="../../../cor/ic/siconfi-cor_2020-12-31.xsd#siconfi-cor_GarantiasConcedidasAosMunicipiosEmOperacoesDeCreditoExternas" xlink:label="GarantiasConcedidasAosMunicipiosEmOperacoesDeCreditoExternas" xlink:title="GarantiasConcedidasAosMunicipiosEmOperacoesDeCreditoExternas"/>
    <link:label xlink:type="resource" xlink:label="label_GarantiasConcedidasAosMunicipiosEmOperacoesDeCreditoExternas" xlink:role="http://www.xbrl.org/2003/role/label" xlink:title="label_GarantiasConcedidasAosMunicipiosEmOperacoesDeCreditoExternas" xml:lang="pt-br" id="label_GarantiasConcedidasAosMunicipiosEmOperacoesDeCreditoExternas">Em Operações de Crédito Externas</link:label>
    <link:labelArc xlink:type="arc" xlink:arcrole="http://www.xbrl.org/2003/arcrole/concept-label" xlink:from="GarantiasConcedidasAosMunicipiosEmOperacoesDeCreditoExternas" xlink:to="label_GarantiasConcedidasAosMunicipiosEmOperacoesDeCreditoExternas" xlink:title="label: GarantiasConcedidasAosMunicipiosEmOperacoesDeCreditoExternas to label_GarantiasConcedidasAosMunicipiosEmOperacoesDeCreditoExternas"/>
    <link:loc xlink:type="locator" xlink:href="../../../cor/ic/siconfi-cor_2020-12-31.xsd#siconfi-cor_GarantiasConcedidasAosMunicipiosEmOperacoesDeCreditoInternas" xlink:label="GarantiasConcedidasAosMunicipiosEmOperacoesDeCreditoInternas" xlink:title="GarantiasConcedidasAosMunicipiosEmOperacoesDeCreditoInternas"/>
    <link:label xlink:type="resource" xlink:label="label_GarantiasConcedidasAosMunicipiosEmOperacoesDeCreditoInternas" xlink:role="http://www.xbrl.org/2003/role/label" xlink:title="label_GarantiasConcedidasAosMunicipiosEmOperacoesDeCreditoInternas" xml:lang="pt-br" id="label_GarantiasConcedidasAosMunicipiosEmOperacoesDeCreditoInternas">Em Operações de Crédito Internas</link:label>
    <link:labelArc xlink:type="arc" xlink:arcrole="http://www.xbrl.org/2003/arcrole/concept-label" xlink:from="GarantiasConcedidasAosMunicipiosEmOperacoesDeCreditoInternas" xlink:to="label_GarantiasConcedidasAosMunicipiosEmOperacoesDeCreditoInternas" xlink:title="label: GarantiasConcedidasAosMunicipiosEmOperacoesDeCreditoInternas to label_GarantiasConcedidasAosMunicipiosEmOperacoesDeCreditoInternas"/>
    <link:loc xlink:type="locator" xlink:href="../../../cor/ic/siconfi-cor_2020-12-31.xsd#siconfi-cor_GarantiasConcedidasAsEntidadesControladas" xlink:label="GarantiasConcedidasAsEntidadesControladas" xlink:title="GarantiasConcedidasAsEntidadesControladas"/>
    <link:label xlink:type="resource" xlink:label="label_GarantiasConcedidasAsEntidadesControladas" xlink:role="http://www.xbrl.org/2003/role/label" xlink:title="label_GarantiasConcedidasAsEntidadesControladas" xml:lang="pt-br" id="label_GarantiasConcedidasAsEntidadesControladas">ÀS ENTIDADES CONTROLADAS (III)</link:label>
    <link:labelArc xlink:type="arc" xlink:arcrole="http://www.xbrl.org/2003/arcrole/concept-label" xlink:from="GarantiasConcedidasAsEntidadesControladas" xlink:to="label_GarantiasConcedidasAsEntidadesControladas" xlink:title="label: GarantiasConcedidasAsEntidadesControladas to label_GarantiasConcedidasAsEntidadesControladas"/>
    <link:loc xlink:type="locator" xlink:href="../../../cor/ic/siconfi-cor_2020-12-31.xsd#siconfi-cor_GarantiasConcedidasAsEntidadesControladasEmOperacoesDeCreditoExternas" xlink:label="GarantiasConcedidasAsEntidadesControladasEmOperacoesDeCreditoExternas" xlink:title="GarantiasConcedidasAsEntidadesControladasEmOperacoesDeCreditoExternas"/>
    <link:label xlink:type="resource" xlink:label="label_GarantiasConcedidasAsEntidadesControladasEmOperacoesDeCreditoExternas" xlink:role="http://www.xbrl.org/2003/role/label" xlink:title="label_GarantiasConcedidasAsEntidadesControladasEmOperacoesDeCreditoExternas" xml:lang="pt-br" id="label_GarantiasConcedidasAsEntidadesControladasEmOperacoesDeCreditoExternas">Em Operações de Crédito Externas</link:label>
    <link:labelArc xlink:type="arc" xlink:arcrole="http://www.xbrl.org/2003/arcrole/concept-label" xlink:from="GarantiasConcedidasAsEntidadesControladasEmOperacoesDeCreditoExternas" xlink:to="label_GarantiasConcedidasAsEntidadesControladasEmOperacoesDeCreditoExternas" xlink:title="label: GarantiasConcedidasAsEntidadesControladasEmOperacoesDeCreditoExternas to label_GarantiasConcedidasAsEntidadesControladasEmOperacoesDeCreditoExternas"/>
    <link:loc xlink:type="locator" xlink:href="../../../cor/ic/siconfi-cor_2020-12-31.xsd#siconfi-cor_GarantiasConcedidasAsEntidadesControladasEmOperacoesDeCreditoInternas" xlink:label="GarantiasConcedidasAsEntidadesControladasEmOperacoesDeCreditoInternas" xlink:title="GarantiasConcedidasAsEntidadesControladasEmOperacoesDeCreditoInternas"/>
    <link:label xlink:type="resource" xlink:label="label_GarantiasConcedidasAsEntidadesControladasEmOperacoesDeCreditoInternas" xlink:role="http://www.xbrl.org/2003/role/label" xlink:title="label_GarantiasConcedidasAsEntidadesControladasEmOperacoesDeCreditoInternas" xml:lang="pt-br" id="label_GarantiasConcedidasAsEntidadesControladasEmOperacoesDeCreditoInternas">Em Operações de Crédito Internas</link:label>
    <link:labelArc xlink:type="arc" xlink:arcrole="http://www.xbrl.org/2003/arcrole/concept-label" xlink:from="GarantiasConcedidasAsEntidadesControladasEmOperacoesDeCreditoInternas" xlink:to="label_GarantiasConcedidasAsEntidadesControladasEmOperacoesDeCreditoInternas" xlink:title="label: GarantiasConcedidasAsEntidadesControladasEmOperacoesDeCreditoInternas to label_GarantiasConcedidasAsEntidadesControladasEmOperacoesDeCreditoInternas"/>
    <link:loc xlink:type="locator" xlink:href="../../../cor/ic/siconfi-cor_2020-12-31.xsd#siconfi-cor_GarantiasConcedidasPorMeioDeFundosEProgramas" xlink:label="GarantiasConcedidasPorMeioDeFundosEProgramas" xlink:title="GarantiasConcedidasPorMeioDeFundosEProgramas"/>
    <link:label xlink:type="resource" xlink:label="label_GarantiasConcedidasPorMeioDeFundosEProgramas" xlink:role="http://www.xbrl.org/2003/role/label" xlink:title="label_GarantiasConcedidasPorMeioDeFundosEProgramas" xml:lang="pt-br" id="label_GarantiasConcedidasPorMeioDeFundosEProgramas">POR MEIO DE FUNDOS E PROGRAMAS (IV)</link:label>
    <link:labelArc xlink:type="arc" xlink:arcrole="http://www.xbrl.org/2003/arcrole/concept-label" xlink:from="GarantiasConcedidasPorMeioDeFundosEProgramas" xlink:to="label_GarantiasConcedidasPorMeioDeFundosEProgramas" xlink:title="label: GarantiasConcedidasPorMeioDeFundosEProgramas to label_GarantiasConcedidasPorMeioDeFundosEProgramas"/>
    <link:loc xlink:type="locator" xlink:href="../../../cor/ic/siconfi-cor_2020-12-31.xsd#siconfi-cor_ContragarantiasRecebidasDosEstados" xlink:label="ContragarantiasRecebidasDosEstados" xlink:title="ContragarantiasRecebidasDosEstados"/>
    <link:label xlink:type="resource" xlink:label="label_ContragarantiasRecebidasDosEstados" xlink:role="http://www.xbrl.org/2003/role/label" xlink:title="label_ContragarantiasRecebidasDosEstados" xml:lang="pt-br" id="label_ContragarantiasRecebidasDosEstados">DOS ESTADOS (VII)</link:label>
    <link:labelArc xlink:type="arc" xlink:arcrole="http://www.xbrl.org/2003/arcrole/concept-label" xlink:from="ContragarantiasRecebidasDosEstados" xlink:to="label_ContragarantiasRecebidasDosEstados" xlink:title="label: ContragarantiasRecebidasDosEstados to label_ContragarantiasRecebidasDosEstados"/>
    <link:loc xlink:type="locator" xlink:href="../../../cor/ic/siconfi-cor_2020-12-31.xsd#siconfi-cor_ContragarantiasRecebidasDosEstadosEmGarantiaAsOperacoesDeCreditoExternas" xlink:label="ContragarantiasRecebidasDosEstadosEmGarantiaAsOperacoesDeCreditoExternas" xlink:title="ContragarantiasRecebidasDosEstadosEmGarantiaAsOperacoesDeCreditoExternas"/>
    <link:label xlink:type="resource" xlink:label="label_ContragarantiasRecebidasDosEstadosEmGarantiaAsOperacoesDeCreditoExternas" xlink:role="http://www.xbrl.org/2003/role/label" xlink:title="label_ContragarantiasRecebidasDosEstadosEmGarantiaAsOperacoesDeCreditoExternas" xml:lang="pt-br" id="label_ContragarantiasRecebidasDosEstadosEmGarantiaAsOperacoesDeCreditoExternas">Em Garantia às Operações de Crédito Externas</link:label>
    <link:labelArc xlink:type="arc" xlink:arcrole="http://www.xbrl.org/2003/arcrole/concept-label" xlink:from="ContragarantiasRecebidasDosEstadosEmGarantiaAsOperacoesDeCreditoExternas" xlink:to="label_ContragarantiasRecebidasDosEstadosEmGarantiaAsOperacoesDeCreditoExternas" xlink:title="label: ContragarantiasRecebidasDosEstadosEmGarantiaAsOperacoesDeCreditoExternas to label_ContragarantiasRecebidasDosEstadosEmGarantiaAsOperacoesDeCreditoExternas"/>
    <link:loc xlink:type="locator" xlink:href="../../../cor/ic/siconfi-cor_2020-12-31.xsd#siconfi-cor_ContragarantiasRecebidasDosEstadosEmGarantiaAsOperacoesDeCreditoInternas" xlink:label="ContragarantiasRecebidasDosEstadosEmGarantiaAsOperacoesDeCreditoInternas" xlink:title="ContragarantiasRecebidasDosEstadosEmGarantiaAsOperacoesDeCreditoInternas"/>
    <link:label xlink:type="resource" xlink:label="label_ContragarantiasRecebidasDosEstadosEmGarantiaAsOperacoesDeCreditoInternas" xlink:role="http://www.xbrl.org/2003/role/label" xlink:title="label_ContragarantiasRecebidasDosEstadosEmGarantiaAsOperacoesDeCreditoInternas" xml:lang="pt-br" id="label_ContragarantiasRecebidasDosEstadosEmGarantiaAsOperacoesDeCreditoInternas">Em Garantia às Operações de Crédito Internas</link:label>
    <link:labelArc xlink:type="arc" xlink:arcrole="http://www.xbrl.org/2003/arcrole/concept-label" xlink:from="ContragarantiasRecebidasDosEstadosEmGarantiaAsOperacoesDeCreditoInternas" xlink:to="label_ContragarantiasRecebidasDosEstadosEmGarantiaAsOperacoesDeCreditoInternas" xlink:title="label: ContragarantiasRecebidasDosEstadosEmGarantiaAsOperacoesDeCreditoInternas to label_ContragarantiasRecebidasDosEstadosEmGarantiaAsOperacoesDeCreditoInternas"/>
    <link:loc xlink:type="locator" xlink:href="../../../cor/ic/siconfi-cor_2020-12-31.xsd#siconfi-cor_ContragarantiasRecebidasDosMunicipios" xlink:label="ContragarantiasRecebidasDosMunicipios" xlink:title="ContragarantiasRecebidasDosMunicipios"/>
    <link:label xlink:type="resource" xlink:label="label_ContragarantiasRecebidasDosMunicipios" xlink:role="http://www.xbrl.org/2003/role/label" xlink:title="label_ContragarantiasRecebidasDosMunicipios" xml:lang="pt-br" id="label_ContragarantiasRecebidasDosMunicipios">DOS MUNICÍPIOS (VIII)</link:label>
    <link:labelArc xlink:type="arc" xlink:arcrole="http://www.xbrl.org/2003/arcrole/concept-label" xlink:from="ContragarantiasRecebidasDosMunicipios" xlink:to="label_ContragarantiasRecebidasDosMunicipios" xlink:title="label: ContragarantiasRecebidasDosMunicipios to label_ContragarantiasRecebidasDosMunicipios"/>
    <link:loc xlink:type="locator" xlink:href="../../../cor/ic/siconfi-cor_2020-12-31.xsd#siconfi-cor_ContragarantiasRecebidasDosMunicipiosEmGarantiaAsOperacoesDeCreditoExternas" xlink:label="ContragarantiasRecebidasDosMunicipiosEmGarantiaAsOperacoesDeCreditoExternas" xlink:title="ContragarantiasRecebidasDosMunicipiosEmGarantiaAsOperacoesDeCreditoExternas"/>
    <link:label xlink:type="resource" xlink:label="label_ContragarantiasRecebidasDosMunicipiosEmGarantiaAsOperacoesDeCreditoExternas" xlink:role="http://www.xbrl.org/2003/role/label" xlink:title="label_ContragarantiasRecebidasDosMunicipiosEmGarantiaAsOperacoesDeCreditoExternas" xml:lang="pt-br" id="label_ContragarantiasRecebidasDosMunicipiosEmGarantiaAsOperacoesDeCreditoExternas">Em Garantia às Operações de Crédito Externas</link:label>
    <link:labelArc xlink:type="arc" xlink:arcrole="http://www.xbrl.org/2003/arcrole/concept-label" xlink:from="ContragarantiasRecebidasDosMunicipiosEmGarantiaAsOperacoesDeCreditoExternas" xlink:to="label_ContragarantiasRecebidasDosMunicipiosEmGarantiaAsOperacoesDeCreditoExternas" xlink:title="label: ContragarantiasRecebidasDosMunicipiosEmGarantiaAsOperacoesDeCreditoExternas to label_ContragarantiasRecebidasDosMunicipiosEmGarantiaAsOperacoesDeCreditoExternas"/>
    <link:loc xlink:type="locator" xlink:href="../../../cor/ic/siconfi-cor_2020-12-31.xsd#siconfi-cor_ContragarantiasRecebidasDosMunicipiosEmGarantiaAsOperacoesDeCreditoInternas" xlink:label="ContragarantiasRecebidasDosMunicipiosEmGarantiaAsOperacoesDeCreditoInternas" xlink:title="ContragarantiasRecebidasDosMunicipiosEmGarantiaAsOperacoesDeCreditoInternas"/>
    <link:label xlink:type="resource" xlink:label="label_ContragarantiasRecebidasDosMunicipiosEmGarantiaAsOperacoesDeCreditoInternas" xlink:role="http://www.xbrl.org/2003/role/label" xlink:title="label_ContragarantiasRecebidasDosMunicipiosEmGarantiaAsOperacoesDeCreditoInternas" xml:lang="pt-br" id="label_ContragarantiasRecebidasDosMunicipiosEmGarantiaAsOperacoesDeCreditoInternas">Em Garantia às Operações de Crédito Internas</link:label>
    <link:labelArc xlink:type="arc" xlink:arcrole="http://www.xbrl.org/2003/arcrole/concept-label" xlink:from="ContragarantiasRecebidasDosMunicipiosEmGarantiaAsOperacoesDeCreditoInternas" xlink:to="label_ContragarantiasRecebidasDosMunicipiosEmGarantiaAsOperacoesDeCreditoInternas" xlink:title="label: ContragarantiasRecebidasDosMunicipiosEmGarantiaAsOperacoesDeCreditoInternas to label_ContragarantiasRecebidasDosMunicipiosEmGarantiaAsOperacoesDeCreditoInternas"/>
    <link:loc xlink:type="locator" xlink:href="../../../cor/ic/siconfi-cor_2020-12-31.xsd#siconfi-cor_ContragarantiasRecebidasDasEntidadesControladas" xlink:label="ContragarantiasRecebidasDasEntidadesControladas" xlink:title="ContragarantiasRecebidasDasEntidadesControladas"/>
    <link:label xlink:type="resource" xlink:label="label_ContragarantiasRecebidasDasEntidadesControladas" xlink:role="http://www.xbrl.org/2003/role/label" xlink:title="label_ContragarantiasRecebidasDasEntidadesControladas" xml:lang="pt-br" id="label_ContragarantiasRecebidasDasEntidadesControladas">DAS ENTIDADES CONTROLADAS (IX)</link:label>
    <link:labelArc xlink:type="arc" xlink:arcrole="http://www.xbrl.org/2003/arcrole/concept-label" xlink:from="ContragarantiasRecebidasDasEntidadesControladas" xlink:to="label_ContragarantiasRecebidasDasEntidadesControladas" xlink:title="label: ContragarantiasRecebidasDasEntidadesControladas to label_ContragarantiasRecebidasDasEntidadesControladas"/>
    <link:loc xlink:type="locator" xlink:href="../../../cor/ic/siconfi-cor_2020-12-31.xsd#siconfi-cor_ContragarantiasRecebidasDasEntidadesControladasEmGarantiaAsOperacoesDeCreditoExternas" xlink:label="ContragarantiasRecebidasDasEntidadesControladasEmGarantiaAsOperacoesDeCreditoExternas" xlink:title="ContragarantiasRecebidasDasEntidadesControladasEmGarantiaAsOperacoesDeCreditoExternas"/>
    <link:label xlink:type="resource" xlink:label="label_ContragarantiasRecebidasDasEntidadesControladasEmGarantiaAsOperacoesDeCreditoExternas" xlink:role="http://www.xbrl.org/2003/role/label" xlink:title="label_ContragarantiasRecebidasDasEntidadesControladasEmGarantiaAsOperacoesDeCreditoExternas" xml:lang="pt-br" id="label_ContragarantiasRecebidasDasEntidadesControladasEmGarantiaAsOperacoesDeCreditoExternas">Em Garantia às Operações de Crédito Externas</link:label>
    <link:labelArc xlink:type="arc" xlink:arcrole="http://www.xbrl.org/2003/arcrole/concept-label" xlink:from="ContragarantiasRecebidasDasEntidadesControladasEmGarantiaAsOperacoesDeCreditoExternas" xlink:to="label_ContragarantiasRecebidasDasEntidadesControladasEmGarantiaAsOperacoesDeCreditoExternas" xlink:title="label: ContragarantiasRecebidasDasEntidadesControladasEmGarantiaAsOperacoesDeCreditoExternas to label_ContragarantiasRecebidasDasEntidadesControladasEmGarantiaAsOperacoesDeCreditoExternas"/>
    <link:loc xlink:type="locator" xlink:href="../../../cor/ic/siconfi-cor_2020-12-31.xsd#siconfi-cor_ContragarantiasRecebidasDasEntidadesControladasEmGarantiaAsOperacoesDeCreditoInternas" xlink:label="ContragarantiasRecebidasDasEntidadesControladasEmGarantiaAsOperacoesDeCreditoInternas" xlink:title="ContragarantiasRecebidasDasEntidadesControladasEmGarantiaAsOperacoesDeCreditoInternas"/>
    <link:label xlink:type="resource" xlink:label="label_ContragarantiasRecebidasDasEntidadesControladasEmGarantiaAsOperacoesDeCreditoInternas" xlink:role="http://www.xbrl.org/2003/role/label" xlink:title="label_ContragarantiasRecebidasDasEntidadesControladasEmGarantiaAsOperacoesDeCreditoInternas" xml:lang="pt-br" id="label_ContragarantiasRecebidasDasEntidadesControladasEmGarantiaAsOperacoesDeCreditoInternas">Em Garantia às Operações de Crédito Internas</link:label>
    <link:labelArc xlink:type="arc" xlink:arcrole="http://www.xbrl.org/2003/arcrole/concept-label" xlink:from="ContragarantiasRecebidasDasEntidadesControladasEmGarantiaAsOperacoesDeCreditoInternas" xlink:to="label_ContragarantiasRecebidasDasEntidadesControladasEmGarantiaAsOperacoesDeCreditoInternas" xlink:title="label: ContragarantiasRecebidasDasEntidadesControladasEmGarantiaAsOperacoesDeCreditoInternas to label_ContragarantiasRecebidasDasEntidadesControladasEmGarantiaAsOperacoesDeCreditoInternas"/>
    <link:loc xlink:type="locator" xlink:href="../../../cor/ic/siconfi-cor_2020-12-31.xsd#siconfi-cor_ContragarantiasRecebidasEmGarantiasPorMeioDeFundosEProgramas" xlink:label="ContragarantiasRecebidasEmGarantiasPorMeioDeFundosEProgramas" xlink:title="ContragarantiasRecebidasEmGarantiasPorMeioDeFundosEProgramas"/>
    <link:label xlink:type="resource" xlink:label="label_ContragarantiasRecebidasEmGarantiasPorMeioDeFundosEProgramas" xlink:role="http://www.xbrl.org/2003/role/label" xlink:title="label_ContragarantiasRecebidasEmGarantiasPorMeioDeFundosEProgramas" xml:lang="pt-br" id="label_ContragarantiasRecebidasEmGarantiasPorMeioDeFundosEProgramas">EM GARANTIAS POR MEIO DE FUNDOS E PROGRAMAS (X)</link:label>
    <link:labelArc xlink:type="arc" xlink:arcrole="http://www.xbrl.org/2003/arcrole/concept-label" xlink:from="ContragarantiasRecebidasEmGarantiasPorMeioDeFundosEProgramas" xlink:to="label_ContragarantiasRecebidasEmGarantiasPorMeioDeFundosEProgramas" xlink:title="label: ContragarantiasRecebidasEmGarantiasPorMeioDeFundosEProgramas to label_ContragarantiasRecebidasEmGarantiasPorMeioDeFundosEProgramas"/>
    <link:loc xlink:type="locator" xlink:href="siconfi-rgf-anexo3uniao_2020-12-31.xsd#siconfi-rgf-anexo3uniao_DemonstrativoAnexo3Abstract" xlink:label="DemonstrativoAnexo3Abstract" xlink:title="DemonstrativoAnexo3Abstract"/>
    <link:label xlink:type="resource" xlink:label="label_DemonstrativoAnexo3Abstract" xlink:role="http://www.xbrl.org/2003/role/label" xlink:title="label_DemonstrativoAnexo3Abstract" xml:lang="pt-br" id="label_DemonstrativoAnexo3Abstract">RGF - Anexo 3 (LRF, art. 55, inciso I, alínea "c" e art. 40 § 1º) [abstract]</link:label>
    <link:labelArc xlink:type="arc" xlink:arcrole="http://www.xbrl.org/2003/arcrole/concept-label" xlink:from="DemonstrativoAnexo3Abstract" xlink:to="label_DemonstrativoAnexo3Abstract" xlink:title="label: DemonstrativoAnexo3Abstract to label_DemonstrativoAnexo3Abstract"/>
    <link:loc xlink:type="locator" xlink:href="siconfi-rgf-anexo3uniao_2020-12-31.xsd#siconfi-rgf-anexo3uniao_GarantiasConcedidasAbstract" xlink:label="GarantiasConcedidasAbstract" xlink:title="GarantiasConcedidasAbstract"/>
    <link:label xlink:type="resource" xlink:label="label_GarantiasConcedidasAbstract" xlink:role="http://www.xbrl.org/2003/role/label" xlink:title="label_GarantiasConcedidasAbstract" xml:lang="pt-br" id="label_GarantiasConcedidasAbstract">[002] Garantias Concedidas [abstract]</link:label>
    <link:labelArc xlink:type="arc" xlink:arcrole="http://www.xbrl.org/2003/arcrole/concept-label" xlink:from="GarantiasConcedidasAbstract" xlink:to="label_GarantiasConcedidasAbstract" xlink:title="label: GarantiasConcedidasAbstract to label_GarantiasConcedidasAbstract"/>
    <link:loc xlink:type="locator" xlink:href="siconfi-rgf-anexo3uniao_2020-12-31.xsd#siconfi-rgf-anexo3uniao_ContragarantiasRecebidasAbstract" xlink:label="ContragarantiasRecebidasAbstract" xlink:title="ContragarantiasRecebidasAbstract"/>
    <link:label xlink:type="resource" xlink:label="label_ContragarantiasRecebidasAbstract" xlink:role="http://www.xbrl.org/2003/role/label" xlink:title="label_ContragarantiasRecebidasAbstract" xml:lang="pt-br" id="label_ContragarantiasRecebidasAbstract">[004] Contragarantias Recebidas [abstract]</link:label>
    <link:labelArc xlink:type="arc" xlink:arcrole="http://www.xbrl.org/2003/arcrole/concept-label" xlink:from="ContragarantiasRecebidasAbstract" xlink:to="label_ContragarantiasRecebidasAbstract" xlink:title="label: ContragarantiasRecebidasAbstract to label_ContragarantiasRecebidasAbstract"/>
    <link:loc xlink:type="locator" xlink:href="siconfi-rgf-anexo3uniao_2020-12-31.xsd#siconfi-rgf-anexo3uniao_GarantiasConcedidasContragarantiasRecebidasTable" xlink:label="GarantiasConcedidasContragarantiasRecebidasTable" xlink:title="GarantiasConcedidasContragarantiasRecebidasTable"/>
    <link:label xlink:type="resource" xlink:label="label_GarantiasConcedidasContragarantiasRecebidasTable" xlink:role="http://www.xbrl.org/2003/role/label" xlink:title="label_GarantiasConcedidasContragarantiasRecebidasTable" xml:lang="pt-br" id="label_GarantiasConcedidasContragarantiasRecebidasTable">Garantias Concedidas e Contragarantias Recebidas [table]</link:label>
    <link:labelArc xlink:type="arc" xlink:arcrole="http://www.xbrl.org/2003/arcrole/concept-label" xlink:from="GarantiasConcedidasContragarantiasRecebidasTable" xlink:to="label_GarantiasConcedidasContragarantiasRecebidasTable" xlink:title="label: GarantiasConcedidasContragarantiasRecebidasTable to label_GarantiasConcedidasContragarantiasRecebidasTable"/>
    <link:loc xlink:type="locator" xlink:href="siconfi-rgf-anexo3uniao_2020-12-31.xsd#siconfi-rgf-anexo3uniao_GarantiasConcedidasContragarantiasRecebidasAbstract" xlink:label="GarantiasConcedidasContragarantiasRecebidasAbstract" xlink:title="GarantiasConcedidasContragarantiasRecebidasAbstract"/>
    <link:label xlink:type="resource" xlink:label="label_GarantiasConcedidasContragarantiasRecebidasAbstract" xlink:role="http://www.xbrl.org/2003/role/label" xlink:title="label_GarantiasConcedidasContragarantiasRecebidasAbstract" xml:lang="pt-br" id="label_GarantiasConcedidasContragarantiasRecebidasAbstract">[001] Garantias Concedidas e Contragarantias Recebidas [abstract]</link:label>
    <link:labelArc xlink:type="arc" xlink:arcrole="http://www.xbrl.org/2003/arcrole/concept-label" xlink:from="GarantiasConcedidasContragarantiasRecebidasAbstract" xlink:to="label_GarantiasConcedidasContragarantiasRecebidasAbstract" xlink:title="label: GarantiasConcedidasContragarantiasRecebidasAbstract to label_GarantiasConcedidasContragarantiasRecebidasAbstract"/>
    <link:loc xlink:type="locator" xlink:href="siconfi-rgf-anexo3uniao_2020-12-31.xsd#siconfi-rgf-anexo3uniao_GarantiasConcedidasContragarantiasRecebidasLineItems" xlink:label="GarantiasConcedidasContragarantiasRecebidasLineItems" xlink:title="GarantiasConcedidasContragarantiasRecebidasLineItems"/>
    <link:label xlink:type="resource" xlink:label="label_GarantiasConcedidasContragarantiasRecebidasLineItems" xlink:role="http://www.xbrl.org/2003/role/label" xlink:title="label_GarantiasConcedidasContragarantiasRecebidasLineItems" xml:lang="pt-br" id="label_GarantiasConcedidasContragarantiasRecebidasLineItems">[002] Garantias Concedidas e Contragarantias Recebidas [line items]</link:label>
    <link:labelArc xlink:type="arc" xlink:arcrole="http://www.xbrl.org/2003/arcrole/concept-label" xlink:from="GarantiasConcedidasContragarantiasRecebidasLineItems" xlink:to="label_GarantiasConcedidasContragarantiasRecebidasLineItems" xlink:title="label: GarantiasConcedidasContragarantiasRecebidasLineItems to label_GarantiasConcedidasContragarantiasRecebidasLineItems"/>
    <link:loc xlink:type="locator" xlink:href="siconfi-rgf-anexo3uniao_2020-12-31.xsd#siconfi-rgf-anexo3uniao_GarantiasConcedidasLineItems" xlink:label="GarantiasConcedidasLineItems" xlink:title="GarantiasConcedidasLineItems"/>
    <link:label xlink:type="resource" xlink:label="label_GarantiasConcedidasLineItems" xlink:role="http://www.xbrl.org/2003/role/label" xlink:title="label_GarantiasConcedidasLineItems" xml:lang="pt-br" id="label_GarantiasConcedidasLineItems">[003] Garantias Concedidas [line items]</link:label>
    <link:labelArc xlink:type="arc" xlink:arcrole="http://www.xbrl.org/2003/arcrole/concept-label" xlink:from="GarantiasConcedidasLineItems" xlink:to="label_GarantiasConcedidasLineItems" xlink:title="label: GarantiasConcedidasLineItems to label_GarantiasConcedidasLineItems"/>
    <link:loc xlink:type="locator" xlink:href="siconfi-rgf-anexo3uniao_2020-12-31.xsd#siconfi-rgf-anexo3uniao_ContragarantiasRecebidasLineItems" xlink:label="ContragarantiasRecebidasLineItems" xlink:title="ContragarantiasRecebidasLineItems"/>
    <link:label xlink:type="resource" xlink:label="label_ContragarantiasRecebidasLineItems" xlink:role="http://www.xbrl.org/2003/role/label" xlink:title="label_ContragarantiasRecebidasLineItems" xml:lang="pt-br" id="label_ContragarantiasRecebidasLineItems">[005] Contragarantias Recebidas [line items]</link:label>
    <link:labelArc xlink:type="arc" xlink:arcrole="http://www.xbrl.org/2003/arcrole/concept-label" xlink:from="ContragarantiasRecebidasLineItems" xlink:to="label_ContragarantiasRecebidasLineItems" xlink:title="label: ContragarantiasRecebidasLineItems to label_ContragarantiasRecebidasLineItems"/>
    <link:loc xlink:type="locator" xlink:href="siconfi-rgf-anexo3uniao_2020-12-31.xsd#siconfi-rgf-anexo3uniao_FonteAnexo3Tabela3.2Abstract" xlink:label="FonteAnexo3Tabela3.2Abstract" xlink:title="FonteAnexo3Tabela3.2Abstract"/>
    <link:label xlink:type="resource" xlink:label="label_FonteAnexo3Tabela3.2Abstract" xlink:role="http://www.xbrl.org/2003/role/label" xlink:title="label_FonteAnexo3Tabela3.2Abstract" xml:lang="pt-br" id="label_FonteAnexo3Tabela3.2Abstract">[006] Notas Explicativas [abstract] [NOTA]</link:label>
    <link:labelArc xlink:type="arc" xlink:arcrole="http://www.xbrl.org/2003/arcrole/concept-label" xlink:from="FonteAnexo3Tabela3.2Abstract" xlink:to="label_FonteAnexo3Tabela3.2Abstract" xlink:title="label: FonteAnexo3Tabela3.2Abstract to label_FonteAnexo3Tabela3.2Abstract"/>
    <link:loc xlink:type="locator" xlink:href="siconfi-rgf-anexo3uniao_2020-12-31.xsd#siconfi-rgf-anexo3uniao_FonteAnexo3Tabela3.2LineItems" xlink:label="FonteAnexo3Tabela3.2LineItems" xlink:title="FonteAnexo3Tabela3.2LineItems"/>
    <link:label xlink:type="resource" xlink:label="label_FonteAnexo3Tabela3.2LineItems" xlink:role="http://www.xbrl.org/2003/role/label" xlink:title="label_FonteAnexo3Tabela3.2LineItems" xml:lang="pt-br" id="label_FonteAnexo3Tabela3.2LineItems">[007] Notas Explicativas [line items]</link:label>
    <link:labelArc xlink:type="arc" xlink:arcrole="http://www.xbrl.org/2003/arcrole/concept-label" xlink:from="FonteAnexo3Tabela3.2LineItems" xlink:to="label_FonteAnexo3Tabela3.2LineItems" xlink:title="label: FonteAnexo3Tabela3.2LineItems to label_FonteAnexo3Tabela3.2LineItems"/>
  </link:labelLink>
</link:linkbase>
