<?xml version="1.0" encoding="UTF-8"?>
<!-- Generated by Fujitsu Interstage XWand B0196 -->
<link:linkbase xmlns:xsi="http://www.w3.org/2001/XMLSchema-instance" xsi:schemaLocation="http://www.xbrl.org/2003/linkbase http://www.xbrl.org/2003/xbrl-linkbase-2003-12-31.xsd" xmlns:siconfi-rreo-anexo11="http://fazenda.gov.br/siconfi/rep/rreo/anexo11/siconfi-rreo-anexo11_2020-12-31" xmlns:link="http://www.xbrl.org/2003/linkbase" xmlns:xbrldt="http://xbrl.org/2005/xbrldt" xmlns:xlink="http://www.w3.org/1999/xlink" xmlns:xbrli="http://www.xbrl.org/2003/instance">
  <link:roleRef roleURI="http://fazenda.gov.br/siconfi/rep/rreo/anexo11/siconfi-rreo-anexo11-tabela11.0" xlink:type="simple" xlink:href="siconfi-rreo-anexo11_2020-12-31.xsd#siconfi-rreo-anexo11-tabela11.0"/>
  <link:roleRef roleURI="http://fazenda.gov.br/siconfi/rep/rreo/anexo11/siconfi-rreo-anexo11-tabela11.0A" xlink:type="simple" xlink:href="siconfi-rreo-anexo11_2020-12-31.xsd#siconfi-rreo-anexo11-tabela11.0A"/>
  <link:roleRef roleURI="http://fazenda.gov.br/siconfi/rep/rreo/anexo11/siconfi-rreo-anexo11-tabela11.0B" xlink:type="simple" xlink:href="siconfi-rreo-anexo11_2020-12-31.xsd#siconfi-rreo-anexo11-tabela11.0B"/>
  <link:roleRef roleURI="http://fazenda.gov.br/siconfi/rep/rreo/anexo11/siconfi-rreo-anexo11-tabela11.0C" xlink:type="simple" xlink:href="siconfi-rreo-anexo11_2020-12-31.xsd#siconfi-rreo-anexo11-tabela11.0C"/>
  <link:arcroleRef arcroleURI="http://xbrl.org/int/dim/arcrole/all" xlink:type="simple" xlink:href="http://www.xbrl.org/2005/xbrldt-2005.xsd#all"/>
  <link:arcroleRef arcroleURI="http://xbrl.org/int/dim/arcrole/dimension-domain" xlink:type="simple" xlink:href="http://www.xbrl.org/2005/xbrldt-2005.xsd#dimension-domain"/>
  <link:arcroleRef arcroleURI="http://xbrl.org/int/dim/arcrole/domain-member" xlink:type="simple" xlink:href="http://www.xbrl.org/2005/xbrldt-2005.xsd#domain-member"/>
  <link:arcroleRef arcroleURI="http://xbrl.org/int/dim/arcrole/hypercube-dimension" xlink:type="simple" xlink:href="http://www.xbrl.org/2005/xbrldt-2005.xsd#hypercube-dimension"/>
  <link:definitionLink xlink:type="extended" xlink:role="http://fazenda.gov.br/siconfi/rep/rreo/anexo11/siconfi-rreo-anexo11-tabela11.0A">
    <link:loc xlink:type="locator" xlink:href="siconfi-rreo-anexo11_2020-12-31.xsd#siconfi-rreo-anexo11uniao_ReceitasAbstract" xlink:label="ReceitasAbstract" xlink:title="ReceitasAbstract"/>
    <link:loc xlink:type="locator" xlink:href="siconfi-rreo-anexo11_2020-12-31.xsd#siconfi-rreo-anexo11uniao_ReceitasLineItems" xlink:label="ReceitasLineItems" xlink:title="ReceitasLineItems"/>
    <link:definitionArc xlink:type="arc" xlink:arcrole="http://xbrl.org/int/dim/arcrole/domain-member" xlink:from="ReceitasAbstract" xlink:to="ReceitasLineItems" xlink:title="definition: ReceitasAbstract to ReceitasLineItems" order="1.0"/>
    <link:loc xlink:type="locator" xlink:href="../../../cor/ic/siconfi-cor_2020-12-31.xsd#siconfi-cor_ReceitasDeCapitalAlienacaoDeAtivos" xlink:label="ReceitasDeCapitalAlienacaoDeAtivos" xlink:title="ReceitasDeCapitalAlienacaoDeAtivos"/>
    <link:definitionArc xlink:type="arc" xlink:arcrole="http://xbrl.org/int/dim/arcrole/domain-member" xlink:from="ReceitasLineItems" xlink:to="ReceitasDeCapitalAlienacaoDeAtivos" xlink:title="definition: ReceitasLineItems to ReceitasDeCapitalAlienacaoDeAtivos" order="1.0"/>
    <link:loc xlink:type="locator" xlink:href="../../../cor/ic/siconfi-cor_2020-12-31.xsd#siconfi-cor_RREO11AlienacaoDeBensMoveis" xlink:label="RREO11AlienacaoDeBensMoveis" xlink:title="RREO11AlienacaoDeBensMoveis"/>
    <link:definitionArc xlink:type="arc" xlink:arcrole="http://xbrl.org/int/dim/arcrole/domain-member" xlink:from="ReceitasDeCapitalAlienacaoDeAtivos" xlink:to="RREO11AlienacaoDeBensMoveis" xlink:title="definition: ReceitasDeCapitalAlienacaoDeAtivos to RREO11AlienacaoDeBensMoveis" order="1.0"/>
    <link:loc xlink:type="locator" xlink:href="../../../cor/ic/siconfi-cor_2020-12-31.xsd#siconfi-cor_RREO11AlienacaoDeBensImoveis" xlink:label="RREO11AlienacaoDeBensImoveis" xlink:title="RREO11AlienacaoDeBensImoveis"/>
    <link:definitionArc xlink:type="arc" xlink:arcrole="http://xbrl.org/int/dim/arcrole/domain-member" xlink:from="ReceitasDeCapitalAlienacaoDeAtivos" xlink:to="RREO11AlienacaoDeBensImoveis" xlink:title="definition: ReceitasDeCapitalAlienacaoDeAtivos to RREO11AlienacaoDeBensImoveis" order="2.0"/>
    <link:loc xlink:type="locator" xlink:href="../../../cor/ic/siconfi-cor_2020-12-31.xsd#siconfi-cor_AlienacaoDeBensIntangiveis" xlink:label="AlienacaoDeBensIntangiveis" xlink:title="AlienacaoDeBensIntangiveis"/>
    <link:definitionArc xlink:type="arc" xlink:arcrole="http://xbrl.org/int/dim/arcrole/domain-member" xlink:from="ReceitasDeCapitalAlienacaoDeAtivos" xlink:to="AlienacaoDeBensIntangiveis" xlink:title="definition: ReceitasDeCapitalAlienacaoDeAtivos to AlienacaoDeBensIntangiveis" order="3.0"/>
    <link:loc xlink:type="locator" xlink:href="../../../cor/ic/siconfi-cor_2020-12-31.xsd#siconfi-cor_RendimentosDeAplicacaoFinanceira" xlink:label="RendimentosDeAplicacaoFinanceira" xlink:title="RendimentosDeAplicacaoFinanceira"/>
    <link:definitionArc xlink:type="arc" xlink:arcrole="http://xbrl.org/int/dim/arcrole/domain-member" xlink:from="ReceitasDeCapitalAlienacaoDeAtivos" xlink:to="RendimentosDeAplicacaoFinanceira" xlink:title="definition: ReceitasDeCapitalAlienacaoDeAtivos to RendimentosDeAplicacaoFinanceira" order="4.0"/>
    <link:loc xlink:type="locator" xlink:href="siconfi-rreo-anexo11_2020-12-31.xsd#siconfi-rreo-anexo11uniao_ReceitasTable" xlink:label="ReceitasTable" xlink:title="ReceitasTable"/>
    <link:definitionArc xlink:type="arc" xlink:arcrole="http://xbrl.org/int/dim/arcrole/all" xlink:from="ReceitasAbstract" xlink:to="ReceitasTable" xlink:title="definition: ReceitasAbstract to ReceitasTable" order="2.0" xbrldt:contextElement="segment" xbrldt:closed="true"/>
    <link:loc xlink:type="locator" xlink:href="../../../cor/dim/siconfi-dim_2020-12-31.xsd#siconfi-dim_RREO11ExecucaoDaReceitaAxis" xlink:label="RREO11ExecucaoDaReceitaAxis" xlink:title="RREO11ExecucaoDaReceitaAxis"/>
    <link:definitionArc xlink:type="arc" xlink:arcrole="http://xbrl.org/int/dim/arcrole/hypercube-dimension" xlink:from="ReceitasTable" xlink:to="RREO11ExecucaoDaReceitaAxis" xlink:title="definition: ReceitasTable to RREO11ExecucaoDaReceitaAxis" order="1.0"/>
    <link:loc xlink:type="locator" xlink:href="../../../cor/dim/siconfi-dim_2020-12-31.xsd#siconfi-dim_PrevisaoAtualizadaMember" xlink:label="PrevisaoAtualizadaMember" xlink:title="PrevisaoAtualizadaMember"/>
    <link:definitionArc xlink:type="arc" xlink:arcrole="http://xbrl.org/int/dim/arcrole/dimension-domain" xlink:from="RREO11ExecucaoDaReceitaAxis" xlink:to="PrevisaoAtualizadaMember" xlink:title="definition: RREO11ExecucaoDaReceitaAxis to PrevisaoAtualizadaMember" order="1.0"/>
    <link:loc xlink:type="locator" xlink:href="../../../cor/dim/siconfi-dim_2020-12-31.xsd#siconfi-dim_ReceitasRealizadasAteOBimestreMember" xlink:label="ReceitasRealizadasAteOBimestreMember" xlink:title="ReceitasRealizadasAteOBimestreMember"/>
    <link:definitionArc xlink:type="arc" xlink:arcrole="http://xbrl.org/int/dim/arcrole/dimension-domain" xlink:from="RREO11ExecucaoDaReceitaAxis" xlink:to="ReceitasRealizadasAteOBimestreMember" xlink:title="definition: RREO11ExecucaoDaReceitaAxis to ReceitasRealizadasAteOBimestreMember" order="2.0"/>
    <link:loc xlink:type="locator" xlink:href="../../../cor/dim/siconfi-dim_2020-12-31.xsd#siconfi-dim_SaldoReceitaMember" xlink:label="SaldoReceitaMember" xlink:title="SaldoReceitaMember"/>
    <link:definitionArc xlink:type="arc" xlink:arcrole="http://xbrl.org/int/dim/arcrole/dimension-domain" xlink:from="RREO11ExecucaoDaReceitaAxis" xlink:to="SaldoReceitaMember" xlink:title="definition: RREO11ExecucaoDaReceitaAxis to SaldoReceitaMember" order="3.0"/>
  </link:definitionLink>
  <link:definitionLink xlink:type="extended" xlink:role="http://fazenda.gov.br/siconfi/rep/rreo/anexo11/siconfi-rreo-anexo11-tabela11.0B">
    <link:loc xlink:type="locator" xlink:href="siconfi-rreo-anexo11_2020-12-31.xsd#siconfi-rreo-anexo11uniao_DespesasAbstract" xlink:label="DespesasAbstract" xlink:title="DespesasAbstract"/>
    <link:loc xlink:type="locator" xlink:href="siconfi-rreo-anexo11_2020-12-31.xsd#siconfi-rreo-anexo11uniao_DespesasLineItems" xlink:label="DespesasLineItems" xlink:title="DespesasLineItems"/>
    <link:definitionArc xlink:type="arc" xlink:arcrole="http://xbrl.org/int/dim/arcrole/domain-member" xlink:from="DespesasAbstract" xlink:to="DespesasLineItems" xlink:title="definition: DespesasAbstract to DespesasLineItems" order="1.0"/>
    <link:loc xlink:type="locator" xlink:href="../../../cor/ic/siconfi-cor_2020-12-31.xsd#siconfi-cor_AplicacaoDosRecursosDaAlienacaoDeAtivos" xlink:label="AplicacaoDosRecursosDaAlienacaoDeAtivos" xlink:title="AplicacaoDosRecursosDaAlienacaoDeAtivos"/>
    <link:definitionArc xlink:type="arc" xlink:arcrole="http://xbrl.org/int/dim/arcrole/domain-member" xlink:from="DespesasLineItems" xlink:to="AplicacaoDosRecursosDaAlienacaoDeAtivos" xlink:title="definition: DespesasLineItems to AplicacaoDosRecursosDaAlienacaoDeAtivos" order="1.0"/>
    <link:loc xlink:type="locator" xlink:href="../../../cor/ic/siconfi-cor_2020-12-31.xsd#siconfi-cor_DespesasDeCapitalDecorrentesDosRecursosDaAlienacaoDeAtivos" xlink:label="DespesasDeCapitalDecorrentesDosRecursosDaAlienacaoDeAtivos" xlink:title="DespesasDeCapitalDecorrentesDosRecursosDaAlienacaoDeAtivos"/>
    <link:definitionArc xlink:type="arc" xlink:arcrole="http://xbrl.org/int/dim/arcrole/domain-member" xlink:from="AplicacaoDosRecursosDaAlienacaoDeAtivos" xlink:to="DespesasDeCapitalDecorrentesDosRecursosDaAlienacaoDeAtivos" xlink:title="definition: AplicacaoDosRecursosDaAlienacaoDeAtivos to DespesasDeCapitalDecorrentesDosRecursosDaAlienacaoDeAtivos" order="1.0"/>
    <link:loc xlink:type="locator" xlink:href="../../../cor/ic/siconfi-cor_2020-12-31.xsd#siconfi-cor_InvestimentosDecorrentesDosRecursosDaAlienacaoDeAtivos" xlink:label="InvestimentosDecorrentesDosRecursosDaAlienacaoDeAtivos" xlink:title="InvestimentosDecorrentesDosRecursosDaAlienacaoDeAtivos"/>
    <link:definitionArc xlink:type="arc" xlink:arcrole="http://xbrl.org/int/dim/arcrole/domain-member" xlink:from="DespesasDeCapitalDecorrentesDosRecursosDaAlienacaoDeAtivos" xlink:to="InvestimentosDecorrentesDosRecursosDaAlienacaoDeAtivos" xlink:title="definition: DespesasDeCapitalDecorrentesDosRecursosDaAlienacaoDeAtivos to InvestimentosDecorrentesDosRecursosDaAlienacaoDeAtivos" order="1.0"/>
    <link:loc xlink:type="locator" xlink:href="../../../cor/ic/siconfi-cor_2020-12-31.xsd#siconfi-cor_InversoesFinanceirasDecorrentesDosRecursosDaAlienacaoDeAtivos" xlink:label="InversoesFinanceirasDecorrentesDosRecursosDaAlienacaoDeAtivos" xlink:title="InversoesFinanceirasDecorrentesDosRecursosDaAlienacaoDeAtivos"/>
    <link:definitionArc xlink:type="arc" xlink:arcrole="http://xbrl.org/int/dim/arcrole/domain-member" xlink:from="DespesasDeCapitalDecorrentesDosRecursosDaAlienacaoDeAtivos" xlink:to="InversoesFinanceirasDecorrentesDosRecursosDaAlienacaoDeAtivos" xlink:title="definition: DespesasDeCapitalDecorrentesDosRecursosDaAlienacaoDeAtivos to InversoesFinanceirasDecorrentesDosRecursosDaAlienacaoDeAtivos" order="2.0"/>
    <link:loc xlink:type="locator" xlink:href="../../../cor/ic/siconfi-cor_2020-12-31.xsd#siconfi-cor_AmortizacaoDaDividaDecorrentesDosRecursosDaAlienacaoDeAtivos" xlink:label="AmortizacaoDaDividaDecorrentesDosRecursosDaAlienacaoDeAtivos" xlink:title="AmortizacaoDaDividaDecorrentesDosRecursosDaAlienacaoDeAtivos"/>
    <link:definitionArc xlink:type="arc" xlink:arcrole="http://xbrl.org/int/dim/arcrole/domain-member" xlink:from="DespesasDeCapitalDecorrentesDosRecursosDaAlienacaoDeAtivos" xlink:to="AmortizacaoDaDividaDecorrentesDosRecursosDaAlienacaoDeAtivos" xlink:title="definition: DespesasDeCapitalDecorrentesDosRecursosDaAlienacaoDeAtivos to AmortizacaoDaDividaDecorrentesDosRecursosDaAlienacaoDeAtivos" order="3.0"/>
    <link:loc xlink:type="locator" xlink:href="../../../cor/ic/siconfi-cor_2020-12-31.xsd#siconfi-cor_DespesasCorrentesDosRegimesDePrevidenciaDecorrentesDosRecursosDaAlienacaoDeAtivos" xlink:label="DespesasCorrentesDosRegimesDePrevidenciaDecorrentesDosRecursosDaAlienacaoDeAtivos" xlink:title="DespesasCorrentesDosRegimesDePrevidenciaDecorrentesDosRecursosDaAlienacaoDeAtivos"/>
    <link:definitionArc xlink:type="arc" xlink:arcrole="http://xbrl.org/int/dim/arcrole/domain-member" xlink:from="AplicacaoDosRecursosDaAlienacaoDeAtivos" xlink:to="DespesasCorrentesDosRegimesDePrevidenciaDecorrentesDosRecursosDaAlienacaoDeAtivos" xlink:title="definition: AplicacaoDosRecursosDaAlienacaoDeAtivos to DespesasCorrentesDosRegimesDePrevidenciaDecorrentesDosRecursosDaAlienacaoDeAtivos" order="2.0"/>
    <link:loc xlink:type="locator" xlink:href="../../../cor/ic/siconfi-cor_2020-12-31.xsd#siconfi-cor_DespesasCorrentesDoRPPSDecorrentesDosRecursosDaAlienacaoDeAtivos" xlink:label="DespesasCorrentesDoRPPSDecorrentesDosRecursosDaAlienacaoDeAtivos" xlink:title="DespesasCorrentesDoRPPSDecorrentesDosRecursosDaAlienacaoDeAtivos"/>
    <link:definitionArc xlink:type="arc" xlink:arcrole="http://xbrl.org/int/dim/arcrole/domain-member" xlink:from="DespesasCorrentesDosRegimesDePrevidenciaDecorrentesDosRecursosDaAlienacaoDeAtivos" xlink:to="DespesasCorrentesDoRPPSDecorrentesDosRecursosDaAlienacaoDeAtivos" xlink:title="definition: DespesasCorrentesDosRegimesDePrevidenciaDecorrentesDosRecursosDaAlienacaoDeAtivos to DespesasCorrentesDoRPPSDecorrentesDosRecursosDaAlienacaoDeAtivos" order="2.0"/>
    <link:loc xlink:type="locator" xlink:href="../../../cor/ic/siconfi-cor_2020-12-31.xsd#siconfi-cor_DespesasCorrentesDoRGPSDecorrentesDosRecursosDaAlienacaoDeAtivos" xlink:label="DespesasCorrentesDoRGPSDecorrentesDosRecursosDaAlienacaoDeAtivos" xlink:title="DespesasCorrentesDoRGPSDecorrentesDosRecursosDaAlienacaoDeAtivos"/>
    <link:definitionArc xlink:type="arc" xlink:arcrole="http://xbrl.org/int/dim/arcrole/domain-member" xlink:from="DespesasCorrentesDosRegimesDePrevidenciaDecorrentesDosRecursosDaAlienacaoDeAtivos" xlink:to="DespesasCorrentesDoRGPSDecorrentesDosRecursosDaAlienacaoDeAtivos" xlink:title="definition: DespesasCorrentesDosRegimesDePrevidenciaDecorrentesDosRecursosDaAlienacaoDeAtivos to DespesasCorrentesDoRGPSDecorrentesDosRecursosDaAlienacaoDeAtivos" order="1.0"/>
    <link:loc xlink:type="locator" xlink:href="siconfi-rreo-anexo11_2020-12-31.xsd#siconfi-rreo-anexo11uniao_DespesasTable" xlink:label="DespesasTable" xlink:title="DespesasTable"/>
    <link:definitionArc xlink:type="arc" xlink:arcrole="http://xbrl.org/int/dim/arcrole/all" xlink:from="DespesasAbstract" xlink:to="DespesasTable" xlink:title="definition: DespesasAbstract to DespesasTable" order="2.0" xbrldt:contextElement="segment" xbrldt:closed="true"/>
    <link:loc xlink:type="locator" xlink:href="../../../cor/dim/siconfi-dim_2020-12-31.xsd#siconfi-dim_RREO11ExecucaoDaDespesaAxis" xlink:label="RREO11ExecucaoDaDespesaAxis" xlink:title="RREO11ExecucaoDaDespesaAxis"/>
    <link:definitionArc xlink:type="arc" xlink:arcrole="http://xbrl.org/int/dim/arcrole/hypercube-dimension" xlink:from="DespesasTable" xlink:to="RREO11ExecucaoDaDespesaAxis" xlink:title="definition: DespesasTable to RREO11ExecucaoDaDespesaAxis" order="1.0"/>
    <link:loc xlink:type="locator" xlink:href="../../../cor/dim/siconfi-dim_2020-12-31.xsd#siconfi-dim_DotacaoAtualizadaMember" xlink:label="DotacaoAtualizadaMember" xlink:title="DotacaoAtualizadaMember"/>
    <link:definitionArc xlink:type="arc" xlink:arcrole="http://xbrl.org/int/dim/arcrole/dimension-domain" xlink:from="RREO11ExecucaoDaDespesaAxis" xlink:to="DotacaoAtualizadaMember" xlink:title="definition: RREO11ExecucaoDaDespesaAxis to DotacaoAtualizadaMember" order="1.0"/>
    <link:loc xlink:type="locator" xlink:href="../../../cor/dim/siconfi-dim_2020-12-31.xsd#siconfi-dim_DespesasEmpenhadasMember" xlink:label="DespesasEmpenhadasMember" xlink:title="DespesasEmpenhadasMember"/>
    <link:definitionArc xlink:type="arc" xlink:arcrole="http://xbrl.org/int/dim/arcrole/dimension-domain" xlink:from="RREO11ExecucaoDaDespesaAxis" xlink:to="DespesasEmpenhadasMember" xlink:title="definition: RREO11ExecucaoDaDespesaAxis to DespesasEmpenhadasMember" order="2.0"/>
    <link:loc xlink:type="locator" xlink:href="../../../cor/dim/siconfi-dim_2020-12-31.xsd#siconfi-dim_DespesasLiquidadasMember" xlink:label="DespesasLiquidadasMember" xlink:title="DespesasLiquidadasMember"/>
    <link:definitionArc xlink:type="arc" xlink:arcrole="http://xbrl.org/int/dim/arcrole/dimension-domain" xlink:from="RREO11ExecucaoDaDespesaAxis" xlink:to="DespesasLiquidadasMember" xlink:title="definition: RREO11ExecucaoDaDespesaAxis to DespesasLiquidadasMember" order="3.0"/>
    <link:loc xlink:type="locator" xlink:href="../../../cor/dim/siconfi-dim_2020-12-31.xsd#siconfi-dim_DespesasPagasMember" xlink:label="DespesasPagasMember" xlink:title="DespesasPagasMember"/>
    <link:definitionArc xlink:type="arc" xlink:arcrole="http://xbrl.org/int/dim/arcrole/dimension-domain" xlink:from="RREO11ExecucaoDaDespesaAxis" xlink:to="DespesasPagasMember" xlink:title="definition: RREO11ExecucaoDaDespesaAxis to DespesasPagasMember" order="4.0"/>
    <link:loc xlink:type="locator" xlink:href="../../../cor/dim/siconfi-dim_2020-12-31.xsd#siconfi-dim_DespesasInscritasEmRestosAPagarNaoProcessadosMember" xlink:label="DespesasInscritasEmRestosAPagarNaoProcessadosMember" xlink:title="DespesasInscritasEmRestosAPagarNaoProcessadosMember"/>
    <link:definitionArc xlink:type="arc" xlink:arcrole="http://xbrl.org/int/dim/arcrole/dimension-domain" xlink:from="RREO11ExecucaoDaDespesaAxis" xlink:to="DespesasInscritasEmRestosAPagarNaoProcessadosMember" xlink:title="definition: RREO11ExecucaoDaDespesaAxis to DespesasInscritasEmRestosAPagarNaoProcessadosMember" order="5.0"/>
    <link:loc xlink:type="locator" xlink:href="../../../cor/dim/siconfi-dim_2020-12-31.xsd#siconfi-dim_PagamentoAteOBimestreRestosAPagarMember" xlink:label="PagamentoAteOBimestreRestosAPagarMember" xlink:title="PagamentoAteOBimestreRestosAPagarMember"/>
    <link:definitionArc xlink:type="arc" xlink:arcrole="http://xbrl.org/int/dim/arcrole/dimension-domain" xlink:from="RREO11ExecucaoDaDespesaAxis" xlink:to="PagamentoAteOBimestreRestosAPagarMember" xlink:title="definition: RREO11ExecucaoDaDespesaAxis to PagamentoAteOBimestreRestosAPagarMember" order="6.0"/>
    <link:loc xlink:type="locator" xlink:href="../../../cor/dim/siconfi-dim_2020-12-31.xsd#siconfi-dim_SaldoAPagarRestosAPagarMember" xlink:label="SaldoAPagarRestosAPagarMember" xlink:title="SaldoAPagarRestosAPagarMember"/>
    <link:definitionArc xlink:type="arc" xlink:arcrole="http://xbrl.org/int/dim/arcrole/dimension-domain" xlink:from="RREO11ExecucaoDaDespesaAxis" xlink:to="SaldoAPagarRestosAPagarMember" xlink:title="definition: RREO11ExecucaoDaDespesaAxis to SaldoAPagarRestosAPagarMember" order="7.0"/>
  </link:definitionLink>
  <link:definitionLink xlink:type="extended" xlink:role="http://fazenda.gov.br/siconfi/rep/rreo/anexo11/siconfi-rreo-anexo11-tabela11.0C">
    <link:loc xlink:type="locator" xlink:href="siconfi-rreo-anexo11_2020-12-31.xsd#siconfi-rreo-anexo11uniao_SaldoFinanceiroAbstract" xlink:label="SaldoFinanceiroAbstract" xlink:title="SaldoFinanceiroAbstract"/>
    <link:loc xlink:type="locator" xlink:href="siconfi-rreo-anexo11_2020-12-31.xsd#siconfi-rreo-anexo11uniao_SaldoFinanceiroLineItems" xlink:label="SaldoFinanceiroLineItems" xlink:title="SaldoFinanceiroLineItems"/>
    <link:definitionArc xlink:type="arc" xlink:arcrole="http://xbrl.org/int/dim/arcrole/domain-member" xlink:from="SaldoFinanceiroAbstract" xlink:to="SaldoFinanceiroLineItems" xlink:title="definition: SaldoFinanceiroAbstract to SaldoFinanceiroLineItems" order="1.0"/>
    <link:loc xlink:type="locator" xlink:href="../../../cor/ic/siconfi-cor_2020-12-31.xsd#siconfi-cor_SaldoFinanceiroAAplicarDosRecursosDaAlienacaoDeAtivos" xlink:label="SaldoFinanceiroAAplicarDosRecursosDaAlienacaoDeAtivos" xlink:title="SaldoFinanceiroAAplicarDosRecursosDaAlienacaoDeAtivos"/>
    <link:definitionArc xlink:type="arc" xlink:arcrole="http://xbrl.org/int/dim/arcrole/domain-member" xlink:from="SaldoFinanceiroLineItems" xlink:to="SaldoFinanceiroAAplicarDosRecursosDaAlienacaoDeAtivos" xlink:title="definition: SaldoFinanceiroLineItems to SaldoFinanceiroAAplicarDosRecursosDaAlienacaoDeAtivos" order="1.0"/>
    <link:loc xlink:type="locator" xlink:href="siconfi-rreo-anexo11_2020-12-31.xsd#siconfi-rreo-anexo11uniao_SaldoFinanceiroTable" xlink:label="SaldoFinanceiroTable" xlink:title="SaldoFinanceiroTable"/>
    <link:definitionArc xlink:type="arc" xlink:arcrole="http://xbrl.org/int/dim/arcrole/all" xlink:from="SaldoFinanceiroAbstract" xlink:to="SaldoFinanceiroTable" xlink:title="definition: SaldoFinanceiroAbstract to SaldoFinanceiroTable" order="2.0" xbrldt:contextElement="segment" xbrldt:closed="true"/>
    <link:loc xlink:type="locator" xlink:href="../../../cor/dim/siconfi-dim_2020-12-31.xsd#siconfi-dim_SaldoAxis" xlink:label="SaldoAxis" xlink:title="SaldoAxis"/>
    <link:definitionArc xlink:type="arc" xlink:arcrole="http://xbrl.org/int/dim/arcrole/hypercube-dimension" xlink:from="SaldoFinanceiroTable" xlink:to="SaldoAxis" xlink:title="definition: SaldoFinanceiroTable to SaldoAxis" order="1.0"/>
    <link:loc xlink:type="locator" xlink:href="../../../cor/dim/siconfi-dim_2020-12-31.xsd#siconfi-dim_ExercicioAnteriorMember" xlink:label="ExercicioAnteriorMember" xlink:title="ExercicioAnteriorMember"/>
    <link:definitionArc xlink:type="arc" xlink:arcrole="http://xbrl.org/int/dim/arcrole/dimension-domain" xlink:from="SaldoAxis" xlink:to="ExercicioAnteriorMember" xlink:title="definition: SaldoAxis to ExercicioAnteriorMember" order="1.0"/>
    <link:loc xlink:type="locator" xlink:href="../../../cor/dim/siconfi-dim_2020-12-31.xsd#siconfi-dim_ExercicioDeReferenciaMember" xlink:label="ExercicioDeReferenciaMember" xlink:title="ExercicioDeReferenciaMember"/>
    <link:definitionArc xlink:type="arc" xlink:arcrole="http://xbrl.org/int/dim/arcrole/dimension-domain" xlink:from="SaldoAxis" xlink:to="ExercicioDeReferenciaMember" xlink:title="definition: SaldoAxis to ExercicioDeReferenciaMember" order="2.0"/>
    <link:loc xlink:type="locator" xlink:href="../../../cor/dim/siconfi-dim_2020-12-31.xsd#siconfi-dim_SaldoAtualMember" xlink:label="SaldoAtualMember" xlink:title="SaldoAtualMember"/>
    <link:definitionArc xlink:type="arc" xlink:arcrole="http://xbrl.org/int/dim/arcrole/dimension-domain" xlink:from="SaldoAxis" xlink:to="SaldoAtualMember" xlink:title="definition: SaldoAxis to SaldoAtualMember" order="3.0"/>
  </link:definitionLink>
</link:linkbase>
