<?xml version="1.0" encoding="UTF-8"?>
<!-- Generated by Fujitsu Interstage XWand B0196 -->
<link:linkbase xmlns:xsi="http://www.w3.org/2001/XMLSchema-instance" xsi:schemaLocation="http://www.xbrl.org/2003/linkbase http://www.xbrl.org/2003/xbrl-linkbase-2003-12-31.xsd" xmlns:siconfi-rreo-anexo11="http://fazenda.gov.br/siconfi/rep/rreo/anexo11/siconfi-rreo-anexo11_2020-12-31" xmlns:link="http://www.xbrl.org/2003/linkbase" xmlns:xbrldt="http://xbrl.org/2005/xbrldt" xmlns:xlink="http://www.w3.org/1999/xlink" xmlns:xbrli="http://www.xbrl.org/2003/instance">
  <link:roleRef roleURI="http://fazenda.gov.br/siconfi/rep/rreo/anexo11/siconfi-rreo-anexo11-tabela11.0" xlink:type="simple" xlink:href="siconfi-rreo-anexo11_2020-12-31.xsd#siconfi-rreo-anexo11-tabela11.0"/>
  <link:presentationLink xlink:type="extended" xlink:role="http://fazenda.gov.br/siconfi/rep/rreo/anexo11/siconfi-rreo-anexo11-tabela11.0">
    <link:loc xlink:type="locator" xlink:href="siconfi-rreo-anexo11_2020-12-31.xsd#siconfi-rreo-anexo11uniao_DemonstrativoAnexo11Abstract" xlink:label="DemonstrativoAnexo11Abstract" xlink:title="DemonstrativoAnexo11Abstract"/>
    <link:loc xlink:type="locator" xlink:href="siconfi-rreo-anexo11_2020-12-31.xsd#siconfi-rreo-anexo11uniao_SaldoFinanceiroAbstract" xlink:label="SaldoFinanceiroAbstract" xlink:title="SaldoFinanceiroAbstract"/>
    <link:presentationArc xlink:type="arc" xlink:arcrole="http://www.xbrl.org/2003/arcrole/parent-child" xlink:from="DemonstrativoAnexo11Abstract" xlink:to="SaldoFinanceiroAbstract" xlink:title="presentation: DemonstrativoAnexo11Abstract to SaldoFinanceiroAbstract" order="3.0"/>
    <link:loc xlink:type="locator" xlink:href="siconfi-rreo-anexo11_2020-12-31.xsd#siconfi-rreo-anexo11uniao_SaldoFinanceiroLineItems" xlink:label="SaldoFinanceiroLineItems" xlink:title="SaldoFinanceiroLineItems"/>
    <link:presentationArc xlink:type="arc" xlink:arcrole="http://www.xbrl.org/2003/arcrole/parent-child" xlink:from="SaldoFinanceiroAbstract" xlink:to="SaldoFinanceiroLineItems" xlink:title="presentation: SaldoFinanceiroAbstract to SaldoFinanceiroLineItems" order="1.0"/>
    <link:loc xlink:type="locator" xlink:href="../../../cor/ic/siconfi-cor_2020-12-31.xsd#siconfi-cor_SaldoFinanceiroAAplicarDosRecursosDaAlienacaoDeAtivos" xlink:label="SaldoFinanceiroAAplicarDosRecursosDaAlienacaoDeAtivos" xlink:title="SaldoFinanceiroAAplicarDosRecursosDaAlienacaoDeAtivos"/>
    <link:presentationArc xlink:type="arc" xlink:arcrole="http://www.xbrl.org/2003/arcrole/parent-child" xlink:from="SaldoFinanceiroLineItems" xlink:to="SaldoFinanceiroAAplicarDosRecursosDaAlienacaoDeAtivos" xlink:title="presentation: SaldoFinanceiroLineItems to SaldoFinanceiroAAplicarDosRecursosDaAlienacaoDeAtivos" order="1.0"/>
    <link:loc xlink:type="locator" xlink:href="siconfi-rreo-anexo11_2020-12-31.xsd#siconfi-rreo-anexo11uniao_SaldoFinanceiroTable" xlink:label="SaldoFinanceiroTable" xlink:title="SaldoFinanceiroTable"/>
    <link:presentationArc xlink:type="arc" xlink:arcrole="http://www.xbrl.org/2003/arcrole/parent-child" xlink:from="SaldoFinanceiroAbstract" xlink:to="SaldoFinanceiroTable" xlink:title="presentation: SaldoFinanceiroAbstract to SaldoFinanceiroTable" order="2.0" xbrldt:contextElement="segment"/>
    <link:loc xlink:type="locator" xlink:href="../../../cor/dim/siconfi-dim_2020-12-31.xsd#siconfi-dim_SaldoAxis" xlink:label="SaldoAxis" xlink:title="SaldoAxis"/>
    <link:presentationArc xlink:type="arc" xlink:arcrole="http://www.xbrl.org/2003/arcrole/parent-child" xlink:from="SaldoFinanceiroTable" xlink:to="SaldoAxis" xlink:title="presentation: SaldoFinanceiroTable to SaldoAxis" order="1.0"/>
    <link:loc xlink:type="locator" xlink:href="../../../cor/dim/siconfi-dim_2020-12-31.xsd#siconfi-dim_ExercicioAnteriorMember" xlink:label="ExercicioAnteriorMember" xlink:title="ExercicioAnteriorMember"/>
    <link:presentationArc xlink:type="arc" xlink:arcrole="http://www.xbrl.org/2003/arcrole/parent-child" xlink:from="SaldoAxis" xlink:to="ExercicioAnteriorMember" xlink:title="presentation: SaldoAxis to ExercicioAnteriorMember" order="1.0"/>
    <link:loc xlink:type="locator" xlink:href="../../../cor/dim/siconfi-dim_2020-12-31.xsd#siconfi-dim_ExercicioDeReferenciaMember" xlink:label="ExercicioDeReferenciaMember" xlink:title="ExercicioDeReferenciaMember"/>
    <link:presentationArc xlink:type="arc" xlink:arcrole="http://www.xbrl.org/2003/arcrole/parent-child" xlink:from="SaldoAxis" xlink:to="ExercicioDeReferenciaMember" xlink:title="presentation: SaldoAxis to ExercicioDeReferenciaMember" order="2.0"/>
    <link:loc xlink:type="locator" xlink:href="../../../cor/dim/siconfi-dim_2020-12-31.xsd#siconfi-dim_SaldoAtualMember" xlink:label="SaldoAtualMember" xlink:title="SaldoAtualMember"/>
    <link:presentationArc xlink:type="arc" xlink:arcrole="http://www.xbrl.org/2003/arcrole/parent-child" xlink:from="SaldoAxis" xlink:to="SaldoAtualMember" xlink:title="presentation: SaldoAxis to SaldoAtualMember" order="3.0"/>
    <link:loc xlink:type="locator" xlink:href="siconfi-rreo-anexo11_2020-12-31.xsd#siconfi-rreo-anexo11uniao_ReceitasAbstract" xlink:label="ReceitasAbstract" xlink:title="ReceitasAbstract"/>
    <link:presentationArc xlink:type="arc" xlink:arcrole="http://www.xbrl.org/2003/arcrole/parent-child" xlink:from="DemonstrativoAnexo11Abstract" xlink:to="ReceitasAbstract" xlink:title="presentation: DemonstrativoAnexo11Abstract to ReceitasAbstract" order="1.0"/>
    <link:loc xlink:type="locator" xlink:href="siconfi-rreo-anexo11_2020-12-31.xsd#siconfi-rreo-anexo11uniao_ReceitasLineItems" xlink:label="ReceitasLineItems" xlink:title="ReceitasLineItems"/>
    <link:presentationArc xlink:type="arc" xlink:arcrole="http://www.xbrl.org/2003/arcrole/parent-child" xlink:from="ReceitasAbstract" xlink:to="ReceitasLineItems" xlink:title="presentation: ReceitasAbstract to ReceitasLineItems" order="1.0"/>
    <link:loc xlink:type="locator" xlink:href="../../../cor/ic/siconfi-cor_2020-12-31.xsd#siconfi-cor_ReceitasDeCapitalAlienacaoDeAtivos" xlink:label="ReceitasDeCapitalAlienacaoDeAtivos" xlink:title="ReceitasDeCapitalAlienacaoDeAtivos"/>
    <link:presentationArc xlink:type="arc" xlink:arcrole="http://www.xbrl.org/2003/arcrole/parent-child" xlink:from="ReceitasLineItems" xlink:to="ReceitasDeCapitalAlienacaoDeAtivos" xlink:title="presentation: ReceitasLineItems to ReceitasDeCapitalAlienacaoDeAtivos" order="1.0"/>
    <link:loc xlink:type="locator" xlink:href="../../../cor/ic/siconfi-cor_2020-12-31.xsd#siconfi-cor_RREO11AlienacaoDeBensImoveis" xlink:label="RREO11AlienacaoDeBensImoveis" xlink:title="RREO11AlienacaoDeBensImoveis"/>
    <link:presentationArc xlink:type="arc" xlink:arcrole="http://www.xbrl.org/2003/arcrole/parent-child" xlink:from="ReceitasDeCapitalAlienacaoDeAtivos" xlink:to="RREO11AlienacaoDeBensImoveis" xlink:title="presentation: ReceitasDeCapitalAlienacaoDeAtivos to RREO11AlienacaoDeBensImoveis" order="2.0"/>
    <link:loc xlink:type="locator" xlink:href="../../../cor/ic/siconfi-cor_2020-12-31.xsd#siconfi-cor_RREO11AlienacaoDeBensMoveis" xlink:label="RREO11AlienacaoDeBensMoveis" xlink:title="RREO11AlienacaoDeBensMoveis"/>
    <link:presentationArc xlink:type="arc" xlink:arcrole="http://www.xbrl.org/2003/arcrole/parent-child" xlink:from="ReceitasDeCapitalAlienacaoDeAtivos" xlink:to="RREO11AlienacaoDeBensMoveis" xlink:title="presentation: ReceitasDeCapitalAlienacaoDeAtivos to RREO11AlienacaoDeBensMoveis" order="1.0"/>
    <link:loc xlink:type="locator" xlink:href="../../../cor/ic/siconfi-cor_2020-12-31.xsd#siconfi-cor_RendimentosDeAplicacaoFinanceira" xlink:label="RendimentosDeAplicacaoFinanceira" xlink:title="RendimentosDeAplicacaoFinanceira"/>
    <link:presentationArc xlink:type="arc" xlink:arcrole="http://www.xbrl.org/2003/arcrole/parent-child" xlink:from="ReceitasDeCapitalAlienacaoDeAtivos" xlink:to="RendimentosDeAplicacaoFinanceira" xlink:title="presentation: ReceitasDeCapitalAlienacaoDeAtivos to RendimentosDeAplicacaoFinanceira" order="4.0"/>
    <link:loc xlink:type="locator" xlink:href="../../../cor/ic/siconfi-cor_2020-12-31.xsd#siconfi-cor_AlienacaoDeBensIntangiveis" xlink:label="AlienacaoDeBensIntangiveis" xlink:title="AlienacaoDeBensIntangiveis"/>
    <link:presentationArc xlink:type="arc" xlink:arcrole="http://www.xbrl.org/2003/arcrole/parent-child" xlink:from="ReceitasDeCapitalAlienacaoDeAtivos" xlink:to="AlienacaoDeBensIntangiveis" xlink:title="presentation: ReceitasDeCapitalAlienacaoDeAtivos to AlienacaoDeBensIntangiveis" order="3.0"/>
    <link:loc xlink:type="locator" xlink:href="siconfi-rreo-anexo11_2020-12-31.xsd#siconfi-rreo-anexo11uniao_ReceitasTable" xlink:label="ReceitasTable" xlink:title="ReceitasTable"/>
    <link:presentationArc xlink:type="arc" xlink:arcrole="http://www.xbrl.org/2003/arcrole/parent-child" xlink:from="ReceitasAbstract" xlink:to="ReceitasTable" xlink:title="presentation: ReceitasAbstract to ReceitasTable" order="2.0" xbrldt:contextElement="segment" xbrldt:closed="true"/>
    <link:loc xlink:type="locator" xlink:href="../../../cor/dim/siconfi-dim_2020-12-31.xsd#siconfi-dim_RREO11ExecucaoDaReceitaAxis" xlink:label="RREO11ExecucaoDaReceitaAxis" xlink:title="RREO11ExecucaoDaReceitaAxis"/>
    <link:presentationArc xlink:type="arc" xlink:arcrole="http://www.xbrl.org/2003/arcrole/parent-child" xlink:from="ReceitasTable" xlink:to="RREO11ExecucaoDaReceitaAxis" xlink:title="presentation: ReceitasTable to RREO11ExecucaoDaReceitaAxis" order="1.0"/>
    <link:loc xlink:type="locator" xlink:href="../../../cor/dim/siconfi-dim_2020-12-31.xsd#siconfi-dim_PrevisaoAtualizadaMember" xlink:label="PrevisaoAtualizadaMember" xlink:title="PrevisaoAtualizadaMember"/>
    <link:presentationArc xlink:type="arc" xlink:arcrole="http://www.xbrl.org/2003/arcrole/parent-child" xlink:from="RREO11ExecucaoDaReceitaAxis" xlink:to="PrevisaoAtualizadaMember" xlink:title="presentation: RREO11ExecucaoDaReceitaAxis to PrevisaoAtualizadaMember" order="1.0"/>
    <link:loc xlink:type="locator" xlink:href="../../../cor/dim/siconfi-dim_2020-12-31.xsd#siconfi-dim_ReceitasRealizadasAteOBimestreMember" xlink:label="ReceitasRealizadasAteOBimestreMember" xlink:title="ReceitasRealizadasAteOBimestreMember"/>
    <link:presentationArc xlink:type="arc" xlink:arcrole="http://www.xbrl.org/2003/arcrole/parent-child" xlink:from="RREO11ExecucaoDaReceitaAxis" xlink:to="ReceitasRealizadasAteOBimestreMember" xlink:title="presentation: RREO11ExecucaoDaReceitaAxis to ReceitasRealizadasAteOBimestreMember" order="2.0"/>
    <link:loc xlink:type="locator" xlink:href="../../../cor/dim/siconfi-dim_2020-12-31.xsd#siconfi-dim_SaldoReceitaMember" xlink:label="SaldoReceitaMember" xlink:title="SaldoReceitaMember"/>
    <link:presentationArc xlink:type="arc" xlink:arcrole="http://www.xbrl.org/2003/arcrole/parent-child" xlink:from="RREO11ExecucaoDaReceitaAxis" xlink:to="SaldoReceitaMember" xlink:title="presentation: RREO11ExecucaoDaReceitaAxis to SaldoReceitaMember" order="3.0"/>
    <link:loc xlink:type="locator" xlink:href="siconfi-rreo-anexo11_2020-12-31.xsd#siconfi-rreo-anexo11uniao_DespesasAbstract" xlink:label="DespesasAbstract" xlink:title="DespesasAbstract"/>
    <link:presentationArc xlink:type="arc" xlink:arcrole="http://www.xbrl.org/2003/arcrole/parent-child" xlink:from="DemonstrativoAnexo11Abstract" xlink:to="DespesasAbstract" xlink:title="presentation: DemonstrativoAnexo11Abstract to DespesasAbstract" order="2.0"/>
    <link:loc xlink:type="locator" xlink:href="siconfi-rreo-anexo11_2020-12-31.xsd#siconfi-rreo-anexo11uniao_DespesasLineItems" xlink:label="DespesasLineItems" xlink:title="DespesasLineItems"/>
    <link:presentationArc xlink:type="arc" xlink:arcrole="http://www.xbrl.org/2003/arcrole/parent-child" xlink:from="DespesasAbstract" xlink:to="DespesasLineItems" xlink:title="presentation: DespesasAbstract to DespesasLineItems" order="1.0"/>
    <link:loc xlink:type="locator" xlink:href="../../../cor/ic/siconfi-cor_2020-12-31.xsd#siconfi-cor_AplicacaoDosRecursosDaAlienacaoDeAtivos" xlink:label="AplicacaoDosRecursosDaAlienacaoDeAtivos" xlink:title="AplicacaoDosRecursosDaAlienacaoDeAtivos"/>
    <link:presentationArc xlink:type="arc" xlink:arcrole="http://www.xbrl.org/2003/arcrole/parent-child" xlink:from="DespesasLineItems" xlink:to="AplicacaoDosRecursosDaAlienacaoDeAtivos" xlink:title="presentation: DespesasLineItems to AplicacaoDosRecursosDaAlienacaoDeAtivos" order="1.0"/>
    <link:loc xlink:type="locator" xlink:href="../../../cor/ic/siconfi-cor_2020-12-31.xsd#siconfi-cor_DespesasDeCapitalDecorrentesDosRecursosDaAlienacaoDeAtivos" xlink:label="DespesasDeCapitalDecorrentesDosRecursosDaAlienacaoDeAtivos" xlink:title="DespesasDeCapitalDecorrentesDosRecursosDaAlienacaoDeAtivos"/>
    <link:presentationArc xlink:type="arc" xlink:arcrole="http://www.xbrl.org/2003/arcrole/parent-child" xlink:from="AplicacaoDosRecursosDaAlienacaoDeAtivos" xlink:to="DespesasDeCapitalDecorrentesDosRecursosDaAlienacaoDeAtivos" xlink:title="presentation: AplicacaoDosRecursosDaAlienacaoDeAtivos to DespesasDeCapitalDecorrentesDosRecursosDaAlienacaoDeAtivos" order="1.0"/>
    <link:loc xlink:type="locator" xlink:href="../../../cor/ic/siconfi-cor_2020-12-31.xsd#siconfi-cor_InvestimentosDecorrentesDosRecursosDaAlienacaoDeAtivos" xlink:label="InvestimentosDecorrentesDosRecursosDaAlienacaoDeAtivos" xlink:title="InvestimentosDecorrentesDosRecursosDaAlienacaoDeAtivos"/>
    <link:presentationArc xlink:type="arc" xlink:arcrole="http://www.xbrl.org/2003/arcrole/parent-child" xlink:from="DespesasDeCapitalDecorrentesDosRecursosDaAlienacaoDeAtivos" xlink:to="InvestimentosDecorrentesDosRecursosDaAlienacaoDeAtivos" xlink:title="presentation: DespesasDeCapitalDecorrentesDosRecursosDaAlienacaoDeAtivos to InvestimentosDecorrentesDosRecursosDaAlienacaoDeAtivos" order="1.0"/>
    <link:loc xlink:type="locator" xlink:href="../../../cor/ic/siconfi-cor_2020-12-31.xsd#siconfi-cor_InversoesFinanceirasDecorrentesDosRecursosDaAlienacaoDeAtivos" xlink:label="InversoesFinanceirasDecorrentesDosRecursosDaAlienacaoDeAtivos" xlink:title="InversoesFinanceirasDecorrentesDosRecursosDaAlienacaoDeAtivos"/>
    <link:presentationArc xlink:type="arc" xlink:arcrole="http://www.xbrl.org/2003/arcrole/parent-child" xlink:from="DespesasDeCapitalDecorrentesDosRecursosDaAlienacaoDeAtivos" xlink:to="InversoesFinanceirasDecorrentesDosRecursosDaAlienacaoDeAtivos" xlink:title="presentation: DespesasDeCapitalDecorrentesDosRecursosDaAlienacaoDeAtivos to InversoesFinanceirasDecorrentesDosRecursosDaAlienacaoDeAtivos" order="2.0"/>
    <link:loc xlink:type="locator" xlink:href="../../../cor/ic/siconfi-cor_2020-12-31.xsd#siconfi-cor_AmortizacaoDaDividaDecorrentesDosRecursosDaAlienacaoDeAtivos" xlink:label="AmortizacaoDaDividaDecorrentesDosRecursosDaAlienacaoDeAtivos" xlink:title="AmortizacaoDaDividaDecorrentesDosRecursosDaAlienacaoDeAtivos"/>
    <link:presentationArc xlink:type="arc" xlink:arcrole="http://www.xbrl.org/2003/arcrole/parent-child" xlink:from="DespesasDeCapitalDecorrentesDosRecursosDaAlienacaoDeAtivos" xlink:to="AmortizacaoDaDividaDecorrentesDosRecursosDaAlienacaoDeAtivos" xlink:title="presentation: DespesasDeCapitalDecorrentesDosRecursosDaAlienacaoDeAtivos to AmortizacaoDaDividaDecorrentesDosRecursosDaAlienacaoDeAtivos" order="3.0"/>
    <link:loc xlink:type="locator" xlink:href="../../../cor/ic/siconfi-cor_2020-12-31.xsd#siconfi-cor_DespesasCorrentesDosRegimesDePrevidenciaDecorrentesDosRecursosDaAlienacaoDeAtivos" xlink:label="DespesasCorrentesDosRegimesDePrevidenciaDecorrentesDosRecursosDaAlienacaoDeAtivos" xlink:title="DespesasCorrentesDosRegimesDePrevidenciaDecorrentesDosRecursosDaAlienacaoDeAtivos"/>
    <link:presentationArc xlink:type="arc" xlink:arcrole="http://www.xbrl.org/2003/arcrole/parent-child" xlink:from="AplicacaoDosRecursosDaAlienacaoDeAtivos" xlink:to="DespesasCorrentesDosRegimesDePrevidenciaDecorrentesDosRecursosDaAlienacaoDeAtivos" xlink:title="presentation: AplicacaoDosRecursosDaAlienacaoDeAtivos to DespesasCorrentesDosRegimesDePrevidenciaDecorrentesDosRecursosDaAlienacaoDeAtivos" order="2.0"/>
    <link:loc xlink:type="locator" xlink:href="../../../cor/ic/siconfi-cor_2020-12-31.xsd#siconfi-cor_DespesasCorrentesDoRPPSDecorrentesDosRecursosDaAlienacaoDeAtivos" xlink:label="DespesasCorrentesDoRPPSDecorrentesDosRecursosDaAlienacaoDeAtivos" xlink:title="DespesasCorrentesDoRPPSDecorrentesDosRecursosDaAlienacaoDeAtivos"/>
    <link:presentationArc xlink:type="arc" xlink:arcrole="http://www.xbrl.org/2003/arcrole/parent-child" xlink:from="DespesasCorrentesDosRegimesDePrevidenciaDecorrentesDosRecursosDaAlienacaoDeAtivos" xlink:to="DespesasCorrentesDoRPPSDecorrentesDosRecursosDaAlienacaoDeAtivos" xlink:title="presentation: DespesasCorrentesDosRegimesDePrevidenciaDecorrentesDosRecursosDaAlienacaoDeAtivos to DespesasCorrentesDoRPPSDecorrentesDosRecursosDaAlienacaoDeAtivos" order="2.0"/>
    <link:loc xlink:type="locator" xlink:href="../../../cor/ic/siconfi-cor_2020-12-31.xsd#siconfi-cor_DespesasCorrentesDoRGPSDecorrentesDosRecursosDaAlienacaoDeAtivos" xlink:label="DespesasCorrentesDoRGPSDecorrentesDosRecursosDaAlienacaoDeAtivos" xlink:title="DespesasCorrentesDoRGPSDecorrentesDosRecursosDaAlienacaoDeAtivos"/>
    <link:presentationArc xlink:type="arc" xlink:arcrole="http://www.xbrl.org/2003/arcrole/parent-child" xlink:from="DespesasCorrentesDosRegimesDePrevidenciaDecorrentesDosRecursosDaAlienacaoDeAtivos" xlink:to="DespesasCorrentesDoRGPSDecorrentesDosRecursosDaAlienacaoDeAtivos" xlink:title="presentation: DespesasCorrentesDosRegimesDePrevidenciaDecorrentesDosRecursosDaAlienacaoDeAtivos to DespesasCorrentesDoRGPSDecorrentesDosRecursosDaAlienacaoDeAtivos" order="1.0"/>
    <link:loc xlink:type="locator" xlink:href="siconfi-rreo-anexo11_2020-12-31.xsd#siconfi-rreo-anexo11uniao_DespesasTable" xlink:label="DespesasTable" xlink:title="DespesasTable"/>
    <link:presentationArc xlink:type="arc" xlink:arcrole="http://www.xbrl.org/2003/arcrole/parent-child" xlink:from="DespesasAbstract" xlink:to="DespesasTable" xlink:title="presentation: DespesasAbstract to DespesasTable" order="2.0" xbrldt:contextElement="segment" xbrldt:closed="true"/>
    <link:loc xlink:type="locator" xlink:href="../../../cor/dim/siconfi-dim_2020-12-31.xsd#siconfi-dim_RREO11ExecucaoDaDespesaAxis" xlink:label="RREO11ExecucaoDaDespesaAxis" xlink:title="RREO11ExecucaoDaDespesaAxis"/>
    <link:presentationArc xlink:type="arc" xlink:arcrole="http://www.xbrl.org/2003/arcrole/parent-child" xlink:from="DespesasTable" xlink:to="RREO11ExecucaoDaDespesaAxis" xlink:title="presentation: DespesasTable to RREO11ExecucaoDaDespesaAxis" order="1.0"/>
    <link:loc xlink:type="locator" xlink:href="../../../cor/dim/siconfi-dim_2020-12-31.xsd#siconfi-dim_DotacaoAtualizadaMember" xlink:label="DotacaoAtualizadaMember" xlink:title="DotacaoAtualizadaMember"/>
    <link:presentationArc xlink:type="arc" xlink:arcrole="http://www.xbrl.org/2003/arcrole/parent-child" xlink:from="RREO11ExecucaoDaDespesaAxis" xlink:to="DotacaoAtualizadaMember" xlink:title="presentation: RREO11ExecucaoDaDespesaAxis to DotacaoAtualizadaMember" order="1.0"/>
    <link:loc xlink:type="locator" xlink:href="../../../cor/dim/siconfi-dim_2020-12-31.xsd#siconfi-dim_DespesasEmpenhadasMember" xlink:label="DespesasEmpenhadasMember" xlink:title="DespesasEmpenhadasMember"/>
    <link:presentationArc xlink:type="arc" xlink:arcrole="http://www.xbrl.org/2003/arcrole/parent-child" xlink:from="RREO11ExecucaoDaDespesaAxis" xlink:to="DespesasEmpenhadasMember" xlink:title="presentation: RREO11ExecucaoDaDespesaAxis to DespesasEmpenhadasMember" order="2.0"/>
    <link:loc xlink:type="locator" xlink:href="../../../cor/dim/siconfi-dim_2020-12-31.xsd#siconfi-dim_DespesasLiquidadasMember" xlink:label="DespesasLiquidadasMember" xlink:title="DespesasLiquidadasMember"/>
    <link:presentationArc xlink:type="arc" xlink:arcrole="http://www.xbrl.org/2003/arcrole/parent-child" xlink:from="RREO11ExecucaoDaDespesaAxis" xlink:to="DespesasLiquidadasMember" xlink:title="presentation: RREO11ExecucaoDaDespesaAxis to DespesasLiquidadasMember" order="3.0"/>
    <link:loc xlink:type="locator" xlink:href="../../../cor/dim/siconfi-dim_2020-12-31.xsd#siconfi-dim_DespesasPagasMember" xlink:label="DespesasPagasMember" xlink:title="DespesasPagasMember"/>
    <link:presentationArc xlink:type="arc" xlink:arcrole="http://www.xbrl.org/2003/arcrole/parent-child" xlink:from="RREO11ExecucaoDaDespesaAxis" xlink:to="DespesasPagasMember" xlink:title="presentation: RREO11ExecucaoDaDespesaAxis to DespesasPagasMember" order="4.0"/>
    <link:loc xlink:type="locator" xlink:href="../../../cor/dim/siconfi-dim_2020-12-31.xsd#siconfi-dim_DespesasInscritasEmRestosAPagarNaoProcessadosMember" xlink:label="DespesasInscritasEmRestosAPagarNaoProcessadosMember" xlink:title="DespesasInscritasEmRestosAPagarNaoProcessadosMember"/>
    <link:presentationArc xlink:type="arc" xlink:arcrole="http://www.xbrl.org/2003/arcrole/parent-child" xlink:from="RREO11ExecucaoDaDespesaAxis" xlink:to="DespesasInscritasEmRestosAPagarNaoProcessadosMember" xlink:title="presentation: RREO11ExecucaoDaDespesaAxis to DespesasInscritasEmRestosAPagarNaoProcessadosMember" order="5.0"/>
    <link:loc xlink:type="locator" xlink:href="../../../cor/dim/siconfi-dim_2020-12-31.xsd#siconfi-dim_PagamentoAteOBimestreRestosAPagarMember" xlink:label="PagamentoAteOBimestreRestosAPagarMember" xlink:title="PagamentoAteOBimestreRestosAPagarMember"/>
    <link:presentationArc xlink:type="arc" xlink:arcrole="http://www.xbrl.org/2003/arcrole/parent-child" xlink:from="RREO11ExecucaoDaDespesaAxis" xlink:to="PagamentoAteOBimestreRestosAPagarMember" xlink:title="presentation: RREO11ExecucaoDaDespesaAxis to PagamentoAteOBimestreRestosAPagarMember" order="6.0"/>
    <link:loc xlink:type="locator" xlink:href="../../../cor/dim/siconfi-dim_2020-12-31.xsd#siconfi-dim_SaldoAPagarRestosAPagarMember" xlink:label="SaldoAPagarRestosAPagarMember" xlink:title="SaldoAPagarRestosAPagarMember"/>
    <link:presentationArc xlink:type="arc" xlink:arcrole="http://www.xbrl.org/2003/arcrole/parent-child" xlink:from="RREO11ExecucaoDaDespesaAxis" xlink:to="SaldoAPagarRestosAPagarMember" xlink:title="presentation: RREO11ExecucaoDaDespesaAxis to SaldoAPagarRestosAPagarMember" order="7.0"/>
    <link:loc xlink:type="locator" xlink:href="siconfi-rreo-anexo11_2020-12-31.xsd#siconfi-rreo-anexo11_FonteAnexo11Tabela11.0Abstract" xlink:label="FonteAnexo11Tabela11.0Abstract" xlink:title="FonteAnexo11Tabela11.0Abstract"/>
    <link:presentationArc xlink:type="arc" xlink:arcrole="http://www.xbrl.org/2003/arcrole/parent-child" xlink:from="DemonstrativoAnexo11Abstract" xlink:to="FonteAnexo11Tabela11.0Abstract" xlink:title="presentation: DemonstrativoAnexo11Abstract to FonteAnexo11Tabela11.0Abstract" order="4.0"/>
    <link:loc xlink:type="locator" xlink:href="siconfi-rreo-anexo11_2020-12-31.xsd#siconfi-rreo-anexo11_FonteAnexo11Tabela11.0LineItems" xlink:label="FonteAnexo11Tabela11.0LineItems" xlink:title="FonteAnexo11Tabela11.0LineItems"/>
    <link:presentationArc xlink:type="arc" xlink:arcrole="http://www.xbrl.org/2003/arcrole/parent-child" xlink:from="FonteAnexo11Tabela11.0Abstract" xlink:to="FonteAnexo11Tabela11.0LineItems" xlink:title="presentation: FonteAnexo11Tabela11.0Abstract to FonteAnexo11Tabela11.0LineItems" order="1.0"/>
    <link:loc xlink:type="locator" xlink:href="../../../cor/ic/siconfi-cor_2020-12-31.xsd#siconfi-cor_FonteAnexo11Tabela11.0RREO" xlink:label="FonteAnexo11Tabela11.0RREO" xlink:title="FonteAnexo11Tabela11.0RREO"/>
    <link:presentationArc xlink:type="arc" xlink:arcrole="http://www.xbrl.org/2003/arcrole/parent-child" xlink:from="FonteAnexo11Tabela11.0LineItems" xlink:to="FonteAnexo11Tabela11.0RREO" xlink:title="presentation: FonteAnexo11Tabela11.0LineItems to FonteAnexo11Tabela11.0RREO" order="1.0"/>
  </link:presentationLink>
</link:linkbase>
