<?xml version="1.0" encoding="UTF-8"?>
<!-- Generated by Fujitsu Interstage XWand B0196 -->
<link:linkbase xmlns:xsi="http://www.w3.org/2001/XMLSchema-instance" xsi:schemaLocation="http://www.xbrl.org/2003/linkbase http://www.xbrl.org/2003/xbrl-linkbase-2003-12-31.xsd" xmlns:siconfi-rreo-anexo10rppsuniao="http://fazenda.gov.br/siconfi/rep/rreo/anexo10rppsuniao/siconfi-rreo-anexo10rppsuniao_2019-12-31" xmlns:link="http://www.xbrl.org/2003/linkbase" xmlns:xbrldt="http://xbrl.org/2005/xbrldt" xmlns:xlink="http://www.w3.org/1999/xlink" xmlns:xbrli="http://www.xbrl.org/2003/instance">
  <link:roleRef roleURI="http://fazenda.gov.br/siconfi/rep/rreo/anexo10rppsuniao/siconfi-rreo-anexo10-tabela10.1" xlink:type="simple" xlink:href="siconfi-rreo-anexo10rppsuniao_2019-12-31.xsd#siconfi-rreo-anexo10-tabela10.1"/>
  <link:roleRef roleURI="http://fazenda.gov.br/siconfi/rep/rreo/anexo10rppsuniao/siconfi-rreo-anexo10-tabela10.1A" xlink:type="simple" xlink:href="siconfi-rreo-anexo10rppsuniao_2019-12-31.xsd#siconfi-rreo-anexo10-tabela10.1A"/>
  <link:arcroleRef arcroleURI="http://xbrl.org/int/dim/arcrole/all" xlink:type="simple" xlink:href="http://www.xbrl.org/2005/xbrldt-2005.xsd#all"/>
  <link:arcroleRef arcroleURI="http://xbrl.org/int/dim/arcrole/domain-member" xlink:type="simple" xlink:href="http://www.xbrl.org/2005/xbrldt-2005.xsd#domain-member"/>
  <link:arcroleRef arcroleURI="http://xbrl.org/int/dim/arcrole/dimension-domain" xlink:type="simple" xlink:href="http://www.xbrl.org/2005/xbrldt-2005.xsd#dimension-domain"/>
  <link:arcroleRef arcroleURI="http://xbrl.org/int/dim/arcrole/hypercube-dimension" xlink:type="simple" xlink:href="http://www.xbrl.org/2005/xbrldt-2005.xsd#hypercube-dimension"/>
  <link:definitionLink xlink:type="extended" xlink:role="http://fazenda.gov.br/siconfi/rep/rreo/anexo10rppsuniao/siconfi-rreo-anexo10-tabela10.1A">
    <link:loc xlink:type="locator" xlink:href="siconfi-rreo-anexo10rppsuniao_2019-12-31.xsd#siconfi-rreo-anexo10rppsuniao_ProjecaoAtuarialDoRPPSPlanoPrevidenciarioAbstract" xlink:label="ProjecaoAtuarialDoRPPSAbstract" xlink:title="ProjecaoAtuarialDoRPPSAbstract"/>
    <link:loc xlink:type="locator" xlink:href="siconfi-rreo-anexo10rppsuniao_2019-12-31.xsd#siconfi-rreo-anexo10rppsuniao_ProjecaoAtuarialDoRPPSPlanoPrevidenciarioLineItems" xlink:label="ProjecaoAtuarialDoRPPSLineItems" xlink:title="ProjecaoAtuarialDoRPPSLineItems"/>
    <link:definitionArc xlink:type="arc" xlink:arcrole="http://xbrl.org/int/dim/arcrole/domain-member" xlink:from="ProjecaoAtuarialDoRPPSAbstract" xlink:to="ProjecaoAtuarialDoRPPSLineItems" xlink:title="definition: ProjecaoAtuarialDoRPPSAbstract to ProjecaoAtuarialDoRPPSLineItems" order="1.0"/>
    <link:loc xlink:type="locator" xlink:href="../../../cor/ic/siconfi-cor_2019-12-31.xsd#siconfi-cor_ReceitasPrevidenciariasValor" xlink:label="ReceitasPrevidenciariasValor" xlink:title="ReceitasPrevidenciariasValor"/>
    <link:definitionArc xlink:type="arc" xlink:arcrole="http://xbrl.org/int/dim/arcrole/domain-member" xlink:from="ProjecaoAtuarialDoRPPSLineItems" xlink:to="ReceitasPrevidenciariasValor" xlink:title="definition: ProjecaoAtuarialDoRPPSLineItems to ReceitasPrevidenciariasValor" order="1.0"/>
    <link:loc xlink:type="locator" xlink:href="../../../cor/ic/siconfi-cor_2019-12-31.xsd#siconfi-cor_DespesasPrevidenciariasValor" xlink:label="DespesasPrevidenciariasValor" xlink:title="DespesasPrevidenciariasValor"/>
    <link:definitionArc xlink:type="arc" xlink:arcrole="http://xbrl.org/int/dim/arcrole/domain-member" xlink:from="ProjecaoAtuarialDoRPPSLineItems" xlink:to="DespesasPrevidenciariasValor" xlink:title="definition: ProjecaoAtuarialDoRPPSLineItems to DespesasPrevidenciariasValor" order="2.0"/>
    <link:loc xlink:type="locator" xlink:href="../../../cor/ic/siconfi-cor_2019-12-31.xsd#siconfi-cor_ResultadoPrevidenciarioValor" xlink:label="ResultadoPrevidenciarioValor" xlink:title="ResultadoPrevidenciarioValor"/>
    <link:definitionArc xlink:type="arc" xlink:arcrole="http://xbrl.org/int/dim/arcrole/domain-member" xlink:from="ProjecaoAtuarialDoRPPSLineItems" xlink:to="ResultadoPrevidenciarioValor" xlink:title="definition: ProjecaoAtuarialDoRPPSLineItems to ResultadoPrevidenciarioValor" order="3.0"/>
    <link:loc xlink:type="locator" xlink:href="../../../cor/ic/siconfi-cor_2019-12-31.xsd#siconfi-cor_RPPSSaldoFinanceiroDoExercicio" xlink:label="RPPSSaldoFinanceiroDoExercicio" xlink:title="RPPSSaldoFinanceiroDoExercicio"/>
    <link:definitionArc xlink:type="arc" xlink:arcrole="http://xbrl.org/int/dim/arcrole/domain-member" xlink:from="ProjecaoAtuarialDoRPPSLineItems" xlink:to="RPPSSaldoFinanceiroDoExercicio" xlink:title="definition: ProjecaoAtuarialDoRPPSLineItems to RPPSSaldoFinanceiroDoExercicio" order="4.0"/>
    <link:loc xlink:type="locator" xlink:href="siconfi-rreo-anexo10rppsuniao_2019-12-31.xsd#siconfi-rreo-anexo10rppsuniao_ProjecaoAtuarialDoRPPSPlanoPrevidenciarioTable" xlink:label="ProjecaoAtuarialDoRPPSTable" xlink:title="ProjecaoAtuarialDoRPPSTable"/>
    <link:definitionArc xlink:type="arc" xlink:arcrole="http://xbrl.org/int/dim/arcrole/all" xlink:from="ProjecaoAtuarialDoRPPSAbstract" xlink:to="ProjecaoAtuarialDoRPPSTable" xlink:title="definition: ProjecaoAtuarialDoRPPSAbstract to ProjecaoAtuarialDoRPPSTable" order="2.0" xbrldt:contextElement="segment" xbrldt:closed="true"/>
    <link:loc xlink:type="locator" xlink:href="../../../cor/dim/siconfi-dim_2019-12-31.xsd#siconfi-dim_ProjecaoAtuarialDoRPPSAxis" xlink:label="ProjecaoAtuarialDoRPPSAxis" xlink:title="ProjecaoAtuarialDoRPPSAxis"/>
    <link:definitionArc xlink:type="arc" xlink:arcrole="http://xbrl.org/int/dim/arcrole/hypercube-dimension" xlink:from="ProjecaoAtuarialDoRPPSTable" xlink:to="ProjecaoAtuarialDoRPPSAxis" xlink:title="definition: ProjecaoAtuarialDoRPPSTable to ProjecaoAtuarialDoRPPSAxis" order="1.0"/>
    <link:loc xlink:type="locator" xlink:href="../../../cor/dim/siconfi-dim_2019-12-31.xsd#siconfi-dim_AnoDeReferenciaMenosUmMember" xlink:label="AnoDeReferenciaMenosUmMember" xlink:title="AnoDeReferenciaMenosUmMember"/>
    <link:definitionArc xlink:type="arc" xlink:arcrole="http://xbrl.org/int/dim/arcrole/dimension-domain" xlink:from="ProjecaoAtuarialDoRPPSAxis" xlink:to="AnoDeReferenciaMenosUmMember" xlink:title="definition: ProjecaoAtuarialDoRPPSAxis to AnoDeReferenciaMenosUmMember" order="1.0"/>
    <link:loc xlink:type="locator" xlink:href="../../../cor/dim/siconfi-dim_2019-12-31.xsd#siconfi-dim_AnoDeReferenciaMember" xlink:label="AnoDeReferenciaMember" xlink:title="AnoDeReferenciaMember"/>
    <link:definitionArc xlink:type="arc" xlink:arcrole="http://xbrl.org/int/dim/arcrole/dimension-domain" xlink:from="ProjecaoAtuarialDoRPPSAxis" xlink:to="AnoDeReferenciaMember" xlink:title="definition: ProjecaoAtuarialDoRPPSAxis to AnoDeReferenciaMember" order="2.0"/>
    <link:loc xlink:type="locator" xlink:href="../../../cor/dim/siconfi-dim_2019-12-31.xsd#siconfi-dim_AnoDeReferenciaMaisUmMember" xlink:label="AnoDeReferenciaMaisUmMember" xlink:title="AnoDeReferenciaMaisUmMember"/>
    <link:definitionArc xlink:type="arc" xlink:arcrole="http://xbrl.org/int/dim/arcrole/dimension-domain" xlink:from="ProjecaoAtuarialDoRPPSAxis" xlink:to="AnoDeReferenciaMaisUmMember" xlink:title="definition: ProjecaoAtuarialDoRPPSAxis to AnoDeReferenciaMaisUmMember" order="3.0"/>
    <link:loc xlink:type="locator" xlink:href="../../../cor/dim/siconfi-dim_2019-12-31.xsd#siconfi-dim_AnoDeReferenciaMaisDoisMember" xlink:label="AnoDeReferenciaMaisDoisMember" xlink:title="AnoDeReferenciaMaisDoisMember"/>
    <link:definitionArc xlink:type="arc" xlink:arcrole="http://xbrl.org/int/dim/arcrole/dimension-domain" xlink:from="ProjecaoAtuarialDoRPPSAxis" xlink:to="AnoDeReferenciaMaisDoisMember" xlink:title="definition: ProjecaoAtuarialDoRPPSAxis to AnoDeReferenciaMaisDoisMember" order="4.0"/>
    <link:loc xlink:type="locator" xlink:href="../../../cor/dim/siconfi-dim_2019-12-31.xsd#siconfi-dim_AnoDeReferenciaMaisTresMember" xlink:label="AnoDeReferenciaMaisTresMember" xlink:title="AnoDeReferenciaMaisTresMember"/>
    <link:definitionArc xlink:type="arc" xlink:arcrole="http://xbrl.org/int/dim/arcrole/dimension-domain" xlink:from="ProjecaoAtuarialDoRPPSAxis" xlink:to="AnoDeReferenciaMaisTresMember" xlink:title="definition: ProjecaoAtuarialDoRPPSAxis to AnoDeReferenciaMaisTresMember" order="5.0"/>
    <link:loc xlink:type="locator" xlink:href="../../../cor/dim/siconfi-dim_2019-12-31.xsd#siconfi-dim_AnoDeReferenciaMaisQuatroMember" xlink:label="AnoDeReferenciaMaisQuatroMember" xlink:title="AnoDeReferenciaMaisQuatroMember"/>
    <link:definitionArc xlink:type="arc" xlink:arcrole="http://xbrl.org/int/dim/arcrole/dimension-domain" xlink:from="ProjecaoAtuarialDoRPPSAxis" xlink:to="AnoDeReferenciaMaisQuatroMember" xlink:title="definition: ProjecaoAtuarialDoRPPSAxis to AnoDeReferenciaMaisQuatroMember" order="6.0"/>
    <link:loc xlink:type="locator" xlink:href="../../../cor/dim/siconfi-dim_2019-12-31.xsd#siconfi-dim_AnoDeReferenciaMaisCincoMember" xlink:label="AnoDeReferenciaMaisCincoMember" xlink:title="AnoDeReferenciaMaisCincoMember"/>
    <link:definitionArc xlink:type="arc" xlink:arcrole="http://xbrl.org/int/dim/arcrole/dimension-domain" xlink:from="ProjecaoAtuarialDoRPPSAxis" xlink:to="AnoDeReferenciaMaisCincoMember" xlink:title="definition: ProjecaoAtuarialDoRPPSAxis to AnoDeReferenciaMaisCincoMember" order="7.0"/>
    <link:loc xlink:type="locator" xlink:href="../../../cor/dim/siconfi-dim_2019-12-31.xsd#siconfi-dim_AnoDeReferenciaMaisSeisMember" xlink:label="AnoDeReferenciaMaisSeisMember" xlink:title="AnoDeReferenciaMaisSeisMember"/>
    <link:definitionArc xlink:type="arc" xlink:arcrole="http://xbrl.org/int/dim/arcrole/dimension-domain" xlink:from="ProjecaoAtuarialDoRPPSAxis" xlink:to="AnoDeReferenciaMaisSeisMember" xlink:title="definition: ProjecaoAtuarialDoRPPSAxis to AnoDeReferenciaMaisSeisMember" order="8.0"/>
    <link:loc xlink:type="locator" xlink:href="../../../cor/dim/siconfi-dim_2019-12-31.xsd#siconfi-dim_AnoDeReferenciaMaisSeteMember" xlink:label="AnoDeReferenciaMaisSeteMember" xlink:title="AnoDeReferenciaMaisSeteMember"/>
    <link:definitionArc xlink:type="arc" xlink:arcrole="http://xbrl.org/int/dim/arcrole/dimension-domain" xlink:from="ProjecaoAtuarialDoRPPSAxis" xlink:to="AnoDeReferenciaMaisSeteMember" xlink:title="definition: ProjecaoAtuarialDoRPPSAxis to AnoDeReferenciaMaisSeteMember" order="9.0"/>
    <link:loc xlink:type="locator" xlink:href="../../../cor/dim/siconfi-dim_2019-12-31.xsd#siconfi-dim_AnoDeReferenciaMaisOitoMember" xlink:label="AnoDeReferenciaMaisOitoMember" xlink:title="AnoDeReferenciaMaisOitoMember"/>
    <link:definitionArc xlink:type="arc" xlink:arcrole="http://xbrl.org/int/dim/arcrole/dimension-domain" xlink:from="ProjecaoAtuarialDoRPPSAxis" xlink:to="AnoDeReferenciaMaisOitoMember" xlink:title="definition: ProjecaoAtuarialDoRPPSAxis to AnoDeReferenciaMaisOitoMember" order="10.0"/>
    <link:loc xlink:type="locator" xlink:href="../../../cor/dim/siconfi-dim_2019-12-31.xsd#siconfi-dim_AnoDeReferenciaMaisNoveMember" xlink:label="AnoDeReferenciaMaisNoveMember" xlink:title="AnoDeReferenciaMaisNoveMember"/>
    <link:definitionArc xlink:type="arc" xlink:arcrole="http://xbrl.org/int/dim/arcrole/dimension-domain" xlink:from="ProjecaoAtuarialDoRPPSAxis" xlink:to="AnoDeReferenciaMaisNoveMember" xlink:title="definition: ProjecaoAtuarialDoRPPSAxis to AnoDeReferenciaMaisNoveMember" order="11.0"/>
    <link:loc xlink:type="locator" xlink:href="../../../cor/dim/siconfi-dim_2019-12-31.xsd#siconfi-dim_AnoDeReferenciaMaisDezMember" xlink:label="AnoDeReferenciaMaisDezMember" xlink:title="AnoDeReferenciaMaisDezMember"/>
    <link:definitionArc xlink:type="arc" xlink:arcrole="http://xbrl.org/int/dim/arcrole/dimension-domain" xlink:from="ProjecaoAtuarialDoRPPSAxis" xlink:to="AnoDeReferenciaMaisDezMember" xlink:title="definition: ProjecaoAtuarialDoRPPSAxis to AnoDeReferenciaMaisDezMember" order="12.0"/>
    <link:loc xlink:type="locator" xlink:href="../../../cor/dim/siconfi-dim_2019-12-31.xsd#siconfi-dim_AnoDeReferenciaMaisOnzeMember" xlink:label="AnoDeReferenciaMaisOnzeMember" xlink:title="AnoDeReferenciaMaisOnzeMember"/>
    <link:definitionArc xlink:type="arc" xlink:arcrole="http://xbrl.org/int/dim/arcrole/dimension-domain" xlink:from="ProjecaoAtuarialDoRPPSAxis" xlink:to="AnoDeReferenciaMaisOnzeMember" xlink:title="definition: ProjecaoAtuarialDoRPPSAxis to AnoDeReferenciaMaisOnzeMember" order="13.0"/>
    <link:loc xlink:type="locator" xlink:href="../../../cor/dim/siconfi-dim_2019-12-31.xsd#siconfi-dim_AnoDeReferenciaMaisDozeMember" xlink:label="AnoDeReferenciaMaisDozeMember" xlink:title="AnoDeReferenciaMaisDozeMember"/>
    <link:definitionArc xlink:type="arc" xlink:arcrole="http://xbrl.org/int/dim/arcrole/dimension-domain" xlink:from="ProjecaoAtuarialDoRPPSAxis" xlink:to="AnoDeReferenciaMaisDozeMember" xlink:title="definition: ProjecaoAtuarialDoRPPSAxis to AnoDeReferenciaMaisDozeMember" order="14.0"/>
    <link:loc xlink:type="locator" xlink:href="../../../cor/dim/siconfi-dim_2019-12-31.xsd#siconfi-dim_AnoDeReferenciaMaisTrezeMember" xlink:label="AnoDeReferenciaMaisTrezeMember" xlink:title="AnoDeReferenciaMaisTrezeMember"/>
    <link:definitionArc xlink:type="arc" xlink:arcrole="http://xbrl.org/int/dim/arcrole/dimension-domain" xlink:from="ProjecaoAtuarialDoRPPSAxis" xlink:to="AnoDeReferenciaMaisTrezeMember" xlink:title="definition: ProjecaoAtuarialDoRPPSAxis to AnoDeReferenciaMaisTrezeMember" order="15.0"/>
    <link:loc xlink:type="locator" xlink:href="../../../cor/dim/siconfi-dim_2019-12-31.xsd#siconfi-dim_AnoDeReferenciaMaisQuatorzeMember" xlink:label="AnoDeReferenciaMaisQuatorzeMember" xlink:title="AnoDeReferenciaMaisQuatorzeMember"/>
    <link:definitionArc xlink:type="arc" xlink:arcrole="http://xbrl.org/int/dim/arcrole/dimension-domain" xlink:from="ProjecaoAtuarialDoRPPSAxis" xlink:to="AnoDeReferenciaMaisQuatorzeMember" xlink:title="definition: ProjecaoAtuarialDoRPPSAxis to AnoDeReferenciaMaisQuatorzeMember" order="16.0"/>
    <link:loc xlink:type="locator" xlink:href="../../../cor/dim/siconfi-dim_2019-12-31.xsd#siconfi-dim_AnoDeReferenciaMaisQuinzeMember" xlink:label="AnoDeReferenciaMaisQuinzeMember" xlink:title="AnoDeReferenciaMaisQuinzeMember"/>
    <link:definitionArc xlink:type="arc" xlink:arcrole="http://xbrl.org/int/dim/arcrole/dimension-domain" xlink:from="ProjecaoAtuarialDoRPPSAxis" xlink:to="AnoDeReferenciaMaisQuinzeMember" xlink:title="definition: ProjecaoAtuarialDoRPPSAxis to AnoDeReferenciaMaisQuinzeMember" order="17.0"/>
    <link:loc xlink:type="locator" xlink:href="../../../cor/dim/siconfi-dim_2019-12-31.xsd#siconfi-dim_AnoDeReferenciaMaisDezesseisMember" xlink:label="AnoDeReferenciaMaisDezesseisMember" xlink:title="AnoDeReferenciaMaisDezesseisMember"/>
    <link:definitionArc xlink:type="arc" xlink:arcrole="http://xbrl.org/int/dim/arcrole/dimension-domain" xlink:from="ProjecaoAtuarialDoRPPSAxis" xlink:to="AnoDeReferenciaMaisDezesseisMember" xlink:title="definition: ProjecaoAtuarialDoRPPSAxis to AnoDeReferenciaMaisDezesseisMember" order="18.0"/>
    <link:loc xlink:type="locator" xlink:href="../../../cor/dim/siconfi-dim_2019-12-31.xsd#siconfi-dim_AnoDeReferenciaMaisDezesseteMember" xlink:label="AnoDeReferenciaMaisDezesseteMember" xlink:title="AnoDeReferenciaMaisDezesseteMember"/>
    <link:definitionArc xlink:type="arc" xlink:arcrole="http://xbrl.org/int/dim/arcrole/dimension-domain" xlink:from="ProjecaoAtuarialDoRPPSAxis" xlink:to="AnoDeReferenciaMaisDezesseteMember" xlink:title="definition: ProjecaoAtuarialDoRPPSAxis to AnoDeReferenciaMaisDezesseteMember" order="19.0"/>
    <link:loc xlink:type="locator" xlink:href="../../../cor/dim/siconfi-dim_2019-12-31.xsd#siconfi-dim_AnoDeReferenciaMaisDezoitoMember" xlink:label="AnoDeReferenciaMaisDezoitoMember" xlink:title="AnoDeReferenciaMaisDezoitoMember"/>
    <link:definitionArc xlink:type="arc" xlink:arcrole="http://xbrl.org/int/dim/arcrole/dimension-domain" xlink:from="ProjecaoAtuarialDoRPPSAxis" xlink:to="AnoDeReferenciaMaisDezoitoMember" xlink:title="definition: ProjecaoAtuarialDoRPPSAxis to AnoDeReferenciaMaisDezoitoMember" order="20.0"/>
    <link:loc xlink:type="locator" xlink:href="../../../cor/dim/siconfi-dim_2019-12-31.xsd#siconfi-dim_AnoDeReferenciaMaisDezenoveMember" xlink:label="AnoDeReferenciaMaisDezenoveMember" xlink:title="AnoDeReferenciaMaisDezenoveMember"/>
    <link:definitionArc xlink:type="arc" xlink:arcrole="http://xbrl.org/int/dim/arcrole/dimension-domain" xlink:from="ProjecaoAtuarialDoRPPSAxis" xlink:to="AnoDeReferenciaMaisDezenoveMember" xlink:title="definition: ProjecaoAtuarialDoRPPSAxis to AnoDeReferenciaMaisDezenoveMember" order="21.0"/>
    <link:loc xlink:type="locator" xlink:href="../../../cor/dim/siconfi-dim_2019-12-31.xsd#siconfi-dim_AnoDeReferenciaMaisVinteMember" xlink:label="AnoDeReferenciaMaisVinteMember" xlink:title="AnoDeReferenciaMaisVinteMember"/>
    <link:definitionArc xlink:type="arc" xlink:arcrole="http://xbrl.org/int/dim/arcrole/dimension-domain" xlink:from="ProjecaoAtuarialDoRPPSAxis" xlink:to="AnoDeReferenciaMaisVinteMember" xlink:title="definition: ProjecaoAtuarialDoRPPSAxis to AnoDeReferenciaMaisVinteMember" order="22.0"/>
    <link:loc xlink:type="locator" xlink:href="../../../cor/dim/siconfi-dim_2019-12-31.xsd#siconfi-dim_AnoDeReferenciaMaisVinteEUmMember" xlink:label="AnoDeReferenciaMaisVinteEUmMember" xlink:title="AnoDeReferenciaMaisVinteEUmMember"/>
    <link:definitionArc xlink:type="arc" xlink:arcrole="http://xbrl.org/int/dim/arcrole/dimension-domain" xlink:from="ProjecaoAtuarialDoRPPSAxis" xlink:to="AnoDeReferenciaMaisVinteEUmMember" xlink:title="definition: ProjecaoAtuarialDoRPPSAxis to AnoDeReferenciaMaisVinteEUmMember" order="23.0"/>
    <link:loc xlink:type="locator" xlink:href="../../../cor/dim/siconfi-dim_2019-12-31.xsd#siconfi-dim_AnoDeReferenciaMaisVinteEDoisMember" xlink:label="AnoDeReferenciaMaisVinteEDoisMember" xlink:title="AnoDeReferenciaMaisVinteEDoisMember"/>
    <link:definitionArc xlink:type="arc" xlink:arcrole="http://xbrl.org/int/dim/arcrole/dimension-domain" xlink:from="ProjecaoAtuarialDoRPPSAxis" xlink:to="AnoDeReferenciaMaisVinteEDoisMember" xlink:title="definition: ProjecaoAtuarialDoRPPSAxis to AnoDeReferenciaMaisVinteEDoisMember" order="24.0"/>
    <link:loc xlink:type="locator" xlink:href="../../../cor/dim/siconfi-dim_2019-12-31.xsd#siconfi-dim_AnoDeReferenciaMaisVinteETresMember" xlink:label="AnoDeReferenciaMaisVinteETresMember" xlink:title="AnoDeReferenciaMaisVinteETresMember"/>
    <link:definitionArc xlink:type="arc" xlink:arcrole="http://xbrl.org/int/dim/arcrole/dimension-domain" xlink:from="ProjecaoAtuarialDoRPPSAxis" xlink:to="AnoDeReferenciaMaisVinteETresMember" xlink:title="definition: ProjecaoAtuarialDoRPPSAxis to AnoDeReferenciaMaisVinteETresMember" order="25.0"/>
    <link:loc xlink:type="locator" xlink:href="../../../cor/dim/siconfi-dim_2019-12-31.xsd#siconfi-dim_AnoDeReferenciaMaisVinteEQuatroMember" xlink:label="AnoDeReferenciaMaisVinteEQuatroMember" xlink:title="AnoDeReferenciaMaisVinteEQuatroMember"/>
    <link:definitionArc xlink:type="arc" xlink:arcrole="http://xbrl.org/int/dim/arcrole/dimension-domain" xlink:from="ProjecaoAtuarialDoRPPSAxis" xlink:to="AnoDeReferenciaMaisVinteEQuatroMember" xlink:title="definition: ProjecaoAtuarialDoRPPSAxis to AnoDeReferenciaMaisVinteEQuatroMember" order="26.0"/>
    <link:loc xlink:type="locator" xlink:href="../../../cor/dim/siconfi-dim_2019-12-31.xsd#siconfi-dim_AnoDeReferenciaMaisVinteECincoMember" xlink:label="AnoDeReferenciaMaisVinteECincoMember" xlink:title="AnoDeReferenciaMaisVinteECincoMember"/>
    <link:definitionArc xlink:type="arc" xlink:arcrole="http://xbrl.org/int/dim/arcrole/dimension-domain" xlink:from="ProjecaoAtuarialDoRPPSAxis" xlink:to="AnoDeReferenciaMaisVinteECincoMember" xlink:title="definition: ProjecaoAtuarialDoRPPSAxis to AnoDeReferenciaMaisVinteECincoMember" order="27.0"/>
    <link:loc xlink:type="locator" xlink:href="../../../cor/dim/siconfi-dim_2019-12-31.xsd#siconfi-dim_AnoDeReferenciaMaisVinteESeisMember" xlink:label="AnoDeReferenciaMaisVinteESeisMember" xlink:title="AnoDeReferenciaMaisVinteESeisMember"/>
    <link:definitionArc xlink:type="arc" xlink:arcrole="http://xbrl.org/int/dim/arcrole/dimension-domain" xlink:from="ProjecaoAtuarialDoRPPSAxis" xlink:to="AnoDeReferenciaMaisVinteESeisMember" xlink:title="definition: ProjecaoAtuarialDoRPPSAxis to AnoDeReferenciaMaisVinteESeisMember" order="28.0"/>
    <link:loc xlink:type="locator" xlink:href="../../../cor/dim/siconfi-dim_2019-12-31.xsd#siconfi-dim_AnoDeReferenciaMaisVinteESeteMember" xlink:label="AnoDeReferenciaMaisVinteESeteMember" xlink:title="AnoDeReferenciaMaisVinteESeteMember"/>
    <link:definitionArc xlink:type="arc" xlink:arcrole="http://xbrl.org/int/dim/arcrole/dimension-domain" xlink:from="ProjecaoAtuarialDoRPPSAxis" xlink:to="AnoDeReferenciaMaisVinteESeteMember" xlink:title="definition: ProjecaoAtuarialDoRPPSAxis to AnoDeReferenciaMaisVinteESeteMember" order="29.0"/>
    <link:loc xlink:type="locator" xlink:href="../../../cor/dim/siconfi-dim_2019-12-31.xsd#siconfi-dim_AnoDeReferenciaMaisVinteEOitoMember" xlink:label="AnoDeReferenciaMaisVinteEOitoMember" xlink:title="AnoDeReferenciaMaisVinteEOitoMember"/>
    <link:definitionArc xlink:type="arc" xlink:arcrole="http://xbrl.org/int/dim/arcrole/dimension-domain" xlink:from="ProjecaoAtuarialDoRPPSAxis" xlink:to="AnoDeReferenciaMaisVinteEOitoMember" xlink:title="definition: ProjecaoAtuarialDoRPPSAxis to AnoDeReferenciaMaisVinteEOitoMember" order="30.0"/>
    <link:loc xlink:type="locator" xlink:href="../../../cor/dim/siconfi-dim_2019-12-31.xsd#siconfi-dim_AnoDeReferenciaMaisVinteENoveMember" xlink:label="AnoDeReferenciaMaisVinteENoveMember" xlink:title="AnoDeReferenciaMaisVinteENoveMember"/>
    <link:definitionArc xlink:type="arc" xlink:arcrole="http://xbrl.org/int/dim/arcrole/dimension-domain" xlink:from="ProjecaoAtuarialDoRPPSAxis" xlink:to="AnoDeReferenciaMaisVinteENoveMember" xlink:title="definition: ProjecaoAtuarialDoRPPSAxis to AnoDeReferenciaMaisVinteENoveMember" order="31.0"/>
    <link:loc xlink:type="locator" xlink:href="../../../cor/dim/siconfi-dim_2019-12-31.xsd#siconfi-dim_AnoDeReferenciaMaisTrintaMember" xlink:label="AnoDeReferenciaMaisTrintaMember" xlink:title="AnoDeReferenciaMaisTrintaMember"/>
    <link:definitionArc xlink:type="arc" xlink:arcrole="http://xbrl.org/int/dim/arcrole/dimension-domain" xlink:from="ProjecaoAtuarialDoRPPSAxis" xlink:to="AnoDeReferenciaMaisTrintaMember" xlink:title="definition: ProjecaoAtuarialDoRPPSAxis to AnoDeReferenciaMaisTrintaMember" order="32.0"/>
    <link:loc xlink:type="locator" xlink:href="../../../cor/dim/siconfi-dim_2019-12-31.xsd#siconfi-dim_AnoDeReferenciaMaisTrintaEUmMember" xlink:label="AnoDeReferenciaMaisTrintaEUmMember" xlink:title="AnoDeReferenciaMaisTrintaEUmMember"/>
    <link:definitionArc xlink:type="arc" xlink:arcrole="http://xbrl.org/int/dim/arcrole/dimension-domain" xlink:from="ProjecaoAtuarialDoRPPSAxis" xlink:to="AnoDeReferenciaMaisTrintaEUmMember" xlink:title="definition: ProjecaoAtuarialDoRPPSAxis to AnoDeReferenciaMaisTrintaEUmMember" order="33.0"/>
    <link:loc xlink:type="locator" xlink:href="../../../cor/dim/siconfi-dim_2019-12-31.xsd#siconfi-dim_AnoDeReferenciaMaisTrintaEDoisMember" xlink:label="AnoDeReferenciaMaisTrintaEDoisMember" xlink:title="AnoDeReferenciaMaisTrintaEDoisMember"/>
    <link:definitionArc xlink:type="arc" xlink:arcrole="http://xbrl.org/int/dim/arcrole/dimension-domain" xlink:from="ProjecaoAtuarialDoRPPSAxis" xlink:to="AnoDeReferenciaMaisTrintaEDoisMember" xlink:title="definition: ProjecaoAtuarialDoRPPSAxis to AnoDeReferenciaMaisTrintaEDoisMember" order="34.0"/>
    <link:loc xlink:type="locator" xlink:href="../../../cor/dim/siconfi-dim_2019-12-31.xsd#siconfi-dim_AnoDeReferenciaMaisTrintaETresMember" xlink:label="AnoDeReferenciaMaisTrintaETresMember" xlink:title="AnoDeReferenciaMaisTrintaETresMember"/>
    <link:definitionArc xlink:type="arc" xlink:arcrole="http://xbrl.org/int/dim/arcrole/dimension-domain" xlink:from="ProjecaoAtuarialDoRPPSAxis" xlink:to="AnoDeReferenciaMaisTrintaETresMember" xlink:title="definition: ProjecaoAtuarialDoRPPSAxis to AnoDeReferenciaMaisTrintaETresMember" order="35.0"/>
    <link:loc xlink:type="locator" xlink:href="../../../cor/dim/siconfi-dim_2019-12-31.xsd#siconfi-dim_AnoDeReferenciaMaisTrintaEQuatroMember" xlink:label="AnoDeReferenciaMaisTrintaEQuatroMember" xlink:title="AnoDeReferenciaMaisTrintaEQuatroMember"/>
    <link:definitionArc xlink:type="arc" xlink:arcrole="http://xbrl.org/int/dim/arcrole/dimension-domain" xlink:from="ProjecaoAtuarialDoRPPSAxis" xlink:to="AnoDeReferenciaMaisTrintaEQuatroMember" xlink:title="definition: ProjecaoAtuarialDoRPPSAxis to AnoDeReferenciaMaisTrintaEQuatroMember" order="36.0"/>
    <link:loc xlink:type="locator" xlink:href="../../../cor/dim/siconfi-dim_2019-12-31.xsd#siconfi-dim_AnoDeReferenciaMaisTrintaECincoMember" xlink:label="AnoDeReferenciaMaisTrintaECincoMember" xlink:title="AnoDeReferenciaMaisTrintaECincoMember"/>
    <link:definitionArc xlink:type="arc" xlink:arcrole="http://xbrl.org/int/dim/arcrole/dimension-domain" xlink:from="ProjecaoAtuarialDoRPPSAxis" xlink:to="AnoDeReferenciaMaisTrintaECincoMember" xlink:title="definition: ProjecaoAtuarialDoRPPSAxis to AnoDeReferenciaMaisTrintaECincoMember" order="37.0"/>
    <link:loc xlink:type="locator" xlink:href="../../../cor/dim/siconfi-dim_2019-12-31.xsd#siconfi-dim_AnoDeReferenciaMaisTrintaESeisMember" xlink:label="AnoDeReferenciaMaisTrintaESeisMember" xlink:title="AnoDeReferenciaMaisTrintaESeisMember"/>
    <link:definitionArc xlink:type="arc" xlink:arcrole="http://xbrl.org/int/dim/arcrole/dimension-domain" xlink:from="ProjecaoAtuarialDoRPPSAxis" xlink:to="AnoDeReferenciaMaisTrintaESeisMember" xlink:title="definition: ProjecaoAtuarialDoRPPSAxis to AnoDeReferenciaMaisTrintaESeisMember" order="38.0"/>
    <link:loc xlink:type="locator" xlink:href="../../../cor/dim/siconfi-dim_2019-12-31.xsd#siconfi-dim_AnoDeReferenciaMaisTrintaESeteMember" xlink:label="AnoDeReferenciaMaisTrintaESeteMember" xlink:title="AnoDeReferenciaMaisTrintaESeteMember"/>
    <link:definitionArc xlink:type="arc" xlink:arcrole="http://xbrl.org/int/dim/arcrole/dimension-domain" xlink:from="ProjecaoAtuarialDoRPPSAxis" xlink:to="AnoDeReferenciaMaisTrintaESeteMember" xlink:title="definition: ProjecaoAtuarialDoRPPSAxis to AnoDeReferenciaMaisTrintaESeteMember" order="39.0"/>
    <link:loc xlink:type="locator" xlink:href="../../../cor/dim/siconfi-dim_2019-12-31.xsd#siconfi-dim_AnoDeReferenciaMaisTrintaEOitoMember" xlink:label="AnoDeReferenciaMaisTrintaEOitoMember" xlink:title="AnoDeReferenciaMaisTrintaEOitoMember"/>
    <link:definitionArc xlink:type="arc" xlink:arcrole="http://xbrl.org/int/dim/arcrole/dimension-domain" xlink:from="ProjecaoAtuarialDoRPPSAxis" xlink:to="AnoDeReferenciaMaisTrintaEOitoMember" xlink:title="definition: ProjecaoAtuarialDoRPPSAxis to AnoDeReferenciaMaisTrintaEOitoMember" order="40.0"/>
    <link:loc xlink:type="locator" xlink:href="../../../cor/dim/siconfi-dim_2019-12-31.xsd#siconfi-dim_AnoDeReferenciaMaisTrintaENoveMember" xlink:label="AnoDeReferenciaMaisTrintaENoveMember" xlink:title="AnoDeReferenciaMaisTrintaENoveMember"/>
    <link:definitionArc xlink:type="arc" xlink:arcrole="http://xbrl.org/int/dim/arcrole/dimension-domain" xlink:from="ProjecaoAtuarialDoRPPSAxis" xlink:to="AnoDeReferenciaMaisTrintaENoveMember" xlink:title="definition: ProjecaoAtuarialDoRPPSAxis to AnoDeReferenciaMaisTrintaENoveMember" order="41.0"/>
    <link:loc xlink:type="locator" xlink:href="../../../cor/dim/siconfi-dim_2019-12-31.xsd#siconfi-dim_AnoDeReferenciaMaisQuarentaMember" xlink:label="AnoDeReferenciaMaisQuarentaMember" xlink:title="AnoDeReferenciaMaisQuarentaMember"/>
    <link:definitionArc xlink:type="arc" xlink:arcrole="http://xbrl.org/int/dim/arcrole/dimension-domain" xlink:from="ProjecaoAtuarialDoRPPSAxis" xlink:to="AnoDeReferenciaMaisQuarentaMember" xlink:title="definition: ProjecaoAtuarialDoRPPSAxis to AnoDeReferenciaMaisQuarentaMember" order="42.0"/>
    <link:loc xlink:type="locator" xlink:href="../../../cor/dim/siconfi-dim_2019-12-31.xsd#siconfi-dim_AnoDeReferenciaMaisQuarentaEUmMember" xlink:label="AnoDeReferenciaMaisQuarentaEUmMember" xlink:title="AnoDeReferenciaMaisQuarentaEUmMember"/>
    <link:definitionArc xlink:type="arc" xlink:arcrole="http://xbrl.org/int/dim/arcrole/dimension-domain" xlink:from="ProjecaoAtuarialDoRPPSAxis" xlink:to="AnoDeReferenciaMaisQuarentaEUmMember" xlink:title="definition: ProjecaoAtuarialDoRPPSAxis to AnoDeReferenciaMaisQuarentaEUmMember" order="43.0"/>
    <link:loc xlink:type="locator" xlink:href="../../../cor/dim/siconfi-dim_2019-12-31.xsd#siconfi-dim_AnoDeReferenciaMaisQuarentaEDoisMember" xlink:label="AnoDeReferenciaMaisQuarentaEDoisMember" xlink:title="AnoDeReferenciaMaisQuarentaEDoisMember"/>
    <link:definitionArc xlink:type="arc" xlink:arcrole="http://xbrl.org/int/dim/arcrole/dimension-domain" xlink:from="ProjecaoAtuarialDoRPPSAxis" xlink:to="AnoDeReferenciaMaisQuarentaEDoisMember" xlink:title="definition: ProjecaoAtuarialDoRPPSAxis to AnoDeReferenciaMaisQuarentaEDoisMember" order="44.0"/>
    <link:loc xlink:type="locator" xlink:href="../../../cor/dim/siconfi-dim_2019-12-31.xsd#siconfi-dim_AnoDeReferenciaMaisQuarentaETresMember" xlink:label="AnoDeReferenciaMaisQuarentaETresMember" xlink:title="AnoDeReferenciaMaisQuarentaETresMember"/>
    <link:definitionArc xlink:type="arc" xlink:arcrole="http://xbrl.org/int/dim/arcrole/dimension-domain" xlink:from="ProjecaoAtuarialDoRPPSAxis" xlink:to="AnoDeReferenciaMaisQuarentaETresMember" xlink:title="definition: ProjecaoAtuarialDoRPPSAxis to AnoDeReferenciaMaisQuarentaETresMember" order="45.0"/>
    <link:loc xlink:type="locator" xlink:href="../../../cor/dim/siconfi-dim_2019-12-31.xsd#siconfi-dim_AnoDeReferenciaMaisQuarentaEQuatroMember" xlink:label="AnoDeReferenciaMaisQuarentaEQuatroMember" xlink:title="AnoDeReferenciaMaisQuarentaEQuatroMember"/>
    <link:definitionArc xlink:type="arc" xlink:arcrole="http://xbrl.org/int/dim/arcrole/dimension-domain" xlink:from="ProjecaoAtuarialDoRPPSAxis" xlink:to="AnoDeReferenciaMaisQuarentaEQuatroMember" xlink:title="definition: ProjecaoAtuarialDoRPPSAxis to AnoDeReferenciaMaisQuarentaEQuatroMember" order="46.0"/>
    <link:loc xlink:type="locator" xlink:href="../../../cor/dim/siconfi-dim_2019-12-31.xsd#siconfi-dim_AnoDeReferenciaMaisQuarentaECincoMember" xlink:label="AnoDeReferenciaMaisQuarentaECincoMember" xlink:title="AnoDeReferenciaMaisQuarentaECincoMember"/>
    <link:definitionArc xlink:type="arc" xlink:arcrole="http://xbrl.org/int/dim/arcrole/dimension-domain" xlink:from="ProjecaoAtuarialDoRPPSAxis" xlink:to="AnoDeReferenciaMaisQuarentaECincoMember" xlink:title="definition: ProjecaoAtuarialDoRPPSAxis to AnoDeReferenciaMaisQuarentaECincoMember" order="47.0"/>
    <link:loc xlink:type="locator" xlink:href="../../../cor/dim/siconfi-dim_2019-12-31.xsd#siconfi-dim_AnoDeReferenciaMaisQuarentaESeisMember" xlink:label="AnoDeReferenciaMaisQuarentaESeisMember" xlink:title="AnoDeReferenciaMaisQuarentaESeisMember"/>
    <link:definitionArc xlink:type="arc" xlink:arcrole="http://xbrl.org/int/dim/arcrole/dimension-domain" xlink:from="ProjecaoAtuarialDoRPPSAxis" xlink:to="AnoDeReferenciaMaisQuarentaESeisMember" xlink:title="definition: ProjecaoAtuarialDoRPPSAxis to AnoDeReferenciaMaisQuarentaESeisMember" order="48.0"/>
    <link:loc xlink:type="locator" xlink:href="../../../cor/dim/siconfi-dim_2019-12-31.xsd#siconfi-dim_AnoDeReferenciaMaisQuarentaESeteMember" xlink:label="AnoDeReferenciaMaisQuarentaESeteMember" xlink:title="AnoDeReferenciaMaisQuarentaESeteMember"/>
    <link:definitionArc xlink:type="arc" xlink:arcrole="http://xbrl.org/int/dim/arcrole/dimension-domain" xlink:from="ProjecaoAtuarialDoRPPSAxis" xlink:to="AnoDeReferenciaMaisQuarentaESeteMember" xlink:title="definition: ProjecaoAtuarialDoRPPSAxis to AnoDeReferenciaMaisQuarentaESeteMember" order="49.0"/>
    <link:loc xlink:type="locator" xlink:href="../../../cor/dim/siconfi-dim_2019-12-31.xsd#siconfi-dim_AnoDeReferenciaMaisQuarentaEOitoMember" xlink:label="AnoDeReferenciaMaisQuarentaEOitoMember" xlink:title="AnoDeReferenciaMaisQuarentaEOitoMember"/>
    <link:definitionArc xlink:type="arc" xlink:arcrole="http://xbrl.org/int/dim/arcrole/dimension-domain" xlink:from="ProjecaoAtuarialDoRPPSAxis" xlink:to="AnoDeReferenciaMaisQuarentaEOitoMember" xlink:title="definition: ProjecaoAtuarialDoRPPSAxis to AnoDeReferenciaMaisQuarentaEOitoMember" order="50.0"/>
    <link:loc xlink:type="locator" xlink:href="../../../cor/dim/siconfi-dim_2019-12-31.xsd#siconfi-dim_AnoDeReferenciaMaisQuarentaENoveMember" xlink:label="AnoDeReferenciaMaisQuarentaENoveMember" xlink:title="AnoDeReferenciaMaisQuarentaENoveMember"/>
    <link:definitionArc xlink:type="arc" xlink:arcrole="http://xbrl.org/int/dim/arcrole/dimension-domain" xlink:from="ProjecaoAtuarialDoRPPSAxis" xlink:to="AnoDeReferenciaMaisQuarentaENoveMember" xlink:title="definition: ProjecaoAtuarialDoRPPSAxis to AnoDeReferenciaMaisQuarentaENoveMember" order="51.0"/>
    <link:loc xlink:type="locator" xlink:href="../../../cor/dim/siconfi-dim_2019-12-31.xsd#siconfi-dim_AnoDeReferenciaMaisCinquentaMember" xlink:label="AnoDeReferenciaMaisCinquentaMember" xlink:title="AnoDeReferenciaMaisCinquentaMember"/>
    <link:definitionArc xlink:type="arc" xlink:arcrole="http://xbrl.org/int/dim/arcrole/dimension-domain" xlink:from="ProjecaoAtuarialDoRPPSAxis" xlink:to="AnoDeReferenciaMaisCinquentaMember" xlink:title="definition: ProjecaoAtuarialDoRPPSAxis to AnoDeReferenciaMaisCinquentaMember" order="52.0"/>
    <link:loc xlink:type="locator" xlink:href="../../../cor/dim/siconfi-dim_2019-12-31.xsd#siconfi-dim_AnoDeReferenciaMaisCinquentaEUmMember" xlink:label="AnoDeReferenciaMaisCinquentaEUmMember" xlink:title="AnoDeReferenciaMaisCinquentaEUmMember"/>
    <link:definitionArc xlink:type="arc" xlink:arcrole="http://xbrl.org/int/dim/arcrole/dimension-domain" xlink:from="ProjecaoAtuarialDoRPPSAxis" xlink:to="AnoDeReferenciaMaisCinquentaEUmMember" xlink:title="definition: ProjecaoAtuarialDoRPPSAxis to AnoDeReferenciaMaisCinquentaEUmMember" order="53.0"/>
    <link:loc xlink:type="locator" xlink:href="../../../cor/dim/siconfi-dim_2019-12-31.xsd#siconfi-dim_AnoDeReferenciaMaisCinquentaEDoisMember" xlink:label="AnoDeReferenciaMaisCinquentaEDoisMember" xlink:title="AnoDeReferenciaMaisCinquentaEDoisMember"/>
    <link:definitionArc xlink:type="arc" xlink:arcrole="http://xbrl.org/int/dim/arcrole/dimension-domain" xlink:from="ProjecaoAtuarialDoRPPSAxis" xlink:to="AnoDeReferenciaMaisCinquentaEDoisMember" xlink:title="definition: ProjecaoAtuarialDoRPPSAxis to AnoDeReferenciaMaisCinquentaEDoisMember" order="54.0"/>
    <link:loc xlink:type="locator" xlink:href="../../../cor/dim/siconfi-dim_2019-12-31.xsd#siconfi-dim_AnoDeReferenciaMaisCinquentaETresMember" xlink:label="AnoDeReferenciaMaisCinquentaETresMember" xlink:title="AnoDeReferenciaMaisCinquentaETresMember"/>
    <link:definitionArc xlink:type="arc" xlink:arcrole="http://xbrl.org/int/dim/arcrole/dimension-domain" xlink:from="ProjecaoAtuarialDoRPPSAxis" xlink:to="AnoDeReferenciaMaisCinquentaETresMember" xlink:title="definition: ProjecaoAtuarialDoRPPSAxis to AnoDeReferenciaMaisCinquentaETresMember" order="55.0"/>
    <link:loc xlink:type="locator" xlink:href="../../../cor/dim/siconfi-dim_2019-12-31.xsd#siconfi-dim_AnoDeReferenciaMaisCinquentaEQuatroMember" xlink:label="AnoDeReferenciaMaisCinquentaEQuatroMember" xlink:title="AnoDeReferenciaMaisCinquentaEQuatroMember"/>
    <link:definitionArc xlink:type="arc" xlink:arcrole="http://xbrl.org/int/dim/arcrole/dimension-domain" xlink:from="ProjecaoAtuarialDoRPPSAxis" xlink:to="AnoDeReferenciaMaisCinquentaEQuatroMember" xlink:title="definition: ProjecaoAtuarialDoRPPSAxis to AnoDeReferenciaMaisCinquentaEQuatroMember" order="56.0"/>
    <link:loc xlink:type="locator" xlink:href="../../../cor/dim/siconfi-dim_2019-12-31.xsd#siconfi-dim_AnoDeReferenciaMaisCinquentaECincoMember" xlink:label="AnoDeReferenciaMaisCinquentaECincoMember" xlink:title="AnoDeReferenciaMaisCinquentaECincoMember"/>
    <link:definitionArc xlink:type="arc" xlink:arcrole="http://xbrl.org/int/dim/arcrole/dimension-domain" xlink:from="ProjecaoAtuarialDoRPPSAxis" xlink:to="AnoDeReferenciaMaisCinquentaECincoMember" xlink:title="definition: ProjecaoAtuarialDoRPPSAxis to AnoDeReferenciaMaisCinquentaECincoMember" order="57.0"/>
    <link:loc xlink:type="locator" xlink:href="../../../cor/dim/siconfi-dim_2019-12-31.xsd#siconfi-dim_AnoDeReferenciaMaisCinquentaESeisMember" xlink:label="AnoDeReferenciaMaisCinquentaESeisMember" xlink:title="AnoDeReferenciaMaisCinquentaESeisMember"/>
    <link:definitionArc xlink:type="arc" xlink:arcrole="http://xbrl.org/int/dim/arcrole/dimension-domain" xlink:from="ProjecaoAtuarialDoRPPSAxis" xlink:to="AnoDeReferenciaMaisCinquentaESeisMember" xlink:title="definition: ProjecaoAtuarialDoRPPSAxis to AnoDeReferenciaMaisCinquentaESeisMember" order="58.0"/>
    <link:loc xlink:type="locator" xlink:href="../../../cor/dim/siconfi-dim_2019-12-31.xsd#siconfi-dim_AnoDeReferenciaMaisCinquentaESeteMember" xlink:label="AnoDeReferenciaMaisCinquentaESeteMember" xlink:title="AnoDeReferenciaMaisCinquentaESeteMember"/>
    <link:definitionArc xlink:type="arc" xlink:arcrole="http://xbrl.org/int/dim/arcrole/dimension-domain" xlink:from="ProjecaoAtuarialDoRPPSAxis" xlink:to="AnoDeReferenciaMaisCinquentaESeteMember" xlink:title="definition: ProjecaoAtuarialDoRPPSAxis to AnoDeReferenciaMaisCinquentaESeteMember" order="59.0"/>
    <link:loc xlink:type="locator" xlink:href="../../../cor/dim/siconfi-dim_2019-12-31.xsd#siconfi-dim_AnoDeReferenciaMaisCinquentaEOitoMember" xlink:label="AnoDeReferenciaMaisCinquentaEOitoMember" xlink:title="AnoDeReferenciaMaisCinquentaEOitoMember"/>
    <link:definitionArc xlink:type="arc" xlink:arcrole="http://xbrl.org/int/dim/arcrole/dimension-domain" xlink:from="ProjecaoAtuarialDoRPPSAxis" xlink:to="AnoDeReferenciaMaisCinquentaEOitoMember" xlink:title="definition: ProjecaoAtuarialDoRPPSAxis to AnoDeReferenciaMaisCinquentaEOitoMember" order="60.0"/>
    <link:loc xlink:type="locator" xlink:href="../../../cor/dim/siconfi-dim_2019-12-31.xsd#siconfi-dim_AnoDeReferenciaMaisCinquentaENoveMember" xlink:label="AnoDeReferenciaMaisCinquentaENoveMember" xlink:title="AnoDeReferenciaMaisCinquentaENoveMember"/>
    <link:definitionArc xlink:type="arc" xlink:arcrole="http://xbrl.org/int/dim/arcrole/dimension-domain" xlink:from="ProjecaoAtuarialDoRPPSAxis" xlink:to="AnoDeReferenciaMaisCinquentaENoveMember" xlink:title="definition: ProjecaoAtuarialDoRPPSAxis to AnoDeReferenciaMaisCinquentaENoveMember" order="61.0"/>
    <link:loc xlink:type="locator" xlink:href="../../../cor/dim/siconfi-dim_2019-12-31.xsd#siconfi-dim_AnoDeReferenciaMaisSessentaMember" xlink:label="AnoDeReferenciaMaisSessentaMember" xlink:title="AnoDeReferenciaMaisSessentaMember"/>
    <link:definitionArc xlink:type="arc" xlink:arcrole="http://xbrl.org/int/dim/arcrole/dimension-domain" xlink:from="ProjecaoAtuarialDoRPPSAxis" xlink:to="AnoDeReferenciaMaisSessentaMember" xlink:title="definition: ProjecaoAtuarialDoRPPSAxis to AnoDeReferenciaMaisSessentaMember" order="62.0"/>
    <link:loc xlink:type="locator" xlink:href="../../../cor/dim/siconfi-dim_2019-12-31.xsd#siconfi-dim_AnoDeReferenciaMaisSessentaEUmMember" xlink:label="AnoDeReferenciaMaisSessentaEUmMember" xlink:title="AnoDeReferenciaMaisSessentaEUmMember"/>
    <link:definitionArc xlink:type="arc" xlink:arcrole="http://xbrl.org/int/dim/arcrole/dimension-domain" xlink:from="ProjecaoAtuarialDoRPPSAxis" xlink:to="AnoDeReferenciaMaisSessentaEUmMember" xlink:title="definition: ProjecaoAtuarialDoRPPSAxis to AnoDeReferenciaMaisSessentaEUmMember" order="63.0"/>
    <link:loc xlink:type="locator" xlink:href="../../../cor/dim/siconfi-dim_2019-12-31.xsd#siconfi-dim_AnoDeReferenciaMaisSessentaEDoisMember" xlink:label="AnoDeReferenciaMaisSessentaEDoisMember" xlink:title="AnoDeReferenciaMaisSessentaEDoisMember"/>
    <link:definitionArc xlink:type="arc" xlink:arcrole="http://xbrl.org/int/dim/arcrole/dimension-domain" xlink:from="ProjecaoAtuarialDoRPPSAxis" xlink:to="AnoDeReferenciaMaisSessentaEDoisMember" xlink:title="definition: ProjecaoAtuarialDoRPPSAxis to AnoDeReferenciaMaisSessentaEDoisMember" order="64.0"/>
    <link:loc xlink:type="locator" xlink:href="../../../cor/dim/siconfi-dim_2019-12-31.xsd#siconfi-dim_AnoDeReferenciaMaisSessentaETresMember" xlink:label="AnoDeReferenciaMaisSessentaETresMember" xlink:title="AnoDeReferenciaMaisSessentaETresMember"/>
    <link:definitionArc xlink:type="arc" xlink:arcrole="http://xbrl.org/int/dim/arcrole/dimension-domain" xlink:from="ProjecaoAtuarialDoRPPSAxis" xlink:to="AnoDeReferenciaMaisSessentaETresMember" xlink:title="definition: ProjecaoAtuarialDoRPPSAxis to AnoDeReferenciaMaisSessentaETresMember" order="65.0"/>
    <link:loc xlink:type="locator" xlink:href="../../../cor/dim/siconfi-dim_2019-12-31.xsd#siconfi-dim_AnoDeReferenciaMaisSessentaEQuatroMember" xlink:label="AnoDeReferenciaMaisSessentaEQuatroMember" xlink:title="AnoDeReferenciaMaisSessentaEQuatroMember"/>
    <link:definitionArc xlink:type="arc" xlink:arcrole="http://xbrl.org/int/dim/arcrole/dimension-domain" xlink:from="ProjecaoAtuarialDoRPPSAxis" xlink:to="AnoDeReferenciaMaisSessentaEQuatroMember" xlink:title="definition: ProjecaoAtuarialDoRPPSAxis to AnoDeReferenciaMaisSessentaEQuatroMember" order="66.0"/>
    <link:loc xlink:type="locator" xlink:href="../../../cor/dim/siconfi-dim_2019-12-31.xsd#siconfi-dim_AnoDeReferenciaMaisSessentaECincoMember" xlink:label="AnoDeReferenciaMaisSessentaECincoMember" xlink:title="AnoDeReferenciaMaisSessentaECincoMember"/>
    <link:definitionArc xlink:type="arc" xlink:arcrole="http://xbrl.org/int/dim/arcrole/dimension-domain" xlink:from="ProjecaoAtuarialDoRPPSAxis" xlink:to="AnoDeReferenciaMaisSessentaECincoMember" xlink:title="definition: ProjecaoAtuarialDoRPPSAxis to AnoDeReferenciaMaisSessentaECincoMember" order="67.0"/>
    <link:loc xlink:type="locator" xlink:href="../../../cor/dim/siconfi-dim_2019-12-31.xsd#siconfi-dim_AnoDeReferenciaMaisSessentaESeisMember" xlink:label="AnoDeReferenciaMaisSessentaESeisMember" xlink:title="AnoDeReferenciaMaisSessentaESeisMember"/>
    <link:definitionArc xlink:type="arc" xlink:arcrole="http://xbrl.org/int/dim/arcrole/dimension-domain" xlink:from="ProjecaoAtuarialDoRPPSAxis" xlink:to="AnoDeReferenciaMaisSessentaESeisMember" xlink:title="definition: ProjecaoAtuarialDoRPPSAxis to AnoDeReferenciaMaisSessentaESeisMember" order="68.0"/>
    <link:loc xlink:type="locator" xlink:href="../../../cor/dim/siconfi-dim_2019-12-31.xsd#siconfi-dim_AnoDeReferenciaMaisSessentaESeteMember" xlink:label="AnoDeReferenciaMaisSessentaESeteMember" xlink:title="AnoDeReferenciaMaisSessentaESeteMember"/>
    <link:definitionArc xlink:type="arc" xlink:arcrole="http://xbrl.org/int/dim/arcrole/dimension-domain" xlink:from="ProjecaoAtuarialDoRPPSAxis" xlink:to="AnoDeReferenciaMaisSessentaESeteMember" xlink:title="definition: ProjecaoAtuarialDoRPPSAxis to AnoDeReferenciaMaisSessentaESeteMember" order="69.0"/>
    <link:loc xlink:type="locator" xlink:href="../../../cor/dim/siconfi-dim_2019-12-31.xsd#siconfi-dim_AnoDeReferenciaMaisSessentaEOitoMember" xlink:label="AnoDeReferenciaMaisSessentaEOitoMember" xlink:title="AnoDeReferenciaMaisSessentaEOitoMember"/>
    <link:definitionArc xlink:type="arc" xlink:arcrole="http://xbrl.org/int/dim/arcrole/dimension-domain" xlink:from="ProjecaoAtuarialDoRPPSAxis" xlink:to="AnoDeReferenciaMaisSessentaEOitoMember" xlink:title="definition: ProjecaoAtuarialDoRPPSAxis to AnoDeReferenciaMaisSessentaEOitoMember" order="70.0"/>
    <link:loc xlink:type="locator" xlink:href="../../../cor/dim/siconfi-dim_2019-12-31.xsd#siconfi-dim_AnoDeReferenciaMaisSessentaENoveMember" xlink:label="AnoDeReferenciaMaisSessentaENoveMember" xlink:title="AnoDeReferenciaMaisSessentaENoveMember"/>
    <link:definitionArc xlink:type="arc" xlink:arcrole="http://xbrl.org/int/dim/arcrole/dimension-domain" xlink:from="ProjecaoAtuarialDoRPPSAxis" xlink:to="AnoDeReferenciaMaisSessentaENoveMember" xlink:title="definition: ProjecaoAtuarialDoRPPSAxis to AnoDeReferenciaMaisSessentaENoveMember" order="71.0"/>
    <link:loc xlink:type="locator" xlink:href="../../../cor/dim/siconfi-dim_2019-12-31.xsd#siconfi-dim_AnoDeReferenciaMaisSetentaMember" xlink:label="AnoDeReferenciaMaisSetentaMember" xlink:title="AnoDeReferenciaMaisSetentaMember"/>
    <link:definitionArc xlink:type="arc" xlink:arcrole="http://xbrl.org/int/dim/arcrole/dimension-domain" xlink:from="ProjecaoAtuarialDoRPPSAxis" xlink:to="AnoDeReferenciaMaisSetentaMember" xlink:title="definition: ProjecaoAtuarialDoRPPSAxis to AnoDeReferenciaMaisSetentaMember" order="72.0"/>
    <link:loc xlink:type="locator" xlink:href="../../../cor/dim/siconfi-dim_2019-12-31.xsd#siconfi-dim_AnoDeReferenciaMaisSetentaEUmMember" xlink:label="AnoDeReferenciaMaisSetentaEUmMember" xlink:title="AnoDeReferenciaMaisSetentaEUmMember"/>
    <link:definitionArc xlink:type="arc" xlink:arcrole="http://xbrl.org/int/dim/arcrole/dimension-domain" xlink:from="ProjecaoAtuarialDoRPPSAxis" xlink:to="AnoDeReferenciaMaisSetentaEUmMember" xlink:title="definition: ProjecaoAtuarialDoRPPSAxis to AnoDeReferenciaMaisSetentaEUmMember" order="73.0"/>
    <link:loc xlink:type="locator" xlink:href="../../../cor/dim/siconfi-dim_2019-12-31.xsd#siconfi-dim_AnoDeReferenciaMaisSetentaEDoisMember" xlink:label="AnoDeReferenciaMaisSetentaEDoisMember" xlink:title="AnoDeReferenciaMaisSetentaEDoisMember"/>
    <link:definitionArc xlink:type="arc" xlink:arcrole="http://xbrl.org/int/dim/arcrole/dimension-domain" xlink:from="ProjecaoAtuarialDoRPPSAxis" xlink:to="AnoDeReferenciaMaisSetentaEDoisMember" xlink:title="definition: ProjecaoAtuarialDoRPPSAxis to AnoDeReferenciaMaisSetentaEDoisMember" order="74.0"/>
    <link:loc xlink:type="locator" xlink:href="../../../cor/dim/siconfi-dim_2019-12-31.xsd#siconfi-dim_AnoDeReferenciaMaisSetentaETresMember" xlink:label="AnoDeReferenciaMaisSetentaETresMember" xlink:title="AnoDeReferenciaMaisSetentaETresMember"/>
    <link:definitionArc xlink:type="arc" xlink:arcrole="http://xbrl.org/int/dim/arcrole/dimension-domain" xlink:from="ProjecaoAtuarialDoRPPSAxis" xlink:to="AnoDeReferenciaMaisSetentaETresMember" xlink:title="definition: ProjecaoAtuarialDoRPPSAxis to AnoDeReferenciaMaisSetentaETresMember" order="75.0"/>
  </link:definitionLink>
</link:linkbase>
