<?xml version="1.0" encoding="UTF-8"?>
<!-- Generated by Fujitsu Interstage XWand B0196 -->
<link:linkbase xmlns:xsi="http://www.w3.org/2001/XMLSchema-instance" xsi:schemaLocation="http://www.xbrl.org/2003/linkbase http://www.xbrl.org/2003/xbrl-linkbase-2003-12-31.xsd" xmlns:link="http://www.xbrl.org/2003/linkbase" xmlns:xbrldt="http://xbrl.org/2005/xbrldt" xmlns:xlink="http://www.w3.org/1999/xlink" xmlns:xbrli="http://www.xbrl.org/2003/instance">
  <link:roleRef roleURI="http://fazenda.gov.br/siconfi/rep/rreo/anexo3municipios/siconfi-rreo-anexo3-tabela3.2" xlink:type="simple" xlink:href="siconfi-rreo-anexo3municipios_2019-12-31.xsd#siconfi-rreo-anexo3-tabela3.2"/>
  <link:arcroleRef arcroleURI="http://xbrl.org/int/dim/arcrole/all" xlink:type="simple" xlink:href="http://www.xbrl.org/2005/xbrldt-2005.xsd#all"/>
  <link:arcroleRef arcroleURI="http://xbrl.org/int/dim/arcrole/dimension-domain" xlink:type="simple" xlink:href="http://www.xbrl.org/2005/xbrldt-2005.xsd#dimension-domain"/>
  <link:arcroleRef arcroleURI="http://xbrl.org/int/dim/arcrole/domain-member" xlink:type="simple" xlink:href="http://www.xbrl.org/2005/xbrldt-2005.xsd#domain-member"/>
  <link:arcroleRef arcroleURI="http://xbrl.org/int/dim/arcrole/hypercube-dimension" xlink:type="simple" xlink:href="http://www.xbrl.org/2005/xbrldt-2005.xsd#hypercube-dimension"/>
  <link:definitionLink xlink:type="extended" xlink:role="http://fazenda.gov.br/siconfi/rep/rreo/anexo3municipios/siconfi-rreo-anexo3-tabela3.2">
    <link:loc xlink:type="locator" xlink:href="siconfi-rreo-anexo3municipios_2019-12-31.xsd#siconfi-rreo-anexo3municipios_EspecificacaoAbstract" xlink:label="EspecificacaoAbstract" xlink:title="EspecificacaoAbstract"/>
    <link:loc xlink:type="locator" xlink:href="siconfi-rreo-anexo3municipios_2019-12-31.xsd#siconfi-rreo-anexo3municipios_EspecificacaoLineItems" xlink:label="EspecificacaoLineItems" xlink:title="EspecificacaoLineItems"/>
    <link:definitionArc xlink:type="arc" xlink:arcrole="http://xbrl.org/int/dim/arcrole/domain-member" xlink:from="EspecificacaoAbstract" xlink:to="EspecificacaoLineItems" xlink:title="definition: EspecificacaoAbstract to EspecificacaoLineItems" order="1.0"/>
    <link:loc xlink:type="locator" xlink:href="../../../cor/ic/siconfi-cor_2019-12-31.xsd#siconfi-cor_ReceitasCorrentesLiquidasExcetoTransferenciasEFUNDEB" xlink:label="ReceitasCorrentesLiquidasExcetoTransferenciasEFUNDEB" xlink:title="ReceitasCorrentesLiquidasExcetoTransferenciasEFUNDEB"/>
    <link:definitionArc xlink:type="arc" xlink:arcrole="http://xbrl.org/int/dim/arcrole/domain-member" xlink:from="EspecificacaoLineItems" xlink:to="ReceitasCorrentesLiquidasExcetoTransferenciasEFUNDEB" xlink:title="definition: EspecificacaoLineItems to ReceitasCorrentesLiquidasExcetoTransferenciasEFUNDEB" order="1.0"/>
    <link:loc xlink:type="locator" xlink:href="../../../cor/ic/siconfi-cor_2019-12-31.xsd#siconfi-cor_ReceitaTributariaLiquidaExcetoTransferenciasEFUNDEB" xlink:label="ReceitaTributariaLiquidaExcetoTransferenciasEFUNDEB" xlink:title="ReceitaTributariaLiquidaExcetoTransferenciasEFUNDEB"/>
    <link:definitionArc xlink:type="arc" xlink:arcrole="http://xbrl.org/int/dim/arcrole/domain-member" xlink:from="ReceitasCorrentesLiquidasExcetoTransferenciasEFUNDEB" xlink:to="ReceitaTributariaLiquidaExcetoTransferenciasEFUNDEB" xlink:title="definition: ReceitasCorrentesLiquidasExcetoTransferenciasEFUNDEB to ReceitaTributariaLiquidaExcetoTransferenciasEFUNDEB" order="1.0"/>
    <link:loc xlink:type="locator" xlink:href="../../../cor/ic/siconfi-cor_2019-12-31.xsd#siconfi-cor_IPTULiquidoExcetoTransferenciasEFUNDEB" xlink:label="IPTULiquidoExcetoTransferenciasEFUNDEB" xlink:title="IPTULiquidoExcetoTransferenciasEFUNDEB"/>
    <link:definitionArc xlink:type="arc" xlink:arcrole="http://xbrl.org/int/dim/arcrole/domain-member" xlink:from="ReceitaTributariaLiquidaExcetoTransferenciasEFUNDEB" xlink:to="IPTULiquidoExcetoTransferenciasEFUNDEB" xlink:title="definition: ReceitaTributariaLiquidaExcetoTransferenciasEFUNDEB to IPTULiquidoExcetoTransferenciasEFUNDEB" order="1.0"/>
    <link:loc xlink:type="locator" xlink:href="../../../cor/ic/siconfi-cor_2019-12-31.xsd#siconfi-cor_ISSLiquidoExcetoTransferenciasEFUNDEB" xlink:label="ISSLiquidoExcetoTransferenciasEFUNDEB" xlink:title="ISSLiquidoExcetoTransferenciasEFUNDEB"/>
    <link:definitionArc xlink:type="arc" xlink:arcrole="http://xbrl.org/int/dim/arcrole/domain-member" xlink:from="ReceitaTributariaLiquidaExcetoTransferenciasEFUNDEB" xlink:to="ISSLiquidoExcetoTransferenciasEFUNDEB" xlink:title="definition: ReceitaTributariaLiquidaExcetoTransferenciasEFUNDEB to ISSLiquidoExcetoTransferenciasEFUNDEB" order="2.0"/>
    <link:loc xlink:type="locator" xlink:href="../../../cor/ic/siconfi-cor_2019-12-31.xsd#siconfi-cor_ITBILiquidoExcetoTransferenciasEFUNDEB" xlink:label="ITBILiquidoExcetoTransferenciasEFUNDEB" xlink:title="ITBILiquidoExcetoTransferenciasEFUNDEB"/>
    <link:definitionArc xlink:type="arc" xlink:arcrole="http://xbrl.org/int/dim/arcrole/domain-member" xlink:from="ReceitaTributariaLiquidaExcetoTransferenciasEFUNDEB" xlink:to="ITBILiquidoExcetoTransferenciasEFUNDEB" xlink:title="definition: ReceitaTributariaLiquidaExcetoTransferenciasEFUNDEB to ITBILiquidoExcetoTransferenciasEFUNDEB" order="3.0"/>
    <link:loc xlink:type="locator" xlink:href="../../../cor/ic/siconfi-cor_2019-12-31.xsd#siconfi-cor_IRRFLiquidoExcetoTransferenciasEFUNDEB" xlink:label="IRRFLiquidoExcetoTransferenciasEFUNDEB" xlink:title="IRRFLiquidoExcetoTransferenciasEFUNDEB"/>
    <link:definitionArc xlink:type="arc" xlink:arcrole="http://xbrl.org/int/dim/arcrole/domain-member" xlink:from="ReceitaTributariaLiquidaExcetoTransferenciasEFUNDEB" xlink:to="IRRFLiquidoExcetoTransferenciasEFUNDEB" xlink:title="definition: ReceitaTributariaLiquidaExcetoTransferenciasEFUNDEB to IRRFLiquidoExcetoTransferenciasEFUNDEB" order="4.0"/>
    <link:loc xlink:type="locator" xlink:href="../../../cor/ic/siconfi-cor_2019-12-31.xsd#siconfi-cor_OutrasReceitasTributarias" xlink:label="OutrasReceitasTributarias" xlink:title="OutrasReceitasTributarias"/>
    <link:definitionArc xlink:type="arc" xlink:arcrole="http://xbrl.org/int/dim/arcrole/domain-member" xlink:from="ReceitaTributariaLiquidaExcetoTransferenciasEFUNDEB" xlink:to="OutrasReceitasTributarias" xlink:title="definition: ReceitaTributariaLiquidaExcetoTransferenciasEFUNDEB to OutrasReceitasTributarias" order="5.0"/>
    <link:loc xlink:type="locator" xlink:href="../../../cor/ic/siconfi-cor_2019-12-31.xsd#siconfi-cor_RREO3ReceitaDeContribuicoes" xlink:label="RREO3ReceitaDeContribuicoes" xlink:title="RREO3ReceitaDeContribuicoes"/>
    <link:definitionArc xlink:type="arc" xlink:arcrole="http://xbrl.org/int/dim/arcrole/domain-member" xlink:from="ReceitasCorrentesLiquidasExcetoTransferenciasEFUNDEB" xlink:to="RREO3ReceitaDeContribuicoes" xlink:title="definition: ReceitasCorrentesLiquidasExcetoTransferenciasEFUNDEB to RREO3ReceitaDeContribuicoes" order="2.0"/>
    <link:loc xlink:type="locator" xlink:href="../../../cor/ic/siconfi-cor_2019-12-31.xsd#siconfi-cor_RREO3ReceitaPatrimonial" xlink:label="RREO3ReceitaPatrimonial" xlink:title="RREO3ReceitaPatrimonial"/>
    <link:definitionArc xlink:type="arc" xlink:arcrole="http://xbrl.org/int/dim/arcrole/domain-member" xlink:from="ReceitasCorrentesLiquidasExcetoTransferenciasEFUNDEB" xlink:to="RREO3ReceitaPatrimonial" xlink:title="definition: ReceitasCorrentesLiquidasExcetoTransferenciasEFUNDEB to RREO3ReceitaPatrimonial" order="3.0"/>
    <link:loc xlink:type="locator" xlink:href="../../../cor/ic/siconfi-cor_2019-12-31.xsd#siconfi-cor_RendimentosDeAplicacaoFinanceira" xlink:label="RendimentosDeAplicacaoFinanceira" xlink:title="RendimentosDeAplicacaoFinanceira"/>
    <link:definitionArc xlink:type="arc" xlink:arcrole="http://xbrl.org/int/dim/arcrole/domain-member" xlink:from="RREO3ReceitaPatrimonial" xlink:to="RendimentosDeAplicacaoFinanceira" xlink:title="definition: RREO3ReceitaPatrimonial to RendimentosDeAplicacaoFinanceira" order="1.0"/>
    <link:loc xlink:type="locator" xlink:href="../../../cor/ic/siconfi-cor_2019-12-31.xsd#siconfi-cor_OutrasReceitasPatrimoniais" xlink:label="OutrasReceitasPatrimoniais" xlink:title="OutrasReceitasPatrimoniais"/>
    <link:definitionArc xlink:type="arc" xlink:arcrole="http://xbrl.org/int/dim/arcrole/domain-member" xlink:from="RREO3ReceitaPatrimonial" xlink:to="OutrasReceitasPatrimoniais" xlink:title="definition: RREO3ReceitaPatrimonial to OutrasReceitasPatrimoniais" order="2.0"/>
    <link:loc xlink:type="locator" xlink:href="../../../cor/ic/siconfi-cor_2019-12-31.xsd#siconfi-cor_RREO3ReceitaAgropecuaria" xlink:label="RREO3ReceitaAgropecuaria" xlink:title="RREO3ReceitaAgropecuaria"/>
    <link:definitionArc xlink:type="arc" xlink:arcrole="http://xbrl.org/int/dim/arcrole/domain-member" xlink:from="ReceitasCorrentesLiquidasExcetoTransferenciasEFUNDEB" xlink:to="RREO3ReceitaAgropecuaria" xlink:title="definition: ReceitasCorrentesLiquidasExcetoTransferenciasEFUNDEB to RREO3ReceitaAgropecuaria" order="4.0"/>
    <link:loc xlink:type="locator" xlink:href="../../../cor/ic/siconfi-cor_2019-12-31.xsd#siconfi-cor_RREO3ReceitaIndustrial" xlink:label="RREO3ReceitaIndustrial" xlink:title="RREO3ReceitaIndustrial"/>
    <link:definitionArc xlink:type="arc" xlink:arcrole="http://xbrl.org/int/dim/arcrole/domain-member" xlink:from="ReceitasCorrentesLiquidasExcetoTransferenciasEFUNDEB" xlink:to="RREO3ReceitaIndustrial" xlink:title="definition: ReceitasCorrentesLiquidasExcetoTransferenciasEFUNDEB to RREO3ReceitaIndustrial" order="5.0"/>
    <link:loc xlink:type="locator" xlink:href="../../../cor/ic/siconfi-cor_2019-12-31.xsd#siconfi-cor_RREO3ReceitaDeServicos" xlink:label="RREO3ReceitaDeServicos" xlink:title="RREO3ReceitaDeServicos"/>
    <link:definitionArc xlink:type="arc" xlink:arcrole="http://xbrl.org/int/dim/arcrole/domain-member" xlink:from="ReceitasCorrentesLiquidasExcetoTransferenciasEFUNDEB" xlink:to="RREO3ReceitaDeServicos" xlink:title="definition: ReceitasCorrentesLiquidasExcetoTransferenciasEFUNDEB to RREO3ReceitaDeServicos" order="6.0"/>
    <link:loc xlink:type="locator" xlink:href="../../../cor/ic/siconfi-cor_2019-12-31.xsd#siconfi-cor_RREO3TransferenciasCorrentes" xlink:label="RREO3TransferenciasCorrentes" xlink:title="RREO3TransferenciasCorrentes"/>
    <link:definitionArc xlink:type="arc" xlink:arcrole="http://xbrl.org/int/dim/arcrole/domain-member" xlink:from="ReceitasCorrentesLiquidasExcetoTransferenciasEFUNDEB" xlink:to="RREO3TransferenciasCorrentes" xlink:title="definition: ReceitasCorrentesLiquidasExcetoTransferenciasEFUNDEB to RREO3TransferenciasCorrentes" order="7.0"/>
    <link:loc xlink:type="locator" xlink:href="../../../cor/ic/siconfi-cor_2019-12-31.xsd#siconfi-cor_RREO3CotaParteDoFPM" xlink:label="RREO3CotaParteDoFPM" xlink:title="RREO3CotaParteDoFPM"/>
    <link:definitionArc xlink:type="arc" xlink:arcrole="http://xbrl.org/int/dim/arcrole/domain-member" xlink:from="RREO3TransferenciasCorrentes" xlink:to="RREO3CotaParteDoFPM" xlink:title="definition: RREO3TransferenciasCorrentes to RREO3CotaParteDoFPM" order="1.0"/>
    <link:loc xlink:type="locator" xlink:href="../../../cor/ic/siconfi-cor_2019-12-31.xsd#siconfi-cor_RREO3CotaParteDoICMS" xlink:label="RREO3CotaParteDoICMS" xlink:title="RREO3CotaParteDoICMS"/>
    <link:definitionArc xlink:type="arc" xlink:arcrole="http://xbrl.org/int/dim/arcrole/domain-member" xlink:from="RREO3TransferenciasCorrentes" xlink:to="RREO3CotaParteDoICMS" xlink:title="definition: RREO3TransferenciasCorrentes to RREO3CotaParteDoICMS" order="2.0"/>
    <link:loc xlink:type="locator" xlink:href="../../../cor/ic/siconfi-cor_2019-12-31.xsd#siconfi-cor_RREO3CotaParteDoIPVA" xlink:label="RREO3CotaParteDoIPVA" xlink:title="RREO3CotaParteDoIPVA"/>
    <link:definitionArc xlink:type="arc" xlink:arcrole="http://xbrl.org/int/dim/arcrole/domain-member" xlink:from="RREO3TransferenciasCorrentes" xlink:to="RREO3CotaParteDoIPVA" xlink:title="definition: RREO3TransferenciasCorrentes to RREO3CotaParteDoIPVA" order="3.0"/>
    <link:loc xlink:type="locator" xlink:href="../../../cor/ic/siconfi-cor_2019-12-31.xsd#siconfi-cor_RREO3CotaParteDoITR" xlink:label="RREO3CotaParteDoITR" xlink:title="RREO3CotaParteDoITR"/>
    <link:definitionArc xlink:type="arc" xlink:arcrole="http://xbrl.org/int/dim/arcrole/domain-member" xlink:from="RREO3TransferenciasCorrentes" xlink:to="RREO3CotaParteDoITR" xlink:title="definition: RREO3TransferenciasCorrentes to RREO3CotaParteDoITR" order="4.0"/>
    <link:loc xlink:type="locator" xlink:href="../../../cor/ic/siconfi-cor_2019-12-31.xsd#siconfi-cor_RREO3TransferenciasDaLC871996" xlink:label="RREO3TransferenciasDaLC871996" xlink:title="RREO3TransferenciasDaLC871996"/>
    <link:definitionArc xlink:type="arc" xlink:arcrole="http://xbrl.org/int/dim/arcrole/domain-member" xlink:from="RREO3TransferenciasCorrentes" xlink:to="RREO3TransferenciasDaLC871996" xlink:title="definition: RREO3TransferenciasCorrentes to RREO3TransferenciasDaLC871996" order="5.0"/>
    <link:loc xlink:type="locator" xlink:href="../../../cor/ic/siconfi-cor_2019-12-31.xsd#siconfi-cor_RREO3TransferenciasDaLC611989" xlink:label="RREO3TransferenciasDaLC611989" xlink:title="RREO3TransferenciasDaLC611989"/>
    <link:definitionArc xlink:type="arc" xlink:arcrole="http://xbrl.org/int/dim/arcrole/domain-member" xlink:from="RREO3TransferenciasCorrentes" xlink:to="RREO3TransferenciasDaLC611989" xlink:title="definition: RREO3TransferenciasCorrentes to RREO3TransferenciasDaLC611989" order="6.0"/>
    <link:loc xlink:type="locator" xlink:href="../../../cor/ic/siconfi-cor_2019-12-31.xsd#siconfi-cor_RREO3TransferenciasDoFUNDEB" xlink:label="RREO3TransferenciasDoFUNDEB" xlink:title="RREO3TransferenciasDoFUNDEB"/>
    <link:definitionArc xlink:type="arc" xlink:arcrole="http://xbrl.org/int/dim/arcrole/domain-member" xlink:from="RREO3TransferenciasCorrentes" xlink:to="RREO3TransferenciasDoFUNDEB" xlink:title="definition: RREO3TransferenciasCorrentes to RREO3TransferenciasDoFUNDEB" order="7.0"/>
    <link:loc xlink:type="locator" xlink:href="../../../cor/ic/siconfi-cor_2019-12-31.xsd#siconfi-cor_RREO3OutrasTransferenciasCorrentes" xlink:label="RREO3OutrasTransferenciasCorrentes" xlink:title="RREO3OutrasTransferenciasCorrentes"/>
    <link:definitionArc xlink:type="arc" xlink:arcrole="http://xbrl.org/int/dim/arcrole/domain-member" xlink:from="RREO3TransferenciasCorrentes" xlink:to="RREO3OutrasTransferenciasCorrentes" xlink:title="definition: RREO3TransferenciasCorrentes to RREO3OutrasTransferenciasCorrentes" order="8.0"/>
    <link:loc xlink:type="locator" xlink:href="../../../cor/ic/siconfi-cor_2019-12-31.xsd#siconfi-cor_RREO3OutrasReceitasCorrentes" xlink:label="RREO3OutrasReceitasCorrentes" xlink:title="RREO3OutrasReceitasCorrentes"/>
    <link:definitionArc xlink:type="arc" xlink:arcrole="http://xbrl.org/int/dim/arcrole/domain-member" xlink:from="ReceitasCorrentesLiquidasExcetoTransferenciasEFUNDEB" xlink:to="RREO3OutrasReceitasCorrentes" xlink:title="definition: ReceitasCorrentesLiquidasExcetoTransferenciasEFUNDEB to RREO3OutrasReceitasCorrentes" order="8.0"/>
    <link:loc xlink:type="locator" xlink:href="../../../cor/ic/siconfi-cor_2019-12-31.xsd#siconfi-cor_DeducoesDaReceitaCorrenteLiquida" xlink:label="DeducoesDaReceitaCorrenteLiquida" xlink:title="DeducoesDaReceitaCorrenteLiquida"/>
    <link:definitionArc xlink:type="arc" xlink:arcrole="http://xbrl.org/int/dim/arcrole/domain-member" xlink:from="EspecificacaoLineItems" xlink:to="DeducoesDaReceitaCorrenteLiquida" xlink:title="definition: EspecificacaoLineItems to DeducoesDaReceitaCorrenteLiquida" order="2.0"/>
    <link:loc xlink:type="locator" xlink:href="../../../cor/ic/siconfi-cor_2019-12-31.xsd#siconfi-cor_ContribuicaoDoServidorParaOPlanoDePrevidencia" xlink:label="ContribuicaoDoServidorParaOPlanoDePrevidencia" xlink:title="ContribuicaoDoServidorParaOPlanoDePrevidencia"/>
    <link:definitionArc xlink:type="arc" xlink:arcrole="http://xbrl.org/int/dim/arcrole/domain-member" xlink:from="DeducoesDaReceitaCorrenteLiquida" xlink:to="ContribuicaoDoServidorParaOPlanoDePrevidencia" xlink:title="definition: DeducoesDaReceitaCorrenteLiquida to ContribuicaoDoServidorParaOPlanoDePrevidencia" order="1.0"/>
    <link:loc xlink:type="locator" xlink:href="../../../cor/ic/siconfi-cor_2019-12-31.xsd#siconfi-cor_CompensacaoFinanceiraEntreRegimesPrevidencia" xlink:label="CompensacaoFinanceiraEntreRegimesPrevidencia" xlink:title="CompensacaoFinanceiraEntreRegimesPrevidencia"/>
    <link:definitionArc xlink:type="arc" xlink:arcrole="http://xbrl.org/int/dim/arcrole/domain-member" xlink:from="DeducoesDaReceitaCorrenteLiquida" xlink:to="CompensacaoFinanceiraEntreRegimesPrevidencia" xlink:title="definition: DeducoesDaReceitaCorrenteLiquida to CompensacaoFinanceiraEntreRegimesPrevidencia" order="2.0"/>
    <link:loc xlink:type="locator" xlink:href="../../../cor/ic/siconfi-cor_2019-12-31.xsd#siconfi-cor_DeducaoDeReceitaParaFormacaoDoFUNDEB" xlink:label="DeducaoDeReceitaParaFormacaoDoFUNDEB" xlink:title="DeducaoDeReceitaParaFormacaoDoFUNDEB"/>
    <link:definitionArc xlink:type="arc" xlink:arcrole="http://xbrl.org/int/dim/arcrole/domain-member" xlink:from="DeducoesDaReceitaCorrenteLiquida" xlink:to="DeducaoDeReceitaParaFormacaoDoFUNDEB" xlink:title="definition: DeducoesDaReceitaCorrenteLiquida to DeducaoDeReceitaParaFormacaoDoFUNDEB" order="3.0"/>
    <link:loc xlink:type="locator" xlink:href="../../../cor/ic/siconfi-cor_2019-12-31.xsd#siconfi-cor_RREO3ReceitaCorrenteLiquida" xlink:label="RREO3ReceitaCorrenteLiquida" xlink:title="RREO3ReceitaCorrenteLiquida"/>
    <link:definitionArc xlink:type="arc" xlink:arcrole="http://xbrl.org/int/dim/arcrole/domain-member" xlink:from="EspecificacaoLineItems" xlink:to="RREO3ReceitaCorrenteLiquida" xlink:title="definition: EspecificacaoLineItems to RREO3ReceitaCorrenteLiquida" order="3.0"/>
    <link:loc xlink:type="locator" xlink:href="../../../cor/ic/siconfi-cor_2019-12-31.xsd#siconfi-cor_RREO3TransferenciasObrigatoriasDaUniaoRelativasAsEmendasIndividuais" xlink:label="RREO3TransferenciasObrigatoriasDaUniaoRelativasAsEmendasIndividuais" xlink:title="RREO3TransferenciasObrigatoriasDaUniaoRelativasAsEmendasIndividuais"/>
    <link:definitionArc xlink:type="arc" xlink:arcrole="http://xbrl.org/int/dim/arcrole/domain-member" xlink:from="EspecificacaoLineItems" xlink:to="RREO3TransferenciasObrigatoriasDaUniaoRelativasAsEmendasIndividuais" xlink:title="definition: EspecificacaoLineItems to RREO3TransferenciasObrigatoriasDaUniaoRelativasAsEmendasIndividuais" order="4.0"/>
    <link:loc xlink:type="locator" xlink:href="../../../cor/ic/siconfi-cor_2019-12-31.xsd#siconfi-cor_RREO3TransferenciasObrigatoriasDaUniaoRelativasAsEmendasDeBancada" xlink:label="RREO3TransferenciasObrigatoriasDaUniaoRelativasAsEmendasDeBancada" xlink:title="RREO3TransferenciasObrigatoriasDaUniaoRelativasAsEmendasDeBancada"/>
    <link:definitionArc xlink:type="arc" xlink:arcrole="http://xbrl.org/int/dim/arcrole/domain-member" xlink:from="EspecificacaoLineItems" xlink:to="RREO3TransferenciasObrigatoriasDaUniaoRelativasAsEmendasDeBancada" xlink:title="definition: EspecificacaoLineItems to RREO3TransferenciasObrigatoriasDaUniaoRelativasAsEmendasDeBancada" order="6.0"/>
    <link:loc xlink:type="locator" xlink:href="../../../cor/ic/siconfi-cor_2019-12-31.xsd#siconfi-cor_RREO3ReceitaCorrenteLiquidaAjustadaParaCalculoDosLimitesDeEndividamento" xlink:label="RREO3ReceitaCorrenteLiquidaAjustadaParaCalculoDosLimitesDeEndividamento" xlink:title="RREO3ReceitaCorrenteLiquidaAjustadaParaCalculoDosLimitesDeEndividamento"/>
    <link:definitionArc xlink:type="arc" xlink:arcrole="http://xbrl.org/int/dim/arcrole/domain-member" xlink:from="EspecificacaoLineItems" xlink:to="RREO3ReceitaCorrenteLiquidaAjustadaParaCalculoDosLimitesDeEndividamento" xlink:title="definition: EspecificacaoLineItems to RREO3ReceitaCorrenteLiquidaAjustadaParaCalculoDosLimitesDeEndividamento" order="5.0"/>
    <link:loc xlink:type="locator" xlink:href="../../../cor/ic/siconfi-cor_2019-12-31.xsd#siconfi-cor_RREO3ReceitaCorrenteLiquidaAjustadaParaCalculoDosLimitesDaDespesaComPessoal" xlink:label="RREO3ReceitaCorrenteLiquidaAjustadaParaCalculoDosLimitesDaDespesaComPessoal" xlink:title="RREO3ReceitaCorrenteLiquidaAjustadaParaCalculoDosLimitesDaDespesaComPessoal"/>
    <link:definitionArc xlink:type="arc" xlink:arcrole="http://xbrl.org/int/dim/arcrole/domain-member" xlink:from="EspecificacaoLineItems" xlink:to="RREO3ReceitaCorrenteLiquidaAjustadaParaCalculoDosLimitesDaDespesaComPessoal" xlink:title="definition: EspecificacaoLineItems to RREO3ReceitaCorrenteLiquidaAjustadaParaCalculoDosLimitesDaDespesaComPessoal" order="7.0"/>
    <link:loc xlink:type="locator" xlink:href="siconfi-rreo-anexo3municipios_2019-12-31.xsd#siconfi-rreo-anexo3municipios_EspecificacaoTable" xlink:label="EspecificacaoTable" xlink:title="EspecificacaoTable"/>
    <link:definitionArc xlink:type="arc" xlink:arcrole="http://xbrl.org/int/dim/arcrole/all" xlink:from="EspecificacaoAbstract" xlink:to="EspecificacaoTable" xlink:title="definition: EspecificacaoAbstract to EspecificacaoTable" order="2.0" xbrldt:contextElement="segment" xbrldt:closed="true"/>
    <link:loc xlink:type="locator" xlink:href="../../../cor/dim/siconfi-dim_2019-12-31.xsd#siconfi-dim_EvolucaoReceitaCorrenteLiquidaAxis" xlink:label="EvolucaoReceitaCorrenteLiquidaAxis" xlink:title="EvolucaoReceitaCorrenteLiquidaAxis"/>
    <link:definitionArc xlink:type="arc" xlink:arcrole="http://xbrl.org/int/dim/arcrole/hypercube-dimension" xlink:from="EspecificacaoTable" xlink:to="EvolucaoReceitaCorrenteLiquidaAxis" xlink:title="definition: EspecificacaoTable to EvolucaoReceitaCorrenteLiquidaAxis" order="1.0"/>
    <link:loc xlink:type="locator" xlink:href="../../../cor/dim/siconfi-dim_2019-12-31.xsd#siconfi-dim_EvolucaoReceitaRealizadaMember" xlink:label="EvolucaoReceitaRealizadaMember" xlink:title="EvolucaoReceitaRealizadaMember"/>
    <link:definitionArc xlink:type="arc" xlink:arcrole="http://xbrl.org/int/dim/arcrole/dimension-domain" xlink:from="EvolucaoReceitaCorrenteLiquidaAxis" xlink:to="EvolucaoReceitaRealizadaMember" xlink:title="definition: EvolucaoReceitaCorrenteLiquidaAxis to EvolucaoReceitaRealizadaMember" order="1.0" xbrldt:usable="false"/>
    <link:loc xlink:type="locator" xlink:href="../../../cor/dim/siconfi-dim_2019-12-31.xsd#siconfi-dim_PeriodoDeReferenciaOnzeMember" xlink:label="PeriodoDeReferenciaOnzeMember" xlink:title="PeriodoDeReferenciaOnzeMember"/>
    <link:definitionArc xlink:type="arc" xlink:arcrole="http://xbrl.org/int/dim/arcrole/domain-member" xlink:from="EvolucaoReceitaRealizadaMember" xlink:to="PeriodoDeReferenciaOnzeMember" xlink:title="definition: EvolucaoReceitaRealizadaMember to PeriodoDeReferenciaOnzeMember" order="1.0"/>
    <link:loc xlink:type="locator" xlink:href="../../../cor/dim/siconfi-dim_2019-12-31.xsd#siconfi-dim_PeriodoDeReferenciaDezMember" xlink:label="PeriodoDeReferenciaDezMember" xlink:title="PeriodoDeReferenciaDezMember"/>
    <link:definitionArc xlink:type="arc" xlink:arcrole="http://xbrl.org/int/dim/arcrole/domain-member" xlink:from="EvolucaoReceitaRealizadaMember" xlink:to="PeriodoDeReferenciaDezMember" xlink:title="definition: EvolucaoReceitaRealizadaMember to PeriodoDeReferenciaDezMember" order="2.0"/>
    <link:loc xlink:type="locator" xlink:href="../../../cor/dim/siconfi-dim_2019-12-31.xsd#siconfi-dim_PeriodoDeReferenciaNoveMember" xlink:label="PeriodoDeReferenciaNoveMember" xlink:title="PeriodoDeReferenciaNoveMember"/>
    <link:definitionArc xlink:type="arc" xlink:arcrole="http://xbrl.org/int/dim/arcrole/domain-member" xlink:from="EvolucaoReceitaRealizadaMember" xlink:to="PeriodoDeReferenciaNoveMember" xlink:title="definition: EvolucaoReceitaRealizadaMember to PeriodoDeReferenciaNoveMember" order="3.0"/>
    <link:loc xlink:type="locator" xlink:href="../../../cor/dim/siconfi-dim_2019-12-31.xsd#siconfi-dim_PeriodoDeReferenciaOitoMember" xlink:label="PeriodoDeReferenciaOitoMember" xlink:title="PeriodoDeReferenciaOitoMember"/>
    <link:definitionArc xlink:type="arc" xlink:arcrole="http://xbrl.org/int/dim/arcrole/domain-member" xlink:from="EvolucaoReceitaRealizadaMember" xlink:to="PeriodoDeReferenciaOitoMember" xlink:title="definition: EvolucaoReceitaRealizadaMember to PeriodoDeReferenciaOitoMember" order="4.0"/>
    <link:loc xlink:type="locator" xlink:href="../../../cor/dim/siconfi-dim_2019-12-31.xsd#siconfi-dim_PeriodoDeReferenciaSeteMember" xlink:label="PeriodoDeReferenciaSeteMember" xlink:title="PeriodoDeReferenciaSeteMember"/>
    <link:definitionArc xlink:type="arc" xlink:arcrole="http://xbrl.org/int/dim/arcrole/domain-member" xlink:from="EvolucaoReceitaRealizadaMember" xlink:to="PeriodoDeReferenciaSeteMember" xlink:title="definition: EvolucaoReceitaRealizadaMember to PeriodoDeReferenciaSeteMember" order="5.0"/>
    <link:loc xlink:type="locator" xlink:href="../../../cor/dim/siconfi-dim_2019-12-31.xsd#siconfi-dim_PeriodoDeReferenciaSeisMember" xlink:label="PeriodoDeReferenciaSeisMember" xlink:title="PeriodoDeReferenciaSeisMember"/>
    <link:definitionArc xlink:type="arc" xlink:arcrole="http://xbrl.org/int/dim/arcrole/domain-member" xlink:from="EvolucaoReceitaRealizadaMember" xlink:to="PeriodoDeReferenciaSeisMember" xlink:title="definition: EvolucaoReceitaRealizadaMember to PeriodoDeReferenciaSeisMember" order="6.0"/>
    <link:loc xlink:type="locator" xlink:href="../../../cor/dim/siconfi-dim_2019-12-31.xsd#siconfi-dim_PeriodoDeReferenciaCincoMember" xlink:label="PeriodoDeReferenciaCincoMember" xlink:title="PeriodoDeReferenciaCincoMember"/>
    <link:definitionArc xlink:type="arc" xlink:arcrole="http://xbrl.org/int/dim/arcrole/domain-member" xlink:from="EvolucaoReceitaRealizadaMember" xlink:to="PeriodoDeReferenciaCincoMember" xlink:title="definition: EvolucaoReceitaRealizadaMember to PeriodoDeReferenciaCincoMember" order="7.0"/>
    <link:loc xlink:type="locator" xlink:href="../../../cor/dim/siconfi-dim_2019-12-31.xsd#siconfi-dim_PeriodoDeReferenciaQuatroMember" xlink:label="PeriodoDeReferenciaQuatroMember" xlink:title="PeriodoDeReferenciaQuatroMember"/>
    <link:definitionArc xlink:type="arc" xlink:arcrole="http://xbrl.org/int/dim/arcrole/domain-member" xlink:from="EvolucaoReceitaRealizadaMember" xlink:to="PeriodoDeReferenciaQuatroMember" xlink:title="definition: EvolucaoReceitaRealizadaMember to PeriodoDeReferenciaQuatroMember" order="8.0"/>
    <link:loc xlink:type="locator" xlink:href="../../../cor/dim/siconfi-dim_2019-12-31.xsd#siconfi-dim_PeriodoDeReferenciaTresMember" xlink:label="PeriodoDeReferenciaTresMember" xlink:title="PeriodoDeReferenciaTresMember"/>
    <link:definitionArc xlink:type="arc" xlink:arcrole="http://xbrl.org/int/dim/arcrole/domain-member" xlink:from="EvolucaoReceitaRealizadaMember" xlink:to="PeriodoDeReferenciaTresMember" xlink:title="definition: EvolucaoReceitaRealizadaMember to PeriodoDeReferenciaTresMember" order="9.0"/>
    <link:loc xlink:type="locator" xlink:href="../../../cor/dim/siconfi-dim_2019-12-31.xsd#siconfi-dim_PeriodoDeReferenciaDoisMember" xlink:label="PeriodoDeReferenciaDoisMember" xlink:title="PeriodoDeReferenciaDoisMember"/>
    <link:definitionArc xlink:type="arc" xlink:arcrole="http://xbrl.org/int/dim/arcrole/domain-member" xlink:from="EvolucaoReceitaRealizadaMember" xlink:to="PeriodoDeReferenciaDoisMember" xlink:title="definition: EvolucaoReceitaRealizadaMember to PeriodoDeReferenciaDoisMember" order="10.0"/>
    <link:loc xlink:type="locator" xlink:href="../../../cor/dim/siconfi-dim_2019-12-31.xsd#siconfi-dim_PeriodoDeReferenciaUmMember" xlink:label="PeriodoDeReferenciaUmMember" xlink:title="PeriodoDeReferenciaUmMember"/>
    <link:definitionArc xlink:type="arc" xlink:arcrole="http://xbrl.org/int/dim/arcrole/domain-member" xlink:from="EvolucaoReceitaRealizadaMember" xlink:to="PeriodoDeReferenciaUmMember" xlink:title="definition: EvolucaoReceitaRealizadaMember to PeriodoDeReferenciaUmMember" order="11.0"/>
    <link:loc xlink:type="locator" xlink:href="../../../cor/dim/siconfi-dim_2019-12-31.xsd#siconfi-dim_PeriodoDeReferenciaZeroMember" xlink:label="PeriodoDeReferenciaZeroMember" xlink:title="PeriodoDeReferenciaZeroMember"/>
    <link:definitionArc xlink:type="arc" xlink:arcrole="http://xbrl.org/int/dim/arcrole/domain-member" xlink:from="EvolucaoReceitaRealizadaMember" xlink:to="PeriodoDeReferenciaZeroMember" xlink:title="definition: EvolucaoReceitaRealizadaMember to PeriodoDeReferenciaZeroMember" order="12.0"/>
    <link:loc xlink:type="locator" xlink:href="../../../cor/dim/siconfi-dim_2019-12-31.xsd#siconfi-dim_TotalMember" xlink:label="TotalMember" xlink:title="TotalMember"/>
    <link:definitionArc xlink:type="arc" xlink:arcrole="http://xbrl.org/int/dim/arcrole/dimension-domain" xlink:from="EvolucaoReceitaCorrenteLiquidaAxis" xlink:to="TotalMember" xlink:title="definition: EvolucaoReceitaCorrenteLiquidaAxis to TotalMember" order="2.0"/>
    <link:loc xlink:type="locator" xlink:href="../../../cor/dim/siconfi-dim_2019-12-31.xsd#siconfi-dim_PrevisaoAtualizadaMember" xlink:label="PrevisaoAtualizadaMember" xlink:title="PrevisaoAtualizadaMember"/>
    <link:definitionArc xlink:type="arc" xlink:arcrole="http://xbrl.org/int/dim/arcrole/dimension-domain" xlink:from="EvolucaoReceitaCorrenteLiquidaAxis" xlink:to="PrevisaoAtualizadaMember" xlink:title="definition: EvolucaoReceitaCorrenteLiquidaAxis to PrevisaoAtualizadaMember" order="3.0"/>
  </link:definitionLink>
</link:linkbase>
