<?xml version="1.0" encoding="UTF-8"?>
<!-- Generated by Fujitsu Interstage XWand B0196 -->
<link:linkbase xmlns:xsi="http://www.w3.org/2001/XMLSchema-instance" xsi:schemaLocation="http://www.xbrl.org/2003/linkbase http://www.xbrl.org/2003/xbrl-linkbase-2003-12-31.xsd" xmlns:siconfi-rgf-anexo1="http://fazenda.gov.br/siconfi/rep/rgf/anexo1/siconfi-rgf-anexo1_2019-12-31" xmlns:link="http://www.xbrl.org/2003/linkbase" xmlns:xlink="http://www.w3.org/1999/xlink" xmlns:xbrli="http://www.xbrl.org/2003/instance">
  <link:roleRef roleURI="http://fazenda.gov.br/siconfi/rep/rgf/anexo1/siconfi-rgf-anexo1-tabela1.0" xlink:type="simple" xlink:href="siconfi-rgf-anexo1_2019-12-31.xsd#siconfi-rgf-anexo1-tabela1.0"/>
  <link:roleRef roleURI="http://fazenda.gov.br/siconfi/rep/rgf/anexo1/siconfi-rgf-anexo1-tabela1.2" xlink:type="simple" xlink:href="siconfi-rgf-anexo1_2019-12-31.xsd#siconfi-rgf-anexo1-tabela1.2"/>
  <link:roleRef roleURI="http://fazenda.gov.br/siconfi/rep/rgf/anexo1/siconfi-rgf-anexo1-tabela1.4" xlink:type="simple" xlink:href="siconfi-rgf-anexo1_2019-12-31.xsd#siconfi-rgf-anexo1-tabela1.4"/>
  <link:labelLink xlink:type="extended" xlink:role="http://www.xbrl.org/2003/role/link"/>
  <link:labelLink xlink:type="extended" xlink:role="http://fazenda.gov.br/siconfi/rep/rgf/anexo1/siconfi-rgf-anexo1-tabela1.0">
    <link:loc xlink:type="locator" xlink:href="../../../cor/dim/siconfi-dim_2019-12-31.xsd#siconfi-dim_EstagiosDespesaOrcamentariaAxis" xlink:label="EstagiosDespesaOrcamentariaAxis" xlink:title="EstagiosDespesaOrcamentariaAxis"/>
    <link:label xlink:type="resource" xlink:label="label_EstagiosDespesaOrcamentariaAxis" xlink:role="http://www.xbrl.org/2003/role/label" xlink:title="label_EstagiosDespesaOrcamentariaAxis" xml:lang="pt-br" id="label_EstagiosDespesaOrcamentariaAxis">Despesa Executada com Pessoal [axis] [orientacao=horizontal]</link:label>
    <link:labelArc xlink:type="arc" xlink:arcrole="http://www.xbrl.org/2003/arcrole/concept-label" xlink:from="EstagiosDespesaOrcamentariaAxis" xlink:to="label_EstagiosDespesaOrcamentariaAxis" xlink:title="label: EstagiosDespesaOrcamentariaAxis to label_EstagiosDespesaOrcamentariaAxis"/>
    <link:loc xlink:type="locator" xlink:href="../../../cor/dim/siconfi-dim_2019-12-31.xsd#siconfi-dim_ExercicioApuracaoAxis" xlink:label="ExercicioApuracaoAxis" xlink:title="ExercicioApuracaoAxis"/>
    <link:label xlink:type="resource" xlink:label="label_ExercicioApuracaoAxis" xlink:role="http://www.xbrl.org/2003/role/label" xlink:title="label_ExercicioApuracaoAxis" xml:lang="pt-br" id="label_ExercicioApuracaoAxis">DTP e Apuração do Cumprimento do Limite Legal [axis] [orientacao=horizontal]</link:label>
    <link:labelArc xlink:type="arc" xlink:arcrole="http://www.xbrl.org/2003/arcrole/concept-label" xlink:from="ExercicioApuracaoAxis" xlink:to="label_ExercicioApuracaoAxis" xlink:title="label: ExercicioApuracaoAxis to label_ExercicioApuracaoAxis"/>
    <link:loc xlink:type="locator" xlink:href="../../../cor/dim/siconfi-dim_2019-12-31.xsd#siconfi-dim_IdentificacaoConsorcioAxis" xlink:label="IdentificacaoConsorcioAxis" xlink:title="IdentificacaoConsorcioAxis"/>
    <link:label xlink:type="resource" xlink:label="label_IdentificacaoConsorcioAxis" xlink:role="http://www.xbrl.org/2003/role/label" xlink:title="label_IdentificacaoConsorcioAxis" xml:lang="pt-br" id="label_IdentificacaoConsorcioAxis_2">Identificação do Consórcio [axis] [orientacao=externa]</link:label>
    <link:labelArc xlink:type="arc" xlink:arcrole="http://www.xbrl.org/2003/arcrole/concept-label" xlink:from="IdentificacaoConsorcioAxis" xlink:to="label_IdentificacaoConsorcioAxis" xlink:title="label: IdentificacaoConsorcioAxis to label_IdentificacaoConsorcioAxis"/>
    <link:loc xlink:type="locator" xlink:href="../../../cor/dim/siconfi-dim_2019-12-31.xsd#siconfi-dim_ApuracaoPercentualSobreARCLMember" xlink:label="ApuracaoPercentualSobreARCLMember" xlink:title="ApuracaoPercentualSobreARCLMember"/>
    <link:label xlink:type="resource" xlink:label="label_ApuracaoPercentualSobreARCLMember" xlink:role="http://www.xbrl.org/2003/role/label" xlink:title="label_ApuracaoPercentualSobreARCLMember" xml:lang="pt-br" id="label_ApuracaoPercentualSobreARCLMember">% sobre a RCL Ajustada [member]</link:label>
    <link:labelArc xlink:type="arc" xlink:arcrole="http://www.xbrl.org/2003/arcrole/concept-label" xlink:from="ApuracaoPercentualSobreARCLMember" xlink:to="label_ApuracaoPercentualSobreARCLMember" xlink:title="label: ApuracaoPercentualSobreARCLMember to label_ApuracaoPercentualSobreARCLMember"/>
    <link:loc xlink:type="locator" xlink:href="../../../cor/dim/siconfi-dim_2019-12-31.xsd#siconfi-dim_ApuracaoValorMember" xlink:label="ApuracaoValorMember" xlink:title="ApuracaoValorMember"/>
    <link:label xlink:type="resource" xlink:label="label_ApuracaoValorMember" xlink:role="http://www.xbrl.org/2003/role/label" xlink:title="label_ApuracaoValorMember" xml:lang="pt-br" id="label_ApuracaoValorMember">Valor [member]</link:label>
    <link:labelArc xlink:type="arc" xlink:arcrole="http://www.xbrl.org/2003/arcrole/concept-label" xlink:from="ApuracaoValorMember" xlink:to="label_ApuracaoValorMember" xlink:title="label: ApuracaoValorMember to label_ApuracaoValorMember"/>
    <link:loc xlink:type="locator" xlink:href="../../../cor/dim/siconfi-dim_2019-12-31.xsd#siconfi-dim_DespesasExecutadasUltimos12MesesMember" xlink:label="DespesasExecutadasUltimos12MesesMember" xlink:title="DespesasExecutadasUltimos12MesesMember"/>
    <link:label xlink:type="resource" xlink:label="label_DespesasExecutadasUltimos12MesesMember" xlink:role="http://www.xbrl.org/2003/role/label" xlink:title="label_DespesasExecutadasUltimos12MesesMember" xml:lang="pt-br" id="label_DespesasExecutadasUltimos12MesesMember">DESPESAS EXECUTADAS (Últimos 12 Meses) [member]</link:label>
    <link:labelArc xlink:type="arc" xlink:arcrole="http://www.xbrl.org/2003/arcrole/concept-label" xlink:from="DespesasExecutadasUltimos12MesesMember" xlink:to="label_DespesasExecutadasUltimos12MesesMember" xlink:title="label: DespesasExecutadasUltimos12MesesMember to label_DespesasExecutadasUltimos12MesesMember"/>
    <link:loc xlink:type="locator" xlink:href="../../../cor/dim/siconfi-dim_2019-12-31.xsd#siconfi-dim_DespesasInscritasEmRestosAPagarNaoProcessadosUltimos12MesesMember" xlink:label="DespesasInscritasEmRestosAPagarNaoProcessadosUltimos12MesesMember" xlink:title="DespesasInscritasEmRestosAPagarNaoProcessadosUltimos12MesesMember"/>
    <link:label xlink:type="resource" xlink:label="label_DespesasInscritasEmRestosAPagarNaoProcessadosUltimos12MesesMember" xlink:role="http://www.xbrl.org/2003/role/label" xlink:title="label_DespesasInscritasEmRestosAPagarNaoProcessadosUltimos12MesesMember" xml:lang="pt-br" id="label_DespesasInscritasEmRestosAPagarNaoProcessadosUltimos12MesesMember">INSCRITAS EM RESTOS A PAGAR NÃO PROCESSADOS (b) [member]</link:label>
    <link:labelArc xlink:type="arc" xlink:arcrole="http://www.xbrl.org/2003/arcrole/concept-label" xlink:from="DespesasInscritasEmRestosAPagarNaoProcessadosUltimos12MesesMember" xlink:to="label_DespesasInscritasEmRestosAPagarNaoProcessadosUltimos12MesesMember" xlink:title="label: DespesasInscritasEmRestosAPagarNaoProcessadosUltimos12MesesMember to label_DespesasInscritasEmRestosAPagarNaoProcessadosUltimos12MesesMember"/>
    <link:loc xlink:type="locator" xlink:href="../../../cor/dim/siconfi-dim_2019-12-31.xsd#siconfi-dim_DespesasLiquidadasMember" xlink:label="DespesasLiquidadasMember" xlink:title="DespesasLiquidadasMember"/>
    <link:label xlink:type="resource" xlink:label="label_DespesasLiquidadasMember" xlink:role="http://www.xbrl.org/2003/role/label" xlink:title="label_DespesasLiquidadasMember" xml:lang="pt-br" id="label_DespesasLiquidadasMember">LIQUIDADAS</link:label>
    <link:labelArc xlink:type="arc" xlink:arcrole="http://www.xbrl.org/2003/arcrole/concept-label" xlink:from="DespesasLiquidadasMember" xlink:to="label_DespesasLiquidadasMember" xlink:title="label: DespesasLiquidadasMember to label_DespesasLiquidadasMember"/>
    <link:loc xlink:type="locator" xlink:href="../../../cor/dim/siconfi-dim_2019-12-31.xsd#siconfi-dim_DespesasLiquidadasUltimos12MesesMember" xlink:label="DespesasLiquidadasUltimos12MesesMember" xlink:title="DespesasLiquidadasUltimos12MesesMember"/>
    <link:label xlink:type="resource" xlink:label="label_DespesasLiquidadasUltimos12MesesMember" xlink:role="http://www.xbrl.org/2003/role/label" xlink:title="label_DespesasLiquidadasUltimos12MesesMember" xml:lang="pt-br" id="label_DespesasLiquidadasUltimos12MesesMember">TOTAL (ÚLTIMOS 12 MESES) (a) [member]</link:label>
    <link:labelArc xlink:type="arc" xlink:arcrole="http://www.xbrl.org/2003/arcrole/concept-label" xlink:from="DespesasLiquidadasUltimos12MesesMember" xlink:to="label_DespesasLiquidadasUltimos12MesesMember" xlink:title="label: DespesasLiquidadasUltimos12MesesMember to label_DespesasLiquidadasUltimos12MesesMember"/>
    <link:loc xlink:type="locator" xlink:href="../../../cor/dim/siconfi-dim_2019-12-31.xsd#siconfi-dim_NoQuadrimestreDeReferenciaMember" xlink:label="NoQuadrimestreDeReferenciaMember" xlink:title="NoQuadrimestreDeReferenciaMember"/>
    <link:label xlink:type="resource" xlink:label="label_NoQuadrimestreDeReferenciaMember" xlink:role="http://www.xbrl.org/2003/role/label" xlink:title="label_NoQuadrimestreDeReferenciaMember" xml:lang="pt-br" id="label_NoQuadrimestreDeReferenciaMember">Quadrimestre [member]</link:label>
    <link:labelArc xlink:type="arc" xlink:arcrole="http://www.xbrl.org/2003/arcrole/concept-label" xlink:from="NoQuadrimestreDeReferenciaMember" xlink:to="label_NoQuadrimestreDeReferenciaMember" xlink:title="label: NoQuadrimestreDeReferenciaMember to label_NoQuadrimestreDeReferenciaMember"/>
    <link:loc xlink:type="locator" xlink:href="../../../cor/dim/siconfi-dim_2019-12-31.xsd#siconfi-dim_PeriodoDeReferenciaCincoMember" xlink:label="PeriodoDeReferenciaCincoMember" xlink:title="PeriodoDeReferenciaCincoMember"/>
    <link:label xlink:type="resource" xlink:label="label_PeriodoDeReferenciaCincoMember" xlink:role="http://www.xbrl.org/2003/role/label" xlink:title="label_PeriodoDeReferenciaCincoMember" xml:lang="pt-br" id="label_PeriodoDeReferenciaCincoMember">&lt;MR-5&gt; [member]</link:label>
    <link:labelArc xlink:type="arc" xlink:arcrole="http://www.xbrl.org/2003/arcrole/concept-label" xlink:from="PeriodoDeReferenciaCincoMember" xlink:to="label_PeriodoDeReferenciaCincoMember" xlink:title="label: PeriodoDeReferenciaCincoMember to label_PeriodoDeReferenciaCincoMember"/>
    <link:loc xlink:type="locator" xlink:href="../../../cor/dim/siconfi-dim_2019-12-31.xsd#siconfi-dim_PeriodoDeReferenciaDezMember" xlink:label="PeriodoDeReferenciaDezMember" xlink:title="PeriodoDeReferenciaDezMember"/>
    <link:label xlink:type="resource" xlink:label="label_PeriodoDeReferenciaDezMember" xlink:role="http://www.xbrl.org/2003/role/label" xlink:title="label_PeriodoDeReferenciaDezMember" xml:lang="pt-br" id="label_PeriodoDeReferenciaDezMember">&lt;MR-10&gt; [member]</link:label>
    <link:labelArc xlink:type="arc" xlink:arcrole="http://www.xbrl.org/2003/arcrole/concept-label" xlink:from="PeriodoDeReferenciaDezMember" xlink:to="label_PeriodoDeReferenciaDezMember" xlink:title="label: PeriodoDeReferenciaDezMember to label_PeriodoDeReferenciaDezMember"/>
    <link:loc xlink:type="locator" xlink:href="../../../cor/dim/siconfi-dim_2019-12-31.xsd#siconfi-dim_PeriodoDeReferenciaDoisMember" xlink:label="PeriodoDeReferenciaDoisMember" xlink:title="PeriodoDeReferenciaDoisMember"/>
    <link:label xlink:type="resource" xlink:label="label_PeriodoDeReferenciaDoisMember" xlink:role="http://www.xbrl.org/2003/role/label" xlink:title="label_PeriodoDeReferenciaDoisMember" xml:lang="pt-br" id="label_PeriodoDeReferenciaDoisMember">&lt;MR-2&gt; [member]</link:label>
    <link:labelArc xlink:type="arc" xlink:arcrole="http://www.xbrl.org/2003/arcrole/concept-label" xlink:from="PeriodoDeReferenciaDoisMember" xlink:to="label_PeriodoDeReferenciaDoisMember" xlink:title="label: PeriodoDeReferenciaDoisMember to label_PeriodoDeReferenciaDoisMember"/>
    <link:loc xlink:type="locator" xlink:href="../../../cor/dim/siconfi-dim_2019-12-31.xsd#siconfi-dim_PeriodoDeReferenciaNoveMember" xlink:label="PeriodoDeReferenciaNoveMember" xlink:title="PeriodoDeReferenciaNoveMember"/>
    <link:label xlink:type="resource" xlink:label="label_PeriodoDeReferenciaNoveMember" xlink:role="http://www.xbrl.org/2003/role/label" xlink:title="label_PeriodoDeReferenciaNoveMember" xml:lang="pt-br" id="label_PeriodoDeReferenciaNoveMember">&lt;MR-9&gt; [member]</link:label>
    <link:labelArc xlink:type="arc" xlink:arcrole="http://www.xbrl.org/2003/arcrole/concept-label" xlink:from="PeriodoDeReferenciaNoveMember" xlink:to="label_PeriodoDeReferenciaNoveMember" xlink:title="label: PeriodoDeReferenciaNoveMember to label_PeriodoDeReferenciaNoveMember"/>
    <link:loc xlink:type="locator" xlink:href="../../../cor/dim/siconfi-dim_2019-12-31.xsd#siconfi-dim_PeriodoDeReferenciaOitoMember" xlink:label="PeriodoDeReferenciaOitoMember" xlink:title="PeriodoDeReferenciaOitoMember"/>
    <link:label xlink:type="resource" xlink:label="label_PeriodoDeReferenciaOitoMember" xlink:role="http://www.xbrl.org/2003/role/label" xlink:title="label_PeriodoDeReferenciaOitoMember" xml:lang="pt-br" id="label_PeriodoDeReferenciaOitoMember">&lt;MR-8&gt; [member]</link:label>
    <link:labelArc xlink:type="arc" xlink:arcrole="http://www.xbrl.org/2003/arcrole/concept-label" xlink:from="PeriodoDeReferenciaOitoMember" xlink:to="label_PeriodoDeReferenciaOitoMember" xlink:title="label: PeriodoDeReferenciaOitoMember to label_PeriodoDeReferenciaOitoMember"/>
    <link:loc xlink:type="locator" xlink:href="../../../cor/dim/siconfi-dim_2019-12-31.xsd#siconfi-dim_PeriodoDeReferenciaOnzeMember" xlink:label="PeriodoDeReferenciaOnzeMember" xlink:title="PeriodoDeReferenciaOnzeMember"/>
    <link:label xlink:type="resource" xlink:label="label_PeriodoDeReferenciaOnzeMember" xlink:role="http://www.xbrl.org/2003/role/label" xlink:title="label_PeriodoDeReferenciaOnzeMember" xml:lang="pt-br" id="label_PeriodoDeReferenciaOnzeMember">&lt;MR-11&gt; [member]</link:label>
    <link:labelArc xlink:type="arc" xlink:arcrole="http://www.xbrl.org/2003/arcrole/concept-label" xlink:from="PeriodoDeReferenciaOnzeMember" xlink:to="label_PeriodoDeReferenciaOnzeMember" xlink:title="label: PeriodoDeReferenciaOnzeMember to label_PeriodoDeReferenciaOnzeMember"/>
    <link:loc xlink:type="locator" xlink:href="../../../cor/dim/siconfi-dim_2019-12-31.xsd#siconfi-dim_PeriodoDeReferenciaQuatroMember" xlink:label="PeriodoDeReferenciaQuatroMember" xlink:title="PeriodoDeReferenciaQuatroMember"/>
    <link:label xlink:type="resource" xlink:label="label_PeriodoDeReferenciaQuatroMember" xlink:role="http://www.xbrl.org/2003/role/label" xlink:title="label_PeriodoDeReferenciaQuatroMember" xml:lang="pt-br" id="label_PeriodoDeReferenciaQuatroMember">&lt;MR-4&gt; [member]</link:label>
    <link:labelArc xlink:type="arc" xlink:arcrole="http://www.xbrl.org/2003/arcrole/concept-label" xlink:from="PeriodoDeReferenciaQuatroMember" xlink:to="label_PeriodoDeReferenciaQuatroMember" xlink:title="label: PeriodoDeReferenciaQuatroMember to label_PeriodoDeReferenciaQuatroMember"/>
    <link:loc xlink:type="locator" xlink:href="../../../cor/dim/siconfi-dim_2019-12-31.xsd#siconfi-dim_PeriodoDeReferenciaSeisMember" xlink:label="PeriodoDeReferenciaSeisMember" xlink:title="PeriodoDeReferenciaSeisMember"/>
    <link:label xlink:type="resource" xlink:label="label_PeriodoDeReferenciaSeisMember" xlink:role="http://www.xbrl.org/2003/role/label" xlink:title="label_PeriodoDeReferenciaSeisMember" xml:lang="pt-br" id="label_PeriodoDeReferenciaSeisMember">&lt;MR-6&gt; [member]</link:label>
    <link:labelArc xlink:type="arc" xlink:arcrole="http://www.xbrl.org/2003/arcrole/concept-label" xlink:from="PeriodoDeReferenciaSeisMember" xlink:to="label_PeriodoDeReferenciaSeisMember" xlink:title="label: PeriodoDeReferenciaSeisMember to label_PeriodoDeReferenciaSeisMember"/>
    <link:loc xlink:type="locator" xlink:href="../../../cor/dim/siconfi-dim_2019-12-31.xsd#siconfi-dim_PeriodoDeReferenciaSeteMember" xlink:label="PeriodoDeReferenciaSeteMember" xlink:title="PeriodoDeReferenciaSeteMember"/>
    <link:label xlink:type="resource" xlink:label="label_PeriodoDeReferenciaSeteMember" xlink:role="http://www.xbrl.org/2003/role/label" xlink:title="label_PeriodoDeReferenciaSeteMember" xml:lang="pt-br" id="label_PeriodoDeReferenciaSeteMember">&lt;MR-7&gt; [member]</link:label>
    <link:labelArc xlink:type="arc" xlink:arcrole="http://www.xbrl.org/2003/arcrole/concept-label" xlink:from="PeriodoDeReferenciaSeteMember" xlink:to="label_PeriodoDeReferenciaSeteMember" xlink:title="label: PeriodoDeReferenciaSeteMember to label_PeriodoDeReferenciaSeteMember"/>
    <link:loc xlink:type="locator" xlink:href="../../../cor/dim/siconfi-dim_2019-12-31.xsd#siconfi-dim_PeriodoDeReferenciaTresMember" xlink:label="PeriodoDeReferenciaTresMember" xlink:title="PeriodoDeReferenciaTresMember"/>
    <link:label xlink:type="resource" xlink:label="label_PeriodoDeReferenciaTresMember" xlink:role="http://www.xbrl.org/2003/role/label" xlink:title="label_PeriodoDeReferenciaTresMember" xml:lang="pt-br" id="label_PeriodoDeReferenciaTresMember">&lt;MR-3&gt; [member]</link:label>
    <link:labelArc xlink:type="arc" xlink:arcrole="http://www.xbrl.org/2003/arcrole/concept-label" xlink:from="PeriodoDeReferenciaTresMember" xlink:to="label_PeriodoDeReferenciaTresMember" xlink:title="label: PeriodoDeReferenciaTresMember to label_PeriodoDeReferenciaTresMember"/>
    <link:loc xlink:type="locator" xlink:href="../../../cor/dim/siconfi-dim_2019-12-31.xsd#siconfi-dim_PeriodoDeReferenciaUmMember" xlink:label="PeriodoDeReferenciaUmMember" xlink:title="PeriodoDeReferenciaUmMember"/>
    <link:label xlink:type="resource" xlink:label="label_PeriodoDeReferenciaUmMember" xlink:role="http://www.xbrl.org/2003/role/label" xlink:title="label_PeriodoDeReferenciaUmMember" xml:lang="pt-br" id="label_PeriodoDeReferenciaUmMember">&lt;MR-1&gt; [member]</link:label>
    <link:labelArc xlink:type="arc" xlink:arcrole="http://www.xbrl.org/2003/arcrole/concept-label" xlink:from="PeriodoDeReferenciaUmMember" xlink:to="label_PeriodoDeReferenciaUmMember" xlink:title="label: PeriodoDeReferenciaUmMember to label_PeriodoDeReferenciaUmMember"/>
    <link:loc xlink:type="locator" xlink:href="../../../cor/dim/siconfi-dim_2019-12-31.xsd#siconfi-dim_PeriodoDeReferenciaZeroMember" xlink:label="PeriodoDeReferenciaZeroMember" xlink:title="PeriodoDeReferenciaZeroMember"/>
    <link:label xlink:type="resource" xlink:label="label_PeriodoDeReferenciaZeroMember" xlink:role="http://www.xbrl.org/2003/role/label" xlink:title="label_PeriodoDeReferenciaZeroMember" xml:lang="pt-br" id="label_PeriodoDeReferenciaZeroMember">&lt;MR&gt; [member]</link:label>
    <link:labelArc xlink:type="arc" xlink:arcrole="http://www.xbrl.org/2003/arcrole/concept-label" xlink:from="PeriodoDeReferenciaZeroMember" xlink:to="label_PeriodoDeReferenciaZeroMember" xlink:title="label: PeriodoDeReferenciaZeroMember to label_PeriodoDeReferenciaZeroMember"/>
    <link:loc xlink:type="locator" xlink:href="../../../cor/dim/siconfi-dim_2019-12-31.xsd#siconfi-dim_DespesasExecutadasNaoComputadasUltimos12MesesMember" xlink:label="DespesasExecutadasNaoComputadasUltimos12MesesMember" xlink:title="DespesasExecutadasNaoComputadasUltimos12MesesMember"/>
    <link:label xlink:type="resource" xlink:label="label_DespesasExecutadasNaoComputadasUltimos12MesesMember" xlink:role="http://www.xbrl.org/2003/role/label" xlink:title="label_DespesasExecutadasNaoComputadasUltimos12MesesMember" xml:lang="pt-br" id="label_DespesasExecutadasNaoComputadasUltimos12MesesMember">Despesas Executadas - Últimos 12 Meses [member]</link:label>
    <link:labelArc xlink:type="arc" xlink:arcrole="http://www.xbrl.org/2003/arcrole/concept-label" xlink:from="DespesasExecutadasNaoComputadasUltimos12MesesMember" xlink:to="label_DespesasExecutadasNaoComputadasUltimos12MesesMember" xlink:title="label: DespesasExecutadasNaoComputadasUltimos12MesesMember to label_DespesasExecutadasNaoComputadasUltimos12MesesMember"/>
    <link:loc xlink:type="locator" xlink:href="../../../cor/dim/siconfi-dim_2019-12-31.xsd#siconfi-dim_ApuracaoDaTrajetoriaDeRetornoAoLimiteDaDTPAxis" xlink:label="ApuracaoDaTrajetoriaDeRetornoAoLimiteDaDTPAxis" xlink:title="ApuracaoDaTrajetoriaDeRetornoAoLimiteDaDTPAxis"/>
    <link:label xlink:type="resource" xlink:label="label_ApuracaoDaTrajetoriaDeRetornoAoLimiteDaDTPAxis" xlink:role="http://www.xbrl.org/2003/role/label" xlink:title="label_ApuracaoDaTrajetoriaDeRetornoAoLimiteDaDTPAxis" xml:lang="pt-br" id="label_ApuracaoDaTrajetoriaDeRetornoAoLimiteDaDTPAxis">Trajetória de Retorno ao Limite da Despesa Total com Pessoal [axis] [orientacao=horizontal]</link:label>
    <link:labelArc xlink:type="arc" xlink:arcrole="http://www.xbrl.org/2003/arcrole/concept-label" xlink:from="ApuracaoDaTrajetoriaDeRetornoAoLimiteDaDTPAxis" xlink:to="label_ApuracaoDaTrajetoriaDeRetornoAoLimiteDaDTPAxis" xlink:title="label: ApuracaoDaTrajetoriaDeRetornoAoLimiteDaDTPAxis to label_ApuracaoDaTrajetoriaDeRetornoAoLimiteDaDTPAxis"/>
    <link:loc xlink:type="locator" xlink:href="../../../cor/ic/siconfi-cor_2019-12-31.xsd#siconfi-cor_DespesaComPessoalAtivoBruta" xlink:label="DespesaComPessoalAtivoBruta" xlink:title="DespesaComPessoalAtivoBruta"/>
    <link:label xlink:type="resource" xlink:label="label_DespesaComPessoalAtivoBruta" xlink:role="http://www.xbrl.org/2003/role/label" xlink:title="label_DespesaComPessoalAtivoBruta" xml:lang="pt-br" id="label_DespesaComPessoalAtivoBruta">Pessoal Ativo</link:label>
    <link:labelArc xlink:type="arc" xlink:arcrole="http://www.xbrl.org/2003/arcrole/concept-label" xlink:from="DespesaComPessoalAtivoBruta" xlink:to="label_DespesaComPessoalAtivoBruta" xlink:title="label: DespesaComPessoalAtivoBruta to label_DespesaComPessoalAtivoBruta"/>
    <link:loc xlink:type="locator" xlink:href="../../../cor/ic/siconfi-cor_2019-12-31.xsd#siconfi-cor_DespesaComPessoalBruta" xlink:label="DespesaComPessoalBruta" xlink:title="DespesaComPessoalBruta"/>
    <link:label xlink:type="resource" xlink:label="label_DespesaComPessoalBruta" xlink:role="http://www.xbrl.org/2003/role/label" xlink:title="label_DespesaComPessoalBruta" xml:lang="pt-br" id="label_DespesaComPessoalBruta">DESPESA BRUTA COM PESSOAL (I)</link:label>
    <link:labelArc xlink:type="arc" xlink:arcrole="http://www.xbrl.org/2003/arcrole/concept-label" xlink:from="DespesaComPessoalBruta" xlink:to="label_DespesaComPessoalBruta" xlink:title="label: DespesaComPessoalBruta to label_DespesaComPessoalBruta"/>
    <link:loc xlink:type="locator" xlink:href="../../../cor/ic/siconfi-cor_2019-12-31.xsd#siconfi-cor_DespesaComPessoalDecorrenteDeTerceirizacaoPorSubstituicaoBruta" xlink:label="DespesaComPessoalDecorrenteDeTerceirizacaoPorSubstituicaoBruta" xlink:title="DespesaComPessoalDecorrenteDeTerceirizacaoPorSubstituicaoBruta"/>
    <link:label xlink:type="resource" xlink:label="label_DespesaComPessoalDecorrenteDeTerceirizacaoPorSubstituicaoBruta" xlink:role="http://www.xbrl.org/2003/role/label" xlink:title="label_DespesaComPessoalDecorrenteDeTerceirizacaoPorSubstituicaoBruta" xml:lang="pt-br" id="label_DespesaComPessoalDecorrenteDeTerceirizacaoPorSubstituicaoBruta">Outras Despesas de Pessoal decorrentes de Contratos de Terceirização ou de contratação de forma indireta (§ 1º do art. 18 da LRF)</link:label>
    <link:labelArc xlink:type="arc" xlink:arcrole="http://www.xbrl.org/2003/arcrole/concept-label" xlink:from="DespesaComPessoalDecorrenteDeTerceirizacaoPorSubstituicaoBruta" xlink:to="label_DespesaComPessoalDecorrenteDeTerceirizacaoPorSubstituicaoBruta" xlink:title="label: DespesaComPessoalDecorrenteDeTerceirizacaoPorSubstituicaoBruta to label_DespesaComPessoalDecorrenteDeTerceirizacaoPorSubstituicaoBruta"/>
    <link:loc xlink:type="locator" xlink:href="../../../cor/ic/siconfi-cor_2019-12-31.xsd#siconfi-cor_DespesaComPessoalDecorrenteDeTerceirizacaoPorSubstituicaoBrutaEnteConsorciado" xlink:label="DespesaComPessoalDecorrenteDeTerceirizacaoPorSubstituicaoBrutaEnteConsorciado" xlink:title="DespesaComPessoalDecorrenteDeTerceirizacaoPorSubstituicaoBrutaEnteConsorciado"/>
    <link:label xlink:type="resource" xlink:label="label_DespesaComPessoalDecorrenteDeTerceirizacaoPorSubstituicaoBrutaEnteConsorciado" xlink:role="http://www.xbrl.org/2003/role/label" xlink:title="label_DespesaComPessoalDecorrenteDeTerceirizacaoPorSubstituicaoBrutaEnteConsorciado" xml:lang="pt-br" id="label_DespesaComPessoalDecorrenteDeTerceirizacaoPorSubstituicaoBrutaEnteConsorciado_2">Outras despesas de pessoal decorrentes de contratos de terceirização ou de contratação de forma indireta (§ 1º art. 18 da LRF)</link:label>
    <link:labelArc xlink:type="arc" xlink:arcrole="http://www.xbrl.org/2003/arcrole/concept-label" xlink:from="DespesaComPessoalDecorrenteDeTerceirizacaoPorSubstituicaoBrutaEnteConsorciado" xlink:to="label_DespesaComPessoalDecorrenteDeTerceirizacaoPorSubstituicaoBrutaEnteConsorciado" xlink:title="label: DespesaComPessoalDecorrenteDeTerceirizacaoPorSubstituicaoBrutaEnteConsorciado to label_DespesaComPessoalDecorrenteDeTerceirizacaoPorSubstituicaoBrutaEnteConsorciado"/>
    <link:loc xlink:type="locator" xlink:href="../../../cor/ic/siconfi-cor_2019-12-31.xsd#siconfi-cor_DespesaComPessoalLiquida" xlink:label="DespesaComPessoalLiquida" xlink:title="DespesaComPessoalLiquida"/>
    <link:label xlink:type="resource" xlink:label="label_DespesaComPessoalLiquida" xlink:role="http://www.xbrl.org/2003/role/label" xlink:title="label_DespesaComPessoalLiquida" xml:lang="pt-br" id="label_DespesaComPessoalLiquida">DESPESA LÍQUIDA COM PESSOAL (III) = (I - II)</link:label>
    <link:labelArc xlink:type="arc" xlink:arcrole="http://www.xbrl.org/2003/arcrole/concept-label" xlink:from="DespesaComPessoalLiquida" xlink:to="label_DespesaComPessoalLiquida" xlink:title="label: DespesaComPessoalLiquida to label_DespesaComPessoalLiquida"/>
    <link:loc xlink:type="locator" xlink:href="../../../cor/ic/siconfi-cor_2019-12-31.xsd#siconfi-cor_DespesaComPessoalNaoComputada" xlink:label="DespesaComPessoalNaoComputada" xlink:title="DespesaComPessoalNaoComputada"/>
    <link:label xlink:type="resource" xlink:label="label_DespesaComPessoalNaoComputada" xlink:role="http://www.xbrl.org/2003/role/label" xlink:title="label_DespesaComPessoalNaoComputada" xml:lang="pt-br" id="label_DespesaComPessoalNaoComputada">DESPESAS NÃO COMPUTADAS (§ 1º do art. 19 da LRF) (II)</link:label>
    <link:labelArc xlink:type="arc" xlink:arcrole="http://www.xbrl.org/2003/arcrole/concept-label" xlink:from="DespesaComPessoalNaoComputada" xlink:to="label_DespesaComPessoalNaoComputada" xlink:title="label: DespesaComPessoalNaoComputada to label_DespesaComPessoalNaoComputada"/>
    <link:loc xlink:type="locator" xlink:href="../../../cor/ic/siconfi-cor_2019-12-31.xsd#siconfi-cor_DespesaComPessoalTotal" xlink:label="DespesaComPessoalTotal" xlink:title="DespesaComPessoalTotal"/>
    <link:label xlink:type="resource" xlink:label="label_DespesaComPessoalTotal" xlink:role="http://www.xbrl.org/2003/role/label" xlink:title="label_DespesaComPessoalTotal" xml:lang="pt-br" id="label_DespesaComPessoalTotal">DESPESA TOTAL COM PESSOAL - DTP (VIII) = (IIIa + IIIb)</link:label>
    <link:labelArc xlink:type="arc" xlink:arcrole="http://www.xbrl.org/2003/arcrole/concept-label" xlink:from="DespesaComPessoalTotal" xlink:to="label_DespesaComPessoalTotal" xlink:title="label: DespesaComPessoalTotal to label_DespesaComPessoalTotal"/>
    <link:loc xlink:type="locator" xlink:href="../../../cor/ic/siconfi-cor_2019-12-31.xsd#siconfi-cor_LimiteDeAlertaDespesaComPessoalTotal" xlink:label="LimiteDeAlertaDespesaComPessoalTotal" xlink:title="LimiteDeAlertaDespesaComPessoalTotal"/>
    <link:label xlink:type="resource" xlink:label="label_LimiteDeAlertaDespesaComPessoalTotal" xlink:role="http://www.xbrl.org/2003/role/label" xlink:title="label_LimiteDeAlertaDespesaComPessoalTotal" xml:lang="pt-br" id="label_LimiteDeAlertaDespesaComPessoalTotal">LIMITE DE ALERTA (XI) = (0,90 x IX) (inciso II do §1º do art. 59 da LRF)</link:label>
    <link:labelArc xlink:type="arc" xlink:arcrole="http://www.xbrl.org/2003/arcrole/concept-label" xlink:from="LimiteDeAlertaDespesaComPessoalTotal" xlink:to="label_LimiteDeAlertaDespesaComPessoalTotal" xlink:title="label: LimiteDeAlertaDespesaComPessoalTotal to label_LimiteDeAlertaDespesaComPessoalTotal"/>
    <link:loc xlink:type="locator" xlink:href="../../../cor/ic/siconfi-cor_2019-12-31.xsd#siconfi-cor_LimiteMaximoDespesaComPessoalTotal" xlink:label="LimiteMaximoDespesaComPessoalTotal" xlink:title="LimiteMaximoDespesaComPessoalTotal"/>
    <link:label xlink:type="resource" xlink:label="label_LimiteMaximoDespesaComPessoalTotal" xlink:role="http://www.xbrl.org/2003/role/label" xlink:title="label_LimiteMaximoDespesaComPessoalTotal" xml:lang="pt-br" id="label_LimiteMaximoDespesaComPessoalTotal">LIMITE MÁXIMO (IX) (incisos I, II e III, art. 20 da LRF)</link:label>
    <link:labelArc xlink:type="arc" xlink:arcrole="http://www.xbrl.org/2003/arcrole/concept-label" xlink:from="LimiteMaximoDespesaComPessoalTotal" xlink:to="label_LimiteMaximoDespesaComPessoalTotal" xlink:title="label: LimiteMaximoDespesaComPessoalTotal to label_LimiteMaximoDespesaComPessoalTotal"/>
    <link:loc xlink:type="locator" xlink:href="../../../cor/ic/siconfi-cor_2019-12-31.xsd#siconfi-cor_LimitePrudencialDespesaComPessoalTotal" xlink:label="LimitePrudencialDespesaComPessoalTotal" xlink:title="LimitePrudencialDespesaComPessoalTotal"/>
    <link:label xlink:type="resource" xlink:label="label_LimitePrudencialDespesaComPessoalTotal" xlink:role="http://www.xbrl.org/2003/role/label" xlink:title="label_LimitePrudencialDespesaComPessoalTotal" xml:lang="pt-br" id="label_LimitePrudencialDespesaComPessoalTotal">LIMITE PRUDENCIAL (X) = (0,95 x IX) (parágrafo único do art. 22 da LRF)</link:label>
    <link:labelArc xlink:type="arc" xlink:arcrole="http://www.xbrl.org/2003/arcrole/concept-label" xlink:from="LimitePrudencialDespesaComPessoalTotal" xlink:to="label_LimitePrudencialDespesaComPessoalTotal" xlink:title="label: LimitePrudencialDespesaComPessoalTotal to label_LimitePrudencialDespesaComPessoalTotal"/>
    <link:loc xlink:type="locator" xlink:href="../../../cor/ic/siconfi-cor_2019-12-31.xsd#siconfi-cor_PercentualTrajetoriaRetornoAoLimiteDaDespesaTotalComPessoal" xlink:label="PercentualTrajetoriaRetornoAoLimiteDaDespesaTotalComPessoal" xlink:title="PercentualTrajetoriaRetornoAoLimiteDaDespesaTotalComPessoal"/>
    <link:label xlink:type="resource" xlink:label="label_PercentualTrajetoriaRetornoAoLimiteDaDespesaTotalComPessoal" xlink:role="http://www.xbrl.org/2003/role/label" xlink:title="label_PercentualTrajetoriaRetornoAoLimiteDaDespesaTotalComPessoal" xml:lang="pt-br" id="label_PercentualTrajetoriaRetornoAoLimiteDaDespesaTotalComPessoal">Valores Percentuais</link:label>
    <link:labelArc xlink:type="arc" xlink:arcrole="http://www.xbrl.org/2003/arcrole/concept-label" xlink:from="PercentualTrajetoriaRetornoAoLimiteDaDespesaTotalComPessoal" xlink:to="label_PercentualTrajetoriaRetornoAoLimiteDaDespesaTotalComPessoal" xlink:title="label: PercentualTrajetoriaRetornoAoLimiteDaDespesaTotalComPessoal to label_PercentualTrajetoriaRetornoAoLimiteDaDespesaTotalComPessoal"/>
    <link:loc xlink:type="locator" xlink:href="../../../cor/ic/siconfi-cor_2019-12-31.xsd#siconfi-cor_TransferenciasObrigatoriasDaUniaoRelativasAsEmendasIndividuais" xlink:label="TransferenciasObrigatoriasDaUniaoRelativasAsEmendasIndividuais" xlink:title="TransferenciasObrigatoriasDaUniaoRelativasAsEmendasIndividuais"/>
    <link:label xlink:type="resource" xlink:label="label_TransferenciasObrigatoriasDaUniaoRelativasAsEmendasIndividuais" xlink:role="http://www.xbrl.org/2003/role/label" xlink:title="label_TransferenciasObrigatoriasDaUniaoRelativasAsEmendasIndividuais" xml:lang="pt-br" id="label_TransferenciasObrigatoriasDaUniaoRelativasAsEmendasIndividuais">(-) Transferências Obrigatórias da União relativas às Emendas Individuais (art. 166-A, §1º, da CF) (V)</link:label>
    <link:labelArc xlink:type="arc" xlink:arcrole="http://www.xbrl.org/2003/arcrole/concept-label" xlink:from="TransferenciasObrigatoriasDaUniaoRelativasAsEmendasIndividuais" xlink:to="label_TransferenciasObrigatoriasDaUniaoRelativasAsEmendasIndividuais" xlink:title="label: TransferenciasObrigatoriasDaUniaoRelativasAsEmendasIndividuais to label_TransferenciasObrigatoriasDaUniaoRelativasAsEmendasIndividuais"/>
    <link:loc xlink:type="locator" xlink:href="../../../cor/ic/siconfi-cor_2019-12-31.xsd#siconfi-cor_ReceitaCorrenteLiquidaAjustada" xlink:label="ReceitaCorrenteLiquidaAjustada" xlink:title="ReceitaCorrenteLiquidaAjustada"/>
    <link:label xlink:type="resource" xlink:label="label_ReceitaCorrenteLiquidaAjustada" xlink:role="http://www.xbrl.org/2003/role/label" xlink:title="label_ReceitaCorrenteLiquidaAjustada" xml:lang="pt-br" id="label_ReceitaCorrenteLiquidaAjustada">= RECEITA CORRENTE LÍQUIDA AJUSTADA PARA CÁLCULO DOS LIMITES DA DESPESA COM PESSOAL (VII) = (IV - V - VI)</link:label>
    <link:labelArc xlink:type="arc" xlink:arcrole="http://www.xbrl.org/2003/arcrole/concept-label" xlink:from="ReceitaCorrenteLiquidaAjustada" xlink:to="label_ReceitaCorrenteLiquidaAjustada" xlink:title="label: ReceitaCorrenteLiquidaAjustada to label_ReceitaCorrenteLiquidaAjustada"/>
    <link:loc xlink:type="locator" xlink:href="../../../cor/ic/siconfi-cor_2019-12-31.xsd#siconfi-cor_ReceitaCorrenteLiquidaLimiteLegal" xlink:label="ReceitaCorrenteLiquidaLimiteLegal" xlink:title="ReceitaCorrenteLiquidaLimiteLegal"/>
    <link:label xlink:type="resource" xlink:label="label_ReceitaCorrenteLiquidaLimiteLegal" xlink:role="http://www.xbrl.org/2003/role/label" xlink:title="label_ReceitaCorrenteLiquidaLimiteLegal" xml:lang="pt-br" id="label_ReceitaCorrenteLiquidaLimiteLegal">RECEITA CORRENTE LIQUIDA - RCL (IV)</link:label>
    <link:labelArc xlink:type="arc" xlink:arcrole="http://www.xbrl.org/2003/arcrole/concept-label" xlink:from="ReceitaCorrenteLiquidaLimiteLegal" xlink:to="label_ReceitaCorrenteLiquidaLimiteLegal" xlink:title="label: ReceitaCorrenteLiquidaLimiteLegal to label_ReceitaCorrenteLiquidaLimiteLegal"/>
    <link:loc xlink:type="locator" xlink:href="../../../cor/ic/siconfi-cor_2019-12-31.xsd#siconfi-cor_FonteAnexo1Tabela1.0RGF" xlink:label="FonteAnexo1Tabela1.0RGF" xlink:title="FonteAnexo1Tabela1.0RGF"/>
    <link:label xlink:type="resource" xlink:label="label_FonteAnexo1Tabela1.0RGF" xlink:role="http://www.xbrl.org/2003/role/label" xlink:title="label_FonteAnexo1Tabela1.0RGF" xml:lang="pt-br" id="label_FonteAnexo1Tabela1.0RGF">Notas Explicativas</link:label>
    <link:labelArc xlink:type="arc" xlink:arcrole="http://www.xbrl.org/2003/arcrole/concept-label" xlink:from="FonteAnexo1Tabela1.0RGF" xlink:to="label_FonteAnexo1Tabela1.0RGF" xlink:title="label: FonteAnexo1Tabela1.0RGF to label_FonteAnexo1Tabela1.0RGF"/>
    <link:loc xlink:type="locator" xlink:href="../../../cor/ic/siconfi-cor_2019-12-31.xsd#siconfi-cor_FonteAnexo1Tabela1.2RGF" xlink:label="FonteAnexo1Tabela1.2RGF" xlink:title="FonteAnexo1Tabela1.2RGF"/>
    <link:label xlink:type="resource" xlink:label="label_FonteAnexo1Tabela1.2RGF" xlink:role="http://www.xbrl.org/2003/role/label" xlink:title="label_FonteAnexo1Tabela1.2RGF" xml:lang="pt-br" id="label_FonteAnexo1Tabela1.2RGF">Notas Explicativas</link:label>
    <link:labelArc xlink:type="arc" xlink:arcrole="http://www.xbrl.org/2003/arcrole/concept-label" xlink:from="FonteAnexo1Tabela1.2RGF" xlink:to="label_FonteAnexo1Tabela1.2RGF" xlink:title="label: FonteAnexo1Tabela1.2RGF to label_FonteAnexo1Tabela1.2RGF"/>
    <link:loc xlink:type="locator" xlink:href="../../../cor/ic/siconfi-cor_2019-12-31.xsd#siconfi-cor_FonteAnexo1Tabela1.4RGF" xlink:label="FonteAnexo1Tabela1.4RGF" xlink:title="FonteAnexo1Tabela1.4RGF"/>
    <link:label xlink:type="resource" xlink:label="label_FonteAnexo1Tabela1.4RGF" xlink:role="http://www.xbrl.org/2003/role/label" xlink:title="label_FonteAnexo1Tabela1.4RGF" xml:lang="pt-br" id="label_FonteAnexo1Tabela1.4RGF">Notas Explicativas</link:label>
    <link:labelArc xlink:type="arc" xlink:arcrole="http://www.xbrl.org/2003/arcrole/concept-label" xlink:from="FonteAnexo1Tabela1.4RGF" xlink:to="label_FonteAnexo1Tabela1.4RGF" xlink:title="label: FonteAnexo1Tabela1.4RGF to label_FonteAnexo1Tabela1.4RGF"/>
    <link:loc xlink:type="locator" xlink:href="../../../cor/ic/siconfi-cor_2019-12-31.xsd#siconfi-cor_ObrigacoesPatronais" xlink:label="ObrigacoesPatronais" xlink:title="ObrigacoesPatronais"/>
    <link:label xlink:type="resource" xlink:label="label_ObrigacoesPatronais" xlink:role="http://www.xbrl.org/2003/role/label" xlink:title="label_ObrigacoesPatronais" xml:lang="pt-br" id="label_ObrigacoesPatronais">Obrigações Patronais</link:label>
    <link:labelArc xlink:type="arc" xlink:arcrole="http://www.xbrl.org/2003/arcrole/concept-label" xlink:from="ObrigacoesPatronais" xlink:to="label_ObrigacoesPatronais" xlink:title="label: ObrigacoesPatronais to label_ObrigacoesPatronais"/>
    <link:loc xlink:type="locator" xlink:href="../../../cor/ic/siconfi-cor_2019-12-31.xsd#siconfi-cor_AposentadoriasReservaEReformas" xlink:label="AposentadoriasReservaEReformas" xlink:title="AposentadoriasReservaEReformas"/>
    <link:label xlink:type="resource" xlink:label="label_AposentadoriasReservaEReformas" xlink:role="http://www.xbrl.org/2003/role/label" xlink:title="label_AposentadoriasReservaEReformas" xml:lang="pt-br" id="label_AposentadoriasReservaEReformas">Aposentadorias, Reserva e Reformas</link:label>
    <link:labelArc xlink:type="arc" xlink:arcrole="http://www.xbrl.org/2003/arcrole/concept-label" xlink:from="AposentadoriasReservaEReformas" xlink:to="label_AposentadoriasReservaEReformas" xlink:title="label: AposentadoriasReservaEReformas to label_AposentadoriasReservaEReformas"/>
    <link:loc xlink:type="locator" xlink:href="../../../cor/ic/siconfi-cor_2019-12-31.xsd#siconfi-cor_DespesasPensoesInativosEPensionistas" xlink:label="DespesasPensoesInativosEPensionistas" xlink:title="DespesasPensoesInativosEPensionistas"/>
    <link:label xlink:type="resource" xlink:label="label_DespesasPensoesInativosEPensionistas" xlink:role="http://www.xbrl.org/2003/role/label" xlink:title="label_DespesasPensoesInativosEPensionistas" xml:lang="pt-br" id="label_DespesasPensoesInativosEPensionistas">Pensões</link:label>
    <link:labelArc xlink:type="arc" xlink:arcrole="http://www.xbrl.org/2003/arcrole/concept-label" xlink:from="DespesasPensoesInativosEPensionistas" xlink:to="label_DespesasPensoesInativosEPensionistas" xlink:title="label: DespesasPensoesInativosEPensionistas to label_DespesasPensoesInativosEPensionistas"/>
    <link:loc xlink:type="locator" xlink:href="../../../cor/ic/siconfi-cor_2019-12-31.xsd#siconfi-cor_OutrosBeneficiosPrevidenciariosInativosEPensionistas" xlink:label="OutrosBeneficiosPrevidenciariosInativosEPensionistas" xlink:title="OutrosBeneficiosPrevidenciariosInativosEPensionistas"/>
    <link:label xlink:type="resource" xlink:label="label_OutrosBeneficiosPrevidenciariosInativosEPensionistas" xlink:role="http://www.xbrl.org/2003/role/label" xlink:title="label_OutrosBeneficiosPrevidenciariosInativosEPensionistas" xml:lang="pt-br" id="label_OutrosBeneficiosPrevidenciariosInativosEPensionistas">Outros Benefícios Previdenciários</link:label>
    <link:labelArc xlink:type="arc" xlink:arcrole="http://www.xbrl.org/2003/arcrole/concept-label" xlink:from="OutrosBeneficiosPrevidenciariosInativosEPensionistas" xlink:to="label_OutrosBeneficiosPrevidenciariosInativosEPensionistas" xlink:title="label: OutrosBeneficiosPrevidenciariosInativosEPensionistas to label_OutrosBeneficiosPrevidenciariosInativosEPensionistas"/>
    <link:loc xlink:type="locator" xlink:href="../../../cor/ic/siconfi-cor_2019-12-31.xsd#siconfi-cor_TransferenciasObrigatoriasDaUniaoRelativasAsEmendasDeBancada" xlink:label="TransferenciasObrigatoriasDaUniaoRelativasAsEmendasDeBancada" xlink:title="TransferenciasObrigatoriasDaUniaoRelativasAsEmendasDeBancada"/>
    <link:label xlink:type="resource" xlink:label="label_TransferenciasObrigatoriasDaUniaoRelativasAsEmendasDeBancada" xlink:role="http://www.xbrl.org/2003/role/label" xlink:title="label_TransferenciasObrigatoriasDaUniaoRelativasAsEmendasDeBancada" xml:lang="pt-br" id="label_TransferenciasObrigatoriasDaUniaoRelativasAsEmendasDeBancada">(-) Transferências Obrigatórias da União relativas às Emendas de Bancada (art. 166, § 16, da CF) (VI)</link:label>
    <link:labelArc xlink:type="arc" xlink:arcrole="http://www.xbrl.org/2003/arcrole/concept-label" xlink:from="TransferenciasObrigatoriasDaUniaoRelativasAsEmendasDeBancada" xlink:to="label_TransferenciasObrigatoriasDaUniaoRelativasAsEmendasDeBancada" xlink:title="label: TransferenciasObrigatoriasDaUniaoRelativasAsEmendasDeBancada to label_TransferenciasObrigatoriasDaUniaoRelativasAsEmendasDeBancada"/>
    <link:loc xlink:type="locator" xlink:href="siconfi-rgf-anexo1_2019-12-31.xsd#siconfi-rgf-anexo1_DTPEApuracaoDoCumprimentoDoLimiteLegalTable" xlink:label="DTPEApuracaoDoCumprimentoDoLimiteLegalTable" xlink:title="DTPEApuracaoDoCumprimentoDoLimiteLegalTable"/>
    <link:label xlink:type="resource" xlink:label="label_DTPEApuracaoDoCumprimentoDoLimiteLegalTable" xlink:role="http://www.xbrl.org/2003/role/label" xlink:title="label_DTPEApuracaoDoCumprimentoDoLimiteLegalTable" xml:lang="pt-br" id="label_DTPEApuracaoDoCumprimentoDoLimiteLegalTable">DTP e Apuração do Cumprimento do Limite Legal [table]</link:label>
    <link:labelArc xlink:type="arc" xlink:arcrole="http://www.xbrl.org/2003/arcrole/concept-label" xlink:from="DTPEApuracaoDoCumprimentoDoLimiteLegalTable" xlink:to="label_DTPEApuracaoDoCumprimentoDoLimiteLegalTable" xlink:title="label: DTPEApuracaoDoCumprimentoDoLimiteLegalTable to label_DTPEApuracaoDoCumprimentoDoLimiteLegalTable"/>
    <link:loc xlink:type="locator" xlink:href="siconfi-rgf-anexo1_2019-12-31.xsd#siconfi-rgf-anexo1_DemonstrativoAnexo1Abstract" xlink:label="DemonstrativoAnexo1Abstract" xlink:title="DemonstrativoAnexo1Abstract"/>
    <link:label xlink:type="resource" xlink:label="label_DemonstrativoAnexo1Abstract" xlink:role="http://www.xbrl.org/2003/role/label" xlink:title="label_DemonstrativoAnexo1Abstract" xml:lang="pt-br" id="label_DemonstrativoAnexo1Abstract">RGF - Anexo 1 (LRF, art. 55, inciso I, alínea "a") [abstract]</link:label>
    <link:labelArc xlink:type="arc" xlink:arcrole="http://www.xbrl.org/2003/arcrole/concept-label" xlink:from="DemonstrativoAnexo1Abstract" xlink:to="label_DemonstrativoAnexo1Abstract" xlink:title="label: DemonstrativoAnexo1Abstract to label_DemonstrativoAnexo1Abstract"/>
    <link:loc xlink:type="locator" xlink:href="siconfi-rgf-anexo1_2019-12-31.xsd#siconfi-rgf-anexo1_DespesaComPessoalAbstract" xlink:label="DespesaComPessoalAbstract" xlink:title="DespesaComPessoalAbstract"/>
    <link:label xlink:type="resource" xlink:label="label_DespesaComPessoalAbstract" xlink:role="http://www.xbrl.org/2003/role/label" xlink:title="label_DespesaComPessoalAbstract" xml:lang="pt-br" id="label_DespesaComPessoalAbstract">[001] Despesa com Pessoal [abstract]</link:label>
    <link:labelArc xlink:type="arc" xlink:arcrole="http://www.xbrl.org/2003/arcrole/concept-label" xlink:from="DespesaComPessoalAbstract" xlink:to="label_DespesaComPessoalAbstract" xlink:title="label: DespesaComPessoalAbstract to label_DespesaComPessoalAbstract"/>
    <link:loc xlink:type="locator" xlink:href="siconfi-rgf-anexo1_2019-12-31.xsd#siconfi-rgf-anexo1_DespesaComPessoalTable" xlink:label="DespesaComPessoalTable" xlink:title="DespesaComPessoalTable"/>
    <link:label xlink:type="resource" xlink:label="label_DespesaComPessoalTable" xlink:role="http://www.xbrl.org/2003/role/label" xlink:title="label_DespesaComPessoalTable" xml:lang="pt-br" id="label_DespesaComPessoalTable">Despesa Executada com Pessoal [table]</link:label>
    <link:labelArc xlink:type="arc" xlink:arcrole="http://www.xbrl.org/2003/arcrole/concept-label" xlink:from="DespesaComPessoalTable" xlink:to="label_DespesaComPessoalTable" xlink:title="label: DespesaComPessoalTable to label_DespesaComPessoalTable"/>
    <link:loc xlink:type="locator" xlink:href="siconfi-rgf-anexo1_2019-12-31.xsd#siconfi-rgf-anexo1_ApuracaoDoCumprimentoDoLimiteLegalAbstract" xlink:label="ApuracaoDoCumprimentoDoLimiteLegalAbstract" xlink:title="ApuracaoDoCumprimentoDoLimiteLegalAbstract"/>
    <link:label xlink:type="resource" xlink:label="label_ApuracaoDoCumprimentoDoLimiteLegalAbstract" xlink:role="http://www.xbrl.org/2003/role/label" xlink:title="label_ApuracaoDoCumprimentoDoLimiteLegalAbstract" xml:lang="pt-br" id="label_ApuracaoDoCumprimentoDoLimiteLegalAbstract">[003] DTP e Apuração do Cumprimento do Limite Legal [abstract]</link:label>
    <link:labelArc xlink:type="arc" xlink:arcrole="http://www.xbrl.org/2003/arcrole/concept-label" xlink:from="ApuracaoDoCumprimentoDoLimiteLegalAbstract" xlink:to="label_ApuracaoDoCumprimentoDoLimiteLegalAbstract" xlink:title="label: ApuracaoDoCumprimentoDoLimiteLegalAbstract to label_ApuracaoDoCumprimentoDoLimiteLegalAbstract"/>
    <link:loc xlink:type="locator" xlink:href="siconfi-rgf-anexo1_2019-12-31.xsd#siconfi-rgf-anexo1_DespesaComPessoalLineItems" xlink:label="DespesaComPessoalLineItems" xlink:title="DespesaComPessoalLineItems"/>
    <link:label xlink:type="resource" xlink:label="label_DespesaComPessoalLineItems" xlink:role="http://www.xbrl.org/2003/role/label" xlink:title="label_DespesaComPessoalLineItems" xml:lang="pt-br" id="label_DespesaComPessoalLineItems">[002] Despesa com Pessoal (Últimos 12 Meses) [line items]</link:label>
    <link:labelArc xlink:type="arc" xlink:arcrole="http://www.xbrl.org/2003/arcrole/concept-label" xlink:from="DespesaComPessoalLineItems" xlink:to="label_DespesaComPessoalLineItems" xlink:title="label: DespesaComPessoalLineItems to label_DespesaComPessoalLineItems"/>
    <link:loc xlink:type="locator" xlink:href="siconfi-rgf-anexo1_2019-12-31.xsd#siconfi-rgf-anexo1_ApuracaoDoCumprimentoDoLimiteLegalLineItems" xlink:label="ApuracaoDoCumprimentoDoLimiteLegalLineItems" xlink:title="ApuracaoDoCumprimentoDoLimiteLegalLineItems"/>
    <link:label xlink:type="resource" xlink:label="label_ApuracaoDoCumprimentoDoLimiteLegalLineItems" xlink:role="http://www.xbrl.org/2003/role/label" xlink:title="label_ApuracaoDoCumprimentoDoLimiteLegalLineItems" xml:lang="pt-br" id="label_ApuracaoDoCumprimentoDoLimiteLegalLineItems">[004] DTP e Apuração do Cumprimento do Limite Legal [line items]</link:label>
    <link:labelArc xlink:type="arc" xlink:arcrole="http://www.xbrl.org/2003/arcrole/concept-label" xlink:from="ApuracaoDoCumprimentoDoLimiteLegalLineItems" xlink:to="label_ApuracaoDoCumprimentoDoLimiteLegalLineItems" xlink:title="label: ApuracaoDoCumprimentoDoLimiteLegalLineItems to label_ApuracaoDoCumprimentoDoLimiteLegalLineItems"/>
    <link:loc xlink:type="locator" xlink:href="siconfi-rgf-anexo1_2019-12-31.xsd#siconfi-rgf-anexo1_TrajetoriaDeRetornoAoLimiteDaDespesaTotalComPessoalAbstract" xlink:label="TrajetoriaDeRetornoAoLimiteDaDespesaTotalComPessoalAbstract" xlink:title="TrajetoriaDeRetornoAoLimiteDaDespesaTotalComPessoalAbstract"/>
    <link:label xlink:type="resource" xlink:label="label_TrajetoriaDeRetornoAoLimiteDaDespesaTotalComPessoalAbstract" xlink:role="http://www.xbrl.org/2003/role/label" xlink:title="label_TrajetoriaDeRetornoAoLimiteDaDespesaTotalComPessoalAbstract" xml:lang="pt-br" id="label_TrajetoriaDeRetornoAoLimiteDaDespesaTotalComPessoalAbstract">[001] Trajetória de Retorno ao Limite da Despesa Total com Pessoal [abstract]</link:label>
    <link:labelArc xlink:type="arc" xlink:arcrole="http://www.xbrl.org/2003/arcrole/concept-label" xlink:from="TrajetoriaDeRetornoAoLimiteDaDespesaTotalComPessoalAbstract" xlink:to="label_TrajetoriaDeRetornoAoLimiteDaDespesaTotalComPessoalAbstract" xlink:title="label: TrajetoriaDeRetornoAoLimiteDaDespesaTotalComPessoalAbstract to label_TrajetoriaDeRetornoAoLimiteDaDespesaTotalComPessoalAbstract"/>
    <link:loc xlink:type="locator" xlink:href="siconfi-rgf-anexo1_2019-12-31.xsd#siconfi-rgf-anexo1_TrajetoriaDeRetornoAoLimiteDaDespesaTotalComPessoalLineItems" xlink:label="TrajetoriaDeRetornoAoLimiteDaDespesaTotalComPessoalLineItems" xlink:title="TrajetoriaDeRetornoAoLimiteDaDespesaTotalComPessoalLineItems"/>
    <link:label xlink:type="resource" xlink:label="label_TrajetoriaDeRetornoAoLimiteDaDespesaTotalComPessoalLineItems" xlink:role="http://www.xbrl.org/2003/role/label" xlink:title="label_TrajetoriaDeRetornoAoLimiteDaDespesaTotalComPessoalLineItems" xml:lang="pt-br" id="label_TrajetoriaDeRetornoAoLimiteDaDespesaTotalComPessoalLineItems">[002] Trajetória de Retorno ao Limite da Despesa Total com Pessoal [line items]</link:label>
    <link:labelArc xlink:type="arc" xlink:arcrole="http://www.xbrl.org/2003/arcrole/concept-label" xlink:from="TrajetoriaDeRetornoAoLimiteDaDespesaTotalComPessoalLineItems" xlink:to="label_TrajetoriaDeRetornoAoLimiteDaDespesaTotalComPessoalLineItems" xlink:title="label: TrajetoriaDeRetornoAoLimiteDaDespesaTotalComPessoalLineItems to label_TrajetoriaDeRetornoAoLimiteDaDespesaTotalComPessoalLineItems"/>
    <link:loc xlink:type="locator" xlink:href="siconfi-rgf-anexo1_2019-12-31.xsd#siconfi-rgf-anexo1_DespesaComPessoalEmConsorcioPublicoLineItems" xlink:label="DespesaComPessoalEmConsorcioPublicoLineItems" xlink:title="DespesaComPessoalEmConsorcioPublicoLineItems"/>
    <link:label xlink:type="resource" xlink:label="label_DespesaComPessoalEmConsorcioPublicoLineItems" xlink:role="http://www.xbrl.org/2003/role/label" xlink:title="label_DespesaComPessoalEmConsorcioPublicoLineItems" xml:lang="pt-br" id="label_DespesaComPessoalEmConsorcioPublicoLineItems">[002] Despesa com Pessoal Executada em Consórcios Públicos [line items]</link:label>
    <link:labelArc xlink:type="arc" xlink:arcrole="http://www.xbrl.org/2003/arcrole/concept-label" xlink:from="DespesaComPessoalEmConsorcioPublicoLineItems" xlink:to="label_DespesaComPessoalEmConsorcioPublicoLineItems" xlink:title="label: DespesaComPessoalEmConsorcioPublicoLineItems to label_DespesaComPessoalEmConsorcioPublicoLineItems"/>
    <link:loc xlink:type="locator" xlink:href="siconfi-rgf-anexo1_2019-12-31.xsd#siconfi-rgf-anexo1_DespesaComPessoalEmConsorcioPublicoAbstract" xlink:label="DespesaComPessoalEmConsorcioPublicoAbstract" xlink:title="DespesaComPessoalEmConsorcioPublicoAbstract"/>
    <link:label xlink:type="resource" xlink:label="label_DespesaComPessoalEmConsorcioPublicoAbstract" xlink:role="http://www.xbrl.org/2003/role/label" xlink:title="label_DespesaComPessoalEmConsorcioPublicoAbstract" xml:lang="pt-br" id="label_DespesaComPessoalEmConsorcioPublicoAbstract">[001] Despesa com Pessoal Executada em Consórcios Públicos [abstract]</link:label>
    <link:labelArc xlink:type="arc" xlink:arcrole="http://www.xbrl.org/2003/arcrole/concept-label" xlink:from="DespesaComPessoalEmConsorcioPublicoAbstract" xlink:to="label_DespesaComPessoalEmConsorcioPublicoAbstract" xlink:title="label: DespesaComPessoalEmConsorcioPublicoAbstract to label_DespesaComPessoalEmConsorcioPublicoAbstract"/>
    <link:loc xlink:type="locator" xlink:href="siconfi-rgf-anexo1_2019-12-31.xsd#siconfi-rgf-anexo1_FonteAnexo1Tabela1.0Abstract" xlink:label="FonteAnexo1Tabela1.0Abstract" xlink:title="FonteAnexo1Tabela1.0Abstract"/>
    <link:label xlink:type="resource" xlink:label="label_FonteAnexo1Tabela1.0Abstract" xlink:role="http://www.xbrl.org/2003/role/label" xlink:title="label_FonteAnexo1Tabela1.0Abstract" xml:lang="pt-br" id="label_FonteAnexo1Tabela1.0Abstract">[005] Notas Explicativas [abstract] [NOTA]</link:label>
    <link:labelArc xlink:type="arc" xlink:arcrole="http://www.xbrl.org/2003/arcrole/concept-label" xlink:from="FonteAnexo1Tabela1.0Abstract" xlink:to="label_FonteAnexo1Tabela1.0Abstract" xlink:title="label: FonteAnexo1Tabela1.0Abstract to label_FonteAnexo1Tabela1.0Abstract"/>
    <link:loc xlink:type="locator" xlink:href="siconfi-rgf-anexo1_2019-12-31.xsd#siconfi-rgf-anexo1_FonteAnexo1Tabela1.0LineItems" xlink:label="FonteAnexo1Tabela1.0LineItems" xlink:title="FonteAnexo1Tabela1.0LineItems"/>
    <link:label xlink:type="resource" xlink:label="label_FonteAnexo1Tabela1.0LineItems" xlink:role="http://www.xbrl.org/2003/role/label" xlink:title="label_FonteAnexo1Tabela1.0LineItems" xml:lang="pt-br" id="label_FonteAnexo1Tabela1.0LineItems">[006] Notas Explicativas [line items]</link:label>
    <link:labelArc xlink:type="arc" xlink:arcrole="http://www.xbrl.org/2003/arcrole/concept-label" xlink:from="FonteAnexo1Tabela1.0LineItems" xlink:to="label_FonteAnexo1Tabela1.0LineItems" xlink:title="label: FonteAnexo1Tabela1.0LineItems to label_FonteAnexo1Tabela1.0LineItems"/>
    <link:loc xlink:type="locator" xlink:href="siconfi-rgf-anexo1_2019-12-31.xsd#siconfi-rgf-anexo1_FonteAnexo1Tabela1.2Abstract" xlink:label="FonteAnexo1Tabela1.2Abstract" xlink:title="FonteAnexo1Tabela1.2Abstract"/>
    <link:label xlink:type="resource" xlink:label="label_FonteAnexo1Tabela1.2Abstract" xlink:role="http://www.xbrl.org/2003/role/label" xlink:title="label_FonteAnexo1Tabela1.2Abstract" xml:lang="pt-br" id="label_FonteAnexo1Tabela1.2Abstract">[003] Notas Explicativas [abstract] [NOTA]</link:label>
    <link:labelArc xlink:type="arc" xlink:arcrole="http://www.xbrl.org/2003/arcrole/concept-label" xlink:from="FonteAnexo1Tabela1.2Abstract" xlink:to="label_FonteAnexo1Tabela1.2Abstract" xlink:title="label: FonteAnexo1Tabela1.2Abstract to label_FonteAnexo1Tabela1.2Abstract"/>
    <link:loc xlink:type="locator" xlink:href="siconfi-rgf-anexo1_2019-12-31.xsd#siconfi-rgf-anexo1_FonteAnexo1Tabela1.2LineItems" xlink:label="FonteAnexo1Tabela1.2LineItems" xlink:title="FonteAnexo1Tabela1.2LineItems"/>
    <link:label xlink:type="resource" xlink:label="label_FonteAnexo1Tabela1.2LineItems" xlink:role="http://www.xbrl.org/2003/role/label" xlink:title="label_FonteAnexo1Tabela1.2LineItems" xml:lang="pt-br" id="label_FonteAnexo1Tabela1.2LineItems">[004] Notas Explicativas [line items]</link:label>
    <link:labelArc xlink:type="arc" xlink:arcrole="http://www.xbrl.org/2003/arcrole/concept-label" xlink:from="FonteAnexo1Tabela1.2LineItems" xlink:to="label_FonteAnexo1Tabela1.2LineItems" xlink:title="label: FonteAnexo1Tabela1.2LineItems to label_FonteAnexo1Tabela1.2LineItems"/>
    <link:loc xlink:type="locator" xlink:href="siconfi-rgf-anexo1_2019-12-31.xsd#siconfi-rgf-anexo1_FonteAnexo1Tabela1.4Abstract" xlink:label="FonteAnexo1Tabela1.4Abstract" xlink:title="FonteAnexo1Tabela1.4Abstract"/>
    <link:label xlink:type="resource" xlink:label="label_FonteAnexo1Tabela1.4Abstract" xlink:role="http://www.xbrl.org/2003/role/label" xlink:title="label_FonteAnexo1Tabela1.4Abstract" xml:lang="pt-br" id="label_FonteAnexo1Tabela1.4Abstract">[003] Notas Explicativas [abstract] [NOTA]</link:label>
    <link:labelArc xlink:type="arc" xlink:arcrole="http://www.xbrl.org/2003/arcrole/concept-label" xlink:from="FonteAnexo1Tabela1.4Abstract" xlink:to="label_FonteAnexo1Tabela1.4Abstract" xlink:title="label: FonteAnexo1Tabela1.4Abstract to label_FonteAnexo1Tabela1.4Abstract"/>
    <link:loc xlink:type="locator" xlink:href="siconfi-rgf-anexo1_2019-12-31.xsd#siconfi-rgf-anexo1_FonteAnexo1Tabela1.4LineItems" xlink:label="FonteAnexo1Tabela1.4LineItems" xlink:title="FonteAnexo1Tabela1.4LineItems"/>
    <link:label xlink:type="resource" xlink:label="label_FonteAnexo1Tabela1.4LineItems" xlink:role="http://www.xbrl.org/2003/role/label" xlink:title="label_FonteAnexo1Tabela1.4LineItems" xml:lang="pt-br" id="label_FonteAnexo1Tabela1.4LineItems">[004] Notas Explicativas [line items]</link:label>
    <link:labelArc xlink:type="arc" xlink:arcrole="http://www.xbrl.org/2003/arcrole/concept-label" xlink:from="FonteAnexo1Tabela1.4LineItems" xlink:to="label_FonteAnexo1Tabela1.4LineItems" xlink:title="label: FonteAnexo1Tabela1.4LineItems to label_FonteAnexo1Tabela1.4LineItems"/>
  </link:labelLink>
  <link:labelLink xlink:type="extended" xlink:role="http://fazenda.gov.br/siconfi/rep/rgf/anexo1/siconfi-rgf-anexo1-tabela1.2">
    <link:loc xlink:type="locator" xlink:href="../../../cor/dim/siconfi-dim_2019-12-31.xsd#siconfi-dim_NoQuadrimestreSemestreDeReferenciaMember" xlink:label="NoQuadrimestreSemestreDeReferenciaMember" xlink:title="NoQuadrimestreSemestreDeReferenciaMember"/>
    <link:label xlink:type="resource" xlink:label="label_NoQuadrimestreSemestreDeReferenciaMember" xlink:role="http://www.xbrl.org/2003/role/label" xlink:title="label_NoQuadrimestreSemestreDeReferenciaMember" xml:lang="pt-br" id="label_NoQuadrimestreSemestreDeReferenciaMember_2">No Quadrimestre/Semestre [member]</link:label>
    <link:labelArc xlink:type="arc" xlink:arcrole="http://www.xbrl.org/2003/arcrole/concept-label" xlink:from="NoQuadrimestreSemestreDeReferenciaMember" xlink:to="label_NoQuadrimestreSemestreDeReferenciaMember" xlink:title="label: NoQuadrimestreSemestreDeReferenciaMember to label_NoQuadrimestreSemestreDeReferenciaMember"/>
    <link:loc xlink:type="locator" xlink:href="../../../cor/dim/siconfi-dim_2019-12-31.xsd#siconfi-dim_PercentualApuradoMember" xlink:label="PercentualApuradoMember" xlink:title="PercentualApuradoMember"/>
    <link:label xlink:type="resource" xlink:label="label_PercentualApuradoMember" xlink:role="http://www.xbrl.org/2003/role/label" xlink:title="label_PercentualApuradoMember" xml:lang="pt-br" id="label_PercentualApuradoMember_2">% DTP (b) [member]</link:label>
    <link:labelArc xlink:type="arc" xlink:arcrole="http://www.xbrl.org/2003/arcrole/concept-label" xlink:from="PercentualApuradoMember" xlink:to="label_PercentualApuradoMember" xlink:title="label: PercentualApuradoMember to label_PercentualApuradoMember"/>
    <link:loc xlink:type="locator" xlink:href="../../../cor/dim/siconfi-dim_2019-12-31.xsd#siconfi-dim_PercentualApuradoPrimeiroPeriodoMember" xlink:label="PercentualApuradoPrimeiroPeriodoMember" xlink:title="PercentualApuradoPrimeiroPeriodoMember"/>
    <link:label xlink:type="resource" xlink:label="label_PercentualApuradoPrimeiroPeriodoMember" xlink:role="http://www.xbrl.org/2003/role/label" xlink:title="label_PercentualApuradoPrimeiroPeriodoMember" xml:lang="pt-br" id="label_PercentualApuradoPrimeiroPeriodoMember_2">% DTP (f) [member]</link:label>
    <link:labelArc xlink:type="arc" xlink:arcrole="http://www.xbrl.org/2003/arcrole/concept-label" xlink:from="PercentualApuradoPrimeiroPeriodoMember" xlink:to="label_PercentualApuradoPrimeiroPeriodoMember" xlink:title="label: PercentualApuradoPrimeiroPeriodoMember to label_PercentualApuradoPrimeiroPeriodoMember"/>
    <link:loc xlink:type="locator" xlink:href="../../../cor/dim/siconfi-dim_2019-12-31.xsd#siconfi-dim_PercentualApuradoSegundoPeriodoMember" xlink:label="PercentualApuradoSegundoPeriodoMember" xlink:title="PercentualApuradoSegundoPeriodoMember"/>
    <link:label xlink:type="resource" xlink:label="label_PercentualApuradoSegundoPeriodoMember" xlink:role="http://www.xbrl.org/2003/role/label" xlink:title="label_PercentualApuradoSegundoPeriodoMember" xml:lang="pt-br" id="label_PercentualApuradoSegundoPeriodoMember_2">% DTP (i) [member]</link:label>
    <link:labelArc xlink:type="arc" xlink:arcrole="http://www.xbrl.org/2003/arcrole/concept-label" xlink:from="PercentualApuradoSegundoPeriodoMember" xlink:to="label_PercentualApuradoSegundoPeriodoMember" xlink:title="label: PercentualApuradoSegundoPeriodoMember to label_PercentualApuradoSegundoPeriodoMember"/>
    <link:loc xlink:type="locator" xlink:href="../../../cor/dim/siconfi-dim_2019-12-31.xsd#siconfi-dim_PercentualExcedenteMember" xlink:label="PercentualExcedenteMember" xlink:title="PercentualExcedenteMember"/>
    <link:label xlink:type="resource" xlink:label="label_PercentualExcedenteMember" xlink:role="http://www.xbrl.org/2003/role/label" xlink:title="label_PercentualExcedenteMember" xml:lang="pt-br" id="label_PercentualExcedenteMember_2">% Excedente (c) = (b-a) [member]</link:label>
    <link:labelArc xlink:type="arc" xlink:arcrole="http://www.xbrl.org/2003/arcrole/concept-label" xlink:from="PercentualExcedenteMember" xlink:to="label_PercentualExcedenteMember" xlink:title="label: PercentualExcedenteMember to label_PercentualExcedenteMember"/>
    <link:loc xlink:type="locator" xlink:href="../../../cor/dim/siconfi-dim_2019-12-31.xsd#siconfi-dim_PercentualLimiteMaximoMember" xlink:label="PercentualLimiteMaximoMember" xlink:title="PercentualLimiteMaximoMember"/>
    <link:label xlink:type="resource" xlink:label="label_PercentualLimiteMaximoMember" xlink:role="http://www.xbrl.org/2003/role/label" xlink:title="label_PercentualLimiteMaximoMember" xml:lang="pt-br" id="label_PercentualLimiteMaximoMember_2">Limite Máximo (a) [member]</link:label>
    <link:labelArc xlink:type="arc" xlink:arcrole="http://www.xbrl.org/2003/arcrole/concept-label" xlink:from="PercentualLimiteMaximoMember" xlink:to="label_PercentualLimiteMaximoMember" xlink:title="label: PercentualLimiteMaximoMember to label_PercentualLimiteMaximoMember"/>
    <link:loc xlink:type="locator" xlink:href="../../../cor/dim/siconfi-dim_2019-12-31.xsd#siconfi-dim_PercentualRedutorMinimoMember" xlink:label="PercentualRedutorMinimoMember" xlink:title="PercentualRedutorMinimoMember"/>
    <link:label xlink:type="resource" xlink:label="label_PercentualRedutorMinimoMember" xlink:role="http://www.xbrl.org/2003/role/label" xlink:title="label_PercentualRedutorMinimoMember" xml:lang="pt-br" id="label_PercentualRedutorMinimoMember_2">Redutor Mínimo de 1/3 do Excedente (d) =  (1/3*c) [member]</link:label>
    <link:labelArc xlink:type="arc" xlink:arcrole="http://www.xbrl.org/2003/arcrole/concept-label" xlink:from="PercentualRedutorMinimoMember" xlink:to="label_PercentualRedutorMinimoMember" xlink:title="label: PercentualRedutorMinimoMember to label_PercentualRedutorMinimoMember"/>
    <link:loc xlink:type="locator" xlink:href="../../../cor/dim/siconfi-dim_2019-12-31.xsd#siconfi-dim_PercentualRedutorResidualSegundoPeriodoMember" xlink:label="PercentualRedutorResidualSegundoPeriodoMember" xlink:title="PercentualRedutorResidualSegundoPeriodoMember"/>
    <link:label xlink:type="resource" xlink:label="label_PercentualRedutorResidualSegundoPeriodoMember" xlink:role="http://www.xbrl.org/2003/role/label" xlink:title="label_PercentualRedutorResidualSegundoPeriodoMember" xml:lang="pt-br" id="label_PercentualRedutorResidualSegundoPeriodoMember_2">Redutor Residual (g) = (f-a) [member]</link:label>
    <link:labelArc xlink:type="arc" xlink:arcrole="http://www.xbrl.org/2003/arcrole/concept-label" xlink:from="PercentualRedutorResidualSegundoPeriodoMember" xlink:to="label_PercentualRedutorResidualSegundoPeriodoMember" xlink:title="label: PercentualRedutorResidualSegundoPeriodoMember to label_PercentualRedutorResidualSegundoPeriodoMember"/>
    <link:loc xlink:type="locator" xlink:href="../../../cor/dim/siconfi-dim_2019-12-31.xsd#siconfi-dim_PercentualResidualPrimeiroPeriodoMember" xlink:label="PercentualResidualPrimeiroPeriodoMember" xlink:title="PercentualResidualPrimeiroPeriodoMember"/>
    <link:label xlink:type="resource" xlink:label="label_PercentualResidualPrimeiroPeriodoMember" xlink:role="http://www.xbrl.org/2003/role/label" xlink:title="label_PercentualResidualPrimeiroPeriodoMember" xml:lang="pt-br" id="label_PercentualResidualPrimeiroPeriodoMember_2"> Limite (e) = (b-d) [member]</link:label>
    <link:labelArc xlink:type="arc" xlink:arcrole="http://www.xbrl.org/2003/arcrole/concept-label" xlink:from="PercentualResidualPrimeiroPeriodoMember" xlink:to="label_PercentualResidualPrimeiroPeriodoMember" xlink:title="label: PercentualResidualPrimeiroPeriodoMember to label_PercentualResidualPrimeiroPeriodoMember"/>
    <link:loc xlink:type="locator" xlink:href="../../../cor/dim/siconfi-dim_2019-12-31.xsd#siconfi-dim_PercentualResidualSegundoPeriodoMember" xlink:label="PercentualResidualSegundoPeriodoMember" xlink:title="PercentualResidualSegundoPeriodoMember"/>
    <link:label xlink:type="resource" xlink:label="label_PercentualResidualSegundoPeriodoMember" xlink:role="http://www.xbrl.org/2003/role/label" xlink:title="label_PercentualResidualSegundoPeriodoMember" xml:lang="pt-br" id="label_PercentualResidualSegundoPeriodoMember_2"> Limite (h) = (a) [member]</link:label>
    <link:labelArc xlink:type="arc" xlink:arcrole="http://www.xbrl.org/2003/arcrole/concept-label" xlink:from="PercentualResidualSegundoPeriodoMember" xlink:to="label_PercentualResidualSegundoPeriodoMember" xlink:title="label: PercentualResidualSegundoPeriodoMember to label_PercentualResidualSegundoPeriodoMember"/>
    <link:loc xlink:type="locator" xlink:href="../../../cor/dim/siconfi-dim_2019-12-31.xsd#siconfi-dim_PrimeiroExercicioDoPeriodoSeguinteMember" xlink:label="PrimeiroExercicioDoPeriodoSeguinteMember" xlink:title="PrimeiroExercicioDoPeriodoSeguinteMember"/>
    <link:label xlink:type="resource" xlink:label="label_PrimeiroExercicioDoPeriodoSeguinteMember" xlink:role="http://www.xbrl.org/2003/role/label" xlink:title="label_PrimeiroExercicioDoPeriodoSeguinteMember" xml:lang="pt-br" id="label_PrimeiroExercicioDoPeriodoSeguinteMember_2">Exercício do Primeiro Período Seguinte [member]</link:label>
    <link:labelArc xlink:type="arc" xlink:arcrole="http://www.xbrl.org/2003/arcrole/concept-label" xlink:from="PrimeiroExercicioDoPeriodoSeguinteMember" xlink:to="label_PrimeiroExercicioDoPeriodoSeguinteMember" xlink:title="label: PrimeiroExercicioDoPeriodoSeguinteMember to label_PrimeiroExercicioDoPeriodoSeguinteMember"/>
    <link:loc xlink:type="locator" xlink:href="../../../cor/dim/siconfi-dim_2019-12-31.xsd#siconfi-dim_PrimeiroPeriodoSeguinteMember" xlink:label="PrimeiroPeriodoSeguinteMember" xlink:title="PrimeiroPeriodoSeguinteMember"/>
    <link:label xlink:type="resource" xlink:label="label_PrimeiroPeriodoSeguinteMember" xlink:role="http://www.xbrl.org/2003/role/label" xlink:title="label_PrimeiroPeriodoSeguinteMember" xml:lang="pt-br" id="label_PrimeiroPeriodoSeguinteMember">Primeiro Período Seguinte [member]</link:label>
    <link:labelArc xlink:type="arc" xlink:arcrole="http://www.xbrl.org/2003/arcrole/concept-label" xlink:from="PrimeiroPeriodoSeguinteMember" xlink:to="label_PrimeiroPeriodoSeguinteMember" xlink:title="label: PrimeiroPeriodoSeguinteMember to label_PrimeiroPeriodoSeguinteMember"/>
    <link:loc xlink:type="locator" xlink:href="../../../cor/dim/siconfi-dim_2019-12-31.xsd#siconfi-dim_SegundoExercicioDoPeriodoSeguinteMember" xlink:label="SegundoExercicioDoPeriodoSeguinteMember" xlink:title="SegundoExercicioDoPeriodoSeguinteMember"/>
    <link:label xlink:type="resource" xlink:label="label_SegundoExercicioDoPeriodoSeguinteMember" xlink:role="http://www.xbrl.org/2003/role/label" xlink:title="label_SegundoExercicioDoPeriodoSeguinteMember" xml:lang="pt-br" id="label_SegundoExercicioDoPeriodoSeguinteMember_2">Exercício do Segundo Período Seguinte [member]</link:label>
    <link:labelArc xlink:type="arc" xlink:arcrole="http://www.xbrl.org/2003/arcrole/concept-label" xlink:from="SegundoExercicioDoPeriodoSeguinteMember" xlink:to="label_SegundoExercicioDoPeriodoSeguinteMember" xlink:title="label: SegundoExercicioDoPeriodoSeguinteMember to label_SegundoExercicioDoPeriodoSeguinteMember"/>
    <link:loc xlink:type="locator" xlink:href="../../../cor/dim/siconfi-dim_2019-12-31.xsd#siconfi-dim_SegundoPeriodoSeguinteMember" xlink:label="SegundoPeriodoSeguinteMember" xlink:title="SegundoPeriodoSeguinteMember"/>
    <link:label xlink:type="resource" xlink:label="label_SegundoPeriodoSeguinteMember" xlink:role="http://www.xbrl.org/2003/role/label" xlink:title="label_SegundoPeriodoSeguinteMember" xml:lang="pt-br" id="label_SegundoPeriodoSeguinteMember">Segundo Período Seguinte [member]</link:label>
    <link:labelArc xlink:type="arc" xlink:arcrole="http://www.xbrl.org/2003/arcrole/concept-label" xlink:from="SegundoPeriodoSeguinteMember" xlink:to="label_SegundoPeriodoSeguinteMember" xlink:title="label: SegundoPeriodoSeguinteMember to label_SegundoPeriodoSeguinteMember"/>
    <link:loc xlink:type="locator" xlink:href="../../../cor/ic/siconfi-cor_2019-12-31.xsd#siconfi-cor_IdentificacaoDoQuadrimestre" xlink:label="IdentificacaoDoQuadrimestre" xlink:title="IdentificacaoDoQuadrimestre"/>
    <link:label xlink:type="resource" xlink:label="label_IdentificacaoDoQuadrimestre" xlink:role="http://www.xbrl.org/2003/role/label" xlink:title="label_IdentificacaoDoQuadrimestre" xml:lang="pt-br" id="label_IdentificacaoDoQuadrimestre">Identificação do Quadrimestre em que Excedeu o Limite e dos Períodos de Retorno</link:label>
    <link:labelArc xlink:type="arc" xlink:arcrole="http://www.xbrl.org/2003/arcrole/concept-label" xlink:from="IdentificacaoDoQuadrimestre" xlink:to="label_IdentificacaoDoQuadrimestre" xlink:title="label: IdentificacaoDoQuadrimestre to label_IdentificacaoDoQuadrimestre"/>
    <link:loc xlink:type="locator" xlink:href="../../../cor/ic/siconfi-cor_2019-12-31.xsd#siconfi-cor_FonteAnexo1Tabela1.0RGF" xlink:label="FonteAnexo1Tabela1.0RGF" xlink:title="FonteAnexo1Tabela1.0RGF"/>
    <link:label xlink:type="resource" xlink:label="label_FonteAnexo1Tabela1.0RGF" xlink:role="http://www.xbrl.org/2003/role/label" xlink:title="label_FonteAnexo1Tabela1.0RGF" xml:lang="pt-br" id="label_FonteAnexo1Tabela1.0RGF_2">Notas Explicativas</link:label>
    <link:labelArc xlink:type="arc" xlink:arcrole="http://www.xbrl.org/2003/arcrole/concept-label" xlink:from="FonteAnexo1Tabela1.0RGF" xlink:to="label_FonteAnexo1Tabela1.0RGF" xlink:title="label: FonteAnexo1Tabela1.0RGF to label_FonteAnexo1Tabela1.0RGF"/>
    <link:loc xlink:type="locator" xlink:href="../../../cor/ic/siconfi-cor_2019-12-31.xsd#siconfi-cor_FonteAnexo1Tabela1.2RGF" xlink:label="FonteAnexo1Tabela1.2RGF" xlink:title="FonteAnexo1Tabela1.2RGF"/>
    <link:label xlink:type="resource" xlink:label="label_FonteAnexo1Tabela1.2RGF" xlink:role="http://www.xbrl.org/2003/role/label" xlink:title="label_FonteAnexo1Tabela1.2RGF" xml:lang="pt-br" id="label_FonteAnexo1Tabela1.2RGF_2">Notas Explicativas</link:label>
    <link:labelArc xlink:type="arc" xlink:arcrole="http://www.xbrl.org/2003/arcrole/concept-label" xlink:from="FonteAnexo1Tabela1.2RGF" xlink:to="label_FonteAnexo1Tabela1.2RGF" xlink:title="label: FonteAnexo1Tabela1.2RGF to label_FonteAnexo1Tabela1.2RGF"/>
    <link:loc xlink:type="locator" xlink:href="../../../cor/ic/siconfi-cor_2019-12-31.xsd#siconfi-cor_FonteAnexo1Tabela1.4RGF" xlink:label="FonteAnexo1Tabela1.4RGF" xlink:title="FonteAnexo1Tabela1.4RGF"/>
    <link:label xlink:type="resource" xlink:label="label_FonteAnexo1Tabela1.4RGF" xlink:role="http://www.xbrl.org/2003/role/label" xlink:title="label_FonteAnexo1Tabela1.4RGF" xml:lang="pt-br" id="label_FonteAnexo1Tabela1.4RGF_2">Notas Explicativas</link:label>
    <link:labelArc xlink:type="arc" xlink:arcrole="http://www.xbrl.org/2003/arcrole/concept-label" xlink:from="FonteAnexo1Tabela1.4RGF" xlink:to="label_FonteAnexo1Tabela1.4RGF" xlink:title="label: FonteAnexo1Tabela1.4RGF to label_FonteAnexo1Tabela1.4RGF"/>
    <link:loc xlink:type="locator" xlink:href="siconfi-rgf-anexo1_2019-12-31.xsd#siconfi-rgf-anexo1_TrajetoriaDeRetornoAoLimiteDaDespesaTotalComPessoalTable" xlink:label="TrajetoriaDeRetornoAoLimiteDaDespesaTotalComPessoalTable" xlink:title="TrajetoriaDeRetornoAoLimiteDaDespesaTotalComPessoalTable"/>
    <link:label xlink:type="resource" xlink:label="label_TrajetoriaDeRetornoAoLimiteDaDespesaTotalComPessoalTable" xlink:role="http://www.xbrl.org/2003/role/label" xlink:title="label_TrajetoriaDeRetornoAoLimiteDaDespesaTotalComPessoalTable" xml:lang="pt-br" id="label_TrajetoriaDeRetornoAoLimiteDaDespesaTotalComPessoalTable">Trajetória de Retorno ao Limite da Despesa Total com Pessoal [table]</link:label>
    <link:labelArc xlink:type="arc" xlink:arcrole="http://www.xbrl.org/2003/arcrole/concept-label" xlink:from="TrajetoriaDeRetornoAoLimiteDaDespesaTotalComPessoalTable" xlink:to="label_TrajetoriaDeRetornoAoLimiteDaDespesaTotalComPessoalTable" xlink:title="label: TrajetoriaDeRetornoAoLimiteDaDespesaTotalComPessoalTable to label_TrajetoriaDeRetornoAoLimiteDaDespesaTotalComPessoalTable"/>
  </link:labelLink>
  <link:labelLink xlink:type="extended" xlink:role="http://fazenda.gov.br/siconfi/rep/rgf/anexo1/siconfi-rgf-anexo1-tabela1.4">
    <link:loc xlink:type="locator" xlink:href="../../../cor/dim/siconfi-dim_2019-12-31.xsd#siconfi-dim_DespesaTotalComPessoalAxis" xlink:label="DespesaTotalComPessoalAxis" xlink:title="DespesaTotalComPessoalAxis"/>
    <link:label xlink:type="resource" xlink:label="label_DespesaTotalComPessoalAxis" xlink:role="http://www.xbrl.org/2003/role/label" xlink:title="label_DespesaTotalComPessoalAxis" xml:lang="pt-br" id="label_DespesaTotalComPessoalAxis">Despesa Total com Pessoal [axis] [orientacao=horizontal]</link:label>
    <link:labelArc xlink:type="arc" xlink:arcrole="http://www.xbrl.org/2003/arcrole/concept-label" xlink:from="DespesaTotalComPessoalAxis" xlink:to="label_DespesaTotalComPessoalAxis" xlink:title="label: DespesaTotalComPessoalAxis to label_DespesaTotalComPessoalAxis"/>
    <link:loc xlink:type="locator" xlink:href="../../../cor/dim/siconfi-dim_2019-12-31.xsd#siconfi-dim_EstagiosDespesaOrcamentariaAxis" xlink:label="EstagiosDespesaOrcamentariaAxis" xlink:title="EstagiosDespesaOrcamentariaAxis"/>
    <link:label xlink:type="resource" xlink:label="label_EstagiosDespesaOrcamentariaAxis" xlink:role="http://www.xbrl.org/2003/role/label" xlink:title="label_EstagiosDespesaOrcamentariaAxis" xml:lang="pt-br" id="label_EstagiosDespesaOrcamentariaAxis_2">Despesa Executada com Pessoal [axis] [orientacao=horizontal]</link:label>
    <link:labelArc xlink:type="arc" xlink:arcrole="http://www.xbrl.org/2003/arcrole/concept-label" xlink:from="EstagiosDespesaOrcamentariaAxis" xlink:to="label_EstagiosDespesaOrcamentariaAxis" xlink:title="label: EstagiosDespesaOrcamentariaAxis to label_EstagiosDespesaOrcamentariaAxis"/>
    <link:loc xlink:type="locator" xlink:href="../../../cor/dim/siconfi-dim_2019-12-31.xsd#siconfi-dim_IdentificacaoConsorcioAxis" xlink:label="IdentificacaoConsorcioAxis" xlink:title="IdentificacaoConsorcioAxis"/>
    <link:label xlink:type="resource" xlink:label="label_IdentificacaoConsorcioAxis" xlink:role="http://www.xbrl.org/2003/role/label" xlink:title="label_IdentificacaoConsorcioAxis" xml:lang="pt-br" id="label_IdentificacaoConsorcioAxis">Identificação do Consórcio [axis] [orientacao=externa]</link:label>
    <link:labelArc xlink:type="arc" xlink:arcrole="http://www.xbrl.org/2003/arcrole/concept-label" xlink:from="IdentificacaoConsorcioAxis" xlink:to="label_IdentificacaoConsorcioAxis" xlink:title="label: IdentificacaoConsorcioAxis to label_IdentificacaoConsorcioAxis"/>
    <link:loc xlink:type="locator" xlink:href="../../../cor/dim/siconfi-dim_2019-12-31.xsd#siconfi-dim_DespesasExecutadasUltimos12MesesMember" xlink:label="DespesasExecutadasUltimos12MesesMember" xlink:title="DespesasExecutadasUltimos12MesesMember"/>
    <link:label xlink:type="resource" xlink:label="label_DespesasExecutadasUltimos12MesesMember" xlink:role="http://www.xbrl.org/2003/role/label" xlink:title="label_DespesasExecutadasUltimos12MesesMember" xml:lang="pt-br" id="label_DespesasExecutadasUltimos12MesesMember_2">DESPESAS EXECUTADAS (Últimos 12 Meses) [member]</link:label>
    <link:labelArc xlink:type="arc" xlink:arcrole="http://www.xbrl.org/2003/arcrole/concept-label" xlink:from="DespesasExecutadasUltimos12MesesMember" xlink:to="label_DespesasExecutadasUltimos12MesesMember" xlink:title="label: DespesasExecutadasUltimos12MesesMember to label_DespesasExecutadasUltimos12MesesMember"/>
    <link:loc xlink:type="locator" xlink:href="../../../cor/dim/siconfi-dim_2019-12-31.xsd#siconfi-dim_DespesasInscritasEmRestosAPagarNaoProcessadosUltimos12MesesMember" xlink:label="DespesasInscritasEmRestosAPagarNaoProcessadosUltimos12MesesMember" xlink:title="DespesasInscritasEmRestosAPagarNaoProcessadosUltimos12MesesMember"/>
    <link:label xlink:type="resource" xlink:label="label_DespesasInscritasEmRestosAPagarNaoProcessadosUltimos12MesesMember" xlink:role="http://www.xbrl.org/2003/role/label" xlink:title="label_DespesasInscritasEmRestosAPagarNaoProcessadosUltimos12MesesMember" xml:lang="pt-br" id="label_DespesasInscritasEmRestosAPagarNaoProcessadosUltimos12MesesMember_2">INSCRITAS EM RESTOS A PAGAR NÃO PROCESSADOS (b) [member]</link:label>
    <link:labelArc xlink:type="arc" xlink:arcrole="http://www.xbrl.org/2003/arcrole/concept-label" xlink:from="DespesasInscritasEmRestosAPagarNaoProcessadosUltimos12MesesMember" xlink:to="label_DespesasInscritasEmRestosAPagarNaoProcessadosUltimos12MesesMember" xlink:title="label: DespesasInscritasEmRestosAPagarNaoProcessadosUltimos12MesesMember to label_DespesasInscritasEmRestosAPagarNaoProcessadosUltimos12MesesMember"/>
    <link:loc xlink:type="locator" xlink:href="../../../cor/dim/siconfi-dim_2019-12-31.xsd#siconfi-dim_DespesasLiquidadasMember" xlink:label="DespesasLiquidadasMember" xlink:title="DespesasLiquidadasMember"/>
    <link:label xlink:type="resource" xlink:label="label_DespesasLiquidadasMember" xlink:role="http://www.xbrl.org/2003/role/label" xlink:title="label_DespesasLiquidadasMember" xml:lang="pt-br" id="label_DespesasLiquidadasMember_2">LIQUIDADAS</link:label>
    <link:labelArc xlink:type="arc" xlink:arcrole="http://www.xbrl.org/2003/arcrole/concept-label" xlink:from="DespesasLiquidadasMember" xlink:to="label_DespesasLiquidadasMember" xlink:title="label: DespesasLiquidadasMember to label_DespesasLiquidadasMember"/>
    <link:loc xlink:type="locator" xlink:href="../../../cor/dim/siconfi-dim_2019-12-31.xsd#siconfi-dim_DespesasLiquidadasUltimos12MesesMember" xlink:label="DespesasLiquidadasUltimos12MesesMember" xlink:title="DespesasLiquidadasUltimos12MesesMember"/>
    <link:label xlink:type="resource" xlink:label="label_DespesasLiquidadasUltimos12MesesMember" xlink:role="http://www.xbrl.org/2003/role/label" xlink:title="label_DespesasLiquidadasUltimos12MesesMember" xml:lang="pt-br" id="label_DespesasLiquidadasUltimos12MesesMember_2">LIQUIDADAS (a) [member]</link:label>
    <link:labelArc xlink:type="arc" xlink:arcrole="http://www.xbrl.org/2003/arcrole/concept-label" xlink:from="DespesasLiquidadasUltimos12MesesMember" xlink:to="label_DespesasLiquidadasUltimos12MesesMember" xlink:title="label: DespesasLiquidadasUltimos12MesesMember to label_DespesasLiquidadasUltimos12MesesMember"/>
    <link:loc xlink:type="locator" xlink:href="../../../cor/dim/siconfi-dim_2019-12-31.xsd#siconfi-dim_ExercicioDeDescumprimentoDoLimiteMember" xlink:label="ExercicioDeDescumprimentoDoLimiteMember" xlink:title="ExercicioDeDescumprimentoDoLimiteMember"/>
    <link:label xlink:type="resource" xlink:label="label_ExercicioDeDescumprimentoDoLimiteMember" xlink:role="http://www.xbrl.org/2003/role/label" xlink:title="label_ExercicioDeDescumprimentoDoLimiteMember" xml:lang="pt-br" id="label_ExercicioDeDescumprimentoDoLimiteMember_2">Exercício em que Excedeu o Limite  [member]</link:label>
    <link:labelArc xlink:type="arc" xlink:arcrole="http://www.xbrl.org/2003/arcrole/concept-label" xlink:from="ExercicioDeDescumprimentoDoLimiteMember" xlink:to="label_ExercicioDeDescumprimentoDoLimiteMember" xlink:title="label: ExercicioDeDescumprimentoDoLimiteMember to label_ExercicioDeDescumprimentoDoLimiteMember"/>
    <link:loc xlink:type="locator" xlink:href="../../../cor/dim/siconfi-dim_2019-12-31.xsd#siconfi-dim_TotalDespesaMember" xlink:label="TotalDespesaMember" xlink:title="TotalDespesaMember"/>
    <link:label xlink:type="resource" xlink:label="label_TotalDespesaMember" xlink:role="http://www.xbrl.org/2003/role/label" xlink:title="label_TotalDespesaMember" xml:lang="pt-br" id="label_TotalDespesaMember">TOTAL (c = a + b) [member]</link:label>
    <link:labelArc xlink:type="arc" xlink:arcrole="http://www.xbrl.org/2003/arcrole/concept-label" xlink:from="TotalDespesaMember" xlink:to="label_TotalDespesaMember" xlink:title="label: TotalDespesaMember to label_TotalDespesaMember"/>
    <link:loc xlink:type="locator" xlink:href="../../../cor/dim/siconfi-dim_2019-12-31.xsd#siconfi-dim_ValoresTotaisTransferidosPorContratoDeRateioMember" xlink:label="ValoresTotaisTransferidosPorContratoDeRateioMember" xlink:title="ValoresTotaisTransferidosPorContratoDeRateioMember"/>
    <link:label xlink:type="resource" xlink:label="label_ValoresTotaisTransferidosPorContratoDeRateioMember" xlink:role="http://www.xbrl.org/2003/role/label" xlink:title="label_ValoresTotaisTransferidosPorContratoDeRateioMember" xml:lang="pt-br" id="label_ValoresTotaisTransferidosPorContratoDeRateioMember">VALORES TRANSFERIDOS POR CONTRATO DE RATEIO [member]</link:label>
    <link:labelArc xlink:type="arc" xlink:arcrole="http://www.xbrl.org/2003/arcrole/concept-label" xlink:from="ValoresTotaisTransferidosPorContratoDeRateioMember" xlink:to="label_ValoresTotaisTransferidosPorContratoDeRateioMember" xlink:title="label: ValoresTotaisTransferidosPorContratoDeRateioMember to label_ValoresTotaisTransferidosPorContratoDeRateioMember"/>
    <link:loc xlink:type="locator" xlink:href="../../../cor/dim/siconfi-dim_2019-12-31.xsd#siconfi-dim_ValoresTransferidosPorContratoDeRateioMember" xlink:label="ValoresTransferidosPorContratoDeRateioMember" xlink:title="ValoresTransferidosPorContratoDeRateioMember"/>
    <link:label xlink:type="resource" xlink:label="label_ValoresTransferidosPorContratoDeRateioMember" xlink:role="http://www.xbrl.org/2003/role/label" xlink:title="label_ValoresTransferidosPorContratoDeRateioMember" xml:lang="pt-br" id="label_ValoresTransferidosPorContratoDeRateioMember">VALORES TRANSFERIDOS POR CONTRATO DE RATEIO [member]</link:label>
    <link:labelArc xlink:type="arc" xlink:arcrole="http://www.xbrl.org/2003/arcrole/concept-label" xlink:from="ValoresTransferidosPorContratoDeRateioMember" xlink:to="label_ValoresTransferidosPorContratoDeRateioMember" xlink:title="label: ValoresTransferidosPorContratoDeRateioMember to label_ValoresTransferidosPorContratoDeRateioMember"/>
    <link:loc xlink:type="locator" xlink:href="../../../cor/dim/siconfi-dim_2019-12-31.xsd#siconfi-dim_ValorMember" xlink:label="ValorMember" xlink:title="ValorMember"/>
    <link:label xlink:type="resource" xlink:label="label_ValorMember" xlink:role="http://www.xbrl.org/2003/role/label" xlink:title="label_ValorMember" xml:lang="pt-br" id="label_ValorMember">Valores Transferidos por Contrato de Rateio [member]</link:label>
    <link:labelArc xlink:type="arc" xlink:arcrole="http://www.xbrl.org/2003/arcrole/concept-label" xlink:from="ValorMember" xlink:to="label_ValorMember" xlink:title="label: ValorMember to label_ValorMember"/>
    <link:loc xlink:type="locator" xlink:href="../../../cor/ic/siconfi-cor_2019-12-31.xsd#siconfi-cor_DespesaComPessoalAtivoBrutaEnteConsorciado" xlink:label="DespesaComPessoalAtivoBrutaEnteConsorciado" xlink:title="DespesaComPessoalAtivoBrutaEnteConsorciado"/>
    <link:label xlink:type="resource" xlink:label="label_DespesaComPessoalAtivoBrutaEnteConsorciado" xlink:role="http://www.xbrl.org/2003/role/label" xlink:title="label_DespesaComPessoalAtivoBrutaEnteConsorciado" xml:lang="pt-br" id="label_DespesaComPessoalAtivoBrutaEnteConsorciado">Pessoal Ativo</link:label>
    <link:labelArc xlink:type="arc" xlink:arcrole="http://www.xbrl.org/2003/arcrole/concept-label" xlink:from="DespesaComPessoalAtivoBrutaEnteConsorciado" xlink:to="label_DespesaComPessoalAtivoBrutaEnteConsorciado" xlink:title="label: DespesaComPessoalAtivoBrutaEnteConsorciado to label_DespesaComPessoalAtivoBrutaEnteConsorciado"/>
    <link:loc xlink:type="locator" xlink:href="../../../cor/ic/siconfi-cor_2019-12-31.xsd#siconfi-cor_DespesaComPessoalBrutaEnteConsorciado" xlink:label="DespesaComPessoalBrutaEnteConsorciado" xlink:title="DespesaComPessoalBrutaEnteConsorciado"/>
    <link:label xlink:type="resource" xlink:label="label_DespesaComPessoalBrutaEnteConsorciado" xlink:role="http://www.xbrl.org/2003/role/label" xlink:title="label_DespesaComPessoalBrutaEnteConsorciado" xml:lang="pt-br" id="label_DespesaComPessoalBrutaEnteConsorciado">DESPESA BRUTA COM PESSOAL (I)</link:label>
    <link:labelArc xlink:type="arc" xlink:arcrole="http://www.xbrl.org/2003/arcrole/concept-label" xlink:from="DespesaComPessoalBrutaEnteConsorciado" xlink:to="label_DespesaComPessoalBrutaEnteConsorciado" xlink:title="label: DespesaComPessoalBrutaEnteConsorciado to label_DespesaComPessoalBrutaEnteConsorciado"/>
    <link:loc xlink:type="locator" xlink:href="../../../cor/ic/siconfi-cor_2019-12-31.xsd#siconfi-cor_DespesaComPessoalDecorrenteDeTerceirizacaoPorSubstituicaoBrutaEnteConsorciado" xlink:label="DespesaComPessoalDecorrenteDeTerceirizacaoPorSubstituicaoBrutaEnteConsorciado" xlink:title="DespesaComPessoalDecorrenteDeTerceirizacaoPorSubstituicaoBrutaEnteConsorciado"/>
    <link:label xlink:type="resource" xlink:label="label_DespesaComPessoalDecorrenteDeTerceirizacaoPorSubstituicaoBrutaEnteConsorciado" xlink:role="http://www.xbrl.org/2003/role/label" xlink:title="label_DespesaComPessoalDecorrenteDeTerceirizacaoPorSubstituicaoBrutaEnteConsorciado" xml:lang="pt-br" id="label_DespesaComPessoalDecorrenteDeTerceirizacaoPorSubstituicaoBrutaEnteConsorciado">Outras despesas de pessoal decorrentes de contratos de terceirização ou de contratação de forma indireta (§ 1º art. 18 da LRF)</link:label>
    <link:labelArc xlink:type="arc" xlink:arcrole="http://www.xbrl.org/2003/arcrole/concept-label" xlink:from="DespesaComPessoalDecorrenteDeTerceirizacaoPorSubstituicaoBrutaEnteConsorciado" xlink:to="label_DespesaComPessoalDecorrenteDeTerceirizacaoPorSubstituicaoBrutaEnteConsorciado" xlink:title="label: DespesaComPessoalDecorrenteDeTerceirizacaoPorSubstituicaoBrutaEnteConsorciado to label_DespesaComPessoalDecorrenteDeTerceirizacaoPorSubstituicaoBrutaEnteConsorciado"/>
    <link:loc xlink:type="locator" xlink:href="../../../cor/ic/siconfi-cor_2019-12-31.xsd#siconfi-cor_DespesaComPessoalNaoComputadaDecisaoJudicialPeriodoAnteriorAoDaApuracaoEnteConsorciado" xlink:label="DespesaComPessoalNaoComputadaDecisaoJudicialPeriodoAnteriorAoDaApuracaoEnteConsorciado" xlink:title="DespesaComPessoalNaoComputadaDecisaoJudicialPeriodoAnteriorAoDaApuracaoEnteConsorciado"/>
    <link:label xlink:type="resource" xlink:label="label_DespesaComPessoalNaoComputadaDecisaoJudicialPeriodoAnteriorAoDaApuracaoEnteConsorciado" xlink:role="http://www.xbrl.org/2003/role/label" xlink:title="label_DespesaComPessoalNaoComputadaDecisaoJudicialPeriodoAnteriorAoDaApuracaoEnteConsorciado" xml:lang="pt-br" id="label_DespesaComPessoalNaoComputadaDecisaoJudicialPeriodoAnteriorAoDaApuracaoEnteConsorciado">Decorrentes de Decisão Judicial de período anterior ao da apuração</link:label>
    <link:labelArc xlink:type="arc" xlink:arcrole="http://www.xbrl.org/2003/arcrole/concept-label" xlink:from="DespesaComPessoalNaoComputadaDecisaoJudicialPeriodoAnteriorAoDaApuracaoEnteConsorciado" xlink:to="label_DespesaComPessoalNaoComputadaDecisaoJudicialPeriodoAnteriorAoDaApuracaoEnteConsorciado" xlink:title="label: DespesaComPessoalNaoComputadaDecisaoJudicialPeriodoAnteriorAoDaApuracaoEnteConsorciado to label_DespesaComPessoalNaoComputadaDecisaoJudicialPeriodoAnteriorAoDaApuracaoEnteConsorciado"/>
    <link:loc xlink:type="locator" xlink:href="../../../cor/ic/siconfi-cor_2019-12-31.xsd#siconfi-cor_DespesaComPessoalNaoComputadaEnteConsorciado" xlink:label="DespesaComPessoalNaoComputadaEnteConsorciado" xlink:title="DespesaComPessoalNaoComputadaEnteConsorciado"/>
    <link:label xlink:type="resource" xlink:label="label_DespesaComPessoalNaoComputadaEnteConsorciado" xlink:role="http://www.xbrl.org/2003/role/label" xlink:title="label_DespesaComPessoalNaoComputadaEnteConsorciado" xml:lang="pt-br" id="label_DespesaComPessoalNaoComputadaEnteConsorciado">DESPESAS NÃO COMPUTADAS (§ 1º do art. 19 da LRF) (II)</link:label>
    <link:labelArc xlink:type="arc" xlink:arcrole="http://www.xbrl.org/2003/arcrole/concept-label" xlink:from="DespesaComPessoalNaoComputadaEnteConsorciado" xlink:to="label_DespesaComPessoalNaoComputadaEnteConsorciado" xlink:title="label: DespesaComPessoalNaoComputadaEnteConsorciado to label_DespesaComPessoalNaoComputadaEnteConsorciado"/>
    <link:loc xlink:type="locator" xlink:href="../../../cor/ic/siconfi-cor_2019-12-31.xsd#siconfi-cor_DespesaComPessoalNaoComputadaExerciciosAnterioresAoPeriodoDaApuracaoEnteConsorciado" xlink:label="DespesaComPessoalNaoComputadaExerciciosAnterioresAoPeriodoDaApuracaoEnteConsorciado" xlink:title="DespesaComPessoalNaoComputadaExerciciosAnterioresAoPeriodoDaApuracaoEnteConsorciado"/>
    <link:label xlink:type="resource" xlink:label="label_DespesaComPessoalNaoComputadaExerciciosAnterioresAoPeriodoDaApuracaoEnteConsorciado" xlink:role="http://www.xbrl.org/2003/role/label" xlink:title="label_DespesaComPessoalNaoComputadaExerciciosAnterioresAoPeriodoDaApuracaoEnteConsorciado" xml:lang="pt-br" id="label_DespesaComPessoalNaoComputadaExerciciosAnterioresAoPeriodoDaApuracaoEnteConsorciado">Despesas de Exercícios Anteriores de Período Anterior ao da Apuração</link:label>
    <link:labelArc xlink:type="arc" xlink:arcrole="http://www.xbrl.org/2003/arcrole/concept-label" xlink:from="DespesaComPessoalNaoComputadaExerciciosAnterioresAoPeriodoDaApuracaoEnteConsorciado" xlink:to="label_DespesaComPessoalNaoComputadaExerciciosAnterioresAoPeriodoDaApuracaoEnteConsorciado" xlink:title="label: DespesaComPessoalNaoComputadaExerciciosAnterioresAoPeriodoDaApuracaoEnteConsorciado to label_DespesaComPessoalNaoComputadaExerciciosAnterioresAoPeriodoDaApuracaoEnteConsorciado"/>
    <link:loc xlink:type="locator" xlink:href="../../../cor/ic/siconfi-cor_2019-12-31.xsd#siconfi-cor_DespesaComPessoalNaoComputadaIndenizacaoDemissaoVoluntariaEnteConsorciado" xlink:label="DespesaComPessoalNaoComputadaIndenizacaoDemissaoVoluntariaEnteConsorciado" xlink:title="DespesaComPessoalNaoComputadaIndenizacaoDemissaoVoluntariaEnteConsorciado"/>
    <link:label xlink:type="resource" xlink:label="label_DespesaComPessoalNaoComputadaIndenizacaoDemissaoVoluntariaEnteConsorciado" xlink:role="http://www.xbrl.org/2003/role/label" xlink:title="label_DespesaComPessoalNaoComputadaIndenizacaoDemissaoVoluntariaEnteConsorciado" xml:lang="pt-br" id="label_DespesaComPessoalNaoComputadaIndenizacaoDemissaoVoluntariaEnteConsorciado">Indenizações por Demissão e Incentivos à Demissão Voluntária</link:label>
    <link:labelArc xlink:type="arc" xlink:arcrole="http://www.xbrl.org/2003/arcrole/concept-label" xlink:from="DespesaComPessoalNaoComputadaIndenizacaoDemissaoVoluntariaEnteConsorciado" xlink:to="label_DespesaComPessoalNaoComputadaIndenizacaoDemissaoVoluntariaEnteConsorciado" xlink:title="label: DespesaComPessoalNaoComputadaIndenizacaoDemissaoVoluntariaEnteConsorciado to label_DespesaComPessoalNaoComputadaIndenizacaoDemissaoVoluntariaEnteConsorciado"/>
    <link:loc xlink:type="locator" xlink:href="../../../cor/ic/siconfi-cor_2019-12-31.xsd#siconfi-cor_DespesaComPessoalTotal" xlink:label="DespesaComPessoalTotal" xlink:title="DespesaComPessoalTotal"/>
    <link:label xlink:type="resource" xlink:label="label_DespesaComPessoalTotal" xlink:role="http://www.xbrl.org/2003/role/label" xlink:title="label_DespesaComPessoalTotal" xml:lang="pt-br" id="label_DespesaComPessoalTotal_2">DESPESA TOTAL COM PESSOAL - DTP (III) = (I - II)</link:label>
    <link:labelArc xlink:type="arc" xlink:arcrole="http://www.xbrl.org/2003/arcrole/concept-label" xlink:from="DespesaComPessoalTotal" xlink:to="label_DespesaComPessoalTotal" xlink:title="label: DespesaComPessoalTotal to label_DespesaComPessoalTotal"/>
    <link:loc xlink:type="locator" xlink:href="../../../cor/ic/siconfi-cor_2019-12-31.xsd#siconfi-cor_DespesaComPessoalTotalEnteConsorciado" xlink:label="DespesaComPessoalTotalEnteConsorciado" xlink:title="DespesaComPessoalTotalEnteConsorciado"/>
    <link:label xlink:type="resource" xlink:label="label_DespesaComPessoalTotalEnteConsorciado" xlink:role="http://www.xbrl.org/2003/role/label" xlink:title="label_DespesaComPessoalTotalEnteConsorciado" xml:lang="pt-br" id="label_DespesaComPessoalTotalEnteConsorciado">DESPESA TOTAL COM PESSOAL - DTP (VIII) = (VII a + VII b)</link:label>
    <link:labelArc xlink:type="arc" xlink:arcrole="http://www.xbrl.org/2003/arcrole/concept-label" xlink:from="DespesaComPessoalTotalEnteConsorciado" xlink:to="label_DespesaComPessoalTotalEnteConsorciado" xlink:title="label: DespesaComPessoalTotalEnteConsorciado to label_DespesaComPessoalTotalEnteConsorciado"/>
    <link:loc xlink:type="locator" xlink:href="../../../cor/ic/siconfi-cor_2019-12-31.xsd#siconfi-cor_FonteAnexo1Tabela1.0RGF" xlink:label="FonteAnexo1Tabela1.0RGF" xlink:title="FonteAnexo1Tabela1.0RGF"/>
    <link:label xlink:type="resource" xlink:label="label_FonteAnexo1Tabela1.0RGF" xlink:role="http://www.xbrl.org/2003/role/label" xlink:title="label_FonteAnexo1Tabela1.0RGF" xml:lang="pt-br" id="label_FonteAnexo1Tabela1.0RGF_3">Notas Explicativas</link:label>
    <link:labelArc xlink:type="arc" xlink:arcrole="http://www.xbrl.org/2003/arcrole/concept-label" xlink:from="FonteAnexo1Tabela1.0RGF" xlink:to="label_FonteAnexo1Tabela1.0RGF" xlink:title="label: FonteAnexo1Tabela1.0RGF to label_FonteAnexo1Tabela1.0RGF"/>
    <link:loc xlink:type="locator" xlink:href="../../../cor/ic/siconfi-cor_2019-12-31.xsd#siconfi-cor_FonteAnexo1Tabela1.2RGF" xlink:label="FonteAnexo1Tabela1.2RGF" xlink:title="FonteAnexo1Tabela1.2RGF"/>
    <link:label xlink:type="resource" xlink:label="label_FonteAnexo1Tabela1.2RGF" xlink:role="http://www.xbrl.org/2003/role/label" xlink:title="label_FonteAnexo1Tabela1.2RGF" xml:lang="pt-br" id="label_FonteAnexo1Tabela1.2RGF_3">Notas Explicativas</link:label>
    <link:labelArc xlink:type="arc" xlink:arcrole="http://www.xbrl.org/2003/arcrole/concept-label" xlink:from="FonteAnexo1Tabela1.2RGF" xlink:to="label_FonteAnexo1Tabela1.2RGF" xlink:title="label: FonteAnexo1Tabela1.2RGF to label_FonteAnexo1Tabela1.2RGF"/>
    <link:loc xlink:type="locator" xlink:href="../../../cor/ic/siconfi-cor_2019-12-31.xsd#siconfi-cor_FonteAnexo1Tabela1.4RGF" xlink:label="FonteAnexo1Tabela1.4RGF" xlink:title="FonteAnexo1Tabela1.4RGF"/>
    <link:label xlink:type="resource" xlink:label="label_FonteAnexo1Tabela1.4RGF" xlink:role="http://www.xbrl.org/2003/role/label" xlink:title="label_FonteAnexo1Tabela1.4RGF" xml:lang="pt-br" id="label_FonteAnexo1Tabela1.4RGF_3">Notas Explicativas</link:label>
    <link:labelArc xlink:type="arc" xlink:arcrole="http://www.xbrl.org/2003/arcrole/concept-label" xlink:from="FonteAnexo1Tabela1.4RGF" xlink:to="label_FonteAnexo1Tabela1.4RGF" xlink:title="label: FonteAnexo1Tabela1.4RGF to label_FonteAnexo1Tabela1.4RGF"/>
    <link:loc xlink:type="locator" xlink:href="siconfi-rgf-anexo1_2019-12-31.xsd#siconfi-rgf-anexo1_DemonstrativoAnexo1Abstract" xlink:label="DemonstrativoAnexo1Abstract" xlink:title="DemonstrativoAnexo1Abstract"/>
    <link:label xlink:type="resource" xlink:label="label_DemonstrativoAnexo1Abstract" xlink:role="http://www.xbrl.org/2003/role/label" xlink:title="label_DemonstrativoAnexo1Abstract" xml:lang="pt-br" id="label_DemonstrativoAnexo1Abstract_2">RGF - Anexo 1 (LRF, art. 55, inciso I, alínea "a") [abstract]</link:label>
    <link:labelArc xlink:type="arc" xlink:arcrole="http://www.xbrl.org/2003/arcrole/concept-label" xlink:from="DemonstrativoAnexo1Abstract" xlink:to="label_DemonstrativoAnexo1Abstract" xlink:title="label: DemonstrativoAnexo1Abstract to label_DemonstrativoAnexo1Abstract"/>
    <link:loc xlink:type="locator" xlink:href="siconfi-rgf-anexo1_2019-12-31.xsd#siconfi-rgf-anexo1_DespesaComPessoalEmConsorcioPublicoTable" xlink:label="DespesaComPessoalEmConsorcioPublicoTable" xlink:title="DespesaComPessoalEmConsorcioPublicoTable"/>
    <link:label xlink:type="resource" xlink:label="label_DespesaComPessoalEmConsorcioPublicoTable" xlink:role="http://www.xbrl.org/2003/role/label" xlink:title="label_DespesaComPessoalEmConsorcioPublicoTable" xml:lang="pt-br" id="label_DespesaComPessoalEmConsorcioPublicoTable">Despesa Executada com Pessoal em Consórcio Público [table]</link:label>
    <link:labelArc xlink:type="arc" xlink:arcrole="http://www.xbrl.org/2003/arcrole/concept-label" xlink:from="DespesaComPessoalEmConsorcioPublicoTable" xlink:to="label_DespesaComPessoalEmConsorcioPublicoTable" xlink:title="label: DespesaComPessoalEmConsorcioPublicoTable to label_DespesaComPessoalEmConsorcioPublicoTable"/>
  </link:labelLink>
</link:linkbase>
