<?xml version="1.0" encoding="UTF-8"?>
<!-- Generated by Fujitsu Interstage XWand B0196 -->
<link:linkbase xmlns:xsi="http://www.w3.org/2001/XMLSchema-instance" xsi:schemaLocation="http://www.xbrl.org/2003/linkbase http://www.xbrl.org/2003/xbrl-linkbase-2003-12-31.xsd" xmlns:siconfi-rgf-anexo6consorciospublicos="http://fazenda.gov.br/siconfi/rep/rgf/anexo6consorciospublicos/siconfi-rgf-anexo6consorciospublicos_2020-12-31" xmlns:link="http://www.xbrl.org/2003/linkbase" xmlns:xbrldt="http://xbrl.org/2005/xbrldt" xmlns:xlink="http://www.w3.org/1999/xlink" xmlns:xbrli="http://www.xbrl.org/2003/instance">
  <link:roleRef roleURI="http://fazenda.gov.br/siconfi/rep/rgf/anexo6/siconfi-rgf-anexo6-tabela6.1" xlink:type="simple" xlink:href="siconfi-rgf-anexo6consorciospublicos_2020-12-31.xsd#siconfi-rgf-anexo6-tabela6.1"/>
  <link:roleRef roleURI="http://fazenda.gov.br/siconfi/rep/rgf/anexo6/siconfi-rgf-anexo6-tabela6.1A" xlink:type="simple" xlink:href="siconfi-rgf-anexo6consorciospublicos_2020-12-31.xsd#siconfi-rgf-anexo6-tabela6.1A"/>
  <link:roleRef roleURI="http://fazenda.gov.br/siconfi/rep/rgf/anexo6/siconfi-rgf-anexo6-tabela6.1B" xlink:type="simple" xlink:href="siconfi-rgf-anexo6consorciospublicos_2020-12-31.xsd#siconfi-rgf-anexo6-tabela6.1B"/>
  <link:arcroleRef arcroleURI="http://xbrl.org/int/dim/arcrole/all" xlink:type="simple" xlink:href="http://www.xbrl.org/2005/xbrldt-2005.xsd#all"/>
  <link:arcroleRef arcroleURI="http://xbrl.org/int/dim/arcrole/domain-member" xlink:type="simple" xlink:href="http://www.xbrl.org/2005/xbrldt-2005.xsd#domain-member"/>
  <link:arcroleRef arcroleURI="http://xbrl.org/int/dim/arcrole/hypercube-dimension" xlink:type="simple" xlink:href="http://www.xbrl.org/2005/xbrldt-2005.xsd#hypercube-dimension"/>
  <link:arcroleRef arcroleURI="http://xbrl.org/int/dim/arcrole/dimension-domain" xlink:type="simple" xlink:href="http://www.xbrl.org/2005/xbrldt-2005.xsd#dimension-domain"/>
  <link:arcroleRef arcroleURI="http://xbrl.org/int/dim/arcrole/notAll" xlink:type="simple" xlink:href="http://www.xbrl.org/2005/xbrldt-2005.xsd#notAll"/>
  <link:definitionLink xlink:type="extended" xlink:role="http://fazenda.gov.br/siconfi/rep/rgf/anexo6/siconfi-rgf-anexo6-tabela6.1A">
    <link:loc xlink:type="locator" xlink:href="siconfi-rgf-anexo6consorciospublicos_2020-12-31.xsd#siconfi-rgf-anexo7uniao_DespesaComPessoalAbstract" xlink:label="DespesaComPessoalAbstract" xlink:title="DespesaComPessoalAbstract"/>
    <link:loc xlink:type="locator" xlink:href="siconfi-rgf-anexo6consorciospublicos_2020-12-31.xsd#siconfi-rgf-anexo7uniao_DespesaComPessoalLineItems" xlink:label="DespesaComPessoalLineItems" xlink:title="DespesaComPessoalLineItems"/>
    <link:definitionArc xlink:type="arc" xlink:arcrole="http://xbrl.org/int/dim/arcrole/domain-member" xlink:from="DespesaComPessoalAbstract" xlink:to="DespesaComPessoalLineItems" xlink:title="definition: DespesaComPessoalAbstract to DespesaComPessoalLineItems" order="1.0"/>
    <link:loc xlink:type="locator" xlink:href="../../../cor/ic/siconfi-cor_2020-12-31.xsd#siconfi-cor_DespesaTotalComPessoalDemonstrativoSimplificado" xlink:label="DespesaTotalComPessoalDemonstrativoSimplificado" xlink:title="DespesaTotalComPessoalDemonstrativoSimplificado"/>
    <link:definitionArc xlink:type="arc" xlink:arcrole="http://xbrl.org/int/dim/arcrole/domain-member" xlink:from="DespesaComPessoalLineItems" xlink:to="DespesaTotalComPessoalDemonstrativoSimplificado" xlink:title="definition: DespesaComPessoalLineItems to DespesaTotalComPessoalDemonstrativoSimplificado" order="1.0"/>
    <link:loc xlink:type="locator" xlink:href="../../../cor/ic/siconfi-cor_2020-12-31.xsd#siconfi-cor_LimiteMaximoDespesaComPessoalDemonstrativoSimplificado" xlink:label="LimiteMaximoDespesaComPessoalDemonstrativoSimplificado" xlink:title="LimiteMaximoDespesaComPessoalDemonstrativoSimplificado"/>
    <link:definitionArc xlink:type="arc" xlink:arcrole="http://xbrl.org/int/dim/arcrole/domain-member" xlink:from="DespesaComPessoalLineItems" xlink:to="LimiteMaximoDespesaComPessoalDemonstrativoSimplificado" xlink:title="definition: DespesaComPessoalLineItems to LimiteMaximoDespesaComPessoalDemonstrativoSimplificado" order="2.0"/>
    <link:loc xlink:type="locator" xlink:href="../../../cor/ic/siconfi-cor_2020-12-31.xsd#siconfi-cor_LimitePrudencialDespesaComPessoalDemonstrativoSimplificado" xlink:label="LimitePrudencialDespesaComPessoalDemonstrativoSimplificado" xlink:title="LimitePrudencialDespesaComPessoalDemonstrativoSimplificado"/>
    <link:definitionArc xlink:type="arc" xlink:arcrole="http://xbrl.org/int/dim/arcrole/domain-member" xlink:from="DespesaComPessoalLineItems" xlink:to="LimitePrudencialDespesaComPessoalDemonstrativoSimplificado" xlink:title="definition: DespesaComPessoalLineItems to LimitePrudencialDespesaComPessoalDemonstrativoSimplificado" order="3.0"/>
    <link:loc xlink:type="locator" xlink:href="siconfi-rgf-anexo6consorciospublicos_2020-12-31.xsd#siconfi-rgf-anexo6consorciospublicos_DespesaTotalComPessoalTable" xlink:label="DespesaTotalComPessoalTable" xlink:title="DespesaTotalComPessoalTable"/>
    <link:definitionArc xlink:type="arc" xlink:arcrole="http://xbrl.org/int/dim/arcrole/all" xlink:from="DespesaComPessoalAbstract" xlink:to="DespesaTotalComPessoalTable" xlink:title="definition: DespesaComPessoalAbstract to DespesaTotalComPessoalTable" order="2.0" xbrldt:contextElement="segment" xbrldt:closed="true"/>
    <link:loc xlink:type="locator" xlink:href="../../../cor/dim/siconfi-dim_2020-12-31.xsd#siconfi-dim_ValorRealizadoNoPeriodoDespesaComPessoalAxis" xlink:label="ValorRealizadoNoPeriodoDespesaComPessoalAxis" xlink:title="ValorRealizadoNoPeriodoDespesaComPessoalAxis"/>
    <link:definitionArc xlink:type="arc" xlink:arcrole="http://xbrl.org/int/dim/arcrole/hypercube-dimension" xlink:from="DespesaTotalComPessoalTable" xlink:to="ValorRealizadoNoPeriodoDespesaComPessoalAxis" xlink:title="definition: DespesaTotalComPessoalTable to ValorRealizadoNoPeriodoDespesaComPessoalAxis" order="1.0"/>
    <link:loc xlink:type="locator" xlink:href="../../../cor/dim/siconfi-dim_2020-12-31.xsd#siconfi-dim_ApuracaoValorMember" xlink:label="ApuracaoValorMember" xlink:title="ApuracaoValorMember"/>
    <link:definitionArc xlink:type="arc" xlink:arcrole="http://xbrl.org/int/dim/arcrole/dimension-domain" xlink:from="ValorRealizadoNoPeriodoDespesaComPessoalAxis" xlink:to="ApuracaoValorMember" xlink:title="definition: ValorRealizadoNoPeriodoDespesaComPessoalAxis to ApuracaoValorMember" order="1.0"/>
    <link:loc xlink:type="locator" xlink:href="../../../cor/dim/siconfi-dim_2020-12-31.xsd#siconfi-dim_ApuracaoPercentualSobreARCLMember" xlink:label="ApuracaoPercentualSobreARCLMember" xlink:title="ApuracaoPercentualSobreARCLMember"/>
    <link:definitionArc xlink:type="arc" xlink:arcrole="http://xbrl.org/int/dim/arcrole/dimension-domain" xlink:from="ValorRealizadoNoPeriodoDespesaComPessoalAxis" xlink:to="ApuracaoPercentualSobreARCLMember" xlink:title="definition: ValorRealizadoNoPeriodoDespesaComPessoalAxis to ApuracaoPercentualSobreARCLMember" order="2.0"/>
  </link:definitionLink>
  <link:definitionLink xlink:type="extended" xlink:role="http://fazenda.gov.br/siconfi/rep/rgf/anexo6/siconfi-rgf-anexo6-tabela6.1B">
    <link:loc xlink:type="locator" xlink:href="siconfi-rgf-anexo6consorciospublicos_2020-12-31.xsd#siconfi-rgf-anexo7uniao_ApuracaoSobreRestosAPagarAbstract" xlink:label="ApuracaoSobreRestosAPagarAbstract" xlink:title="ApuracaoSobreRestosAPagarAbstract"/>
    <link:loc xlink:type="locator" xlink:href="siconfi-rgf-anexo6consorciospublicos_2020-12-31.xsd#siconfi-rgf-anexo7uniao_ApuracaoSobreRestosAPagarLineItems" xlink:label="ApuracaoSobreRestosAPagarLineItems" xlink:title="ApuracaoSobreRestosAPagarLineItems"/>
    <link:definitionArc xlink:type="arc" xlink:arcrole="http://xbrl.org/int/dim/arcrole/domain-member" xlink:from="ApuracaoSobreRestosAPagarAbstract" xlink:to="ApuracaoSobreRestosAPagarLineItems" xlink:title="definition: ApuracaoSobreRestosAPagarAbstract to ApuracaoSobreRestosAPagarLineItems" order="1.0"/>
    <link:loc xlink:type="locator" xlink:href="../../../cor/ic/siconfi-cor_2020-12-31.xsd#siconfi-cor_ValorTotalRestosAPagarDemonstrativoSimplificado" xlink:label="ValorTotalRestosAPagarDemonstrativoSimplificado" xlink:title="ValorTotalRestosAPagarDemonstrativoSimplificado"/>
    <link:definitionArc xlink:type="arc" xlink:arcrole="http://xbrl.org/int/dim/arcrole/domain-member" xlink:from="ApuracaoSobreRestosAPagarLineItems" xlink:to="ValorTotalRestosAPagarDemonstrativoSimplificado" xlink:title="definition: ApuracaoSobreRestosAPagarLineItems to ValorTotalRestosAPagarDemonstrativoSimplificado" order="2.0"/>
    <link:loc xlink:type="locator" xlink:href="siconfi-rgf-anexo6consorciospublicos_2020-12-31.xsd#siconfi-rgf-anexo7uniao_ApuracaoSobreRestosAPagarTable" xlink:label="ApuracaoSobreRestosAPagarTable" xlink:title="ApuracaoSobreRestosAPagarTable"/>
    <link:definitionArc xlink:type="arc" xlink:arcrole="http://xbrl.org/int/dim/arcrole/all" xlink:from="ApuracaoSobreRestosAPagarAbstract" xlink:to="ApuracaoSobreRestosAPagarTable" xlink:title="definition: ApuracaoSobreRestosAPagarAbstract to ApuracaoSobreRestosAPagarTable" order="2.0" xbrldt:contextElement="segment" xbrldt:closed="true"/>
    <link:loc xlink:type="locator" xlink:href="../../../cor/dim/siconfi-dim_2020-12-31.xsd#siconfi-dim_ConfrontoDeRestosAPagarComDisponibilidadeDeCaixaAxis" xlink:label="ConfrontoDeRestosAPagarComDisponibilidadeDeCaixaAxis" xlink:title="ConfrontoDeRestosAPagarComDisponibilidadeDeCaixaAxis"/>
    <link:definitionArc xlink:type="arc" xlink:arcrole="http://xbrl.org/int/dim/arcrole/hypercube-dimension" xlink:from="ApuracaoSobreRestosAPagarTable" xlink:to="ConfrontoDeRestosAPagarComDisponibilidadeDeCaixaAxis" xlink:title="definition: ApuracaoSobreRestosAPagarTable to ConfrontoDeRestosAPagarComDisponibilidadeDeCaixaAxis" order="1.0"/>
    <link:loc xlink:type="locator" xlink:href="../../../cor/dim/siconfi-dim_2020-12-31.xsd#siconfi-dim_RestosAPagarEmpenhadosENaoLiquidadosDoExerciciosMember" xlink:label="RestosAPagarEmpenhadosENaoLiquidadosDoExerciciosMember" xlink:title="RestosAPagarEmpenhadosENaoLiquidadosDoExerciciosMember"/>
    <link:definitionArc xlink:type="arc" xlink:arcrole="http://xbrl.org/int/dim/arcrole/dimension-domain" xlink:from="ConfrontoDeRestosAPagarComDisponibilidadeDeCaixaAxis" xlink:to="RestosAPagarEmpenhadosENaoLiquidadosDoExerciciosMember" xlink:title="definition: ConfrontoDeRestosAPagarComDisponibilidadeDeCaixaAxis to RestosAPagarEmpenhadosENaoLiquidadosDoExerciciosMember" order="1.0"/>
    <link:loc xlink:type="locator" xlink:href="../../../cor/dim/siconfi-dim_2020-12-31.xsd#siconfi-dim_DisponibilidadeDeCaixaLiquidaMember" xlink:label="DisponibilidadeDeCaixaLiquidaMember" xlink:title="DisponibilidadeDeCaixaLiquidaMember"/>
    <link:definitionArc xlink:type="arc" xlink:arcrole="http://xbrl.org/int/dim/arcrole/dimension-domain" xlink:from="ConfrontoDeRestosAPagarComDisponibilidadeDeCaixaAxis" xlink:to="DisponibilidadeDeCaixaLiquidaMember" xlink:title="definition: ConfrontoDeRestosAPagarComDisponibilidadeDeCaixaAxis to DisponibilidadeDeCaixaLiquidaMember" order="2.0"/>
  </link:definitionLink>
</link:linkbase>
