<?xml version="1.0" encoding="UTF-8"?>
<!-- Generated by Fujitsu Interstage XWand B0196 -->
<link:linkbase xmlns:xsi="http://www.w3.org/2001/XMLSchema-instance" xsi:schemaLocation="http://www.xbrl.org/2003/linkbase http://www.xbrl.org/2003/xbrl-linkbase-2003-12-31.xsd" xmlns:link="http://www.xbrl.org/2003/linkbase" xmlns:xbrli="http://www.xbrl.org/2003/instance" xmlns:xlink="http://www.w3.org/1999/xlink">
  <link:roleRef roleURI="http://fazenda.gov.br/siconfi/rep/indicadores/siconfi-indicadores-dca" xlink:type="simple" xlink:href="siconfi-indicadores-dca_2019-12-31.xsd#siconfi-indicadores-dca"/>
  <link:labelLink xlink:type="extended" xlink:role="http://fazenda.gov.br/siconfi/rep/indicadores/siconfi-indicadores-dca">
    <link:loc xlink:type="locator" xlink:href="siconfi-indicadores-dca_2019-12-31.xsd#siconfi-indicadores-dca_IndicadoresDaDCATable" xlink:label="IndicadoresDaDCATable" xlink:title="IndicadoresDaDCATable"/>
    <link:label xlink:type="resource" xlink:label="label_IndicadoresDaDCATable" xlink:role="http://www.xbrl.org/2003/role/label" xlink:title="label_IndicadoresDaDCATable" xml:lang="pt-br" id="label_IndicadoresDaDCATable_2">Indicadores da DCA [table]</link:label>
    <link:labelArc xlink:type="arc" xlink:arcrole="http://www.xbrl.org/2003/arcrole/concept-label" xlink:from="IndicadoresDaDCATable" xlink:to="label_IndicadoresDaDCATable" xlink:title="label: IndicadoresDaDCATable to label_IndicadoresDaDCATable"/>
    <link:loc xlink:type="locator" xlink:href="siconfi-indicadores-dca_2019-12-31.xsd#siconfi-indicadores-dca_IndicadoresDCAAbstract" xlink:label="IndicadoresDCAAbstract" xlink:title="IndicadoresDCAAbstract"/>
    <link:label xlink:type="resource" xlink:label="label_IndicadoresDCAAbstract" xlink:role="http://www.xbrl.org/2003/role/label" xlink:title="label_IndicadoresDCAAbstract" xml:lang="pt-br" id="label_IndicadoresDCAAbstract">Indicadores da Declaração das Contas Anuais - DCA</link:label>
    <link:labelArc xlink:type="arc" xlink:arcrole="http://www.xbrl.org/2003/arcrole/concept-label" xlink:from="IndicadoresDCAAbstract" xlink:to="label_IndicadoresDCAAbstract" xlink:title="label: IndicadoresDCAAbstract to label_IndicadoresDCAAbstract"/>
    <link:loc xlink:type="locator" xlink:href="siconfi-indicadores-dca_2019-12-31.xsd#siconfi-indicadores-dca_IndicadoresOrcamentariosLineItems" xlink:label="IndicadoresLineItems" xlink:title="IndicadoresLineItems"/>
    <link:label xlink:type="resource" xlink:label="label_IndicadoresLineItems" xlink:role="http://www.xbrl.org/2003/role/label" xlink:title="label_IndicadoresLineItems" xml:lang="pt-br" id="label_IndicadoresLineItems">Indicadores DCA Orçamentários [line items]</link:label>
    <link:labelArc xlink:type="arc" xlink:arcrole="http://www.xbrl.org/2003/arcrole/concept-label" xlink:from="IndicadoresLineItems" xlink:to="label_IndicadoresLineItems" xlink:title="label: IndicadoresLineItems to label_IndicadoresLineItems"/>
    <link:loc xlink:type="locator" xlink:href="siconfi-indicadores-dca_2019-12-31.xsd#siconfi-indicadores-dca_IndicadoresOrcamentarios" xlink:label="IndicadoresOrcamentarios" xlink:title="IndicadoresOrcamentarios"/>
    <link:label xlink:type="resource" xlink:label="label_IndicadoresOrcamentarios" xlink:role="http://www.xbrl.org/2003/role/label" xlink:title="label_IndicadoresOrcamentarios" xml:lang="pt-br" id="label_IndicadoresOrcamentarios">Indicadores DCA Orçamentários</link:label>
    <link:labelArc xlink:type="arc" xlink:arcrole="http://www.xbrl.org/2003/arcrole/concept-label" xlink:from="IndicadoresOrcamentarios" xlink:to="label_IndicadoresOrcamentarios" xlink:title="label: IndicadoresOrcamentarios to label_IndicadoresOrcamentarios"/>
    <link:loc xlink:type="locator" xlink:href="siconfi-indicadores-dca_2019-12-31.xsd#siconfi-indicadores-dca_IndicadoresPatrimoniais" xlink:label="IndicadoresPatrimoniais" xlink:title="IndicadoresPatrimoniais"/>
    <link:label xlink:type="resource" xlink:label="label_IndicadoresPatrimoniais" xlink:role="http://www.xbrl.org/2003/role/label" xlink:title="label_IndicadoresPatrimoniais" xml:lang="pt-br" id="label_IndicadoresPatrimoniais">Indicadores DCA Patrimoniais</link:label>
    <link:labelArc xlink:type="arc" xlink:arcrole="http://www.xbrl.org/2003/arcrole/concept-label" xlink:from="IndicadoresPatrimoniais" xlink:to="label_IndicadoresPatrimoniais" xlink:title="label: IndicadoresPatrimoniais to label_IndicadoresPatrimoniais"/>
    <link:loc xlink:type="locator" xlink:href="siconfi-indicadores-dca_2019-12-31.xsd#siconfi-indicadores-dca_IndicadoresPatrimoniaisLineItems" xlink:label="IndicadoresOrcamentariosLineItems" xlink:title="IndicadoresOrcamentariosLineItems"/>
    <link:label xlink:type="resource" xlink:label="label_IndicadoresOrcamentariosLineItems" xlink:role="http://www.xbrl.org/2003/role/label" xlink:title="label_IndicadoresOrcamentariosLineItems" xml:lang="pt-br" id="label_IndicadoresOrcamentariosLineItems">Indicadores DCA Patrimoniais [line items]</link:label>
    <link:labelArc xlink:type="arc" xlink:arcrole="http://www.xbrl.org/2003/arcrole/concept-label" xlink:from="IndicadoresOrcamentariosLineItems" xlink:to="label_IndicadoresOrcamentariosLineItems" xlink:title="label: IndicadoresOrcamentariosLineItems to label_IndicadoresOrcamentariosLineItems"/>
  </link:labelLink>
  <link:labelLink xlink:type="extended" xlink:role="http://www.xbrl.org/2003/role/link"/>
</link:linkbase>
