<?xml version="1.0" encoding="UTF-8"?>
<!-- Generated by Fujitsu Interstage XWand B0196 -->
<link:linkbase xmlns:xsi="http://www.w3.org/2001/XMLSchema-instance" xsi:schemaLocation="http://www.xbrl.org/2003/linkbase http://www.xbrl.org/2003/xbrl-linkbase-2003-12-31.xsd" xmlns:siconfi-rreo-anexo4rppsmilitares="http://fazenda.gov.br/siconfi/rep/rreo/anexo4rppsmilitares/siconfi-rreo-anexo4rppsmilitares_2019-12-31" xmlns:link="http://www.xbrl.org/2003/linkbase" xmlns:siconfi-rreo-anexo4rppsuniao="http://fazenda.gov.br/siconfi/rep/rreo/anexo4rppsuniao/siconfi-rreo-anexo4rppsuniao_2019-12-31" xmlns:xbrldt="http://xbrl.org/2005/xbrldt" xmlns:xlink="http://www.w3.org/1999/xlink" xmlns:xbrli="http://www.xbrl.org/2003/instance">
  <link:roleRef roleURI="http://fazenda.gov.br/siconfi/rep/rreo/anexo4rppsmilitares/siconfi-rreo-anexo4rppsmilitares-tabela4.2" xlink:type="simple" xlink:href="siconfi-rreo-anexo4rppsmilitares_2019-12-31.xsd#siconfi-rreo-anexo4rppsmilitares-tabela4.2"/>
  <link:roleRef roleURI="http://fazenda.gov.br/siconfi/rep/rreo/anexo4rppsmilitares/siconfi-rreo-anexo4rppsmilitares-tabela4.2N" xlink:type="simple" xlink:href="siconfi-rreo-anexo4rppsmilitares_2019-12-31.xsd#siconfi-rreo-anexo4rppsmilitares-tabela4.2Q"/>
  <link:roleRef roleURI="http://fazenda.gov.br/siconfi/rep/rreo/anexo4rppsmilitares/siconfi-rreo-anexo4rppsmilitares-tabela4.2O" xlink:type="simple" xlink:href="siconfi-rreo-anexo4rppsmilitares_2019-12-31.xsd#siconfi-rreo-anexo4rppsmilitares-tabela4.2O"/>
  <link:roleRef roleURI="http://fazenda.gov.br/siconfi/rep/rreo/anexo4rppsmilitares/siconfi-rreo-anexo4rppsmilitares-tabela4.2P" xlink:type="simple" xlink:href="siconfi-rreo-anexo4rppsmilitares_2019-12-31.xsd#siconfi-rreo-anexo4rppsmilitares-tabela4.2P"/>
  <link:roleRef roleURI="http://fazenda.gov.br/siconfi/rep/rreo/anexo4rppsmilitares/siconfi-rreo-anexo4rppsmilitares-tabela4.2R" xlink:type="simple" xlink:href="siconfi-rreo-anexo4rppsmilitares_2019-12-31.xsd#siconfi-rreo-anexo4rppsmilitares-tabela4.2R"/>
  <link:arcroleRef arcroleURI="http://xbrl.org/int/dim/arcrole/all" xlink:type="simple" xlink:href="http://www.xbrl.org/2005/xbrldt-2005.xsd#all"/>
  <link:arcroleRef arcroleURI="http://xbrl.org/int/dim/arcrole/dimension-domain" xlink:type="simple" xlink:href="http://www.xbrl.org/2005/xbrldt-2005.xsd#dimension-domain"/>
  <link:arcroleRef arcroleURI="http://xbrl.org/int/dim/arcrole/domain-member" xlink:type="simple" xlink:href="http://www.xbrl.org/2005/xbrldt-2005.xsd#domain-member"/>
  <link:arcroleRef arcroleURI="http://xbrl.org/int/dim/arcrole/hypercube-dimension" xlink:type="simple" xlink:href="http://www.xbrl.org/2005/xbrldt-2005.xsd#hypercube-dimension"/>
  <link:definitionLink xlink:type="extended" xlink:role="http://fazenda.gov.br/siconfi/rep/rreo/anexo4rppsmilitares/siconfi-rreo-anexo4rppsmilitares-tabela4.2N">
    <link:loc xlink:type="locator" xlink:href="siconfi-rreo-anexo4rppsmilitares_2019-12-31.xsd#siconfi-rreo-anexo4rppsmilitares_ReceitasVinculadasAosMilitaresInativosDasForcasArmadasAbstract" xlink:label="ReceitasVinculadasAosMilitaresInativosDasForcasArmadasAbstract" xlink:title="ReceitasVinculadasAosMilitaresInativosDasForcasArmadasAbstract"/>
    <link:loc xlink:type="locator" xlink:href="siconfi-rreo-anexo4rppsmilitares_2019-12-31.xsd#siconfi-rreo-anexo4rppsmilitares_ReceitasVinculadasAosMilitaresInativosDasForcasArmadasLineItems" xlink:label="ReceitasVinculadasAosMilitaresInativosDasForcasArmadasLineItems" xlink:title="ReceitasVinculadasAosMilitaresInativosDasForcasArmadasLineItems"/>
    <link:definitionArc xlink:type="arc" xlink:arcrole="http://xbrl.org/int/dim/arcrole/domain-member" xlink:from="ReceitasVinculadasAosMilitaresInativosDasForcasArmadasAbstract" xlink:to="ReceitasVinculadasAosMilitaresInativosDasForcasArmadasLineItems" xlink:title="definition: ReceitasVinculadasAosMilitaresInativosDasForcasArmadasAbstract to ReceitasVinculadasAosMilitaresInativosDasForcasArmadasLineItems" order="1.0"/>
    <link:loc xlink:type="locator" xlink:href="../../../cor/ic/siconfi-cor_2019-12-31.xsd#siconfi-cor_ReceitasVinculadasMilitaresInativos" xlink:label="ReceitasVinculadasMilitaresInativos" xlink:title="ReceitasVinculadasMilitaresInativos"/>
    <link:definitionArc xlink:type="arc" xlink:arcrole="http://xbrl.org/int/dim/arcrole/domain-member" xlink:from="ReceitasVinculadasAosMilitaresInativosDasForcasArmadasLineItems" xlink:to="ReceitasVinculadasMilitaresInativos" xlink:title="definition: ReceitasVinculadasAosMilitaresInativosDasForcasArmadasLineItems to ReceitasVinculadasMilitaresInativos" order="1.0"/>
    <link:loc xlink:type="locator" xlink:href="../../../cor/ic/siconfi-cor_2019-12-31.xsd#siconfi-cor_TotalReceitas" xlink:label="TotalReceitas" xlink:title="TotalReceitas"/>
    <link:definitionArc xlink:type="arc" xlink:arcrole="http://xbrl.org/int/dim/arcrole/domain-member" xlink:from="ReceitasVinculadasAosMilitaresInativosDasForcasArmadasLineItems" xlink:to="TotalReceitas" xlink:title="definition: ReceitasVinculadasAosMilitaresInativosDasForcasArmadasLineItems to TotalReceitas" order="2.0"/>
    <link:loc xlink:type="locator" xlink:href="siconfi-rreo-anexo4rppsmilitares_2019-12-31.xsd#siconfi-rreo-anexo4rppsuniao_ReceitasPrevidenciariasRPPSTable" xlink:label="ReceitasPrevidenciariasRPPSTable" xlink:title="ReceitasOrcamentariasTable"/>
    <link:definitionArc xlink:type="arc" xlink:arcrole="http://xbrl.org/int/dim/arcrole/all" xlink:from="ReceitasVinculadasAosMilitaresInativosDasForcasArmadasAbstract" xlink:to="ReceitasPrevidenciariasRPPSTable" xlink:title="definition: ReceitasVinculadasAosMilitaresInativosDasForcasArmadasAbstract to ReceitasPrevidenciariasRPPSTable" order="2.0" xbrldt:contextElement="segment" xbrldt:closed="false"/>
    <link:loc xlink:type="locator" xlink:href="../../../cor/dim/siconfi-dim_2019-12-31.xsd#siconfi-dim_ExecucaoDaReceitaPrevidenciariaAxis" xlink:label="ExecucaoDaReceitaPrevidenciariaAxis" xlink:title="ExecucaoDaReceitaPrevidenciariaAxis"/>
    <link:definitionArc xlink:type="arc" xlink:arcrole="http://xbrl.org/int/dim/arcrole/hypercube-dimension" xlink:from="ReceitasPrevidenciariasRPPSTable" xlink:to="ExecucaoDaReceitaPrevidenciariaAxis" xlink:title="definition: ReceitasPrevidenciariasRPPSTable to ExecucaoDaReceitaPrevidenciariaAxis" order="1.0"/>
    <link:loc xlink:type="locator" xlink:href="../../../cor/dim/siconfi-dim_2019-12-31.xsd#siconfi-dim_PrevisaoInicialMember" xlink:label="PrevisaoInicialMember" xlink:title="PrevisaoInicialMember"/>
    <link:definitionArc xlink:type="arc" xlink:arcrole="http://xbrl.org/int/dim/arcrole/dimension-domain" xlink:from="ExecucaoDaReceitaPrevidenciariaAxis" xlink:to="PrevisaoInicialMember" xlink:title="definition: ExecucaoDaReceitaPrevidenciariaAxis to PrevisaoInicialMember" order="1.0"/>
    <link:loc xlink:type="locator" xlink:href="../../../cor/dim/siconfi-dim_2019-12-31.xsd#siconfi-dim_PrevisaoAtualizadaMember" xlink:label="PrevisaoAtualizadaMember" xlink:title="PrevisaoAtualizadaMember"/>
    <link:definitionArc xlink:type="arc" xlink:arcrole="http://xbrl.org/int/dim/arcrole/dimension-domain" xlink:from="ExecucaoDaReceitaPrevidenciariaAxis" xlink:to="PrevisaoAtualizadaMember" xlink:title="definition: ExecucaoDaReceitaPrevidenciariaAxis to PrevisaoAtualizadaMember" order="2.0"/>
    <link:loc xlink:type="locator" xlink:href="../../../cor/dim/siconfi-dim_2019-12-31.xsd#siconfi-dim_ReceitasRealizadasMember" xlink:label="ReceitasRealizadasMember" xlink:title="ReceitasRealizadasMember"/>
    <link:definitionArc xlink:type="arc" xlink:arcrole="http://xbrl.org/int/dim/arcrole/dimension-domain" xlink:from="ExecucaoDaReceitaPrevidenciariaAxis" xlink:to="ReceitasRealizadasMember" xlink:title="definition: ExecucaoDaReceitaPrevidenciariaAxis to ReceitasRealizadasMember" order="3.0" xbrldt:usable="false"/>
    <link:loc xlink:type="locator" xlink:href="../../../cor/dim/siconfi-dim_2019-12-31.xsd#siconfi-dim_ReceitasRealizadasAteOBimestreMember" xlink:label="ReceitasRealizadasAteOBimestreMember" xlink:title="ReceitasRealizadasAteOBimestreMember"/>
    <link:definitionArc xlink:type="arc" xlink:arcrole="http://xbrl.org/int/dim/arcrole/domain-member" xlink:from="ReceitasRealizadasMember" xlink:to="ReceitasRealizadasAteOBimestreMember" xlink:title="definition: ReceitasRealizadasMember to ReceitasRealizadasAteOBimestreMember" order="1.0"/>
    <link:loc xlink:type="locator" xlink:href="../../../cor/dim/siconfi-dim_2019-12-31.xsd#siconfi-dim_ReceitasRealizadasAteOBimestreExercicioAnteriorMember" xlink:label="ReceitasRealizadasAteOBimestreExercicioAnteriorMember" xlink:title="ReceitasRealizadasAteOBimestreExercicioAnteriorMember"/>
    <link:definitionArc xlink:type="arc" xlink:arcrole="http://xbrl.org/int/dim/arcrole/domain-member" xlink:from="ReceitasRealizadasMember" xlink:to="ReceitasRealizadasAteOBimestreExercicioAnteriorMember" xlink:title="definition: ReceitasRealizadasMember to ReceitasRealizadasAteOBimestreExercicioAnteriorMember" order="2.0"/>
  </link:definitionLink>
  <link:definitionLink xlink:type="extended" xlink:role="http://fazenda.gov.br/siconfi/rep/rreo/anexo4rppsmilitares/siconfi-rreo-anexo4rppsmilitares-tabela4.2R">
    <link:loc xlink:type="locator" xlink:href="siconfi-rreo-anexo4rppsmilitares_2019-12-31.xsd#siconfi-rreo-anexo4rppsmilitares_DespesasAssociadasAosMilitaresInativosDasForcasArmadasAbstract" xlink:label="DespesasAssociadasAosMilitaresInativosDasForcasArmadasAbstract" xlink:title="DespesasAssociadasAosMilitaresInativosDasForcasArmadasAbstract"/>
    <link:loc xlink:type="locator" xlink:href="siconfi-rreo-anexo4rppsmilitares_2019-12-31.xsd#siconfi-rreo-anexo4rppsmilitares_DespesasAssociadasAosMilitaresInativosDasForcasArmadasLineItems" xlink:label="DespesasAssociadasAosMilitaresInativosDasForcasArmadasLineItems" xlink:title="DespesasAssociadasAosMilitaresInativosDasForcasArmadasLineItems"/>
    <link:definitionArc xlink:type="arc" xlink:arcrole="http://xbrl.org/int/dim/arcrole/domain-member" xlink:from="DespesasAssociadasAosMilitaresInativosDasForcasArmadasAbstract" xlink:to="DespesasAssociadasAosMilitaresInativosDasForcasArmadasLineItems" xlink:title="definition: DespesasAssociadasAosMilitaresInativosDasForcasArmadasAbstract to DespesasAssociadasAosMilitaresInativosDasForcasArmadasLineItems" order="1.0"/>
    <link:loc xlink:type="locator" xlink:href="../../../cor/ic/siconfi-cor_2019-12-31.xsd#siconfi-cor_DespesasComInativosMilitares" xlink:label="DespesasComInativosMilitares" xlink:title="DespesasComInativosMilitares"/>
    <link:definitionArc xlink:type="arc" xlink:arcrole="http://xbrl.org/int/dim/arcrole/domain-member" xlink:from="DespesasAssociadasAosMilitaresInativosDasForcasArmadasLineItems" xlink:to="DespesasComInativosMilitares" xlink:title="definition: DespesasAssociadasAosMilitaresInativosDasForcasArmadasLineItems to DespesasComInativosMilitares" order="1.0"/>
    <link:loc xlink:type="locator" xlink:href="../../../cor/ic/siconfi-cor_2019-12-31.xsd#siconfi-cor_ReformasEReservasMilitares" xlink:label="ReformasEReservasMilitares" xlink:title="ReformasEReservasMilitares"/>
    <link:definitionArc xlink:type="arc" xlink:arcrole="http://xbrl.org/int/dim/arcrole/domain-member" xlink:from="DespesasComInativosMilitares" xlink:to="ReformasEReservasMilitares" xlink:title="definition: DespesasComInativosMilitares to ReformasEReservasMilitares" order="1.0"/>
    <link:loc xlink:type="locator" xlink:href="../../../cor/ic/siconfi-cor_2019-12-31.xsd#siconfi-cor_OutrasDespesasDeInativosMilitares" xlink:label="OutrasDespesasDeInativosMilitares" xlink:title="OutrasDespesasDeInativosMilitares"/>
    <link:definitionArc xlink:type="arc" xlink:arcrole="http://xbrl.org/int/dim/arcrole/domain-member" xlink:from="DespesasComInativosMilitares" xlink:to="OutrasDespesasDeInativosMilitares" xlink:title="definition: DespesasComInativosMilitares to OutrasDespesasDeInativosMilitares" order="2.0"/>
    <link:loc xlink:type="locator" xlink:href="../../../cor/ic/siconfi-cor_2019-12-31.xsd#siconfi-cor_TotalDespesas" xlink:label="TotalDespesas" xlink:title="TotalDespesas"/>
    <link:definitionArc xlink:type="arc" xlink:arcrole="http://xbrl.org/int/dim/arcrole/domain-member" xlink:from="DespesasAssociadasAosMilitaresInativosDasForcasArmadasLineItems" xlink:to="TotalDespesas" xlink:title="definition: DespesasAssociadasAosMilitaresInativosDasForcasArmadasLineItems to TotalDespesas" order="2.0"/>
    <link:loc xlink:type="locator" xlink:href="../../../cor/ic/siconfi-cor_2019-12-31.xsd#siconfi-cor_ResultadoInativosMilitares" xlink:label="ResultadoInativosMilitares" xlink:title="ResultadoInativosMilitares"/>
    <link:definitionArc xlink:type="arc" xlink:arcrole="http://xbrl.org/int/dim/arcrole/domain-member" xlink:from="DespesasAssociadasAosMilitaresInativosDasForcasArmadasLineItems" xlink:to="ResultadoInativosMilitares" xlink:title="definition: DespesasAssociadasAosMilitaresInativosDasForcasArmadasLineItems to ResultadoInativosMilitares" order="3.0"/>
    <link:loc xlink:type="locator" xlink:href="siconfi-rreo-anexo4rppsmilitares_2019-12-31.xsd#siconfi-rreo-anexo4rppsuniao_DespesasPrevidenciariasRPPSTable" xlink:label="DespesasPrevidenciariasRPPSTable" xlink:title="DespesasOrcamentariasTable"/>
    <link:definitionArc xlink:type="arc" xlink:arcrole="http://xbrl.org/int/dim/arcrole/all" xlink:from="DespesasAssociadasAosMilitaresInativosDasForcasArmadasAbstract" xlink:to="DespesasPrevidenciariasRPPSTable" xlink:title="definition: DespesasAssociadasAosMilitaresInativosDasForcasArmadasAbstract to DespesasPrevidenciariasRPPSTable" order="2.0" xbrldt:contextElement="segment" xbrldt:closed="false"/>
    <link:loc xlink:type="locator" xlink:href="../../../cor/dim/siconfi-dim_2019-12-31.xsd#siconfi-dim_ExecucaoDaDespesaPrevidenciariaAxis" xlink:label="ExecucaoDaDespesaPrevidenciariaAxis" xlink:title="ExecucaoDaDespesaPrevidenciariaAxis"/>
    <link:definitionArc xlink:type="arc" xlink:arcrole="http://xbrl.org/int/dim/arcrole/hypercube-dimension" xlink:from="DespesasPrevidenciariasRPPSTable" xlink:to="ExecucaoDaDespesaPrevidenciariaAxis" xlink:title="definition: DespesasPrevidenciariasRPPSTable to ExecucaoDaDespesaPrevidenciariaAxis" order="1.0"/>
    <link:loc xlink:type="locator" xlink:href="../../../cor/dim/siconfi-dim_2019-12-31.xsd#siconfi-dim_DotacaoInicialMember" xlink:label="DotacaoInicialMember" xlink:title="DotacaoInicialMember"/>
    <link:definitionArc xlink:type="arc" xlink:arcrole="http://xbrl.org/int/dim/arcrole/dimension-domain" xlink:from="ExecucaoDaDespesaPrevidenciariaAxis" xlink:to="DotacaoInicialMember" xlink:title="definition: ExecucaoDaDespesaPrevidenciariaAxis to DotacaoInicialMember" order="1.0"/>
    <link:loc xlink:type="locator" xlink:href="../../../cor/dim/siconfi-dim_2019-12-31.xsd#siconfi-dim_DotacaoAtualizadaMember" xlink:label="DotacaoAtualizadaMember" xlink:title="DotacaoAtualizadaMember"/>
    <link:definitionArc xlink:type="arc" xlink:arcrole="http://xbrl.org/int/dim/arcrole/dimension-domain" xlink:from="ExecucaoDaDespesaPrevidenciariaAxis" xlink:to="DotacaoAtualizadaMember" xlink:title="definition: ExecucaoDaDespesaPrevidenciariaAxis to DotacaoAtualizadaMember" order="2.0"/>
    <link:loc xlink:type="locator" xlink:href="../../../cor/dim/siconfi-dim_2019-12-31.xsd#siconfi-dim_DespesasInscritasEmRestosAPagarNaoProcessadosMember" xlink:label="DespesasInscritasEmRestosAPagarNaoProcessadosMember" xlink:title="DespesasInscritasEmRestosAPagarNaoProcessadosMember"/>
    <link:definitionArc xlink:type="arc" xlink:arcrole="http://xbrl.org/int/dim/arcrole/dimension-domain" xlink:from="ExecucaoDaDespesaPrevidenciariaAxis" xlink:to="DespesasInscritasEmRestosAPagarNaoProcessadosMember" xlink:title="definition: ExecucaoDaDespesaPrevidenciariaAxis to DespesasInscritasEmRestosAPagarNaoProcessadosMember" order="7.0" xbrldt:usable="false"/>
    <link:loc xlink:type="locator" xlink:href="../../../cor/dim/siconfi-dim_2019-12-31.xsd#siconfi-dim_DespesasInscritasEmRestosPagarNaoProcessadosExercicioAtualMember" xlink:label="DespesasInscritasEmRestosPagarNaoProcessadosExercicioAtualMember" xlink:title="DespesasInscritasEmRestosPagarNaoProcessadosExercicioAtualMember"/>
    <link:definitionArc xlink:type="arc" xlink:arcrole="http://xbrl.org/int/dim/arcrole/domain-member" xlink:from="DespesasInscritasEmRestosAPagarNaoProcessadosMember" xlink:to="DespesasInscritasEmRestosPagarNaoProcessadosExercicioAtualMember" xlink:title="definition: DespesasInscritasEmRestosAPagarNaoProcessadosMember to DespesasInscritasEmRestosPagarNaoProcessadosExercicioAtualMember" order="1.0"/>
    <link:loc xlink:type="locator" xlink:href="../../../cor/dim/siconfi-dim_2019-12-31.xsd#siconfi-dim_DespesasInscritasEmRestosPagarNaoProcessadosExercicioAnteriorMember" xlink:label="DespesasInscritasEmRestosPagarNaoProcessadosExercicioAnteriorMember" xlink:title="DespesasInscritasEmRestosPagarNaoProcessadosExercicioAnteriorMember"/>
    <link:definitionArc xlink:type="arc" xlink:arcrole="http://xbrl.org/int/dim/arcrole/domain-member" xlink:from="DespesasInscritasEmRestosAPagarNaoProcessadosMember" xlink:to="DespesasInscritasEmRestosPagarNaoProcessadosExercicioAnteriorMember" xlink:title="definition: DespesasInscritasEmRestosAPagarNaoProcessadosMember to DespesasInscritasEmRestosPagarNaoProcessadosExercicioAnteriorMember" order="2.0"/>
    <link:loc xlink:type="locator" xlink:href="../../../cor/dim/siconfi-dim_2019-12-31.xsd#siconfi-dim_DespesasEmpenhadasAteOBimestreMember" xlink:label="DespesasEmpenhadasAteOBimestreMember" xlink:title="DespesasEmpenhadasAteOBimestreMember"/>
    <link:definitionArc xlink:type="arc" xlink:arcrole="http://xbrl.org/int/dim/arcrole/dimension-domain" xlink:from="ExecucaoDaDespesaPrevidenciariaAxis" xlink:to="DespesasEmpenhadasAteOBimestreMember" xlink:title="definition: ExecucaoDaDespesaPrevidenciariaAxis to DespesasEmpenhadasAteOBimestreMember" order="3.0"/>
    <link:loc xlink:type="locator" xlink:href="../../../cor/dim/siconfi-dim_2019-12-31.xsd#siconfi-dim_DespesasEmpenhadasAteOBimestreExercicioAnteriorMember" xlink:label="DespesasEmpenhadasAteOBimestreExercicioAnteriorMember" xlink:title="DespesasEmpenhadasAteOBimestreExercicioAnteriorMember"/>
    <link:definitionArc xlink:type="arc" xlink:arcrole="http://xbrl.org/int/dim/arcrole/dimension-domain" xlink:from="ExecucaoDaDespesaPrevidenciariaAxis" xlink:to="DespesasEmpenhadasAteOBimestreExercicioAnteriorMember" xlink:title="definition: ExecucaoDaDespesaPrevidenciariaAxis to DespesasEmpenhadasAteOBimestreExercicioAnteriorMember" order="4.0"/>
    <link:loc xlink:type="locator" xlink:href="../../../cor/dim/siconfi-dim_2019-12-31.xsd#siconfi-dim_DespesasLiquidadasAteOBimestreMember" xlink:label="DespesasLiquidadasAteOBimestreMember" xlink:title="DespesasLiquidadasAteOBimestreMember"/>
    <link:definitionArc xlink:type="arc" xlink:arcrole="http://xbrl.org/int/dim/arcrole/dimension-domain" xlink:from="ExecucaoDaDespesaPrevidenciariaAxis" xlink:to="DespesasLiquidadasAteOBimestreMember" xlink:title="definition: ExecucaoDaDespesaPrevidenciariaAxis to DespesasLiquidadasAteOBimestreMember" order="5.0"/>
    <link:loc xlink:type="locator" xlink:href="../../../cor/dim/siconfi-dim_2019-12-31.xsd#siconfi-dim_DespesasLiquidadasAteOBimestreExercicioAnteriorMember" xlink:label="DespesasLiquidadasAteOBimestreExercicioAnteriorMember" xlink:title="DespesasLiquidadasAteOBimestreExercicioAnteriorMember"/>
    <link:definitionArc xlink:type="arc" xlink:arcrole="http://xbrl.org/int/dim/arcrole/dimension-domain" xlink:from="ExecucaoDaDespesaPrevidenciariaAxis" xlink:to="DespesasLiquidadasAteOBimestreExercicioAnteriorMember" xlink:title="definition: ExecucaoDaDespesaPrevidenciariaAxis to DespesasLiquidadasAteOBimestreExercicioAnteriorMember" order="6.0"/>
  </link:definitionLink>
  <link:definitionLink xlink:type="extended" xlink:role="http://fazenda.gov.br/siconfi/rep/rreo/anexo4rppsmilitares/siconfi-rreo-anexo4rppsmilitares-tabela4.2O">
    <link:loc xlink:type="locator" xlink:href="../../../cor/dim/siconfi-dim_2019-12-31.xsd#siconfi-dim_ReceitasRealizadasMember" xlink:label="ReceitasRealizadasMember" xlink:title="ReceitasRealizadasMember"/>
    <link:loc xlink:type="locator" xlink:href="../../../cor/dim/siconfi-dim_2019-12-31.xsd#siconfi-dim_ReceitasRealizadasAteOBimestreMember" xlink:label="ReceitasRealizadasAteOBimestreMember" xlink:title="ReceitasRealizadasAteOBimestreMember"/>
    <link:definitionArc xlink:type="arc" xlink:arcrole="http://xbrl.org/int/dim/arcrole/domain-member" xlink:from="ReceitasRealizadasMember" xlink:to="ReceitasRealizadasAteOBimestreMember" xlink:title="definition: ReceitasRealizadasMember to ReceitasRealizadasAteOBimestreMember" order="1.0"/>
    <link:loc xlink:type="locator" xlink:href="../../../cor/dim/siconfi-dim_2019-12-31.xsd#siconfi-dim_ReceitasRealizadasAteOBimestreExercicioAnteriorMember" xlink:label="ReceitasRealizadasAteOBimestreExercicioAnteriorMember" xlink:title="ReceitasRealizadasAteOBimestreExercicioAnteriorMember"/>
    <link:definitionArc xlink:type="arc" xlink:arcrole="http://xbrl.org/int/dim/arcrole/domain-member" xlink:from="ReceitasRealizadasMember" xlink:to="ReceitasRealizadasAteOBimestreExercicioAnteriorMember" xlink:title="definition: ReceitasRealizadasMember to ReceitasRealizadasAteOBimestreExercicioAnteriorMember" order="2.0"/>
    <link:loc xlink:type="locator" xlink:href="siconfi-rreo-anexo4rppsmilitares_2019-12-31.xsd#siconfi-rreo-anexo4rppsuniao_ReceitasPrevidenciariasRPPSTable" xlink:label="ReceitasPrevidenciariasRPPSTable" xlink:title="ReceitasOrcamentariasTable"/>
    <link:loc xlink:type="locator" xlink:href="../../../cor/dim/siconfi-dim_2019-12-31.xsd#siconfi-dim_ExecucaoDaReceitaMilitaresAxis" xlink:label="ExecucaoDaReceitaMilitaresAxis" xlink:title="ExecucaoDaReceitaMilitaresAxis"/>
    <link:definitionArc xlink:type="arc" xlink:arcrole="http://xbrl.org/int/dim/arcrole/hypercube-dimension" xlink:from="ReceitasPrevidenciariasRPPSTable" xlink:to="ExecucaoDaReceitaMilitaresAxis" xlink:title="definition: ReceitasPrevidenciariasRPPSTable to ExecucaoDaReceitaMilitaresAxis" order="1.0"/>
    <link:loc xlink:type="locator" xlink:href="../../../cor/dim/siconfi-dim_2019-12-31.xsd#siconfi-dim_PrevisaoInicialMember" xlink:label="PrevisaoInicialMember" xlink:title="PrevisaoInicialMember"/>
    <link:definitionArc xlink:type="arc" xlink:arcrole="http://xbrl.org/int/dim/arcrole/dimension-domain" xlink:from="ExecucaoDaReceitaMilitaresAxis" xlink:to="PrevisaoInicialMember" xlink:title="definition: ExecucaoDaReceitaMilitaresAxis to PrevisaoInicialMember" order="1.0"/>
    <link:loc xlink:type="locator" xlink:href="../../../cor/dim/siconfi-dim_2019-12-31.xsd#siconfi-dim_PrevisaoAtualizadaMember" xlink:label="PrevisaoAtualizadaMember" xlink:title="PrevisaoAtualizadaMember"/>
    <link:definitionArc xlink:type="arc" xlink:arcrole="http://xbrl.org/int/dim/arcrole/dimension-domain" xlink:from="ExecucaoDaReceitaMilitaresAxis" xlink:to="PrevisaoAtualizadaMember" xlink:title="definition: ExecucaoDaReceitaMilitaresAxis to PrevisaoAtualizadaMember" order="2.0"/>
    <link:definitionArc xlink:type="arc" xlink:arcrole="http://xbrl.org/int/dim/arcrole/dimension-domain" xlink:from="ExecucaoDaReceitaMilitaresAxis" xlink:to="ReceitasRealizadasMember" xlink:title="definition: ExecucaoDaReceitaMilitaresAxis to ReceitasRealizadasMember" order="3.0" xbrldt:usable="false"/>
    <link:loc xlink:type="locator" xlink:href="siconfi-rreo-anexo4rppsmilitares_2019-12-31.xsd#siconfi-rreo-anexo4rppsuniao_ReceitasPrevidenciariasRPPSMilitaresAbstract" xlink:label="ReceitasPrevidenciariasRPPSMilitaresAbstract" xlink:title="ReceitasPrevidenciariasRPPSMilitaresAbstract"/>
    <link:loc xlink:type="locator" xlink:href="siconfi-rreo-anexo4rppsmilitares_2019-12-31.xsd#siconfi-rreo-anexo4rppsuniao_ReceitasPrevidenciariasRPPSMilitaresLineItems" xlink:label="ReceitasPrevidenciariasRPPSMilitaresLineItems" xlink:title="ReceitasOrcamentariasLineItems"/>
    <link:definitionArc xlink:type="arc" xlink:arcrole="http://xbrl.org/int/dim/arcrole/domain-member" xlink:from="ReceitasPrevidenciariasRPPSMilitaresAbstract" xlink:to="ReceitasPrevidenciariasRPPSMilitaresLineItems" xlink:title="definition: ReceitasPrevidenciariasRPPSMilitaresAbstract to ReceitasPrevidenciariasRPPSMilitaresLineItems" order="1.0"/>
    <link:loc xlink:type="locator" xlink:href="../../../cor/ic/siconfi-cor_2019-12-31.xsd#siconfi-cor_TotalReceitasRPPSFinanceiro" xlink:label="TotalReceitasRPPSFinanceiro" xlink:title="TotalReceitasRPPSFinanceiro"/>
    <link:definitionArc xlink:type="arc" xlink:arcrole="http://xbrl.org/int/dim/arcrole/domain-member" xlink:from="ReceitasPrevidenciariasRPPSMilitaresLineItems" xlink:to="TotalReceitasRPPSFinanceiro" xlink:title="definition: ReceitasPrevidenciariasRPPSMilitaresLineItems to TotalReceitasRPPSFinanceiro" order="2.0"/>
    <link:loc xlink:type="locator" xlink:href="../../../cor/ic/siconfi-cor_2019-12-31.xsd#siconfi-cor_ReceitaIntraOrcamentariaDeContribuicoesPrevidenciariasBrutaPrevidenciario" xlink:label="ReceitaIntraOrcamentariaDeContribuicoesPrevidenciariasBrutaPrevidenciario" xlink:title="ReceitaIntraOrcamentariaDeContribuicoesPrevidenciariasBrutaPrevidenciario"/>
    <link:definitionArc xlink:type="arc" xlink:arcrole="http://xbrl.org/int/dim/arcrole/domain-member" xlink:from="ReceitasPrevidenciariasRPPSMilitaresLineItems" xlink:to="ReceitaIntraOrcamentariaDeContribuicoesPrevidenciariasBrutaPrevidenciario" xlink:title="definition: ReceitasPrevidenciariasRPPSMilitaresLineItems to ReceitaIntraOrcamentariaDeContribuicoesPrevidenciariasBrutaPrevidenciario" order="1.0"/>
    <link:loc xlink:type="locator" xlink:href="../../../cor/ic/siconfi-cor_2019-12-31.xsd#siconfi-cor_ReceitaDeContribuicoesPatronalFinanceiro" xlink:label="ReceitaDeContribuicoesPatronalFinanceiro" xlink:title="ReceitaDeContribuicoesPatronalFinanceiro"/>
    <link:definitionArc xlink:type="arc" xlink:arcrole="http://xbrl.org/int/dim/arcrole/domain-member" xlink:from="ReceitaIntraOrcamentariaDeContribuicoesPrevidenciariasBrutaPrevidenciario" xlink:to="ReceitaDeContribuicoesPatronalFinanceiro" xlink:title="definition: ReceitaIntraOrcamentariaDeContribuicoesPrevidenciariasBrutaPrevidenciario to ReceitaDeContribuicoesPatronalFinanceiro" order="2.0"/>
    <link:loc xlink:type="locator" xlink:href="../../../cor/ic/siconfi-cor_2019-12-31.xsd#siconfi-cor_ReceitaDeContribuicoesPatronalAtivoFinanceiro" xlink:label="ReceitaDeContribuicoesPatronalAtivoFinanceiro" xlink:title="ReceitaDeContribuicoesPatronalAtivoFinanceiro"/>
    <link:definitionArc xlink:type="arc" xlink:arcrole="http://xbrl.org/int/dim/arcrole/domain-member" xlink:from="ReceitaDeContribuicoesPatronalFinanceiro" xlink:to="ReceitaDeContribuicoesPatronalAtivoFinanceiro" xlink:title="definition: ReceitaDeContribuicoesPatronalFinanceiro to ReceitaDeContribuicoesPatronalAtivoFinanceiro" order="1.0"/>
    <link:loc xlink:type="locator" xlink:href="../../../cor/ic/siconfi-cor_2019-12-31.xsd#siconfi-cor_ReceitaDeContribuicoesDosSeguradosFinanceiro" xlink:label="ReceitaDeContribuicoesDosSeguradosFinanceiro" xlink:title="ReceitaDeContribuicoesDosSeguradosFinanceiro"/>
    <link:definitionArc xlink:type="arc" xlink:arcrole="http://xbrl.org/int/dim/arcrole/domain-member" xlink:from="ReceitaIntraOrcamentariaDeContribuicoesPrevidenciariasBrutaPrevidenciario" xlink:to="ReceitaDeContribuicoesDosSeguradosFinanceiro" xlink:title="definition: ReceitaIntraOrcamentariaDeContribuicoesPrevidenciariasBrutaPrevidenciario to ReceitaDeContribuicoesDosSeguradosFinanceiro" order="1.0"/>
    <link:loc xlink:type="locator" xlink:href="../../../cor/ic/siconfi-cor_2019-12-31.xsd#siconfi-cor_ReceitaDeContribuicoesDosSeguradosAtivoFinanceiro" xlink:label="ReceitaDeContribuicoesDosSeguradosAtivoFinanceiro" xlink:title="ReceitaDeContribuicoesDosSeguradosAtivoFinanceiro"/>
    <link:definitionArc xlink:type="arc" xlink:arcrole="http://xbrl.org/int/dim/arcrole/domain-member" xlink:from="ReceitaDeContribuicoesDosSeguradosFinanceiro" xlink:to="ReceitaDeContribuicoesDosSeguradosAtivoFinanceiro" xlink:title="definition: ReceitaDeContribuicoesDosSeguradosFinanceiro to ReceitaDeContribuicoesDosSeguradosAtivoFinanceiro" order="1.0"/>
    <link:loc xlink:type="locator" xlink:href="../../../cor/ic/siconfi-cor_2019-12-31.xsd#siconfi-cor_ReceitaDeContribuicoesDosSeguradosInativoFinanceiro" xlink:label="ReceitaDeContribuicoesDosSeguradosInativoFinanceiro" xlink:title="ReceitaDeContribuicoesDosSeguradosInativoFinanceiro"/>
    <link:definitionArc xlink:type="arc" xlink:arcrole="http://xbrl.org/int/dim/arcrole/domain-member" xlink:from="ReceitaDeContribuicoesDosSeguradosFinanceiro" xlink:to="ReceitaDeContribuicoesDosSeguradosInativoFinanceiro" xlink:title="definition: ReceitaDeContribuicoesDosSeguradosFinanceiro to ReceitaDeContribuicoesDosSeguradosInativoFinanceiro" order="3.0"/>
    <link:loc xlink:type="locator" xlink:href="../../../cor/ic/siconfi-cor_2019-12-31.xsd#siconfi-cor_ReceitaDeContribuicoesDosSeguradosPensionistaFinanceiro" xlink:label="ReceitaDeContribuicoesDosSeguradosPensionistaFinanceiro" xlink:title="ReceitaDeContribuicoesDosSeguradosPensionistaFinanceiro"/>
    <link:definitionArc xlink:type="arc" xlink:arcrole="http://xbrl.org/int/dim/arcrole/domain-member" xlink:from="ReceitaDeContribuicoesDosSeguradosFinanceiro" xlink:to="ReceitaDeContribuicoesDosSeguradosPensionistaFinanceiro" xlink:title="definition: ReceitaDeContribuicoesDosSeguradosFinanceiro to ReceitaDeContribuicoesDosSeguradosPensionistaFinanceiro" order="5.0"/>
    <link:loc xlink:type="locator" xlink:href="../../../cor/ic/siconfi-cor_2019-12-31.xsd#siconfi-cor_ReceitaDeContribuicoesPatronalOutrasReceitas" xlink:label="ReceitaDeContribuicoesPatronalOutrasReceitas" xlink:title="ReceitaDeContribuicoesPatronalOutrasReceitas"/>
    <link:definitionArc xlink:type="arc" xlink:arcrole="http://xbrl.org/int/dim/arcrole/domain-member" xlink:from="ReceitaIntraOrcamentariaDeContribuicoesPrevidenciariasBrutaPrevidenciario" xlink:to="ReceitaDeContribuicoesPatronalOutrasReceitas" xlink:title="definition: ReceitaIntraOrcamentariaDeContribuicoesPrevidenciariasBrutaPrevidenciario to ReceitaDeContribuicoesPatronalOutrasReceitas" order="3.0"/>
    <link:definitionArc xlink:type="arc" xlink:arcrole="http://xbrl.org/int/dim/arcrole/all" xlink:from="ReceitasPrevidenciariasRPPSMilitaresAbstract" xlink:to="ReceitasPrevidenciariasRPPSTable" xlink:title="definition: ReceitasPrevidenciariasRPPSMilitaresAbstract to ReceitasPrevidenciariasRPPSTable" order="2.0" xbrldt:contextElement="segment" xbrldt:closed="true"/>
  </link:definitionLink>
  <link:definitionLink xlink:type="extended" xlink:role="http://fazenda.gov.br/siconfi/rep/rreo/anexo4rppsmilitares/siconfi-rreo-anexo4rppsmilitares-tabela4.2P">
    <link:loc xlink:type="locator" xlink:href="../../../cor/dim/siconfi-dim_2019-12-31.xsd#siconfi-dim_DespesasInscritasEmRestosAPagarNaoProcessadosMember" xlink:label="DespesasInscritasEmRestosAPagarNaoProcessadosMember" xlink:title="DespesasInscritasEmRestosAPagarNaoProcessadosMember"/>
    <link:loc xlink:type="locator" xlink:href="../../../cor/dim/siconfi-dim_2019-12-31.xsd#siconfi-dim_DespesasInscritasEmRestosPagarNaoProcessadosExercicioAtualMember" xlink:label="DespesasInscritasEmRestosPagarNaoProcessadosExercicioAtualMember" xlink:title="DespesasInscritasEmRestosPagarNaoProcessadosExercicioAtualMember"/>
    <link:definitionArc xlink:type="arc" xlink:arcrole="http://xbrl.org/int/dim/arcrole/domain-member" xlink:from="DespesasInscritasEmRestosAPagarNaoProcessadosMember" xlink:to="DespesasInscritasEmRestosPagarNaoProcessadosExercicioAtualMember" xlink:title="definition: DespesasInscritasEmRestosAPagarNaoProcessadosMember to DespesasInscritasEmRestosPagarNaoProcessadosExercicioAtualMember" order="1.0"/>
    <link:loc xlink:type="locator" xlink:href="../../../cor/dim/siconfi-dim_2019-12-31.xsd#siconfi-dim_DespesasInscritasEmRestosPagarNaoProcessadosExercicioAnteriorMember" xlink:label="DespesasInscritasEmRestosPagarNaoProcessadosExercicioAnteriorMember" xlink:title="DespesasInscritasEmRestosPagarNaoProcessadosExercicioAnteriorMember"/>
    <link:definitionArc xlink:type="arc" xlink:arcrole="http://xbrl.org/int/dim/arcrole/domain-member" xlink:from="DespesasInscritasEmRestosAPagarNaoProcessadosMember" xlink:to="DespesasInscritasEmRestosPagarNaoProcessadosExercicioAnteriorMember" xlink:title="definition: DespesasInscritasEmRestosAPagarNaoProcessadosMember to DespesasInscritasEmRestosPagarNaoProcessadosExercicioAnteriorMember" order="2.0"/>
    <link:loc xlink:type="locator" xlink:href="siconfi-rreo-anexo4rppsmilitares_2019-12-31.xsd#siconfi-rreo-anexo4rppsuniao_DespesasPrevidenciariasRPPSTable" xlink:label="DespesasPrevidenciariasRPPSTable" xlink:title="DespesasOrcamentariasTable"/>
    <link:loc xlink:type="locator" xlink:href="../../../cor/dim/siconfi-dim_2019-12-31.xsd#siconfi-dim_ExecucaoDaDespesaMilitaresAxis" xlink:label="ExecucaoDaDespesaMilitaresAxis" xlink:title="ExecucaoDaDespesaMilitaresAxis"/>
    <link:definitionArc xlink:type="arc" xlink:arcrole="http://xbrl.org/int/dim/arcrole/hypercube-dimension" xlink:from="DespesasPrevidenciariasRPPSTable" xlink:to="ExecucaoDaDespesaMilitaresAxis" xlink:title="definition: DespesasPrevidenciariasRPPSTable to ExecucaoDaDespesaMilitaresAxis" order="1.0"/>
    <link:loc xlink:type="locator" xlink:href="../../../cor/dim/siconfi-dim_2019-12-31.xsd#siconfi-dim_DotacaoInicialMember" xlink:label="DotacaoInicialMember" xlink:title="DotacaoInicialMember"/>
    <link:definitionArc xlink:type="arc" xlink:arcrole="http://xbrl.org/int/dim/arcrole/dimension-domain" xlink:from="ExecucaoDaDespesaMilitaresAxis" xlink:to="DotacaoInicialMember" xlink:title="definition: ExecucaoDaDespesaMilitaresAxis to DotacaoInicialMember" order="1.0"/>
    <link:loc xlink:type="locator" xlink:href="../../../cor/dim/siconfi-dim_2019-12-31.xsd#siconfi-dim_DotacaoAtualizadaMember" xlink:label="DotacaoAtualizadaMember" xlink:title="DotacaoAtualizadaMember"/>
    <link:definitionArc xlink:type="arc" xlink:arcrole="http://xbrl.org/int/dim/arcrole/dimension-domain" xlink:from="ExecucaoDaDespesaMilitaresAxis" xlink:to="DotacaoAtualizadaMember" xlink:title="definition: ExecucaoDaDespesaMilitaresAxis to DotacaoAtualizadaMember" order="2.0"/>
    <link:loc xlink:type="locator" xlink:href="../../../cor/dim/siconfi-dim_2019-12-31.xsd#siconfi-dim_DespesasEmpenhadasAteOBimestreMember" xlink:label="DespesasEmpenhadasAteOBimestreMember" xlink:title="DespesasEmpenhadasAteOBimestreMember"/>
    <link:definitionArc xlink:type="arc" xlink:arcrole="http://xbrl.org/int/dim/arcrole/dimension-domain" xlink:from="ExecucaoDaDespesaMilitaresAxis" xlink:to="DespesasEmpenhadasAteOBimestreMember" xlink:title="definition: ExecucaoDaDespesaMilitaresAxis to DespesasEmpenhadasAteOBimestreMember" order="3.0"/>
    <link:loc xlink:type="locator" xlink:href="../../../cor/dim/siconfi-dim_2019-12-31.xsd#siconfi-dim_DespesasEmpenhadasAteOBimestreExercicioAnteriorMember" xlink:label="DespesasEmpenhadasAteOBimestreExercicioAnteriorMember" xlink:title="DespesasEmpenhadasAteOBimestreExercicioAnteriorMember"/>
    <link:definitionArc xlink:type="arc" xlink:arcrole="http://xbrl.org/int/dim/arcrole/dimension-domain" xlink:from="ExecucaoDaDespesaMilitaresAxis" xlink:to="DespesasEmpenhadasAteOBimestreExercicioAnteriorMember" xlink:title="definition: ExecucaoDaDespesaMilitaresAxis to DespesasEmpenhadasAteOBimestreExercicioAnteriorMember" order="4.0"/>
    <link:loc xlink:type="locator" xlink:href="../../../cor/dim/siconfi-dim_2019-12-31.xsd#siconfi-dim_DespesasLiquidadasAteOBimestreMember" xlink:label="DespesasLiquidadasAteOBimestreMember" xlink:title="DespesasLiquidadasAteOBimestreMember"/>
    <link:definitionArc xlink:type="arc" xlink:arcrole="http://xbrl.org/int/dim/arcrole/dimension-domain" xlink:from="ExecucaoDaDespesaMilitaresAxis" xlink:to="DespesasLiquidadasAteOBimestreMember" xlink:title="definition: ExecucaoDaDespesaMilitaresAxis to DespesasLiquidadasAteOBimestreMember" order="5.0"/>
    <link:loc xlink:type="locator" xlink:href="../../../cor/dim/siconfi-dim_2019-12-31.xsd#siconfi-dim_DespesasLiquidadasAteOBimestreExercicioAnteriorMember" xlink:label="DespesasLiquidadasAteOBimestreExercicioAnteriorMember" xlink:title="DespesasLiquidadasAteOBimestreExercicioAnteriorMember"/>
    <link:definitionArc xlink:type="arc" xlink:arcrole="http://xbrl.org/int/dim/arcrole/dimension-domain" xlink:from="ExecucaoDaDespesaMilitaresAxis" xlink:to="DespesasLiquidadasAteOBimestreExercicioAnteriorMember" xlink:title="definition: ExecucaoDaDespesaMilitaresAxis to DespesasLiquidadasAteOBimestreExercicioAnteriorMember" order="6.0"/>
    <link:definitionArc xlink:type="arc" xlink:arcrole="http://xbrl.org/int/dim/arcrole/dimension-domain" xlink:from="ExecucaoDaDespesaMilitaresAxis" xlink:to="DespesasInscritasEmRestosAPagarNaoProcessadosMember" xlink:title="definition: ExecucaoDaDespesaMilitaresAxis to DespesasInscritasEmRestosAPagarNaoProcessadosMember" order="7.0" xbrldt:usable="false"/>
    <link:loc xlink:type="locator" xlink:href="siconfi-rreo-anexo4rppsmilitares_2019-12-31.xsd#siconfi-rreo-anexo4rppsuniao_DespesasPrevidenciariasRPPSMilitaresAbstract" xlink:label="DespesasPrevidenciariasRPPSMilitaresAbstract" xlink:title="DespesasPrevidenciariasRPPSMilitaresAbstract"/>
    <link:loc xlink:type="locator" xlink:href="siconfi-rreo-anexo4rppsmilitares_2019-12-31.xsd#siconfi-rreo-anexo4rppsuniao_DespesasPrevidenciariasRPPSMilitaresLineItems" xlink:label="DespesasPrevidenciariasRPPSMilitaresLineItems" xlink:title="DespesasOrcamentariasLineItems"/>
    <link:definitionArc xlink:type="arc" xlink:arcrole="http://xbrl.org/int/dim/arcrole/domain-member" xlink:from="DespesasPrevidenciariasRPPSMilitaresAbstract" xlink:to="DespesasPrevidenciariasRPPSMilitaresLineItems" xlink:title="definition: DespesasPrevidenciariasRPPSMilitaresAbstract to DespesasPrevidenciariasRPPSMilitaresLineItems" order="1.0"/>
    <link:loc xlink:type="locator" xlink:href="../../../cor/ic/siconfi-cor_2019-12-31.xsd#siconfi-cor_DespesasPrevidenciariasExcetoIntraOrcamentariasBeneficiosFinanceiro" xlink:label="DespesasPrevidenciariasExcetoIntraOrcamentariasBeneficiosFinanceiro" xlink:title="DespesasPrevidenciariasExcetoIntraOrcamentariasBeneficiosFinanceiro"/>
    <link:definitionArc xlink:type="arc" xlink:arcrole="http://xbrl.org/int/dim/arcrole/domain-member" xlink:from="DespesasPrevidenciariasRPPSMilitaresLineItems" xlink:to="DespesasPrevidenciariasExcetoIntraOrcamentariasBeneficiosFinanceiro" xlink:title="definition: DespesasPrevidenciariasRPPSMilitaresLineItems to DespesasPrevidenciariasExcetoIntraOrcamentariasBeneficiosFinanceiro" order="1.0"/>
    <link:loc xlink:type="locator" xlink:href="../../../cor/ic/siconfi-cor_2019-12-31.xsd#siconfi-cor_DespesasExcetoIntraOrcamentariasPessoalCivilPensoesRPPSFinanceiro" xlink:label="DespesasExcetoIntraOrcamentariasPessoalCivilPensoesRPPSFinanceiro" xlink:title="DespesasExcetoIntraOrcamentariasPessoalCivilPensoesRPPSFinanceiro"/>
    <link:definitionArc xlink:type="arc" xlink:arcrole="http://xbrl.org/int/dim/arcrole/domain-member" xlink:from="DespesasPrevidenciariasExcetoIntraOrcamentariasBeneficiosFinanceiro" xlink:to="DespesasExcetoIntraOrcamentariasPessoalCivilPensoesRPPSFinanceiro" xlink:title="definition: DespesasPrevidenciariasExcetoIntraOrcamentariasBeneficiosFinanceiro to DespesasExcetoIntraOrcamentariasPessoalCivilPensoesRPPSFinanceiro" order="1.0"/>
    <link:loc xlink:type="locator" xlink:href="../../../cor/ic/siconfi-cor_2019-12-31.xsd#siconfi-cor_DespesasExcetoIntraOrcamentariasPessoalCivilOutrosBeneficiosPrevidenciariosRPPSFinanceiro" xlink:label="DespesasExcetoIntraOrcamentariasPessoalCivilOutrosBeneficiosPrevidenciariosRPPSFinanceiro" xlink:title="DespesasExcetoIntraOrcamentariasPessoalCivilOutrosBeneficiosPrevidenciariosRPPSFinanceiro"/>
    <link:definitionArc xlink:type="arc" xlink:arcrole="http://xbrl.org/int/dim/arcrole/domain-member" xlink:from="DespesasPrevidenciariasExcetoIntraOrcamentariasBeneficiosFinanceiro" xlink:to="DespesasExcetoIntraOrcamentariasPessoalCivilOutrosBeneficiosPrevidenciariosRPPSFinanceiro" xlink:title="definition: DespesasPrevidenciariasExcetoIntraOrcamentariasBeneficiosFinanceiro to DespesasExcetoIntraOrcamentariasPessoalCivilOutrosBeneficiosPrevidenciariosRPPSFinanceiro" order="2.0"/>
    <link:loc xlink:type="locator" xlink:href="../../../cor/ic/siconfi-cor_2019-12-31.xsd#siconfi-cor_TotalDasDespesasRPPSFinanceiro" xlink:label="TotalDasDespesasRPPSFinanceiro" xlink:title="TotalDasDespesasRPPSFinanceiro"/>
    <link:definitionArc xlink:type="arc" xlink:arcrole="http://xbrl.org/int/dim/arcrole/domain-member" xlink:from="DespesasPrevidenciariasRPPSMilitaresLineItems" xlink:to="TotalDasDespesasRPPSFinanceiro" xlink:title="definition: DespesasPrevidenciariasRPPSMilitaresLineItems to TotalDasDespesasRPPSFinanceiro" order="3.0"/>
    <link:loc xlink:type="locator" xlink:href="../../../cor/ic/siconfi-cor_2019-12-31.xsd#siconfi-cor_RREO4ResultadoRPPSFinanceiro" xlink:label="RREO4ResultadoRPPSFinanceiro" xlink:title="RREO4ResultadoRPPSFinanceiro"/>
    <link:definitionArc xlink:type="arc" xlink:arcrole="http://xbrl.org/int/dim/arcrole/domain-member" xlink:from="DespesasPrevidenciariasRPPSMilitaresLineItems" xlink:to="RREO4ResultadoRPPSFinanceiro" xlink:title="definition: DespesasPrevidenciariasRPPSMilitaresLineItems to RREO4ResultadoRPPSFinanceiro" order="4.0"/>
    <link:loc xlink:type="locator" xlink:href="../../../cor/ic/siconfi-cor_2019-12-31.xsd#siconfi-cor_DespesasExcetoIntraOrcamentariasOutrasDepesasRPPSFinanceiro" xlink:label="DespesasExcetoIntraOrcamentariasOutrasDepesasRPPSFinanceiro" xlink:title="DespesasExcetoIntraOrcamentariasOutrasDepesasRPPSFinanceiro"/>
    <link:definitionArc xlink:type="arc" xlink:arcrole="http://xbrl.org/int/dim/arcrole/domain-member" xlink:from="DespesasPrevidenciariasRPPSMilitaresLineItems" xlink:to="DespesasExcetoIntraOrcamentariasOutrasDepesasRPPSFinanceiro" xlink:title="definition: DespesasPrevidenciariasRPPSMilitaresLineItems to DespesasExcetoIntraOrcamentariasOutrasDepesasRPPSFinanceiro" order="2.0"/>
    <link:definitionArc xlink:type="arc" xlink:arcrole="http://xbrl.org/int/dim/arcrole/all" xlink:from="DespesasPrevidenciariasRPPSMilitaresAbstract" xlink:to="DespesasPrevidenciariasRPPSTable" xlink:title="definition: DespesasPrevidenciariasRPPSMilitaresAbstract to DespesasPrevidenciariasRPPSTable" order="2.0" xbrldt:contextElement="segment" xbrldt:closed="true"/>
  </link:definitionLink>
</link:linkbase>
