<?xml version="1.0" encoding="UTF-8"?>
<!-- Generated by Fujitsu Interstage XWand B0196 -->
<link:linkbase xmlns:xsi="http://www.w3.org/2001/XMLSchema-instance" xsi:schemaLocation="http://www.xbrl.org/2003/linkbase http://www.xbrl.org/2003/xbrl-linkbase-2003-12-31.xsd" xmlns:siconfi-rreo-anexo4rppsmilitares="http://fazenda.gov.br/siconfi/rep/rreo/anexo4rppsmilitares/siconfi-rreo-anexo4rppsmilitares_2019-12-31" xmlns:link="http://www.xbrl.org/2003/linkbase" xmlns:siconfi-rreo-anexo4rppsuniao="http://fazenda.gov.br/siconfi/rep/rreo/anexo4rppsuniao/siconfi-rreo-anexo4rppsuniao_2019-12-31" xmlns:xbrldt="http://xbrl.org/2005/xbrldt" xmlns:xbrli="http://www.xbrl.org/2003/instance" xmlns:xlink="http://www.w3.org/1999/xlink">
  <link:roleRef roleURI="http://fazenda.gov.br/siconfi/rep/rreo/anexo4rppsmilitares/siconfi-rreo-anexo4rppsmilitares-tabela4.2" xlink:type="simple" xlink:href="siconfi-rreo-anexo4rppsmilitares_2019-12-31.xsd#siconfi-rreo-anexo4rppsmilitares-tabela4.2"/>
  <link:presentationLink xlink:type="extended" xlink:role="http://fazenda.gov.br/siconfi/rep/rreo/anexo4rppsmilitares/siconfi-rreo-anexo4rppsmilitares-tabela4.2">
    <link:loc xlink:type="locator" xlink:href="siconfi-rreo-anexo4rppsmilitares_2019-12-31.xsd#siconfi-rreo-anexo4rpps_Anexo4RPPSAbstract" xlink:label="Anexo4Abstract" xlink:title="Anexo4Abstract"/>
    <link:loc xlink:type="locator" xlink:href="siconfi-rreo-anexo4rppsmilitares_2019-12-31.xsd#siconfi-rreo-anexo4rpps_FonteAnexo4Tabela4.0Abstract" xlink:label="FonteAnexo4Tabela4.1Abstract" xlink:title="FonteAnexo4Tabela4.1Abstract"/>
    <link:presentationArc xlink:type="arc" xlink:arcrole="http://www.xbrl.org/2003/arcrole/parent-child" xlink:from="Anexo4Abstract" xlink:to="FonteAnexo4Tabela4.1Abstract" xlink:title="presentation: Anexo4Abstract to FonteAnexo4Tabela4.1Abstract" order="5.0"/>
    <link:loc xlink:type="locator" xlink:href="siconfi-rreo-anexo4rppsmilitares_2019-12-31.xsd#siconfi-rreo-anexo4rpps_FonteAnexo4Tabela4.0LineItems" xlink:label="FonteAnexo4Tabela4.1LineItems" xlink:title="FonteAnexo4Tabela4.1LineItems"/>
    <link:presentationArc xlink:type="arc" xlink:arcrole="http://www.xbrl.org/2003/arcrole/parent-child" xlink:from="FonteAnexo4Tabela4.1Abstract" xlink:to="FonteAnexo4Tabela4.1LineItems" xlink:title="presentation: FonteAnexo4Tabela4.1Abstract to FonteAnexo4Tabela4.1LineItems" order="1.0"/>
    <link:loc xlink:type="locator" xlink:href="../../../cor/ic/siconfi-cor_2019-12-31.xsd#siconfi-cor_RREO4FonteAnexo4Tabela4.0RREO" xlink:label="RREO4FonteAnexo4Tabela4.0RREO" xlink:title="RREO4FonteAnexo4Tabela4.0RREO"/>
    <link:presentationArc xlink:type="arc" xlink:arcrole="http://www.xbrl.org/2003/arcrole/parent-child" xlink:from="FonteAnexo4Tabela4.1LineItems" xlink:to="RREO4FonteAnexo4Tabela4.0RREO" xlink:title="presentation: FonteAnexo4Tabela4.0LineItems to RREO4FonteAnexo4Tabela4.0RREO" order="1.0"/>
    <link:loc xlink:type="locator" xlink:href="siconfi-rreo-anexo4rppsmilitares_2019-12-31.xsd#siconfi-rreo-anexo4rppsmilitares_ReceitasVinculadasAosMilitaresInativosDasForcasArmadasAbstract" xlink:label="ReceitasVinculadasAosMilitaresInativosDasForcasArmadasAbstract" xlink:title="ReceitasVinculadasAosMilitaresInativosDasForcasArmadasAbstract"/>
    <link:presentationArc xlink:type="arc" xlink:arcrole="http://www.xbrl.org/2003/arcrole/parent-child" xlink:from="Anexo4Abstract" xlink:to="ReceitasVinculadasAosMilitaresInativosDasForcasArmadasAbstract" xlink:title="presentation: Anexo4RPPSAbstract to ReceitasVinculadasAosMilitaresInativosDasForcasArmadasAbstract" order="3.0"/>
    <link:loc xlink:type="locator" xlink:href="siconfi-rreo-anexo4rppsmilitares_2019-12-31.xsd#siconfi-rreo-anexo4rppsmilitares_ReceitasVinculadasAosMilitaresInativosDasForcasArmadasLineItems" xlink:label="ReceitasVinculadasAosMilitaresInativosDasForcasArmadasLineItems" xlink:title="ReceitasVinculadasAosMilitaresInativosDasForcasArmadasLineItems"/>
    <link:presentationArc xlink:type="arc" xlink:arcrole="http://www.xbrl.org/2003/arcrole/parent-child" xlink:from="ReceitasVinculadasAosMilitaresInativosDasForcasArmadasAbstract" xlink:to="ReceitasVinculadasAosMilitaresInativosDasForcasArmadasLineItems" xlink:title="presentation: ReceitasVinculadasAosMilitaresInativosDasForcasArmadasAbstract to ReceitasVinculadasAosMilitaresInativosDasForcasArmadasLineItems" order="1.0"/>
    <link:loc xlink:type="locator" xlink:href="../../../cor/ic/siconfi-cor_2019-12-31.xsd#siconfi-cor_ReceitasVinculadasMilitaresInativos" xlink:label="ReceitasVinculadasMilitaresInativos" xlink:title="ReceitasVinculadasMilitaresInativos"/>
    <link:presentationArc xlink:type="arc" xlink:arcrole="http://www.xbrl.org/2003/arcrole/parent-child" xlink:from="ReceitasVinculadasAosMilitaresInativosDasForcasArmadasLineItems" xlink:to="ReceitasVinculadasMilitaresInativos" xlink:title="presentation: ReceitasVinculadasAosMilitaresInativosDasForcasArmadasLineItems to ReceitasVinculadasMilitaresInativos" order="1.0"/>
    <link:loc xlink:type="locator" xlink:href="../../../cor/ic/siconfi-cor_2019-12-31.xsd#siconfi-cor_TotalReceitas" xlink:label="TotalReceitas" xlink:title="TotalReceitas"/>
    <link:presentationArc xlink:type="arc" xlink:arcrole="http://www.xbrl.org/2003/arcrole/parent-child" xlink:from="ReceitasVinculadasAosMilitaresInativosDasForcasArmadasLineItems" xlink:to="TotalReceitas" xlink:title="presentation: ReceitasVinculadasAosMilitaresInativosDasForcasArmadasLineItems to TotalReceitas" order="2.0"/>
    <link:loc xlink:type="locator" xlink:href="siconfi-rreo-anexo4rppsmilitares_2019-12-31.xsd#siconfi-rreo-anexo4rppsuniao_ReceitasPrevidenciariasRPPSTable" xlink:label="ReceitasOrcamentariasTable" xlink:title="ReceitasOrcamentariasTable"/>
    <link:presentationArc xlink:type="arc" xlink:arcrole="http://www.xbrl.org/2003/arcrole/parent-child" xlink:from="ReceitasVinculadasAosMilitaresInativosDasForcasArmadasAbstract" xlink:to="ReceitasOrcamentariasTable" xlink:title="presentation: ReceitasVinculadasAosMilitaresInativosDasForcasArmadasAbstract to ReceitasPrevidenciariasRPPSTable" order="2.0" xbrldt:contextElement="segment" xbrldt:closed="false"/>
    <link:loc xlink:type="locator" xlink:href="../../../cor/dim/siconfi-dim_2019-12-31.xsd#siconfi-dim_ExecucaoDaReceitaMilitaresAxis" xlink:label="ExecucaoDaReceitaMilitaresAxis" xlink:title="ExecucaoDaReceitaMilitaresAxis"/>
    <link:presentationArc xlink:type="arc" xlink:arcrole="http://www.xbrl.org/2003/arcrole/parent-child" xlink:from="ReceitasOrcamentariasTable" xlink:to="ExecucaoDaReceitaMilitaresAxis" xlink:title="presentation: ReceitasPrevidenciariasRPPSTable to ExecucaoDaReceitaMilitaresAxis" order="1.0"/>
    <link:loc xlink:type="locator" xlink:href="../../../cor/dim/siconfi-dim_2019-12-31.xsd#siconfi-dim_PrevisaoInicialMember" xlink:label="PrevisaoInicialMember" xlink:title="PrevisaoInicialMember"/>
    <link:presentationArc xlink:type="arc" xlink:arcrole="http://www.xbrl.org/2003/arcrole/parent-child" xlink:from="ExecucaoDaReceitaMilitaresAxis" xlink:to="PrevisaoInicialMember" xlink:title="presentation: ExecucaoDaReceitaMilitaresAxis to PrevisaoInicialMember" order="1.0"/>
    <link:loc xlink:type="locator" xlink:href="../../../cor/dim/siconfi-dim_2019-12-31.xsd#siconfi-dim_PrevisaoAtualizadaMember" xlink:label="PrevisaoAtualizadaMember" xlink:title="PrevisaoAtualizadaMember"/>
    <link:presentationArc xlink:type="arc" xlink:arcrole="http://www.xbrl.org/2003/arcrole/parent-child" xlink:from="ExecucaoDaReceitaMilitaresAxis" xlink:to="PrevisaoAtualizadaMember" xlink:title="presentation: ExecucaoDaReceitaMilitaresAxis to PrevisaoAtualizadaMember" order="2.0"/>
    <link:loc xlink:type="locator" xlink:href="../../../cor/dim/siconfi-dim_2019-12-31.xsd#siconfi-dim_ReceitasRealizadasMember" xlink:label="ReceitasRealizadasMember" xlink:title="ReceitasRealizadasMember"/>
    <link:presentationArc xlink:type="arc" xlink:arcrole="http://www.xbrl.org/2003/arcrole/parent-child" xlink:from="ExecucaoDaReceitaMilitaresAxis" xlink:to="ReceitasRealizadasMember" xlink:title="presentation: ExecucaoDaReceitaMilitaresAxis to ReceitasRealizadasMember" order="3.0" xbrldt:usable="false"/>
    <link:loc xlink:type="locator" xlink:href="../../../cor/dim/siconfi-dim_2019-12-31.xsd#siconfi-dim_ReceitasRealizadasAteOBimestreMember" xlink:label="ReceitasRealizadasAteOBimestreMember" xlink:title="ReceitasRealizadasAteOBimestreMember"/>
    <link:presentationArc xlink:type="arc" xlink:arcrole="http://www.xbrl.org/2003/arcrole/parent-child" xlink:from="ReceitasRealizadasMember" xlink:to="ReceitasRealizadasAteOBimestreMember" xlink:title="presentation: ReceitasRealizadasMember to ReceitasRealizadasAteOBimestreMember" order="1.0"/>
    <link:loc xlink:type="locator" xlink:href="../../../cor/dim/siconfi-dim_2019-12-31.xsd#siconfi-dim_ReceitasRealizadasAteOBimestreExercicioAnteriorMember" xlink:label="ReceitasRealizadasAteOBimestreExercicioAnteriorMember" xlink:title="ReceitasRealizadasAteOBimestreExercicioAnteriorMember"/>
    <link:presentationArc xlink:type="arc" xlink:arcrole="http://www.xbrl.org/2003/arcrole/parent-child" xlink:from="ReceitasRealizadasMember" xlink:to="ReceitasRealizadasAteOBimestreExercicioAnteriorMember" xlink:title="presentation: ReceitasRealizadasMember to ReceitasRealizadasAteOBimestreExercicioAnteriorMember" order="2.0"/>
    <link:loc xlink:type="locator" xlink:href="siconfi-rreo-anexo4rppsmilitares_2019-12-31.xsd#siconfi-rreo-anexo4rppsmilitares_DespesasAssociadasAosMilitaresInativosDasForcasArmadasAbstract" xlink:label="DespesasAssociadasAosMilitaresInativosDasForcasArmadasAbstract" xlink:title="DespesasAssociadasAosMilitaresInativosDasForcasArmadasAbstract"/>
    <link:presentationArc xlink:type="arc" xlink:arcrole="http://www.xbrl.org/2003/arcrole/parent-child" xlink:from="Anexo4Abstract" xlink:to="DespesasAssociadasAosMilitaresInativosDasForcasArmadasAbstract" xlink:title="presentation: Anexo4RPPSAbstract to DespesasAssociadasAosMilitaresInativosDasForcasArmadasAbstract" order="4.0"/>
    <link:loc xlink:type="locator" xlink:href="siconfi-rreo-anexo4rppsmilitares_2019-12-31.xsd#siconfi-rreo-anexo4rppsmilitares_DespesasAssociadasAosMilitaresInativosDasForcasArmadasLineItems" xlink:label="DespesasAssociadasAosMilitaresInativosDasForcasArmadasLineItems" xlink:title="DespesasAssociadasAosMilitaresInativosDasForcasArmadasLineItems"/>
    <link:presentationArc xlink:type="arc" xlink:arcrole="http://www.xbrl.org/2003/arcrole/parent-child" xlink:from="DespesasAssociadasAosMilitaresInativosDasForcasArmadasAbstract" xlink:to="DespesasAssociadasAosMilitaresInativosDasForcasArmadasLineItems" xlink:title="presentation: DespesasAssociadasAosMilitaresInativosDasForcasArmadasAbstract to DespesasAssociadasAosMilitaresInativosDasForcasArmadasLineItems" order="1.0"/>
    <link:loc xlink:type="locator" xlink:href="../../../cor/ic/siconfi-cor_2019-12-31.xsd#siconfi-cor_DespesasComInativosMilitares" xlink:label="DespesasComInativosMilitares" xlink:title="DespesasComInativosMilitares"/>
    <link:presentationArc xlink:type="arc" xlink:arcrole="http://www.xbrl.org/2003/arcrole/parent-child" xlink:from="DespesasAssociadasAosMilitaresInativosDasForcasArmadasLineItems" xlink:to="DespesasComInativosMilitares" xlink:title="presentation: DespesasAssociadasAosMilitaresInativosDasForcasArmadasLineItems to DespesasComInativosMilitares" order="1.0"/>
    <link:loc xlink:type="locator" xlink:href="../../../cor/ic/siconfi-cor_2019-12-31.xsd#siconfi-cor_ReformasEReservasMilitares" xlink:label="ReformasEReservasMilitares" xlink:title="ReformasEReservasMilitares"/>
    <link:presentationArc xlink:type="arc" xlink:arcrole="http://www.xbrl.org/2003/arcrole/parent-child" xlink:from="DespesasComInativosMilitares" xlink:to="ReformasEReservasMilitares" xlink:title="presentation: DespesasComInativosMilitares to ReformasEReservasMilitares" order="1.0"/>
    <link:loc xlink:type="locator" xlink:href="../../../cor/ic/siconfi-cor_2019-12-31.xsd#siconfi-cor_OutrasDespesasDeInativosMilitares" xlink:label="OutrasDespesasDeInativosMilitares" xlink:title="OutrasDespesasDeInativosMilitares"/>
    <link:presentationArc xlink:type="arc" xlink:arcrole="http://www.xbrl.org/2003/arcrole/parent-child" xlink:from="DespesasComInativosMilitares" xlink:to="OutrasDespesasDeInativosMilitares" xlink:title="presentation: DespesasComInativosMilitares to OutrasDespesasDeInativosMilitares" order="2.0"/>
    <link:loc xlink:type="locator" xlink:href="../../../cor/ic/siconfi-cor_2019-12-31.xsd#siconfi-cor_TotalDespesas" xlink:label="TotalDespesas" xlink:title="TotalDespesas"/>
    <link:presentationArc xlink:type="arc" xlink:arcrole="http://www.xbrl.org/2003/arcrole/parent-child" xlink:from="DespesasAssociadasAosMilitaresInativosDasForcasArmadasLineItems" xlink:to="TotalDespesas" xlink:title="presentation: DespesasAssociadasAosMilitaresInativosDasForcasArmadasLineItems to TotalDespesas" order="2.0"/>
    <link:loc xlink:type="locator" xlink:href="../../../cor/ic/siconfi-cor_2019-12-31.xsd#siconfi-cor_ResultadoInativosMilitares" xlink:label="ResultadoInativosMilitares" xlink:title="ResultadoInativosMilitares"/>
    <link:presentationArc xlink:type="arc" xlink:arcrole="http://www.xbrl.org/2003/arcrole/parent-child" xlink:from="DespesasAssociadasAosMilitaresInativosDasForcasArmadasLineItems" xlink:to="ResultadoInativosMilitares" xlink:title="presentation: DespesasAssociadasAosMilitaresInativosDasForcasArmadasLineItems to ResultadoInativosMilitares" order="3.0"/>
    <link:loc xlink:type="locator" xlink:href="siconfi-rreo-anexo4rppsmilitares_2019-12-31.xsd#siconfi-rreo-anexo4rppsuniao_DespesasPrevidenciariasRPPSTable" xlink:label="DespesasOrcamentariasTable" xlink:title="DespesasOrcamentariasTable"/>
    <link:presentationArc xlink:type="arc" xlink:arcrole="http://www.xbrl.org/2003/arcrole/parent-child" xlink:from="DespesasAssociadasAosMilitaresInativosDasForcasArmadasAbstract" xlink:to="DespesasOrcamentariasTable" xlink:title="presentation: DespesasAssociadasAosMilitaresInativosDasForcasArmadasAbstract to DespesasPrevidenciariasRPPSTable" order="2.0" xbrldt:contextElement="segment" xbrldt:closed="false"/>
    <link:loc xlink:type="locator" xlink:href="../../../cor/dim/siconfi-dim_2019-12-31.xsd#siconfi-dim_ExecucaoDaDespesaMilitaresAxis" xlink:label="ExecucaoDaDespesaMilitaresAxis" xlink:title="ExecucaoDaDespesaMilitaresAxis"/>
    <link:presentationArc xlink:type="arc" xlink:arcrole="http://www.xbrl.org/2003/arcrole/parent-child" xlink:from="DespesasOrcamentariasTable" xlink:to="ExecucaoDaDespesaMilitaresAxis" xlink:title="presentation: DespesasPrevidenciariasRPPSTable to ExecucaoDaDespesaMilitaresAxis" order="1.0"/>
    <link:loc xlink:type="locator" xlink:href="../../../cor/dim/siconfi-dim_2019-12-31.xsd#siconfi-dim_DotacaoInicialMember" xlink:label="DotacaoInicialMember" xlink:title="DotacaoInicialMember"/>
    <link:presentationArc xlink:type="arc" xlink:arcrole="http://www.xbrl.org/2003/arcrole/parent-child" xlink:from="ExecucaoDaDespesaMilitaresAxis" xlink:to="DotacaoInicialMember" xlink:title="presentation: ExecucaoDaDespesaMilitaresAxis to DotacaoInicialMember" order="1.0"/>
    <link:loc xlink:type="locator" xlink:href="../../../cor/dim/siconfi-dim_2019-12-31.xsd#siconfi-dim_DotacaoAtualizadaMember" xlink:label="DotacaoAtualizadaMember" xlink:title="DotacaoAtualizadaMember"/>
    <link:presentationArc xlink:type="arc" xlink:arcrole="http://www.xbrl.org/2003/arcrole/parent-child" xlink:from="ExecucaoDaDespesaMilitaresAxis" xlink:to="DotacaoAtualizadaMember" xlink:title="presentation: ExecucaoDaDespesaMilitaresAxis to DotacaoAtualizadaMember" order="2.0"/>
    <link:loc xlink:type="locator" xlink:href="../../../cor/dim/siconfi-dim_2019-12-31.xsd#siconfi-dim_DespesasEmpenhadasAteOBimestreMember" xlink:label="DespesasEmpenhadasAteOBimestreMember" xlink:title="DespesasEmpenhadasAteOBimestreMember"/>
    <link:presentationArc xlink:type="arc" xlink:arcrole="http://www.xbrl.org/2003/arcrole/parent-child" xlink:from="ExecucaoDaDespesaMilitaresAxis" xlink:to="DespesasEmpenhadasAteOBimestreMember" xlink:title="presentation: ExecucaoDaDespesaMilitaresAxis to DespesasEmpenhadasAteOBimestreMember" order="3.0"/>
    <link:loc xlink:type="locator" xlink:href="../../../cor/dim/siconfi-dim_2019-12-31.xsd#siconfi-dim_DespesasEmpenhadasAteOBimestreExercicioAnteriorMember" xlink:label="DespesasEmpenhadasAteOBimestreExercicioAnteriorMember" xlink:title="DespesasEmpenhadasAteOBimestreExercicioAnteriorMember"/>
    <link:presentationArc xlink:type="arc" xlink:arcrole="http://www.xbrl.org/2003/arcrole/parent-child" xlink:from="ExecucaoDaDespesaMilitaresAxis" xlink:to="DespesasEmpenhadasAteOBimestreExercicioAnteriorMember" xlink:title="presentation: ExecucaoDaDespesaMilitaresAxis to DespesasEmpenhadasAteOBimestreExercicioAnteriorMember" order="4.0"/>
    <link:loc xlink:type="locator" xlink:href="../../../cor/dim/siconfi-dim_2019-12-31.xsd#siconfi-dim_DespesasLiquidadasAteOBimestreMember" xlink:label="DespesasLiquidadasAteOBimestreMember" xlink:title="DespesasLiquidadasAteOBimestreMember"/>
    <link:presentationArc xlink:type="arc" xlink:arcrole="http://www.xbrl.org/2003/arcrole/parent-child" xlink:from="ExecucaoDaDespesaMilitaresAxis" xlink:to="DespesasLiquidadasAteOBimestreMember" xlink:title="presentation: ExecucaoDaDespesaMilitaresAxis to DespesasLiquidadasAteOBimestreMember" order="5.0"/>
    <link:loc xlink:type="locator" xlink:href="../../../cor/dim/siconfi-dim_2019-12-31.xsd#siconfi-dim_DespesasLiquidadasAteOBimestreExercicioAnteriorMember" xlink:label="DespesasLiquidadasAteOBimestreExercicioAnteriorMember" xlink:title="DespesasLiquidadasAteOBimestreExercicioAnteriorMember"/>
    <link:presentationArc xlink:type="arc" xlink:arcrole="http://www.xbrl.org/2003/arcrole/parent-child" xlink:from="ExecucaoDaDespesaMilitaresAxis" xlink:to="DespesasLiquidadasAteOBimestreExercicioAnteriorMember" xlink:title="presentation: ExecucaoDaDespesaMilitaresAxis to DespesasLiquidadasAteOBimestreExercicioAnteriorMember" order="6.0"/>
    <link:loc xlink:type="locator" xlink:href="../../../cor/dim/siconfi-dim_2019-12-31.xsd#siconfi-dim_DespesasInscritasEmRestosAPagarNaoProcessadosMember" xlink:label="DespesasInscritasEmRestosAPagarNaoProcessadosMember" xlink:title="DespesasInscritasEmRestosAPagarNaoProcessadosMember"/>
    <link:presentationArc xlink:type="arc" xlink:arcrole="http://www.xbrl.org/2003/arcrole/parent-child" xlink:from="ExecucaoDaDespesaMilitaresAxis" xlink:to="DespesasInscritasEmRestosAPagarNaoProcessadosMember" xlink:title="presentation: ExecucaoDaDespesaMilitaresAxis to DespesasInscritasEmRestosAPagarNaoProcessadosMember" order="7.0" xbrldt:usable="false"/>
    <link:loc xlink:type="locator" xlink:href="../../../cor/dim/siconfi-dim_2019-12-31.xsd#siconfi-dim_DespesasInscritasEmRestosPagarNaoProcessadosExercicioAtualMember" xlink:label="DespesasInscritasEmRestosPagarNaoProcessadosExercicioAtualMember" xlink:title="DespesasInscritasEmRestosPagarNaoProcessadosExercicioAtualMember"/>
    <link:presentationArc xlink:type="arc" xlink:arcrole="http://www.xbrl.org/2003/arcrole/parent-child" xlink:from="DespesasInscritasEmRestosAPagarNaoProcessadosMember" xlink:to="DespesasInscritasEmRestosPagarNaoProcessadosExercicioAtualMember" xlink:title="presentation: DespesasInscritasEmRestosAPagarNaoProcessadosMember to DespesasInscritasEmRestosPagarNaoProcessadosExercicioAtualMember" order="1.0"/>
    <link:loc xlink:type="locator" xlink:href="../../../cor/dim/siconfi-dim_2019-12-31.xsd#siconfi-dim_DespesasInscritasEmRestosPagarNaoProcessadosExercicioAnteriorMember" xlink:label="DespesasInscritasEmRestosPagarNaoProcessadosExercicioAnteriorMember" xlink:title="DespesasInscritasEmRestosPagarNaoProcessadosExercicioAnteriorMember"/>
    <link:presentationArc xlink:type="arc" xlink:arcrole="http://www.xbrl.org/2003/arcrole/parent-child" xlink:from="DespesasInscritasEmRestosAPagarNaoProcessadosMember" xlink:to="DespesasInscritasEmRestosPagarNaoProcessadosExercicioAnteriorMember" xlink:title="presentation: DespesasInscritasEmRestosAPagarNaoProcessadosMember to DespesasInscritasEmRestosPagarNaoProcessadosExercicioAnteriorMember" order="2.0"/>
    <link:loc xlink:type="locator" xlink:href="siconfi-rreo-anexo4rppsmilitares_2019-12-31.xsd#siconfi-rreo-anexo4rppsuniao_ReceitasPrevidenciariasRPPSMilitaresAbstract" xlink:label="ReceitasPrevidenciariasRPPSMilitaresAbstract" xlink:title="ReceitasPrevidenciariasRPPSMilitaresAbstract"/>
    <link:presentationArc xlink:type="arc" xlink:arcrole="http://www.xbrl.org/2003/arcrole/parent-child" xlink:from="Anexo4Abstract" xlink:to="ReceitasPrevidenciariasRPPSMilitaresAbstract" xlink:title="presentation: Anexo4RPPSAbstract to ReceitasPrevidenciariasRPPSMilitaresAbstract" order="1.0"/>
    <link:loc xlink:type="locator" xlink:href="siconfi-rreo-anexo4rppsmilitares_2019-12-31.xsd#siconfi-rreo-anexo4rppsuniao_ReceitasPrevidenciariasRPPSMilitaresLineItems" xlink:label="ReceitasPrevidenciariasRPPSMilitaresLineItems" xlink:title="ReceitasOrcamentariasLineItems"/>
    <link:presentationArc xlink:type="arc" xlink:arcrole="http://www.xbrl.org/2003/arcrole/parent-child" xlink:from="ReceitasPrevidenciariasRPPSMilitaresAbstract" xlink:to="ReceitasPrevidenciariasRPPSMilitaresLineItems" xlink:title="presentation: ReceitasPrevidenciariasRPPSMilitaresAbstract to ReceitasPrevidenciariasRPPSMilitaresLineItems" order="1.0"/>
    <link:loc xlink:type="locator" xlink:href="../../../cor/ic/siconfi-cor_2019-12-31.xsd#siconfi-cor_ReceitaIntraOrcamentariaDeContribuicoesPrevidenciariasBrutaPrevidenciario" xlink:label="ReceitaIntraOrcamentariaDeContribuicoesPrevidenciariasBrutaPrevidenciario" xlink:title="ReceitaIntraOrcamentariaDeContribuicoesPrevidenciariasBrutaPrevidenciario"/>
    <link:presentationArc xlink:type="arc" xlink:arcrole="http://www.xbrl.org/2003/arcrole/parent-child" xlink:from="ReceitasPrevidenciariasRPPSMilitaresLineItems" xlink:to="ReceitaIntraOrcamentariaDeContribuicoesPrevidenciariasBrutaPrevidenciario" xlink:title="presentation: ReceitasPrevidenciariasRPPSMilitaresLineItems to ReceitaIntraOrcamentariaDeContribuicoesPrevidenciariasBrutaPrevidenciario" order="1.0"/>
    <link:loc xlink:type="locator" xlink:href="../../../cor/ic/siconfi-cor_2019-12-31.xsd#siconfi-cor_ReceitaDeContribuicoesDosSeguradosFinanceiro" xlink:label="ReceitaDeContribuicoesDosSeguradosFinanceiro" xlink:title="ReceitaDeContribuicoesDosSeguradosFinanceiro"/>
    <link:presentationArc xlink:type="arc" xlink:arcrole="http://www.xbrl.org/2003/arcrole/parent-child" xlink:from="ReceitaIntraOrcamentariaDeContribuicoesPrevidenciariasBrutaPrevidenciario" xlink:to="ReceitaDeContribuicoesDosSeguradosFinanceiro" xlink:title="presentation: ReceitaIntraOrcamentariaDeContribuicoesPrevidenciariasBrutaPrevidenciario to ReceitaDeContribuicoesDosSeguradosFinanceiro" order="1.0"/>
    <link:loc xlink:type="locator" xlink:href="../../../cor/ic/siconfi-cor_2019-12-31.xsd#siconfi-cor_ReceitaDeContribuicoesDosSeguradosAtivoFinanceiro" xlink:label="ReceitaDeContribuicoesDosSeguradosAtivoFinanceiro" xlink:title="ReceitaDeContribuicoesDosSeguradosAtivoFinanceiro"/>
    <link:presentationArc xlink:type="arc" xlink:arcrole="http://www.xbrl.org/2003/arcrole/parent-child" xlink:from="ReceitaDeContribuicoesDosSeguradosFinanceiro" xlink:to="ReceitaDeContribuicoesDosSeguradosAtivoFinanceiro" xlink:title="presentation: ReceitaDeContribuicoesDosSeguradosFinanceiro to ReceitaDeContribuicoesDosSeguradosAtivoFinanceiro" order="1.0"/>
    <link:loc xlink:type="locator" xlink:href="../../../cor/ic/siconfi-cor_2019-12-31.xsd#siconfi-cor_ReceitaDeContribuicoesDosSeguradosInativoFinanceiro" xlink:label="ReceitaDeContribuicoesDosSeguradosInativoFinanceiro" xlink:title="ReceitaDeContribuicoesDosSeguradosInativoFinanceiro"/>
    <link:presentationArc xlink:type="arc" xlink:arcrole="http://www.xbrl.org/2003/arcrole/parent-child" xlink:from="ReceitaDeContribuicoesDosSeguradosFinanceiro" xlink:to="ReceitaDeContribuicoesDosSeguradosInativoFinanceiro" xlink:title="presentation: ReceitaDeContribuicoesDosSeguradosFinanceiro to ReceitaDeContribuicoesDosSeguradosInativoFinanceiro" order="3.0"/>
    <link:loc xlink:type="locator" xlink:href="../../../cor/ic/siconfi-cor_2019-12-31.xsd#siconfi-cor_ReceitaDeContribuicoesDosSeguradosPensionistaFinanceiro" xlink:label="ReceitaDeContribuicoesDosSeguradosPensionistaFinanceiro" xlink:title="ReceitaDeContribuicoesDosSeguradosPensionistaFinanceiro"/>
    <link:presentationArc xlink:type="arc" xlink:arcrole="http://www.xbrl.org/2003/arcrole/parent-child" xlink:from="ReceitaDeContribuicoesDosSeguradosFinanceiro" xlink:to="ReceitaDeContribuicoesDosSeguradosPensionistaFinanceiro" xlink:title="presentation: ReceitaDeContribuicoesDosSeguradosFinanceiro to ReceitaDeContribuicoesDosSeguradosPensionistaFinanceiro" order="5.0"/>
    <link:loc xlink:type="locator" xlink:href="../../../cor/ic/siconfi-cor_2019-12-31.xsd#siconfi-cor_ReceitaDeContribuicoesPatronalFinanceiro" xlink:label="ReceitaDeContribuicoesPatronalFinanceiro" xlink:title="ReceitaDeContribuicoesPatronalFinanceiro"/>
    <link:presentationArc xlink:type="arc" xlink:arcrole="http://www.xbrl.org/2003/arcrole/parent-child" xlink:from="ReceitaIntraOrcamentariaDeContribuicoesPrevidenciariasBrutaPrevidenciario" xlink:to="ReceitaDeContribuicoesPatronalFinanceiro" xlink:title="presentation: ReceitaIntraOrcamentariaDeContribuicoesPrevidenciariasBrutaPrevidenciario to ReceitaDeContribuicoesPatronalFinanceiro" order="2.0"/>
    <link:loc xlink:type="locator" xlink:href="../../../cor/ic/siconfi-cor_2019-12-31.xsd#siconfi-cor_ReceitaDeContribuicoesPatronalAtivoFinanceiro" xlink:label="ReceitaDeContribuicoesPatronalAtivoFinanceiro" xlink:title="ReceitaDeContribuicoesPatronalAtivoFinanceiro"/>
    <link:presentationArc xlink:type="arc" xlink:arcrole="http://www.xbrl.org/2003/arcrole/parent-child" xlink:from="ReceitaDeContribuicoesPatronalFinanceiro" xlink:to="ReceitaDeContribuicoesPatronalAtivoFinanceiro" xlink:title="presentation: ReceitaDeContribuicoesPatronalFinanceiro to ReceitaDeContribuicoesPatronalAtivoFinanceiro" order="1.0"/>
    <link:loc xlink:type="locator" xlink:href="../../../cor/ic/siconfi-cor_2019-12-31.xsd#siconfi-cor_ReceitaDeContribuicoesPatronalOutrasReceitas" xlink:label="ReceitaDeContribuicoesPatronalOutrasReceitas" xlink:title="ReceitaDeContribuicoesPatronalOutrasReceitas"/>
    <link:presentationArc xlink:type="arc" xlink:arcrole="http://www.xbrl.org/2003/arcrole/parent-child" xlink:from="ReceitaIntraOrcamentariaDeContribuicoesPrevidenciariasBrutaPrevidenciario" xlink:to="ReceitaDeContribuicoesPatronalOutrasReceitas" xlink:title="presentation: ReceitaIntraOrcamentariaDeContribuicoesPrevidenciariasBrutaPrevidenciario to ReceitaDeContribuicoesPatronalOutrasReceitas" order="3.0"/>
    <link:loc xlink:type="locator" xlink:href="../../../cor/ic/siconfi-cor_2019-12-31.xsd#siconfi-cor_TotalReceitasRPPSFinanceiro" xlink:label="TotalReceitasRPPSFinanceiro" xlink:title="TotalReceitasRPPSFinanceiro"/>
    <link:presentationArc xlink:type="arc" xlink:arcrole="http://www.xbrl.org/2003/arcrole/parent-child" xlink:from="ReceitasPrevidenciariasRPPSMilitaresLineItems" xlink:to="TotalReceitasRPPSFinanceiro" xlink:title="presentation: ReceitasPrevidenciariasRPPSMilitaresLineItems to TotalReceitasRPPSFinanceiro" order="2.0"/>
    <link:presentationArc xlink:type="arc" xlink:arcrole="http://www.xbrl.org/2003/arcrole/parent-child" xlink:from="ReceitasPrevidenciariasRPPSMilitaresAbstract" xlink:to="ReceitasOrcamentariasTable" xlink:title="presentation: ReceitasPrevidenciariasRPPSMilitaresAbstract to ReceitasPrevidenciariasRPPSTable" order="2.0" xbrldt:contextElement="segment" xbrldt:closed="true"/>
    <link:loc xlink:type="locator" xlink:href="siconfi-rreo-anexo4rppsmilitares_2019-12-31.xsd#siconfi-rreo-anexo4rppsuniao_DespesasPrevidenciariasRPPSMilitaresAbstract" xlink:label="DespesasPrevidenciariasRPPSMilitaresAbstract" xlink:title="DespesasPrevidenciariasRPPSMilitaresAbstract"/>
    <link:presentationArc xlink:type="arc" xlink:arcrole="http://www.xbrl.org/2003/arcrole/parent-child" xlink:from="Anexo4Abstract" xlink:to="DespesasPrevidenciariasRPPSMilitaresAbstract" xlink:title="presentation: Anexo4RPPSAbstract to DespesasPrevidenciariasRPPSMilitaresAbstract" order="2.0"/>
    <link:loc xlink:type="locator" xlink:href="siconfi-rreo-anexo4rppsmilitares_2019-12-31.xsd#siconfi-rreo-anexo4rppsuniao_DespesasPrevidenciariasRPPSMilitaresLineItems" xlink:label="DespesasPrevidenciariasRPPSMilitaresLineItems" xlink:title="DespesasOrcamentariasLineItems"/>
    <link:presentationArc xlink:type="arc" xlink:arcrole="http://www.xbrl.org/2003/arcrole/parent-child" xlink:from="DespesasPrevidenciariasRPPSMilitaresAbstract" xlink:to="DespesasPrevidenciariasRPPSMilitaresLineItems" xlink:title="presentation: DespesasPrevidenciariasRPPSMilitaresAbstract to DespesasPrevidenciariasRPPSMilitaresLineItems" order="1.0"/>
    <link:loc xlink:type="locator" xlink:href="../../../cor/ic/siconfi-cor_2019-12-31.xsd#siconfi-cor_DespesasPrevidenciariasExcetoIntraOrcamentariasBeneficiosFinanceiro" xlink:label="DespesasPrevidenciariasExcetoIntraOrcamentariasBeneficiosFinanceiro" xlink:title="DespesasPrevidenciariasExcetoIntraOrcamentariasBeneficiosFinanceiro"/>
    <link:presentationArc xlink:type="arc" xlink:arcrole="http://www.xbrl.org/2003/arcrole/parent-child" xlink:from="DespesasPrevidenciariasRPPSMilitaresLineItems" xlink:to="DespesasPrevidenciariasExcetoIntraOrcamentariasBeneficiosFinanceiro" xlink:title="presentation: DespesasPrevidenciariasRPPSMilitaresLineItems to DespesasPrevidenciariasExcetoIntraOrcamentariasBeneficiosFinanceiro" order="1.0"/>
    <link:loc xlink:type="locator" xlink:href="../../../cor/ic/siconfi-cor_2019-12-31.xsd#siconfi-cor_DespesasExcetoIntraOrcamentariasPessoalCivilPensoesRPPSFinanceiro" xlink:label="DespesasExcetoIntraOrcamentariasPessoalCivilPensoesRPPSFinanceiro" xlink:title="DespesasExcetoIntraOrcamentariasPessoalCivilPensoesRPPSFinanceiro"/>
    <link:presentationArc xlink:type="arc" xlink:arcrole="http://www.xbrl.org/2003/arcrole/parent-child" xlink:from="DespesasPrevidenciariasExcetoIntraOrcamentariasBeneficiosFinanceiro" xlink:to="DespesasExcetoIntraOrcamentariasPessoalCivilPensoesRPPSFinanceiro" xlink:title="presentation: DespesasPrevidenciariasExcetoIntraOrcamentariasBeneficiosFinanceiro to DespesasExcetoIntraOrcamentariasPessoalCivilPensoesRPPSFinanceiro" order="1.0"/>
    <link:loc xlink:type="locator" xlink:href="../../../cor/ic/siconfi-cor_2019-12-31.xsd#siconfi-cor_DespesasExcetoIntraOrcamentariasPessoalCivilOutrosBeneficiosPrevidenciariosRPPSFinanceiro" xlink:label="DespesasExcetoIntraOrcamentariasPessoalCivilOutrosBeneficiosPrevidenciariosRPPSFinanceiro" xlink:title="DespesasExcetoIntraOrcamentariasPessoalCivilOutrosBeneficiosPrevidenciariosRPPSFinanceiro"/>
    <link:presentationArc xlink:type="arc" xlink:arcrole="http://www.xbrl.org/2003/arcrole/parent-child" xlink:from="DespesasPrevidenciariasExcetoIntraOrcamentariasBeneficiosFinanceiro" xlink:to="DespesasExcetoIntraOrcamentariasPessoalCivilOutrosBeneficiosPrevidenciariosRPPSFinanceiro" xlink:title="presentation: DespesasPrevidenciariasExcetoIntraOrcamentariasBeneficiosFinanceiro to DespesasExcetoIntraOrcamentariasPessoalCivilOutrosBeneficiosPrevidenciariosRPPSFinanceiro" order="2.0"/>
    <link:loc xlink:type="locator" xlink:href="../../../cor/ic/siconfi-cor_2019-12-31.xsd#siconfi-cor_DespesasExcetoIntraOrcamentariasOutrasDepesasRPPSFinanceiro" xlink:label="DespesasExcetoIntraOrcamentariasOutrasDepesasRPPSFinanceiro" xlink:title="DespesasExcetoIntraOrcamentariasOutrasDepesasRPPSFinanceiro"/>
    <link:presentationArc xlink:type="arc" xlink:arcrole="http://www.xbrl.org/2003/arcrole/parent-child" xlink:from="DespesasPrevidenciariasRPPSMilitaresLineItems" xlink:to="DespesasExcetoIntraOrcamentariasOutrasDepesasRPPSFinanceiro" xlink:title="presentation: DespesasPrevidenciariasRPPSMilitaresLineItems to DespesasExcetoIntraOrcamentariasOutrasDepesasRPPSFinanceiro" order="2.0"/>
    <link:loc xlink:type="locator" xlink:href="../../../cor/ic/siconfi-cor_2019-12-31.xsd#siconfi-cor_TotalDasDespesasRPPSFinanceiro" xlink:label="TotalDasDespesasRPPSFinanceiro" xlink:title="TotalDasDespesasRPPSFinanceiro"/>
    <link:presentationArc xlink:type="arc" xlink:arcrole="http://www.xbrl.org/2003/arcrole/parent-child" xlink:from="DespesasPrevidenciariasRPPSMilitaresLineItems" xlink:to="TotalDasDespesasRPPSFinanceiro" xlink:title="presentation: DespesasPrevidenciariasRPPSMilitaresLineItems to TotalDasDespesasRPPSFinanceiro" order="3.0"/>
    <link:loc xlink:type="locator" xlink:href="../../../cor/ic/siconfi-cor_2019-12-31.xsd#siconfi-cor_RREO4ResultadoRPPSFinanceiro" xlink:label="RREO4ResultadoRPPSFinanceiro" xlink:title="RREO4ResultadoRPPSFinanceiro"/>
    <link:presentationArc xlink:type="arc" xlink:arcrole="http://www.xbrl.org/2003/arcrole/parent-child" xlink:from="DespesasPrevidenciariasRPPSMilitaresLineItems" xlink:to="RREO4ResultadoRPPSFinanceiro" xlink:title="presentation: DespesasPrevidenciariasRPPSMilitaresLineItems to RREO4ResultadoRPPSFinanceiro" order="4.0"/>
    <link:presentationArc xlink:type="arc" xlink:arcrole="http://www.xbrl.org/2003/arcrole/parent-child" xlink:from="DespesasPrevidenciariasRPPSMilitaresAbstract" xlink:to="DespesasOrcamentariasTable" xlink:title="presentation: DespesasPrevidenciariasRPPSMilitaresAbstract to DespesasPrevidenciariasRPPSTable" order="2.0" xbrldt:contextElement="segment" xbrldt:closed="true"/>
  </link:presentationLink>
</link:linkbase>
