<?xml version="1.0" encoding="UTF-8"?>
<!-- Generated by Fujitsu Interstage XWand B0196 -->
<link:linkbase xmlns:xsi="http://www.w3.org/2001/XMLSchema-instance" xsi:schemaLocation="http://www.xbrl.org/2003/linkbase http://www.xbrl.org/2003/xbrl-linkbase-2003-12-31.xsd" xmlns:siconfi-rgf-anexo5="http://fazenda.gov.br/siconfi/rep/rgf/anexo5/siconfi-rgf-anexo5_2020-12-31" xmlns:link="http://www.xbrl.org/2003/linkbase" xmlns:xbrli="http://www.xbrl.org/2003/instance" xmlns:xlink="http://www.w3.org/1999/xlink" xmlns:xbrldt="http://xbrl.org/2005/xbrldt">
  <link:roleRef roleURI="http://fazenda.gov.br/siconfi/rep/rgf/anexo5/siconfi-rgf-anexo5-tabela5.0" xlink:type="simple" xlink:href="siconfi-rgf-anexo5_2020-12-31.xsd#siconfi-rgf-anexo5-tabela5.0"/>
  <link:presentationLink xlink:type="extended" xlink:role="http://fazenda.gov.br/siconfi/rep/rgf/anexo5/siconfi-rgf-anexo5-tabela5.0">
    <link:loc xlink:type="locator" xlink:href="siconfi-rgf-anexo5_2020-12-31.xsd#siconfi-rgf-anexo5_DemonstrativoAnexo5Abstract" xlink:label="DemonstrativoAnexo5Abstract" xlink:title="DemonstrativoAnexo5Abstract"/>
    <link:loc xlink:type="locator" xlink:href="siconfi-rgf-anexo5_2020-12-31.xsd#siconfi-rgf-anexo5_FonteAnexo5Tabela5.0Abstract" xlink:label="FonteAnexo5Tabela5.0Abstract" xlink:title="FonteAnexo5Tabela5.0Abstract"/>
    <link:presentationArc xlink:type="arc" xlink:arcrole="http://www.xbrl.org/2003/arcrole/parent-child" xlink:from="DemonstrativoAnexo5Abstract" xlink:to="FonteAnexo5Tabela5.0Abstract" xlink:title="presentation: DemonstrativoAnexo5Abstract to FonteAnexo5Tabela5.0Abstract" order="2.0"/>
    <link:loc xlink:type="locator" xlink:href="siconfi-rgf-anexo5_2020-12-31.xsd#siconfi-rgf-anexo5_FonteAnexo5Tabela5.0LineItems" xlink:label="FonteAnexo5Tabela5.0LineItems" xlink:title="FonteAnexo5Tabela5.0LineItems"/>
    <link:presentationArc xlink:type="arc" xlink:arcrole="http://www.xbrl.org/2003/arcrole/parent-child" xlink:from="FonteAnexo5Tabela5.0Abstract" xlink:to="FonteAnexo5Tabela5.0LineItems" xlink:title="presentation: FonteAnexo5Tabela5.0Abstract to FonteAnexo5Tabela5.0LineItems" order="1.0"/>
    <link:loc xlink:type="locator" xlink:href="../../../cor/ic/siconfi-cor_2020-12-31.xsd#siconfi-cor_FonteAnexo5Tabela5.0RGF" xlink:label="FonteAnexo5Tabela5.0RGF" xlink:title="FonteAnexo5Tabela5.0RGF"/>
    <link:presentationArc xlink:type="arc" xlink:arcrole="http://www.xbrl.org/2003/arcrole/parent-child" xlink:from="FonteAnexo5Tabela5.0LineItems" xlink:to="FonteAnexo5Tabela5.0RGF" xlink:title="presentation: FonteAnexo5Tabela5.0LineItems to FonteAnexo5Tabela5.0RGF" order="1.0"/>
    <link:loc xlink:type="locator" xlink:href="siconfi-rgf-anexo5_2020-12-31.xsd#siconfi-rgf-anexo5_DisponibilidadeDeCaixaAbstract" xlink:label="DisponibilidadeDeCaixaAbstract" xlink:title="DisponibilidadeDeCaixaAbstract"/>
    <link:presentationArc xlink:type="arc" xlink:arcrole="http://www.xbrl.org/2003/arcrole/parent-child" xlink:from="DemonstrativoAnexo5Abstract" xlink:to="DisponibilidadeDeCaixaAbstract" xlink:title="presentation: DemonstrativoAnexo5Abstract to DisponibilidadeDeCaixaAbstract" order="1.0"/>
    <link:loc xlink:type="locator" xlink:href="siconfi-rgf-anexo5_2020-12-31.xsd#siconfi-rgf-anexo5_DisponibilidadeDeCaixaLineItems" xlink:label="DisponibilidadeDeCaixasLineItems" xlink:title="RecursosVinculadosLineItems"/>
    <link:presentationArc xlink:type="arc" xlink:arcrole="http://www.xbrl.org/2003/arcrole/parent-child" xlink:from="DisponibilidadeDeCaixaAbstract" xlink:to="DisponibilidadeDeCaixasLineItems" xlink:title="presentation: DisponibilidadeDeCaixaAbstract to DisponibilidadeDeCaixasLineItems" order="1.0"/>
    <link:loc xlink:type="locator" xlink:href="../../../cor/ic/siconfi-cor_2020-12-31.xsd#siconfi-cor_DisponibilidadeDeCaixaBruta" xlink:label="DisponibilidadeDeCaixaBruta" xlink:title="DisponibilidadeDeCaixaBruta"/>
    <link:presentationArc xlink:type="arc" xlink:arcrole="http://www.xbrl.org/2003/arcrole/parent-child" xlink:from="DisponibilidadeDeCaixasLineItems" xlink:to="DisponibilidadeDeCaixaBruta" xlink:title="presentation: DisponibilidadeDeCaixasLineItems to DisponibilidadeDeCaixaBruta" order="1.0"/>
    <link:loc xlink:type="locator" xlink:href="siconfi-rgf-anexo5_2020-12-31.xsd#siconfi-rgf-anexo5_ObrigacoesFinanceirasAbstract" xlink:label="ObrigacoesFinanceirasAbstract" xlink:title="ObrigacoesFinanceirasAbstract"/>
    <link:presentationArc xlink:type="arc" xlink:arcrole="http://www.xbrl.org/2003/arcrole/parent-child" xlink:from="DisponibilidadeDeCaixasLineItems" xlink:to="ObrigacoesFinanceirasAbstract" xlink:title="presentation: DisponibilidadeDeCaixasLineItems to ObrigacoesFinanceirasAbstract" order="2.0"/>
    <link:loc xlink:type="locator" xlink:href="siconfi-rgf-anexo5_2020-12-31.xsd#siconfi-rgf-anexo5_RestosAPagarLiquidadosENaoPagosAbstract" xlink:label="RestosAPagarLiquidadosENaoPagosAbstract" xlink:title="RestosAPagarLiquidadosENaoPagosAbstract"/>
    <link:presentationArc xlink:type="arc" xlink:arcrole="http://www.xbrl.org/2003/arcrole/parent-child" xlink:from="ObrigacoesFinanceirasAbstract" xlink:to="RestosAPagarLiquidadosENaoPagosAbstract" xlink:title="presentation: ObrigacoesFinanceirasAbstract to RestosAPagarLiquidadosENaoPagosAbstract" order="1.0"/>
    <link:loc xlink:type="locator" xlink:href="../../../cor/ic/siconfi-cor_2020-12-31.xsd#siconfi-cor_RestosAPagarLiquidadosENaoPagosDeExerciciosAnteriores" xlink:label="RestosAPagarLiquidadosENaoPagosDeExerciciosAnteriores" xlink:title="RestosAPagarLiquidadosENaoPagosDeExerciciosAnteriores"/>
    <link:presentationArc xlink:type="arc" xlink:arcrole="http://www.xbrl.org/2003/arcrole/parent-child" xlink:from="RestosAPagarLiquidadosENaoPagosAbstract" xlink:to="RestosAPagarLiquidadosENaoPagosDeExerciciosAnteriores" xlink:title="presentation: RestosAPagarLiquidadosENaoPagosAbstract to RestosAPagarLiquidadosENaoPagosDeExerciciosAnteriores" order="1.0"/>
    <link:loc xlink:type="locator" xlink:href="../../../cor/ic/siconfi-cor_2020-12-31.xsd#siconfi-cor_RestosAPagarLiquidadosENaoPagosDoExercicio" xlink:label="RestosAPagarLiquidadosENaoPagosDoExercicio" xlink:title="RestosAPagarLiquidadosENaoPagosDoExercicio"/>
    <link:presentationArc xlink:type="arc" xlink:arcrole="http://www.xbrl.org/2003/arcrole/parent-child" xlink:from="RestosAPagarLiquidadosENaoPagosAbstract" xlink:to="RestosAPagarLiquidadosENaoPagosDoExercicio" xlink:title="presentation: RestosAPagarLiquidadosENaoPagosAbstract to RestosAPagarLiquidadosENaoPagosDoExercicio" order="2.0"/>
    <link:loc xlink:type="locator" xlink:href="../../../cor/ic/siconfi-cor_2020-12-31.xsd#siconfi-cor_RestosAPagarEmpenhadosENaoLiquidadosDeExerciciosAnteriores" xlink:label="RestosAPagarEmpenhadosENaoLiquidadosDeExerciciosAnteriores" xlink:title="RestosAPagarEmpenhadosENaoLiquidadosDeExerciciosAnteriores"/>
    <link:presentationArc xlink:type="arc" xlink:arcrole="http://www.xbrl.org/2003/arcrole/parent-child" xlink:from="ObrigacoesFinanceirasAbstract" xlink:to="RestosAPagarEmpenhadosENaoLiquidadosDeExerciciosAnteriores" xlink:title="presentation: ObrigacoesFinanceirasAbstract to RestosAPagarEmpenhadosENaoLiquidadosDeExerciciosAnteriores" order="2.0"/>
    <link:loc xlink:type="locator" xlink:href="../../../cor/ic/siconfi-cor_2020-12-31.xsd#siconfi-cor_DemaisObrigacoesFinanceiras" xlink:label="DemaisObrigacoesFinanceiras" xlink:title="DemaisObrigacoesFinanceiras"/>
    <link:presentationArc xlink:type="arc" xlink:arcrole="http://www.xbrl.org/2003/arcrole/parent-child" xlink:from="ObrigacoesFinanceirasAbstract" xlink:to="DemaisObrigacoesFinanceiras" xlink:title="presentation: ObrigacoesFinanceirasAbstract to DemaisObrigacoesFinanceiras" order="3.0"/>
    <link:loc xlink:type="locator" xlink:href="../../../cor/ic/siconfi-cor_2020-12-31.xsd#siconfi-cor_InsuficienciaFinanceiraVerificadaNoConsorcioPublico" xlink:label="InsuficienciaFinanceiraVerificadaNoConsorcioPublico" xlink:title="InsuficienciaFinanceiraVerificadaNoConsorcioPublico"/>
    <link:presentationArc xlink:type="arc" xlink:arcrole="http://www.xbrl.org/2003/arcrole/parent-child" xlink:from="DisponibilidadeDeCaixasLineItems" xlink:to="InsuficienciaFinanceiraVerificadaNoConsorcioPublico" xlink:title="presentation: DisponibilidadeDeCaixasLineItems to InsuficienciaFinanceiraVerificadaNoConsorcioPublico" order="3.0"/>
    <link:loc xlink:type="locator" xlink:href="../../../cor/ic/siconfi-cor_2020-12-31.xsd#siconfi-cor_DisponibilidadeDeCaixaLiquida" xlink:label="DisponibilidadeDeCaixaLiquida" xlink:title="DisponibilidadeDeCaixaLiquida"/>
    <link:presentationArc xlink:type="arc" xlink:arcrole="http://www.xbrl.org/2003/arcrole/parent-child" xlink:from="DisponibilidadeDeCaixasLineItems" xlink:to="DisponibilidadeDeCaixaLiquida" xlink:title="presentation: DisponibilidadeDeCaixasLineItems to DisponibilidadeDeCaixaLiquida" order="4.0"/>
    <link:loc xlink:type="locator" xlink:href="../../../cor/ic/siconfi-cor_2020-12-31.xsd#siconfi-cor_RestosAPagarEmpenhadosENaoLiquidadosDoExercicio" xlink:label="RestosAPagarEmpenhadosENaoLiquidadosDoExercicio" xlink:title="RestosAPagarEmpenhadosENaoLiquidadosDoExercicio"/>
    <link:presentationArc xlink:type="arc" xlink:arcrole="http://www.xbrl.org/2003/arcrole/parent-child" xlink:from="DisponibilidadeDeCaixasLineItems" xlink:to="RestosAPagarEmpenhadosENaoLiquidadosDoExercicio" xlink:title="presentation: DisponibilidadeDeCaixasLineItems to RestosAPagarEmpenhadosENaoLiquidadosDoExercicio" order="5.0"/>
    <link:loc xlink:type="locator" xlink:href="../../../cor/ic/siconfi-cor_2020-12-31.xsd#siconfi-cor_EmpenhosNaoLiquidadosCanceladosNaoInscritosPorInsuficienciaFinanceira" xlink:label="EmpenhosNaoLiquidadosCanceladosNaoInscritosPorInsuficienciaFinanceira" xlink:title="EmpenhosNaoLiquidadosCanceladosNaoInscritosPorInsuficienciaFinanceira"/>
    <link:presentationArc xlink:type="arc" xlink:arcrole="http://www.xbrl.org/2003/arcrole/parent-child" xlink:from="DisponibilidadeDeCaixasLineItems" xlink:to="EmpenhosNaoLiquidadosCanceladosNaoInscritosPorInsuficienciaFinanceira" xlink:title="presentation: DisponibilidadeDeCaixasLineItems to EmpenhosNaoLiquidadosCanceladosNaoInscritosPorInsuficienciaFinanceira" order="6.0"/>
    <link:loc xlink:type="locator" xlink:href="../../../cor/ic/siconfi-cor_2020-12-31.xsd#siconfi-cor_DisponibilidadeDeCaixaLiquidaAposRP" xlink:label="DisponibilidadeDeCaixaLiquidaAposRP" xlink:title="DisponibilidadeDeCaixaLiquidaAposRP"/>
    <link:presentationArc xlink:type="arc" xlink:arcrole="http://www.xbrl.org/2003/arcrole/parent-child" xlink:from="DisponibilidadeDeCaixasLineItems" xlink:to="DisponibilidadeDeCaixaLiquidaAposRP" xlink:title="presentation: DisponibilidadeDeCaixaLineItems to DisponibilidadeDeCaixaLiquidaAposRP" order="7.0"/>
    <link:loc xlink:type="locator" xlink:href="siconfi-rgf-anexo5_2020-12-31.xsd#siconfi-rgf-anexo5_RecursosTable" xlink:label="RecursosTable" xlink:title="RecursosVinculadosTable"/>
    <link:presentationArc xlink:type="arc" xlink:arcrole="http://www.xbrl.org/2003/arcrole/parent-child" xlink:from="DisponibilidadeDeCaixaAbstract" xlink:to="RecursosTable" xlink:title="presentation: DisponibilidadeDeCaixaAbstract to RecursosTable" order="2.0" xbrldt:contextElement="segment" xbrldt:closed="true"/>
    <link:loc xlink:type="locator" xlink:href="../../../cor/dim/siconfi-dim_2020-12-31.xsd#siconfi-dim_IdentificacaoDosRecursosAxis" xlink:label="IdentificacaoDosRecursosAxis" xlink:title="IdentificacaoDosRecursosAxis"/>
    <link:presentationArc xlink:type="arc" xlink:arcrole="http://www.xbrl.org/2003/arcrole/parent-child" xlink:from="RecursosTable" xlink:to="IdentificacaoDosRecursosAxis" xlink:title="presentation: RecursosTable to IdentificacaoDosRecursosAxis" order="1.0"/>
    <link:loc xlink:type="locator" xlink:href="../../../cor/dim/siconfi-dim_2020-12-31.xsd#siconfi-dim_TotalDosRecursosVinculadosMember" xlink:label="TotalDosRecursosVinculadosMember" xlink:title="TotalDosRecursosVinculadosMember"/>
    <link:presentationArc xlink:type="arc" xlink:arcrole="http://www.xbrl.org/2003/arcrole/parent-child" xlink:from="IdentificacaoDosRecursosAxis" xlink:to="TotalDosRecursosVinculadosMember" xlink:title="presentation: IdentificacaoDosRecursosAxis to TotalDosRecursosVinculadosMember" order="2.0"/>
    <link:loc xlink:type="locator" xlink:href="../../../cor/dim/siconfi-dim_2020-12-31.xsd#siconfi-dim_ReceitasDeImpostosEDeTransferenciaDeImpostosEducacaoMember" xlink:label="ReceitasDeImpostosEDeTransferenciaDeImpostosEducacaoMember" xlink:title="ReceitasDeImpostosEDeTransferenciaDeImpostosEducacaoMember"/>
    <link:presentationArc xlink:type="arc" xlink:arcrole="http://www.xbrl.org/2003/arcrole/parent-child" xlink:from="TotalDosRecursosVinculadosMember" xlink:to="ReceitasDeImpostosEDeTransferenciaDeImpostosEducacaoMember" xlink:title="presentation: TotalDosRecursosVinculadosMember to ReceitasDeImpostosEDeTransferenciaDeImpostosEducacaoMember" order="1.0"/>
    <link:loc xlink:type="locator" xlink:href="../../../cor/dim/siconfi-dim_2020-12-31.xsd#siconfi-dim_OutrosRecursosDestinadosAEducacaoMember" xlink:label="OutrosRecursosDestinadosAEducacaoMember" xlink:title="OutrosRecursosDestinadosAEducacaoMember"/>
    <link:presentationArc xlink:type="arc" xlink:arcrole="http://www.xbrl.org/2003/arcrole/parent-child" xlink:from="TotalDosRecursosVinculadosMember" xlink:to="OutrosRecursosDestinadosAEducacaoMember" xlink:title="presentation: TotalDosRecursosVinculadosMember to OutrosRecursosDestinadosAEducacaoMember" order="3.0"/>
    <link:loc xlink:type="locator" xlink:href="../../../cor/dim/siconfi-dim_2020-12-31.xsd#siconfi-dim_ReceitasDeImpostosEDeTransferenciaDeImpostosSaudeMember" xlink:label="ReceitasDeImpostosEDeTransferenciaDeImpostosSaudeMember" xlink:title="ReceitasDeImpostosEDeTransferenciaDeImpostosSaudeMember"/>
    <link:presentationArc xlink:type="arc" xlink:arcrole="http://www.xbrl.org/2003/arcrole/parent-child" xlink:from="TotalDosRecursosVinculadosMember" xlink:to="ReceitasDeImpostosEDeTransferenciaDeImpostosSaudeMember" xlink:title="presentation: TotalDosRecursosVinculadosMember to ReceitasDeImpostosEDeTransferenciaDeImpostosSaudeMember" order="4.0"/>
    <link:loc xlink:type="locator" xlink:href="../../../cor/dim/siconfi-dim_2020-12-31.xsd#siconfi-dim_OutrosRecursosDestinadosASaudeMember" xlink:label="OutrosRecursosDestinadosASaudeMember" xlink:title="OutrosRecursosDestinadosASaudeMember"/>
    <link:presentationArc xlink:type="arc" xlink:arcrole="http://www.xbrl.org/2003/arcrole/parent-child" xlink:from="TotalDosRecursosVinculadosMember" xlink:to="OutrosRecursosDestinadosASaudeMember" xlink:title="presentation: TotalDosRecursosVinculadosMember to OutrosRecursosDestinadosASaudeMember" order="5.0"/>
    <link:loc xlink:type="locator" xlink:href="../../../cor/dim/siconfi-dim_2020-12-31.xsd#siconfi-dim_RecursosDestinadosAAssistenciaSocialMember" xlink:label="RecursosDestinadosAAssistenciaSocial" xlink:title="RecursosDestinadosAAssistenciaSocial"/>
    <link:presentationArc xlink:type="arc" xlink:arcrole="http://www.xbrl.org/2003/arcrole/parent-child" xlink:from="TotalDosRecursosVinculadosMember" xlink:to="RecursosDestinadosAAssistenciaSocial" xlink:title="presentation: TotalDosRecursosVinculadosMember to RecursosDestinadosAAssistenciaSocial" order="6.0"/>
    <link:loc xlink:type="locator" xlink:href="../../../cor/dim/siconfi-dim_2020-12-31.xsd#siconfi-dim_RecursosDestinadosAoRPPSPlanoPrevidenciarioMember" xlink:label="RecursosDestinadosAoRPPSPlanoPrevidenciarioMember" xlink:title="RecursosDestinadosAoRPPSPlanoPrevidenciarioMember"/>
    <link:presentationArc xlink:type="arc" xlink:arcrole="http://www.xbrl.org/2003/arcrole/parent-child" xlink:from="TotalDosRecursosVinculadosMember" xlink:to="RecursosDestinadosAoRPPSPlanoPrevidenciarioMember" xlink:title="presentation: TotalDosRecursosVinculadosMember to RecursosDestinadosAoRPPSPlanoPrevidenciarioMember" order="7.0"/>
    <link:loc xlink:type="locator" xlink:href="../../../cor/dim/siconfi-dim_2020-12-31.xsd#siconfi-dim_RecursosDestinadosAoRPPSPlanoFinanceiroMember" xlink:label="RecursosDestinadosAoRPPSPlanoFinanceiroMember" xlink:title="RecursosDestinadosAoRPPSPlanoFinanceiroMember"/>
    <link:presentationArc xlink:type="arc" xlink:arcrole="http://www.xbrl.org/2003/arcrole/parent-child" xlink:from="TotalDosRecursosVinculadosMember" xlink:to="RecursosDestinadosAoRPPSPlanoFinanceiroMember" xlink:title="presentation: TotalDosRecursosVinculadosMember to RecursosDestinadosAoRPPSPlanoFinanceiroMember" order="8.0"/>
    <link:loc xlink:type="locator" xlink:href="../../../cor/dim/siconfi-dim_2020-12-31.xsd#siconfi-dim_RecursosDeOperacoesDeCreditoExcetoDestinadosAEducacaoEASaudeMember" xlink:label="RecursosDeOperacoesDeCreditoExcetoDestinadosAEducacaoEASaudeMember" xlink:title="RecursosDeOperacoesDeCreditoExcetoDestinadosAEducacaoEASaudeMember"/>
    <link:presentationArc xlink:type="arc" xlink:arcrole="http://www.xbrl.org/2003/arcrole/parent-child" xlink:from="TotalDosRecursosVinculadosMember" xlink:to="RecursosDeOperacoesDeCreditoExcetoDestinadosAEducacaoEASaudeMember" xlink:title="presentation: TotalDosRecursosVinculadosMember to RecursosDeOperacoesDeCreditoExcetoDestinadosAEducacaoEASaudeMember" order="9.0"/>
    <link:loc xlink:type="locator" xlink:href="../../../cor/dim/siconfi-dim_2020-12-31.xsd#siconfi-dim_RecursosDeAlienacaoDeBensAtivosMember" xlink:label="RecursosDeAlienacaoDeBensAtivosMember" xlink:title="RecursosDeAlienacaoDeBensAtivosMember"/>
    <link:presentationArc xlink:type="arc" xlink:arcrole="http://www.xbrl.org/2003/arcrole/parent-child" xlink:from="TotalDosRecursosVinculadosMember" xlink:to="RecursosDeAlienacaoDeBensAtivosMember" xlink:title="presentation: TotalDosRecursosVinculadosMember to RecursosDeAlienacaoDeBensAtivosMember" order="10.0"/>
    <link:loc xlink:type="locator" xlink:href="../../../cor/dim/siconfi-dim_2020-12-31.xsd#siconfi-dim_OutrasDestinacoesVinculadasDeRecursosMember" xlink:label="OutrasDestinacoesVinculadasDeRecursosMember" xlink:title="OutrasDestinacoesVinculadasDeRecursosMember"/>
    <link:presentationArc xlink:type="arc" xlink:arcrole="http://www.xbrl.org/2003/arcrole/parent-child" xlink:from="TotalDosRecursosVinculadosMember" xlink:to="OutrasDestinacoesVinculadasDeRecursosMember" xlink:title="presentation: TotalDosRecursosVinculadosMember to OutrasDestinacoesVinculadasDeRecursosMember" order="11.0"/>
    <link:loc xlink:type="locator" xlink:href="../../../cor/dim/siconfi-dim_2020-12-31.xsd#siconfi-dim_TransferenciasDoFUNDEBMember" xlink:label="TransferenciasDoFUNDEBMember" xlink:title="TransferenciasDoFUNDEBMember"/>
    <link:presentationArc xlink:type="arc" xlink:arcrole="http://www.xbrl.org/2003/arcrole/parent-child" xlink:from="TotalDosRecursosVinculadosMember" xlink:to="TransferenciasDoFUNDEBMember" xlink:title="presentation: TotalDosRecursosVinculadosMember to TransferenciasDoFUNDEBMember" order="2.0"/>
    <link:loc xlink:type="locator" xlink:href="../../../cor/dim/siconfi-dim_2020-12-31.xsd#siconfi-dim_TotalDosRecursosNaoVinculadosMember" xlink:label="TotalDosRecursosNaoVinculadosMember" xlink:title="TotalDosRecursosNaoVinculadosMember"/>
    <link:presentationArc xlink:type="arc" xlink:arcrole="http://www.xbrl.org/2003/arcrole/parent-child" xlink:from="IdentificacaoDosRecursosAxis" xlink:to="TotalDosRecursosNaoVinculadosMember" xlink:title="presentation: IdentificacaoDosRecursosAxis to TotalDosRecursosNaoVinculadosMember" order="1.0"/>
    <link:loc xlink:type="locator" xlink:href="../../../cor/dim/siconfi-dim_2020-12-31.xsd#siconfi-dim_RecursosOrdinariosMember" xlink:label="RecursosOrdinariosMember" xlink:title="RecursosOrdinariosMember"/>
    <link:presentationArc xlink:type="arc" xlink:arcrole="http://www.xbrl.org/2003/arcrole/parent-child" xlink:from="TotalDosRecursosNaoVinculadosMember" xlink:to="RecursosOrdinariosMember" xlink:title="presentation: TotalDosRecursosNaoVinculadosMember to RecursosOrdinariosMember" order="1.0"/>
    <link:loc xlink:type="locator" xlink:href="../../../cor/dim/siconfi-dim_2020-12-31.xsd#siconfi-dim_OutrosRecursosNaoVinculadosMember" xlink:label="OutrosRecursosNaoVinculadosMember" xlink:title="OutrosRecursosNaoVinculadosMember"/>
    <link:presentationArc xlink:type="arc" xlink:arcrole="http://www.xbrl.org/2003/arcrole/parent-child" xlink:from="TotalDosRecursosNaoVinculadosMember" xlink:to="OutrosRecursosNaoVinculadosMember" xlink:title="presentation: TotalDosRecursosNaoVinculadosMember to OutrosRecursosNaoVinculadosMember" order="2.0"/>
    <link:loc xlink:type="locator" xlink:href="../../../cor/dim/siconfi-dim_2020-12-31.xsd#siconfi-dim_TotalDosRecursosMember" xlink:label="TotalDosRecursosMember" xlink:title="TotalDosRecursosMember"/>
    <link:presentationArc xlink:type="arc" xlink:arcrole="http://www.xbrl.org/2003/arcrole/parent-child" xlink:from="IdentificacaoDosRecursosAxis" xlink:to="TotalDosRecursosMember" xlink:title="presentation: IdentificacaoDosRecursosAxis to TotalDosRecursosMember" order="3.0"/>
  </link:presentationLink>
</link:linkbase>
