<?xml version="1.0" encoding="UTF-8"?>
<!-- Generated by Fujitsu Interstage XWand B0196 -->
<link:linkbase xmlns:xsi="http://www.w3.org/2001/XMLSchema-instance" xsi:schemaLocation="http://www.xbrl.org/2003/linkbase http://www.xbrl.org/2003/xbrl-linkbase-2003-12-31.xsd" xmlns:siconfi-rgf-anexo5uniao="http://fazenda.gov.br/siconfi/rep/rgf/anexo5uniao/siconfi-rgf-anexo5uniao_2019-12-31" xmlns:link="http://www.xbrl.org/2003/linkbase" xmlns:xlink="http://www.w3.org/1999/xlink" xmlns:xbrli="http://www.xbrl.org/2003/instance">
  <link:roleRef roleURI="http://fazenda.gov.br/siconfi/rep/rgf/anexo5uniao/siconfi-rgf-anexo5uniao-tabela5.3" xlink:type="simple" xlink:href="siconfi-rgf-anexo5uniao_2019-12-31.xsd#siconfi-rgf-anexo5uniao-tabela5.3"/>
  <link:labelLink xlink:type="extended" xlink:role="http://fazenda.gov.br/siconfi/rep/rgf/anexo5uniao/siconfi-rgf-anexo5uniao-tabela5.3">
    <link:loc xlink:type="locator" xlink:href="../../../cor/dim/siconfi-dim_2019-12-31.xsd#siconfi-dim_RecursosOrdinariosMember" xlink:label="RecursosOrdinariosMember" xlink:title="RecursosOrdinariosMember"/>
    <link:label xlink:type="resource" xlink:label="label_RecursosOrdinariosMember" xlink:role="http://www.xbrl.org/2003/role/label" xlink:title="label_RecursosOrdinariosMember" xml:lang="pt-br" id="label_RecursosOrdinariosMember">Recursos Ordinários [member]</link:label>
    <link:labelArc xlink:type="arc" xlink:arcrole="http://www.xbrl.org/2003/arcrole/concept-label" xlink:from="RecursosOrdinariosMember" xlink:to="label_RecursosOrdinariosMember" xlink:title="label: RecursosOrdinariosMember to label_RecursosOrdinariosMember"/>
    <link:loc xlink:type="locator" xlink:href="../../../cor/dim/siconfi-dim_2019-12-31.xsd#siconfi-dim_TotalDosRecursosVinculadosMember" xlink:label="TotalDosRecursosVinculadosMember" xlink:title="TotalDosRecursosVinculadosMember"/>
    <link:label xlink:type="resource" xlink:label="label_TotalDosRecursosVinculadosMember" xlink:role="http://www.xbrl.org/2003/role/label" xlink:title="label_TotalDosRecursosVinculadosMember" xml:lang="pt-br" id="label_TotalDosRecursosVinculadosMember_3">TOTAL DOS RECURSOS VINCULADOS (II) [member]</link:label>
    <link:labelArc xlink:type="arc" xlink:arcrole="http://www.xbrl.org/2003/arcrole/concept-label" xlink:from="TotalDosRecursosVinculadosMember" xlink:to="label_TotalDosRecursosVinculadosMember" xlink:title="label: TotalDosRecursosVinculadosMember to label_TotalDosRecursosVinculadosMember"/>
    <link:loc xlink:type="locator" xlink:href="../../../cor/dim/siconfi-dim_2019-12-31.xsd#siconfi-dim_TotalDosRecursosNaoVinculadosMember" xlink:label="TotalDosRecursosNaoVinculadosMember" xlink:title="TotalDosRecursosNaoVinculadosMember"/>
    <link:label xlink:type="resource" xlink:label="label_TotalDosRecursosNaoVinculadosMember" xlink:role="http://www.xbrl.org/2003/role/label" xlink:title="label_TotalDosRecursosNaoVinculadosMember" xml:lang="pt-br" id="label_TotalDosRecursosNaoVinculadosMember_3">TOTAL DOS RECURSOS NÃO VINCULADOS (I) [member]</link:label>
    <link:labelArc xlink:type="arc" xlink:arcrole="http://www.xbrl.org/2003/arcrole/concept-label" xlink:from="TotalDosRecursosNaoVinculadosMember" xlink:to="label_TotalDosRecursosNaoVinculadosMember" xlink:title="label: TotalDosRecursosNaoVinculadosMember to label_TotalDosRecursosNaoVinculadosMember"/>
    <link:loc xlink:type="locator" xlink:href="../../../cor/dim/siconfi-dim_2019-12-31.xsd#siconfi-dim_TotalDosRecursosMember" xlink:label="TotalDosRecursosMember" xlink:title="TotalDosRecursosMember"/>
    <link:label xlink:type="resource" xlink:label="label_TotalDosRecursosMember" xlink:role="http://www.xbrl.org/2003/role/label" xlink:title="label_TotalDosRecursosMember" xml:lang="pt-br" id="label_TotalDosRecursosMember_3">TOTAL (III) = (I + II) [member]</link:label>
    <link:labelArc xlink:type="arc" xlink:arcrole="http://www.xbrl.org/2003/arcrole/concept-label" xlink:from="TotalDosRecursosMember" xlink:to="label_TotalDosRecursosMember" xlink:title="label: TotalDosRecursosMember to label_TotalDosRecursosMember"/>
    <link:loc xlink:type="locator" xlink:href="../../../cor/dim/siconfi-dim_2019-12-31.xsd#siconfi-dim_IdentificacaoDosRecursosAxis" xlink:label="IdentificacaoDosRecursosAxis" xlink:title="IdentificacaoDosRecursosAxis"/>
    <link:label xlink:type="resource" xlink:label="label_IdentificacaoDosRecursosAxis" xlink:role="http://www.xbrl.org/2003/role/label" xlink:title="label_IdentificacaoDosRecursosAxis" xml:lang="pt-br" id="label_IdentificacaoDosRecursosAxis_2">IDENTIFICAÇÃO DOS RECURSOS [axis] [orientacao=vertical]</link:label>
    <link:labelArc xlink:type="arc" xlink:arcrole="http://www.xbrl.org/2003/arcrole/concept-label" xlink:from="IdentificacaoDosRecursosAxis" xlink:to="label_IdentificacaoDosRecursosAxis" xlink:title="label: IdentificacaoDosRecursosAxis to label_IdentificacaoDosRecursosAxis"/>
    <link:loc xlink:type="locator" xlink:href="../../../cor/dim/siconfi-dim_2019-12-31.xsd#siconfi-dim_TransferenciasDoFUNDEB60Member" xlink:label="TransferenciasDoFUNDEB60Member" xlink:title="TransferenciasDoFUNDEB60Member"/>
    <link:label xlink:type="resource" xlink:label="label_TransferenciasDoFUNDEB60Member" xlink:role="http://www.xbrl.org/2003/role/label" xlink:title="label_TransferenciasDoFUNDEB60Member" xml:lang="pt-br" id="label_TransferenciasDoFUNDEB60Member">Transferências do FUNDEB 60% [member]</link:label>
    <link:labelArc xlink:type="arc" xlink:arcrole="http://www.xbrl.org/2003/arcrole/concept-label" xlink:from="TransferenciasDoFUNDEB60Member" xlink:to="label_TransferenciasDoFUNDEB60Member" xlink:title="label: TransferenciasDoFUNDEB60Member to label_TransferenciasDoFUNDEB60Member"/>
    <link:loc xlink:type="locator" xlink:href="../../../cor/dim/siconfi-dim_2019-12-31.xsd#siconfi-dim_ReceitasDeImpostosEDeTransferenciaDeImpostosEducacaoMember" xlink:label="ReceitasDeImpostosEDeTransferenciaDeImpostosEducacaoMember" xlink:title="ReceitasDeImpostosEDeTransferenciaDeImpostosEducacaoMember"/>
    <link:label xlink:type="resource" xlink:label="label_ReceitasDeImpostosEDeTransferenciaDeImpostosEducacaoMember" xlink:role="http://www.xbrl.org/2003/role/label" xlink:title="label_ReceitasDeImpostosEDeTransferenciaDeImpostosEducacaoMember" xml:lang="pt-br" id="label_ReceitasDeImpostosEDeTransferenciaDeImpostosEducacaoMember">Receitas de Impostos e de Transferência de Impostos - Educação [member]</link:label>
    <link:labelArc xlink:type="arc" xlink:arcrole="http://www.xbrl.org/2003/arcrole/concept-label" xlink:from="ReceitasDeImpostosEDeTransferenciaDeImpostosEducacaoMember" xlink:to="label_ReceitasDeImpostosEDeTransferenciaDeImpostosEducacaoMember" xlink:title="label: ReceitasDeImpostosEDeTransferenciaDeImpostosEducacaoMember to label_ReceitasDeImpostosEDeTransferenciaDeImpostosEducacaoMember"/>
    <link:loc xlink:type="locator" xlink:href="../../../cor/dim/siconfi-dim_2019-12-31.xsd#siconfi-dim_TransferenciasDoFUNDEB40Member" xlink:label="TransferenciasDoFUNDEB40Member" xlink:title="TransferenciasDoFUNDEB40Member"/>
    <link:label xlink:type="resource" xlink:label="label_TransferenciasDoFUNDEB40Member" xlink:role="http://www.xbrl.org/2003/role/label" xlink:title="label_TransferenciasDoFUNDEB40Member" xml:lang="pt-br" id="label_TransferenciasDoFUNDEB40Member">Transferências do FUNDEB 40% [member]</link:label>
    <link:labelArc xlink:type="arc" xlink:arcrole="http://www.xbrl.org/2003/arcrole/concept-label" xlink:from="TransferenciasDoFUNDEB40Member" xlink:to="label_TransferenciasDoFUNDEB40Member" xlink:title="label: TransferenciasDoFUNDEB40Member to label_TransferenciasDoFUNDEB40Member"/>
    <link:loc xlink:type="locator" xlink:href="../../../cor/dim/siconfi-dim_2019-12-31.xsd#siconfi-dim_OutrosRecursosDestinadosAEducacaoMember" xlink:label="OutrosRecursosDestinadosAEducacaoMember" xlink:title="OutrosRecursosDestinadosAEducacaoMember"/>
    <link:label xlink:type="resource" xlink:label="label_OutrosRecursosDestinadosAEducacaoMember" xlink:role="http://www.xbrl.org/2003/role/label" xlink:title="label_OutrosRecursosDestinadosAEducacaoMember" xml:lang="pt-br" id="label_OutrosRecursosDestinadosAEducacaoMember">Outros Recursos Destinados à Educação [member]</link:label>
    <link:labelArc xlink:type="arc" xlink:arcrole="http://www.xbrl.org/2003/arcrole/concept-label" xlink:from="OutrosRecursosDestinadosAEducacaoMember" xlink:to="label_OutrosRecursosDestinadosAEducacaoMember" xlink:title="label: OutrosRecursosDestinadosAEducacaoMember to label_OutrosRecursosDestinadosAEducacaoMember"/>
    <link:loc xlink:type="locator" xlink:href="../../../cor/dim/siconfi-dim_2019-12-31.xsd#siconfi-dim_ReceitasDeImpostosEDeTransferenciaDeImpostosSaudeMember" xlink:label="ReceitasDeImpostosEDeTransferenciaDeImpostosSaudeMember" xlink:title="ReceitasDeImpostosEDeTransferenciaDeImpostosSaudeMember"/>
    <link:label xlink:type="resource" xlink:label="label_ReceitasDeImpostosEDeTransferenciaDeImpostosSaudeMember" xlink:role="http://www.xbrl.org/2003/role/label" xlink:title="label_ReceitasDeImpostosEDeTransferenciaDeImpostosSaudeMember" xml:lang="pt-br" id="label_ReceitasDeImpostosEDeTransferenciaDeImpostosSaudeMember">Receitas de Impostos e de Transferência de Impostos - Saúde [member]</link:label>
    <link:labelArc xlink:type="arc" xlink:arcrole="http://www.xbrl.org/2003/arcrole/concept-label" xlink:from="ReceitasDeImpostosEDeTransferenciaDeImpostosSaudeMember" xlink:to="label_ReceitasDeImpostosEDeTransferenciaDeImpostosSaudeMember" xlink:title="label: ReceitasDeImpostosEDeTransferenciaDeImpostosSaudeMember to label_ReceitasDeImpostosEDeTransferenciaDeImpostosSaudeMember"/>
    <link:loc xlink:type="locator" xlink:href="../../../cor/dim/siconfi-dim_2019-12-31.xsd#siconfi-dim_OutrosRecursosDestinadosASaudeMember" xlink:label="OutrosRecursosDestinadosASaudeMember" xlink:title="OutrosRecursosDestinadosASaudeMember"/>
    <link:label xlink:type="resource" xlink:label="label_OutrosRecursosDestinadosASaudeMember" xlink:role="http://www.xbrl.org/2003/role/label" xlink:title="label_OutrosRecursosDestinadosASaudeMember" xml:lang="pt-br" id="label_OutrosRecursosDestinadosASaudeMember">Outros Recursos Destinados à Saúde [member]</link:label>
    <link:labelArc xlink:type="arc" xlink:arcrole="http://www.xbrl.org/2003/arcrole/concept-label" xlink:from="OutrosRecursosDestinadosASaudeMember" xlink:to="label_OutrosRecursosDestinadosASaudeMember" xlink:title="label: OutrosRecursosDestinadosASaudeMember to label_OutrosRecursosDestinadosASaudeMember"/>
    <link:loc xlink:type="locator" xlink:href="../../../cor/dim/siconfi-dim_2019-12-31.xsd#siconfi-dim_RecursosDestinadosAAssistenciaSocialMember" xlink:label="RecursosDestinadosAAssistenciaSocialMember" xlink:title="RecursosDestinadosAAssistenciaSocialMember"/>
    <link:label xlink:type="resource" xlink:label="label_RecursosDestinadosAAssistenciaSocialMember" xlink:role="http://www.xbrl.org/2003/role/label" xlink:title="label_RecursosDestinadosAAssistenciaSocialMember" xml:lang="pt-br" id="label_RecursosDestinadosAAssistenciaSocialMember">Recursos Destinados à Assistência Social [member]</link:label>
    <link:labelArc xlink:type="arc" xlink:arcrole="http://www.xbrl.org/2003/arcrole/concept-label" xlink:from="RecursosDestinadosAAssistenciaSocialMember" xlink:to="label_RecursosDestinadosAAssistenciaSocialMember" xlink:title="label: RecursosDestinadosAAssistenciaSocialMember to label_RecursosDestinadosAAssistenciaSocialMember"/>
    <link:loc xlink:type="locator" xlink:href="../../../cor/dim/siconfi-dim_2019-12-31.xsd#siconfi-dim_RecursosDestinadosAoRPPSPlanoPrevidenciarioMember" xlink:label="RecursosDestinadosAoRPPSPlanoPrevidenciarioMember" xlink:title="RecursosDestinadosAoRPPSPlanoPrevidenciarioMember"/>
    <link:label xlink:type="resource" xlink:label="label_RecursosDestinadosAoRPPSPlanoPrevidenciarioMember" xlink:role="http://www.xbrl.org/2003/role/label" xlink:title="label_RecursosDestinadosAoRPPSPlanoPrevidenciarioMember" xml:lang="pt-br" id="label_RecursosDestinadosAoRPPSPlanoPrevidenciarioMember">Recursos destinados ao RPPS - Plano Previdenciário [member]</link:label>
    <link:labelArc xlink:type="arc" xlink:arcrole="http://www.xbrl.org/2003/arcrole/concept-label" xlink:from="RecursosDestinadosAoRPPSPlanoPrevidenciarioMember" xlink:to="label_RecursosDestinadosAoRPPSPlanoPrevidenciarioMember" xlink:title="label: RecursosDestinadosAoRPPSPlanoPrevidenciarioMember to label_RecursosDestinadosAoRPPSPlanoPrevidenciarioMember"/>
    <link:loc xlink:type="locator" xlink:href="../../../cor/dim/siconfi-dim_2019-12-31.xsd#siconfi-dim_RecursosDestinadosAoRPPSPlanoFinanceiroMember" xlink:label="RecursosDestinadosAoRPPSPlanoFinanceiroMember" xlink:title="RecursosDestinadosAoRPPSPlanoFinanceiroMember"/>
    <link:label xlink:type="resource" xlink:label="label_RecursosDestinadosAoRPPSPlanoFinanceiroMember" xlink:role="http://www.xbrl.org/2003/role/label" xlink:title="label_RecursosDestinadosAoRPPSPlanoFinanceiroMember" xml:lang="pt-br" id="label_RecursosDestinadosAoRPPSPlanoFinanceiroMember">Recursos destinados ao RPPS - Plano Financeiro [member]</link:label>
    <link:labelArc xlink:type="arc" xlink:arcrole="http://www.xbrl.org/2003/arcrole/concept-label" xlink:from="RecursosDestinadosAoRPPSPlanoFinanceiroMember" xlink:to="label_RecursosDestinadosAoRPPSPlanoFinanceiroMember" xlink:title="label: RecursosDestinadosAoRPPSPlanoFinanceiroMember to label_RecursosDestinadosAoRPPSPlanoFinanceiroMember"/>
    <link:loc xlink:type="locator" xlink:href="../../../cor/dim/siconfi-dim_2019-12-31.xsd#siconfi-dim_RecursosDestinadosAoRGPSMember" xlink:label="RecursosDestinadosAoRGPSMember" xlink:title="RecursosDestinadosAoRGPSMember"/>
    <link:label xlink:type="resource" xlink:label="label_RecursosDestinadosAoRGPSMember" xlink:role="http://www.xbrl.org/2003/role/label" xlink:title="label_RecursosDestinadosAoRGPSMember" xml:lang="pt-br" id="label_RecursosDestinadosAoRGPSMember">Recursos vinculados ao RGPS [member]</link:label>
    <link:labelArc xlink:type="arc" xlink:arcrole="http://www.xbrl.org/2003/arcrole/concept-label" xlink:from="RecursosDestinadosAoRGPSMember" xlink:to="label_RecursosDestinadosAoRGPSMember" xlink:title="label: RecursosDestinadosAoRGPSMember to label_RecursosDestinadosAoRGPSMember"/>
    <link:loc xlink:type="locator" xlink:href="../../../cor/dim/siconfi-dim_2019-12-31.xsd#siconfi-dim_RecursosDeOperacoesDeCreditoExcetoDestinadosAEducacaoEASaudeMember" xlink:label="RecursosDeOperacoesDeCreditoExcetoDestinadosAEducacaoEASaudeMember" xlink:title="RecursosDeOperacoesDeCreditoExcetoDestinadosAEducacaoEASaudeMember"/>
    <link:label xlink:type="resource" xlink:label="label_RecursosDeOperacoesDeCreditoExcetoDestinadosAEducacaoEASaudeMember" xlink:role="http://www.xbrl.org/2003/role/label" xlink:title="label_RecursosDeOperacoesDeCreditoExcetoDestinadosAEducacaoEASaudeMember" xml:lang="pt-br" id="label_RecursosDeOperacoesDeCreditoExcetoDestinadosAEducacaoEASaudeMember">Recursos de Operações de Crédito (exceto destinados à Educação e à Saúde) e Receitas Financeiras [member]</link:label>
    <link:labelArc xlink:type="arc" xlink:arcrole="http://www.xbrl.org/2003/arcrole/concept-label" xlink:from="RecursosDeOperacoesDeCreditoExcetoDestinadosAEducacaoEASaudeMember" xlink:to="label_RecursosDeOperacoesDeCreditoExcetoDestinadosAEducacaoEASaudeMember" xlink:title="label: RecursosDeOperacoesDeCreditoExcetoDestinadosAEducacaoEASaudeMember to label_RecursosDeOperacoesDeCreditoExcetoDestinadosAEducacaoEASaudeMember"/>
    <link:loc xlink:type="locator" xlink:href="../../../cor/dim/siconfi-dim_2019-12-31.xsd#siconfi-dim_RecursosDeAlienacaoDeBensAtivosMember" xlink:label="RecursosDeAlienacaoDeBensAtivosMember" xlink:title="RecursosDeAlienacaoDeBensAtivosMember"/>
    <link:label xlink:type="resource" xlink:label="label_RecursosDeAlienacaoDeBensAtivosMember" xlink:role="http://www.xbrl.org/2003/role/label" xlink:title="label_RecursosDeAlienacaoDeBensAtivosMember" xml:lang="pt-br" id="label_RecursosDeAlienacaoDeBensAtivosMember">Recursos de Alienação de Bens/Ativos [member]</link:label>
    <link:labelArc xlink:type="arc" xlink:arcrole="http://www.xbrl.org/2003/arcrole/concept-label" xlink:from="RecursosDeAlienacaoDeBensAtivosMember" xlink:to="label_RecursosDeAlienacaoDeBensAtivosMember" xlink:title="label: RecursosDeAlienacaoDeBensAtivosMember to label_RecursosDeAlienacaoDeBensAtivosMember"/>
    <link:loc xlink:type="locator" xlink:href="../../../cor/dim/siconfi-dim_2019-12-31.xsd#siconfi-dim_OutrasDestinacoesVinculadasDeRecursosMember" xlink:label="OutrasDestinacoesVinculadasDeRecursosMember" xlink:title="OutrasDestinacoesVinculadasDeRecursosMember"/>
    <link:label xlink:type="resource" xlink:label="label_OutrasDestinacoesVinculadasDeRecursosMember" xlink:role="http://www.xbrl.org/2003/role/label" xlink:title="label_OutrasDestinacoesVinculadasDeRecursosMember" xml:lang="pt-br" id="label_OutrasDestinacoesVinculadasDeRecursosMember">Outros Recursos Vinculados [member]</link:label>
    <link:labelArc xlink:type="arc" xlink:arcrole="http://www.xbrl.org/2003/arcrole/concept-label" xlink:from="OutrasDestinacoesVinculadasDeRecursosMember" xlink:to="label_OutrasDestinacoesVinculadasDeRecursosMember" xlink:title="label: OutrasDestinacoesVinculadasDeRecursosMember to label_OutrasDestinacoesVinculadasDeRecursosMember"/>
    <link:loc xlink:type="locator" xlink:href="../../../cor/dim/siconfi-dim_2019-12-31.xsd#siconfi-dim_ValorRealizadoNoPeriodoOutrasOperacoesAxis" xlink:label="ValorRealizadoNoPeriodoOutrasOperacoesAxis" xlink:title="ValorRealizadoNoPeriodoOutrasOperacoesAxis"/>
    <link:label xlink:type="resource" xlink:label="label_ValorRealizadoNoPeriodoOutrasOperacoesAxis" xlink:role="http://www.xbrl.org/2003/role/label" xlink:title="label_ValorRealizadoNoPeriodoOutrasOperacoesAxis" xml:lang="pt-br" id="label_ValorRealizadoNoPeriodoOutrasOperacoesAxis">Valor Realizado no Período [axis]</link:label>
    <link:labelArc xlink:type="arc" xlink:arcrole="http://www.xbrl.org/2003/arcrole/concept-label" xlink:from="ValorRealizadoNoPeriodoOutrasOperacoesAxis" xlink:to="label_ValorRealizadoNoPeriodoOutrasOperacoesAxis" xlink:title="label: ValorRealizadoNoPeriodoOutrasOperacoesAxis to label_ValorRealizadoNoPeriodoOutrasOperacoesAxis"/>
    <link:loc xlink:type="locator" xlink:href="../../../cor/dim/siconfi-dim_2019-12-31.xsd#siconfi-dim_RecursosDestinadosAoRPPSMember" xlink:label="RecursosDestinadosAoRPPSMember" xlink:title="RecursosDestinadosAoRPPSMember"/>
    <link:label xlink:type="resource" xlink:label="label_RecursosDestinadosAoRPPSMember" xlink:role="http://www.xbrl.org/2003/role/label" xlink:title="label_RecursosDestinadosAoRPPSMember" xml:lang="pt-br" id="label_RecursosDestinadosAoRPPSMember">Recursos vinculados ao RPPS [member]</link:label>
    <link:labelArc xlink:type="arc" xlink:arcrole="http://www.xbrl.org/2003/arcrole/concept-label" xlink:from="RecursosDestinadosAoRPPSMember" xlink:to="label_RecursosDestinadosAoRPPSMember" xlink:title="label: RecursosDestinadosAoRPPSMember to label_RecursosDestinadosAoRPPSMember"/>
    <link:loc xlink:type="locator" xlink:href="../../../cor/dim/siconfi-dim_2019-12-31.xsd#siconfi-dim_OutrosRecursosNaoVinculadosMember" xlink:label="OutrosRecursosNaoVinculadosMember" xlink:title="OutrosRecursosNaoVinculadosMember"/>
    <link:label xlink:type="resource" xlink:label="label_OutrosRecursosNaoVinculadosMember" xlink:role="http://www.xbrl.org/2003/role/label" xlink:title="label_OutrosRecursosNaoVinculadosMember" xml:lang="pt-br" id="label_OutrosRecursosNaoVinculadosMember">Outros Recursos não Vinculados [member]</link:label>
    <link:labelArc xlink:type="arc" xlink:arcrole="http://www.xbrl.org/2003/arcrole/concept-label" xlink:from="OutrosRecursosNaoVinculadosMember" xlink:to="label_OutrosRecursosNaoVinculadosMember" xlink:title="label: OutrosRecursosNaoVinculadosMember to label_OutrosRecursosNaoVinculadosMember"/>
    <link:loc xlink:type="locator" xlink:href="../../../cor/dim/siconfi-dim_2019-12-31.xsd#siconfi-dim_RecursosDeTransferenciasConstitucionaisELegaisAosEntesInclusiveFundosMember" xlink:label="RecursosDeTransferenciasConstitucionaisELegaisAosEntesInclusiveFundosMember" xlink:title="RecursosDeTransferenciasConstitucionaisELegaisAosEntesInclusiveFundosMember"/>
    <link:label xlink:type="resource" xlink:label="label_RecursosDeTransferenciasConstitucionaisELegaisAosEntesInclusiveFundosMember" xlink:role="http://www.xbrl.org/2003/role/label" xlink:title="label_RecursosDeTransferenciasConstitucionaisELegaisAosEntesInclusiveFundosMember" xml:lang="pt-br" id="label_RecursosDeTransferenciasConstitucionaisELegaisAosEntesInclusiveFundosMember">Recursos de Transferências Constitucionais e Legais a Estados, DF, Municípios, inclusive Fundos [member]</link:label>
    <link:labelArc xlink:type="arc" xlink:arcrole="http://www.xbrl.org/2003/arcrole/concept-label" xlink:from="RecursosDeTransferenciasConstitucionaisELegaisAosEntesInclusiveFundosMember" xlink:to="label_RecursosDeTransferenciasConstitucionaisELegaisAosEntesInclusiveFundosMember" xlink:title="label: RecursosDeTransferenciasConstitucionaisELegaisAosEntesInclusiveFundosMember to label_RecursosDeTransferenciasConstitucionaisELegaisAosEntesInclusiveFundosMember"/>
    <link:loc xlink:type="locator" xlink:href="../../../cor/dim/siconfi-dim_2019-12-31.xsd#siconfi-dim_RecursosVinculadosAFundosOrgaosEProgramasMember" xlink:label="RecursosVinculadosAFundosOrgaosEProgramasMember" xlink:title="RecursosVinculadosAFundosOrgaosEProgramasMember"/>
    <link:label xlink:type="resource" xlink:label="label_RecursosVinculadosAFundosOrgaosEProgramasMember" xlink:role="http://www.xbrl.org/2003/role/label" xlink:title="label_RecursosVinculadosAFundosOrgaosEProgramasMember" xml:lang="pt-br" id="label_RecursosVinculadosAFundosOrgaosEProgramasMember">Recursos Vinculados a Fundos, Órgãos e Programas [member]</link:label>
    <link:labelArc xlink:type="arc" xlink:arcrole="http://www.xbrl.org/2003/arcrole/concept-label" xlink:from="RecursosVinculadosAFundosOrgaosEProgramasMember" xlink:to="label_RecursosVinculadosAFundosOrgaosEProgramasMember" xlink:title="label: RecursosVinculadosAFundosOrgaosEProgramasMember to label_RecursosVinculadosAFundosOrgaosEProgramasMember"/>
    <link:loc xlink:type="locator" xlink:href="../../../cor/ic/siconfi-cor_2019-12-31.xsd#siconfi-cor_InsuficienciaFinanceiraVerificadaNoConsorcioPublico" xlink:label="InsuficienciaFinanceiraVerificadaNoConsorcioPublico" xlink:title="InsuficienciaFinanceiraVerificadaNoConsorcioPublico"/>
    <link:label xlink:type="resource" xlink:label="label_InsuficienciaFinanceiraVerificadaNoConsorcioPublico" xlink:role="http://www.xbrl.org/2003/role/label" xlink:title="label_InsuficienciaFinanceiraVerificadaNoConsorcioPublico" xml:lang="pt-br" id="label_InsuficienciaFinanceiraVerificadaNoConsorcioPublico_2">INSUFICIÊNCIA FINANCEIRA VERIFICADA NO CONSÓRCIO PÚBLICO (f)</link:label>
    <link:labelArc xlink:type="arc" xlink:arcrole="http://www.xbrl.org/2003/arcrole/concept-label" xlink:from="InsuficienciaFinanceiraVerificadaNoConsorcioPublico" xlink:to="label_InsuficienciaFinanceiraVerificadaNoConsorcioPublico" xlink:title="label: InsuficienciaFinanceiraVerificadaNoConsorcioPublico to label_InsuficienciaFinanceiraVerificadaNoConsorcioPublico"/>
    <link:loc xlink:type="locator" xlink:href="../../../cor/ic/siconfi-cor_2019-12-31.xsd#siconfi-cor_DisponibilidadeDeCaixaBruta" xlink:label="DisponibilidadeDeCaixaBruta" xlink:title="DisponibilidadeDeCaixaBruta"/>
    <link:label xlink:type="resource" xlink:label="label_DisponibilidadeDeCaixaBruta" xlink:role="http://www.xbrl.org/2003/role/label" xlink:title="label_DisponibilidadeDeCaixaBruta" xml:lang="pt-br" id="label_DisponibilidadeDeCaixaBruta_2">DISPONIBILIDADE DE CAIXA BRUTA (a)</link:label>
    <link:labelArc xlink:type="arc" xlink:arcrole="http://www.xbrl.org/2003/arcrole/concept-label" xlink:from="DisponibilidadeDeCaixaBruta" xlink:to="label_DisponibilidadeDeCaixaBruta" xlink:title="label: DisponibilidadeDeCaixaBruta to label_DisponibilidadeDeCaixaBruta"/>
    <link:loc xlink:type="locator" xlink:href="../../../cor/ic/siconfi-cor_2019-12-31.xsd#siconfi-cor_DisponibilidadeDeCaixaLiquida" xlink:label="DisponibilidadeDeCaixaLiquida" xlink:title="DisponibilidadeDeCaixaLiquida"/>
    <link:label xlink:type="resource" xlink:label="label_DisponibilidadeDeCaixaLiquida" xlink:role="http://www.xbrl.org/2003/role/label" xlink:title="label_DisponibilidadeDeCaixaLiquida" xml:lang="pt-br" id="label_DisponibilidadeDeCaixaLiquida_2">DISPONIBILIDADE DE CAIXA LÍQUIDA (ANTES DA INSCRIÇÃO EM RESTOS A PAGAR NÃO PROCESSADOS DO EXERCÍCIO) (g)=(a-(b+c+d+e)-f)</link:label>
    <link:labelArc xlink:type="arc" xlink:arcrole="http://www.xbrl.org/2003/arcrole/concept-label" xlink:from="DisponibilidadeDeCaixaLiquida" xlink:to="label_DisponibilidadeDeCaixaLiquida" xlink:title="label: DisponibilidadeDeCaixaLiquida to label_DisponibilidadeDeCaixaLiquida"/>
    <link:loc xlink:type="locator" xlink:href="../../../cor/ic/siconfi-cor_2019-12-31.xsd#siconfi-cor_EmpenhosNaoLiquidadosCanceladosNaoInscritosPorInsuficienciaFinanceira" xlink:label="EmpenhosNaoLiquidadosCanceladosNaoInscritosPorInsuficienciaFinanceira" xlink:title="EmpenhosNaoLiquidadosCanceladosNaoInscritosPorInsuficienciaFinanceira"/>
    <link:label xlink:type="resource" xlink:label="label_EmpenhosNaoLiquidadosCanceladosNaoInscritosPorInsuficienciaFinanceira" xlink:role="http://www.xbrl.org/2003/role/label" xlink:title="label_EmpenhosNaoLiquidadosCanceladosNaoInscritosPorInsuficienciaFinanceira" xml:lang="pt-br" id="label_EmpenhosNaoLiquidadosCanceladosNaoInscritosPorInsuficienciaFinanceira_3">EMPENHOS NÃO LIQUIDADOS CANCELADOS (NÃO INSCRITOS POR INSUFICIÊNCIA FINANCEIRA)</link:label>
    <link:labelArc xlink:type="arc" xlink:arcrole="http://www.xbrl.org/2003/arcrole/concept-label" xlink:from="EmpenhosNaoLiquidadosCanceladosNaoInscritosPorInsuficienciaFinanceira" xlink:to="label_EmpenhosNaoLiquidadosCanceladosNaoInscritosPorInsuficienciaFinanceira" xlink:title="label: EmpenhosNaoLiquidadosCanceladosNaoInscritosPorInsuficienciaFinanceira to label_EmpenhosNaoLiquidadosCanceladosNaoInscritosPorInsuficienciaFinanceira"/>
    <link:loc xlink:type="locator" xlink:href="../../../cor/ic/siconfi-cor_2019-12-31.xsd#siconfi-cor_DemaisObrigacoesFinanceiras" xlink:label="DemaisObrigacoesFinanceiras" xlink:title="DemaisObrigacoesFinanceiras"/>
    <link:label xlink:type="resource" xlink:label="label_DemaisObrigacoesFinanceiras" xlink:role="http://www.xbrl.org/2003/role/label" xlink:title="label_DemaisObrigacoesFinanceiras" xml:lang="pt-br" id="label_DemaisObrigacoesFinanceiras_3">Demais Obrigações Financeiras (e)</link:label>
    <link:labelArc xlink:type="arc" xlink:arcrole="http://www.xbrl.org/2003/arcrole/concept-label" xlink:from="DemaisObrigacoesFinanceiras" xlink:to="label_DemaisObrigacoesFinanceiras" xlink:title="label: DemaisObrigacoesFinanceiras to label_DemaisObrigacoesFinanceiras"/>
    <link:loc xlink:type="locator" xlink:href="../../../cor/ic/siconfi-cor_2019-12-31.xsd#siconfi-cor_RestosAPagarEmpenhadosENaoLiquidadosDeExerciciosAnteriores" xlink:label="RestosAPagarEmpenhadosENaoLiquidadosDeExerciciosAnteriores" xlink:title="RestosAPagarEmpenhadosENaoLiquidadosDeExerciciosAnteriores"/>
    <link:label xlink:type="resource" xlink:label="label_RestosAPagarEmpenhadosENaoLiquidadosDeExerciciosAnteriores" xlink:role="http://www.xbrl.org/2003/role/label" xlink:title="label_RestosAPagarEmpenhadosENaoLiquidadosDeExerciciosAnteriores" xml:lang="pt-br" id="label_RestosAPagarEmpenhadosENaoLiquidadosDeExerciciosAnteriores_3">Restos a Pagar Empenhados e Não Liquidados de Exercícios Anteriores (d)</link:label>
    <link:labelArc xlink:type="arc" xlink:arcrole="http://www.xbrl.org/2003/arcrole/concept-label" xlink:from="RestosAPagarEmpenhadosENaoLiquidadosDeExerciciosAnteriores" xlink:to="label_RestosAPagarEmpenhadosENaoLiquidadosDeExerciciosAnteriores" xlink:title="label: RestosAPagarEmpenhadosENaoLiquidadosDeExerciciosAnteriores to label_RestosAPagarEmpenhadosENaoLiquidadosDeExerciciosAnteriores"/>
    <link:loc xlink:type="locator" xlink:href="../../../cor/ic/siconfi-cor_2019-12-31.xsd#siconfi-cor_RestosAPagarEmpenhadosENaoLiquidadosDoExercicio" xlink:label="RestosAPagarEmpenhadosENaoLiquidadosDoExercicio" xlink:title="RestosAPagarEmpenhadosENaoLiquidadosDoExercicio"/>
    <link:label xlink:type="resource" xlink:label="label_RestosAPagarEmpenhadosENaoLiquidadosDoExercicio" xlink:role="http://www.xbrl.org/2003/role/label" xlink:title="label_RestosAPagarEmpenhadosENaoLiquidadosDoExercicio" xml:lang="pt-br" id="label_RestosAPagarEmpenhadosENaoLiquidadosDoExercicio_3">RESTOS A PAGAR EMPENHADOS E NÃO LIQUIDADOS DO EXERCÍCIO (h)</link:label>
    <link:labelArc xlink:type="arc" xlink:arcrole="http://www.xbrl.org/2003/arcrole/concept-label" xlink:from="RestosAPagarEmpenhadosENaoLiquidadosDoExercicio" xlink:to="label_RestosAPagarEmpenhadosENaoLiquidadosDoExercicio" xlink:title="label: RestosAPagarEmpenhadosENaoLiquidadosDoExercicio to label_RestosAPagarEmpenhadosENaoLiquidadosDoExercicio"/>
    <link:loc xlink:type="locator" xlink:href="../../../cor/ic/siconfi-cor_2019-12-31.xsd#siconfi-cor_RestosAPagarLiquidadosENaoPagosDeExerciciosAnteriores" xlink:label="RestosAPagarLiquidadosENaoPagosDeExerciciosAnteriores" xlink:title="RestosAPagarLiquidadosENaoPagosDeExerciciosAnteriores"/>
    <link:label xlink:type="resource" xlink:label="label_RestosAPagarLiquidadosENaoPagosDeExerciciosAnteriores" xlink:role="http://www.xbrl.org/2003/role/label" xlink:title="label_RestosAPagarLiquidadosENaoPagosDeExerciciosAnteriores" xml:lang="pt-br" id="label_RestosAPagarLiquidadosENaoPagosDeExerciciosAnteriores_3">De Exercícios Anteriores (b)</link:label>
    <link:labelArc xlink:type="arc" xlink:arcrole="http://www.xbrl.org/2003/arcrole/concept-label" xlink:from="RestosAPagarLiquidadosENaoPagosDeExerciciosAnteriores" xlink:to="label_RestosAPagarLiquidadosENaoPagosDeExerciciosAnteriores" xlink:title="label: RestosAPagarLiquidadosENaoPagosDeExerciciosAnteriores to label_RestosAPagarLiquidadosENaoPagosDeExerciciosAnteriores"/>
    <link:loc xlink:type="locator" xlink:href="../../../cor/ic/siconfi-cor_2019-12-31.xsd#siconfi-cor_RestosAPagarLiquidadosENaoPagosDoExercicio" xlink:label="RestosAPagarLiquidadosENaoPagosDoExercicio" xlink:title="RestosAPagarLiquidadosENaoPagosDoExercicio"/>
    <link:label xlink:type="resource" xlink:label="label_RestosAPagarLiquidadosENaoPagosDoExercicio" xlink:role="http://www.xbrl.org/2003/role/label" xlink:title="label_RestosAPagarLiquidadosENaoPagosDoExercicio" xml:lang="pt-br" id="label_RestosAPagarLiquidadosENaoPagosDoExercicio_3">Do Exercício (c)</link:label>
    <link:labelArc xlink:type="arc" xlink:arcrole="http://www.xbrl.org/2003/arcrole/concept-label" xlink:from="RestosAPagarLiquidadosENaoPagosDoExercicio" xlink:to="label_RestosAPagarLiquidadosENaoPagosDoExercicio" xlink:title="label: RestosAPagarLiquidadosENaoPagosDoExercicio to label_RestosAPagarLiquidadosENaoPagosDoExercicio"/>
    <link:loc xlink:type="locator" xlink:href="../../../cor/ic/siconfi-cor_2019-12-31.xsd#siconfi-cor_FonteAnexo5Tabela5.0RGF" xlink:label="FonteAnexo5Tabela5.0RGF" xlink:title="FonteAnexo5Tabela5.0RGF"/>
    <link:label xlink:type="resource" xlink:label="label_FonteAnexo5Tabela5.0RGF" xlink:role="http://www.xbrl.org/2003/role/label" xlink:title="label_FonteAnexo5Tabela5.0RGF" xml:lang="pt-br" id="label_FonteAnexo5Tabela5.0RGF">Notas Explicativas</link:label>
    <link:labelArc xlink:type="arc" xlink:arcrole="http://www.xbrl.org/2003/arcrole/concept-label" xlink:from="FonteAnexo5Tabela5.0RGF" xlink:to="label_FonteAnexo5Tabela5.0RGF" xlink:title="label: FonteAnexo5Tabela5.0RGF to label_FonteAnexo5Tabela5.0RGF"/>
    <link:loc xlink:type="locator" xlink:href="../../../cor/ic/siconfi-cor_2019-12-31.xsd#siconfi-cor_DisponibilidadeDeCaixaLiquidaAposRP" xlink:label="DisponibilidadeDeCaixaLiquidaAposRP" xlink:title="DisponibilidadeDeCaixaLiquidaAposRP"/>
    <link:label xlink:type="resource" xlink:label="label_DisponibilidadeDeCaixaLiquidaAposRP" xlink:role="http://www.xbrl.org/2003/role/label" xlink:title="label_DisponibilidadeDeCaixaLiquidaAposRP" xml:lang="pt-br" id="label_DisponibilidadeDeCaixaLiquidaAposRP">DISPONIBILIDADE DE CAIXA LÍQUIDA (APÓS A INSCRIÇÃO EM RESTOS A PAGAR NÃO PROCESSADOS DO EXERCÍCIO) (i) = (g - h )</link:label>
    <link:labelArc xlink:type="arc" xlink:arcrole="http://www.xbrl.org/2003/arcrole/concept-label" xlink:from="DisponibilidadeDeCaixaLiquidaAposRP" xlink:to="label_DisponibilidadeDeCaixaLiquidaAposRP" xlink:title="label: DisponibilidadeDeCaixaLiquidaAposRP to label_DisponibilidadeDeCaixaLiquidaAposRP"/>
    <link:loc xlink:type="locator" xlink:href="siconfi-rgf-anexo5uniao_2019-12-31.xsd#siconfi-rgf-anexo5uniao_RecursosNaoVinculadosTable" xlink:label="RecursosNaoVinculadosTable" xlink:title="RecursosNaoVinculadosTable"/>
    <link:label xlink:type="resource" xlink:label="label_RecursosNaoVinculadosTable" xlink:role="http://www.xbrl.org/2003/role/label" xlink:title="label_RecursosNaoVinculadosTable" xml:lang="pt-br" id="label_RecursosNaoVinculadosTable_2">Identificação dos Recursos Não Vinculados [table]</link:label>
    <link:labelArc xlink:type="arc" xlink:arcrole="http://www.xbrl.org/2003/arcrole/concept-label" xlink:from="RecursosNaoVinculadosTable" xlink:to="label_RecursosNaoVinculadosTable" xlink:title="label: RecursosNaoVinculadosTable to label_RecursosNaoVinculadosTable"/>
    <link:loc xlink:type="locator" xlink:href="siconfi-rgf-anexo5uniao_2019-12-31.xsd#siconfi-rgf-anexo5uniao_ControleDoTotalTable" xlink:label="ControleDoTotalTable" xlink:title="ControleDoTotalTable"/>
    <link:label xlink:type="resource" xlink:label="label_ControleDoTotalTable" xlink:role="http://www.xbrl.org/2003/role/label" xlink:title="label_ControleDoTotalTable" xml:lang="pt-br" id="label_ControleDoTotalTable_2">Controle do Total [table]</link:label>
    <link:labelArc xlink:type="arc" xlink:arcrole="http://www.xbrl.org/2003/arcrole/concept-label" xlink:from="ControleDoTotalTable" xlink:to="label_ControleDoTotalTable" xlink:title="label: ControleDoTotalTable to label_ControleDoTotalTable"/>
    <link:loc xlink:type="locator" xlink:href="siconfi-rgf-anexo5uniao_2019-12-31.xsd#siconfi-rgf-anexo5uniao_RecursosTable" xlink:label="RecursosTable" xlink:title="RecursosTable"/>
    <link:label xlink:type="resource" xlink:label="label_RecursosTable" xlink:role="http://www.xbrl.org/2003/role/label" xlink:title="label_RecursosTable" xml:lang="pt-br" id="label_RecursosTable">Identificação dos Recursos [table]</link:label>
    <link:labelArc xlink:type="arc" xlink:arcrole="http://www.xbrl.org/2003/arcrole/concept-label" xlink:from="RecursosTable" xlink:to="label_RecursosTable" xlink:title="label: RecursosTable to label_RecursosTable"/>
    <link:loc xlink:type="locator" xlink:href="siconfi-rgf-anexo5uniao_2019-12-31.xsd#siconfi-rgf-anexo5uniao_RestosAPagarLiquidadosENaoPagosAbstract" xlink:label="RestosAPagarLiquidadosENaoPagosAbstract" xlink:title="RestosAPagarLiquidadosENaoPagosAbstract"/>
    <link:label xlink:type="resource" xlink:label="label_RestosAPagarLiquidadosENaoPagosAbstract" xlink:role="http://www.xbrl.org/2003/role/label" xlink:title="label_RestosAPagarLiquidadosENaoPagosAbstract" xml:lang="pt-br" id="label_RestosAPagarLiquidadosENaoPagosAbstract_2">Restos a Pagar Liquidados e Não Pagos [abstract]</link:label>
    <link:labelArc xlink:type="arc" xlink:arcrole="http://www.xbrl.org/2003/arcrole/concept-label" xlink:from="RestosAPagarLiquidadosENaoPagosAbstract" xlink:to="label_RestosAPagarLiquidadosENaoPagosAbstract" xlink:title="label: RestosAPagarLiquidadosENaoPagosAbstract to label_RestosAPagarLiquidadosENaoPagosAbstract"/>
    <link:loc xlink:type="locator" xlink:href="siconfi-rgf-anexo5uniao_2019-12-31.xsd#siconfi-rgf-anexo5uniao_ObrigacoesFinanceirasAbstract" xlink:label="ObrigacoesFinanceirasAbstract" xlink:title="ObrigacoesFinanceirasAbstract"/>
    <link:label xlink:type="resource" xlink:label="label_ObrigacoesFinanceirasAbstract" xlink:role="http://www.xbrl.org/2003/role/label" xlink:title="label_ObrigacoesFinanceirasAbstract" xml:lang="pt-br" id="label_ObrigacoesFinanceirasAbstract_2">OBRIGAÇÕES FINANCEIRAS [abstract]</link:label>
    <link:labelArc xlink:type="arc" xlink:arcrole="http://www.xbrl.org/2003/arcrole/concept-label" xlink:from="ObrigacoesFinanceirasAbstract" xlink:to="label_ObrigacoesFinanceirasAbstract" xlink:title="label: ObrigacoesFinanceirasAbstract to label_ObrigacoesFinanceirasAbstract"/>
    <link:loc xlink:type="locator" xlink:href="siconfi-rgf-anexo5uniao_2019-12-31.xsd#siconfi-rgf-anexo5uniao_DisponibilidadeDeCaixaAbstract" xlink:label="DisponibilidadeDeCaixaAbstract" xlink:title="DisponibilidadeDeCaixaAbstract"/>
    <link:label xlink:type="resource" xlink:label="label_DisponibilidadeDeCaixaAbstract" xlink:role="http://www.xbrl.org/2003/role/label" xlink:title="label_DisponibilidadeDeCaixaAbstract" xml:lang="pt-br" id="label_DisponibilidadeDeCaixaAbstract">[001] Disponibilidade de Caixa [abstract]</link:label>
    <link:labelArc xlink:type="arc" xlink:arcrole="http://www.xbrl.org/2003/arcrole/concept-label" xlink:from="DisponibilidadeDeCaixaAbstract" xlink:to="label_DisponibilidadeDeCaixaAbstract" xlink:title="label: DisponibilidadeDeCaixaAbstract to label_DisponibilidadeDeCaixaAbstract"/>
    <link:loc xlink:type="locator" xlink:href="siconfi-rgf-anexo5uniao_2019-12-31.xsd#siconfi-rgf-anexo5uniao_DisponibilidadeDeCaixaLineItems" xlink:label="DisponibilidadeDeCaixasLineItems" xlink:title="DisponibilidadeDeCaixasLineItems"/>
    <link:label xlink:type="resource" xlink:label="label_DisponibilidadeDeCaixasLineItems" xlink:role="http://www.xbrl.org/2003/role/label" xlink:title="label_DisponibilidadeDeCaixasLineItems" xml:lang="pt-br" id="label_DisponibilidadeDeCaixasLineItems">[002] Disponibilidade de Caixa [line items]</link:label>
    <link:labelArc xlink:type="arc" xlink:arcrole="http://www.xbrl.org/2003/arcrole/concept-label" xlink:from="DisponibilidadeDeCaixasLineItems" xlink:to="label_DisponibilidadeDeCaixasLineItems" xlink:title="label: DisponibilidadeDeCaixasLineItems to label_DisponibilidadeDeCaixasLineItems"/>
    <link:loc xlink:type="locator" xlink:href="siconfi-rgf-anexo5uniao_2019-12-31.xsd#siconfi-rgf-anexo5uniao_DemonstrativoAnexo5UniaoAbstract" xlink:label="DemonstrativoAnexo5UniaoAbstract" xlink:title="DemonstrativoAnexo5UniaoAbstract"/>
    <link:label xlink:type="resource" xlink:label="label_DemonstrativoAnexo5UniaoAbstract" xlink:role="http://www.xbrl.org/2003/role/label" xlink:title="label_DemonstrativoAnexo5UniaoAbstract" xml:lang="pt-br" id="label_DemonstrativoAnexo5UniaoAbstract">RGF - Anexo 5 (LRF, art. 55, Inciso III, alínea a) [abstract]</link:label>
    <link:labelArc xlink:type="arc" xlink:arcrole="http://www.xbrl.org/2003/arcrole/concept-label" xlink:from="DemonstrativoAnexo5UniaoAbstract" xlink:to="label_DemonstrativoAnexo5UniaoAbstract" xlink:title="label: DemonstrativoAnexo5UniaoAbstract to label_DemonstrativoAnexo5UniaoAbstract"/>
    <link:loc xlink:type="locator" xlink:href="siconfi-rgf-anexo5uniao_2019-12-31.xsd#siconfi-rgf-anexo5uniao_FonteAnexo5Tabela5.0Abstract" xlink:label="FonteAnexo5Tabela5.0Abstract" xlink:title="FonteAnexo5Tabela5.0Abstract"/>
    <link:label xlink:type="resource" xlink:label="label_FonteAnexo5Tabela5.0Abstract" xlink:role="http://www.xbrl.org/2003/role/label" xlink:title="label_FonteAnexo5Tabela5.0Abstract" xml:lang="pt-br" id="label_FonteAnexo5Tabela5.0Abstract">[003] Notas Explicativas [abstract] [NOTA]</link:label>
    <link:labelArc xlink:type="arc" xlink:arcrole="http://www.xbrl.org/2003/arcrole/concept-label" xlink:from="FonteAnexo5Tabela5.0Abstract" xlink:to="label_FonteAnexo5Tabela5.0Abstract" xlink:title="label: FonteAnexo5Tabela5.0Abstract to label_FonteAnexo5Tabela5.0Abstract"/>
    <link:loc xlink:type="locator" xlink:href="siconfi-rgf-anexo5uniao_2019-12-31.xsd#siconfi-rgf-anexo5uniao_FonteAnexo5Tabela5.0LineItems" xlink:label="FonteAnexo5Tabela5.0LineItems" xlink:title="FonteAnexo5Tabela5.0LineItems"/>
    <link:label xlink:type="resource" xlink:label="label_FonteAnexo5Tabela5.0LineItems" xlink:role="http://www.xbrl.org/2003/role/label" xlink:title="label_FonteAnexo5Tabela5.0LineItems" xml:lang="pt-br" id="label_FonteAnexo5Tabela5.0LineItems">[004] Notas Explicativas [line items]</link:label>
    <link:labelArc xlink:type="arc" xlink:arcrole="http://www.xbrl.org/2003/arcrole/concept-label" xlink:from="FonteAnexo5Tabela5.0LineItems" xlink:to="label_FonteAnexo5Tabela5.0LineItems" xlink:title="label: FonteAnexo5Tabela5.0LineItems to label_FonteAnexo5Tabela5.0LineItems"/>
  </link:labelLink>
  <link:labelLink xlink:type="extended" xlink:role="http://www.xbrl.org/2003/role/link">
    <link:loc xlink:type="locator" xlink:href="../../../cor/dim/siconfi-dim_2019-12-31.xsd#siconfi-dim_ComparativoSaldoDividaAxis" xlink:label="ComparativoSaldoDividaAxis" xlink:title="ComparativoSaldoDividaAxis"/>
    <link:label xlink:type="resource" xlink:label="label_ComparativoSaldoDividaAxis" xlink:role="http://www.xbrl.org/2003/role/label" xlink:title="label_ComparativoSaldoDividaAxis" xml:lang="pt-br" id="label_ComparativoSaldoDividaAxis">Comparativo do Saldo da Dívida [axis] [orientacao=horizontal]</link:label>
    <link:labelArc xlink:type="arc" xlink:arcrole="http://www.xbrl.org/2003/arcrole/concept-label" xlink:from="ComparativoSaldoDividaAxis" xlink:to="label_ComparativoSaldoDividaAxis" xlink:title="label: ComparativoSaldoDividaAxis to label_ComparativoSaldoDividaAxis"/>
    <link:loc xlink:type="locator" xlink:href="../../../cor/dim/siconfi-dim_2019-12-31.xsd#siconfi-dim_ControleDaDisponibilidadeDeCaixaAxis" xlink:label="ControleDaDisponibilidadeDeCaixaAxis" xlink:title="ControleDaDisponibilidadeDeCaixaAxis"/>
    <link:label xlink:type="resource" xlink:label="label_ControleDaDisponibilidadeDeCaixaAxis" xlink:role="http://www.xbrl.org/2003/role/label" xlink:title="label_ControleDaDisponibilidadeDeCaixaAxis" xml:lang="pt-br" id="label_ControleDaDisponibilidadeDeCaixaAxis">Controle da Disponibilidade de Caixa [axis] [orientacao=vertical]</link:label>
    <link:labelArc xlink:type="arc" xlink:arcrole="http://www.xbrl.org/2003/arcrole/concept-label" xlink:from="ControleDaDisponibilidadeDeCaixaAxis" xlink:to="label_ControleDaDisponibilidadeDeCaixaAxis" xlink:title="label: ControleDaDisponibilidadeDeCaixaAxis to label_ControleDaDisponibilidadeDeCaixaAxis"/>
    <link:loc xlink:type="locator" xlink:href="../../../cor/dim/siconfi-dim_2019-12-31.xsd#siconfi-dim_IdentificacaoDosRecursosVinculadosAxis" xlink:label="IdentificacaoDosRecursosVinculadosAxis" xlink:title="IdentificacaoDosRecursosVinculadosAxis"/>
    <link:label xlink:type="resource" xlink:label="label_IdentificacaoDosRecursosVinculadosAxis" xlink:role="http://www.xbrl.org/2003/role/label" xlink:title="label_IdentificacaoDosRecursosVinculadosAxis" xml:lang="pt-br" id="label_IdentificacaoDosRecursosVinculadosAxis">IDENTIFICAÇÃO DOS RECURSOS VINCULADOS [axis] [orientacao=vertical]</link:label>
    <link:labelArc xlink:type="arc" xlink:arcrole="http://www.xbrl.org/2003/arcrole/concept-label" xlink:from="IdentificacaoDosRecursosVinculadosAxis" xlink:to="label_IdentificacaoDosRecursosVinculadosAxis" xlink:title="label: IdentificacaoDosRecursosVinculadosAxis to label_IdentificacaoDosRecursosVinculadosAxis"/>
    <link:loc xlink:type="locator" xlink:href="../../../cor/dim/siconfi-dim_2019-12-31.xsd#siconfi-dim_IdentificacaoDosRecursosNaoVinculadosAxis" xlink:label="IdentificacaoDosRecursosNaoVinculadosAxis" xlink:title="IdentificacaoDosRecursosNaoVinculadosAxis"/>
    <link:label xlink:type="resource" xlink:label="label_IdentificacaoDosRecursosNaoVinculadosAxis" xlink:role="http://www.xbrl.org/2003/role/label" xlink:title="label_IdentificacaoDosRecursosNaoVinculadosAxis" xml:lang="pt-br" id="label_IdentificacaoDosRecursosNaoVinculadosAxis">IDENTIFICAÇÃO DOS RECURSOS NÃO VINCULADOS [axis] [orientacao=vertical]</link:label>
    <link:labelArc xlink:type="arc" xlink:arcrole="http://www.xbrl.org/2003/arcrole/concept-label" xlink:from="IdentificacaoDosRecursosNaoVinculadosAxis" xlink:to="label_IdentificacaoDosRecursosNaoVinculadosAxis" xlink:title="label: IdentificacaoDosRecursosNaoVinculadosAxis to label_IdentificacaoDosRecursosNaoVinculadosAxis"/>
    <link:loc xlink:type="locator" xlink:href="../../../cor/dim/siconfi-dim_2019-12-31.xsd#siconfi-dim_InsuficienciaDeCaixaDoConsorcioPublicoMember" xlink:label="InsuficienciaDeCaixaDoConsorcioPublicoMember" xlink:title="InsuficienciaDeCaixaDoConsorcioPublicoMember"/>
    <link:label xlink:type="resource" xlink:label="label_InsuficienciaDeCaixaDoConsorcioPublicoMember" xlink:role="http://www.xbrl.org/2003/role/label" xlink:title="label_InsuficienciaDeCaixaDoConsorcioPublicoMember" xml:lang="pt-br" id="label_InsuficienciaDeCaixaDoConsorcioPublicoMember">INSUFICIÊNCIA DE CAIXA DO CONSÓRCIO PÚBLICO (IV) [member]</link:label>
    <link:labelArc xlink:type="arc" xlink:arcrole="http://www.xbrl.org/2003/arcrole/concept-label" xlink:from="InsuficienciaDeCaixaDoConsorcioPublicoMember" xlink:to="label_InsuficienciaDeCaixaDoConsorcioPublicoMember" xlink:title="label: InsuficienciaDeCaixaDoConsorcioPublicoMember to label_InsuficienciaDeCaixaDoConsorcioPublicoMember"/>
    <link:loc xlink:type="locator" xlink:href="../../../cor/dim/siconfi-dim_2019-12-31.xsd#siconfi-dim_RegimeProprioDePrevidenciaDosServidoresMember" xlink:label="RegimeProprioDePrevidenciaDosServidoresMember" xlink:title="RegimeProprioDePrevidenciaDosServidoresMember"/>
    <link:label xlink:type="resource" xlink:label="label_RegimeProprioDePrevidenciaDosServidoresMember" xlink:role="http://www.xbrl.org/2003/role/label" xlink:title="label_RegimeProprioDePrevidenciaDosServidoresMember" xml:lang="pt-br" id="label_RegimeProprioDePrevidenciaDosServidoresMember">REGIME PRÓPRIO DE PREVIDÊNCIA DOS SERVIDORES¹ [member]</link:label>
    <link:labelArc xlink:type="arc" xlink:arcrole="http://www.xbrl.org/2003/arcrole/concept-label" xlink:from="RegimeProprioDePrevidenciaDosServidoresMember" xlink:to="label_RegimeProprioDePrevidenciaDosServidoresMember" xlink:title="label: RegimeProprioDePrevidenciaDosServidoresMember to label_RegimeProprioDePrevidenciaDosServidoresMember"/>
    <link:loc xlink:type="locator" xlink:href="../../../cor/dim/siconfi-dim_2019-12-31.xsd#siconfi-dim_TotalDoEnteMaisConsorcioPublicoMember" xlink:label="TotalDoEnteMaisConsorcioPublicoMember" xlink:title="TotalDoEnteMaisConsorcioPublicoMember"/>
    <link:label xlink:type="resource" xlink:label="label_TotalDoEnteMaisConsorcioPublicoMember" xlink:role="http://www.xbrl.org/2003/role/label" xlink:title="label_TotalDoEnteMaisConsorcioPublicoMember" xml:lang="pt-br" id="label_TotalDoEnteMaisConsorcioPublicoMember">TOTAL DO ENTE MAIS CONSÓRCIO PÚBLICO (V) = (III + IV) [member]</link:label>
    <link:labelArc xlink:type="arc" xlink:arcrole="http://www.xbrl.org/2003/arcrole/concept-label" xlink:from="TotalDoEnteMaisConsorcioPublicoMember" xlink:to="label_TotalDoEnteMaisConsorcioPublicoMember" xlink:title="label: TotalDoEnteMaisConsorcioPublicoMember to label_TotalDoEnteMaisConsorcioPublicoMember"/>
    <link:label xlink:type="resource" xlink:label="label_Fonteanexo5tabela5.0RGF" xlink:role="http://www.xbrl.org/2003/role/label" xlink:title="label_Fonteanexo5tabela5.0RGF" xml:lang="pt-br" id="label_Fonteanexo5tabela5.0GF">Notas Explicativas</link:label>
  </link:labelLink>
</link:linkbase>
