<?xml version="1.0" encoding="UTF-8"?>
<!-- Generated by Fujitsu Interstage XWand B0196 -->
<link:linkbase xmlns:xsi="http://www.w3.org/2001/XMLSchema-instance" xsi:schemaLocation="http://www.xbrl.org/2003/linkbase http://www.xbrl.org/2003/xbrl-linkbase-2003-12-31.xsd" xmlns:siconfi-rgf-anexo6consorciospublicos="http://fazenda.gov.br/siconfi/rep/rgf/anexo6consorciospublicos/siconfi-rgf-anexo6consorciospublicos_2019-12-31" xmlns:link="http://www.xbrl.org/2003/linkbase" xmlns:xlink="http://www.w3.org/1999/xlink" xmlns:xbrli="http://www.xbrl.org/2003/instance">
  <link:roleRef roleURI="http://fazenda.gov.br/siconfi/rep/rgf/anexo6/siconfi-rgf-anexo6-tabela6.1" xlink:type="simple" xlink:href="siconfi-rgf-anexo6consorciospublicos_2019-12-31.xsd#siconfi-rgf-anexo6-tabela6.1"/>
  <link:roleRef roleURI="http://fazenda.gov.br/siconfi/rep/rgf/anexo6/siconfi-rgf-anexo6-tabela6.1A" xlink:type="simple" xlink:href="siconfi-rgf-anexo6consorciospublicos_2019-12-31.xsd#siconfi-rgf-anexo6-tabela6.1A"/>
  <link:labelLink xlink:type="extended" xlink:role="http://www.xbrl.org/2003/role/link">
    <link:loc xlink:type="locator" xlink:href="siconfi-rgf-anexo6consorciospublicos_2019-12-31.xsd#siconfi-rgf-anexo6consorciospublicos_DespesaTotalComPessoalTable" xlink:label="DespesaTotalComPessoalTable" xlink:title="DespesaTotalComPessoalTable"/>
    <link:label xlink:type="resource" xlink:label="label_DespesaTotalComPessoalTable" xlink:role="http://www.xbrl.org/2003/role/label" xlink:title="label_DespesaTotalComPessoalTable" xml:lang="pt-br" id="label_DespesaTotalComPessoalTable">Despesa Total Com Pessoal [table]</link:label>
    <link:labelArc xlink:type="arc" xlink:arcrole="http://www.xbrl.org/2003/arcrole/concept-label" xlink:from="DespesaTotalComPessoalTable" xlink:to="label_DespesaTotalComPessoalTable" xlink:title="label: DespesaTotalComPessoalTable to label_DespesaTotalComPessoalTable"/>
    <link:loc xlink:type="locator" xlink:href="siconfi-rgf-anexo6consorciospublicos_2019-12-31.xsd#siconfi-rgf-anexo6consorciospublicos_ResumoDividaConsolidadaTable" xlink:label="ResumoDividaConsolidadaTable" xlink:title="ResumoDividaConsolidadaTable"/>
    <link:label xlink:type="resource" xlink:label="label_ResumoDividaConsolidadaTable" xlink:role="http://www.xbrl.org/2003/role/label" xlink:title="label_ResumoDividaConsolidadaTable" xml:lang="pt-br" id="label_ResumoDividaConsolidadaTable">Resumo Dívida Consolidada [table]</link:label>
    <link:labelArc xlink:type="arc" xlink:arcrole="http://www.xbrl.org/2003/arcrole/concept-label" xlink:from="ResumoDividaConsolidadaTable" xlink:to="label_ResumoDividaConsolidadaTable" xlink:title="label: ResumoDividaConsolidadaTable to label_ResumoDividaConsolidadaTable"/>
    <link:loc xlink:type="locator" xlink:href="siconfi-rgf-anexo6consorciospublicos_2019-12-31.xsd#siconfi-rgf-anexo6consorciospublicos_ResumoGarantiasDeValoresTable" xlink:label="ResumoGarantiasDeValoresTable" xlink:title="ResumoGarantiasDeValoresTable"/>
    <link:label xlink:type="resource" xlink:label="label_ResumoGarantiasDeValoresTable" xlink:role="http://www.xbrl.org/2003/role/label" xlink:title="label_ResumoGarantiasDeValoresTable" xml:lang="pt-br" id="label_ResumoGarantiasDeValoresTable">Resumo Garantias de Valores [table]</link:label>
    <link:labelArc xlink:type="arc" xlink:arcrole="http://www.xbrl.org/2003/arcrole/concept-label" xlink:from="ResumoGarantiasDeValoresTable" xlink:to="label_ResumoGarantiasDeValoresTable" xlink:title="label: ResumoGarantiasDeValoresTable to label_ResumoGarantiasDeValoresTable"/>
  </link:labelLink>
  <link:labelLink xlink:type="extended" xlink:role="http://fazenda.gov.br/siconfi/rep/rgf/anexo6/siconfi-rgf-anexo6-tabela6.1">
    <link:loc xlink:type="locator" xlink:href="../../../cor/dim/siconfi-dim_2019-12-31.xsd#siconfi-dim_ComparativoSaldoDividaAxis" xlink:label="ComparativoSaldoDividaAxis" xlink:title="ComparativoSaldoDividaAxis"/>
    <link:label xlink:type="resource" xlink:label="label_ComparativoSaldoDividaAxis" xlink:role="http://www.xbrl.org/2003/role/label" xlink:title="label_ComparativoSaldoDividaAxis" xml:lang="pt-br" id="label_ComparativoSaldoDividaAxis">Comparativo do Saldo da Dívida [axis] [orientacao=horizontal]</link:label>
    <link:labelArc xlink:type="arc" xlink:arcrole="http://www.xbrl.org/2003/arcrole/concept-label" xlink:from="ComparativoSaldoDividaAxis" xlink:to="label_ComparativoSaldoDividaAxis" xlink:title="label: ComparativoSaldoDividaAxis to label_ComparativoSaldoDividaAxis"/>
    <link:loc xlink:type="locator" xlink:href="../../../cor/dim/siconfi-dim_2019-12-31.xsd#siconfi-dim_ComparativoSaldoGarantiaAxis" xlink:label="ComparativoSaldoGarantiaAxis" xlink:title="ComparativoSaldoGarantiaAxis"/>
    <link:label xlink:type="resource" xlink:label="label_ComparativoSaldoGarantiaAxis" xlink:role="http://www.xbrl.org/2003/role/label" xlink:title="label_ComparativoSaldoGarantiaAxis" xml:lang="pt-br" id="label_ComparativoSaldoGarantiaAxis">Comparativo do Saldo de Garantia [axis]</link:label>
    <link:labelArc xlink:type="arc" xlink:arcrole="http://www.xbrl.org/2003/arcrole/concept-label" xlink:from="ComparativoSaldoGarantiaAxis" xlink:to="label_ComparativoSaldoGarantiaAxis" xlink:title="label: ComparativoSaldoGarantiaAxis to label_ComparativoSaldoGarantiaAxis"/>
    <link:loc xlink:type="locator" xlink:href="../../../cor/dim/siconfi-dim_2019-12-31.xsd#siconfi-dim_ConfrontoDeRestosAPagarComDisponibilidadeDeCaixaAxis" xlink:label="ConfrontoDeRestosAPagarComDisponibilidadeDeCaixaAxis" xlink:title="ConfrontoDeRestosAPagarComDisponibilidadeDeCaixaAxis"/>
    <link:label xlink:type="resource" xlink:label="label_ConfrontoDeRestosAPagarComDisponibilidadeDeCaixaAxis" xlink:role="http://www.xbrl.org/2003/role/label" xlink:title="label_ConfrontoDeRestosAPagarComDisponibilidadeDeCaixaAxis" xml:lang="pt-br" id="label_ConfrontoDeRestosAPagarComDisponibilidadeDeCaixaAxis">Restos a Pagar e Disponibilidade de Caixa [axis] [orientacao=horizontal]</link:label>
    <link:labelArc xlink:type="arc" xlink:arcrole="http://www.xbrl.org/2003/arcrole/concept-label" xlink:from="ConfrontoDeRestosAPagarComDisponibilidadeDeCaixaAxis" xlink:to="label_ConfrontoDeRestosAPagarComDisponibilidadeDeCaixaAxis" xlink:title="label: ConfrontoDeRestosAPagarComDisponibilidadeDeCaixaAxis to label_ConfrontoDeRestosAPagarComDisponibilidadeDeCaixaAxis"/>
    <link:loc xlink:type="locator" xlink:href="../../../cor/dim/siconfi-dim_2019-12-31.xsd#siconfi-dim_ValorRealizadoPeriodoAxis" xlink:label="ValorRealizadoPeriodoAxis" xlink:title="ValorRealizadoPeriodoAxis"/>
    <link:label xlink:type="resource" xlink:label="label_ValorRealizadoPeriodoAxis" xlink:role="http://www.xbrl.org/2003/role/label" xlink:title="label_ValorRealizadoPeriodoAxis" xml:lang="pt-br" id="label_ValorRealizadoPeriodoAxis">Valor Realizado no Período [axis] [orientacao=horizontal]</link:label>
    <link:labelArc xlink:type="arc" xlink:arcrole="http://www.xbrl.org/2003/arcrole/concept-label" xlink:from="ValorRealizadoPeriodoAxis" xlink:to="label_ValorRealizadoPeriodoAxis" xlink:title="label: ValorRealizadoPeriodoAxis to label_ValorRealizadoPeriodoAxis"/>
    <link:loc xlink:type="locator" xlink:href="../../../cor/dim/siconfi-dim_2019-12-31.xsd#siconfi-dim_ApuracaoPercentualSobreARCLMember" xlink:label="ApuracaoPercentualSobreARCLMember" xlink:title="ApuracaoPercentualSobreARCLMember"/>
    <link:label xlink:type="resource" xlink:label="label_ApuracaoPercentualSobreARCLMember" xlink:role="http://www.xbrl.org/2003/role/label" xlink:title="label_ApuracaoPercentualSobreARCLMember" xml:lang="pt-br" id="label_ApuracaoPercentualSobreARCLMember">% SOBRE A RCL [member]</link:label>
    <link:labelArc xlink:type="arc" xlink:arcrole="http://www.xbrl.org/2003/arcrole/concept-label" xlink:from="ApuracaoPercentualSobreARCLMember" xlink:to="label_ApuracaoPercentualSobreARCLMember" xlink:title="label: ApuracaoPercentualSobreARCLMember to label_ApuracaoPercentualSobreARCLMember"/>
    <link:loc xlink:type="locator" xlink:href="../../../cor/dim/siconfi-dim_2019-12-31.xsd#siconfi-dim_ApuracaoValorMember" xlink:label="ApuracaoValorMember" xlink:title="ApuracaoValorMember"/>
    <link:label xlink:type="resource" xlink:label="label_ApuracaoValorMember" xlink:role="http://www.xbrl.org/2003/role/label" xlink:title="label_ApuracaoValorMember" xml:lang="pt-br" id="label_ApuracaoValorMember">VALOR [member]</link:label>
    <link:labelArc xlink:type="arc" xlink:arcrole="http://www.xbrl.org/2003/arcrole/concept-label" xlink:from="ApuracaoValorMember" xlink:to="label_ApuracaoValorMember" xlink:title="label: ApuracaoValorMember to label_ApuracaoValorMember"/>
    <link:loc xlink:type="locator" xlink:href="../../../cor/dim/siconfi-dim_2019-12-31.xsd#siconfi-dim_AteOQuadrimestreDeReferenciaMember" xlink:label="AteOQuadrimestreDeReferenciaMember" xlink:title="AteOQuadrimestreDeReferenciaMember"/>
    <link:label xlink:type="resource" xlink:label="label_AteOQuadrimestreDeReferenciaMember" xlink:role="http://www.xbrl.org/2003/role/label" xlink:title="label_AteOQuadrimestreDeReferenciaMember" xml:lang="pt-br" id="label_AteOQuadrimestreDeReferenciaMember_2">Valor Até o Quadrimestre [member]</link:label>
    <link:labelArc xlink:type="arc" xlink:arcrole="http://www.xbrl.org/2003/arcrole/concept-label" xlink:from="AteOQuadrimestreDeReferenciaMember" xlink:to="label_AteOQuadrimestreDeReferenciaMember" xlink:title="label: AteOQuadrimestreDeReferenciaMember to label_AteOQuadrimestreDeReferenciaMember"/>
    <link:loc xlink:type="locator" xlink:href="../../../cor/dim/siconfi-dim_2019-12-31.xsd#siconfi-dim_DisponibilidadeDeCaixaLiquidaMember" xlink:label="DisponibilidadeDeCaixaLiquidaMember" xlink:title="DisponibilidadeDeCaixaLiquidaMember"/>
    <link:label xlink:type="resource" xlink:label="label_DisponibilidadeDeCaixaLiquidaMember" xlink:role="http://www.xbrl.org/2003/role/label" xlink:title="label_DisponibilidadeDeCaixaLiquidaMember" xml:lang="pt-br" id="label_DisponibilidadeDeCaixaLiquidaMember">DISPONIBILIDADE DE CAIXA LÍQUIDA (APÓS DA INSCRIÇÃO EM RESTOS A PAGAR NÃO PROCESSADOS DO EXERCÍCIO) [member]</link:label>
    <link:labelArc xlink:type="arc" xlink:arcrole="http://www.xbrl.org/2003/arcrole/concept-label" xlink:from="DisponibilidadeDeCaixaLiquidaMember" xlink:to="label_DisponibilidadeDeCaixaLiquidaMember" xlink:title="label: DisponibilidadeDeCaixaLiquidaMember to label_DisponibilidadeDeCaixaLiquidaMember"/>
    <link:loc xlink:type="locator" xlink:href="../../../cor/dim/siconfi-dim_2019-12-31.xsd#siconfi-dim_RestosAPagarEmpenhadosENaoLiquidadosDoExerciciosMember" xlink:label="RestosAPagarEmpenhadosENaoLiquidadosDoExerciciosMember" xlink:title="RestosAPagarEmpenhadosENaoLiquidadosDoExerciciosMember"/>
    <link:label xlink:type="resource" xlink:label="label_RestosAPagarEmpenhadosENaoLiquidadosDoExerciciosMember" xlink:role="http://www.xbrl.org/2003/role/label" xlink:title="label_RestosAPagarEmpenhadosENaoLiquidadosDoExerciciosMember" xml:lang="pt-br" id="label_RestosAPagarEmpenhadosENaoLiquidadosDoExerciciosMember">RESTOS A PAGAR EMPENHADOS E NÃO LIQUIDADOS DO EXERCÍCIO [member]</link:label>
    <link:labelArc xlink:type="arc" xlink:arcrole="http://www.xbrl.org/2003/arcrole/concept-label" xlink:from="RestosAPagarEmpenhadosENaoLiquidadosDoExerciciosMember" xlink:to="label_RestosAPagarEmpenhadosENaoLiquidadosDoExerciciosMember" xlink:title="label: RestosAPagarEmpenhadosENaoLiquidadosDoExerciciosMember to label_RestosAPagarEmpenhadosENaoLiquidadosDoExerciciosMember"/>
    <link:loc xlink:type="locator" xlink:href="../../../cor/dim/siconfi-dim_2019-12-31.xsd#siconfi-dim_SaldoExercicioAtePrimeiroQuadrimestreMember" xlink:label="SaldoExercicioAtePrimeiroQuadrimestreMember" xlink:title="SaldoExercicioAtePrimeiroQuadrimestreMember"/>
    <link:label xlink:type="resource" xlink:label="label_SaldoExercicioAtePrimeiroQuadrimestreMember" xlink:role="http://www.xbrl.org/2003/role/label" xlink:title="label_SaldoExercicioAtePrimeiroQuadrimestreMember" xml:lang="pt-br" id="label_SaldoExercicioAtePrimeiroQuadrimestreMember">Saldo Exercício até o Primeiro Quadrimestre [member]</link:label>
    <link:labelArc xlink:type="arc" xlink:arcrole="http://www.xbrl.org/2003/arcrole/concept-label" xlink:from="SaldoExercicioAtePrimeiroQuadrimestreMember" xlink:to="label_SaldoExercicioAtePrimeiroQuadrimestreMember" xlink:title="label: SaldoExercicioAtePrimeiroQuadrimestreMember to label_SaldoExercicioAtePrimeiroQuadrimestreMember"/>
    <link:loc xlink:type="locator" xlink:href="../../../cor/dim/siconfi-dim_2019-12-31.xsd#siconfi-dim_SaldoExercicioAteSegundoQuadrimestreMember" xlink:label="SaldoExercicioAteSegundoQuadrimestreMember" xlink:title="SaldoExercicioAteSegundoQuadrimestreMember"/>
    <link:label xlink:type="resource" xlink:label="label_SaldoExercicioAteSegundoQuadrimestreMember" xlink:role="http://www.xbrl.org/2003/role/label" xlink:title="label_SaldoExercicioAteSegundoQuadrimestreMember" xml:lang="pt-br" id="label_SaldoExercicioAteSegundoQuadrimestreMember">Saldo Exercício até o Segundo Quadrimestre [member]</link:label>
    <link:labelArc xlink:type="arc" xlink:arcrole="http://www.xbrl.org/2003/arcrole/concept-label" xlink:from="SaldoExercicioAteSegundoQuadrimestreMember" xlink:to="label_SaldoExercicioAteSegundoQuadrimestreMember" xlink:title="label: SaldoExercicioAteSegundoQuadrimestreMember to label_SaldoExercicioAteSegundoQuadrimestreMember"/>
    <link:loc xlink:type="locator" xlink:href="../../../cor/dim/siconfi-dim_2019-12-31.xsd#siconfi-dim_SaldoExercicioAteTerceiroQuadrimestreMember" xlink:label="SaldoExercicioAteTerceiroQuadrimestreMember" xlink:title="SaldoExercicioAteTerceiroQuadrimestreMember"/>
    <link:label xlink:type="resource" xlink:label="label_SaldoExercicioAteTerceiroQuadrimestreMember" xlink:role="http://www.xbrl.org/2003/role/label" xlink:title="label_SaldoExercicioAteTerceiroQuadrimestreMember" xml:lang="pt-br" id="label_SaldoExercicioAteTerceiroQuadrimestreMember">Saldo Exercício até o Terceiro Quadrimestre [member]</link:label>
    <link:labelArc xlink:type="arc" xlink:arcrole="http://www.xbrl.org/2003/arcrole/concept-label" xlink:from="SaldoExercicioAteTerceiroQuadrimestreMember" xlink:to="label_SaldoExercicioAteTerceiroQuadrimestreMember" xlink:title="label: SaldoExercicioAteTerceiroQuadrimestreMember to label_SaldoExercicioAteTerceiroQuadrimestreMember"/>
    <link:loc xlink:type="locator" xlink:href="../../../cor/dim/siconfi-dim_2019-12-31.xsd#siconfi-dim_SaldoMember" xlink:label="SaldoMember" xlink:title="SaldoMember"/>
    <link:label xlink:type="resource" xlink:label="label_SaldoMember" xlink:role="http://www.xbrl.org/2003/role/label" xlink:title="label_SaldoMember" xml:lang="pt-br" id="label_SaldoMember">Saldo [member]</link:label>
    <link:labelArc xlink:type="arc" xlink:arcrole="http://www.xbrl.org/2003/arcrole/concept-label" xlink:from="SaldoMember" xlink:to="label_SaldoMember" xlink:title="label: SaldoMember to label_SaldoMember"/>
    <link:loc xlink:type="locator" xlink:href="../../../cor/dim/siconfi-dim_2019-12-31.xsd#siconfi-dim_ValorApuradoAteOBimestreEnsinoMember" xlink:label="ValorApuradoAteOBimestreEnsinoMember" xlink:title="ValorApuradoAteOBimestreEnsinoMember"/>
    <link:label xlink:type="resource" xlink:label="label_ValorApuradoAteOBimestreEnsinoMember" xlink:role="http://www.xbrl.org/2003/role/label" xlink:title="label_ValorApuradoAteOBimestreEnsinoMember" xml:lang="pt-br" id="label_ValorApuradoAteOBimestreEnsinoMember">Valor até o Bimestre/Semestre [member]</link:label>
    <link:labelArc xlink:type="arc" xlink:arcrole="http://www.xbrl.org/2003/arcrole/concept-label" xlink:from="ValorApuradoAteOBimestreEnsinoMember" xlink:to="label_ValorApuradoAteOBimestreEnsinoMember" xlink:title="label: ValorApuradoAteOBimestreEnsinoMember to label_ValorApuradoAteOBimestreEnsinoMember"/>
    <link:loc xlink:type="locator" xlink:href="../../../cor/dim/siconfi-dim_2019-12-31.xsd#siconfi-dim_ValorAteOBimestreAxis" xlink:label="ValorAteOBimestreAxis" xlink:title="ValorAteOBimestreAxis"/>
    <link:label xlink:type="resource" xlink:label="label_ValorAteOBimestreAxis" xlink:role="http://www.xbrl.org/2003/role/label" xlink:title="label_ValorAteOBimestreAxis" xml:lang="pt-br" id="label_ValorAteOBimestreAxis">Valor Até o Bimestre/Semestre [axis] [orientacao=horizontal]</link:label>
    <link:labelArc xlink:type="arc" xlink:arcrole="http://www.xbrl.org/2003/arcrole/concept-label" xlink:from="ValorAteOBimestreAxis" xlink:to="label_ValorAteOBimestreAxis" xlink:title="label: ValorAteOBimestreAxis to label_ValorAteOBimestreAxis"/>
    <link:loc xlink:type="locator" xlink:href="../../../cor/dim/siconfi-dim_2019-12-31.xsd#siconfi-dim_ValorRealizadoNoPeriodoDespesaComPessoalAxis" xlink:label="ValorRealizadoNoPeriodoDespesaComPessoalAxis" xlink:title="ValorRealizadoNoPeriodoDespesaComPessoalAxis"/>
    <link:label xlink:type="resource" xlink:label="label_ValorRealizadoNoPeriodoDespesaComPessoalAxis" xlink:role="http://www.xbrl.org/2003/role/label" xlink:title="label_ValorRealizadoNoPeriodoDespesaComPessoalAxis" xml:lang="pt-br" id="label_ValorRealizadoNoPeriodoDespesaComPessoalAxis">Valor Realizado no Período [axis]</link:label>
    <link:labelArc xlink:type="arc" xlink:arcrole="http://www.xbrl.org/2003/arcrole/concept-label" xlink:from="ValorRealizadoNoPeriodoDespesaComPessoalAxis" xlink:to="label_ValorRealizadoNoPeriodoDespesaComPessoalAxis" xlink:title="label: ValorRealizadoNoPeriodoDespesaComPessoalAxis to label_ValorRealizadoNoPeriodoDespesaComPessoalAxis"/>
    <link:loc xlink:type="locator" xlink:href="../../../cor/ic/siconfi-cor_2019-12-31.xsd#siconfi-cor_DespesaTotalComPessoalDemonstrativoSimplificado" xlink:label="DespesaTotalComPessoalDemonstrativoSimplificado" xlink:title="DespesaTotalComPessoalDemonstrativoSimplificado"/>
    <link:label xlink:type="resource" xlink:label="label_DespesaTotalComPessoalDemonstrativoSimplificado" xlink:role="http://www.xbrl.org/2003/role/label" xlink:title="label_DespesaTotalComPessoalDemonstrativoSimplificado" xml:lang="pt-br" id="label_DespesaTotalComPessoalDemonstrativoSimplificado">Despesa Total com Pessoal - DTP</link:label>
    <link:labelArc xlink:type="arc" xlink:arcrole="http://www.xbrl.org/2003/arcrole/concept-label" xlink:from="DespesaTotalComPessoalDemonstrativoSimplificado" xlink:to="label_DespesaTotalComPessoalDemonstrativoSimplificado" xlink:title="label: DespesaTotalComPessoalDemonstrativoSimplificado to label_DespesaTotalComPessoalDemonstrativoSimplificado"/>
    <link:loc xlink:type="locator" xlink:href="../../../cor/ic/siconfi-cor_2019-12-31.xsd#siconfi-cor_DividaConsolidadaLiquidaDemonstrativoSimplificado" xlink:label="DividaConsolidadaLiquidaDemonstrativoSimplificado" xlink:title="DividaConsolidadaLiquidaDemonstrativoSimplificado"/>
    <link:label xlink:type="resource" xlink:label="label_DividaConsolidadaLiquidaDemonstrativoSimplificado" xlink:role="http://www.xbrl.org/2003/role/label" xlink:title="label_DividaConsolidadaLiquidaDemonstrativoSimplificado" xml:lang="pt-br" id="label_DividaConsolidadaLiquidaDemonstrativoSimplificado">Dívida Consolidada Líquida</link:label>
    <link:labelArc xlink:type="arc" xlink:arcrole="http://www.xbrl.org/2003/arcrole/concept-label" xlink:from="DividaConsolidadaLiquidaDemonstrativoSimplificado" xlink:to="label_DividaConsolidadaLiquidaDemonstrativoSimplificado" xlink:title="label: DividaConsolidadaLiquidaDemonstrativoSimplificado to label_DividaConsolidadaLiquidaDemonstrativoSimplificado"/>
    <link:loc xlink:type="locator" xlink:href="../../../cor/ic/siconfi-cor_2019-12-31.xsd#siconfi-cor_LimiteDefinidoPorResolucaoDoSenadoFederalDividaConsolidadaDemonstrativoSimplificado" xlink:label="LimiteDefinidoPorResolucaoDoSenadoFederalDividaConsolidadaDemonstrativoSimplificado" xlink:title="LimiteDefinidoPorResolucaoDoSenadoFederalDividaConsolidadaDemonstrativoSimplificado"/>
    <link:label xlink:type="resource" xlink:label="label_LimiteDefinidoPorResolucaoDoSenadoFederalDividaConsolidadaDemonstrativoSimplificado" xlink:role="http://www.xbrl.org/2003/role/label" xlink:title="label_LimiteDefinidoPorResolucaoDoSenadoFederalDividaConsolidadaDemonstrativoSimplificado" xml:lang="pt-br" id="label_LimiteDefinidoPorResolucaoDoSenadoFederalDividaConsolidadaDemonstrativoSimplificado">Limite Definido por Resolução do Senado Federal</link:label>
    <link:labelArc xlink:type="arc" xlink:arcrole="http://www.xbrl.org/2003/arcrole/concept-label" xlink:from="LimiteDefinidoPorResolucaoDoSenadoFederalDividaConsolidadaDemonstrativoSimplificado" xlink:to="label_LimiteDefinidoPorResolucaoDoSenadoFederalDividaConsolidadaDemonstrativoSimplificado" xlink:title="label: LimiteDefinidoPorResolucaoDoSenadoFederalDividaConsolidadaDemonstrativoSimplificado to label_LimiteDefinidoPorResolucaoDoSenadoFederalDividaConsolidadaDemonstrativoSimplificado"/>
    <link:loc xlink:type="locator" xlink:href="../../../cor/ic/siconfi-cor_2019-12-31.xsd#siconfi-cor_LimiteDefinidoPorResolucaoDoSenadoFederalGarantiasDemonstrativoSimplificado" xlink:label="LimiteDefinidoPorResolucaoDoSenadoFederalGarantiasDemonstrativoSimplificado" xlink:title="LimiteDefinidoPorResolucaoDoSenadoFederalGarantiasDemonstrativoSimplificado"/>
    <link:label xlink:type="resource" xlink:label="label_LimiteDefinidoPorResolucaoDoSenadoFederalGarantiasDemonstrativoSimplificado" xlink:role="http://www.xbrl.org/2003/role/label" xlink:title="label_LimiteDefinidoPorResolucaoDoSenadoFederalGarantiasDemonstrativoSimplificado" xml:lang="pt-br" id="label_LimiteDefinidoPorResolucaoDoSenadoFederalGarantiasDemonstrativoSimplificado">Limite Definido por Resolução do Senado Federal</link:label>
    <link:labelArc xlink:type="arc" xlink:arcrole="http://www.xbrl.org/2003/arcrole/concept-label" xlink:from="LimiteDefinidoPorResolucaoDoSenadoFederalGarantiasDemonstrativoSimplificado" xlink:to="label_LimiteDefinidoPorResolucaoDoSenadoFederalGarantiasDemonstrativoSimplificado" xlink:title="label: LimiteDefinidoPorResolucaoDoSenadoFederalGarantiasDemonstrativoSimplificado to label_LimiteDefinidoPorResolucaoDoSenadoFederalGarantiasDemonstrativoSimplificado"/>
    <link:loc xlink:type="locator" xlink:href="../../../cor/ic/siconfi-cor_2019-12-31.xsd#siconfi-cor_TotalDasGarantiasConcedidasDemonstrativoSimplificado" xlink:label="TotalDasGarantiasConcedidasDemonstrativoSimplificado" xlink:title="TotalDasGarantiasConcedidasDemonstrativoSimplificado"/>
    <link:label xlink:type="resource" xlink:label="label_TotalDasGarantiasConcedidasDemonstrativoSimplificado" xlink:role="http://www.xbrl.org/2003/role/label" xlink:title="label_TotalDasGarantiasConcedidasDemonstrativoSimplificado" xml:lang="pt-br" id="label_TotalDasGarantiasConcedidasDemonstrativoSimplificado">Total das Garantias Concedidas</link:label>
    <link:labelArc xlink:type="arc" xlink:arcrole="http://www.xbrl.org/2003/arcrole/concept-label" xlink:from="TotalDasGarantiasConcedidasDemonstrativoSimplificado" xlink:to="label_TotalDasGarantiasConcedidasDemonstrativoSimplificado" xlink:title="label: TotalDasGarantiasConcedidasDemonstrativoSimplificado to label_TotalDasGarantiasConcedidasDemonstrativoSimplificado"/>
    <link:loc xlink:type="locator" xlink:href="../../../cor/ic/siconfi-cor_2019-12-31.xsd#siconfi-cor_ValorTotalRestosAPagarDemonstrativoSimplificado" xlink:label="ValorTotalRestosAPagarDemonstrativoSimplificado" xlink:title="ValorTotalRestosAPagarDemonstrativoSimplificado"/>
    <link:label xlink:type="resource" xlink:label="label_ValorTotalRestosAPagarDemonstrativoSimplificado" xlink:role="http://www.xbrl.org/2003/role/label" xlink:title="label_ValorTotalRestosAPagarDemonstrativoSimplificado" xml:lang="pt-br" id="label_ValorTotalRestosAPagarDemonstrativoSimplificado">Valor Total</link:label>
    <link:labelArc xlink:type="arc" xlink:arcrole="http://www.xbrl.org/2003/arcrole/concept-label" xlink:from="ValorTotalRestosAPagarDemonstrativoSimplificado" xlink:to="label_ValorTotalRestosAPagarDemonstrativoSimplificado" xlink:title="label: ValorTotalRestosAPagarDemonstrativoSimplificado to label_ValorTotalRestosAPagarDemonstrativoSimplificado"/>
    <link:loc xlink:type="locator" xlink:href="../../../cor/ic/siconfi-cor_2019-12-31.xsd#siconfi-cor_FonteAnexo6Tabela6.0RGF" xlink:label="FonteAnexo6Tabela6.0RGF" xlink:title="FonteAnexo6Tabela6.0RGF"/>
    <link:label xlink:type="resource" xlink:label="label_FonteAnexo6Tabela6.0RGF" xlink:role="http://www.xbrl.org/2003/role/label" xlink:title="label_FonteAnexo6Tabela6.0RGF" xml:lang="pt-br" id="label_FonteAnexo6Tabela6.0RGF">Notas Explicativas</link:label>
    <link:labelArc xlink:type="arc" xlink:arcrole="http://www.xbrl.org/2003/arcrole/concept-label" xlink:from="FonteAnexo6Tabela6.0RGF" xlink:to="label_FonteAnexo6Tabela6.0RGF" xlink:title="label: FonteAnexo6Tabela6.0RGF to label_FonteAnexo6Tabela6.0RGF"/>
    <link:loc xlink:type="locator" xlink:href="siconfi-rgf-anexo6consorciospublicos_2019-12-31.xsd#siconfi-rgf-anexo6_ReceitaCorrenteLiquidaTable" xlink:label="ReceitaCorrenteLiquidaTable" xlink:title="ReceitaCorrenteLiquidaTable"/>
    <link:label xlink:type="resource" xlink:label="label_ReceitaCorrenteLiquidaTable" xlink:role="http://www.xbrl.org/2003/role/label" xlink:title="label_ReceitaCorrenteLiquidaTable" xml:lang="pt-br" id="label_ReceitaCorrenteLiquidaTable">Receita Corrente Líquida [table]</link:label>
    <link:labelArc xlink:type="arc" xlink:arcrole="http://www.xbrl.org/2003/arcrole/concept-label" xlink:from="ReceitaCorrenteLiquidaTable" xlink:to="label_ReceitaCorrenteLiquidaTable" xlink:title="label: ReceitaCorrenteLiquidaTable to label_ReceitaCorrenteLiquidaTable"/>
    <link:loc xlink:type="locator" xlink:href="siconfi-rgf-anexo6consorciospublicos_2019-12-31.xsd#siconfi-rgf-anexo6_DemonstrativoAnexo6Abstract" xlink:label="DemonstrativoAnexo6Abstract" xlink:title="DemonstrativoAnexo6Abstract"/>
    <link:label xlink:type="resource" xlink:label="label_DemonstrativoAnexo6Abstract" xlink:role="http://www.xbrl.org/2003/role/label" xlink:title="label_DemonstrativoAnexo6Abstract" xml:lang="pt-br" id="label_DemonstrativoAnexo6Abstract">RGF - Anexo 6 (LRF, art. 48) [abstract]</link:label>
    <link:labelArc xlink:type="arc" xlink:arcrole="http://www.xbrl.org/2003/arcrole/concept-label" xlink:from="DemonstrativoAnexo6Abstract" xlink:to="label_DemonstrativoAnexo6Abstract" xlink:title="label: DemonstrativoAnexo6Abstract to label_DemonstrativoAnexo6Abstract"/>
    <link:loc xlink:type="locator" xlink:href="siconfi-rgf-anexo6consorciospublicos_2019-12-31.xsd#siconfi-rgf-anexo7uniao_ApuracaoSobreRestosAPagarTable" xlink:label="ApuracaoSobreRestosAPagarTable" xlink:title="ApuracaoSobreRestosAPagarTable"/>
    <link:label xlink:type="resource" xlink:label="label_ApuracaoSobreRestosAPagarTable" xlink:role="http://www.xbrl.org/2003/role/label" xlink:title="label_ApuracaoSobreRestosAPagarTable" xml:lang="pt-br" id="label_ApuracaoSobreRestosAPagarTable">Apuração Simplificada sobre Restos a Pagar [table]</link:label>
    <link:labelArc xlink:type="arc" xlink:arcrole="http://www.xbrl.org/2003/arcrole/concept-label" xlink:from="ApuracaoSobreRestosAPagarTable" xlink:to="label_ApuracaoSobreRestosAPagarTable" xlink:title="label: ApuracaoSobreRestosAPagarTable to label_ApuracaoSobreRestosAPagarTable"/>
    <link:loc xlink:type="locator" xlink:href="siconfi-rgf-anexo6consorciospublicos_2019-12-31.xsd#siconfi-rgf-anexo7uniao_ApuracaoSobreRestosAPagarAbstract" xlink:label="ApuracaoSobreRestosAPagarAbstract" xlink:title="ApuracaoSobreRestosAPagarAbstract"/>
    <link:label xlink:type="resource" xlink:label="label_ApuracaoSobreRestosAPagarAbstract" xlink:role="http://www.xbrl.org/2003/role/label" xlink:title="label_ApuracaoSobreRestosAPagarAbstract" xml:lang="pt-br" id="label_ApuracaoSobreRestosAPagarAbstract">[005] Restos a Pagar [abstract]</link:label>
    <link:labelArc xlink:type="arc" xlink:arcrole="http://www.xbrl.org/2003/arcrole/concept-label" xlink:from="ApuracaoSobreRestosAPagarAbstract" xlink:to="label_ApuracaoSobreRestosAPagarAbstract" xlink:title="label: ApuracaoSobreRestosAPagarAbstract to label_ApuracaoSobreRestosAPagarAbstract"/>
    <link:loc xlink:type="locator" xlink:href="siconfi-rgf-anexo6consorciospublicos_2019-12-31.xsd#siconfi-rgf-anexo7uniao_ApuracaoSobreRestosAPagarLineItems" xlink:label="ApuracaoSobreRestosAPagarLineItems" xlink:title="ApuracaoSobreRestosAPagarLineItems"/>
    <link:label xlink:type="resource" xlink:label="label_ApuracaoSobreRestosAPagarLineItems" xlink:role="http://www.xbrl.org/2003/role/label" xlink:title="label_ApuracaoSobreRestosAPagarLineItems" xml:lang="pt-br" id="label_ApuracaoSobreRestosAPagarLineItems">[006] Restos a Pagar [line items]</link:label>
    <link:labelArc xlink:type="arc" xlink:arcrole="http://www.xbrl.org/2003/arcrole/concept-label" xlink:from="ApuracaoSobreRestosAPagarLineItems" xlink:to="label_ApuracaoSobreRestosAPagarLineItems" xlink:title="label: ApuracaoSobreRestosAPagarLineItems to label_ApuracaoSobreRestosAPagarLineItems"/>
    <link:loc xlink:type="locator" xlink:href="siconfi-rgf-anexo6consorciospublicos_2019-12-31.xsd#siconfi-rgf-anexo7uniao_DespesaComPessoalAbstract" xlink:label="DespesaComPessoalAbstract" xlink:title="DespesaComPessoalAbstract"/>
    <link:label xlink:type="resource" xlink:label="label_DespesaComPessoalAbstract" xlink:role="http://www.xbrl.org/2003/role/label" xlink:title="label_DespesaComPessoalAbstract" xml:lang="pt-br" id="label_DespesaComPessoalAbstract">[003] Despesa com Pessoal [abstract]</link:label>
    <link:labelArc xlink:type="arc" xlink:arcrole="http://www.xbrl.org/2003/arcrole/concept-label" xlink:from="DespesaComPessoalAbstract" xlink:to="label_DespesaComPessoalAbstract" xlink:title="label: DespesaComPessoalAbstract to label_DespesaComPessoalAbstract"/>
    <link:loc xlink:type="locator" xlink:href="siconfi-rgf-anexo6consorciospublicos_2019-12-31.xsd#siconfi-rgf-anexo7uniao_DividaConsolidadaAbstract" xlink:label="DividaConsolidadaAbstract" xlink:title="DividaConsolidadaAbstract"/>
    <link:label xlink:type="resource" xlink:label="label_DividaConsolidadaAbstract" xlink:role="http://www.xbrl.org/2003/role/label" xlink:title="label_DividaConsolidadaAbstract" xml:lang="pt-br" id="label_DividaConsolidadaAbstract">[005] Dívida Consolidada [abstract]</link:label>
    <link:labelArc xlink:type="arc" xlink:arcrole="http://www.xbrl.org/2003/arcrole/concept-label" xlink:from="DividaConsolidadaAbstract" xlink:to="label_DividaConsolidadaAbstract" xlink:title="label: DividaConsolidadaAbstract to label_DividaConsolidadaAbstract"/>
    <link:loc xlink:type="locator" xlink:href="siconfi-rgf-anexo6consorciospublicos_2019-12-31.xsd#siconfi-rgf-anexo7uniao_GarantiasDeValoresAbstract" xlink:label="GarantiasDeValoresAbstract" xlink:title="GarantiasDeValoresAbstract"/>
    <link:label xlink:type="resource" xlink:label="label_GarantiasDeValoresAbstract" xlink:role="http://www.xbrl.org/2003/role/label" xlink:title="label_GarantiasDeValoresAbstract" xml:lang="pt-br" id="label_GarantiasDeValoresAbstract">[007] Garantias de Valores [abstract]</link:label>
    <link:labelArc xlink:type="arc" xlink:arcrole="http://www.xbrl.org/2003/arcrole/concept-label" xlink:from="GarantiasDeValoresAbstract" xlink:to="label_GarantiasDeValoresAbstract" xlink:title="label: GarantiasDeValoresAbstract to label_GarantiasDeValoresAbstract"/>
    <link:loc xlink:type="locator" xlink:href="siconfi-rgf-anexo6consorciospublicos_2019-12-31.xsd#siconfi-rgf-anexo7uniao_OperacoesDeCreditoAbstract" xlink:label="OperacoesDeCreditoAbstract" xlink:title="OperacoesDeCreditoAbstract"/>
    <link:label xlink:type="resource" xlink:label="label_OperacoesDeCreditoAbstract" xlink:role="http://www.xbrl.org/2003/role/label" xlink:title="label_OperacoesDeCreditoAbstract" xml:lang="pt-br" id="label_OperacoesDeCreditoAbstract">[009] Operações de Crédito [abstract]</link:label>
    <link:labelArc xlink:type="arc" xlink:arcrole="http://www.xbrl.org/2003/arcrole/concept-label" xlink:from="OperacoesDeCreditoAbstract" xlink:to="label_OperacoesDeCreditoAbstract" xlink:title="label: OperacoesDeCreditoAbstract to label_OperacoesDeCreditoAbstract"/>
    <link:loc xlink:type="locator" xlink:href="siconfi-rgf-anexo6consorciospublicos_2019-12-31.xsd#siconfi-rgf-anexo7uniao_RestosAPagarAbstract" xlink:label="RestosAPagarAbstract" xlink:title="RestosAPagarAbstract"/>
    <link:label xlink:type="resource" xlink:label="label_RestosAPagarAbstract" xlink:role="http://www.xbrl.org/2003/role/label" xlink:title="label_RestosAPagarAbstract" xml:lang="pt-br" id="label_RestosAPagarAbstract">[013] Restos a Pagar [abstract]</link:label>
    <link:labelArc xlink:type="arc" xlink:arcrole="http://www.xbrl.org/2003/arcrole/concept-label" xlink:from="RestosAPagarAbstract" xlink:to="label_RestosAPagarAbstract" xlink:title="label: RestosAPagarAbstract to label_RestosAPagarAbstract"/>
    <link:loc xlink:type="locator" xlink:href="siconfi-rgf-anexo6consorciospublicos_2019-12-31.xsd#siconfi-rgf-anexo7uniao_ApuracaoPercentualSobreARCLTable" xlink:label="ApuracaoPercentualSobreARCLTable" xlink:title="ApuracaoPercentualSobreARCLTable"/>
    <link:label xlink:type="resource" xlink:label="label_ApuracaoPercentualSobreARCLTable" xlink:role="http://www.xbrl.org/2003/role/label" xlink:title="label_ApuracaoPercentualSobreARCLTable" xml:lang="pt-br" id="label_ApuracaoPercentualSobreARCLTable">Apuração Simplificada sobre a RCL [table]</link:label>
    <link:labelArc xlink:type="arc" xlink:arcrole="http://www.xbrl.org/2003/arcrole/concept-label" xlink:from="ApuracaoPercentualSobreARCLTable" xlink:to="label_ApuracaoPercentualSobreARCLTable" xlink:title="label: ApuracaoPercentualSobreARCLTable to label_ApuracaoPercentualSobreARCLTable"/>
    <link:loc xlink:type="locator" xlink:href="siconfi-rgf-anexo6consorciospublicos_2019-12-31.xsd#siconfi-rgf-anexo7uniao_ApuracaoPercentualSobreARCLAbstract" xlink:label="ApuracaoPercentualSobreARCLAbstract" xlink:title="ApuracaoPercentualSobreARCLAbstract"/>
    <link:label xlink:type="resource" xlink:label="label_ApuracaoPercentualSobreARCLAbstract" xlink:role="http://www.xbrl.org/2003/role/label" xlink:title="label_ApuracaoPercentualSobreARCLAbstract" xml:lang="pt-br" id="label_ApuracaoPercentualSobreARCLAbstract">[001] Resumo dos Limites [abstract]</link:label>
    <link:labelArc xlink:type="arc" xlink:arcrole="http://www.xbrl.org/2003/arcrole/concept-label" xlink:from="ApuracaoPercentualSobreARCLAbstract" xlink:to="label_ApuracaoPercentualSobreARCLAbstract" xlink:title="label: ApuracaoPercentualSobreARCLAbstract to label_ApuracaoPercentualSobreARCLAbstract"/>
    <link:loc xlink:type="locator" xlink:href="siconfi-rgf-anexo6consorciospublicos_2019-12-31.xsd#siconfi-rgf-anexo7uniao_ApuracaoPercentualSobreARCLLineItems" xlink:label="ApuracaoPercentualSobreARCLLineItems" xlink:title="ApuracaoPercentualSobreARCLLineItems"/>
    <link:label xlink:type="resource" xlink:label="label_ApuracaoPercentualSobreARCLLineItems" xlink:role="http://www.xbrl.org/2003/role/label" xlink:title="label_ApuracaoPercentualSobreARCLLineItems" xml:lang="pt-br" id="label_ApuracaoPercentualSobreARCLLineItems">[002] Resumo dos Limites [line items]</link:label>
    <link:labelArc xlink:type="arc" xlink:arcrole="http://www.xbrl.org/2003/arcrole/concept-label" xlink:from="ApuracaoPercentualSobreARCLLineItems" xlink:to="label_ApuracaoPercentualSobreARCLLineItems" xlink:title="label: ApuracaoPercentualSobreARCLLineItems to label_ApuracaoPercentualSobreARCLLineItems"/>
    <link:loc xlink:type="locator" xlink:href="siconfi-rgf-anexo6consorciospublicos_2019-12-31.xsd#siconfi-rgf-anexo7uniao_DespesaComPessoalLineItems" xlink:label="DespesaComPessoalLineItems" xlink:title="DespesaComPessoalLineItems"/>
    <link:label xlink:type="resource" xlink:label="label_DespesaComPessoalLineItems" xlink:role="http://www.xbrl.org/2003/role/label" xlink:title="label_DespesaComPessoalLineItems" xml:lang="pt-br" id="label_DespesaComPessoalLineItems">[004] Despesa com Pessoal [line items]</link:label>
    <link:labelArc xlink:type="arc" xlink:arcrole="http://www.xbrl.org/2003/arcrole/concept-label" xlink:from="DespesaComPessoalLineItems" xlink:to="label_DespesaComPessoalLineItems" xlink:title="label: DespesaComPessoalLineItems to label_DespesaComPessoalLineItems"/>
    <link:loc xlink:type="locator" xlink:href="siconfi-rgf-anexo6consorciospublicos_2019-12-31.xsd#siconfi-rgf-anexo7uniao_DividaConsolidadaLineItems" xlink:label="DividaConsolidadaLineItems" xlink:title="DividaConsolidadaLineItems"/>
    <link:label xlink:type="resource" xlink:label="label_DividaConsolidadaLineItems" xlink:role="http://www.xbrl.org/2003/role/label" xlink:title="label_DividaConsolidadaLineItems" xml:lang="pt-br" id="label_DividaConsolidadaLineItems">[006] Dívida Consolidada [line items]</link:label>
    <link:labelArc xlink:type="arc" xlink:arcrole="http://www.xbrl.org/2003/arcrole/concept-label" xlink:from="DividaConsolidadaLineItems" xlink:to="label_DividaConsolidadaLineItems" xlink:title="label: DividaConsolidadaLineItems to label_DividaConsolidadaLineItems"/>
    <link:loc xlink:type="locator" xlink:href="siconfi-rgf-anexo6consorciospublicos_2019-12-31.xsd#siconfi-rgf-anexo7uniao_GarantiasDeValoresLineItems" xlink:label="GarantiasDeValoresLineItems" xlink:title="GarantiasDeValoresLineItems"/>
    <link:label xlink:type="resource" xlink:label="label_GarantiasDeValoresLineItems" xlink:role="http://www.xbrl.org/2003/role/label" xlink:title="label_GarantiasDeValoresLineItems" xml:lang="pt-br" id="label_GarantiasDeValoresLineItems">[008] Garantias de Valores [line items]</link:label>
    <link:labelArc xlink:type="arc" xlink:arcrole="http://www.xbrl.org/2003/arcrole/concept-label" xlink:from="GarantiasDeValoresLineItems" xlink:to="label_GarantiasDeValoresLineItems" xlink:title="label: GarantiasDeValoresLineItems to label_GarantiasDeValoresLineItems"/>
    <link:loc xlink:type="locator" xlink:href="siconfi-rgf-anexo6consorciospublicos_2019-12-31.xsd#siconfi-rgf-anexo7uniao_OperacoesDeCreditoLineItems" xlink:label="OperacoesDeCreditoLineItems" xlink:title="OperacoesDeCreditoLineItems"/>
    <link:label xlink:type="resource" xlink:label="label_OperacoesDeCreditoLineItems" xlink:role="http://www.xbrl.org/2003/role/label" xlink:title="label_OperacoesDeCreditoLineItems" xml:lang="pt-br" id="label_OperacoesDeCreditoLineItems">[010] Operações de Crédito [line items]</link:label>
    <link:labelArc xlink:type="arc" xlink:arcrole="http://www.xbrl.org/2003/arcrole/concept-label" xlink:from="OperacoesDeCreditoLineItems" xlink:to="label_OperacoesDeCreditoLineItems" xlink:title="label: OperacoesDeCreditoLineItems to label_OperacoesDeCreditoLineItems"/>
    <link:loc xlink:type="locator" xlink:href="siconfi-rgf-anexo6consorciospublicos_2019-12-31.xsd#siconfi-rgf-anexo7uniao_RestosAPagarLineItems" xlink:label="RestosAPagarLineItems" xlink:title="RestosAPagarLineItems"/>
    <link:label xlink:type="resource" xlink:label="label_RestosAPagarLineItems" xlink:role="http://www.xbrl.org/2003/role/label" xlink:title="label_RestosAPagarLineItems" xml:lang="pt-br" id="label_RestosAPagarLineItems">[014] Restos a Pagar [line items]</link:label>
    <link:labelArc xlink:type="arc" xlink:arcrole="http://www.xbrl.org/2003/arcrole/concept-label" xlink:from="RestosAPagarLineItems" xlink:to="label_RestosAPagarLineItems" xlink:title="label: RestosAPagarLineItems to label_RestosAPagarLineItems"/>
    <link:loc xlink:type="locator" xlink:href="siconfi-rgf-anexo6consorciospublicos_2019-12-31.xsd#siconfi-rgf-anexo6_FonteAnexo6Tabela6.0Abstract" xlink:label="FonteAnexo6Tabela6.0Abstract" xlink:title="FonteAnexo6Tabela6.0Abstract"/>
    <link:label xlink:type="resource" xlink:label="label_FonteAnexo6Tabela6.0Abstract" xlink:role="http://www.xbrl.org/2003/role/label" xlink:title="label_FonteAnexo6Tabela6.0Abstract" xml:lang="pt-br" id="label_FonteAnexo6Tabela6.0Abstract">[007] Notas Explicativas [abstract] [NOTA]</link:label>
    <link:labelArc xlink:type="arc" xlink:arcrole="http://www.xbrl.org/2003/arcrole/concept-label" xlink:from="FonteAnexo6Tabela6.0Abstract" xlink:to="label_FonteAnexo6Tabela6.0Abstract" xlink:title="label: FonteAnexo6Tabela6.0Abstract to label_FonteAnexo6Tabela6.0Abstract"/>
    <link:loc xlink:type="locator" xlink:href="siconfi-rgf-anexo6consorciospublicos_2019-12-31.xsd#siconfi-rgf-anexo6_FonteAnexo6Tabela6.0LineItems" xlink:label="FonteAnexo6Tabela6.0LineItems" xlink:title="FonteAnexo6Tabela6.0LineItems"/>
    <link:label xlink:type="resource" xlink:label="label_FonteAnexo6Tabela6.0LineItems" xlink:role="http://www.xbrl.org/2003/role/label" xlink:title="label_FonteAnexo6Tabela6.0LineItems" xml:lang="pt-br" id="label_FonteAnexo6Tabela6.0LineItems">[008] Notas Explicativas [line items]</link:label>
    <link:labelArc xlink:type="arc" xlink:arcrole="http://www.xbrl.org/2003/arcrole/concept-label" xlink:from="FonteAnexo6Tabela6.0LineItems" xlink:to="label_FonteAnexo6Tabela6.0LineItems" xlink:title="label: FonteAnexo6Tabela6.0LineItems to label_FonteAnexo6Tabela6.0LineItems"/>
  </link:labelLink>
  <link:labelLink xlink:type="extended" xlink:role="http://fazenda.gov.br/siconfi/rep/rgf/anexo6/siconfi-rgf-anexo6-tabela6.1A"/>
</link:linkbase>
