<?xml version="1.0" encoding="UTF-8"?>
<!-- Generated by Fujitsu Interstage XWand B0196 -->
<link:linkbase xmlns:xsi="http://www.w3.org/2001/XMLSchema-instance" xsi:schemaLocation="http://www.xbrl.org/2003/linkbase http://www.xbrl.org/2003/xbrl-linkbase-2003-12-31.xsd" xmlns:siconfi-rreo-anexo4rgps="http://fazenda.gov.br/siconfi/rep/rreo/anexo4rgps/siconfi-rreo-anexo4rgps_2020-12-31" xmlns:link="http://www.xbrl.org/2003/linkbase" xmlns:xbrldt="http://xbrl.org/2005/xbrldt" xmlns:xlink="http://www.w3.org/1999/xlink" xmlns:xbrli="http://www.xbrl.org/2003/instance">
  <link:roleRef roleURI="http://fazenda.gov.br/siconfi/rep/rreo/anexo4rgps/siconfi-rreo-anexo4-tabela4.3" xlink:type="simple" xlink:href="siconfi-rreo-anexo4rgps_2020-12-31.xsd#siconfi-rreo-anexo4-tabela4.3"/>
  <link:roleRef roleURI="http://fazenda.gov.br/siconfi/rep/rreo/anexo4rgps/siconfi-rreo-anexo4-tabela4.3A" xlink:type="simple" xlink:href="siconfi-rreo-anexo4rgps_2020-12-31.xsd#siconfi-rreo-anexo4-tabela4.3A"/>
  <link:roleRef roleURI="http://fazenda.gov.br/siconfi/rep/rreo/anexo4rgps/siconfi-rreo-anexo4-tabela4.3B" xlink:type="simple" xlink:href="siconfi-rreo-anexo4rgps_2020-12-31.xsd#siconfi-rreo-anexo4-tabela4.3B"/>
  <link:roleRef roleURI="http://fazenda.gov.br/siconfi/rep/rreo/anexo4rgps/siconfi-rreo-anexo4-tabela4.3C" xlink:type="simple" xlink:href="siconfi-rreo-anexo4rgps_2020-12-31.xsd#siconfi-rreo-anexo4-tabela4.3C"/>
  <link:roleRef roleURI="http://fazenda.gov.br/siconfi/rep/rreo/anexo4rgps/siconfi-rreo-anexo4-tabela4.3D" xlink:type="simple" xlink:href="siconfi-rreo-anexo4rgps_2020-12-31.xsd#siconfi-rreo-anexo4-tabela4.3D"/>
  <link:roleRef roleURI="http://fazenda.gov.br/siconfi/rep/rreo/anexo4rgps/siconfi-rreo-anexo4-tabela4.3E" xlink:type="simple" xlink:href="siconfi-rreo-anexo4rgps_2020-12-31.xsd#siconfi-rreo-anexo4-tabela4.3E"/>
  <link:arcroleRef arcroleURI="http://xbrl.org/int/dim/arcrole/all" xlink:type="simple" xlink:href="http://www.xbrl.org/2005/xbrldt-2005.xsd#all"/>
  <link:arcroleRef arcroleURI="http://xbrl.org/int/dim/arcrole/dimension-domain" xlink:type="simple" xlink:href="http://www.xbrl.org/2005/xbrldt-2005.xsd#dimension-domain"/>
  <link:arcroleRef arcroleURI="http://xbrl.org/int/dim/arcrole/domain-member" xlink:type="simple" xlink:href="http://www.xbrl.org/2005/xbrldt-2005.xsd#domain-member"/>
  <link:arcroleRef arcroleURI="http://xbrl.org/int/dim/arcrole/hypercube-dimension" xlink:type="simple" xlink:href="http://www.xbrl.org/2005/xbrldt-2005.xsd#hypercube-dimension"/>
  <link:definitionLink xlink:type="extended" xlink:role="http://fazenda.gov.br/siconfi/rep/rreo/anexo4rgps/siconfi-rreo-anexo4-tabela4.3C">
    <link:loc xlink:type="locator" xlink:href="siconfi-rreo-anexo4rgps_2020-12-31.xsd#siconfi-rreo-anexo4uniao_BensEDireitosAbstract" xlink:label="BensEDireitosAbstract" xlink:title="BensEDireitosAbstract"/>
    <link:loc xlink:type="locator" xlink:href="siconfi-rreo-anexo4rgps_2020-12-31.xsd#siconfi-rreo-anexo4uniao_BensEDireitosLineItems" xlink:label="BensEDireitosLineItems" xlink:title="BensEDireitosLineItems"/>
    <link:definitionArc xlink:type="arc" xlink:arcrole="http://xbrl.org/int/dim/arcrole/domain-member" xlink:from="BensEDireitosAbstract" xlink:to="BensEDireitosLineItems" xlink:title="definition: BensEDireitosAbstract to BensEDireitosLineItems" order="1.0"/>
    <link:loc xlink:type="locator" xlink:href="../../../cor/ic/siconfi-cor_2020-12-31.xsd#siconfi-cor_CaixaDaPrevidencia" xlink:label="CaixaDaPrevidencia" xlink:title="CaixaDaPrevidencia"/>
    <link:definitionArc xlink:type="arc" xlink:arcrole="http://xbrl.org/int/dim/arcrole/domain-member" xlink:from="BensEDireitosLineItems" xlink:to="CaixaDaPrevidencia" xlink:title="definition: BensEDireitosLineItems to CaixaDaPrevidencia" order="1.0"/>
    <link:loc xlink:type="locator" xlink:href="../../../cor/ic/siconfi-cor_2020-12-31.xsd#siconfi-cor_BancosContaMovimentoDaPrevidencia" xlink:label="BancosContaMovimentoDaPrevidencia" xlink:title="BancosContaMovimentoDaPrevidencia"/>
    <link:definitionArc xlink:type="arc" xlink:arcrole="http://xbrl.org/int/dim/arcrole/domain-member" xlink:from="BensEDireitosLineItems" xlink:to="BancosContaMovimentoDaPrevidencia" xlink:title="definition: BensEDireitosLineItems to BancosContaMovimentoDaPrevidencia" order="2.0"/>
    <link:loc xlink:type="locator" xlink:href="../../../cor/ic/siconfi-cor_2020-12-31.xsd#siconfi-cor_InvestimentosDaPrevidencia" xlink:label="InvestimentosDaPrevidencia" xlink:title="InvestimentosDaPrevidencia"/>
    <link:definitionArc xlink:type="arc" xlink:arcrole="http://xbrl.org/int/dim/arcrole/domain-member" xlink:from="BensEDireitosLineItems" xlink:to="InvestimentosDaPrevidencia" xlink:title="definition: BensEDireitosLineItems to InvestimentosDaPrevidencia" order="3.0"/>
    <link:loc xlink:type="locator" xlink:href="../../../cor/ic/siconfi-cor_2020-12-31.xsd#siconfi-cor_OutrosBensEDireitosDaPrevidencia" xlink:label="OutrosBensEDireitosDaPrevidencia" xlink:title="OutrosBensEDireitosDaPrevidencia"/>
    <link:definitionArc xlink:type="arc" xlink:arcrole="http://xbrl.org/int/dim/arcrole/domain-member" xlink:from="BensEDireitosLineItems" xlink:to="OutrosBensEDireitosDaPrevidencia" xlink:title="definition: BensEDireitosLineItems to OutrosBensEDireitosDaPrevidencia" order="4.0"/>
    <link:loc xlink:type="locator" xlink:href="siconfi-rreo-anexo4rgps_2020-12-31.xsd#siconfi-rreo-anexo4uniao_BensEDireitosTable" xlink:label="BensEDireitosTable" xlink:title="BensEDireitosTable"/>
    <link:definitionArc xlink:type="arc" xlink:arcrole="http://xbrl.org/int/dim/arcrole/all" xlink:from="BensEDireitosAbstract" xlink:to="BensEDireitosTable" xlink:title="definition: BensEDireitosAbstract to BensEDireitosTable" order="2.0" xbrldt:contextElement="segment" xbrldt:closed="true"/>
    <link:loc xlink:type="locator" xlink:href="../../../cor/dim/siconfi-dim_2020-12-31.xsd#siconfi-dim_PeriodoDeReferenciaAxis" xlink:label="PeriodoDeReferenciaAxis" xlink:title="PeriodoDeReferenciaAxis"/>
    <link:definitionArc xlink:type="arc" xlink:arcrole="http://xbrl.org/int/dim/arcrole/hypercube-dimension" xlink:from="BensEDireitosTable" xlink:to="PeriodoDeReferenciaAxis" xlink:title="definition: BensEDireitosTable to PeriodoDeReferenciaAxis" order="1.0"/>
    <link:loc xlink:type="locator" xlink:href="../../../cor/dim/siconfi-dim_2020-12-31.xsd#siconfi-dim_AteOPeriodoExercicioAtualMember" xlink:label="AteOPeriodoExercicioAtualMember" xlink:title="AteOPeriodoExercicioAtualMember"/>
    <link:definitionArc xlink:type="arc" xlink:arcrole="http://xbrl.org/int/dim/arcrole/dimension-domain" xlink:from="PeriodoDeReferenciaAxis" xlink:to="AteOPeriodoExercicioAtualMember" xlink:title="definition: PeriodoDeReferenciaAxis to AteOPeriodoExercicioAtualMember" order="1.0"/>
  </link:definitionLink>
  <link:definitionLink xlink:type="extended" xlink:role="http://fazenda.gov.br/siconfi/rep/rreo/anexo4rgps/siconfi-rreo-anexo4-tabela4.3D">
    <link:loc xlink:type="locator" xlink:href="siconfi-rreo-anexo4rgps_2020-12-31.xsd#siconfi-rreo-anexo4uniao_ReservaOrcamentariaAbstract" xlink:label="ReservaOrcamentariaAbstract" xlink:title="ReservaOrcamentariaAbstract"/>
    <link:loc xlink:type="locator" xlink:href="siconfi-rreo-anexo4rgps_2020-12-31.xsd#siconfi-rreo-anexo4uniao_ReservaOrcamentariaLineItems" xlink:label="ReservaOrcamentariaLineItems" xlink:title="ReservaOrcamentariaLineItems"/>
    <link:definitionArc xlink:type="arc" xlink:arcrole="http://xbrl.org/int/dim/arcrole/domain-member" xlink:from="ReservaOrcamentariaAbstract" xlink:to="ReservaOrcamentariaLineItems" xlink:title="definition: ReservaOrcamentariaAbstract to ReservaOrcamentariaLineItems" order="1.0"/>
    <link:loc xlink:type="locator" xlink:href="../../../cor/ic/siconfi-cor_2020-12-31.xsd#siconfi-cor_ReservaOrcamentariaDaPrevidencia" xlink:label="ReservaOrcamentariaDaPrevidencia" xlink:title="ReservaOrcamentariaDaPrevidencia"/>
    <link:definitionArc xlink:type="arc" xlink:arcrole="http://xbrl.org/int/dim/arcrole/domain-member" xlink:from="ReservaOrcamentariaLineItems" xlink:to="ReservaOrcamentariaDaPrevidencia" xlink:title="definition: ReservaOrcamentariaLineItems to ReservaOrcamentariaDaPrevidencia" order="1.0"/>
    <link:loc xlink:type="locator" xlink:href="siconfi-rreo-anexo4rgps_2020-12-31.xsd#siconfi-rreo-anexo4rgps_ReservaOrcamentariaDoRGPSTable" xlink:label="ReservaOrcamentariaDoRGPSTable" xlink:title="ReservaOrcamentariaDoRGPSTable"/>
    <link:definitionArc xlink:type="arc" xlink:arcrole="http://xbrl.org/int/dim/arcrole/all" xlink:from="ReservaOrcamentariaAbstract" xlink:to="ReservaOrcamentariaDoRGPSTable" xlink:title="definition: ReservaOrcamentariaAbstract to ReservaOrcamentariaDoRGPSTable" order="2.0" xbrldt:contextElement="segment" xbrldt:closed="true"/>
    <link:loc xlink:type="locator" xlink:href="../../../cor/dim/siconfi-dim_2020-12-31.xsd#siconfi-dim_PrevisaoOrcamentariaAxis" xlink:label="PrevisaoOrcamentariaAxis" xlink:title="PrevisaoOrcamentariaAxis"/>
    <link:definitionArc xlink:type="arc" xlink:arcrole="http://xbrl.org/int/dim/arcrole/hypercube-dimension" xlink:from="ReservaOrcamentariaDoRGPSTable" xlink:to="PrevisaoOrcamentariaAxis" xlink:title="definition: ReservaOrcamentariaDoRGPSTable to PrevisaoOrcamentariaAxis" order="1.0"/>
    <link:loc xlink:type="locator" xlink:href="../../../cor/dim/siconfi-dim_2020-12-31.xsd#siconfi-dim_PrevisaoOrcamentariaMember" xlink:label="PrevisaoOrcamentariaMember" xlink:title="PrevisaoOrcamentariaMember"/>
    <link:definitionArc xlink:type="arc" xlink:arcrole="http://xbrl.org/int/dim/arcrole/dimension-domain" xlink:from="PrevisaoOrcamentariaAxis" xlink:to="PrevisaoOrcamentariaMember" xlink:title="definition: PrevisaoOrcamentariaAxis to PrevisaoOrcamentariaMember" order="1.0"/>
  </link:definitionLink>
  <link:definitionLink xlink:type="extended" xlink:role="http://fazenda.gov.br/siconfi/rep/rreo/anexo4rgps/siconfi-rreo-anexo4-tabela4.3A">
    <link:loc xlink:type="locator" xlink:href="siconfi-rreo-anexo4rgps_2020-12-31.xsd#siconfi-rreo-anexo4uniao_ReceitasOrcamentariasAbstract" xlink:label="ReceitasOrcamentariasAbstract" xlink:title="ReceitasOrcamentariasAbstract"/>
    <link:loc xlink:type="locator" xlink:href="siconfi-rreo-anexo4rgps_2020-12-31.xsd#siconfi-rreo-anexo4uniao_ReceitasOrcamentariasLineItems" xlink:label="ReceitasOrcamentariasLineItems" xlink:title="ReceitasOrcamentariasLineItems"/>
    <link:definitionArc xlink:type="arc" xlink:arcrole="http://xbrl.org/int/dim/arcrole/domain-member" xlink:from="ReceitasOrcamentariasAbstract" xlink:to="ReceitasOrcamentariasLineItems" xlink:title="definition: ReceitasOrcamentariasAbstract to ReceitasOrcamentariasLineItems" order="1.0"/>
    <link:loc xlink:type="locator" xlink:href="../../../cor/ic/siconfi-cor_2020-12-31.xsd#siconfi-cor_ReceitasPrevidenciariasExcetoIntraOrcamentarias" xlink:label="ReceitasPrevidenciariasExcetoIntraOrcamentarias" xlink:title="ReceitasPrevidenciariasExcetoIntraOrcamentarias"/>
    <link:definitionArc xlink:type="arc" xlink:arcrole="http://xbrl.org/int/dim/arcrole/domain-member" xlink:from="ReceitasOrcamentariasLineItems" xlink:to="ReceitasPrevidenciariasExcetoIntraOrcamentarias" xlink:title="definition: ReceitasOrcamentariasLineItems to ReceitasPrevidenciariasExcetoIntraOrcamentarias" order="1.0"/>
    <link:loc xlink:type="locator" xlink:href="../../../cor/ic/siconfi-cor_2020-12-31.xsd#siconfi-cor_ReceitasCorrentesPrevidenciariasBrutas" xlink:label="ReceitasCorrentesPrevidenciariasBrutas" xlink:title="ReceitasCorrentesPrevidenciariasBrutas"/>
    <link:definitionArc xlink:type="arc" xlink:arcrole="http://xbrl.org/int/dim/arcrole/domain-member" xlink:from="ReceitasPrevidenciariasExcetoIntraOrcamentarias" xlink:to="ReceitasCorrentesPrevidenciariasBrutas" xlink:title="definition: ReceitasPrevidenciariasExcetoIntraOrcamentarias to ReceitasCorrentesPrevidenciariasBrutas" order="1.0"/>
    <link:loc xlink:type="locator" xlink:href="../../../cor/ic/siconfi-cor_2020-12-31.xsd#siconfi-cor_ReceitasCorrentesPrevidenciariasExcetoIntraOrcamentariasDeContribuicoesBrutas" xlink:label="ReceitasCorrentesPrevidenciariasExcetoIntraOrcamentariasDeContribuicoesBrutas" xlink:title="ReceitasCorrentesPrevidenciariasExcetoIntraOrcamentariasDeContribuicoesBrutas"/>
    <link:definitionArc xlink:type="arc" xlink:arcrole="http://xbrl.org/int/dim/arcrole/domain-member" xlink:from="ReceitasCorrentesPrevidenciariasBrutas" xlink:to="ReceitasCorrentesPrevidenciariasExcetoIntraOrcamentariasDeContribuicoesBrutas" xlink:title="definition: ReceitasCorrentesPrevidenciariasBrutas to ReceitasCorrentesPrevidenciariasExcetoIntraOrcamentariasDeContribuicoesBrutas" order="1.0"/>
    <link:loc xlink:type="locator" xlink:href="../../../cor/ic/siconfi-cor_2020-12-31.xsd#siconfi-cor_ReceitasCorrentesPrevidenciariasExcetoIntraOrcamentariasDeContribuicoesDosEmpregadoresBrutas" xlink:label="ReceitasCorrentesPrevidenciariasExcetoIntraOrcamentariasDeContribuicoesDosEmpregadoresBrutas" xlink:title="ReceitasCorrentesPrevidenciariasExcetoIntraOrcamentariasDeContribuicoesDosEmpregadoresBrutas"/>
    <link:definitionArc xlink:type="arc" xlink:arcrole="http://xbrl.org/int/dim/arcrole/domain-member" xlink:from="ReceitasCorrentesPrevidenciariasExcetoIntraOrcamentariasDeContribuicoesBrutas" xlink:to="ReceitasCorrentesPrevidenciariasExcetoIntraOrcamentariasDeContribuicoesDosEmpregadoresBrutas" xlink:title="definition: ReceitasCorrentesPrevidenciariasExcetoIntraOrcamentariasDeContribuicoesBrutas to ReceitasCorrentesPrevidenciariasExcetoIntraOrcamentariasDeContribuicoesDosEmpregadoresBrutas" order="1.0"/>
    <link:loc xlink:type="locator" xlink:href="../../../cor/ic/siconfi-cor_2020-12-31.xsd#siconfi-cor_ReceitasCorrentesPrevidenciariasExcetoIntraOrcamentariasDeContribuicoesDosTrabalhadoresEDemaisSeguradosBrutas" xlink:label="ReceitasCorrentesPrevidenciariasExcetoIntraOrcamentariasDeContribuicoesDosTrabalhadoresEDemaisSeguradosBrutas" xlink:title="ReceitasCorrentesPrevidenciariasExcetoIntraOrcamentariasDeContribuicoesDosTrabalhadoresEDemaisSeguradosBrutas"/>
    <link:definitionArc xlink:type="arc" xlink:arcrole="http://xbrl.org/int/dim/arcrole/domain-member" xlink:from="ReceitasCorrentesPrevidenciariasExcetoIntraOrcamentariasDeContribuicoesBrutas" xlink:to="ReceitasCorrentesPrevidenciariasExcetoIntraOrcamentariasDeContribuicoesDosTrabalhadoresEDemaisSeguradosBrutas" xlink:title="definition: ReceitasCorrentesPrevidenciariasExcetoIntraOrcamentariasDeContribuicoesBrutas to ReceitasCorrentesPrevidenciariasExcetoIntraOrcamentariasDeContribuicoesDosTrabalhadoresEDemaisSeguradosBrutas" order="2.0"/>
    <link:loc xlink:type="locator" xlink:href="../../../cor/ic/siconfi-cor_2020-12-31.xsd#siconfi-cor_OutrasReceitasDeContribuicoes" xlink:label="OutrasReceitasDeContribuicoes" xlink:title="OutrasReceitasDeContribuicoes"/>
    <link:definitionArc xlink:type="arc" xlink:arcrole="http://xbrl.org/int/dim/arcrole/domain-member" xlink:from="ReceitasCorrentesPrevidenciariasExcetoIntraOrcamentariasDeContribuicoesBrutas" xlink:to="OutrasReceitasDeContribuicoes" xlink:title="definition: ReceitasCorrentesPrevidenciariasExcetoIntraOrcamentariasDeContribuicoesBrutas to OutrasReceitasDeContribuicoes" order="3.0"/>
    <link:loc xlink:type="locator" xlink:href="../../../cor/ic/siconfi-cor_2020-12-31.xsd#siconfi-cor_OutrasReceitasCorrentesPrevidenciariasBrutas" xlink:label="OutrasReceitasCorrentesPrevidenciariasBrutas" xlink:title="OutrasReceitasCorrentesPrevidenciariasBrutas"/>
    <link:definitionArc xlink:type="arc" xlink:arcrole="http://xbrl.org/int/dim/arcrole/domain-member" xlink:from="ReceitasCorrentesPrevidenciariasBrutas" xlink:to="OutrasReceitasCorrentesPrevidenciariasBrutas" xlink:title="definition: ReceitasCorrentesPrevidenciariasBrutas to OutrasReceitasCorrentesPrevidenciariasBrutas" order="2.0"/>
    <link:loc xlink:type="locator" xlink:href="../../../cor/ic/siconfi-cor_2020-12-31.xsd#siconfi-cor_ReceitasPrevidenciariasExcetoIntraOrcamentariasCompensacaoDoRPPSParaORGPSBrutas" xlink:label="ReceitasPrevidenciariasExcetoIntraOrcamentariasCompensacaoDoRPPSParaORGPSBrutas" xlink:title="ReceitasPrevidenciariasExcetoIntraOrcamentariasCompensacaoDoRPPSParaORGPSBrutas"/>
    <link:definitionArc xlink:type="arc" xlink:arcrole="http://xbrl.org/int/dim/arcrole/domain-member" xlink:from="OutrasReceitasCorrentesPrevidenciariasBrutas" xlink:to="ReceitasPrevidenciariasExcetoIntraOrcamentariasCompensacaoDoRPPSParaORGPSBrutas" xlink:title="definition: OutrasReceitasCorrentesPrevidenciariasBrutas to ReceitasPrevidenciariasExcetoIntraOrcamentariasCompensacaoDoRPPSParaORGPSBrutas" order="1.0"/>
    <link:loc xlink:type="locator" xlink:href="../../../cor/ic/siconfi-cor_2020-12-31.xsd#siconfi-cor_DemaisReceitasCorrentesPrevidenciariasBrutas" xlink:label="DemaisReceitasCorrentesPrevidenciariasBrutas" xlink:title="DemaisReceitasCorrentesPrevidenciariasBrutas"/>
    <link:definitionArc xlink:type="arc" xlink:arcrole="http://xbrl.org/int/dim/arcrole/domain-member" xlink:from="OutrasReceitasCorrentesPrevidenciariasBrutas" xlink:to="DemaisReceitasCorrentesPrevidenciariasBrutas" xlink:title="definition: OutrasReceitasCorrentesPrevidenciariasBrutas to DemaisReceitasCorrentesPrevidenciariasBrutas" order="2.0"/>
    <link:loc xlink:type="locator" xlink:href="../../../cor/ic/siconfi-cor_2020-12-31.xsd#siconfi-cor_ReceitasDeCapitalPrevidenciariasBrutas" xlink:label="ReceitasDeCapitalPrevidenciariasBrutas" xlink:title="ReceitasDeCapitalPrevidenciariasBrutas"/>
    <link:definitionArc xlink:type="arc" xlink:arcrole="http://xbrl.org/int/dim/arcrole/domain-member" xlink:from="ReceitasPrevidenciariasExcetoIntraOrcamentarias" xlink:to="ReceitasDeCapitalPrevidenciariasBrutas" xlink:title="definition: ReceitasPrevidenciariasExcetoIntraOrcamentarias to ReceitasDeCapitalPrevidenciariasBrutas" order="2.0"/>
    <link:loc xlink:type="locator" xlink:href="../../../cor/ic/siconfi-cor_2020-12-31.xsd#siconfi-cor_AlienacaoDeBensDireitosEAtivosPrevidenciariaBruta" xlink:label="AlienacaoDeBensDireitosEAtivosPrevidenciariaBruta" xlink:title="AlienacaoDeBensDireitosEAtivosPrevidenciariaBruta"/>
    <link:definitionArc xlink:type="arc" xlink:arcrole="http://xbrl.org/int/dim/arcrole/domain-member" xlink:from="ReceitasDeCapitalPrevidenciariasBrutas" xlink:to="AlienacaoDeBensDireitosEAtivosPrevidenciariaBruta" xlink:title="definition: ReceitasDeCapitalPrevidenciariasBrutas to AlienacaoDeBensDireitosEAtivosPrevidenciariaBruta" order="1.0"/>
    <link:loc xlink:type="locator" xlink:href="../../../cor/ic/siconfi-cor_2020-12-31.xsd#siconfi-cor_OutrasReceitasDeCapitalPrevidenciariasBrutas" xlink:label="OutrasReceitasDeCapitalPrevidenciariasBrutas" xlink:title="OutrasReceitasDeCapitalPrevidenciariasBrutas"/>
    <link:definitionArc xlink:type="arc" xlink:arcrole="http://xbrl.org/int/dim/arcrole/domain-member" xlink:from="ReceitasDeCapitalPrevidenciariasBrutas" xlink:to="OutrasReceitasDeCapitalPrevidenciariasBrutas" xlink:title="definition: ReceitasDeCapitalPrevidenciariasBrutas to OutrasReceitasDeCapitalPrevidenciariasBrutas" order="2.0"/>
    <link:loc xlink:type="locator" xlink:href="../../../cor/ic/siconfi-cor_2020-12-31.xsd#siconfi-cor_ReceitasPrevidenciariasIntraOrcamentarias" xlink:label="ReceitasPrevidenciariasIntraOrcamentarias" xlink:title="ReceitasPrevidenciariasIntraOrcamentarias"/>
    <link:definitionArc xlink:type="arc" xlink:arcrole="http://xbrl.org/int/dim/arcrole/domain-member" xlink:from="ReceitasOrcamentariasLineItems" xlink:to="ReceitasPrevidenciariasIntraOrcamentarias" xlink:title="definition: ReceitasOrcamentariasLineItems to ReceitasPrevidenciariasIntraOrcamentarias" order="2.0"/>
    <link:loc xlink:type="locator" xlink:href="../../../cor/ic/siconfi-cor_2020-12-31.xsd#siconfi-cor_TotalReceitasPrevidenciarias" xlink:label="TotalReceitasPrevidenciarias" xlink:title="TotalReceitasPrevidenciarias"/>
    <link:definitionArc xlink:type="arc" xlink:arcrole="http://xbrl.org/int/dim/arcrole/domain-member" xlink:from="ReceitasOrcamentariasLineItems" xlink:to="TotalReceitasPrevidenciarias" xlink:title="definition: ReceitasOrcamentariasLineItems to TotalReceitasPrevidenciarias" order="3.0"/>
    <link:loc xlink:type="locator" xlink:href="siconfi-rreo-anexo4rgps_2020-12-31.xsd#siconfi-rreo-anexo4uniao_ReceitasOrcamentariasTable" xlink:label="ReceitasOrcamentariasTable" xlink:title="ReceitasOrcamentariasTable"/>
    <link:definitionArc xlink:type="arc" xlink:arcrole="http://xbrl.org/int/dim/arcrole/all" xlink:from="ReceitasOrcamentariasAbstract" xlink:to="ReceitasOrcamentariasTable" xlink:title="definition: ReceitasOrcamentariasAbstract to ReceitasOrcamentariasTable" order="2.0" xbrldt:contextElement="segment" xbrldt:closed="true"/>
    <link:loc xlink:type="locator" xlink:href="../../../cor/dim/siconfi-dim_2020-12-31.xsd#siconfi-dim_ExecucaoDaReceitaRGPSAxis" xlink:label="ExecucaoDaReceitaRGPSAxis" xlink:title="ExecucaoDaReceitaRGPSAxis"/>
    <link:definitionArc xlink:type="arc" xlink:arcrole="http://xbrl.org/int/dim/arcrole/hypercube-dimension" xlink:from="ReceitasOrcamentariasTable" xlink:to="ExecucaoDaReceitaRGPSAxis" xlink:title="definition: ReceitasOrcamentariasTable to ExecucaoDaReceitaRGPSAxis" order="1.0"/>
    <link:loc xlink:type="locator" xlink:href="../../../cor/dim/siconfi-dim_2020-12-31.xsd#siconfi-dim_PrevisaoAtualizadaMember" xlink:label="PrevisaoAtualizadaMember" xlink:title="PrevisaoAtualizadaMember"/>
    <link:definitionArc xlink:type="arc" xlink:arcrole="http://xbrl.org/int/dim/arcrole/dimension-domain" xlink:from="ExecucaoDaReceitaRGPSAxis" xlink:to="PrevisaoAtualizadaMember" xlink:title="definition: ExecucaoDaReceitaRGPSAxis to PrevisaoAtualizadaMember" order="2.0"/>
    <link:loc xlink:type="locator" xlink:href="../../../cor/dim/siconfi-dim_2020-12-31.xsd#siconfi-dim_ReceitasRealizadasAteOBimestreMember" xlink:label="ReceitasRealizadasAteOBimestreMember" xlink:title="ReceitasRealizadasAteOBimestreMember"/>
    <link:definitionArc xlink:type="arc" xlink:arcrole="http://xbrl.org/int/dim/arcrole/dimension-domain" xlink:from="ExecucaoDaReceitaRGPSAxis" xlink:to="ReceitasRealizadasAteOBimestreMember" xlink:title="definition: ExecucaoDaReceitaRGPSAxis to ReceitasRealizadasAteOBimestreMember" order="4.0"/>
  </link:definitionLink>
  <link:definitionLink xlink:type="extended" xlink:role="http://fazenda.gov.br/siconfi/rep/rreo/anexo4rgps/siconfi-rreo-anexo4-tabela4.3B">
    <link:loc xlink:type="locator" xlink:href="siconfi-rreo-anexo4rgps_2020-12-31.xsd#siconfi-rreo-anexo4uniao_DespesasOrcamentariasAbstract" xlink:label="DespesasOrcamentariasAbstract" xlink:title="DespesasOrcamentariasAbstract"/>
    <link:loc xlink:type="locator" xlink:href="siconfi-rreo-anexo4rgps_2020-12-31.xsd#siconfi-rreo-anexo4uniao_DespesasOrcamentariasLineItems" xlink:label="DespesasOrcamentariasLineItems" xlink:title="DespesasOrcamentariasLineItems"/>
    <link:definitionArc xlink:type="arc" xlink:arcrole="http://xbrl.org/int/dim/arcrole/domain-member" xlink:from="DespesasOrcamentariasAbstract" xlink:to="DespesasOrcamentariasLineItems" xlink:title="definition: DespesasOrcamentariasAbstract to DespesasOrcamentariasLineItems" order="1.0"/>
    <link:loc xlink:type="locator" xlink:href="../../../cor/ic/siconfi-cor_2020-12-31.xsd#siconfi-cor_DespesasPrevidenciariasExcetoIntraOrcamentarias" xlink:label="DespesasPrevidenciariasExcetoIntraOrcamentarias" xlink:title="DespesasPrevidenciariasExcetoIntraOrcamentarias"/>
    <link:definitionArc xlink:type="arc" xlink:arcrole="http://xbrl.org/int/dim/arcrole/domain-member" xlink:from="DespesasOrcamentariasLineItems" xlink:to="DespesasPrevidenciariasExcetoIntraOrcamentarias" xlink:title="definition: DespesasOrcamentariasLineItems to DespesasPrevidenciariasExcetoIntraOrcamentarias" order="1.0"/>
    <link:loc xlink:type="locator" xlink:href="../../../cor/ic/siconfi-cor_2020-12-31.xsd#siconfi-cor_DespesasPrevidenciariasExcetoIntraOrcamentariasBeneficiosRGPS" xlink:label="DespesasPrevidenciariasExcetoIntraOrcamentariasBeneficiosRGPS" xlink:title="DespesasPrevidenciariasExcetoIntraOrcamentariasBeneficiosRGPS"/>
    <link:definitionArc xlink:type="arc" xlink:arcrole="http://xbrl.org/int/dim/arcrole/domain-member" xlink:from="DespesasPrevidenciariasExcetoIntraOrcamentarias" xlink:to="DespesasPrevidenciariasExcetoIntraOrcamentariasBeneficiosRGPS" xlink:title="definition: DespesasPrevidenciariasExcetoIntraOrcamentarias to DespesasPrevidenciariasExcetoIntraOrcamentariasBeneficiosRGPS" order="1.0"/>
    <link:loc xlink:type="locator" xlink:href="../../../cor/ic/siconfi-cor_2020-12-31.xsd#siconfi-cor_DespesasExcetoIntraOrcamentariasPessoalCivilAposentadorias" xlink:label="DespesasExcetoIntraOrcamentariasPessoalCivilAposentadorias" xlink:title="DespesasExcetoIntraOrcamentariasPessoalCivilAposentadorias"/>
    <link:definitionArc xlink:type="arc" xlink:arcrole="http://xbrl.org/int/dim/arcrole/domain-member" xlink:from="DespesasPrevidenciariasExcetoIntraOrcamentariasBeneficiosRGPS" xlink:to="DespesasExcetoIntraOrcamentariasPessoalCivilAposentadorias" xlink:title="definition: DespesasPrevidenciariasExcetoIntraOrcamentariasBeneficiosRGPS to DespesasExcetoIntraOrcamentariasPessoalCivilAposentadorias" order="1.0"/>
    <link:loc xlink:type="locator" xlink:href="../../../cor/ic/siconfi-cor_2020-12-31.xsd#siconfi-cor_DespesasExcetoIntraOrcamentariasPessoalCivilPensoes" xlink:label="DespesasExcetoIntraOrcamentariasPessoalCivilPensoes" xlink:title="DespesasExcetoIntraOrcamentariasPessoalCivilPensoes"/>
    <link:definitionArc xlink:type="arc" xlink:arcrole="http://xbrl.org/int/dim/arcrole/domain-member" xlink:from="DespesasPrevidenciariasExcetoIntraOrcamentariasBeneficiosRGPS" xlink:to="DespesasExcetoIntraOrcamentariasPessoalCivilPensoes" xlink:title="definition: DespesasPrevidenciariasExcetoIntraOrcamentariasBeneficiosRGPS to DespesasExcetoIntraOrcamentariasPessoalCivilPensoes" order="2.0"/>
    <link:loc xlink:type="locator" xlink:href="../../../cor/ic/siconfi-cor_2020-12-31.xsd#siconfi-cor_DespesasExcetoIntraOrcamentariasPessoalCivilOutrosBeneficiosPrevidenciarios" xlink:label="DespesasExcetoIntraOrcamentariasPessoalCivilOutrosBeneficiosPrevidenciarios" xlink:title="DespesasExcetoIntraOrcamentariasPessoalCivilOutrosBeneficiosPrevidenciarios"/>
    <link:definitionArc xlink:type="arc" xlink:arcrole="http://xbrl.org/int/dim/arcrole/domain-member" xlink:from="DespesasPrevidenciariasExcetoIntraOrcamentariasBeneficiosRGPS" xlink:to="DespesasExcetoIntraOrcamentariasPessoalCivilOutrosBeneficiosPrevidenciarios" xlink:title="definition: DespesasPrevidenciariasExcetoIntraOrcamentariasBeneficiosRGPS to DespesasExcetoIntraOrcamentariasPessoalCivilOutrosBeneficiosPrevidenciarios" order="3.0"/>
    <link:loc xlink:type="locator" xlink:href="../../../cor/ic/siconfi-cor_2020-12-31.xsd#siconfi-cor_DespesasExcetoIntraOrcamentariasOutrasDepesasPrevidenciarias" xlink:label="DespesasExcetoIntraOrcamentariasOutrasDepesasPrevidenciarias" xlink:title="DespesasExcetoIntraOrcamentariasOutrasDepesasPrevidenciarias"/>
    <link:definitionArc xlink:type="arc" xlink:arcrole="http://xbrl.org/int/dim/arcrole/domain-member" xlink:from="DespesasPrevidenciariasExcetoIntraOrcamentarias" xlink:to="DespesasExcetoIntraOrcamentariasOutrasDepesasPrevidenciarias" xlink:title="definition: DespesasPrevidenciariasExcetoIntraOrcamentarias to DespesasExcetoIntraOrcamentariasOutrasDepesasPrevidenciarias" order="2.0"/>
    <link:loc xlink:type="locator" xlink:href="../../../cor/ic/siconfi-cor_2020-12-31.xsd#siconfi-cor_DespesasPrevidenciariasExcetoIntraOrcamentariasCompensacaoDoRGPSParaORPPS" xlink:label="DespesasPrevidenciariasExcetoIntraOrcamentariasCompensacaoDoRGPSParaORPPS" xlink:title="DespesasPrevidenciariasExcetoIntraOrcamentariasCompensacaoDoRGPSParaORPPS"/>
    <link:definitionArc xlink:type="arc" xlink:arcrole="http://xbrl.org/int/dim/arcrole/domain-member" xlink:from="DespesasExcetoIntraOrcamentariasOutrasDepesasPrevidenciarias" xlink:to="DespesasPrevidenciariasExcetoIntraOrcamentariasCompensacaoDoRGPSParaORPPS" xlink:title="definition: DespesasExcetoIntraOrcamentariasOutrasDepesasPrevidenciarias to DespesasPrevidenciariasExcetoIntraOrcamentariasCompensacaoDoRGPSParaORPPS" order="1.0"/>
    <link:loc xlink:type="locator" xlink:href="../../../cor/ic/siconfi-cor_2020-12-31.xsd#siconfi-cor_DespesasExcetoIntraOrcamentariasDemaisDespesasPrevidenciarias" xlink:label="DespesasExcetoIntraOrcamentariasDemaisDespesasPrevidenciarias" xlink:title="DespesasExcetoIntraOrcamentariasDemaisDespesasPrevidenciarias"/>
    <link:definitionArc xlink:type="arc" xlink:arcrole="http://xbrl.org/int/dim/arcrole/domain-member" xlink:from="DespesasExcetoIntraOrcamentariasOutrasDepesasPrevidenciarias" xlink:to="DespesasExcetoIntraOrcamentariasDemaisDespesasPrevidenciarias" xlink:title="definition: DespesasExcetoIntraOrcamentariasOutrasDepesasPrevidenciarias to DespesasExcetoIntraOrcamentariasDemaisDespesasPrevidenciarias" order="2.0"/>
    <link:loc xlink:type="locator" xlink:href="../../../cor/ic/siconfi-cor_2020-12-31.xsd#siconfi-cor_DespesasPrevidenciariasIntraOrcamentarias" xlink:label="DespesasPrevidenciariasIntraOrcamentarias" xlink:title="DespesasPrevidenciariasIntraOrcamentarias"/>
    <link:definitionArc xlink:type="arc" xlink:arcrole="http://xbrl.org/int/dim/arcrole/domain-member" xlink:from="DespesasOrcamentariasLineItems" xlink:to="DespesasPrevidenciariasIntraOrcamentarias" xlink:title="definition: DespesasOrcamentariasLineItems to DespesasPrevidenciariasIntraOrcamentarias" order="2.0"/>
    <link:loc xlink:type="locator" xlink:href="../../../cor/ic/siconfi-cor_2020-12-31.xsd#siconfi-cor_TotalDasDespesasPrevidenciarias" xlink:label="TotalDasDespesasPrevidenciarias" xlink:title="TotalDasDespesasPrevidenciarias"/>
    <link:definitionArc xlink:type="arc" xlink:arcrole="http://xbrl.org/int/dim/arcrole/domain-member" xlink:from="DespesasOrcamentariasLineItems" xlink:to="TotalDasDespesasPrevidenciarias" xlink:title="definition: DespesasOrcamentariasLineItems to TotalDasDespesasPrevidenciarias" order="3.0"/>
    <link:loc xlink:type="locator" xlink:href="../../../cor/ic/siconfi-cor_2020-12-31.xsd#siconfi-cor_ResultadoPrevidenciario" xlink:label="ResultadoPrevidenciario" xlink:title="ResultadoPrevidenciario"/>
    <link:definitionArc xlink:type="arc" xlink:arcrole="http://xbrl.org/int/dim/arcrole/domain-member" xlink:from="DespesasOrcamentariasLineItems" xlink:to="ResultadoPrevidenciario" xlink:title="definition: DespesasOrcamentariasLineItems to ResultadoPrevidenciario" order="4.0"/>
    <link:loc xlink:type="locator" xlink:href="siconfi-rreo-anexo4rgps_2020-12-31.xsd#siconfi-rreo-anexo4uniao_DespesasOrcamentariasTable" xlink:label="DespesasOrcamentariasTable" xlink:title="DespesasOrcamentariasTable"/>
    <link:definitionArc xlink:type="arc" xlink:arcrole="http://xbrl.org/int/dim/arcrole/all" xlink:from="DespesasOrcamentariasAbstract" xlink:to="DespesasOrcamentariasTable" xlink:title="definition: DespesasOrcamentariasAbstract to DespesasOrcamentariasTable" order="2.0" xbrldt:contextElement="segment" xbrldt:closed="true"/>
    <link:loc xlink:type="locator" xlink:href="../../../cor/dim/siconfi-dim_2020-12-31.xsd#siconfi-dim_ExecucaoDaDespesaRGPSAxis" xlink:label="ExecucaoDaDespesaRGPSAxis" xlink:title="ExecucaoDaDespesaRGPSAxis"/>
    <link:definitionArc xlink:type="arc" xlink:arcrole="http://xbrl.org/int/dim/arcrole/hypercube-dimension" xlink:from="DespesasOrcamentariasTable" xlink:to="ExecucaoDaDespesaRGPSAxis" xlink:title="definition: DespesasOrcamentariasTable to ExecucaoDaDespesaRGPSAxis" order="1.0"/>
    <link:loc xlink:type="locator" xlink:href="../../../cor/dim/siconfi-dim_2020-12-31.xsd#siconfi-dim_DotacaoAtualizadaMember" xlink:label="DotacaoAtualizadaMember" xlink:title="DotacaoAtualizadaMember"/>
    <link:definitionArc xlink:type="arc" xlink:arcrole="http://xbrl.org/int/dim/arcrole/dimension-domain" xlink:from="ExecucaoDaDespesaRGPSAxis" xlink:to="DotacaoAtualizadaMember" xlink:title="definition: ExecucaoDaDespesaRGPSAxis to DotacaoAtualizadaMember" order="1.0"/>
    <link:loc xlink:type="locator" xlink:href="../../../cor/dim/siconfi-dim_2020-12-31.xsd#siconfi-dim_DespesasEmpenhadasAteOBimestreMember" xlink:label="DespesasEmpenhadasAteOBimestreMember" xlink:title="DespesasEmpenhadasAteOBimestreMember"/>
    <link:definitionArc xlink:type="arc" xlink:arcrole="http://xbrl.org/int/dim/arcrole/dimension-domain" xlink:from="ExecucaoDaDespesaRGPSAxis" xlink:to="DespesasEmpenhadasAteOBimestreMember" xlink:title="definition: ExecucaoDaDespesaRGPSAxis to DespesasEmpenhadasAteOBimestreMember" order="2.0"/>
    <link:loc xlink:type="locator" xlink:href="../../../cor/dim/siconfi-dim_2020-12-31.xsd#siconfi-dim_DespesasLiquidadasAteOBimestreMember" xlink:label="DespesasLiquidadasAteOBimestreMember" xlink:title="DespesasLiquidadasAteOBimestreMember"/>
    <link:definitionArc xlink:type="arc" xlink:arcrole="http://xbrl.org/int/dim/arcrole/dimension-domain" xlink:from="ExecucaoDaDespesaRGPSAxis" xlink:to="DespesasLiquidadasAteOBimestreMember" xlink:title="definition: ExecucaoDaDespesaRGPSAxis to DespesasLiquidadasAteOBimestreMember" order="3.0"/>
    <link:loc xlink:type="locator" xlink:href="../../../cor/dim/siconfi-dim_2020-12-31.xsd#siconfi-dim_DespesasInscritasEmRestosPagarNaoProcessadosExercicioAtualMember" xlink:label="DespesasInscritasEmRestosPagarNaoProcessadosExercicioAtualMember" xlink:title="DespesasInscritasEmRestosPagarNaoProcessadosExercicioAtualMember"/>
    <link:definitionArc xlink:type="arc" xlink:arcrole="http://xbrl.org/int/dim/arcrole/dimension-domain" xlink:from="ExecucaoDaDespesaRGPSAxis" xlink:to="DespesasInscritasEmRestosPagarNaoProcessadosExercicioAtualMember" xlink:title="definition: ExecucaoDaDespesaRGPSAxis to DespesasInscritasEmRestosPagarNaoProcessadosExercicioAtualMember" order="5.0"/>
    <link:loc xlink:type="locator" xlink:href="../../../cor/dim/siconfi-dim_2020-12-31.xsd#siconfi-dim_DespesasPagasAteOBimestreMember" xlink:label="DespesasPagasAteOBimestreMember" xlink:title="DespesasPagasAteOBimestreMember"/>
    <link:definitionArc xlink:type="arc" xlink:arcrole="http://xbrl.org/int/dim/arcrole/dimension-domain" xlink:from="ExecucaoDaDespesaRGPSAxis" xlink:to="DespesasPagasAteOBimestreMember" xlink:title="definition: ExecucaoDaDespesaRGPSAxis to DespesasPagasAteOBimestreMember" order="4.0"/>
  </link:definitionLink>
  <link:definitionLink xlink:type="extended" xlink:role="http://fazenda.gov.br/siconfi/rep/rreo/anexo4rgps/siconfi-rreo-anexo4-tabela4.3E">
    <link:loc xlink:type="locator" xlink:href="../../../cor/dim/siconfi-dim_2020-12-31.xsd#siconfi-dim_ExecucaoDaReceitaRGPSAxis" xlink:label="ExecucaoDaReceitaRGPSAxis" xlink:title="ExecucaoDaReceitaRGPSAxis"/>
    <link:loc xlink:type="locator" xlink:href="../../../cor/dim/siconfi-dim_2020-12-31.xsd#siconfi-dim_PrevisaoAtualizadaMember" xlink:label="PrevisaoAtualizadaMember" xlink:title="PrevisaoAtualizadaMember"/>
    <link:definitionArc xlink:type="arc" xlink:arcrole="http://xbrl.org/int/dim/arcrole/dimension-domain" xlink:from="ExecucaoDaReceitaRGPSAxis" xlink:to="PrevisaoAtualizadaMember" xlink:title="definition: ExecucaoDaReceitaRGPSAxis to PrevisaoAtualizadaMember" order="1.0"/>
    <link:loc xlink:type="locator" xlink:href="../../../cor/dim/siconfi-dim_2020-12-31.xsd#siconfi-dim_ReceitasRealizadasAteOBimestreMember" xlink:label="ReceitasRealizadasAteOBimestreMember" xlink:title="ReceitasRealizadasAteOBimestreMember"/>
    <link:definitionArc xlink:type="arc" xlink:arcrole="http://xbrl.org/int/dim/arcrole/dimension-domain" xlink:from="ExecucaoDaReceitaRGPSAxis" xlink:to="ReceitasRealizadasAteOBimestreMember" xlink:title="definition: ExecucaoDaReceitaRGPSAxis to ReceitasRealizadasAteOBimestreMember" order="2.0"/>
    <link:loc xlink:type="locator" xlink:href="siconfi-rreo-anexo4rgps_2020-12-31.xsd#siconfi-rreo-anexo4uniao_AportesDeRecursosAbstract" xlink:label="AportesDeRecursosAbstract" xlink:title="AportesDeRecursosAbstract"/>
    <link:loc xlink:type="locator" xlink:href="siconfi-rreo-anexo4rgps_2020-12-31.xsd#siconfi-rreo-anexo4uniao_AportesDeRecursosLineItems" xlink:label="AportesDeRecursosLineItems" xlink:title="AportesDeRecursosLineItems"/>
    <link:definitionArc xlink:type="arc" xlink:arcrole="http://xbrl.org/int/dim/arcrole/domain-member" xlink:from="AportesDeRecursosAbstract" xlink:to="AportesDeRecursosLineItems" xlink:title="definition: AportesDeRecursosAbstract to AportesDeRecursosLineItems" order="1.0"/>
    <link:loc xlink:type="locator" xlink:href="../../../cor/ic/siconfi-cor_2020-12-31.xsd#siconfi-cor_TotalDosAportesParaAPrevidencia" xlink:label="TotalDosAportesParaAPrevidencia" xlink:title="TotalDosAportesParaAPrevidencia"/>
    <link:definitionArc xlink:type="arc" xlink:arcrole="http://xbrl.org/int/dim/arcrole/domain-member" xlink:from="AportesDeRecursosLineItems" xlink:to="TotalDosAportesParaAPrevidencia" xlink:title="definition: AportesDeRecursosLineItems to TotalDosAportesParaAPrevidencia" order="1.0"/>
    <link:loc xlink:type="locator" xlink:href="../../../cor/ic/siconfi-cor_2020-12-31.xsd#siconfi-cor_AportesParaAPrevidenciaPlanoFinanceiroInsuficienciaFinanceira" xlink:label="AportesParaAPrevidenciaPlanoFinanceiroInsuficienciaFinanceira" xlink:title="AportesParaAPrevidenciaPlanoFinanceiroInsuficienciaFinanceira"/>
    <link:definitionArc xlink:type="arc" xlink:arcrole="http://xbrl.org/int/dim/arcrole/domain-member" xlink:from="TotalDosAportesParaAPrevidencia" xlink:to="AportesParaAPrevidenciaPlanoFinanceiroInsuficienciaFinanceira" xlink:title="definition: TotalDosAportesParaAPrevidencia to AportesParaAPrevidenciaPlanoFinanceiroInsuficienciaFinanceira" order="1.0"/>
    <link:loc xlink:type="locator" xlink:href="../../../cor/ic/siconfi-cor_2020-12-31.xsd#siconfi-cor_AportesParaAPrevidenciaPlanoFinanceiroInsuficienciaFinanceiraProvenientesDoOSS" xlink:label="AportesParaAPrevidenciaPlanoFinanceiroInsuficienciaFinanceiraProvenientesDoOSS" xlink:title="AportesParaAPrevidenciaPlanoFinanceiroInsuficienciaFinanceiraProvenientesDoOSS"/>
    <link:definitionArc xlink:type="arc" xlink:arcrole="http://xbrl.org/int/dim/arcrole/domain-member" xlink:from="AportesParaAPrevidenciaPlanoFinanceiroInsuficienciaFinanceira" xlink:to="AportesParaAPrevidenciaPlanoFinanceiroInsuficienciaFinanceiraProvenientesDoOSS" xlink:title="definition: AportesParaAPrevidenciaPlanoFinanceiroInsuficienciaFinanceira to AportesParaAPrevidenciaPlanoFinanceiroInsuficienciaFinanceiraProvenientesDoOSS" order="1.0"/>
    <link:loc xlink:type="locator" xlink:href="../../../cor/ic/siconfi-cor_2020-12-31.xsd#siconfi-cor_AportesParaAPrevidenciaPlanoFinanceiroInsuficienciaFinanceiraProvenientesDoOF" xlink:label="AportesParaAPrevidenciaPlanoFinanceiroInsuficienciaFinanceiraProvenientesDoOF" xlink:title="AportesParaAPrevidenciaPlanoFinanceiroInsuficienciaFinanceiraProvenientesDoOF"/>
    <link:definitionArc xlink:type="arc" xlink:arcrole="http://xbrl.org/int/dim/arcrole/domain-member" xlink:from="AportesParaAPrevidenciaPlanoFinanceiroInsuficienciaFinanceira" xlink:to="AportesParaAPrevidenciaPlanoFinanceiroInsuficienciaFinanceiraProvenientesDoOF" xlink:title="definition: AportesParaAPrevidenciaPlanoFinanceiroInsuficienciaFinanceira to AportesParaAPrevidenciaPlanoFinanceiroInsuficienciaFinanceiraProvenientesDoOF" order="2.0"/>
    <link:loc xlink:type="locator" xlink:href="../../../cor/ic/siconfi-cor_2020-12-31.xsd#siconfi-cor_AportesParaAPrevidenciaPlanoFinanceiroFormacaoDeReserva" xlink:label="AportesParaAPrevidenciaPlanoFinanceiroFormacaoDeReserva" xlink:title="AportesParaAPrevidenciaPlanoFinanceiroFormacaoDeReserva"/>
    <link:definitionArc xlink:type="arc" xlink:arcrole="http://xbrl.org/int/dim/arcrole/domain-member" xlink:from="TotalDosAportesParaAPrevidencia" xlink:to="AportesParaAPrevidenciaPlanoFinanceiroFormacaoDeReserva" xlink:title="definition: TotalDosAportesParaAPrevidencia to AportesParaAPrevidenciaPlanoFinanceiroFormacaoDeReserva" order="2.0"/>
    <link:loc xlink:type="locator" xlink:href="../../../cor/ic/siconfi-cor_2020-12-31.xsd#siconfi-cor_AportesParaAPrevidenciaPlanoFinanceiroOutrosAportes" xlink:label="AportesParaAPrevidenciaPlanoFinanceiroOutrosAportes" xlink:title="AportesParaAPrevidenciaPlanoFinanceiroOutrosAportes"/>
    <link:definitionArc xlink:type="arc" xlink:arcrole="http://xbrl.org/int/dim/arcrole/domain-member" xlink:from="TotalDosAportesParaAPrevidencia" xlink:to="AportesParaAPrevidenciaPlanoFinanceiroOutrosAportes" xlink:title="definition: TotalDosAportesParaAPrevidencia to AportesParaAPrevidenciaPlanoFinanceiroOutrosAportes" order="3.0"/>
    <link:loc xlink:type="locator" xlink:href="siconfi-rreo-anexo4rgps_2020-12-31.xsd#siconfi-rreo-anexo4uniao_AportesDeRecursosTable" xlink:label="AportesDeRecursosTable" xlink:title="AportesDeRecursosTable"/>
    <link:definitionArc xlink:type="arc" xlink:arcrole="http://xbrl.org/int/dim/arcrole/all" xlink:from="AportesDeRecursosAbstract" xlink:to="AportesDeRecursosTable" xlink:title="definition: AportesDeRecursosAbstract to AportesDeRecursosTable" order="2.0" xbrldt:contextElement="segment" xbrldt:closed="true"/>
    <link:definitionArc xlink:type="arc" xlink:arcrole="http://xbrl.org/int/dim/arcrole/hypercube-dimension" xlink:from="AportesDeRecursosTable" xlink:to="ExecucaoDaReceitaRGPSAxis" xlink:title="definition: AportesDeRecursosTable to ExecucaoDaReceitaRGPSAxis" order="1.0"/>
  </link:definitionLink>
</link:linkbase>
