<?xml version="1.0" encoding="UTF-8"?>
<!-- Generated by Fujitsu Interstage XWand B0196 -->
<link:linkbase xmlns:xsi="http://www.w3.org/2001/XMLSchema-instance" xsi:schemaLocation="http://www.xbrl.org/2003/linkbase http://www.xbrl.org/2003/xbrl-linkbase-2003-12-31.xsd" xmlns:siconfi-rgf-anexo6demaispoderes="http://fazenda.gov.br/siconfi/rep/rgf/anexo6demaispoderes/siconfi-rgf-anexo6demaispoderes_2019-12-31" xmlns:link="http://www.xbrl.org/2003/linkbase" xmlns:xbrldt="http://xbrl.org/2005/xbrldt" xmlns:xlink="http://www.w3.org/1999/xlink" xmlns:xbrli="http://www.xbrl.org/2003/instance">
  <link:roleRef roleURI="http://fazenda.gov.br/siconfi/rep/rgf/anexo6demaispoderes/siconfi-rgf-anexo6demaispoderes-tabela6.6" xlink:type="simple" xlink:href="siconfi-rgf-anexo6demaispoderes_2019-12-31.xsd#siconfi-rgf-anexo6demaispoderes-tabela6.6"/>
  <link:presentationLink xlink:type="extended" xlink:role="http://fazenda.gov.br/siconfi/rep/rgf/anexo6demaispoderes/siconfi-rgf-anexo6demaispoderes-tabela6.6">
    <link:loc xlink:type="locator" xlink:href="siconfi-rgf-anexo6demaispoderes_2019-12-31.xsd#siconfi-rgf-anexo6mpu_DemonstrativoAnexo6Abstract" xlink:label="DemonstrativoAnexo6Abstract" xlink:title="DemonstrativoAnexo6Abstract"/>
    <link:loc xlink:type="locator" xlink:href="siconfi-rgf-anexo6demaispoderes_2019-12-31.xsd#siconfi-rgf-anexo6mpu_DespesaComPessoalAbstract" xlink:label="DespesaComPessoalAbstract" xlink:title="DespesaComPessoalAbstract"/>
    <link:presentationArc xlink:type="arc" xlink:arcrole="http://www.xbrl.org/2003/arcrole/parent-child" xlink:from="DemonstrativoAnexo6Abstract" xlink:to="DespesaComPessoalAbstract" xlink:title="presentation: DemonstrativoAnexo6Abstract to DespesaComPessoalAbstract" order="2.0"/>
    <link:loc xlink:type="locator" xlink:href="siconfi-rgf-anexo6demaispoderes_2019-12-31.xsd#siconfi-rgf-anexo6mpu_DespesaComPessoalLineItems" xlink:label="DespesaComPessoalLineItems" xlink:title="DespesaComPessoalLineItems"/>
    <link:presentationArc xlink:type="arc" xlink:arcrole="http://www.xbrl.org/2003/arcrole/parent-child" xlink:from="DespesaComPessoalAbstract" xlink:to="DespesaComPessoalLineItems" xlink:title="presentation: DespesaComPessoalAbstract to DespesaComPessoalLineItems" order="1.0"/>
    <link:loc xlink:type="locator" xlink:href="../../../cor/ic/siconfi-cor_2019-12-31.xsd#siconfi-cor_RGF6DespesaTotalComPessoalDemonstrativoSimplificado" xlink:label="RGF6DespesaTotalComPessoalDemonstrativoSimplificado" xlink:title="RGF6DespesaTotalComPessoalDemonstrativoSimplificado"/>
    <link:presentationArc xlink:type="arc" xlink:arcrole="http://www.xbrl.org/2003/arcrole/parent-child" xlink:from="DespesaComPessoalLineItems" xlink:to="RGF6DespesaTotalComPessoalDemonstrativoSimplificado" xlink:title="presentation: DespesaComPessoalLineItems to RGF6DespesaTotalComPessoalDemonstrativoSimplificado" order="1.0"/>
    <link:loc xlink:type="locator" xlink:href="../../../cor/ic/siconfi-cor_2019-12-31.xsd#siconfi-cor_RGF6LimitePrudencialDespesaComPessoalDemonstrativoSimplificado" xlink:label="RGF6LimitePrudencialDespesaComPessoalDemonstrativoSimplificado" xlink:title="RGF6LimitePrudencialDespesaComPessoalDemonstrativoSimplificado"/>
    <link:presentationArc xlink:type="arc" xlink:arcrole="http://www.xbrl.org/2003/arcrole/parent-child" xlink:from="DespesaComPessoalLineItems" xlink:to="RGF6LimitePrudencialDespesaComPessoalDemonstrativoSimplificado" xlink:title="presentation: DespesaComPessoalLineItems to RGF6LimitePrudencialDespesaComPessoalDemonstrativoSimplificado" order="3.0"/>
    <link:loc xlink:type="locator" xlink:href="../../../cor/ic/siconfi-cor_2019-12-31.xsd#siconfi-cor_RGF6LimiteMaximoDespesaComPessoalDemonstrativoSimplificado" xlink:label="RGF6LimiteMaximoDespesaComPessoalDemonstrativoSimplificado" xlink:title="RGF6LimiteMaximoDespesaComPessoalDemonstrativoSimplificado"/>
    <link:presentationArc xlink:type="arc" xlink:arcrole="http://www.xbrl.org/2003/arcrole/parent-child" xlink:from="DespesaComPessoalLineItems" xlink:to="RGF6LimiteMaximoDespesaComPessoalDemonstrativoSimplificado" xlink:title="presentation: DespesaComPessoalLineItems to RGF6LimiteMaximoDespesaComPessoalDemonstrativoSimplificado" order="2.0"/>
    <link:loc xlink:type="locator" xlink:href="../../../cor/ic/siconfi-cor_2019-12-31.xsd#siconfi-cor_LimiteDeAlertaDespesaComPessoalDemonstrativoSimplificado" xlink:label="LimiteDeAlertaDespesaComPessoalDemonstrativoSimplificado" xlink:title="LimiteDeAlertaDespesaComPessoalDemonstrativoSimplificado"/>
    <link:presentationArc xlink:type="arc" xlink:arcrole="http://www.xbrl.org/2003/arcrole/parent-child" xlink:from="DespesaComPessoalLineItems" xlink:to="LimiteDeAlertaDespesaComPessoalDemonstrativoSimplificado" xlink:title="presentation: DespesaComPessoalLineItems to LimiteDeAlertaDespesaComPessoalDemonstrativoSimplificado" order="4.0"/>
    <link:loc xlink:type="locator" xlink:href="siconfi-rgf-anexo6demaispoderes_2019-12-31.xsd#siconfi-rgf-anexo6mpu_ApuracaoPercentualSobreRCL-DespesaComPessoalTable" xlink:label="ApuracaoPercentualSobreRCL-DespesaComPessoalTable" xlink:title="ApuracaoPercentualSobreRCL-DespesaComPessoalTable"/>
    <link:presentationArc xlink:type="arc" xlink:arcrole="http://www.xbrl.org/2003/arcrole/parent-child" xlink:from="DespesaComPessoalAbstract" xlink:to="ApuracaoPercentualSobreRCL-DespesaComPessoalTable" xlink:title="presentation: DespesaComPessoalAbstract to ApuracaoPercentualSobreRCL-DespesaComPessoalTable" order="2.0" xbrldt:contextElement="segment" xbrldt:closed="true"/>
    <link:loc xlink:type="locator" xlink:href="../../../cor/dim/siconfi-dim_2019-12-31.xsd#siconfi-dim_ValorRealizadoPeriodoAxis" xlink:label="ValorRealizadoPeriodoAxis" xlink:title="ValorRealizadoPeriodoAxis"/>
    <link:presentationArc xlink:type="arc" xlink:arcrole="http://www.xbrl.org/2003/arcrole/parent-child" xlink:from="ApuracaoPercentualSobreRCL-DespesaComPessoalTable" xlink:to="ValorRealizadoPeriodoAxis" xlink:title="presentation: ApuracaoPercentualSobreRCL-DespesaComPessoalTable to ValorRealizadoPeriodoAxis" order="1.0"/>
    <link:loc xlink:type="locator" xlink:href="../../../cor/dim/siconfi-dim_2019-12-31.xsd#siconfi-dim_ValorMember" xlink:label="ValorMember" xlink:title="ValorMember"/>
    <link:presentationArc xlink:type="arc" xlink:arcrole="http://www.xbrl.org/2003/arcrole/parent-child" xlink:from="ValorRealizadoPeriodoAxis" xlink:to="ValorMember" xlink:title="presentation: ValorRealizadoPeriodoAxis to ValorMember" order="1.0"/>
    <link:loc xlink:type="locator" xlink:href="../../../cor/dim/siconfi-dim_2019-12-31.xsd#siconfi-dim_ApuracaoPercentualSobreReceitaCorrenteLiquidaAjustadaMember" xlink:label="ApuracaoPercentualSobreReceitaCorrenteLiquidaAjustadaMember" xlink:title="ApuracaoPercentualSobreReceitaCorrenteLiquidaAjustadaMember"/>
    <link:presentationArc xlink:type="arc" xlink:arcrole="http://www.xbrl.org/2003/arcrole/parent-child" xlink:from="ValorRealizadoPeriodoAxis" xlink:to="ApuracaoPercentualSobreReceitaCorrenteLiquidaAjustadaMember" xlink:title="presentation: ValorRealizadoPeriodoAxis to ApuracaoPercentualSobreReceitaCorrenteLiquidaAjustadaMember" order="2.0"/>
    <link:loc xlink:type="locator" xlink:href="siconfi-rgf-anexo6demaispoderes_2019-12-31.xsd#siconfi-rgf-anexo6mpu_ApuracaoSobreRestosAPagarAbstract" xlink:label="ApuracaoSobreRestosAPagarAbstract" xlink:title="ApuracaoSobreRestosAPagarAbstract"/>
    <link:presentationArc xlink:type="arc" xlink:arcrole="http://www.xbrl.org/2003/arcrole/parent-child" xlink:from="DemonstrativoAnexo6Abstract" xlink:to="ApuracaoSobreRestosAPagarAbstract" xlink:title="presentation: DemonstrativoAnexo6Abstract to ApuracaoSobreRestosAPagarAbstract" order="6.0"/>
    <link:loc xlink:type="locator" xlink:href="siconfi-rgf-anexo6demaispoderes_2019-12-31.xsd#siconfi-rgf-anexo6mpu_ApuracaoSobreRestosAPagarLineItems" xlink:label="ApuracaoSobreRestosAPagarLineItems" xlink:title="ApuracaoSobreRestosAPagarLineItems"/>
    <link:presentationArc xlink:type="arc" xlink:arcrole="http://www.xbrl.org/2003/arcrole/parent-child" xlink:from="ApuracaoSobreRestosAPagarAbstract" xlink:to="ApuracaoSobreRestosAPagarLineItems" xlink:title="presentation: ApuracaoSobreRestosAPagarAbstract to ApuracaoSobreRestosAPagarLineItems" order="1.0"/>
    <link:loc xlink:type="locator" xlink:href="../../../cor/ic/siconfi-cor_2019-12-31.xsd#siconfi-cor_ValorTotalRestosAPagarDemonstrativoSimplificado" xlink:label="ValorTotalRestosAPagarDemonstrativoSimplificado" xlink:title="ValorTotalRestosAPagarDemonstrativoSimplificado"/>
    <link:presentationArc xlink:type="arc" xlink:arcrole="http://www.xbrl.org/2003/arcrole/parent-child" xlink:from="ApuracaoSobreRestosAPagarLineItems" xlink:to="ValorTotalRestosAPagarDemonstrativoSimplificado" xlink:title="presentation: ApuracaoSobreRestosAPagarLineItems to ValorTotalRestosAPagarDemonstrativoSimplificado" order="1.0"/>
    <link:loc xlink:type="locator" xlink:href="siconfi-rgf-anexo6demaispoderes_2019-12-31.xsd#siconfi-rgf-anexo6mpu_ApuracaoSimplificadaSobreRestosPagarTable" xlink:label="ApuracaoSimplificadaSobreRestosPagarTable" xlink:title="ApuracaoSimplificadaSobreRestosPagarTable"/>
    <link:presentationArc xlink:type="arc" xlink:arcrole="http://www.xbrl.org/2003/arcrole/parent-child" xlink:from="ApuracaoSobreRestosAPagarAbstract" xlink:to="ApuracaoSimplificadaSobreRestosPagarTable" xlink:title="presentation: ApuracaoSobreRestosAPagarAbstract to ApuracaoSimplificadaSobreRestosPagarTable" order="2.0" xbrldt:contextElement="segment" xbrldt:closed="true"/>
    <link:loc xlink:type="locator" xlink:href="../../../cor/dim/siconfi-dim_2019-12-31.xsd#siconfi-dim_ConfrontoDeRestosAPagarComDisponibilidadeDeCaixaAxis" xlink:label="ConfrontoDeRestosAPagarComDisponibilidadeDeCaixaAxis" xlink:title="ConfrontoDeRestosAPagarComDisponibilidadeDeCaixaAxis"/>
    <link:presentationArc xlink:type="arc" xlink:arcrole="http://www.xbrl.org/2003/arcrole/parent-child" xlink:from="ApuracaoSimplificadaSobreRestosPagarTable" xlink:to="ConfrontoDeRestosAPagarComDisponibilidadeDeCaixaAxis" xlink:title="presentation: ApuracaoSimplificadaSobreRestosPagarTable to ConfrontoDeRestosAPagarComDisponibilidadeDeCaixaAxis" order="1.0"/>
    <link:loc xlink:type="locator" xlink:href="../../../cor/dim/siconfi-dim_2019-12-31.xsd#siconfi-dim_RestosAPagarEmpenhadosENaoLiquidadosDoExerciciosMember" xlink:label="RestosAPagarEmpenhadosENaoLiquidadosDoExerciciosMember" xlink:title="RestosAPagarEmpenhadosENaoLiquidadosDoExerciciosMember"/>
    <link:presentationArc xlink:type="arc" xlink:arcrole="http://www.xbrl.org/2003/arcrole/parent-child" xlink:from="ConfrontoDeRestosAPagarComDisponibilidadeDeCaixaAxis" xlink:to="RestosAPagarEmpenhadosENaoLiquidadosDoExerciciosMember" xlink:title="presentation: ConfrontoDeRestosAPagarComDisponibilidadeDeCaixaAxis to RestosAPagarEmpenhadosENaoLiquidadosDoExerciciosMember" order="1.0"/>
    <link:loc xlink:type="locator" xlink:href="../../../cor/dim/siconfi-dim_2019-12-31.xsd#siconfi-dim_DisponibilidadeDeCaixaLiquidaAposInscricaoEmRPNaoProcessadosDoExercicioMember" xlink:label="DisponibilidadeDeCaixaLiquidaAposInscricaoEmRPNaoProcessadosDoExercicioMember" xlink:title="DisponibilidadeDeCaixaLiquidaAposInscricaoEmRPNaoProcessadosDoExercicioMember"/>
    <link:presentationArc xlink:type="arc" xlink:arcrole="http://www.xbrl.org/2003/arcrole/parent-child" xlink:from="ConfrontoDeRestosAPagarComDisponibilidadeDeCaixaAxis" xlink:to="DisponibilidadeDeCaixaLiquidaAposInscricaoEmRPNaoProcessadosDoExercicioMember" xlink:title="presentation: ConfrontoDeRestosAPagarComDisponibilidadeDeCaixaAxis to DisponibilidadeDeCaixaLiquidaAposInscricaoEmRPNaoProcessadosDoExercicioMember" order="3.0"/>
    <link:loc xlink:type="locator" xlink:href="siconfi-rgf-anexo6demaispoderes_2019-12-31.xsd#siconfi-rgf-anexo6mpu_FonteAnexo6Tabela6.0Abstract" xlink:label="FonteAnexo6Tabela6.0Abstract" xlink:title="FonteAnexo6Tabela6.0Abstract"/>
    <link:presentationArc xlink:type="arc" xlink:arcrole="http://www.xbrl.org/2003/arcrole/parent-child" xlink:from="DemonstrativoAnexo6Abstract" xlink:to="FonteAnexo6Tabela6.0Abstract" xlink:title="presentation: DemonstrativoAnexo6Abstract to FonteAnexo6Tabela6.0Abstract" order="7.0"/>
    <link:loc xlink:type="locator" xlink:href="siconfi-rgf-anexo6demaispoderes_2019-12-31.xsd#siconfi-rgf-anexo6mpu_FonteAnexo6Tabela6.0LineItems" xlink:label="FonteAnexo6Tabela6.0LineItems" xlink:title="FonteAnexo6Tabela6.0LineItems"/>
    <link:presentationArc xlink:type="arc" xlink:arcrole="http://www.xbrl.org/2003/arcrole/parent-child" xlink:from="FonteAnexo6Tabela6.0Abstract" xlink:to="FonteAnexo6Tabela6.0LineItems" xlink:title="presentation: FonteAnexo6Tabela6.0Abstract to FonteAnexo6Tabela6.0LineItems" order="1.0"/>
    <link:loc xlink:type="locator" xlink:href="../../../cor/ic/siconfi-cor_2019-12-31.xsd#siconfi-cor_RGF6FonteAnexo6Tabela6.0RGF" xlink:label="RGF6FonteAnexo6Tabela6.0RGF" xlink:title="RGF6FonteAnexo6Tabela6.0RGF"/>
    <link:presentationArc xlink:type="arc" xlink:arcrole="http://www.xbrl.org/2003/arcrole/parent-child" xlink:from="FonteAnexo6Tabela6.0LineItems" xlink:to="RGF6FonteAnexo6Tabela6.0RGF" xlink:title="presentation: FonteAnexo6Tabela6.0LineItems to RGF6FonteAnexo6Tabela6.0RGF" order="1.0"/>
    <link:loc xlink:type="locator" xlink:href="siconfi-rgf-anexo6demaispoderes_2019-12-31.xsd#siconfi-rgf-anexo6mpu_ReceitaCorrenteLiquidaAbstract" xlink:label="ReceitaCorrenteLiquidaAbstract" xlink:title="ReceitaCorrenteLiquidaAbstract"/>
    <link:presentationArc xlink:type="arc" xlink:arcrole="http://www.xbrl.org/2003/arcrole/parent-child" xlink:from="DemonstrativoAnexo6Abstract" xlink:to="ReceitaCorrenteLiquidaAbstract" xlink:title="presentation: DemonstrativoAnexo6Abstract to ReceitaCorrenteLiquidaAbstract" order="1.0"/>
    <link:loc xlink:type="locator" xlink:href="siconfi-rgf-anexo6demaispoderes_2019-12-31.xsd#siconfi-rgf-anexo6mpu_ReceitaCorrenteLiquidaLineItems" xlink:label="ReceitaCorrenteLiquidaLineItems" xlink:title="ReceitaCorrenteLiquidaLineItems"/>
    <link:presentationArc xlink:type="arc" xlink:arcrole="http://www.xbrl.org/2003/arcrole/parent-child" xlink:from="ReceitaCorrenteLiquidaAbstract" xlink:to="ReceitaCorrenteLiquidaLineItems" xlink:title="presentation: ReceitaCorrenteLiquidaAbstract to ReceitaCorrenteLiquidaLineItems" order="1.0"/>
    <link:loc xlink:type="locator" xlink:href="../../../cor/ic/siconfi-cor_2019-12-31.xsd#siconfi-cor_ReceitaCorrenteLiquida" xlink:label="ReceitaCorrenteLiquida" xlink:title="ReceitaCorrenteLiquida"/>
    <link:presentationArc xlink:type="arc" xlink:arcrole="http://www.xbrl.org/2003/arcrole/parent-child" xlink:from="ReceitaCorrenteLiquidaLineItems" xlink:to="ReceitaCorrenteLiquida" xlink:title="presentation: ReceitaCorrenteLiquidaLineItems to ReceitaCorrenteLiquida" order="1.0"/>
    <link:loc xlink:type="locator" xlink:href="../../../cor/ic/siconfi-cor_2019-12-31.xsd#siconfi-cor_ReceitaCorrenteLiquidaAjustada" xlink:label="ReceitaCorrenteLiquidaAjustada" xlink:title="ReceitaCorrenteLiquidaAjustada"/>
    <link:presentationArc xlink:type="arc" xlink:arcrole="http://www.xbrl.org/2003/arcrole/parent-child" xlink:from="ReceitaCorrenteLiquidaLineItems" xlink:to="ReceitaCorrenteLiquidaAjustada" xlink:title="presentation: ReceitaCorrenteLiquidaLineItems to ReceitaCorrenteLiquidaAjustada" order="2.0"/>
    <link:loc xlink:type="locator" xlink:href="siconfi-rgf-anexo6demaispoderes_2019-12-31.xsd#siconfi-rgf-anexo6mpu_ReceitaCorrenteLiquidaTable" xlink:label="ReceitaCorrenteLiquidaTable" xlink:title="ReceitaCorrenteLiquidaTable"/>
    <link:presentationArc xlink:type="arc" xlink:arcrole="http://www.xbrl.org/2003/arcrole/parent-child" xlink:from="ReceitaCorrenteLiquidaAbstract" xlink:to="ReceitaCorrenteLiquidaTable" xlink:title="presentation: ReceitaCorrenteLiquidaAbstract to ReceitaCorrenteLiquidaTable" order="2.0" xbrldt:contextElement="segment" xbrldt:closed="true"/>
    <link:loc xlink:type="locator" xlink:href="../../../cor/dim/siconfi-dim_2019-12-31.xsd#siconfi-dim_ValorAteOBimestreAxis" xlink:label="ValorAteOBimestreAxis" xlink:title="ValorAteOBimestreAxis"/>
    <link:presentationArc xlink:type="arc" xlink:arcrole="http://www.xbrl.org/2003/arcrole/parent-child" xlink:from="ReceitaCorrenteLiquidaTable" xlink:to="ValorAteOBimestreAxis" xlink:title="presentation: ReceitaCorrenteLiquidaTable to ValorAteOBimestreAxis" order="1.0"/>
    <link:loc xlink:type="locator" xlink:href="../../../cor/dim/siconfi-dim_2019-12-31.xsd#siconfi-dim_AteOQuadrimestreDeReferenciaMember" xlink:label="AteOQuadrimestreDeReferenciaMember" xlink:title="AteOQuadrimestreDeReferenciaMember"/>
    <link:presentationArc xlink:type="arc" xlink:arcrole="http://www.xbrl.org/2003/arcrole/parent-child" xlink:from="ValorAteOBimestreAxis" xlink:to="AteOQuadrimestreDeReferenciaMember" xlink:title="presentation: ValorAteOBimestreAxis to AteOQuadrimestreDeReferenciaMember" order="2.0"/>
  </link:presentationLink>
</link:linkbase>
