<?xml version="1.0" encoding="UTF-8"?>
<!-- Generated by Fujitsu Interstage XWand B0196 -->
<link:linkbase xmlns:xsi="http://www.w3.org/2001/XMLSchema-instance" xsi:schemaLocation="http://www.xbrl.org/2003/linkbase http://www.xbrl.org/2003/xbrl-linkbase-2003-12-31.xsd" xmlns:link="http://www.xbrl.org/2003/linkbase" xmlns:xbrli="http://www.xbrl.org/2003/instance" xmlns:xlink="http://www.w3.org/1999/xlink" xmlns:xbrldt="http://xbrl.org/2005/xbrldt">
  <link:roleRef roleURI="http://fazenda.gov.br/siconfi/rep/rgf/anexo2municipiossemestral/siconfi-rgf-anexo2-tabela2.3" xlink:type="simple" xlink:href="siconfi-rgf-anexo2municipiossemestral_2019-12-31.xsd#siconfi-rgf-anexo2-tabela2.3"/>
  <link:roleRef roleURI="http://fazenda.gov.br/siconfi/rep/rgf/anexo2municipiossemestral/siconfi-rgf-anexo2-tabela2.4" xlink:type="simple" xlink:href="siconfi-rgf-anexo2municipiossemestral_2019-12-31.xsd#siconfi-rgf-anexo2-tabela2.4"/>
  <link:roleRef roleURI="http://fazenda.gov.br/siconfi/rep/rgf/anexo2municipiossemestral/siconfi-rgf-anexo2-tabela2.5" xlink:type="simple" xlink:href="siconfi-rgf-anexo2municipiossemestral_2019-12-31.xsd#siconfi-rgf-anexo2-tabela2.5"/>
  <link:arcroleRef arcroleURI="http://xbrl.org/int/dim/arcrole/all" xlink:type="simple" xlink:href="http://www.xbrl.org/2005/xbrldt-2005.xsd#all"/>
  <link:arcroleRef arcroleURI="http://xbrl.org/int/dim/arcrole/domain-member" xlink:type="simple" xlink:href="http://www.xbrl.org/2005/xbrldt-2005.xsd#domain-member"/>
  <link:arcroleRef arcroleURI="http://xbrl.org/int/dim/arcrole/hypercube-dimension" xlink:type="simple" xlink:href="http://www.xbrl.org/2005/xbrldt-2005.xsd#hypercube-dimension"/>
  <link:arcroleRef arcroleURI="http://xbrl.org/int/dim/arcrole/dimension-domain" xlink:type="simple" xlink:href="http://www.xbrl.org/2005/xbrldt-2005.xsd#dimension-domain"/>
  <link:arcroleRef arcroleURI="http://xbrl.org/int/dim/arcrole/notAll" xlink:type="simple" xlink:href="http://www.xbrl.org/2005/xbrldt-2005.xsd#notAll"/>
  <link:definitionLink xlink:type="extended" xlink:role="http://fazenda.gov.br/siconfi/rep/rgf/anexo2municipiossemestral/siconfi-rgf-anexo2-tabela2.3">
    <link:loc xlink:type="locator" xlink:href="siconfi-rgf-anexo2municipiossemestral_2019-12-31.xsd#siconfi-rgf-anexo2municipiossemestral_DividaConsolidadaAbstract" xlink:label="DividaConsolidadaAbstract" xlink:title="DividaConsolidadaAbstract"/>
    <link:loc xlink:type="locator" xlink:href="siconfi-rgf-anexo2municipiossemestral_2019-12-31.xsd#siconfi-rgf-anexo2municipiossemestral_DividaConsolidadaLineItems" xlink:label="DividaConsolidadaLineItems" xlink:title="DividaConsolidadaLineItems"/>
    <link:definitionArc xlink:type="arc" xlink:arcrole="http://xbrl.org/int/dim/arcrole/domain-member" xlink:from="DividaConsolidadaAbstract" xlink:to="DividaConsolidadaLineItems" xlink:title="definition: DividaConsolidadaAbstract to DividaConsolidadaLineItems" order="1.0"/>
    <link:loc xlink:type="locator" xlink:href="../../../cor/ic/siconfi-cor_2019-12-31.xsd#siconfi-cor_DividaConsolidada" xlink:label="DividaConsolidada" xlink:title="DividaConsolidada"/>
    <link:definitionArc xlink:type="arc" xlink:arcrole="http://xbrl.org/int/dim/arcrole/domain-member" xlink:from="DividaConsolidadaLineItems" xlink:to="DividaConsolidada" xlink:title="definition: DividaConsolidadaLineItems to DividaConsolidada" order="1.0"/>
    <link:loc xlink:type="locator" xlink:href="../../../cor/ic/siconfi-cor_2019-12-31.xsd#siconfi-cor_DividaMobiliaria" xlink:label="DividaMobiliaria" xlink:title="DividaMobiliaria"/>
    <link:definitionArc xlink:type="arc" xlink:arcrole="http://xbrl.org/int/dim/arcrole/domain-member" xlink:from="DividaConsolidada" xlink:to="DividaMobiliaria" xlink:title="definition: DividaConsolidada to DividaMobiliaria" order="1.0"/>
    <link:loc xlink:type="locator" xlink:href="../../../cor/ic/siconfi-cor_2019-12-31.xsd#siconfi-cor_DividaContratual" xlink:label="DividaContratual" xlink:title="DividaContratual"/>
    <link:definitionArc xlink:type="arc" xlink:arcrole="http://xbrl.org/int/dim/arcrole/domain-member" xlink:from="DividaConsolidada" xlink:to="DividaContratual" xlink:title="definition: DividaConsolidada to DividaContratual" order="2.0"/>
    <link:loc xlink:type="locator" xlink:href="../../../cor/ic/siconfi-cor_2019-12-31.xsd#siconfi-cor_RGF2Emprestimos" xlink:label="RGF2Emprestimos" xlink:title="RGF2Emprestimos"/>
    <link:definitionArc xlink:type="arc" xlink:arcrole="http://xbrl.org/int/dim/arcrole/domain-member" xlink:from="DividaContratual" xlink:to="RGF2Emprestimos" xlink:title="definition: DividaContratual to RGF2Emprestimos" order="1.0"/>
    <link:loc xlink:type="locator" xlink:href="../../../cor/ic/siconfi-cor_2019-12-31.xsd#siconfi-cor_RGF2EmprestimosInternos" xlink:label="RGF2EmprestimosInternos" xlink:title="RGF2EmprestimosInternos"/>
    <link:definitionArc xlink:type="arc" xlink:arcrole="http://xbrl.org/int/dim/arcrole/domain-member" xlink:from="RGF2Emprestimos" xlink:to="RGF2EmprestimosInternos" xlink:title="definition: RGF2Emprestimos to RGF2EmprestimosInternos" order="1.0"/>
    <link:loc xlink:type="locator" xlink:href="../../../cor/ic/siconfi-cor_2019-12-31.xsd#siconfi-cor_RGF2EmprestimosExternos" xlink:label="RGF2EmprestimosExternos" xlink:title="RGF2EmprestimosExternos"/>
    <link:definitionArc xlink:type="arc" xlink:arcrole="http://xbrl.org/int/dim/arcrole/domain-member" xlink:from="RGF2Emprestimos" xlink:to="RGF2EmprestimosExternos" xlink:title="definition: RGF2Emprestimos to RGF2EmprestimosExternos" order="2.0"/>
    <link:loc xlink:type="locator" xlink:href="../../../cor/ic/siconfi-cor_2019-12-31.xsd#siconfi-cor_RGF2ReestruturacaoDaDividaDeEstadosEMunicipios" xlink:label="RGF2ReestruturacaoDaDividaDeEstadosEMunicipios" xlink:title="RGF2ReestruturacaoDaDividaDeEstadosEMunicipios"/>
    <link:definitionArc xlink:type="arc" xlink:arcrole="http://xbrl.org/int/dim/arcrole/domain-member" xlink:from="DividaContratual" xlink:to="RGF2ReestruturacaoDaDividaDeEstadosEMunicipios" xlink:title="definition: DividaContratual to RGF2ReestruturacaoDaDividaDeEstadosEMunicipios" order="2.0"/>
    <link:loc xlink:type="locator" xlink:href="../../../cor/ic/siconfi-cor_2019-12-31.xsd#siconfi-cor_RGF2Financiamentos" xlink:label="RGF2Financiamentos" xlink:title="RGF2Financiamentos"/>
    <link:definitionArc xlink:type="arc" xlink:arcrole="http://xbrl.org/int/dim/arcrole/domain-member" xlink:from="DividaContratual" xlink:to="RGF2Financiamentos" xlink:title="definition: DividaContratual to RGF2Financiamentos" order="3.0"/>
    <link:loc xlink:type="locator" xlink:href="../../../cor/ic/siconfi-cor_2019-12-31.xsd#siconfi-cor_RGF2FinanciamentosInternos" xlink:label="RGF2FinanciamentosInternos" xlink:title="RGF2FinanciamentosInternos"/>
    <link:definitionArc xlink:type="arc" xlink:arcrole="http://xbrl.org/int/dim/arcrole/domain-member" xlink:from="RGF2Financiamentos" xlink:to="RGF2FinanciamentosInternos" xlink:title="definition: RGF2Financiamentos to RGF2FinanciamentosInternos" order="1.0"/>
    <link:loc xlink:type="locator" xlink:href="../../../cor/ic/siconfi-cor_2019-12-31.xsd#siconfi-cor_RGF2FinanciamentosExternos" xlink:label="RGF2FinanciamentosExternos" xlink:title="RGF2FinanciamentosExternos"/>
    <link:definitionArc xlink:type="arc" xlink:arcrole="http://xbrl.org/int/dim/arcrole/domain-member" xlink:from="RGF2Financiamentos" xlink:to="RGF2FinanciamentosExternos" xlink:title="definition: RGF2Financiamentos to RGF2FinanciamentosExternos" order="2.0"/>
    <link:loc xlink:type="locator" xlink:href="../../../cor/ic/siconfi-cor_2019-12-31.xsd#siconfi-cor_RGF2ParcelamentoERenegociacaoDeDividas" xlink:label="RGF2ParcelamentoERenegociacaoDeDividas" xlink:title="RGF2ParcelamentoERenegociacaoDeDividas"/>
    <link:definitionArc xlink:type="arc" xlink:arcrole="http://xbrl.org/int/dim/arcrole/domain-member" xlink:from="DividaContratual" xlink:to="RGF2ParcelamentoERenegociacaoDeDividas" xlink:title="definition: DividaContratual to RGF2ParcelamentoERenegociacaoDeDividas" order="4.0"/>
    <link:loc xlink:type="locator" xlink:href="../../../cor/ic/siconfi-cor_2019-12-31.xsd#siconfi-cor_RGF2ParcelamentoERenegociacaoDeDividasDeTributos" xlink:label="RGF2ParcelamentoERenegociacaoDeDividasDeTributos" xlink:title="RGF2ParcelamentoERenegociacaoDeDividasDeTributos"/>
    <link:definitionArc xlink:type="arc" xlink:arcrole="http://xbrl.org/int/dim/arcrole/domain-member" xlink:from="RGF2ParcelamentoERenegociacaoDeDividas" xlink:to="RGF2ParcelamentoERenegociacaoDeDividasDeTributos" xlink:title="definition: RGF2ParcelamentoERenegociacaoDeDividas to RGF2ParcelamentoERenegociacaoDeDividasDeTributos" order="1.0"/>
    <link:loc xlink:type="locator" xlink:href="../../../cor/ic/siconfi-cor_2019-12-31.xsd#siconfi-cor_RGF2ParcelamentoERenegociacaoDeDividasDeContribuicoesSociaisPrevidenciarias" xlink:label="RGF2ParcelamentoERenegociacaoDeDividasDeContribuicoesSociaisPrevidenciarias" xlink:title="RGF2ParcelamentoERenegociacaoDeDividasDeContribuicoesSociaisPrevidenciarias"/>
    <link:definitionArc xlink:type="arc" xlink:arcrole="http://xbrl.org/int/dim/arcrole/domain-member" xlink:from="RGF2ParcelamentoERenegociacaoDeDividas" xlink:to="RGF2ParcelamentoERenegociacaoDeDividasDeContribuicoesSociaisPrevidenciarias" xlink:title="definition: RGF2ParcelamentoERenegociacaoDeDividas to RGF2ParcelamentoERenegociacaoDeDividasDeContribuicoesSociaisPrevidenciarias" order="2.0"/>
    <link:loc xlink:type="locator" xlink:href="../../../cor/ic/siconfi-cor_2019-12-31.xsd#siconfi-cor_RGF2ParcelamentoERenegociacaoDeDividasDeContribuicoesSociaisDemaisContribuicoesSociais" xlink:label="RGF2ParcelamentoERenegociacaoDeDividasDeContribuicoesSociaisDemaisContribuicoesSociais" xlink:title="RGF2ParcelamentoERenegociacaoDeDividasDeContribuicoesSociaisDemaisContribuicoesSociais"/>
    <link:definitionArc xlink:type="arc" xlink:arcrole="http://xbrl.org/int/dim/arcrole/domain-member" xlink:from="RGF2ParcelamentoERenegociacaoDeDividas" xlink:to="RGF2ParcelamentoERenegociacaoDeDividasDeContribuicoesSociaisDemaisContribuicoesSociais" xlink:title="definition: RGF2ParcelamentoERenegociacaoDeDividas to RGF2ParcelamentoERenegociacaoDeDividasDeContribuicoesSociaisDemaisContribuicoesSociais" order="3.0"/>
    <link:loc xlink:type="locator" xlink:href="../../../cor/ic/siconfi-cor_2019-12-31.xsd#siconfi-cor_RGF2ParcelamentoERenegociacaoDeDividasDoFGTS" xlink:label="RGF2ParcelamentoERenegociacaoDeDividasDoFGTS" xlink:title="RGF2ParcelamentoERenegociacaoDeDividasDoFGTS"/>
    <link:definitionArc xlink:type="arc" xlink:arcrole="http://xbrl.org/int/dim/arcrole/domain-member" xlink:from="RGF2ParcelamentoERenegociacaoDeDividas" xlink:to="RGF2ParcelamentoERenegociacaoDeDividasDoFGTS" xlink:title="definition: RGF2ParcelamentoERenegociacaoDeDividas to RGF2ParcelamentoERenegociacaoDeDividasDoFGTS" order="4.0"/>
    <link:loc xlink:type="locator" xlink:href="../../../cor/ic/siconfi-cor_2019-12-31.xsd#siconfi-cor_RGF2ParcelamentoDeDividasComInstituicaoNaoFinanceira" xlink:label="RGF2ParcelamentoDeDividasComInstituicaoNaoFinanceira" xlink:title="RGF2ParcelamentoDeDividasComInstituicaoNaoFinanceira"/>
    <link:definitionArc xlink:type="arc" xlink:arcrole="http://xbrl.org/int/dim/arcrole/domain-member" xlink:from="RGF2ParcelamentoERenegociacaoDeDividas" xlink:to="RGF2ParcelamentoDeDividasComInstituicaoNaoFinanceira" xlink:title="definition: RGF2ParcelamentoERenegociacaoDeDividas to RGF2ParcelamentoDeDividasComInstituicaoNaoFinanceira" order="5.0"/>
    <link:loc xlink:type="locator" xlink:href="../../../cor/ic/siconfi-cor_2019-12-31.xsd#siconfi-cor_RGF2DemaisDividasContratuais" xlink:label="RGF2DemaisDividasContratuais" xlink:title="RGF2DemaisDividasContratuais"/>
    <link:definitionArc xlink:type="arc" xlink:arcrole="http://xbrl.org/int/dim/arcrole/domain-member" xlink:from="DividaContratual" xlink:to="RGF2DemaisDividasContratuais" xlink:title="definition: DividaContratual to RGF2DemaisDividasContratuais" order="5.0"/>
    <link:loc xlink:type="locator" xlink:href="../../../cor/ic/siconfi-cor_2019-12-31.xsd#siconfi-cor_PrecatoriosPosterioresA05052000VencidosENaoPagos" xlink:label="PrecatoriosPosterioresA05052000VencidosENaoPagos" xlink:title="PrecatoriosPosterioresA05052000VencidosENaoPagos"/>
    <link:definitionArc xlink:type="arc" xlink:arcrole="http://xbrl.org/int/dim/arcrole/domain-member" xlink:from="DividaConsolidada" xlink:to="PrecatoriosPosterioresA05052000VencidosENaoPagos" xlink:title="definition: DividaConsolidada to PrecatoriosPosterioresA05052000VencidosENaoPagos" order="3.0"/>
    <link:loc xlink:type="locator" xlink:href="../../../cor/ic/siconfi-cor_2019-12-31.xsd#siconfi-cor_OutrasDividas" xlink:label="OutrasDividas" xlink:title="OutrasDividas"/>
    <link:definitionArc xlink:type="arc" xlink:arcrole="http://xbrl.org/int/dim/arcrole/domain-member" xlink:from="DividaConsolidada" xlink:to="OutrasDividas" xlink:title="definition: DividaConsolidada to OutrasDividas" order="4.0"/>
    <link:loc xlink:type="locator" xlink:href="../../../cor/ic/siconfi-cor_2019-12-31.xsd#siconfi-cor_DeducoesDaDividaConsolidada" xlink:label="DeducoesDaDividaConsolidada" xlink:title="DeducoesDaDividaConsolidada"/>
    <link:definitionArc xlink:type="arc" xlink:arcrole="http://xbrl.org/int/dim/arcrole/domain-member" xlink:from="DividaConsolidadaLineItems" xlink:to="DeducoesDaDividaConsolidada" xlink:title="definition: DividaConsolidadaLineItems to DeducoesDaDividaConsolidada" order="2.0"/>
    <link:loc xlink:type="locator" xlink:href="../../../cor/ic/siconfi-cor_2019-12-31.xsd#siconfi-cor_DisponibilidadeDeCaixaBrutaAnexo02" xlink:label="DisponibilidadeDeCaixaBrutaAnexo02" xlink:title="DisponibilidadeDeCaixaBrutaAnexo02"/>
    <link:definitionArc xlink:type="arc" xlink:arcrole="http://xbrl.org/int/dim/arcrole/domain-member" xlink:from="DeducoesDaDividaConsolidada" xlink:to="DisponibilidadeDeCaixaBrutaAnexo02" xlink:title="definition: DeducoesDaDividaConsolidada to DisponibilidadeDeCaixaBrutaAnexo02" order="1.0"/>
    <link:loc xlink:type="locator" xlink:href="../../../cor/ic/siconfi-cor_2019-12-31.xsd#siconfi-cor_RGF2DisponibilidadeDeCaixaBruta" xlink:label="RGF2DisponibilidadeDeCaixaBruta" xlink:title="RGF2DisponibilidadeDeCaixaBruta"/>
    <link:definitionArc xlink:type="arc" xlink:arcrole="http://xbrl.org/int/dim/arcrole/domain-member" xlink:from="DisponibilidadeDeCaixaBrutaAnexo02" xlink:to="RGF2DisponibilidadeDeCaixaBruta" xlink:title="definition: DisponibilidadeDeCaixaBrutaAnexo02 to RGF2DisponibilidadeDeCaixaBruta" order="1.0"/>
    <link:loc xlink:type="locator" xlink:href="../../../cor/ic/siconfi-cor_2019-12-31.xsd#siconfi-cor_RestosAPagarProcessadosExcetoPrecatorios" xlink:label="RestosAPagarProcessadosExcetoPrecatorios" xlink:title="RestosAPagarProcessadosExcetoPrecatorios"/>
    <link:definitionArc xlink:type="arc" xlink:arcrole="http://xbrl.org/int/dim/arcrole/domain-member" xlink:from="DisponibilidadeDeCaixaBrutaAnexo02" xlink:to="RestosAPagarProcessadosExcetoPrecatorios" xlink:title="definition: DisponibilidadeDeCaixaBrutaAnexo02 to RestosAPagarProcessadosExcetoPrecatorios" order="2.0"/>
    <link:loc xlink:type="locator" xlink:href="../../../cor/ic/siconfi-cor_2019-12-31.xsd#siconfi-cor_DemaisHaveresFinanceiros" xlink:label="DemaisHaveresFinanceiros" xlink:title="DemaisHaveresFinanceiros"/>
    <link:definitionArc xlink:type="arc" xlink:arcrole="http://xbrl.org/int/dim/arcrole/domain-member" xlink:from="DeducoesDaDividaConsolidada" xlink:to="DemaisHaveresFinanceiros" xlink:title="definition: DeducoesDaDividaConsolidada to DemaisHaveresFinanceiros" order="2.0"/>
    <link:loc xlink:type="locator" xlink:href="../../../cor/ic/siconfi-cor_2019-12-31.xsd#siconfi-cor_DividaConsolidadaLiquida" xlink:label="DividaConsolidadaLiquida" xlink:title="DividaConsolidadaLiquida"/>
    <link:definitionArc xlink:type="arc" xlink:arcrole="http://xbrl.org/int/dim/arcrole/domain-member" xlink:from="DividaConsolidadaLineItems" xlink:to="DividaConsolidadaLiquida" xlink:title="definition: DividaConsolidadaLineItems to DividaConsolidadaLiquida" order="3.0"/>
    <link:loc xlink:type="locator" xlink:href="../../../cor/ic/siconfi-cor_2019-12-31.xsd#siconfi-cor_RGF2ReceitaCorrenteLiquida" xlink:label="RGF2ReceitaCorrenteLiquida" xlink:title="RGF2ReceitaCorrenteLiquida"/>
    <link:definitionArc xlink:type="arc" xlink:arcrole="http://xbrl.org/int/dim/arcrole/domain-member" xlink:from="DividaConsolidadaLineItems" xlink:to="RGF2ReceitaCorrenteLiquida" xlink:title="definition: DividaConsolidadaLineItems to RGF2ReceitaCorrenteLiquida" order="4.0"/>
    <link:loc xlink:type="locator" xlink:href="../../../cor/ic/siconfi-cor_2019-12-31.xsd#siconfi-cor_PercentualDaDCSobreARCL" xlink:label="PercentualDaDCSobreARCL" xlink:title="PercentualDaDCSobreARCL"/>
    <link:definitionArc xlink:type="arc" xlink:arcrole="http://xbrl.org/int/dim/arcrole/domain-member" xlink:from="DividaConsolidadaLineItems" xlink:to="PercentualDaDCSobreARCL" xlink:title="definition: DividaConsolidadaLineItems to PercentualDaDCSobreARCL" order="7.0"/>
    <link:loc xlink:type="locator" xlink:href="../../../cor/ic/siconfi-cor_2019-12-31.xsd#siconfi-cor_PercentualDaDCLSobreARCL" xlink:label="PercentualDaDCLSobreARCL" xlink:title="PercentualDaDCLSobreARCL"/>
    <link:definitionArc xlink:type="arc" xlink:arcrole="http://xbrl.org/int/dim/arcrole/domain-member" xlink:from="DividaConsolidadaLineItems" xlink:to="PercentualDaDCLSobreARCL" xlink:title="definition: DividaConsolidadaLineItems to PercentualDaDCLSobreARCL" order="8.0"/>
    <link:loc xlink:type="locator" xlink:href="../../../cor/ic/siconfi-cor_2019-12-31.xsd#siconfi-cor_LimiteDefinidoPorResolucaoDoSenadoFederal" xlink:label="LimiteDefinidoPorResolucaoDoSenadoFederal" xlink:title="LimiteDefinidoPorResolucaoDoSenadoFederal"/>
    <link:definitionArc xlink:type="arc" xlink:arcrole="http://xbrl.org/int/dim/arcrole/domain-member" xlink:from="DividaConsolidadaLineItems" xlink:to="LimiteDefinidoPorResolucaoDoSenadoFederal" xlink:title="definition: DividaConsolidadaLineItems to LimiteDefinidoPorResolucaoDoSenadoFederal" order="9.0"/>
    <link:loc xlink:type="locator" xlink:href="../../../cor/ic/siconfi-cor_2019-12-31.xsd#siconfi-cor_LimiteDeAlerta" xlink:label="LimiteDeAlerta" xlink:title="LimiteDeAlerta"/>
    <link:definitionArc xlink:type="arc" xlink:arcrole="http://xbrl.org/int/dim/arcrole/domain-member" xlink:from="DividaConsolidadaLineItems" xlink:to="LimiteDeAlerta" xlink:title="definition: DividaConsolidadaLineItems to LimiteDeAlerta" order="10.0"/>
    <link:loc xlink:type="locator" xlink:href="../../../cor/ic/siconfi-cor_2019-12-31.xsd#siconfi-cor_TransferenciasObrigatoriasDaUniaoRelativasAsEmendasIndividuais" xlink:label="TransferenciasObrigatoriasDaUniaoRelativasAsEmendasIndividuais" xlink:title="TransferenciasObrigatoriasDaUniaoRelativasAsEmendasIndividuais"/>
    <link:definitionArc xlink:type="arc" xlink:arcrole="http://xbrl.org/int/dim/arcrole/domain-member" xlink:from="DividaConsolidadaLineItems" xlink:to="TransferenciasObrigatoriasDaUniaoRelativasAsEmendasIndividuais" xlink:title="definition: DividaConsolidadaLineItems to TransferenciasObrigatoriasDaUniaoRelativasAsEmendasIndividuais" order="5.0"/>
    <link:loc xlink:type="locator" xlink:href="../../../cor/ic/siconfi-cor_2019-12-31.xsd#siconfi-cor_ReceitaCorrenteLiquidaAjustadaParaCalculoDosLimitesDeEndividamento" xlink:label="ReceitaCorrenteLiquidaAjustadaParaCalculoDosLimitesDeEndividamento" xlink:title="ReceitaCorrenteLiquidaAjustadaParaCalculoDosLimitesDeEndividamento"/>
    <link:definitionArc xlink:type="arc" xlink:arcrole="http://xbrl.org/int/dim/arcrole/domain-member" xlink:from="DividaConsolidadaLineItems" xlink:to="ReceitaCorrenteLiquidaAjustadaParaCalculoDosLimitesDeEndividamento" xlink:title="definition: DividaConsolidadaLineItems to ReceitaCorrenteLiquidaAjustadaParaCalculoDosLimitesDeEndividamento" order="6.0"/>
    <link:loc xlink:type="locator" xlink:href="siconfi-rgf-anexo2municipiossemestral_2019-12-31.xsd#siconfi-rgf-anexo2municipiossemestral_OutrosValoresNaoIntegrantesDaDCLineItems" xlink:label="OutrosValoresNaoIntegrantesDaDCLineItems" xlink:title="OutrosValoresNaoIntegrantesDaDCLineItems"/>
    <link:definitionArc xlink:type="arc" xlink:arcrole="http://xbrl.org/int/dim/arcrole/domain-member" xlink:from="DividaConsolidadaAbstract" xlink:to="OutrosValoresNaoIntegrantesDaDCLineItems" xlink:title="definition: DividaConsolidadaAbstract to OutrosValoresNaoIntegrantesDaDCLineItems" order="2.0"/>
    <link:loc xlink:type="locator" xlink:href="../../../cor/ic/siconfi-cor_2019-12-31.xsd#siconfi-cor_PrecatoriosAnterioresA05052000" xlink:label="PrecatoriosAnterioresA05052000" xlink:title="PrecatoriosAnterioresA05052000"/>
    <link:definitionArc xlink:type="arc" xlink:arcrole="http://xbrl.org/int/dim/arcrole/domain-member" xlink:from="OutrosValoresNaoIntegrantesDaDCLineItems" xlink:to="PrecatoriosAnterioresA05052000" xlink:title="definition: OutrosValoresNaoIntegrantesDaDCLineItems to PrecatoriosAnterioresA05052000" order="1.0"/>
    <link:loc xlink:type="locator" xlink:href="../../../cor/ic/siconfi-cor_2019-12-31.xsd#siconfi-cor_PrecatoriosAPartirDe05052000" xlink:label="PrecatoriosAPartirDe05052000" xlink:title="PrecatoriosAPartirDe05052000"/>
    <link:definitionArc xlink:type="arc" xlink:arcrole="http://xbrl.org/int/dim/arcrole/domain-member" xlink:from="OutrosValoresNaoIntegrantesDaDCLineItems" xlink:to="PrecatoriosAPartirDe05052000" xlink:title="definition: OutrosValoresNaoIntegrantesDaDCLineItems to PrecatoriosAPartirDe05052000" order="2.0"/>
    <link:loc xlink:type="locator" xlink:href="../../../cor/ic/siconfi-cor_2019-12-31.xsd#siconfi-cor_RGF2DividaConsolidadaPrevidenciariaPassivoAtuarial" xlink:label="RGF2DividaConsolidadaPrevidenciariaPassivoAtuarial" xlink:title="RGF2DividaConsolidadaPrevidenciariaPassivoAtuarial"/>
    <link:definitionArc xlink:type="arc" xlink:arcrole="http://xbrl.org/int/dim/arcrole/domain-member" xlink:from="OutrosValoresNaoIntegrantesDaDCLineItems" xlink:to="RGF2DividaConsolidadaPrevidenciariaPassivoAtuarial" xlink:title="definition: OutrosValoresNaoIntegrantesDaDCLineItems to RGF2DividaConsolidadaPrevidenciariaPassivoAtuarial" order="3.0"/>
    <link:loc xlink:type="locator" xlink:href="../../../cor/ic/siconfi-cor_2019-12-31.xsd#siconfi-cor_InsuficienciaFinanceira" xlink:label="InsuficienciaFinanceira" xlink:title="InsuficienciaFinanceira"/>
    <link:definitionArc xlink:type="arc" xlink:arcrole="http://xbrl.org/int/dim/arcrole/domain-member" xlink:from="OutrosValoresNaoIntegrantesDaDCLineItems" xlink:to="InsuficienciaFinanceira" xlink:title="definition: OutrosValoresNaoIntegrantesDaDCLineItems to InsuficienciaFinanceira" order="4.0"/>
    <link:loc xlink:type="locator" xlink:href="../../../cor/ic/siconfi-cor_2019-12-31.xsd#siconfi-cor_Depositos" xlink:label="Depositos" xlink:title="Depositos"/>
    <link:definitionArc xlink:type="arc" xlink:arcrole="http://xbrl.org/int/dim/arcrole/domain-member" xlink:from="OutrosValoresNaoIntegrantesDaDCLineItems" xlink:to="Depositos" xlink:title="definition: OutrosValoresNaoIntegrantesDaDCLineItems to Depositos" order="5.0"/>
    <link:loc xlink:type="locator" xlink:href="../../../cor/ic/siconfi-cor_2019-12-31.xsd#siconfi-cor_RPNaoProcessadosDeExerciciosAnteriores" xlink:label="RPNaoProcessadosDeExerciciosAnteriores" xlink:title="RPNaoProcessadosDeExerciciosAnteriores"/>
    <link:definitionArc xlink:type="arc" xlink:arcrole="http://xbrl.org/int/dim/arcrole/domain-member" xlink:from="OutrosValoresNaoIntegrantesDaDCLineItems" xlink:to="RPNaoProcessadosDeExerciciosAnteriores" xlink:title="definition: OutrosValoresNaoIntegrantesDaDCLineItems to RPNaoProcessadosDeExerciciosAnteriores" order="6.0"/>
    <link:loc xlink:type="locator" xlink:href="../../../cor/ic/siconfi-cor_2019-12-31.xsd#siconfi-cor_AntecipacoesDeReceitaOrcamentaria" xlink:label="AntecipacoesDeReceitaOrcamentaria" xlink:title="AntecipacoesDeReceitaOrcamentaria"/>
    <link:definitionArc xlink:type="arc" xlink:arcrole="http://xbrl.org/int/dim/arcrole/domain-member" xlink:from="OutrosValoresNaoIntegrantesDaDCLineItems" xlink:to="AntecipacoesDeReceitaOrcamentaria" xlink:title="definition: OutrosValoresNaoIntegrantesDaDCLineItems to AntecipacoesDeReceitaOrcamentaria" order="7.0"/>
    <link:loc xlink:type="locator" xlink:href="../../../cor/ic/siconfi-cor_2019-12-31.xsd#siconfi-cor_DividaContratualDePPP" xlink:label="DividaContratualDePPP" xlink:title="DividaContratualDePPP"/>
    <link:definitionArc xlink:type="arc" xlink:arcrole="http://xbrl.org/int/dim/arcrole/domain-member" xlink:from="OutrosValoresNaoIntegrantesDaDCLineItems" xlink:to="DividaContratualDePPP" xlink:title="definition: OutrosValoresNaoIntegrantesDaDCLineItems to DividaContratualDePPP" order="8.0"/>
    <link:loc xlink:type="locator" xlink:href="../../../cor/ic/siconfi-cor_2019-12-31.xsd#siconfi-cor_ApropriacaoDeDepositosJudiciais" xlink:label="ApropriacaoDeDepositosJudiciais" xlink:title="ApropriacaoDeDepositosJudiciais"/>
    <link:definitionArc xlink:type="arc" xlink:arcrole="http://xbrl.org/int/dim/arcrole/domain-member" xlink:from="OutrosValoresNaoIntegrantesDaDCLineItems" xlink:to="ApropriacaoDeDepositosJudiciais" xlink:title="definition: OutrosValoresNaoIntegrantesDaDCLineItems to ApropriacaoDeDepositosJudiciais" order="9.0"/>
    <link:loc xlink:type="locator" xlink:href="siconfi-rgf-anexo2municipiossemestral_2019-12-31.xsd#siconfi-rgf-anexo2municipiossemestral_DividaConsolidadaTable" xlink:label="DividaConsolidadaTable" xlink:title="DividaConsolidadaTable"/>
    <link:definitionArc xlink:type="arc" xlink:arcrole="http://xbrl.org/int/dim/arcrole/all" xlink:from="DividaConsolidadaAbstract" xlink:to="DividaConsolidadaTable" xlink:title="definition: DividaConsolidadaAbstract to DividaConsolidadaTable" order="3.0" xbrldt:contextElement="segment" xbrldt:closed="true"/>
    <link:loc xlink:type="locator" xlink:href="../../../cor/dim/siconfi-dim_2019-12-31.xsd#siconfi-dim_ComparativoSaldoDividaAxis" xlink:label="ComparativoSaldoDividaAxis" xlink:title="ComparativoSaldoDividaAxis"/>
    <link:definitionArc xlink:type="arc" xlink:arcrole="http://xbrl.org/int/dim/arcrole/hypercube-dimension" xlink:from="DividaConsolidadaTable" xlink:to="ComparativoSaldoDividaAxis" xlink:title="definition: DividaConsolidadaTable to ComparativoSaldoDividaAxis" order="1.0"/>
    <link:loc xlink:type="locator" xlink:href="../../../cor/dim/siconfi-dim_2019-12-31.xsd#siconfi-dim_SaldoExercicioAnteriorMember" xlink:label="SaldoExercicioAnteriorMember" xlink:title="SaldoExercicioAnteriorMember"/>
    <link:definitionArc xlink:type="arc" xlink:arcrole="http://xbrl.org/int/dim/arcrole/dimension-domain" xlink:from="ComparativoSaldoDividaAxis" xlink:to="SaldoExercicioAnteriorMember" xlink:title="definition: ComparativoSaldoDividaAxis to SaldoExercicioAnteriorMember" order="1.0"/>
    <link:loc xlink:type="locator" xlink:href="../../../cor/dim/siconfi-dim_2019-12-31.xsd#siconfi-dim_SaldoMember" xlink:label="SaldoMember" xlink:title="SaldoMember"/>
    <link:definitionArc xlink:type="arc" xlink:arcrole="http://xbrl.org/int/dim/arcrole/dimension-domain" xlink:from="ComparativoSaldoDividaAxis" xlink:to="SaldoMember" xlink:title="definition: ComparativoSaldoDividaAxis to SaldoMember" order="2.0" xbrldt:usable="false"/>
    <link:loc xlink:type="locator" xlink:href="../../../cor/dim/siconfi-dim_2019-12-31.xsd#siconfi-dim_SaldoExercicioAtePrimeiroSemestreMember" xlink:label="SaldoExercicioAtePrimeiroSemestreMember" xlink:title="SaldoExercicioAtePrimeiroSemestreMember"/>
    <link:definitionArc xlink:type="arc" xlink:arcrole="http://xbrl.org/int/dim/arcrole/domain-member" xlink:from="SaldoMember" xlink:to="SaldoExercicioAtePrimeiroSemestreMember" xlink:title="definition: SaldoMember to SaldoExercicioAtePrimeiroSemestreMember" order="1.0"/>
    <link:loc xlink:type="locator" xlink:href="../../../cor/dim/siconfi-dim_2019-12-31.xsd#siconfi-dim_SaldoExercicioAteTerceiroQuadrimestreMember" xlink:label="SaldoExercicioAteTerceiroQuadrimestreMember" xlink:title="SaldoExercicioAteTerceiroQuadrimestreMember"/>
    <link:definitionArc xlink:type="arc" xlink:arcrole="http://xbrl.org/int/dim/arcrole/domain-member" xlink:from="SaldoMember" xlink:to="SaldoExercicioAteTerceiroQuadrimestreMember" xlink:title="definition: SaldoMember to SaldoExercicioAteTerceiroQuadrimestreMember" order="2.0"/>
  </link:definitionLink>
  <link:definitionLink xlink:type="extended" xlink:role="http://fazenda.gov.br/siconfi/rep/rgf/anexo2municipiossemestral/siconfi-rgf-anexo2-tabela2.4">
    <link:loc xlink:type="locator" xlink:href="siconfi-rgf-anexo2municipiossemestral_2019-12-31.xsd#siconfi-rgf-anexo2municipiossemestral_TrajetoriaDeRetornoAoLimiteDaDividaConsolidadaLiquidaAbstract" xlink:label="TrajetoriaDeRetornoAoLimiteDaDividaConsolidadaLiquidaAbstract" xlink:title="TrajetoriaDeRetornoAoLimiteDaDividaConsolidadaLiquidaAbstract"/>
    <link:loc xlink:type="locator" xlink:href="siconfi-rgf-anexo2municipiossemestral_2019-12-31.xsd#siconfi-rgf-anexo2municipiossemestral_TrajetoriaDeRetornoAoLimiteDaDividaConsolidadaLiquidaTable" xlink:label="TrajetoriaDeRetornoAoLimiteDaDividaConsolidadaLiquidaTable" xlink:title="TrajetoriaDeRetornoAoLimiteDaDividaConsolidadaLiquidaTable"/>
    <link:definitionArc xlink:type="arc" xlink:arcrole="http://xbrl.org/int/dim/arcrole/all" xlink:from="TrajetoriaDeRetornoAoLimiteDaDividaConsolidadaLiquidaAbstract" xlink:to="TrajetoriaDeRetornoAoLimiteDaDividaConsolidadaLiquidaTable" xlink:title="definition: TrajetoriaDeRetornoAoLimiteDaDividaConsolidadaLiquidaAbstract to TrajetoriaDeRetornoAoLimiteDaDividaConsolidadaLiquidaTable" order="2.0" xbrldt:closed="true" xbrldt:contextElement="segment"/>
    <link:loc xlink:type="locator" xlink:href="../../../cor/dim/siconfi-dim_2019-12-31.xsd#siconfi-dim_ApuracaoDaTrajetoriaDeRetornoAoLimiteDaDCLAxis" xlink:label="ApuracaoDaTrajetoriaDeRetornoAoLimiteDaDCLAxis" xlink:title="ApuracaoDaTrajetoriaDeRetornoAoLimiteDaDCLAxis"/>
    <link:definitionArc xlink:type="arc" xlink:arcrole="http://xbrl.org/int/dim/arcrole/hypercube-dimension" xlink:from="TrajetoriaDeRetornoAoLimiteDaDividaConsolidadaLiquidaTable" xlink:to="ApuracaoDaTrajetoriaDeRetornoAoLimiteDaDCLAxis" xlink:title="definition: TrajetoriaDeRetornoAoLimiteDaDividaConsolidadaLiquidaTable to ApuracaoDaTrajetoriaDeRetornoAoLimiteDaDCLAxis" order="1.0"/>
    <link:loc xlink:type="locator" xlink:href="../../../cor/dim/siconfi-dim_2019-12-31.xsd#siconfi-dim_ExercicioDeDescumprimentoDoLimiteMember" xlink:label="ExercicioDeDescumprimentoDoLimiteMember" xlink:title="ExercicioDeDescumprimentoDoLimiteMember"/>
    <link:definitionArc xlink:type="arc" xlink:arcrole="http://xbrl.org/int/dim/arcrole/dimension-domain" xlink:from="ApuracaoDaTrajetoriaDeRetornoAoLimiteDaDCLAxis" xlink:to="ExercicioDeDescumprimentoDoLimiteMember" xlink:title="definition: ApuracaoDaTrajetoriaDeRetornoAoLimiteDaDCLAxis to ExercicioDeDescumprimentoDoLimiteMember" order="1.0" xbrldt:usable="false"/>
    <link:loc xlink:type="locator" xlink:href="../../../cor/dim/siconfi-dim_2019-12-31.xsd#siconfi-dim_NoQuadrimestreSemestreDeReferenciaMember" xlink:label="NoQuadrimestreSemestreDeReferenciaMember" xlink:title="NoQuadrimestreSemestreDeReferenciaMember"/>
    <link:definitionArc xlink:type="arc" xlink:arcrole="http://xbrl.org/int/dim/arcrole/domain-member" xlink:from="ExercicioDeDescumprimentoDoLimiteMember" xlink:to="NoQuadrimestreSemestreDeReferenciaMember" xlink:title="definition: ExercicioDeDescumprimentoDoLimiteMember to NoQuadrimestreSemestreDeReferenciaMember" order="1.0" xbrldt:usable="false"/>
    <link:loc xlink:type="locator" xlink:href="../../../cor/dim/siconfi-dim_2019-12-31.xsd#siconfi-dim_PercentualLimiteMaximoMember" xlink:label="PercentualLimiteMaximoMember" xlink:title="PercentualLimiteMaximoMember"/>
    <link:definitionArc xlink:type="arc" xlink:arcrole="http://xbrl.org/int/dim/arcrole/domain-member" xlink:from="NoQuadrimestreSemestreDeReferenciaMember" xlink:to="PercentualLimiteMaximoMember" xlink:title="definition: NoQuadrimestreSemestreDeReferenciaMember to PercentualLimiteMaximoMember" order="1.0"/>
    <link:loc xlink:type="locator" xlink:href="../../../cor/dim/siconfi-dim_2019-12-31.xsd#siconfi-dim_PercentualApuradoMember" xlink:label="PercentualApuradoMember" xlink:title="PercentualApuradoMember"/>
    <link:definitionArc xlink:type="arc" xlink:arcrole="http://xbrl.org/int/dim/arcrole/domain-member" xlink:from="NoQuadrimestreSemestreDeReferenciaMember" xlink:to="PercentualApuradoMember" xlink:title="definition: NoQuadrimestreSemestreDeReferenciaMember to PercentualApuradoMember" order="2.0"/>
    <link:loc xlink:type="locator" xlink:href="../../../cor/dim/siconfi-dim_2019-12-31.xsd#siconfi-dim_PercentualExcedenteMember" xlink:label="PercentualExcedenteMember" xlink:title="PercentualExcedenteMember"/>
    <link:definitionArc xlink:type="arc" xlink:arcrole="http://xbrl.org/int/dim/arcrole/domain-member" xlink:from="NoQuadrimestreSemestreDeReferenciaMember" xlink:to="PercentualExcedenteMember" xlink:title="definition: NoQuadrimestreSemestreDeReferenciaMember to PercentualExcedenteMember" order="3.0"/>
    <link:loc xlink:type="locator" xlink:href="../../../cor/dim/siconfi-dim_2019-12-31.xsd#siconfi-dim_PrimeiroExercicioDoPeriodoSeguinteMember" xlink:label="PrimeiroExercicioDoPeriodoSeguinteMember" xlink:title="PrimeiroExercicioDoPeriodoSeguinteMember"/>
    <link:definitionArc xlink:type="arc" xlink:arcrole="http://xbrl.org/int/dim/arcrole/dimension-domain" xlink:from="ApuracaoDaTrajetoriaDeRetornoAoLimiteDaDCLAxis" xlink:to="PrimeiroExercicioDoPeriodoSeguinteMember" xlink:title="definition: ApuracaoDaTrajetoriaDeRetornoAoLimiteDaDCLAxis to PrimeiroExercicioDoPeriodoSeguinteMember" order="2.0" xbrldt:usable="false"/>
    <link:loc xlink:type="locator" xlink:href="../../../cor/dim/siconfi-dim_2019-12-31.xsd#siconfi-dim_PrimeiroPeriodoSeguinteMember" xlink:label="PrimeiroPeriodoSeguinteMember" xlink:title="PrimeiroPeriodoSeguinteMember"/>
    <link:definitionArc xlink:type="arc" xlink:arcrole="http://xbrl.org/int/dim/arcrole/domain-member" xlink:from="PrimeiroExercicioDoPeriodoSeguinteMember" xlink:to="PrimeiroPeriodoSeguinteMember" xlink:title="definition: PrimeiroExercicioDoPeriodoSeguinteMember to PrimeiroPeriodoSeguinteMember" order="1.0" xbrldt:usable="false"/>
    <link:loc xlink:type="locator" xlink:href="../../../cor/dim/siconfi-dim_2019-12-31.xsd#siconfi-dim_PercentualRedutorMinimoMember" xlink:label="PercentualRedutorMinimoMember" xlink:title="PercentualRedutorMinimoMember"/>
    <link:definitionArc xlink:type="arc" xlink:arcrole="http://xbrl.org/int/dim/arcrole/domain-member" xlink:from="PrimeiroPeriodoSeguinteMember" xlink:to="PercentualRedutorMinimoMember" xlink:title="definition: PrimeiroPeriodoSeguinteMember to PercentualRedutorMinimoMember" order="1.0"/>
    <link:loc xlink:type="locator" xlink:href="../../../cor/dim/siconfi-dim_2019-12-31.xsd#siconfi-dim_PercentualResidualPrimeiroPeriodoMember" xlink:label="PercentualResidualPrimeiroPeriodoMember" xlink:title="PercentualResidualPrimeiroPeriodoMember"/>
    <link:definitionArc xlink:type="arc" xlink:arcrole="http://xbrl.org/int/dim/arcrole/domain-member" xlink:from="PrimeiroPeriodoSeguinteMember" xlink:to="PercentualResidualPrimeiroPeriodoMember" xlink:title="definition: PrimeiroPeriodoSeguinteMember to PercentualResidualPrimeiroPeriodoMember" order="2.0"/>
    <link:loc xlink:type="locator" xlink:href="../../../cor/dim/siconfi-dim_2019-12-31.xsd#siconfi-dim_PercentualApuradoPrimeiroPeriodoMember" xlink:label="PercentualApuradoPrimeiroPeriodoMember" xlink:title="PercentualApuradoPrimeiroPeriodoMember"/>
    <link:definitionArc xlink:type="arc" xlink:arcrole="http://xbrl.org/int/dim/arcrole/domain-member" xlink:from="PrimeiroPeriodoSeguinteMember" xlink:to="PercentualApuradoPrimeiroPeriodoMember" xlink:title="definition: PrimeiroPeriodoSeguinteMember to PercentualApuradoPrimeiroPeriodoMember" order="3.0"/>
    <link:loc xlink:type="locator" xlink:href="../../../cor/dim/siconfi-dim_2019-12-31.xsd#siconfi-dim_SegundoExercicioDoPeriodoSeguinteMember" xlink:label="SegundoExercicioDoPeriodoSeguinteMember" xlink:title="SegundoExercicioDoPeriodoSeguinteMember"/>
    <link:definitionArc xlink:type="arc" xlink:arcrole="http://xbrl.org/int/dim/arcrole/dimension-domain" xlink:from="ApuracaoDaTrajetoriaDeRetornoAoLimiteDaDCLAxis" xlink:to="SegundoExercicioDoPeriodoSeguinteMember" xlink:title="definition: ApuracaoDaTrajetoriaDeRetornoAoLimiteDaDCLAxis to SegundoExercicioDoPeriodoSeguinteMember" order="3.0" xbrldt:usable="false"/>
    <link:loc xlink:type="locator" xlink:href="../../../cor/dim/siconfi-dim_2019-12-31.xsd#siconfi-dim_SegundoPeriodoSeguinteMember" xlink:label="SegundoPeriodoSeguinteMember" xlink:title="SegundoPeriodoSeguinteMember"/>
    <link:definitionArc xlink:type="arc" xlink:arcrole="http://xbrl.org/int/dim/arcrole/domain-member" xlink:from="SegundoExercicioDoPeriodoSeguinteMember" xlink:to="SegundoPeriodoSeguinteMember" xlink:title="definition: SegundoExercicioDoPeriodoSeguinteMember to SegundoPeriodoSeguinteMember" order="1.0" xbrldt:usable="false"/>
    <link:loc xlink:type="locator" xlink:href="../../../cor/dim/siconfi-dim_2019-12-31.xsd#siconfi-dim_PercentualRedutorResidualSegundoPeriodoMember" xlink:label="PercentualRedutorResidualSegundoPeriodoMember" xlink:title="PercentualRedutorResidualSegundoPeriodoMember"/>
    <link:definitionArc xlink:type="arc" xlink:arcrole="http://xbrl.org/int/dim/arcrole/domain-member" xlink:from="SegundoPeriodoSeguinteMember" xlink:to="PercentualRedutorResidualSegundoPeriodoMember" xlink:title="definition: SegundoPeriodoSeguinteMember to PercentualRedutorResidualSegundoPeriodoMember" order="1.0"/>
    <link:loc xlink:type="locator" xlink:href="../../../cor/dim/siconfi-dim_2019-12-31.xsd#siconfi-dim_PercentualResidualSegundoPeriodoMember" xlink:label="PercentualResidualSegundoPeriodoMember" xlink:title="PercentualResidualSegundoPeriodoMember"/>
    <link:definitionArc xlink:type="arc" xlink:arcrole="http://xbrl.org/int/dim/arcrole/domain-member" xlink:from="SegundoPeriodoSeguinteMember" xlink:to="PercentualResidualSegundoPeriodoMember" xlink:title="definition: SegundoPeriodoSeguinteMember to PercentualResidualSegundoPeriodoMember" order="2.0"/>
    <link:loc xlink:type="locator" xlink:href="../../../cor/dim/siconfi-dim_2019-12-31.xsd#siconfi-dim_PercentualApuradoSegundoPeriodoMember" xlink:label="PercentualApuradoSegundoPeriodoMember" xlink:title="PercentualApuradoSegundoPeriodoMember"/>
    <link:definitionArc xlink:type="arc" xlink:arcrole="http://xbrl.org/int/dim/arcrole/domain-member" xlink:from="SegundoPeriodoSeguinteMember" xlink:to="PercentualApuradoSegundoPeriodoMember" xlink:title="definition: SegundoPeriodoSeguinteMember to PercentualApuradoSegundoPeriodoMember" order="3.0"/>
    <link:loc xlink:type="locator" xlink:href="../../../cor/dim/siconfi-dim_2019-12-31.xsd#siconfi-dim_TerceiroExercicioDoPeriodoSeguinteMember" xlink:label="TerceiroExercicioDoPeriodoSeguinteMember" xlink:title="TerceiroExercicioDoPeriodoSeguinteMember"/>
    <link:definitionArc xlink:type="arc" xlink:arcrole="http://xbrl.org/int/dim/arcrole/dimension-domain" xlink:from="ApuracaoDaTrajetoriaDeRetornoAoLimiteDaDCLAxis" xlink:to="TerceiroExercicioDoPeriodoSeguinteMember" xlink:title="definition: ApuracaoDaTrajetoriaDeRetornoAoLimiteDaDCLAxis to TerceiroExercicioDoPeriodoSeguinteMember" order="4.0" xbrldt:usable="false"/>
    <link:loc xlink:type="locator" xlink:href="../../../cor/dim/siconfi-dim_2019-12-31.xsd#siconfi-dim_TerceiroPeriodoSeguinteMember" xlink:label="TerceiroPeriodoSeguinteMember" xlink:title="TerceiroPeriodoSeguinteMember"/>
    <link:definitionArc xlink:type="arc" xlink:arcrole="http://xbrl.org/int/dim/arcrole/domain-member" xlink:from="TerceiroExercicioDoPeriodoSeguinteMember" xlink:to="TerceiroPeriodoSeguinteMember" xlink:title="definition: TerceiroExercicioDoPeriodoSeguinteMember to TerceiroPeriodoSeguinteMember" order="1.0" xbrldt:usable="false"/>
    <link:loc xlink:type="locator" xlink:href="../../../cor/dim/siconfi-dim_2019-12-31.xsd#siconfi-dim_PercentualRedutorResidualTerceiroPeriodoMember" xlink:label="PercentualRedutorResidualTerceiroPeriodoMember" xlink:title="PercentualRedutorResidualTerceiroPeriodoMember"/>
    <link:definitionArc xlink:type="arc" xlink:arcrole="http://xbrl.org/int/dim/arcrole/domain-member" xlink:from="TerceiroPeriodoSeguinteMember" xlink:to="PercentualRedutorResidualTerceiroPeriodoMember" xlink:title="definition: TerceiroPeriodoSeguinteMember to PercentualRedutorResidualTerceiroPeriodoMember" order="1.0"/>
    <link:loc xlink:type="locator" xlink:href="../../../cor/dim/siconfi-dim_2019-12-31.xsd#siconfi-dim_PercentualResidualTerceiroPeriodoMember" xlink:label="PercentualResidualTerceiroPeriodoMember" xlink:title="PercentualResidualTerceiroPeriodoMember"/>
    <link:definitionArc xlink:type="arc" xlink:arcrole="http://xbrl.org/int/dim/arcrole/domain-member" xlink:from="TerceiroPeriodoSeguinteMember" xlink:to="PercentualResidualTerceiroPeriodoMember" xlink:title="definition: TerceiroPeriodoSeguinteMember to PercentualResidualTerceiroPeriodoMember" order="2.0"/>
    <link:loc xlink:type="locator" xlink:href="../../../cor/dim/siconfi-dim_2019-12-31.xsd#siconfi-dim_PercentualApuradoTerceiroPeriodoMember" xlink:label="PercentualApuradoTerceiroPeriodoMember" xlink:title="PercentualApuradoTerceiroPeriodoMember"/>
    <link:definitionArc xlink:type="arc" xlink:arcrole="http://xbrl.org/int/dim/arcrole/domain-member" xlink:from="TerceiroPeriodoSeguinteMember" xlink:to="PercentualApuradoTerceiroPeriodoMember" xlink:title="definition: TerceiroPeriodoSeguinteMember to PercentualApuradoTerceiroPeriodoMember" order="3.0"/>
    <link:loc xlink:type="locator" xlink:href="siconfi-rgf-anexo2municipiossemestral_2019-12-31.xsd#siconfi-rgf-anexo2municipiossemestral_TrajetoriaDeRetornoAoLimiteDaDividaConsolidadaLiquidaLineItems" xlink:label="TrajetoriaDeRetornoAoLimiteDaDividaConsolidadaLiquidaLineItems" xlink:title="TrajetoriaDeRetornoAoLimiteDaDividaConsolidadaLiquidaLineItems"/>
    <link:definitionArc xlink:type="arc" xlink:arcrole="http://xbrl.org/int/dim/arcrole/domain-member" xlink:from="TrajetoriaDeRetornoAoLimiteDaDividaConsolidadaLiquidaAbstract" xlink:to="TrajetoriaDeRetornoAoLimiteDaDividaConsolidadaLiquidaLineItems" xlink:title="definition: TrajetoriaDeRetornoAoLimiteDaDividaConsolidadaLiquidaAbstract to TrajetoriaDeRetornoAoLimiteDaDividaConsolidadaLiquidaLineItems" order="1.0"/>
    <link:loc xlink:type="locator" xlink:href="../../../cor/ic/siconfi-cor_2019-12-31.xsd#siconfi-cor_PercentualTrajetoriaRetornoAoLimiteDaDividaConsolidadaLiquida" xlink:label="PercentualTrajetoriaRetornoAoLimiteDaDividaConsolidadaLiquida" xlink:title="PercentualTrajetoriaRetornoAoLimiteDaDividaConsolidadaLiquida"/>
    <link:definitionArc xlink:type="arc" xlink:arcrole="http://xbrl.org/int/dim/arcrole/domain-member" xlink:from="TrajetoriaDeRetornoAoLimiteDaDividaConsolidadaLiquidaLineItems" xlink:to="PercentualTrajetoriaRetornoAoLimiteDaDividaConsolidadaLiquida" xlink:title="definition: TrajetoriaDeRetornoAoLimiteDaDividaConsolidadaLiquidaLineItems to PercentualTrajetoriaRetornoAoLimiteDaDividaConsolidadaLiquida" order="1.0"/>
  </link:definitionLink>
</link:linkbase>
